ticker,date,etf_close,etf_momentum_20d,spy_close,spy_200dma,eligible,research_partition
QQQ,1999-04-08T00:00:00.000Z,46.7825960785,0.0861900097932368,83.7359493887,71.61534961481401,True,discovery
QQQ,1999-04-09T00:00:00.000Z,47.0778874875,0.0877192982471948,83.7553837426,71.689872124996,True,discovery
QQQ,1999-04-12T00:00:00.000Z,46.7825960785,0.1078921078931109,84.6480500198,71.7642435517535,True,discovery
QQQ,1999-04-13T00:00:00.000Z,46.1498287736,0.0621359223315003,84.104687938,71.8364749699535,True,discovery
QQQ,1999-04-14T00:00:00.000Z,44.5468182677,0.0163618864285453,82.6880368025,71.900180964805,True,discovery
QQQ,1999-04-15T00:00:00.000Z,45.1795855726,0.0387972841892547,82.3775441843,71.96108492226399,True,discovery
QQQ,1999-04-16T00:00:00.000Z,43.8296819888,-0.0114176974298699,81.6789357935,72.020899015773,True,discovery
QQQ,1999-04-19T00:00:00.000Z,41.7879528182,-0.0326171874985414,80.4175880977,72.070368757844,True,discovery
QQQ,1999-04-20T00:00:00.000Z,42.7328853269,0.000988142292585,81.4266891066,72.12421123250901,True,discovery
QQQ,1999-04-21T00:00:00.000Z,44.8421096767,0.0888046706968237,83.7553837426,72.186140072562,True,discovery
QQQ,1999-04-22T00:00:00.000Z,46.0654597996,0.082259663033581,84.5509925113,72.2527200549945,True,discovery
QQQ,1999-04-23T00:00:00.000Z,46.6560426175,0.0573613766740974,84.3375574016,72.31563709050499,True,discovery
QQQ,1999-04-26T00:00:00.000Z,47.7528392794,0.093719806763139,84.8226735522,72.383383210858,True,discovery
QQQ,1999-04-27T00:00:00.000Z,46.9935185135,0.0382106244190261,85.2302236788,72.4512444090065,True,discovery
QQQ,1999-04-28T00:00:00.000Z,45.3905080076,0.0103286384964151,84.0658763608,72.5131875738805,True,discovery
QQQ,1999-04-29T00:00:00.000Z,45.0530321117,0.0181124880856495,83.4254567705,72.567891027844,True,discovery
QQQ,1999-04-30T00:00:00.000Z,45.3061390336,0.0028011204484521,82.7462827337,72.6198717101595,True,discovery
QQQ,1999-05-03T00:00:00.000Z,45.0952165987,-0.0369369369362154,84.2599342471,72.676921175353,True,discovery
QQQ,1999-05-04T00:00:00.000Z,44.3780803197,-0.0539568345332867,83.0567753518,72.727474014818,True,discovery
QQQ,1999-05-05T00:00:00.000Z,45.7279839036,-0.0154405086278625,83.7165721654,72.78132583835101,True,discovery
QQQ,1999-05-06T00:00:00.000Z,44.0406044238,-0.0586113615862404,83.2022715717,72.8389509792795,True,discovery
QQQ,1999-05-07T00:00:00.000Z,44.6733717287,-0.0510752688178381,83.8330068972,72.8997297968355,True,discovery
QQQ,1999-05-10T00:00:00.000Z,45.1374010857,-0.0351668169513168,83.415763191,72.9655362853595,True,discovery
QQQ,1999-05-11T00:00:00.000Z,45.8545373646,-0.006398537477758,84.2599342471,73.0358521931325,True,discovery
QQQ,1999-05-12T00:00:00.000Z,46.7825960785,0.050189393939749,84.9197310606,73.106967610284,True,discovery
QQQ,1999-05-13T00:00:00.000Z,45.9389063386,0.0168067226907124,85.2884124794,73.185886720326,True,discovery
QQQ,1999-05-14T00:00:00.000Z,45.0530321117,0.0279114533208935,83.0761525751,73.255090401833,True,discovery
QQQ,1999-05-17T00:00:00.000Z,45.8545373646,0.0973147587318246,83.3284563927,73.3203643857665,True,discovery
QQQ,1999-05-18T00:00:00.000Z,45.6857994166,0.0691016781832225,83.1732100836,73.392360562221,True,discovery
QQQ,1999-05-19T00:00:00.000Z,46.3185667215,0.0329256820306822,83.7747609659,73.4688063346725,True,discovery
QQQ,1999-05-20T00:00:00.000Z,45.0108476247,-0.0228937728937888,83.2702104615,73.5559957971815,True,discovery
QQQ,1999-05-21T00:00:00.000Z,44.6311872417,-0.0433996383362464,82.8044715343,73.636338446929,True,discovery
QQQ,1999-05-24T00:00:00.000Z,43.4922060928,-0.0892226148412077,81.4266891066,73.708350016867,True,discovery
QQQ,1999-05-25T00:00:00.000Z,42.0537150862,-0.1051166965904228,80.1070954795,73.773186816818,True,discovery
QQQ,1999-05-26T00:00:00.000Z,43.2390991708,-0.0473977695169168,80.9997617567,73.844409620993,True,discovery
QQQ,1999-05-27T00:00:00.000Z,43.1969146838,-0.0411985018743715,79.8354144386,73.91480963795499,True,discovery
QQQ,1999-05-28T00:00:00.000Z,43.9140509628,-0.0307262569818098,80.8541990914,73.984727826952,True,discovery
QQQ,1999-06-01T00:00:00.000Z,42.9438077619,-0.0477081384472609,80.5728344067,74.05727680548449,True,discovery
QQQ,1999-06-02T00:00:00.000Z,43.6609440408,-0.0161596958168028,80.6504575613,74.13405924546501,True,discovery
QQQ,1999-06-03T00:00:00.000Z,43.0281767359,-0.0590405904050245,81.0967621345,74.2061515860965,True,discovery
QQQ,1999-06-04T00:00:00.000Z,44.3358958327,0.0067049808412806,82.7268483797,74.2802418048735,True,discovery
QQQ,1999-06-07T00:00:00.000Z,45.2639545466,0.0132200188847753,82.94034062,74.35626485067151,True,discovery
QQQ,1999-06-08T00:00:00.000Z,44.1249733977,-0.0224299065441927,82.1252974974,74.4302313242935,True,discovery
QQQ,1999-06-09T00:00:00.000Z,44.8842941637,-0.0211591536337042,82.0476743429,74.5065014241155,True,discovery
QQQ,1999-06-10T00:00:00.000Z,44.3780803197,-0.0513976555462053,81.2908200208,74.5768723122055,True,discovery
QQQ,1999-06-11T00:00:00.000Z,43.4922060928,-0.0532598714424372,80.611645984,74.6430782609765,True,discovery
QQQ,1999-06-14T00:00:00.000Z,42.8594387879,-0.0486891385769868,80.6892691385,74.7115949983575,True,discovery
QQQ,1999-06-15T00:00:00.000Z,43.4922060928,-0.0515179392830105,81.2326312203,74.79859446341601,True,discovery
QQQ,1999-06-16T00:00:00.000Z,45.7279839036,0.0009233610342533,82.785094311,74.8945098476305,True,discovery
QQQ,1999-06-17T00:00:00.000Z,46.2341977475,-0.0018214936249493,83.5613258563,75.0169939290555,True,discovery
QQQ,1999-06-18T00:00:00.000Z,46.4451201825,0.0318650421729214,83.6575599384,75.12746180744651,True,discovery
QQQ,1999-06-21T00:00:00.000Z,47.8372082534,0.0718336483933939,83.852202935,75.2411141376265,True,discovery
QQQ,1999-06-22T00:00:00.000Z,46.4029356955,0.0669253152274991,83.2682739452,75.35425000086201,True,discovery
QQQ,1999-06-23T00:00:00.000Z,47.1200719745,0.1204734677522589,82.8594950009,75.4678414440645,True,discovery
QQQ,1999-06-24T00:00:00.000Z,46.1920132605,0.0682926829265244,82.2366374117,75.562168147485,True,discovery
QQQ,1999-06-25T00:00:00.000Z,46.1498287736,0.0683593750020163,82.0322716082,75.6631637132385,True,discovery
QQQ,1999-06-28T00:00:00.000Z,47.2466254354,0.0758885686821071,83.0347023492,75.77532398577749,True,discovery
QQQ,1999-06-29T00:00:00.000Z,47.8793927404,0.1149312377203515,83.8132743356,75.8815714867765,True,discovery
QQQ,1999-06-30T00:00:00.000Z,48.6387135063,0.1140096618352641,85.3314897091,75.990026580698,True,discovery
QQQ,1999-07-01T00:00:00.000Z,48.9340049153,0.1372549019599185,85.9737829464,76.0997704679685,True,discovery
QQQ,1999-07-02T00:00:00.000Z,49.5667722202,0.1179828734540189,86.8302121315,76.210912491908,True,discovery
QQQ,1999-07-06T00:00:00.000Z,49.2714808113,0.0885368126767225,86.8107764833,76.331186167227,True,discovery
QQQ,1999-07-07T00:00:00.000Z,49.3136652982,0.11759082217986,86.9275622812,76.4506525962245,True,discovery
QQQ,1999-07-08T00:00:00.000Z,49.9886170902,0.1137218045110333,86.9956399929,76.5706523562635,True,discovery
QQQ,1999-07-09T00:00:00.000Z,50.4948309341,0.1378326996196071,87.511491271,76.69062648555699,True,discovery
QQQ,1999-07-12T00:00:00.000Z,50.2417240122,0.1551891367616178,87.1222052778,76.7959199810045,True,discovery
QQQ,1999-07-13T00:00:00.000Z,49.9886170902,0.1663385826767451,86.8107764833,76.907759916767,True,discovery
QQQ,1999-07-14T00:00:00.000Z,50.8323068301,0.1687681862271672,87.2973553233,77.0224186316955,True,discovery
QQQ,1999-07-15T00:00:00.000Z,51.2963361871,0.1217712177129599,87.8520691779,77.1369567786515,True,discovery
QQQ,1999-07-16T00:00:00.000Z,51.802550031,0.1204379562052875,88.3289918567,77.2546513089335,True,discovery
QQQ,1999-07-19T00:00:00.000Z,51.2541517001,0.103542234333845,87.7450628669,77.37926626090099,True,discovery
QQQ,1999-07-20T00:00:00.000Z,49.2714808113,0.0299823633164892,85.9445678112,77.503947034292,True,discovery
QQQ,1999-07-21T00:00:00.000Z,49.5245877332,0.0672727272727859,85.8472743415,77.6222567582175,True,discovery
QQQ,1999-07-22T00:00:00.000Z,48.2590531234,0.0241718889885478,84.7183449612,77.7411923023245,True,discovery
QQQ,1999-07-23T00:00:00.000Z,48.3434220973,0.0465753424659609,84.5529177227,77.85959028757901,True,discovery
QQQ,1999-07-26T00:00:00.000Z,47.1622564615,0.0219378427787182,83.9300601336,77.97940796962399,True,discovery
QQQ,1999-07-27T00:00:00.000Z,48.0903151754,0.0178571428588814,84.6307749214,78.10436940032899,True,discovery
QQQ,1999-07-28T00:00:00.000Z,49.0183738893,0.0237885462557034,84.9032751166,78.224712115036,True,discovery
QQQ,1999-07-29T00:00:00.000Z,48.0059462014,-0.0130095403287762,83.7159241859,78.33468039798,True,discovery
QQQ,1999-07-30T00:00:00.000Z,47.7528392794,-0.0241379310347575,82.6843449554,78.440551804813,True,discovery
QQQ,1999-08-02T00:00:00.000Z,47.6262858184,-0.0391489361699689,82.878987952,78.5445022893835,True,discovery
QQQ,1999-08-03T00:00:00.000Z,47.2888099224,-0.0402397260292062,82.4897019588,78.62981698282151,True,discovery
QQQ,1999-08-04T00:00:00.000Z,46.4451201825,-0.0581693755342235,81.3607725785,78.709390394501,True,discovery
QQQ,1999-08-05T00:00:00.000Z,47.2044409485,-0.0556962025309922,82.1004159656,78.791504368218,True,discovery
QQQ,1999-08-06T00:00:00.000Z,46.6982271045,-0.0751879699241866,81.2050581812,78.8672121281825,True,discovery
QQQ,1999-08-09T00:00:00.000Z,46.0654597996,-0.0831234256926751,81.0298508328,78.94320150630351,True,discovery
QQQ,1999-08-10T00:00:00.000Z,45.6857994166,-0.086075949367352,80.1344930485,79.009794225801,True,discovery
QQQ,1999-08-11T00:00:00.000Z,47.1622564615,-0.072199170123572,81.1077080315,79.08549775483999,True,discovery
QQQ,1999-08-12T00:00:00.000Z,46.6138581305,-0.0912828947377639,81.0590566252,79.1585460821945,True,discovery
QQQ,1999-08-13T00:00:00.000Z,48.6387135063,-0.061074918566879,82.9373521995,79.2429153122505,True,discovery
QQQ,1999-08-16T00:00:00.000Z,49.0183738893,-0.0436213991772229,83.3072025445,79.32971262148101,True,discovery
QQQ,1999-08-17T00:00:00.000Z,49.2714808113,0.0,83.852202935,79.4112279832335,True,discovery
QQQ,1999-08-18T00:00:00.000Z,48.7230824803,-0.0161839863709293,83.2487809941,79.4878931180775,True,discovery
QQQ,1999-08-19T00:00:00.000Z,48.2590531234,0.0,82.5675591574,79.555363869247,True,discovery
QQQ,1999-08-20T00:00:00.000Z,48.6808979933,0.0069808027929998,83.4044953913,79.6295275538655,True,discovery
QQQ,1999-08-23T00:00:00.000Z,50.4526464471,0.0697674418586407,85.0005679634,79.708005694167,True,discovery
QQQ,1999-08-24T00:00:00.000Z,51.0432292651,0.0614035087715649,85.311996758,79.78331405122249,True,discovery
QQQ,1999-08-25T00:00:00.000Z,51.886919005,0.0585197934590433,86.1879188942,79.861940671687,True,discovery
QQQ,1999-08-26T00:00:00.000Z,51.0432292651,0.0632688927941893,85.1562823607,79.9379173617635,True,discovery
QQQ,1999-08-27T00:00:00.000Z,50.5370154211,0.0583038869251291,84.1247031302,80.0097008681025,True,discovery
QQQ,1999-08-30T00:00:00.000Z,49.8198791422,0.0460584588133581,82.5675591574,80.076013964374,True,discovery
QQQ,1999-08-31T00:00:00.000Z,50.3682774731,0.0651204281891075,82.2561303628,80.1411558016385,True,discovery
QQQ,1999-09-01T00:00:00.000Z,50.7057533691,0.0917347865579507,83.2682739452,80.2079820269775,True,discovery
QQQ,1999-09-02T00:00:00.000Z,50.5370154211,0.0705987488811876,82.2852794752,80.26728839283,True,discovery
QQQ,1999-09-03T00:00:00.000Z,52.8571622059,0.131887985546383,84.6891391689,80.338614057151,True,discovery
QQQ,1999-09-07T00:00:00.000Z,52.6462397709,0.1428571428555922,84.3777103743,80.406260210186,True,discovery
QQQ,1999-09-08T00:00:00.000Z,51.929103492,0.1366574330563534,83.9689887329,80.4687756752855,True,discovery
QQQ,1999-09-09T00:00:00.000Z,52.6462397709,0.1162790697658147,83.9300601336,80.528395302626,True,discovery
QQQ,1999-09-10T00:00:00.000Z,53.2790070759,0.1429864253402983,84.6307749214,80.5830290346525,True,discovery
QQQ,1999-09-13T00:00:00.000Z,52.6040552839,0.0815264527316574,84.0565587728,80.6371069957325,True,discovery
QQQ,1999-09-14T00:00:00.000Z,52.8993466929,0.0791738382094138,83.5018455411,80.688411390654,True,discovery
QQQ,1999-09-15T00:00:00.000Z,51.886919005,0.0530821917797967,82.1782731642,80.7303967289285,True,discovery
QQQ,1999-09-16T00:00:00.000Z,51.844734518,0.0640692640692872,82.4994148,80.7844066694655,True,discovery
QQQ,1999-09-17T00:00:00.000Z,53.4055605369,0.106643356643161,83.5390413506,80.8389841231625,True,discovery
QQQ,1999-09-20T00:00:00.000Z,53.5321139978,0.0996533795487437,83.421930545,80.89403737010349,True,discovery
QQQ,1999-09-21T00:00:00.000Z,52.266579388,0.0359531772590346,81.6652684605,80.946288523596,True,discovery
QQQ,1999-09-22T00:00:00.000Z,52.8149777189,0.0347107438010667,81.5773878873,80.9887424001805,True,discovery
QQQ,1999-09-23T00:00:00.000Z,50.6213843951,-0.0243902439028621,79.8695694408,81.02092070218501,True,discovery
QQQ,1999-09-24T00:00:00.000Z,50.7057533691,-0.0066115702485686,79.7914955704,81.05434880955849,True,discovery
QQQ,1999-09-27T00:00:00.000Z,51.0432292651,0.0100166944917892,80.3184654645,81.089736304097,True,discovery
QQQ,1999-09-28T00:00:00.000Z,51.2963361871,0.0296359017790022,80.1623177237,81.129697284838,True,discovery
QQQ,1999-09-29T00:00:00.000Z,50.2417240122,-0.0025125628123293,79.2059415422,81.1641527793575,True,discovery
QQQ,1999-09-30T00:00:00.000Z,50.7901223431,0.001663893510976,80.4160865337,81.215077892918,True,discovery
QQQ,1999-10-01T00:00:00.000Z,50.7901223431,0.0050083472458946,80.2403915941,81.25605623507799,True,discovery
QQQ,1999-10-04T00:00:00.000Z,51.929103492,-0.0175578611330823,81.6652684605,81.304641481393,True,discovery
QQQ,1999-10-05T00:00:00.000Z,52.308763875,-0.006410256408978,81.5871945901,81.3470962268735,True,discovery
QQQ,1999-10-06T00:00:00.000Z,53.3633760499,0.0276198212842428,82.8363765168,81.394249572799,True,discovery
QQQ,1999-10-07T00:00:00.000Z,53.2368225889,0.0112179487190353,82.3679332943,81.433930984795,True,discovery
QQQ,1999-10-08T00:00:00.000Z,53.7852209198,0.0095011876474886,83.617115221,81.4782127084275,True,discovery
QQQ,1999-10-11T00:00:00.000Z,54.5445416857,0.0368885324777212,83.4804572166,81.5139712978955,True,discovery
QQQ,1999-10-12T00:00:00.000Z,53.3211915629,0.0079744816594611,82.1922383546,81.5449340627375,True,discovery
QQQ,1999-10-13T00:00:00.000Z,51.718181057,-0.0032520325206385,80.0647541168,81.56622730865,True,discovery
QQQ,1999-10-14T00:00:00.000Z,52.055656953,0.0040683482510026,80.0452069181,81.581421824562,True,discovery
QQQ,1999-10-15T00:00:00.000Z,50.5370154211,-0.0537124802541488,77.9957965507,81.5894665758665,True,discovery
QQQ,1999-10-18T00:00:00.000Z,49.8620636292,-0.0685579196209368,78.5617990079,81.600341339457,True,discovery
QQQ,1999-10-19T00:00:00.000Z,50.1573550382,-0.0403551251009216,79.3230523478,81.61589364593651,True,discovery
QQQ,1999-10-20T00:00:00.000Z,51.67599657,-0.0215654952078567,80.1037910521,81.630993921615,True,discovery
QQQ,1999-10-21T00:00:00.000Z,52.5196863099,0.037499999999679,80.5722342746,81.6391445517185,True,discovery
QQQ,1999-10-22T00:00:00.000Z,52.266579388,0.0307820299510854,81.2553519096,81.6526465745155,True,discovery
QQQ,1999-10-25T00:00:00.000Z,52.308763875,0.0247933884301729,80.8454928211,81.66119559509251,True,discovery
QQQ,1999-10-26T00:00:00.000Z,51.886919005,0.0115131578938871,79.8305325056,81.6684447970585,True,discovery
QQQ,1999-10-27T00:00:00.000Z,51.802550031,0.0310663308134289,81.2748991084,81.689981354374,True,discovery
QQQ,1999-10-28T00:00:00.000Z,53.6164829718,0.0556478405310234,84.0465215083,81.72808615001449,True,discovery
QQQ,1999-10-29T00:00:00.000Z,55.4726003997,0.0921926910309189,85.5689619815,81.7804818377655,True,discovery
QQQ,1999-11-01T00:00:00.000Z,55.1773089907,0.062550771730546,84.6711124717,81.818612300994,True,discovery
QQQ,1999-11-02T00:00:00.000Z,55.2194934777,0.0556451612899062,84.0660112447,81.8512007122135,True,discovery
QQQ,1999-11-03T00:00:00.000Z,56.3162901396,0.0553359683791134,84.6320755365,81.883522157663,True,discovery
QQQ,1999-11-04T00:00:00.000Z,56.9490574445,0.0697305863700064,85.2761562363,81.9294207249405,True,discovery
QQQ,1999-11-05T00:00:00.000Z,57.5396402625,0.0698039215697985,86.1154790745,81.980386854286,True,discovery
QQQ,1999-11-08T00:00:00.000Z,58.6786214113,0.0757927300851046,86.1935529449,82.027871743947,True,discovery
QQQ,1999-11-09T00:00:00.000Z,58.2989610284,0.0933544303792988,85.383517177,82.0643375585025,True,discovery
QQQ,1999-11-10T00:00:00.000Z,59.0582817943,0.1419249592171518,86.0178580053,82.1085243819735,True,discovery
QQQ,1999-11-11T00:00:00.000Z,60.1128939692,0.1547811993512005,86.5058484266,82.148666048259,True,discovery
QQQ,1999-11-12T00:00:00.000Z,60.9143992221,0.2053422370618918,87.2865871308,82.1897110752185,True,discovery
QQQ,1999-11-15T00:00:00.000Z,60.7878457611,0.2191201353628231,87.4915116783,82.23410369033749,True,discovery
QQQ,1999-11-16T00:00:00.000Z,62.34867178,0.2430613961305385,88.2234735759,82.284575706436,True,discovery
QQQ,1999-11-17T00:00:00.000Z,61.5049820401,0.1902040816336403,88.4576951871,82.332250595484,True,discovery
QQQ,1999-11-18T00:00:00.000Z,63.3610994679,0.2064257028122496,89.0822861505,82.3889524789735,True,discovery
QQQ,1999-11-19T00:00:00.000Z,63.9516822858,0.2235673930573465,89.0042122801,82.44971634350298,True,discovery
QQQ,1999-11-22T00:00:00.000Z,62.9814390849,0.20403225806299,88.9846650813,82.509608150231,True,discovery
QQQ,1999-11-23T00:00:00.000Z,63.2345460069,0.2186991869917445,88.2039263771,82.57421075770051,True,discovery
QQQ,1999-11-24T00:00:00.000Z,65.3437703567,0.2614006514659333,88.6723695996,82.6387356614785,True,discovery
QQQ,1999-11-26T00:00:00.000Z,65.5546927917,0.2226593233685059,88.3405843815,82.69289051883399,True,discovery
QQQ,1999-11-29T00:00:00.000Z,64.4578961298,0.1619771863110386,88.0282888998,82.750129829625,True,discovery
QQQ,1999-11-30T00:00:00.000Z,62.433040754,0.1314984709479567,86.9937813855,82.804519568266,True,discovery
QQQ,1999-12-01T00:00:00.000Z,63.3610994679,0.1474407944992819,87.6964462193,82.86280979198,True,discovery
QQQ,1999-12-02T00:00:00.000Z,65.3859548437,0.1610486891380382,88.2234735759,82.92073481963,True,discovery
QQQ,1999-12-03T00:00:00.000Z,66.7780429146,0.1725925925934575,89.8434776559,82.985114269683,True,discovery
QQQ,1999-12-06T00:00:00.000Z,67.3686257325,0.1708211143684503,89.1798497573,83.03591581629651,True,discovery
QQQ,1999-12-07T00:00:00.000Z,67.3686257325,0.1480948957591994,88.4576951871,83.0833001705105,True,discovery
QQQ,1999-12-08T00:00:00.000Z,66.5671204796,0.1418234442835477,87.8916308954,83.13482309953199,True,discovery
QQQ,1999-12-09T00:00:00.000Z,66.8624118886,0.1321428571437579,88.3210371827,83.19217108857451,True,discovery
QQQ,1999-12-10T00:00:00.000Z,67.4108102195,0.1214035087719984,88.613842928,83.252531749958,True,discovery
QQQ,1999-12-13T00:00:00.000Z,68.3388689334,0.1218836565100089,88.7699906688,83.31260862171699,True,discovery
QQQ,1999-12-14T00:00:00.000Z,67.1155188105,0.1040943789037722,87.9111780942,83.37177892435349,True,discovery
QQQ,1999-12-15T00:00:00.000Z,68.3810534204,0.09675236806464,88.3796213167,83.43125901251449,True,discovery
QQQ,1999-12-16T00:00:00.000Z,70.0684329002,0.1392318244157326,88.7699906688,83.4878514361405,True,discovery
QQQ,1999-12-17T00:00:00.000Z,70.6843264104,0.1155792276964844,89.3384009242,83.539494369095,True,discovery
QQQ,1999-12-20T00:00:00.000Z,71.6292589191,0.120052770449242,88.6926937983,83.5853435900395,True,discovery
QQQ,1999-12-21T00:00:00.000Z,75.4680472357,0.1982585398527945,90.0427772784,83.63891113064399,True,discovery
QQQ,1999-12-22T00:00:00.000Z,75.2149403138,0.1894596397607209,90.2775693965,83.69016818370599,True,discovery
QQQ,1999-12-23T00:00:00.000Z,76.1008145407,0.1646223369921755,91.7156235351,83.744163157069,True,discovery
QQQ,1999-12-27T00:00:00.000Z,75.6789696707,0.154440154439742,91.5884632545,83.8013939380655,True,discovery
QQQ,1999-12-28T00:00:00.000Z,75.2149403138,0.1668848167544647,91.5297940261,83.8526208920665,True,discovery
QQQ,1999-12-29T00:00:00.000Z,78.0413009425,0.25,91.9211142229,83.907353090666,True,discovery
QQQ,1999-12-30T00:00:00.000Z,77.1976112026,0.2183754993347275,91.8134817593,83.963289351014,True,discovery
QQQ,1999-12-31T00:00:00.000Z,77.1132422286,0.1793548387101351,91.9602462426,84.013474346167,True,discovery
QQQ,2000-01-03T00:00:00.000Z,79.9396028573,0.1970941250783862,91.06020979,84.0661052809695,True,discovery
QQQ,2000-01-04T00:00:00.000Z,74.4556195478,0.1051972448338229,87.4991959993,84.1001549152735,True,discovery
QQQ,2000-01-05T00:00:00.000Z,74.4978040348,0.1058234189102766,87.6557240781,84.1466306631515,True,discovery
QQQ,2000-01-06T00:00:00.000Z,67.5795481675,0.0152091254752448,86.2469713697,84.183831146356,True,discovery
QQQ,2000-01-07T00:00:00.000Z,75.9320765927,0.1356466876966844,91.2558698884,84.23802255530948,True,discovery
QQQ,2000-01-10T00:00:00.000Z,78.0413009425,0.1576971214021236,91.5689260458,84.2966901133455,True,discovery
QQQ,2000-01-11T00:00:00.000Z,74.5821730088,0.0913580246914014,90.4732294949,84.3418259291705,True,discovery
QQQ,2000-01-12T00:00:00.000Z,72.59950212,0.0817096165938009,89.5731930423,84.38459619948199,True,discovery
QQQ,2000-01-13T00:00:00.000Z,76.9866887676,0.1258482418264808,90.7862856523,84.4399327292095,True,discovery
QQQ,2000-01-14T00:00:00.000Z,78.8006217084,0.124623720650888,92.018915471,84.4984246536185,True,discovery
QQQ,2000-01-18T00:00:00.000Z,79.2224665784,0.1207925519220023,91.2950019081,84.5437881737825,True,discovery
QQQ,2000-01-19T00:00:00.000Z,80.9942150322,0.1307420494699944,92.038510282,84.593839525248,True,discovery
QQQ,2000-01-20T00:00:00.000Z,80.1927097793,0.0626048071555906,90.6297575736,84.63354812910349,True,discovery
QQQ,2000-01-21T00:00:00.000Z,81.2051374672,0.0796410544023387,90.4340974752,84.66703886953599,True,discovery
QQQ,2000-01-24T00:00:00.000Z,77.3241646636,0.0160753880268356,87.8709213851,84.6876165577485,True,discovery
QQQ,2000-01-25T00:00:00.000Z,78.4631458124,0.0367892976584474,88.8688166881,84.70872039109,True,discovery
QQQ,2000-01-26T00:00:00.000Z,75.2993092877,0.0011217049903651,88.1644403339,84.72901915306952,True,discovery
QQQ,2000-01-27T00:00:00.000Z,76.3961059496,-0.0210810810818257,87.8122521568,84.754640229841,True,discovery
QQQ,2000-01-28T00:00:00.000Z,72.557317633,-0.0601092896180668,85.0730107793,84.768117562816,True,discovery
QQQ,2000-01-31T00:00:00.000Z,75.6789696707,-0.0185995623637266,87.3817999403,84.79663188354999,True,discovery
QQQ,2000-02-01T00:00:00.000Z,77.7038250465,-0.0279683377310628,88.2427043732,84.8357574649275,True,discovery
QQQ,2000-02-02T00:00:00.000Z,78.3787768384,0.0526912181300347,88.3209684126,84.8702288614575,True,discovery
QQQ,2000-02-03T00:00:00.000Z,81.4160599022,0.0928652321640017,89.6514570816,84.8997092281525,True,discovery
QQQ,2000-02-04T00:00:00.000Z,81.9644582331,0.2128589263418296,89.2796740935,84.9233526360635,True,discovery
QQQ,2000-02-07T00:00:00.000Z,83.103439382,0.0944444444443055,89.1427408258,84.94737855318449,True,discovery
QQQ,2000-02-08T00:00:00.000Z,86.6047518027,0.1097297297300239,90.3558334358,84.9750443526025,True,discovery
QQQ,2000-02-09T00:00:00.000Z,83.525284252,0.119909502263293,88.4579016803,84.99118274261,True,discovery
QQQ,2000-02-10T00:00:00.000Z,86.2672759067,0.1882626380014078,88.63402457,85.014023483656,True,discovery
QQQ,2000-02-11T00:00:00.000Z,84.2846050179,0.0947945205479645,86.8339516648,85.03106595812751,True,discovery
QQQ,2000-02-14T00:00:00.000Z,84.1580515569,0.0679871520344732,87.3426679206,85.054047884062,True,discovery
QQQ,2000-02-15T00:00:00.000Z,84.7486343748,0.0697550585720681,88.330732008,85.07440187286652,True,discovery
QQQ,2000-02-16T00:00:00.000Z,84.3689739919,0.0416666666669753,87.0296117632,85.0942660549235,True,discovery
QQQ,2000-02-17T00:00:00.000Z,86.1829069327,0.0746975276167341,86.5795647358,85.1085810177755,True,discovery
QQQ,2000-02-18T00:00:00.000Z,83.061254895,0.0228571428568755,84.7208226022,85.116173772928,True,discovery
QQQ,2000-02-22T00:00:00.000Z,83.314361817,0.0774686306597742,84.5055676928,85.119536576906,True,discovery
QQQ,2000-02-23T00:00:00.000Z,87.9546553865,0.1209677419357304,85.5034629958,85.12997507593002,True,discovery
QQQ,2000-02-24T00:00:00.000Z,89.8529573013,0.1932773109245147,83.78165413,85.12758367534451,True,discovery
QQQ,2000-02-25T00:00:00.000Z,87.7859174385,0.1490889011596228,83.478361568,85.1203768278815,True,discovery
QQQ,2000-02-28T00:00:00.000Z,87.7437329515,0.2093023255809145,85.229538858,85.12008245977451,True,discovery
QQQ,2000-02-29T00:00:00.000Z,90.0638797363,0.1900780379039606,86.0513112713,85.1349582532555,True,discovery
QQQ,2000-03-01T00:00:00.000Z,90.8232005022,0.1688382193263846,86.6774235861,85.15170308922251,True,discovery
QQQ,2000-03-02T00:00:00.000Z,88.7139761525,0.1318622174394088,86.7360928145,85.16951750287699,True,discovery
QQQ,2000-03-03T00:00:00.000Z,93.691745618,0.1507772020722448,88.3601004323,85.192444200209,True,discovery
QQQ,2000-03-06T00:00:00.000Z,94.4510663839,0.1523417395780149,87.4991959993,85.21358912789799,True,discovery
QQQ,2000-03-07T00:00:00.000Z,93.016793826,0.1192893401009729,85.8066885637,85.228600213045,True,discovery
QQQ,2000-03-08T00:00:00.000Z,93.860483566,0.083779834388646,85.6991230942,85.249962382983,True,discovery
QQQ,2000-03-09T00:00:00.000Z,97.0243200907,0.1616161616160769,88.2035723535,85.290444767353,True,discovery
QQQ,2000-03-10T00:00:00.000Z,96.6024752207,0.1198044009779299,87.7339881174,85.32411589915651,True,discovery
QQQ,2000-03-13T00:00:00.000Z,94.0714060009,0.1161161161154105,86.7752248341,85.358814951134,True,discovery
QQQ,2000-03-14T00:00:00.000Z,90.6122780673,0.07669172932356,85.5425950155,85.38225693075451,True,discovery
QQQ,2000-03-15T00:00:00.000Z,86.8156742376,0.024390243902439,87.538328019,85.417084398816,True,discovery
QQQ,2000-03-16T00:00:00.000Z,91.7512592162,0.0875000000001036,91.6275952742,85.4719700873805,True,discovery
QQQ,2000-03-17T00:00:00.000Z,93.480823183,0.08467939304947,92.2315551092,85.527644052254,True,discovery
QQQ,2000-03-20T00:00:00.000Z,90.8653849892,0.09395632300602,91.7607857935,85.572813739323,True,discovery
QQQ,2000-03-21T00:00:00.000Z,94.3245129229,0.1321518987336636,93.6438630564,85.626331351505,True,discovery
QQQ,2000-03-22T00:00:00.000Z,96.1806303507,0.0935251798560579,94.2126804391,85.6867682662135,True,discovery
QQQ,2000-03-23T00:00:00.000Z,97.8680098306,0.0892018779351189,95.8211422679,85.75563560583849,True,discovery
QQQ,2000-03-24T00:00:00.000Z,99.1841658248,0.1298414223931219,96.3900173983,85.831131592726,True,discovery
QQQ,2000-03-27T00:00:00.000Z,99.3866513624,0.1326923076926256,95.3700172142,85.904923448877,True,discovery
QQQ,2000-03-28T00:00:00.000Z,96.8555821427,0.0754098360661963,94.8207863458,85.9755810349135,True,discovery
QQQ,2000-03-29T00:00:00.000Z,92.8058713911,0.021830004645696,94.9188344127,86.0440120508755,True,discovery
QQQ,2000-03-30T00:00:00.000Z,90.5279090933,0.0204469805037466,93.3300168459,86.09673666355,True,discovery
QQQ,2000-03-31T00:00:00.000Z,92.3840265211,-0.0139576767224706,94.3892478064,86.1508762733005,True,discovery
QQQ,2000-04-03T00:00:00.000Z,86.8156742376,-0.0808396605631285,94.9384786747,86.207280866982,True,discovery
QQQ,2000-04-04T00:00:00.000Z,85.9719844977,-0.0757369614510495,94.2323247011,86.2591814758125,True,discovery
QQQ,2000-04-05T00:00:00.000Z,84.4533429659,-0.100224719101145,93.6438630564,86.3110594213685,True,discovery
QQQ,2000-04-06T00:00:00.000Z,86.4781983417,-0.1086956521740251,94.4578539603,86.3690512161655,True,discovery
QQQ,2000-04-07T00:00:00.000Z,89.9373262753,-0.0689956331882042,95.0561710037,86.4331488841255,True,discovery
QQQ,2000-04-10T00:00:00.000Z,83.9471291219,-0.1076233183854308,94.6834497548,86.49640477485849,True,discovery
QQQ,2000-04-11T00:00:00.000Z,82.4706720771,-0.0898510242083641,94.4088343207,86.553275434716,True,discovery
QQQ,2000-04-12T00:00:00.000Z,77.6194560725,-0.1059280855198048,91.8196030841,86.5933070784585,True,discovery
QQQ,2000-04-13T00:00:00.000Z,74.2446971128,-0.1908045977020113,90.5446317278,86.61937278855198,True,discovery
QQQ,2000-04-14T00:00:00.000Z,67.8157812947,-0.2745487364617829,85.3661692546,86.616334720093,True,discovery
QQQ,2000-04-17T00:00:00.000Z,75.6199113889,-0.1677808727945414,88.3477082543,86.623922200707,True,discovery
QQQ,2000-04-18T00:00:00.000Z,77.6194560725,-0.1771019677997655,90.681910571,86.64327787114549,True,discovery
QQQ,2000-04-19T00:00:00.000Z,75.1390082372,-0.2187719298238811,89.8384777542,86.6578324485105,True,discovery
QQQ,2000-04-20T00:00:00.000Z,73.6119298079,-0.2478448275865108,90.2700162936,86.67420433001399,True,discovery
QQQ,2000-04-24T00:00:00.000Z,71.5027054581,-0.2790915277303117,89.2892468858,86.683093108088,True,discovery
QQQ,2000-04-25T00:00:00.000Z,76.3286107704,-0.2320033955860124,92.9965263734,86.712464713566,True,discovery
QQQ,2000-04-26T00:00:00.000Z,73.7216094741,-0.2388501742162477,91.9470842763,86.73814625253101,True,discovery
QQQ,2000-04-27T00:00:00.000Z,76.9866887676,-0.1704545454547291,91.6430934645,86.759874943237,True,discovery
QQQ,2000-04-28T00:00:00.000Z,79.9396028573,-0.1169617893757765,91.0742183342,86.77598568901851,True,discovery
QQQ,2000-05-01T00:00:00.000Z,80.6820498284,-0.1266666666669625,92.3100166618,86.79589081304401,True,discovery
QQQ,2000-05-02T00:00:00.000Z,76.0417562589,-0.1241010689983653,90.4661701752,86.8094963495855,True,discovery
QQQ,2000-05-03T00:00:00.000Z,75.198066519,-0.1253189401366935,88.3477082543,86.821512051801,True,discovery
QQQ,2000-05-04T00:00:00.000Z,75.3499306721,-0.1077922077930736,89.0146314516,86.8373488373515,True,discovery
QQQ,2000-05-05T00:00:00.000Z,77.1469898182,-0.1079024390243391,90.0934489264,86.8642243571775,True,discovery
QQQ,2000-05-08T00:00:00.000Z,74.1434543441,-0.1756097560967583,89.4167274504,86.888543405816,True,discovery
QQQ,2000-05-09T00:00:00.000Z,72.557317633,-0.1356783919597871,88.7007852411,86.9123970313535,True,discovery
QQQ,2000-05-10T00:00:00.000Z,67.2842567585,-0.1841432225070575,86.7000156492,86.92274323499248,True,discovery
QQQ,2000-05-11T00:00:00.000Z,71.4014626893,-0.0801086956521843,88.6811409791,86.941632564305,True,discovery
QQQ,2000-05-12T00:00:00.000Z,71.4014626893,-0.0382954545451275,89.6423238726,86.97126456273851,True,discovery
QQQ,2000-05-15T00:00:00.000Z,74.5062409322,0.0986563821837569,91.1919106631,87.01380239127701,True,discovery
QQQ,2000-05-16T00:00:00.000Z,76.615465282,0.01316523485435,92.074632004,87.059780611537,True,discovery
QQQ,2000-05-17T00:00:00.000Z,75.0377654684,-0.0332608695645663,91.1134491105,87.10289934729549,True,discovery
QQQ,2000-05-18T00:00:00.000Z,72.346395198,-0.0371659555364937,89.9954008594,87.14607248869999,True,discovery
QQQ,2000-05-19T00:00:00.000Z,68.921014854,-0.0637249283661161,88.5830929122,87.178485873433,True,discovery
QQQ,2000-05-22T00:00:00.000Z,68.8703934696,-0.0368141592913922,87.9161697149,87.2120414311015,True,discovery
QQQ,2000-05-23T00:00:00.000Z,63.1164294433,-0.1730960539402827,86.6215540966,87.23999994742051,True,discovery
QQQ,2000-05-24T00:00:00.000Z,67.0733343235,-0.0901808194100223,88.0338620438,87.27949679239698,True,discovery
QQQ,2000-05-25T00:00:00.000Z,65.5968772787,-0.1479452054793844,86.523448282,87.3065754936495,True,discovery
QQQ,2000-05-26T00:00:00.000Z,65.5968772787,-0.179419525065732,86.6215540966,87.3343879810065,True,discovery
QQQ,2000-05-30T00:00:00.000Z,72.1860941474,-0.1053016835723654,89.4461699911,87.36693206996452,True,discovery
QQQ,2000-05-31T00:00:00.000Z,70.4480932832,-0.0735604127376439,89.6423238726,87.39860767660501,True,discovery
QQQ,2000-06-01T00:00:00.000Z,73.7216094741,-0.0196342421188041,91.2115549251,87.43540443655549,True,discovery
QQQ,2000-06-02T00:00:00.000Z,78.9946703486,0.0483708431313731,92.8003724919,87.4831623940445,True,discovery
QQQ,2000-06-05T00:00:00.000Z,79.1887189888,0.0264654418197187,92.3492474381,87.53207083544801,True,discovery
QQQ,2000-06-06T00:00:00.000Z,76.9866887676,0.0383477469272546,91.937295413,87.5747348355565,True,discovery
QQQ,2000-06-07T00:00:00.000Z,79.045291733,0.0894186046515201,92.5747766973,87.612605879226,True,discovery
QQQ,2000-06-08T00:00:00.000Z,78.6740682474,0.1692789968652084,92.2119108472,87.64710544967201,True,discovery
QQQ,2000-06-09T00:00:00.000Z,79.0959131174,0.1077632045380081,92.0157569656,87.676244640029,True,discovery
QQQ,2000-06-12T00:00:00.000Z,76.5648438976,0.0723147819921867,90.9369394909,87.70514792568,True,discovery
QQQ,2000-06-13T00:00:00.000Z,79.5177579873,0.0672630506169333,92.6434493866,87.74774165696199,True,discovery
QQQ,2000-06-14T00:00:00.000Z,77.7291357387,0.014535844070135,92.8003724919,87.79890572363449,True,discovery
QQQ,2000-06-15T00:00:00.000Z,79.0959131174,0.0540814031930225,92.9965263734,87.8526077036875,True,discovery
QQQ,2000-06-16T00:00:00.000Z,79.5177579873,0.0991253644314023,92.2344500267,87.897438584095,True,discovery
QQQ,2000-06-19T00:00:00.000Z,82.681594512,0.1996572407871526,93.4141704995,87.95308303921651,True,discovery
QQQ,2000-06-20T00:00:00.000Z,82.3694293083,0.1960063702069394,93.079945308,87.99503706991202,True,discovery
QQQ,2000-06-21T00:00:00.000Z,83.4240414832,0.3217484293553572,93.0406212922,88.0383516245015,True,discovery
QQQ,2000-06-22T00:00:00.000Z,80.3614477273,0.1981132075484777,91.6249567248,88.076631464461,True,discovery
QQQ,2000-06-23T00:00:00.000Z,77.1976112026,0.1768488745982863,90.8384764096,88.111173545841,True,discovery
QQQ,2000-06-26T00:00:00.000Z,79.3068355524,0.2090032154343384,92.0083180605,88.1480612615365,True,discovery
QQQ,2000-06-27T00:00:00.000Z,78.3619030437,0.0855539971963206,91.3299976641,88.184428455993,True,discovery
QQQ,2000-06-28T00:00:00.000Z,79.3068355524,0.125748502994794,91.5856327091,88.224847391833,True,discovery
QQQ,2000-06-29T00:00:00.000Z,77.3157277662,0.0487525749605708,90.7205043623,88.2675585478235,True,discovery
QQQ,2000-06-30T00:00:00.000Z,78.834369298,-0.0020292641249415,91.4086456957,88.31210470230201,True,discovery
QQQ,2000-07-03T00:00:00.000Z,80.3614477273,0.0148092904327175,92.6670142,88.357744566549,True,discovery
QQQ,2000-07-05T00:00:00.000Z,77.248232587,0.003397260274299,90.9957724726,88.39561377618698,True,discovery
QQQ,2000-07-06T00:00:00.000Z,79.3068355524,0.0033087842889294,91.7036047563,88.445805457666,True,discovery
QQQ,2000-07-07T00:00:00.000Z,80.9435936478,0.0288471849868396,93.1782264049,88.50380965025401,True,discovery
QQQ,2000-07-10T00:00:00.000Z,79.7118066275,0.0077866666661505,93.0209303419,88.5695664547595,True,discovery
QQQ,2000-07-11T00:00:00.000Z,80.1505252923,0.0468319559234731,93.2175504207,88.636696729011,True,discovery
QQQ,2000-07-12T00:00:00.000Z,82.0488272071,0.0318302387273574,93.8271016075,88.704239909726,True,discovery
QQQ,2000-07-13T00:00:00.000Z,83.103439382,0.0691414305874527,94.2399748305,88.77462819526001,True,discovery
QQQ,2000-07-14T00:00:00.000Z,84.8751878358,0.0730666666661017,95.1641181434,88.854419078266,True,discovery
QQQ,2000-07-17T00:00:00.000Z,85.8876155237,0.0801061007959675,95.0068220803,88.927372755999,True,discovery
QQQ,2000-07-18T00:00:00.000Z,83.9471291219,0.0153061224492512,94.2301532643,88.99732156435,True,discovery
QQQ,2000-07-19T00:00:00.000Z,82.0488272071,-0.0038922462361614,93.4731854656,89.0563611493755,True,discovery
QQQ,2000-07-20T00:00:00.000Z,84.7064498878,0.0153721682838663,94.7708779858,89.122279566354,True,discovery
QQQ,2000-07-21T00:00:00.000Z,81.8379047721,0.0183727034113452,92.922649245,89.17271092999499,True,discovery
QQQ,2000-07-24T00:00:00.000Z,80.1505252923,0.0382513661199992,92.3917460897,89.22282999397201,True,discovery
QQQ,2000-07-25T00:00:00.000Z,80.7832925972,0.018617021275858,92.6867051504,89.268177943619,True,discovery
QQQ,2000-07-26T00:00:00.000Z,80.6820498284,0.0296080964675669,91.7822527879,89.30968692147549,True,discovery
QQQ,2000-07-27T00:00:00.000Z,77.5182133037,-0.0225531914902621,91.4676606618,89.35606403301149,True,discovery
QQQ,2000-07-28T00:00:00.000Z,73.2997646041,-0.0519423832398515,89.4031208918,89.4027558668865,True,discovery
QQQ,2000-07-31T00:00:00.000Z,75.4596103383,-0.0428082191784037,89.9733480628,89.45239657261,True,discovery
QQQ,2000-08-01T00:00:00.000Z,74.4556195478,-0.0734908136491138,90.5238842835,89.515037011274,True,discovery
QQQ,2000-08-02T00:00:00.000Z,73.1394635536,-0.0531891655744038,90.9760815223,89.577108423846,True,discovery
QQQ,2000-08-03T00:00:00.000Z,76.3033000782,-0.0378723404266394,91.6052657745,89.6385194909795,True,discovery
QQQ,2000-08-04T00:00:00.000Z,76.0417562589,-0.0605586825095606,92.096844914,89.698484760289,True,discovery
QQQ,2000-08-07T00:00:00.000Z,77.8303785075,-0.0236028789159435,93.1979173553,89.76161317569249,True,discovery
QQQ,2000-08-08T00:00:00.000Z,79.4165152185,-0.0091578947377219,93.5518334971,89.82309558363,True,discovery
QQQ,2000-08-09T00:00:00.000Z,77.3072908688,-0.0577892030843032,92.7653531819,89.88269488543399,True,discovery
QQQ,2000-08-10T00:00:00.000Z,75.7717755421,-0.0882233502538767,92.3130980582,89.94510771319702,True,discovery
QQQ,2000-08-11T00:00:00.000Z,76.826387717,-0.0948310139162372,92.7456622316,90.002461528813,True,discovery
QQQ,2000-08-14T00:00:00.000Z,78.4631458124,-0.0864440078587498,93.9253827044,90.05185583479351,True,discovery
QQQ,2000-08-15T00:00:00.000Z,78.4631458124,-0.0653266331661763,93.8467346729,90.09324469825049,True,discovery
QQQ,2000-08-16T00:00:00.000Z,79.256214168,-0.0340359897168445,93.5125094814,90.137451683299,True,discovery
QQQ,2000-08-17T00:00:00.000Z,80.7832925972,-0.0463147410356179,94.4956098754,90.18959967645247,True,discovery
QQQ,2000-08-18T00:00:00.000Z,80.3614477273,-0.0180412371126997,94.1810177493,90.23734438751652,True,discovery
QQQ,2000-08-21T00:00:00.000Z,80.5723701622,0.0052631578939947,94.6922299542,90.284424756106,True,discovery
QQQ,2000-08-22T00:00:00.000Z,80.5723701622,-0.0026109660576933,94.5349338912,90.3265220301895,True,discovery
QQQ,2000-08-23T00:00:00.000Z,81.8885261565,0.0149534664856187,94.9084830985,90.3700966809575,True,discovery
QQQ,2000-08-24T00:00:00.000Z,83.1540607664,0.0727035263392867,95.2034421591,90.419196305868,True,discovery
QQQ,2000-08-25T00:00:00.000Z,82.7069052042,0.1283379373850515,95.1641181434,90.4649276065585,True,discovery
QQQ,2000-08-28T00:00:00.000Z,83.103439382,0.1012969588556216,95.4885217687,90.509840973269,True,discovery
QQQ,2000-08-29T00:00:00.000Z,83.525284252,0.121813031162508,95.5081554633,90.5509488149315,True,discovery
QQQ,2000-08-30T00:00:00.000Z,83.4240414832,0.1406159880030155,94.5938909724,90.586460711402,True,discovery
QQQ,2000-08-31T00:00:00.000Z,86.0563534717,0.1278195488727815,95.8522594767,90.624604640906,True,discovery
QQQ,2000-09-01T00:00:00.000Z,86.5625673157,0.1383557084213009,95.9505984586,90.6620691572635,True,discovery
QQQ,2000-09-05T00:00:00.000Z,83.9471291219,0.0785907859077232,95.1837512088,90.692576482555,True,discovery
QQQ,2000-09-06T00:00:00.000Z,80.9942150322,0.0198661425694548,94.1023697178,90.71806726974351,True,discovery
QQQ,2000-09-07T00:00:00.000Z,82.7912741782,0.0709374658944781,94.9084830985,90.7476863598295,True,discovery
QQQ,2000-09-08T00:00:00.000Z,80.2602049585,0.0592361652381518,94.2596657809,90.7779650568485,True,discovery
QQQ,2000-09-11T00:00:00.000Z,78.3028447619,0.0192180979579401,94.1220027832,90.80521322276648,True,discovery
QQQ,2000-09-12T00:00:00.000Z,77.0963684338,-0.017419354837848,93.4338614499,90.83067960810853,True,discovery
QQQ,2000-09-13T00:00:00.000Z,78.8849906824,0.0053763440865421,93.6796170437,90.858936248828,True,discovery
QQQ,2000-09-14T00:00:00.000Z,78.4631458124,-0.0100063870565269,94.1515052328,90.8947248680645,True,discovery
QQQ,2000-09-15T00:00:00.000Z,76.9866887676,-0.0469973890335289,92.0970456237,90.9167278650865,True,discovery
QQQ,2000-09-18T00:00:00.000Z,75.8308338239,-0.05637795275633,91.2493768462,90.931857381438,True,discovery
QQQ,2000-09-19T00:00:00.000Z,78.623446863,-0.0241884816752521,92.0773040543,90.94302651343,True,discovery
QQQ,2000-09-20T00:00:00.000Z,79.8383600885,-0.0091099476436199,91.3972304525,90.954113416906,True,discovery
QQQ,2000-09-21T00:00:00.000Z,74.0337746779,-0.0959200494534303,90.0075150509,90.961862516225,True,discovery
QQQ,2000-09-22T00:00:00.000Z,78.412524428,-0.0570211038967792,91.6436278977,90.9806225012365,True,discovery
QQQ,2000-09-25T00:00:00.000Z,76.3286107704,-0.0771192492096306,90.9931426796,90.993983028721,True,discovery
QQQ,2000-09-26T00:00:00.000Z,75.4596103383,-0.0919796954319034,89.8300730609,91.0000641793855,True,discovery
QQQ,2000-09-27T00:00:00.000Z,75.5608531071,-0.0953535353542875,90.3031743227,91.007730097655,True,discovery
QQQ,2000-09-28T00:00:00.000Z,77.248232587,-0.0740291262134991,91.4662439414,91.02550542689102,True,discovery
QQQ,2000-09-29T00:00:00.000Z,74.8774644178,-0.1299019607840603,90.5988916281,91.036601778448,True,discovery
QQQ,2000-10-02T00:00:00.000Z,73.1900849379,-0.15448343080017,90.7368504793,91.04643607750052,True,discovery
QQQ,2000-10-03T00:00:00.000Z,70.8699381532,-0.1557788944719069,89.8892397355,91.049190271557,True,discovery
QQQ,2000-10-04T00:00:00.000Z,72.2451524292,-0.1080208333338588,90.6383167333,91.058918386232,True,discovery
QQQ,2000-10-05T00:00:00.000Z,72.4560748642,-0.1248344033424887,90.9537175745,91.0634730877125,True,discovery
QQQ,2000-10-06T00:00:00.000Z,70.0262484133,-0.1275097235359872,88.9824623171,91.0569975523155,True,discovery
QQQ,2000-10-09T00:00:00.000Z,69.7140832095,-0.1096864562011297,88.3122355296,91.039980612288,True,discovery
QQQ,2000-10-10T00:00:00.000Z,66.069343533,-0.1430291092150277,86.8535066392,91.01630582921148,True,discovery
QQQ,2000-10-11T00:00:00.000Z,65.0147313581,-0.1758288770058078,86.1241131771,90.98927742496652,True,discovery
QQQ,2000-10-12T00:00:00.000Z,63.3864101601,-0.1921505376339032,83.9754739634,90.94954922366898,True,discovery
QQQ,2000-10-13T00:00:00.000Z,68.5497913684,-0.1095890410960328,86.7746564289,90.924355097017,True,discovery
QQQ,2000-10-16T00:00:00.000Z,69.1825586733,-0.0876724521589611,87.1689074803,90.90039840320549,True,discovery
QQQ,2000-10-17T00:00:00.000Z,66.0187221486,-0.1603176306472992,85.0005266973,90.870099987742,True,discovery
QQQ,2000-10-18T00:00:00.000Z,65.8077997137,-0.1757370812632832,84.6851258561,90.856029637026,True,discovery
QQQ,2000-10-19T00:00:00.000Z,71.7642492775,-0.0306552706555091,87.878559373,90.8571438135005,True,discovery
QQQ,2000-10-20T00:00:00.000Z,72.8188614524,-0.0713363460289588,88.253068855,90.867174300927,True,discovery
QQQ,2000-10-23T00:00:00.000Z,72.7176186836,-0.047308500054613,88.6473199065,90.8541315510175,True,discovery
QQQ,2000-10-24T00:00:00.000Z,69.6044035433,-0.0775939177097519,88.0559433293,90.83656663743498,True,discovery
QQQ,2000-10-25T00:00:00.000Z,65.7065569449,-0.1304153640011517,85.9861543259,90.81413126159,True,discovery
QQQ,2000-10-26T00:00:00.000Z,67.3939364247,-0.1275666229800365,86.2227049568,90.79737882116252,True,discovery
QQQ,2000-10-27T00:00:00.000Z,67.2589460663,-0.1017464788736745,87.8588178035,90.78274148191848,True,discovery
QQQ,2000-10-30T00:00:00.000Z,64.7700613336,-0.1150432276645694,88.6473199065,90.765883504096,True,discovery
QQQ,2000-10-31T00:00:00.000Z,68.9294517514,-0.0273809523807575,90.175052193,90.7602837555205,True,discovery
QQQ,2000-11-01T00:00:00.000Z,68.3388689334,-0.0540698353377848,89.869498166,90.74943869494052,True,discovery
QQQ,2000-11-02T00:00:00.000Z,69.1825586733,-0.0451793199815938,90.0173517724,90.74637666593452,True,discovery
QQQ,2000-11-03T00:00:00.000Z,70.0768697976,0.0007228915649062,90.0666236918,90.74453929701752,True,discovery
QQQ,2000-11-06T00:00:00.000Z,69.5537821589,-0.0022994069952591,90.6974253741,90.7586718169625,True,discovery
QQQ,2000-11-07T00:00:00.000Z,69.2922383395,0.0487804878050628,90.6777418384,90.767716442714,True,discovery
QQQ,2000-11-08T00:00:00.000Z,63.8673133118,-0.0176485855179503,88.6670614759,90.770229548424,True,discovery
QQQ,2000-11-09T00:00:00.000Z,63.8588764144,0.0074537468379525,88.3319190653,90.77282788296648,True,discovery
QQQ,2000-11-10T00:00:00.000Z,60.5347388392,-0.1169230769226639,86.1832798517,90.7783792283285,True,discovery
QQQ,2000-11-13T00:00:00.000Z,60.6275447106,-0.1236585365843324,85.5130530642,90.769035493948,True,discovery
QQQ,2000-11-14T00:00:00.000Z,63.9854298754,-0.0307987220446847,87.7602840576,90.76662339237,True,discovery
QQQ,2000-11-15T00:00:00.000Z,65.2847120749,-0.007948717949479,88.0362597936,90.765199849275,True,discovery
QQQ,2000-11-16T00:00:00.000Z,61.4881082453,-0.143193040206746,86.6563811134,90.750224469434,True,discovery
QQQ,2000-11-17T00:00:00.000Z,61.4459237583,-0.1561812072760053,86.1931165731,90.734791681832,True,discovery
QQQ,2000-11-20T00:00:00.000Z,58.9401652307,-0.1894651351668536,84.9611015921,90.7138834856635,True,discovery
QQQ,2000-11-21T00:00:00.000Z,58.8473593593,-0.1545454545459638,85.3947777487,90.689078207228,True,discovery
QQQ,2000-11-22T00:00:00.000Z,56.2150473708,-0.1444530046226492,83.3545090025,90.663561243839,True,discovery
QQQ,2000-11-24T00:00:00.000Z,59.4295052799,-0.1181772658983757,85.0596353381,90.64568929767952,True,discovery
QQQ,2000-11-27T00:00:00.000Z,58.6870583087,-0.127446061214672,85.8087123359,90.640563101035,True,discovery
QQQ,2000-11-28T00:00:00.000Z,55.2194934777,-0.1474534323305567,84.3302999098,90.625501260981,True,discovery
QQQ,2000-11-29T00:00:00.000Z,53.1018322305,-0.2296205630357204,84.1725994892,90.604710598387,True,discovery
QQQ,2000-11-30T00:00:00.000Z,53.1355798201,-0.2224691358020051,83.4432060271,90.5867785697065,True,discovery
QQQ,2000-12-01T00:00:00.000Z,53.9961433548,-0.2195121951215281,83.4037809219,90.570899650637,True,discovery
QQQ,2000-12-04T00:00:00.000Z,54.8398330947,-0.2174331808328264,84.1134328146,90.567862701699,True,discovery
QQQ,2000-12-05T00:00:00.000Z,59.6404277149,-0.1425278990774696,86.8731901749,90.57970081410951,True,discovery
QQQ,2000-12-06T00:00:00.000Z,57.3709023145,-0.172044319979836,85.4834646805,90.579600822533,True,discovery
QQQ,2000-12-07T00:00:00.000Z,56.1053677046,-0.1215323645963657,84.3105583403,90.5822453435845,True,discovery
QQQ,2000-12-08T00:00:00.000Z,57.3709023145,-0.1015986259732716,84.507683866,90.58739195507452,True,discovery
QQQ,2000-12-11T00:00:00.000Z,62.7536428552,0.0366550522650164,87.4448832164,90.59846867686647,True,discovery
QQQ,2000-12-12T00:00:00.000Z,60.4588067626,-0.0027831895354736,87.0703157006,90.603563699013,True,discovery
QQQ,2000-12-13T00:00:00.000Z,57.9867958246,-0.093749999999707,85.8777157319,90.599565159742,True,discovery
QQQ,2000-12-14T00:00:00.000Z,55.1604351959,-0.1550788317391151,84.7836596021,90.58980299368,True,discovery
QQQ,2000-12-15T00:00:00.000Z,53.894900586,-0.1234906695943179,82.874746475,90.56237622389352,True,discovery
QQQ,2000-12-18T00:00:00.000Z,53.9961433548,-0.1212412467392305,83.9821164183,90.5447908259885,True,discovery
QQQ,2000-12-19T00:00:00.000Z,49.8873743214,-0.15359290008547,82.2716348368,90.527115557354,True,discovery
QQQ,2000-12-20T00:00:00.000Z,47.0188292057,-0.2010035842284683,79.8888316286,90.498064100026,True,discovery
QQQ,2000-12-21T00:00:00.000Z,47.2972468198,-0.1586372504887758,80.4425166002,90.4592588212595,True,discovery
QQQ,2000-12-22T00:00:00.000Z,51.0432292651,-0.1411130039750872,82.8550011197,90.434863886271,True,discovery
QQQ,2000-12-26T00:00:00.000Z,51.3638313663,-0.1247843588254001,83.744822859,90.41971187639552,True,discovery
QQQ,2000-12-27T00:00:00.000Z,51.9375403894,-0.0594346829643664,84.3578603286,90.413788202961,True,discovery
QQQ,2000-12-28T00:00:00.000Z,51.8362976206,-0.0238322211634181,84.6148992431,90.39917105908152,True,discovery
QQQ,2000-12-29T00:00:00.000Z,49.2546070165,-0.073039060018536,83.0131968259,90.35609906684,True,discovery
QQQ,2001-01-02T00:00:00.000Z,45.0867797013,-0.1649999999992221,81.5103376171,90.3024929793795,True,discovery
QQQ,2001-01-03T00:00:00.000Z,52.6799873605,-0.0393846153847746,85.4256813454,90.270817457139,True,discovery
QQQ,2001-01-04T00:00:00.000Z,51.7266179544,-0.1326920356495513,84.5061207116,90.225128745415,True,discovery
QQQ,2001-01-05T00:00:00.000Z,47.7781499716,-0.1672058823532833,81.7476311763,90.162803499101,True,discovery
QQQ,2001-01-08T00:00:00.000Z,48.3012376103,-0.1390977443618135,82.3804140011,90.095599857767,True,discovery
QQQ,2001-01-09T00:00:00.000Z,48.3012376103,-0.1580882352953287,82.1628657971,90.02446409976099,True,discovery
QQQ,2001-01-10T00:00:00.000Z,50.7816854457,-0.1907770906164686,83.6064307241,89.96564616731051,True,discovery
QQQ,2001-01-11T00:00:00.000Z,52.2581424906,-0.1356405246997523,83.6855285772,89.9099698784675,True,discovery
QQQ,2001-01-12T00:00:00.000Z,52.9246573851,-0.0872981230901617,83.527332871,89.853012370759,True,discovery
QQQ,2001-01-16T00:00:00.000Z,52.2918900802,-0.0520036708469119,84.0612142714,89.80666835788651,True,discovery
QQQ,2001-01-17T00:00:00.000Z,53.894900586,0.0,84.446825797,89.7569562478395,True,discovery
QQQ,2001-01-18T00:00:00.000Z,56.155989089,0.0400000000001481,85.2872309945,89.7087000094385,True,discovery
QQQ,2001-01-19T00:00:00.000Z,55.945066654,0.121427363436152,84.802766136,89.661552216613,True,discovery
QQQ,2001-01-22T00:00:00.000Z,56.0041249358,0.1910999461681775,85.3663288476,89.62016454556901,True,discovery
QQQ,2001-01-23T00:00:00.000Z,57.1768536743,0.2088833392806304,86.0386605989,89.578068578762,True,discovery
QQQ,2001-01-24T00:00:00.000Z,56.6368922407,0.1095867768582694,86.2957577295,89.534266512391,True,discovery
QQQ,2001-01-25T00:00:00.000Z,54.4179882248,0.0594612352166517,86.0782095254,89.491240311244,True,discovery
QQQ,2001-01-26T00:00:00.000Z,55.3038624517,0.0648148148152782,85.9793663171,89.449092971226,True,discovery
QQQ,2001-01-29T00:00:00.000Z,56.5272125746,0.090494791667679,86.4381376617,89.422185644114,True,discovery
QQQ,2001-01-30T00:00:00.000Z,56.3162901396,0.1433710174712057,87.1974751531,89.4054498612405,True,discovery
QQQ,2001-01-31T00:00:00.000Z,54.2492502768,0.2032185628736711,86.7039051826,89.41213854088049,True,discovery
QQQ,2001-02-01T00:00:00.000Z,54.9663865557,0.0434016655993803,87.2797305925,89.40679865257151,True,discovery
QQQ,2001-02-02T00:00:00.000Z,51.929103492,0.0039145327030369,85.2991266788,89.3798847331105,True,discovery
QQQ,2001-02-05T00:00:00.000Z,51.886919005,0.0859968214726252,85.9255753475,89.360320221077,True,discovery
QQQ,2001-02-06T00:00:00.000Z,51.971287979,0.0759825327522742,85.6724660143,89.33733246968052,True,discovery
QQQ,2001-02-07T00:00:00.000Z,51.1275982391,0.0585152838443481,85.2295199353,89.31703383492801,True,discovery
QQQ,2001-02-08T00:00:00.000Z,49.6005198098,-0.0232596776875986,84.2360464709,89.2732314354155,True,discovery
QQQ,2001-02-09T00:00:00.000Z,47.5841013314,-0.089441394899192,83.4260850879,89.2306264394735,True,discovery
QQQ,2001-02-12T00:00:00.000Z,48.1578103546,-0.0900685477435327,84.3815934812,89.194318939557,True,discovery
QQQ,2001-02-13T00:00:00.000Z,46.6138581305,-0.1085834140053383,83.6918532416,89.157407114094,True,discovery
QQQ,2001-02-14T00:00:00.000Z,48.4699755583,-0.1006574827806474,83.565298575,89.11368352366,True,discovery
QQQ,2001-02-15T00:00:00.000Z,49.2714808113,-0.1225961538454775,84.3752593251,89.0832289694095,True,discovery
QQQ,2001-02-16T00:00:00.000Z,46.5126153617,-0.1686020208115275,82.5148765547,89.0540648109115,True,discovery
QQQ,2001-02-20T00:00:00.000Z,44.7071193183,-0.2017173847542526,81.2429862408,89.0152065848575,True,discovery
QQQ,2001-02-21T00:00:00.000Z,43.4500216058,-0.2400767301169278,79.4901803473,88.96219024196199,True,discovery
QQQ,2001-02-22T00:00:00.000Z,43.0281767359,-0.2402800536259051,79.6104059201,88.9131586343105,True,discovery
QQQ,2001-02-23T00:00:00.000Z,43.180040889,-0.2065116279083341,79.0725411518,88.86501741386401,True,discovery
QQQ,2001-02-26T00:00:00.000Z,43.9984199368,-0.2044241037373055,80.7557459969,88.8352960656025,True,discovery
QQQ,2001-02-27T00:00:00.000Z,41.340797256,-0.2686567164188082,80.0090616308,88.791935668861,True,discovery
QQQ,2001-02-28T00:00:00.000Z,40.0330781591,-0.2891385767801155,78.4334292332,88.735891195664,True,discovery
QQQ,2001-03-01T00:00:00.000Z,41.172059308,-0.2410575427692598,78.8447387021,88.674155335859,True,discovery
QQQ,2001-03-02T00:00:00.000Z,39.4003108542,-0.2831926323868163,78.2182856039,88.60487360385851,True,discovery
QQQ,2001-03-05T00:00:00.000Z,40.1174471331,-0.2274573517472655,78.9333282976,88.54397299979401,True,discovery
QQQ,2001-03-06T00:00:00.000Z,41.678273152,-0.1967479674793614,79.7812598139,88.4929022945665,True,discovery
QQQ,2001-03-07T00:00:00.000Z,41.6951469468,-0.1977272727270541,80.350764989,88.4517406549505,True,discovery
QQQ,2001-03-08T00:00:00.000Z,40.9189523861,-0.1996699669962768,80.4393545845,88.4143565792985,True,discovery
QQQ,2001-03-09T00:00:00.000Z,38.0504072703,-0.2328627317574592,78.0600898977,88.371549258304,True,discovery
QQQ,2001-03-12T00:00:00.000Z,35.6880759986,-0.2499999999989492,74.7189972157,88.30497493416351,True,discovery
QQQ,2001-03-13T00:00:00.000Z,37.5020089394,-0.2212683952351286,75.9465927318,88.25209065641249,True,discovery
QQQ,2001-03-14T00:00:00.000Z,36.9114261214,-0.2081447963808768,74.446900601,88.19121738893449,True,discovery
QQQ,2001-03-15T00:00:00.000Z,35.5615225376,-0.2663185378580113,74.4658828202,88.11631595307999,True,discovery
QQQ,2001-03-16T00:00:00.000Z,34.7600172847,-0.2945205479448858,72.9760032526,88.03298434998,True,discovery
QQQ,2001-03-19T00:00:00.000Z,36.4980181489,-0.2153092689998753,74.4607746007,87.94923044835801,True,discovery
QQQ,2001-03-20T00:00:00.000Z,34.0428810057,-0.2385355727501502,72.4620398887,87.84753878534201,True,discovery
QQQ,2001-03-21T00:00:00.000Z,34.0428810057,-0.2165048543691465,71.2310766771,87.741947931537,True,discovery
QQQ,2001-03-22T00:00:00.000Z,36.1099208685,-0.1607843137268664,70.5077259312,87.634800084128,True,discovery
QQQ,2001-03-23T00:00:00.000Z,36.1099208685,-0.1637358343099924,72.6397089471,87.53512474537702,True,discovery
QQQ,2001-03-26T00:00:00.000Z,35.274668026,-0.1982742090132083,73.5661056945,87.4418957196135,True,discovery
QQQ,2001-03-27T00:00:00.000Z,36.4895812515,-0.1173469387747697,75.0699126052,87.3571664978115,True,discovery
QQQ,2001-03-28T00:00:00.000Z,33.4944826748,-0.1633298208624934,72.9950381808,87.267456991261,True,discovery
QQQ,2001-03-29T00:00:00.000Z,32.8617153698,-0.2018442622952611,73.2742277019,87.1706108828375,True,discovery
QQQ,2001-03-30T00:00:00.000Z,33.0304533178,-0.1616702355464025,74.0419947606,87.07681899418101,True,discovery
QQQ,2001-04-02T00:00:00.000Z,31.553996273,-0.2134595162969502,72.4620398887,86.9741465617575,True,discovery
QQQ,2001-04-03T00:00:00.000Z,29.2422863856,-0.2983805668014641,70.0445247021,86.86319693513451,True,discovery
QQQ,2001-04-04T00:00:00.000Z,28.7276356442,-0.3110076891957141,70.3364026948,86.747808096111,True,discovery
QQQ,2001-04-05T00:00:00.000Z,31.4780641964,-0.2307216494845316,73.0013846373,86.64741529275749,True,discovery
QQQ,2001-04-06T00:00:00.000Z,30.625937559,-0.195121951220089,71.8909768165,86.541667070379,True,discovery
QQQ,2001-04-09T00:00:00.000Z,31.258704864,-0.124113475177921,72.6904672749,86.44699462312948,True,discovery
QQQ,2001-04-10T00:00:00.000Z,33.5788516488,-0.1046119235089374,74.0166140104,86.36288531113351,True,discovery
QQQ,2001-04-11T00:00:00.000Z,34.5912793367,-0.0628571428551457,74.0673761453,86.2731806015575,True,discovery
QQQ,2001-04-12T00:00:00.000Z,36.1099208685,0.0154211150639056,75.4125527328,86.19359337690099,True,discovery
QQQ,2001-04-16T00:00:00.000Z,33.9585120317,-0.0230582524293734,74.6194042894,86.10876223480251,True,discovery
QQQ,2001-04-17T00:00:00.000Z,34.8022017716,-0.0464632454940876,75.6727079603,86.03352325279249,True,discovery
QQQ,2001-04-18T00:00:00.000Z,38.4300676533,0.1288723667913247,78.6803255888,85.969881652258,True,discovery
QQQ,2001-04-19T00:00:00.000Z,40.7502144381,0.1970260223063069,79.7272828032,85.90518299527399,True,discovery
QQQ,2001-04-20T00:00:00.000Z,40.8345834121,0.1308411214969318,78.9975849662,85.84519205774201,True,discovery
QQQ,2001-04-23T00:00:00.000Z,38.0925917573,0.0549065420558581,77.5635713114,85.7744918905175,True,discovery
QQQ,2001-04-24T00:00:00.000Z,37.3754554784,0.059555130351661,77.1447914713,85.6943247158495,True,discovery
QQQ,2001-04-25T00:00:00.000Z,38.0504072703,0.0427745664726102,78.1536737533,85.6199884329065,True,discovery
QQQ,2001-04-26T00:00:00.000Z,37.0801640694,0.1070528967237263,78.502660972,85.54641398566301,True,discovery
QQQ,2001-04-27T00:00:00.000Z,38.0925917573,0.1591784338898871,79.8097683377,85.47632731931398,True,discovery
QQQ,2001-04-30T00:00:00.000Z,38.9362814972,0.1787994891434736,80.3681480145,85.406968185234,True,discovery
QQQ,2001-05-01T00:00:00.000Z,40.5392920031,0.2847593582873211,80.6156096943,85.3342256429885,True,discovery
QQQ,2001-05-02T00:00:00.000Z,41.3239234612,0.4131563762247214,80.4696684772,85.26153987497301,True,discovery
QQQ,2001-05-03T00:00:00.000Z,39.4846798282,0.3744493392087353,79.4480926475,85.18762957188899,True,discovery
QQQ,2001-05-04T00:00:00.000Z,40.6658454641,0.2918788528536888,80.7996156916,85.124261723019,True,discovery
QQQ,2001-05-07T00:00:00.000Z,39.8221557242,0.3002754820969562,80.1016463304,85.05091556474201,True,discovery
QQQ,2001-05-08T00:00:00.000Z,40.6658454641,0.3009446693658129,80.0635764741,84.9866202008875,True,discovery
QQQ,2001-05-09T00:00:00.000Z,39.2737573932,0.1695979899480428,79.7272828032,84.92329788445498,True,discovery
QQQ,2001-05-10T00:00:00.000Z,38.6156793961,0.1163414634141695,79.9620515698,84.859674616552,True,discovery
QQQ,2001-05-11T00:00:00.000Z,38.4300676533,0.0642523364492873,79.4100234258,84.7978134697415,True,discovery
QQQ,2001-05-14T00:00:00.000Z,37.8141741432,0.1135403726730066,79.5686531145,84.738318432005,True,discovery
QQQ,2001-05-15T00:00:00.000Z,38.0925917573,0.0945454545460711,79.9366746267,84.6909862006795,True,discovery
QQQ,2001-05-16T00:00:00.000Z,39.7799712372,0.0351262349074756,81.8211915212,84.65022541797151,True,discovery
QQQ,2001-05-17T00:00:00.000Z,40.4127385421,-0.0082815734997574,81.9480933686,84.60734646339701,True,discovery
QQQ,2001-05-18T00:00:00.000Z,40.5308551057,-0.007438016529636,82.3224664136,84.5640783878535,True,discovery
QQQ,2001-05-21T00:00:00.000Z,43.0703612229,0.1306755260265553,83.5343902555,84.5237240102585,True,discovery
QQQ,2001-05-22T00:00:00.000Z,42.9438077619,0.1489841986465705,83.4265233362,84.48037240236948,True,discovery
QQQ,2001-05-23T00:00:00.000Z,41.045505847,0.0787139689576412,82.0115490512,84.42444056084899,True,discovery
QQQ,2001-05-24T00:00:00.000Z,42.1001180219,0.1353811149029586,82.2526693506,84.36794474011649,True,discovery
QQQ,2001-05-25T00:00:00.000Z,41.3323603586,0.0850498338874286,81.2818562904,84.310527255659,True,discovery
QQQ,2001-05-29T00:00:00.000Z,38.9109708051,-0.000650054168676,80.6346446224,84.25213498848,True,discovery
QQQ,2001-05-30T00:00:00.000Z,37.4851351446,-0.0753381893859037,79.5052018735,84.1859326866895,True,discovery
QQQ,2001-05-31T00:00:00.000Z,37.7382420666,-0.0867701102478006,79.917635257,84.1158939494525,True,discovery
QQQ,2001-06-01T00:00:00.000Z,38.8519125233,-0.0160256410246506,80.4125636928,84.048723094552,True,discovery
QQQ,2001-06-04T00:00:00.000Z,38.6663007805,-0.0491701244811252,80.7996156916,83.98515862560299,True,discovery
QQQ,2001-06-05T00:00:00.000Z,40.3705540551,0.0137711864394809,81.7260175151,83.9213106638015,True,discovery
QQQ,2001-06-06T00:00:00.000Z,40.0583888513,-0.0149377593375321,81.0470824475,83.8556409872925,True,discovery
QQQ,2001-06-07T00:00:00.000Z,41.087690334,0.0461868958103324,81.3389604402,83.78887463972251,True,discovery
QQQ,2001-06-08T00:00:00.000Z,39.9487091852,0.0345204282288151,80.583881853,83.7191193795315,True,discovery
QQQ,2001-06-11T00:00:00.000Z,38.8519125233,0.0109769484093993,80.0128137047,83.6446410325625,True,discovery
QQQ,2001-06-12T00:00:00.000Z,38.6409900883,0.0218652387321458,79.8732189442,83.56798991648799,True,discovery
QQQ,2001-06-13T00:00:00.000Z,37.5863779134,-0.013289036543516,79.1879424961,83.4881090382515,True,discovery
QQQ,2001-06-14T00:00:00.000Z,35.6458915116,-0.1039236479320036,77.4112880793,83.3977228698045,True,discovery
QQQ,2001-06-15T00:00:00.000Z,35.9411829205,-0.1106471816291726,77.5359316744,83.30786175086,True,discovery
QQQ,2001-06-18T00:00:00.000Z,35.4602797688,-0.1251040799330904,77.1605037688,83.220694814842,True,discovery
QQQ,2001-06-19T00:00:00.000Z,35.2831049234,-0.1808031341831329,77.4977542155,83.12892228853599,True,discovery
QQQ,2001-06-20T00:00:00.000Z,36.0846101763,-0.1597249508853642,77.90500017,83.03869429709299,True,discovery
QQQ,2001-06-21T00:00:00.000Z,36.5739502255,-0.1089414182923713,78.7894888593,82.9567229853455,True,discovery
QQQ,2001-06-22T00:00:00.000Z,36.4895812515,-0.133266533064859,78.1722544725,82.877072409119,True,discovery
QQQ,2001-06-25T00:00:00.000Z,36.5823871229,-0.1149214125321945,77.4532116196,82.7897960517245,True,discovery
QQQ,2001-06-26T00:00:00.000Z,36.7089405839,-0.0565915004338926,77.3450380166,82.705222912903,True,discovery
QQQ,2001-06-27T00:00:00.000Z,36.945173711,-0.0144046815228778,77.3004954208,82.621115376091,True,discovery
QQQ,2001-06-28T00:00:00.000Z,37.4176399654,-0.0084954169469316,77.7268310591,82.542580224137,True,discovery
QQQ,2001-06-29T00:00:00.000Z,38.5566211143,-0.0076004343112558,78.013173773,82.4642480077835,True,discovery
QQQ,2001-07-02T00:00:00.000Z,38.3456986793,-0.008291512110765,78.9867470177,82.388424216708,True,discovery
QQQ,2001-07-03T00:00:00.000Z,38.5059997299,-0.0461859979096436,78.9676579701,82.32277727844001,True,discovery
QQQ,2001-07-05T00:00:00.000Z,36.6583191995,-0.0848778433007213,77.4277580714,82.25366918456601,True,discovery
QQQ,2001-07-06T00:00:00.000Z,35.1396776676,-0.1447638603691001,75.7542310214,82.1720538194015,True,discovery
QQQ,2001-07-09T00:00:00.000Z,35.443405974,-0.1127771911305985,76.1678370222,82.09590685225001,True,discovery
QQQ,2001-07-10T00:00:00.000Z,34.1694344667,-0.1205211726396187,75.2515353746,82.02212695386851,True,discovery
QQQ,2001-07-11T00:00:00.000Z,34.5912793367,-0.1048034934494652,75.3278909287,81.9405482690235,True,discovery
QQQ,2001-07-12T00:00:00.000Z,36.7848726605,-0.0213243546570699,77.115961173,81.87116236149049,True,discovery
QQQ,2001-07-13T00:00:00.000Z,36.4052122775,0.0213017751471553,77.7840975657,81.8109324840145,True,discovery
QQQ,2001-07-16T00:00:00.000Z,35.7302604856,-0.005868544598728,76.8105243209,81.7434692340055,True,discovery
QQQ,2001-07-17T00:00:00.000Z,36.5317657385,0.0302165120153043,77.5295671738,81.67378585016749,True,discovery
QQQ,2001-07-18T00:00:00.000Z,35.1396776676,-0.0040650406507983,77.0014230693,81.6057985073735,True,discovery
QQQ,2001-07-19T00:00:00.000Z,35.9749305101,-0.0030395136781061,77.6759239627,81.5404938747905,True,discovery
QQQ,2001-07-20T00:00:00.000Z,35.1396776676,-0.0392156862755285,77.2114057748,81.477104704987,True,discovery
QQQ,2001-07-23T00:00:00.000Z,34.2622403381,-0.0610404624281194,75.6905949236,81.4023660959385,True,discovery
QQQ,2001-07-24T00:00:00.000Z,33.8741430577,-0.0740313653152688,74.9588275238,81.322391645685,True,discovery
QQQ,2001-07-25T00:00:00.000Z,34.1694344667,-0.0691794989669027,75.7860439797,81.256409553998,True,discovery
QQQ,2001-07-26T00:00:00.000Z,34.6756483107,-0.0614295501234651,76.5814474773,81.1977556137365,True,discovery
QQQ,2001-07-27T00:00:00.000Z,35.3927845896,-0.0541149943628828,76.8741559644,81.14785886036249,True,discovery
QQQ,2001-07-30T00:00:00.000Z,35.1818621546,-0.0875273522982116,76.8996088763,81.1017363388585,True,discovery
QQQ,2001-07-31T00:00:00.000Z,35.232483539,-0.0811881188118914,77.2177702754,81.06794782041851,True,discovery
QQQ,2001-08-01T00:00:00.000Z,36.3630277905,-0.0556529360211878,77.7013775109,81.0225814258285,True,discovery
QQQ,2001-08-02T00:00:00.000Z,37.0464164798,0.0105868814712404,78.0195389099,80.9768345829765,True,discovery
QQQ,2001-08-03T00:00:00.000Z,36.4305229697,0.0367346938782595,77.5932032715,80.9397979658475,True,discovery
QQQ,2001-08-06T00:00:00.000Z,35.8568139465,0.0116638895484044,76.549634519,80.899120509162,True,discovery
QQQ,2001-08-07T00:00:00.000Z,35.6712022038,0.0439506172852688,76.8487024162,80.843971224378,True,discovery
QQQ,2001-08-08T00:00:00.000Z,34.1694344667,-0.0121951219523829,75.4233406211,80.7798225832085,True,discovery
QQQ,2001-08-09T00:00:00.000Z,34.3128617225,-0.0672018348633423,75.6460523278,80.71481624531499,True,discovery
QQQ,2001-08-10T00:00:00.000Z,33.9838227239,-0.0665121668606921,75.9069472203,80.65407126477,True,discovery
QQQ,2001-08-13T00:00:00.000Z,34.6756483107,-0.0295159386068576,75.9260362679,80.60377067448,True,discovery
QQQ,2001-08-14T00:00:00.000Z,34.2538034407,-0.0623556581991138,75.894218219,80.55212824079099,True,discovery
QQQ,2001-08-15T00:00:00.000Z,32.9882688308,-0.0612244897961505,75.2388063733,80.48902818364,True,discovery
QQQ,2001-08-16T00:00:00.000Z,33.3763661112,-0.0722326454020655,75.4997012658,80.42329009043651,True,discovery
QQQ,2001-08-17T00:00:00.000Z,31.8577245793,-0.0933973589440767,74.2906866768,80.3438682628555,True,discovery
QQQ,2001-08-20T00:00:00.000Z,32.2964432441,-0.0573750307802848,74.9779165714,80.2694103548825,True,discovery
QQQ,2001-08-21T00:00:00.000Z,30.9549765576,-0.0861768368613075,73.6989064746,80.1878181283935,True,discovery
QQQ,2001-08-22T00:00:00.000Z,31.7986662975,-0.0693827160502302,74.4624919233,80.109797469551,True,discovery
QQQ,2001-08-23T00:00:00.000Z,31.4865010938,-0.0919708029198089,74.1952369845,80.027286527603,True,discovery
QQQ,2001-08-24T00:00:00.000Z,33.1570067788,-0.0631704410016092,75.7351375195,79.9525735060085,True,discovery
QQQ,2001-08-27T00:00:00.000Z,33.1991912658,-0.0563549160669075,75.2833489692,79.885654943475,True,discovery
QQQ,2001-08-28T00:00:00.000Z,32.1614528857,-0.0871647509577511,74.1825130738,79.8149079135175,True,discovery
QQQ,2001-08-29T00:00:00.000Z,31.6889866313,-0.1285382830640168,73.5207367275,79.7515951978965,True,discovery
QQQ,2001-08-30T00:00:00.000Z,30.5162578929,-0.1762696424487007,72.1080994794,79.6845704299725,True,discovery
QQQ,2001-08-31T00:00:00.000Z,30.5162578929,-0.1623436776276589,72.6362486744,79.6089502530565,True,discovery
QQQ,2001-09-04T00:00:00.000Z,29.9256750749,-0.165411764705295,72.1717304865,79.529627606521,True,discovery
QQQ,2001-09-05T00:00:00.000Z,29.8075585113,-0.1643803216667408,72.3499002337,79.45809520212251,True,discovery
QQQ,2001-09-06T00:00:00.000Z,28.6010821832,-0.1629629629640685,70.4854744353,79.3795569914335,True,discovery
QQQ,2001-09-07T00:00:00.000Z,28.4323442353,-0.1713793951305426,69.1810152445,79.3006565596955,True,discovery
QQQ,2001-09-10T00:00:00.000Z,28.7698201312,-0.1534260178750613,70.0273258386,79.223819300145,True,discovery
QQQ,2001-09-17T00:00:00.000Z,26.3231198855,-0.2408759124086117,66.3684697496,79.13888910388049,True,discovery
QQQ,2001-09-18T00:00:00.000Z,25.7325370675,-0.2487684729070151,66.2093890501,79.0446378724405,True,discovery
QQQ,2001-09-19T00:00:00.000Z,25.2853815054,-0.2335038363155354,64.8731073561,78.9399598475415,True,discovery
QQQ,2001-09-20T00:00:00.000Z,24.4416917654,-0.2676946410532637,62.811422763,78.8323654618075,True,discovery
QQQ,2001-09-21T00:00:00.000Z,23.7836137683,-0.2534427966097198,62.1362842742,78.7221838857325,True,discovery
QQQ,2001-09-24T00:00:00.000Z,24.981653199,-0.2264890282132315,64.3207617632,78.62657166441299,True,discovery
QQQ,2001-09-25T00:00:00.000Z,25.0575852756,-0.1905151267366113,64.9914369849,78.534509944728,True,discovery
QQQ,2001-09-26T00:00:00.000Z,24.1885848435,-0.2393207747394834,64.7614912129,78.43775023671951,True,discovery
QQQ,2001-09-27T00:00:00.000Z,24.0282837929,-0.2368703108256317,65.323578039,78.33000217604001,True,discovery
QQQ,2001-09-28T00:00:00.000Z,24.4501286628,-0.2625954198485438,66.7096393974,78.2361330496245,True,discovery
QQQ,2001-10-01T00:00:00.000Z,24.2392062279,-0.2698856416761601,66.6010510019,78.1475855129325,True,discovery
QQQ,2001-10-02T00:00:00.000Z,24.3151383045,-0.2439664218244543,67.4377989862,78.0622360885335,True,discovery
QQQ,2001-10-03T00:00:00.000Z,26.1543819375,-0.1746538871121027,68.5683600034,77.96785347246849,True,discovery
QQQ,2001-10-04T00:00:00.000Z,26.4074888595,-0.134641968481855,68.6258488417,77.875631138174,True,discovery
QQQ,2001-10-05T00:00:00.000Z,26.7955861398,-0.1219242466149711,68.4917148193,77.788701133611,True,discovery
QQQ,2001-10-08T00:00:00.000Z,26.8799551138,-0.1017761488580278,68.0445967274,77.7050058192375,True,discovery
QQQ,2001-10-09T00:00:00.000Z,26.2303140141,-0.1200113218210701,67.680516933,77.6290346715275,True,discovery
QQQ,2001-10-10T00:00:00.000Z,27.4199165474,-0.0412979351002951,69.1879356679,77.5550637677755,True,discovery
QQQ,2001-10-11T00:00:00.000Z,29.2760339752,0.0296735905037517,70.2610129567,77.495010658375,True,discovery
QQQ,2001-10-12T00:00:00.000Z,29.1494805142,0.0131964809397007,69.941644716,77.445274723812,True,discovery
QQQ,2001-10-15T00:00:00.000Z,29.0229270532,0.1025641025624466,69.8138993359,77.39213163749051,True,discovery
QQQ,2001-10-16T00:00:00.000Z,29.4953933076,0.1462295081992695,70.2546243144,77.329129753464,True,discovery
QQQ,2001-10-17T00:00:00.000Z,27.3777320604,0.082749416082694,68.7599835028,77.254205556683,True,discovery
QQQ,2001-10-18T00:00:00.000Z,28.1201790315,0.1505005177795146,68.6130715571,77.1754816128255,True,discovery
QQQ,2001-10-19T00:00:00.000Z,28.3057907743,0.190138346933105,68.5683600034,77.095248916627,True,discovery
QQQ,2001-10-22T00:00:00.000Z,29.0651115402,0.1634582911175572,69.9224832602,77.0297953487985,True,discovery
QQQ,2001-10-23T00:00:00.000Z,29.2169756934,0.1659932659932013,69.5647927469,76.9700676244475,True,discovery
QQQ,2001-10-24T00:00:00.000Z,29.8497429983,0.2340425531889385,69.3795585285,76.889837010363,True,discovery
QQQ,2001-10-25T00:00:00.000Z,31.047782429,0.2921348314595051,70.6250927511,76.8204318705605,True,discovery
QQQ,2001-10-26T00:00:00.000Z,30.3812675345,0.242581090410539,70.4654086307,76.7640207578325,True,discovery
QQQ,2001-10-29T00:00:00.000Z,28.7191987468,0.1848242255451173,68.6322330128,76.695279852891,True,discovery
QQQ,2001-10-30T00:00:00.000Z,28.1623635185,0.1582234559318955,67.8082674229,76.62350686101999,True,discovery
QQQ,2001-10-31T00:00:00.000Z,28.6010821832,0.0935483870942457,67.5783216509,76.543366315654,True,discovery
QQQ,2001-11-01T00:00:00.000Z,29.8159954087,0.1290734824251873,69.3092968768,76.471485157152,True,discovery
QQQ,2001-11-02T00:00:00.000Z,30.0353547411,0.1209068010080924,69.7819605956,76.40275829577499,True,discovery
QQQ,2001-11-05T00:00:00.000Z,31.0140348394,0.1537978656622678,70.695353764,76.335928993238,True,discovery
QQQ,2001-11-06T00:00:00.000Z,32.2205111675,0.2283692505617733,71.7939817896,76.272664773201,True,discovery
QQQ,2001-11-07T00:00:00.000Z,32.1783266805,0.1735384615366817,71.6981700399,76.204719468428,True,discovery
QQQ,2001-11-08T00:00:00.000Z,31.8492876819,0.0878962536004648,71.9217265309,76.1403142704025,True,discovery
QQQ,2001-11-09T00:00:00.000Z,31.8324138871,0.0920405209826302,71.9983768249,76.073474510289,True,discovery
QQQ,2001-11-12T00:00:00.000Z,32.0602101169,0.1046511627904573,71.5576473752,76.0010694441705,True,discovery
QQQ,2001-11-13T00:00:00.000Z,33.2076281632,0.1258581235681803,73.1672658634,75.93542698483999,True,discovery
QQQ,2001-11-14T00:00:00.000Z,33.4438612904,0.2215716486894192,73.237527515,75.871223574788,True,discovery
QQQ,2001-11-15T00:00:00.000Z,33.308870932,0.1845184518451204,73.3716615374,75.80818505088949,True,discovery
QQQ,2001-11-16T00:00:00.000Z,33.2160650606,0.1734724292090168,73.0459046544,75.741223885853,True,discovery
QQQ,2001-11-19T00:00:00.000Z,34.1609975693,0.175326560231908,73.9465205383,75.674969112779,True,discovery
QQQ,2001-11-20T00:00:00.000Z,32.5832977557,0.1152180190593936,73.3269499837,75.6080843367845,True,discovery
QQQ,2001-11-21T00:00:00.000Z,32.6001715505,0.0921424533657337,72.8415089804,75.53589322872399,True,discovery
QQQ,2001-11-23T00:00:00.000Z,33.140132984,0.0673913043478959,73.8890361712,75.478842776186,True,discovery
QQQ,2001-11-26T00:00:00.000Z,33.9585120317,0.117745070811736,74.0487202915,75.419458500906,True,discovery
QQQ,2001-11-27T00:00:00.000Z,33.9163275447,0.1809635722681535,73.7293520508,75.3597429310885,True,discovery
QQQ,2001-11-28T00:00:00.000Z,32.6929774219,0.1608747753157795,72.3943902497,75.2955672826605,True,discovery
QQQ,2001-11-29T00:00:00.000Z,33.7054051098,0.1784660766996511,73.3716615374,75.24124535799301,True,discovery
QQQ,2001-11-30T00:00:00.000Z,33.4522981878,0.1219581211110247,72.8478976226,75.1883544206665,True,discovery
QQQ,2001-12-03T00:00:00.000Z,32.8785891646,0.0946629213474663,72.4135568153,75.128514237337,True,discovery
QQQ,2001-12-04T00:00:00.000Z,34.4478520809,0.1107181719270431,73.6399295821,75.0782546190395,True,discovery
QQQ,2001-12-05T00:00:00.000Z,36.1521053555,0.1220214715887466,74.9876641967,75.035366447148,True,discovery
QQQ,2001-12-06T00:00:00.000Z,36.2027267399,0.1250655479807401,74.9493361754,74.9882368313995,True,discovery
QQQ,2001-12-07T00:00:00.000Z,35.2071728468,0.1054304635770013,74.4511229973,74.9479180636125,True,discovery
QQQ,2001-12-10T00:00:00.000Z,34.5912793367,0.0866684336093663,73.0586768291,74.906996516554,True,discovery
QQQ,2001-12-11T00:00:00.000Z,34.7853279768,0.0849999999988613,72.9117706321,74.874104467978,True,discovery
QQQ,2001-12-12T00:00:00.000Z,35.063745591,0.0558943089424528,72.9948044584,74.8410264606695,True,discovery
QQQ,2001-12-13T00:00:00.000Z,33.5451040592,0.0030272452071513,71.5768088309,74.803547799065,True,discovery
QQQ,2001-12-14T00:00:00.000Z,33.8403954681,0.0159574468070415,72.2602562273,74.761070350217,True,discovery
QQQ,2001-12-17T00:00:00.000Z,34.4225413887,0.0363220726446338,73.007581743,74.726062950778,True,discovery
QQQ,2001-12-18T00:00:00.000Z,34.810638669,0.0190170412436614,73.4419225504,74.701105417364,True,discovery
QQQ,2001-12-19T00:00:00.000Z,34.1778713641,0.0489383738980517,73.9592978228,74.6766782129675,True,discovery
QQQ,2001-12-20T00:00:00.000Z,32.7267250114,0.0038819875749414,73.2311388728,74.65174247931199,True,discovery
QQQ,2001-12-21T00:00:00.000Z,33.308870932,0.0050916496949926,73.6736331513,74.6254440035805,True,discovery
QQQ,2001-12-24T00:00:00.000Z,33.1738805736,-0.0231055900614124,73.5326348244,74.594200878633,True,discovery
QQQ,2001-12-26T00:00:00.000Z,33.4860457774,-0.012686567162465,73.9364124908,74.56212911614199,True,discovery
QQQ,2001-12-27T00:00:00.000Z,33.7560264941,0.0325161290292237,74.3850538438,74.5318576124385,True,discovery
QQQ,2001-12-28T00:00:00.000Z,34.0260072109,0.0095118898602641,74.3465999878,74.513290162889,True,discovery
QQQ,2001-12-31T00:00:00.000Z,32.8279677802,-0.0186633039109908,73.2570396693,74.505980375157,True,discovery
QQQ,2002-01-02T00:00:00.000Z,33.8403954681,0.0292532717473037,74.0453674331,74.4964742486635,True,discovery
QQQ,2002-01-03T00:00:00.000Z,35.0131242066,0.0164095028152253,74.884969355,74.4986645924335,True,discovery
QQQ,2002-01-04T00:00:00.000Z,35.1565514624,-0.0275379229870643,75.3848906345,74.503259631505,True,discovery
QQQ,2002-01-07T00:00:00.000Z,34.7684541821,-0.039617804705833,74.8529266113,74.5126442482985,True,discovery
QQQ,2002-01-08T00:00:00.000Z,35.0046873092,-0.005751258088262,74.679875927,74.51373975493,True,discovery
QQQ,2002-01-09T00:00:00.000Z,34.6840852081,0.0026829268295243,74.0710048326,74.5217845796495,True,discovery
QQQ,2002-01-10T00:00:00.000Z,34.9118814378,0.0036381275773627,74.3978747868,74.537618570198,True,discovery
QQQ,2002-01-11T00:00:00.000Z,34.4647258757,-0.0170837343587662,73.6672271663,74.5534160763735,True,discovery
QQQ,2002-01-14T00:00:00.000Z,33.7138420072,0.005030181086999,73.2057648702,74.556246355989,True,discovery
QQQ,2002-01-15T00:00:00.000Z,34.0344441083,0.0057342308656802,73.801820149,74.5574249282615,True,discovery
QQQ,2002-01-16T00:00:00.000Z,32.718288114,-0.0495098039234097,72.3084776777,74.543617753624,True,discovery
QQQ,2002-01-17T00:00:00.000Z,33.4522981878,-0.0390208434299612,72.8532575165,74.5429088503025,True,discovery
QQQ,2002-01-18T00:00:00.000Z,32.5579870635,-0.0473957047629801,72.5199822182,74.539137622884,True,discovery
QQQ,2002-01-22T00:00:00.000Z,31.553996273,-0.03583397782673,72.0200660661,74.52902797941151,True,discovery
QQQ,2002-01-23T00:00:00.000Z,32.4229967051,-0.0265957446804039,72.5712563763,74.5295740618495,True,discovery
QQQ,2002-01-24T00:00:00.000Z,32.8532784724,-0.0096642929816037,72.7955773733,74.5433293252055,True,discovery
QQQ,2002-01-25T00:00:00.000Z,32.760472601,-0.0216679264319019,72.7763504453,74.555529063958,True,discovery
QQQ,2002-01-28T00:00:00.000Z,32.9460843438,-0.0239940014990082,72.9750340427,74.555397310985,True,discovery
QQQ,2002-01-29T00:00:00.000Z,32.0433363221,-0.0582692784525381,70.6805428647,74.549345141226,True,discovery
QQQ,2002-01-30T00:00:00.000Z,32.2880063467,-0.0164482138253367,71.6996065834,74.5443908377685,True,discovery
QQQ,2002-01-31T00:00:00.000Z,32.4904918843,-0.0398903016683862,72.5392085053,74.53700381024301,True,discovery
QQQ,2002-02-01T00:00:00.000Z,32.1783266805,-0.0809638554209806,72.1995227355,74.527664543194,True,discovery
QQQ,2002-02-04T00:00:00.000Z,31.1490251978,-0.113990880729188,70.4049470686,74.502626514873,True,discovery
QQQ,2002-02-05T00:00:00.000Z,30.6343744564,-0.1189031788427443,69.9691221722,74.479375104287,True,discovery
QQQ,2002-02-06T00:00:00.000Z,30.4234520215,-0.1308749096152032,69.6678896175,74.449351012573,True,discovery
QQQ,2002-02-07T00:00:00.000Z,29.6894419477,-0.1440038919992495,69.232064721,74.402109708234,True,discovery
QQQ,2002-02-08T00:00:00.000Z,30.5162578929,-0.1259062348940249,70.5587663385,74.3562671259105,True,discovery
QQQ,2002-02-11T00:00:00.000Z,30.9043551732,-0.1033047735629983,71.4240107873,74.318399255016,True,discovery
QQQ,2002-02-12T00:00:00.000Z,30.6512482512,-0.0908408408435309,71.1996853039,74.2865798249785,True,discovery
QQQ,2002-02-13T00:00:00.000Z,31.17433589,-0.0840356965784114,71.955970324,74.260635719242,True,discovery
QQQ,2002-02-14T00:00:00.000Z,31.1152776082,-0.0489943269713455,71.8213779822,74.22897424038649,True,discovery
QQQ,2002-02-15T00:00:00.000Z,30.1872188943,-0.0976040353093219,71.0715034336,74.19181845269449,True,discovery
QQQ,2002-02-19T00:00:00.000Z,29.2591601804,-0.1013215859035167,69.70634796,74.141301350806,True,discovery
QQQ,2002-02-20T00:00:00.000Z,29.6556943581,-0.0601604278100371,70.8792258212,74.09385673983951,True,discovery
QQQ,2002-02-21T00:00:00.000Z,28.2467324925,-0.1288056206088775,69.4115258768,74.03783632075199,True,discovery
QQQ,2002-02-22T00:00:00.000Z,28.3901597483,-0.1358500256785471,70.2703547268,73.98683975200001,True,discovery
QQQ,2002-02-25T00:00:00.000Z,29.5375777946,-0.0983775431341493,71.4304167724,73.94675137262449,True,discovery
QQQ,2002-02-26T00:00:00.000Z,29.4278981284,-0.1067861715731349,71.283007974,73.8991683340365,True,discovery
QQQ,2002-02-27T00:00:00.000Z,29.0229270532,-0.0942601369139219,71.5586037701,73.856453121235,True,discovery
QQQ,2002-02-28T00:00:00.000Z,28.4998394145,-0.1173242748878229,71.2381442873,73.812325960301,True,discovery
QQQ,2002-03-01T00:00:00.000Z,30.1534713047,-0.0719293689957735,72.8981218441,73.7781801555055,True,discovery
QQQ,2002-03-04T00:00:00.000Z,31.343073838,-0.0259570005237768,74.1863702464,73.7493017488885,True,discovery
QQQ,2002-03-05T00:00:00.000Z,31.5708700678,0.0135427952342404,73.9492283064,73.7219977732915,True,discovery
QQQ,2002-03-06T00:00:00.000Z,31.7227342209,0.0355274029195209,74.8272892118,73.698290953778,True,discovery
QQQ,2002-03-07T00:00:00.000Z,31.7902294001,0.0449251247897217,74.6670594705,73.671942877997,True,discovery
QQQ,2002-03-08T00:00:00.000Z,32.6254822427,0.0988917306082086,74.9811084817,73.6377424627995,True,discovery
QQQ,2002-03-11T00:00:00.000Z,32.5073656791,0.065247442631662,75.141338223,73.60370868707149,True,discovery
QQQ,2002-03-12T00:00:00.000Z,32.0602101169,0.0374010374014324,75.0964738954,73.5675787244805,True,discovery
QQQ,2002-03-13T00:00:00.000Z,31.2840155562,0.020644095790625,74.3722373873,73.5217679601395,True,discovery
QQQ,2002-03-14T00:00:00.000Z,31.0984038134,-0.0024357239515198,74.2696877891,73.475983782404,True,discovery
QQQ,2002-03-15T00:00:00.000Z,31.4105690172,0.0094902386126287,74.9753299563,73.4408026869295,True,discovery
QQQ,2002-03-18T00:00:00.000Z,31.5877438626,0.0463946338748169,74.9881821352,73.40448025085249,True,discovery
QQQ,2002-03-19T00:00:00.000Z,31.5371224782,0.0778546712808918,75.4895167378,73.37551855308949,True,discovery
QQQ,2002-03-20T00:00:00.000Z,30.4234520215,0.0258890469442101,74.0690675188,73.3426906675715,True,discovery
QQQ,2002-03-21T00:00:00.000Z,31.2333941718,0.1057347670245756,74.1012063218,73.31567068981299,True,discovery
QQQ,2002-03-22T00:00:00.000Z,30.9465396602,0.0900445765210276,73.9405219483,73.28578512326949,True,discovery
QQQ,2002-03-25T00:00:00.000Z,30.0016071515,0.0157097971989035,73.0214073319,73.248829341465,True,discovery
QQQ,2002-03-26T00:00:00.000Z,30.2800247657,0.0289564220177056,73.445611507,73.212059320542,True,discovery
QQQ,2002-03-27T00:00:00.000Z,30.0437916385,0.035174418604599,73.6384346834,73.17162140638351,True,discovery
QQQ,2002-03-28T00:00:00.000Z,30.4234520215,0.0674955595020412,73.6062958805,73.1344174735485,True,discovery
QQQ,2002-04-01T00:00:00.000Z,31.005597942,0.0282596530492056,73.6384346834,73.09591484476451,True,discovery
QQQ,2002-04-02T00:00:00.000Z,29.6050729737,-0.05545087483388,73.2335113476,73.0591629922375,True,discovery
QQQ,2002-04-03T00:00:00.000Z,29.5544515894,-0.0638695884551057,72.7193194243,73.0226955208355,True,discovery
QQQ,2002-04-04T00:00:00.000Z,29.3266553596,-0.0755319148915412,72.4172321594,72.9854155869115,True,discovery
QQQ,2002-04-05T00:00:00.000Z,28.997616361,-0.0878450106148405,72.4300894802,72.951626321832,True,discovery
QQQ,2002-04-08T00:00:00.000Z,29.3604029492,-0.1000775795193209,72.5843451933,72.927491607402,True,discovery
QQQ,2002-04-09T00:00:00.000Z,28.3395383639,-0.128211783026135,72.0765819303,72.9001948586815,True,discovery
QQQ,2002-04-10T00:00:00.000Z,28.5504607988,-0.1094736842117543,72.8928617613,72.878856648644,True,discovery
QQQ,2002-04-11T00:00:00.000Z,27.8417614173,-0.110032362460509,71.0803368864,72.8467695619985,True,discovery
QQQ,2002-04-12T00:00:00.000Z,28.2804800821,-0.0906131307641515,71.6138102919,72.815313612608,True,discovery
QQQ,2002-04-15T00:00:00.000Z,28.5082763119,-0.0923986032762012,71.0674847075,72.776703591849,True,discovery
QQQ,2002-04-16T00:00:00.000Z,29.6978788451,-0.0598290598315762,72.7578823884,72.7496317314285,True,discovery
QQQ,2002-04-17T00:00:00.000Z,29.546014692,-0.063135366505817,72.6036266753,72.725383806707,True,discovery
QQQ,2002-04-18T00:00:00.000Z,28.9807425662,-0.0474209650594695,72.2886865888,72.70010204956799,True,discovery
QQQ,2002-04-19T00:00:00.000Z,29.0735484376,-0.0691518098327617,72.5522063904,72.676360604416,True,discovery
QQQ,2002-04-22T00:00:00.000Z,28.3395383639,-0.0842420937825508,71.3438618299,72.64444575827001,True,discovery
QQQ,2002-04-23T00:00:00.000Z,27.8501983147,-0.0717097862769807,71.0353459046,72.609556618928,True,discovery
QQQ,2002-04-24T00:00:00.000Z,27.4199165474,-0.094455280021429,70.3219117855,72.56623244276699,True,discovery
QQQ,2002-04-25T00:00:00.000Z,27.3524213682,-0.0895815782070299,70.3604741069,72.523196523451,True,discovery
QQQ,2002-04-26T00:00:00.000Z,26.1881295271,-0.1392124237383363,69.023578834,72.48117562726401,True,discovery
QQQ,2002-04-29T00:00:00.000Z,26.2556247063,-0.1531972789102613,68.6829292476,72.44581911839501,True,discovery
QQQ,2002-04-30T00:00:00.000Z,26.7702754476,-0.0957537760038059,69.3256667416,72.411608266992,True,discovery
QQQ,2002-05-01T00:00:00.000Z,26.6268481918,-0.0990579503309075,70.1740795909,72.3862209880735,True,discovery
QQQ,2002-05-02T00:00:00.000Z,25.7409739649,-0.1222669735342403,69.9041311289,72.3591021890745,True,discovery
QQQ,2002-05-03T00:00:00.000Z,25.0913328652,-0.1347105033451546,69.145700886,72.3192508876395,True,discovery
QQQ,2002-05-06T00:00:00.000Z,24.4416917654,-0.1675287356345367,67.789524131,72.269278020466,True,discovery
QQQ,2002-05-07T00:00:00.000Z,24.2138955357,-0.1455790413811187,67.5517093301,72.222983945512,True,discovery
QQQ,2002-05-08T00:00:00.000Z,26.8040230372,-0.0611702127649513,70.0648155024,72.185660187155,True,discovery
QQQ,2002-05-09T00:00:00.000Z,26.1121974505,-0.0621212121200529,69.2549649745,72.146927896681,True,discovery
QQQ,2002-05-10T00:00:00.000Z,24.939468712,-0.1181384248216732,67.9502085045,72.09829931939,True,discovery
QQQ,2002-05-13T00:00:00.000Z,25.9518963999,-0.0896715004453955,69.332095402,72.05890276752599,True,discovery
QQQ,2002-05-14T00:00:00.000Z,27.4789748292,-0.0747159090881034,70.8425272274,72.034662429045,True,discovery
QQQ,2002-05-15T00:00:00.000Z,27.6814603667,-0.0631067961191007,70.566150105,72.012699041951,True,discovery
QQQ,2002-05-16T00:00:00.000Z,27.7236448537,-0.0433770014563443,70.9325104765,71.98843137443501,True,discovery
QQQ,2002-05-17T00:00:00.000Z,27.7827031355,-0.044399303541173,71.279589366,71.9619220838785,True,discovery
QQQ,2002-05-20T00:00:00.000Z,27.1752465228,-0.041083655850341,70.5083011596,71.9300928098545,True,discovery
QQQ,2002-05-21T00:00:00.000Z,26.4327995517,-0.0508936685830297,69.8655636656,71.894922583801,True,discovery
QQQ,2002-05-22T00:00:00.000Z,26.4918578334,-0.0338461538493631,70.0198238778,71.858932851813,True,discovery
QQQ,2002-05-23T00:00:00.000Z,27.0233823696,-0.0120296113521614,70.7653967999,71.82425294825799,True,discovery
QQQ,2002-05-24T00:00:00.000Z,26.3568674751,0.0064432989696872,69.8591395043,71.78345095123,True,discovery
QQQ,2002-05-28T00:00:00.000Z,26.2387509115,-0.0006426735219121,69.4799218119,71.742884543932,True,discovery
QQQ,2002-05-29T00:00:00.000Z,25.5469253247,-0.0456980775298551,68.9657350305,71.70496504648949,True,discovery
QQQ,2002-05-30T00:00:00.000Z,25.7662846571,-0.0323193916343812,68.7729118541,71.664586093679,True,discovery
QQQ,2002-05-31T00:00:00.000Z,25.3444397872,-0.0154047853139011,68.9143147455,71.632040964301,True,discovery
QQQ,2002-06-03T00:00:00.000Z,24.4501286628,-0.0255548083413816,67.0825141732,71.589223273528,True,discovery
QQQ,2002-06-04T00:00:00.000Z,24.770730764,0.0134622022795407,67.2496220652,71.5459366477525,True,discovery
QQQ,2002-06-05T00:00:00.000Z,25.023837686,0.0334494773509637,67.8795073802,71.50570400331401,True,discovery
QQQ,2002-06-06T00:00:00.000Z,24.3657596889,-0.0909663204257082,66.4976204827,71.4587210146325,True,discovery
QQQ,2002-06-07T00:00:00.000Z,23.8764196397,-0.0856219709213782,66.4204900552,71.414629433042,True,discovery
QQQ,2002-06-10T00:00:00.000Z,23.8342351527,-0.0443166441139221,66.6775863383,71.37051885840451,True,discovery
QQQ,2002-06-11T00:00:00.000Z,23.1677202582,-0.1072821846541715,65.5335142418,71.32673299622951,True,discovery
QQQ,2002-06-12T00:00:00.000Z,23.5051961541,-0.1446116057749483,65.9320134162,71.28150348045351,True,discovery
QQQ,2002-06-13T00:00:00.000Z,23.353332001,-0.1563547698844175,65.2699944402,71.2393589202815,True,discovery
QQQ,2002-06-14T00:00:00.000Z,23.3027106166,-0.1594643943979821,65.1735831733,71.1929143765315,True,discovery
QQQ,2002-06-17T00:00:00.000Z,24.0957789721,-0.1327057394458117,66.9218297997,71.1565473406075,True,discovery
QQQ,2002-06-18T00:00:00.000Z,24.4838762524,-0.0990375659754159,67.4681553841,71.1152124299305,True,discovery
QQQ,2002-06-19T00:00:00.000Z,23.0664774894,-0.1273539738276984,65.8934459529,71.068262914849,True,discovery
QQQ,2002-06-20T00:00:00.000Z,22.3240305182,-0.1573248407646726,65.0514611213,71.02260765508649,True,discovery
QQQ,2002-06-21T00:00:00.000Z,21.7840690847,-0.1938807368093926,64.0381019062,70.97519448098,True,discovery
QQQ,2002-06-24T00:00:00.000Z,22.2143508521,-0.1571702944939697,64.3735175939,70.9365215715525,True,discovery
QQQ,2002-06-25T00:00:00.000Z,21.4803407783,-0.1813504823171466,62.9286579051,70.887983617706,True,discovery
QQQ,2002-06-26T00:00:00.000Z,21.6406418289,-0.1529062087179318,63.0318638733,70.84228428464002,True,discovery
QQQ,2002-06-27T00:00:00.000Z,22.1131080833,-0.1417812704631964,64.1348563322,70.8012090651325,True,discovery
QQQ,2002-06-28T00:00:00.000Z,22.0203022119,-0.1311584553933927,63.8316938399,70.7679401621555,True,discovery
QQQ,2002-07-01T00:00:00.000Z,20.965690037,-0.1425120772923149,62.5867951904,70.73496906188501,True,discovery
QQQ,2002-07-02T00:00:00.000Z,20.2063692711,-0.1842643051747796,61.258044554,70.69112265546201,True,discovery
QQQ,2002-07-03T00:00:00.000Z,20.881321063,-0.165542818610816,61.6063588108,70.667312100768,True,discovery
QQQ,2002-07-05T00:00:00.000Z,22.2227877495,-0.0879501385042488,64.0574520174,70.6565524156045,True,discovery
QQQ,2002-07-08T00:00:00.000Z,21.4128455991,-0.1031802120156971,63.2576220507,70.6484749890775,True,discovery
QQQ,2002-07-09T00:00:00.000Z,20.8053889864,-0.1270796460173753,61.6644084994,70.6427399177595,True,discovery
QQQ,2002-07-10T00:00:00.000Z,20.1641847841,-0.129643117260833,59.4197240041,70.62915711640899,True,discovery
QQQ,2002-07-11T00:00:00.000Z,20.92350555,-0.1098348887273452,59.9034929094,70.60707077214,True,discovery
QQQ,2002-07-12T00:00:00.000Z,20.92350555,-0.1040462427758038,59.2455639731,70.578341407081,True,discovery
QQQ,2002-07-15T00:00:00.000Z,21.5731466497,-0.0742215785689721,59.5616250345,70.55234207618899,True,discovery
QQQ,2002-07-16T00:00:00.000Z,21.2525445486,-0.1179971988783646,58.4134814561,70.5177915932745,True,discovery
QQQ,2002-07-17T00:00:00.000Z,21.6406418289,-0.1161268090963045,58.5295859933,70.476891326254,True,discovery
QQQ,2002-07-18T00:00:00.000Z,20.8644472682,-0.095464520849008,56.6332151099,70.427052146794,True,discovery
QQQ,2002-07-19T00:00:00.000Z,20.2401168606,-0.093348450491548,54.6400846401,70.36306357506349,True,discovery
QQQ,2002-07-22T00:00:00.000Z,19.7423399141,-0.0937257939580261,53.0210700805,70.285327125449,True,discovery
QQQ,2002-07-23T00:00:00.000Z,18.8986501742,-0.1492593999246463,51.5697633648,70.2000466980645,True,discovery
QQQ,2002-07-24T00:00:00.000Z,19.9279516569,-0.0722702278060813,54.6465361823,70.1308208048795,True,discovery
QQQ,2002-07-25T00:00:00.000Z,18.7720967132,-0.132553606236817,54.1821173882,70.0615084081835,True,discovery
QQQ,2002-07-26T00:00:00.000Z,19.126446404,-0.1350629530706065,55.2141564294,69.9991766056655,True,discovery
QQQ,2002-07-29T00:00:00.000Z,20.1051265023,-0.0869731800758401,57.9039108975,69.9427564818135,True,discovery
QQQ,2002-07-30T00:00:00.000Z,20.5100975774,-0.0217303822958355,58.6585936148,69.884744385104,True,discovery
QQQ,2002-07-31T00:00:00.000Z,20.1220002971,-0.0041753653448602,58.8005004504,69.829038663776,True,discovery
QQQ,2002-08-01T00:00:00.000Z,19.1770677884,-0.081616161614401,57.2653372326,69.76629585325949,True,discovery
QQQ,2002-08-02T00:00:00.000Z,18.7720967132,-0.1552771450277492,55.9817383608,69.6949314234915,True,discovery
QQQ,2002-08-05T00:00:00.000Z,18.0887080239,-0.1552403467262527,54.0337596555,69.621300304255,True,discovery
QQQ,2002-08-06T00:00:00.000Z,18.9830191482,-0.0875912408747195,55.8527300942,69.55749859694049,True,discovery
QQQ,2002-08-07T00:00:00.000Z,19.2361260701,-0.0460251046068473,56.8267194469,69.49879039415801,True,discovery
QQQ,2002-08-08T00:00:00.000Z,19.8857671699,-0.0495967741935099,58.6650406418,69.442503181066,True,discovery
QQQ,2002-08-09T00:00:00.000Z,19.6832816323,-0.0592741935492735,58.8843517923,69.38910097629301,True,discovery
QQQ,2002-08-12T00:00:00.000Z,19.7423399141,-0.0848650762602338,58.4521861936,69.3344641146185,True,discovery
QQQ,2002-08-13T00:00:00.000Z,19.0673881222,-0.1028185788013767,57.387893312,69.268278117423,True,discovery
QQQ,2002-08-14T00:00:00.000Z,20.2823013476,-0.0627680311905538,59.4842252348,69.2133722004435,True,discovery
QQQ,2002-08-15T00:00:00.000Z,20.6957093202,-0.0080873433084986,60.3098568547,69.17176031965299,True,discovery
QQQ,2002-08-16T00:00:00.000Z,20.839136576,0.0295956648632829,60.1292504418,69.1333652347475,True,discovery
QQQ,2002-08-19T00:00:00.000Z,21.3453504199,0.0811965811942649,61.5354060381,69.1031506566835,True,discovery
QQQ,2002-08-20T00:00:00.000Z,21.2525445486,0.1245535714298518,60.8839286439,69.06102381551901,True,discovery
QQQ,2002-08-21T00:00:00.000Z,21.7250108029,0.0901778154092307,61.7611635705,69.02091983039351,True,discovery
QQQ,2002-08-22T00:00:00.000Z,22.0709235963,0.1757303370795206,62.361037013,68.9792482466385,True,discovery
QQQ,2002-08-23T00:00:00.000Z,21.218796959,0.1093956771061464,61.0193832924,68.9253752541525,True,discovery
QQQ,2002-08-26T00:00:00.000Z,21.3031659329,0.0595887536675259,61.4451025091,68.8741099164985,True,discovery
QQQ,2002-08-27T00:00:00.000Z,20.5607189618,0.0024681201154195,60.7355760714,68.818179164201,True,discovery
QQQ,2002-08-28T00:00:00.000Z,19.8098350933,-0.0155136268358465,59.4068202749,68.75522138145101,True,discovery
QQQ,2002-08-29T00:00:00.000Z,20.0713789127,0.046634403870698,59.4326219282,68.69459625421601,True,discovery
QQQ,2002-08-30T00:00:00.000Z,19.8182719907,0.0557303370786685,59.2004128537,68.6247619891675,True,discovery
QQQ,2002-09-03T00:00:00.000Z,19.1011357118,0.0559701492534632,56.9428246291,68.543288474738,True,discovery
QQQ,2002-09-04T00:00:00.000Z,19.1770677884,0.0102222222231913,57.75555768,68.46520795545099,True,discovery
QQQ,2002-09-05T00:00:00.000Z,18.704601534,-0.0276315789448992,57.2653372326,68.386305118342,True,discovery
QQQ,2002-09-06T00:00:00.000Z,19.2783105571,-0.0305473059002457,58.0522686302,68.3068338588015,True,discovery
QQQ,2002-09-09T00:00:00.000Z,19.4723591973,-0.0107158165462551,58.4779878469,68.2325890481175,True,discovery
QQQ,2002-09-10T00:00:00.000Z,19.9532623491,0.0106837606847889,59.148809547,68.1641255509505,True,discovery
QQQ,2002-09-11T00:00:00.000Z,19.7845244011,0.0376106194673324,58.7811451791,68.08858609599001,True,discovery
QQQ,2002-09-12T00:00:00.000Z,19.2445629675,-0.0511647254576856,57.6975028313,68.006830008689,True,discovery
QQQ,2002-09-13T00:00:00.000Z,19.3964271207,-0.0627802690595309,57.8394090219,67.9273802935445,True,discovery
QQQ,2002-09-16T00:00:00.000Z,19.1180095066,-0.0825910931157382,57.9813152124,67.855314918358,True,discovery
QQQ,2002-09-17T00:00:00.000Z,18.7130384314,-0.1233201581008447,56.6525652211,67.7717194367765,True,discovery
QQQ,2002-09-18T00:00:00.000Z,18.5021159964,-0.1294164350960592,56.0849398138,67.6879046477325,True,discovery
QQQ,2002-09-19T00:00:00.000Z,18.2068245874,-0.1619417475746604,54.633633098,67.599005029146,True,discovery
QQQ,2002-09-20T00:00:00.000Z,18.282756664,-0.1716360856296495,54.6517589514,67.50406417599251,True,discovery
QQQ,2002-09-23T00:00:00.000Z,17.7343583331,-0.164214711730962,54.2047004255,67.4001493571365,True,discovery
QQQ,2002-09-24T00:00:00.000Z,17.7427952305,-0.1671287128689855,53.3300092074,67.29205272229649,True,discovery
QQQ,2002-09-25T00:00:00.000Z,18.451494612,-0.1025851456711581,54.6517589514,67.193055902067,True,discovery
QQQ,2002-09-26T00:00:00.000Z,18.2236983822,-0.0800681431031425,55.5458870178,67.1054919530105,True,discovery
QQQ,2002-09-27T00:00:00.000Z,17.9790283577,-0.1042454812945652,53.6150937813,67.0090085687565,True,discovery
QQQ,2002-09-30T00:00:00.000Z,17.4812514111,-0.1179225202225845,52.9930945497,66.90900001921301,True,discovery
QQQ,2002-10-01T00:00:00.000Z,18.5443004834,-0.0291519434656446,55.5394065565,66.828813007841,True,discovery
QQQ,2002-10-02T00:00:00.000Z,17.9284069733,-0.0651121865385124,53.8742616936,66.73688303517251,True,discovery
QQQ,2002-10-03T00:00:00.000Z,17.4981252059,-0.0645015787108292,53.3300092074,66.6384951724945,True,discovery
QQQ,2002-10-04T00:00:00.000Z,17.1690862073,-0.1094091903723998,52.3516584698,66.5330438520915,True,discovery
QQQ,2002-10-07T00:00:00.000Z,17.0087851568,-0.1265164644683422,51.2696339586,66.4195955327705,True,discovery
QQQ,2002-10-08T00:00:00.000Z,17.0425327464,-0.1458773784343737,52.0730543571,66.313805110192,True,discovery
QQQ,2002-10-09T00:00:00.000Z,16.9244161828,-0.1445628997854999,50.6022805691,66.198448347281,True,discovery
QQQ,2002-10-10T00:00:00.000Z,17.7849797175,-0.0758439280988051,52.2415087703,66.09199271701051,True,discovery
QQQ,2002-10-11T00:00:00.000Z,18.746786021,-0.0334928229646325,54.528658696,65.9949539480365,True,discovery
QQQ,2002-10-14T00:00:00.000Z,18.9661453534,-0.0079435127986294,54.833174935,65.8971945534925,True,discovery
QQQ,2002-10-15T00:00:00.000Z,19.8773302725,0.0622182146083956,57.4701952575,65.812812529841,True,discovery
QQQ,2002-10-16T00:00:00.000Z,19.2192522753,0.0387596899208466,56.0771785815,65.726913224402,True,discovery
QQQ,2002-10-17T00:00:00.000Z,19.8688933751,0.0912882298459794,57.1915911448,65.64264434296051,True,discovery
QQQ,2002-10-18T00:00:00.000Z,20.0882527075,0.0987540378445852,57.4313215609,65.55537610399,True,discovery
QQQ,2002-10-21T00:00:00.000Z,20.4932237826,0.1555661274956175,58.4226332209,65.470564816922,True,discovery
QQQ,2002-10-22T00:00:00.000Z,20.3666703216,0.1478839752706799,58.0014868213,65.38630761797201,True,discovery
QQQ,2002-10-23T00:00:00.000Z,20.754767602,0.1248285322372777,58.4420700693,65.3051185886835,True,discovery
QQQ,2002-10-24T00:00:00.000Z,20.2316799633,0.110185185190581,57.2499062252,65.2210130956465,True,discovery
QQQ,2002-10-25T00:00:00.000Z,20.839136576,0.1590802440152492,58.4420700693,65.14123407205899,True,discovery
QQQ,2002-10-28T00:00:00.000Z,20.6619617306,0.1819498069503398,58.0598019016,65.0631969457355,True,discovery
QQQ,2002-10-29T00:00:00.000Z,20.1810585789,0.0882620564180973,57.3859680509,64.984097961639,True,discovery
QQQ,2002-10-30T00:00:00.000Z,20.7210200124,0.1557647058803897,57.9431762763,64.9048047422755,True,discovery
QQQ,2002-10-31T00:00:00.000Z,20.712583115,0.1837029893931809,57.3535702801,64.8300302052875,True,discovery
QQQ,2002-11-01T00:00:00.000Z,21.3031659329,0.2407862407867844,58.4874242271,64.7582010388405,True,discovery
QQQ,2002-11-04T00:00:00.000Z,21.8515642639,0.2847222222196093,59.0446324525,64.690824290012,True,discovery
QQQ,2002-11-05T00:00:00.000Z,22.0203022119,0.292079207918875,59.5111330101,64.62827962473199,True,discovery
QQQ,2002-11-06T00:00:00.000Z,22.3324674156,0.3195413758671397,60.2821556378,64.5668341210395,True,discovery
QQQ,2002-11-07T00:00:00.000Z,21.5478359575,0.2115749525594024,58.8049065719,64.4968807670325,True,discovery
QQQ,2002-11-08T00:00:00.000Z,21.1513017798,0.1282628262842753,58.0857192112,64.423427610862,True,discovery
QQQ,2002-11-11T00:00:00.000Z,20.5100975774,0.0814056939473586,57.185115219,64.3444780167435,True,discovery
QQQ,2002-11-12T00:00:00.000Z,21.0331852162,0.0581494057730231,57.6386548541,64.2792685766905,True,discovery
QQQ,2002-11-13T00:00:00.000Z,21.2862921381,0.1075504828799451,57.6969699344,64.2092553934455,True,discovery
QQQ,2002-11-14T00:00:00.000Z,22.0203022119,0.1082802547773584,58.7854697236,64.14048669953699,True,discovery
QQQ,2002-11-15T00:00:00.000Z,22.3071567235,0.1104577908446744,59.2195731582,64.0755869516505,True,discovery
QQQ,2002-11-18T00:00:00.000Z,21.9781177249,0.0724578015666215,58.6234905883,64.016679669249,True,discovery
QQQ,2002-11-19T00:00:00.000Z,21.6406418289,0.0625517812771232,58.5457393075,63.9595627549255,True,discovery
QQQ,2002-11-20T00:00:00.000Z,22.5602636454,0.0869918699174456,59.8480528511,63.91046357109351,True,discovery
QQQ,2002-11-21T00:00:00.000Z,23.3955164879,0.1563803169256907,60.9624647665,63.869115571321,True,discovery
QQQ,2002-11-22T00:00:00.000Z,23.3870795905,0.1222672064750711,60.5283619797,63.818963549527,True,discovery
QQQ,2002-11-25T00:00:00.000Z,23.6148758203,0.1429154757036832,60.5672402118,63.7646796966495,True,discovery
QQQ,2002-11-26T00:00:00.000Z,22.8218074648,0.1308528428068185,59.413944881,63.705750994535,True,discovery
QQQ,2002-11-27T00:00:00.000Z,23.5473806411,0.1364006514644853,61.085570853,63.65139899718,True,discovery
QQQ,2002-11-29T00:00:00.000Z,23.3870795905,0.12912423625053,60.8911984824,63.59674809968101,True,discovery
QQQ,2002-12-02T00:00:00.000Z,23.6233127177,0.1089108910904566,60.988382076,63.546332492893,True,discovery
QQQ,2002-12-03T00:00:00.000Z,22.9230502336,0.0490347490348852,60.1720111217,63.49866080870149,True,discovery
QQQ,2002-12-04T00:00:00.000Z,22.4168363896,0.0180076628324252,59.8998822869,63.44376409103,True,discovery
QQQ,2002-12-05T00:00:00.000Z,22.1046711859,-0.0102002266682309,59.2390093586,63.392901508439,True,discovery
QQQ,2002-12-06T00:00:00.000Z,22.3324674156,0.0364134690670363,59.6277586354,63.339688527982,True,discovery
QQQ,2002-12-09T00:00:00.000Z,21.2778552407,0.0059832469044935,57.9885304342,63.27247909629101,True,discovery
QQQ,2002-12-10T00:00:00.000Z,21.5984573419,0.053064582476646,58.7660283398,63.20989419812,True,discovery
QQQ,2002-12-11T00:00:00.000Z,21.6997001107,0.0316887284378897,58.817862959,63.146190494064506,True,discovery
QQQ,2002-12-12T00:00:00.000Z,21.8178166743,0.0249702734864112,58.8113824977,63.0840566851165,True,discovery
QQQ,2002-12-13T00:00:00.000Z,21.1259910876,-0.0406130268192552,57.8848611959,63.0089903818755,True,discovery
QQQ,2002-12-16T00:00:00.000Z,21.8093797769,-0.0223146747373503,59.3815522935,62.934966292111,True,discovery
QQQ,2002-12-17T00:00:00.000Z,21.8768749561,-0.0046065259121483,58.8632164689,62.8595362329235,True,discovery
QQQ,2002-12-18T00:00:00.000Z,21.4128455991,-0.0105263157904952,58.1829073403,62.77631432356599,True,discovery
QQQ,2002-12-19T00:00:00.000Z,21.1428648824,-0.0628272251281515,57.7682414019,62.691820233223,True,discovery
QQQ,2002-12-20T00:00:00.000Z,21.3622242147,-0.0869094843130138,58.5883961888,62.60985667175851,True,discovery
QQQ,2002-12-23T00:00:00.000Z,21.6575156237,-0.0739538239525452,58.6079271738,62.52718961651251,True,discovery
QQQ,2002-12-24T00:00:00.000Z,21.3875349069,-0.0943193997863548,58.1717212872,62.4425658534715,True,discovery
QQQ,2002-12-26T00:00:00.000Z,21.3284766251,-0.0654343807782661,58.1977641196,62.36169348713301,True,discovery
QQQ,2002-12-27T00:00:00.000Z,20.9403793448,-0.1107130060890804,56.8891432047,62.274790764211005,True,discovery
QQQ,2002-12-30T00:00:00.000Z,20.7800782942,-0.1114718614699966,57.3644156186,62.186736192522496,True,discovery
QQQ,2002-12-31T00:00:00.000Z,20.5607189618,-0.12964285714278,57.4425434647,62.09900799917,True,discovery
QQQ,2003-01-02T00:00:00.000Z,21.4297193939,-0.0651453809367443,59.2915363874,62.018018097418,True,discovery
QQQ,2003-01-03T00:00:00.000Z,21.6659525211,-0.0334964245377801,59.4738303547,61.9450419115975,True,discovery
QQQ,2003-01-06T00:00:00.000Z,22.2059139547,0.0045801526721909,60.5220288051,61.877146024014,True,discovery
QQQ,2003-01-07T00:00:00.000Z,22.4843315688,0.0068001511151389,60.3722888665,61.809304858605,True,discovery
QQQ,2003-01-08T00:00:00.000Z,21.8515642639,0.0269627279963169,59.4998731871,61.741697187881,True,discovery
QQQ,2003-01-09T00:00:00.000Z,22.5265160558,0.0429687499995476,60.424369974,61.676590980216,True,discovery
QQQ,2003-01-10T00:00:00.000Z,22.8639919518,0.0536547433909417,60.5871336074,61.61133447483599,True,discovery
QQQ,2003-01-13T00:00:00.000Z,22.7290015934,0.0417633410667217,60.5676026224,61.546141008545504,True,discovery
QQQ,2003-01-14T00:00:00.000Z,22.847118157,0.0814696485605461,60.7629209357,61.481763439807,True,discovery
QQQ,2003-01-15T00:00:00.000Z,22.5602636454,0.0344294003855771,60.1574402194,61.416383084166,True,discovery
QQQ,2003-01-16T00:00:00.000Z,22.3071567235,0.0196683378345143,59.9100362413,61.352336668251,True,discovery
QQQ,2003-01-17T00:00:00.000Z,21.3537873173,-0.0027580772264327,59.0246066328,61.285373540618,True,discovery
QQQ,2003-01-21T00:00:00.000Z,21.1175541902,-0.0011971268955642,58.106617136,61.21375617889699,True,discovery
QQQ,2003-01-22T00:00:00.000Z,21.0331852162,-0.0154028435987286,57.4034769374,61.1378518376175,True,discovery
QQQ,2003-01-23T00:00:00.000Z,21.5225252653,-0.0062329567594668,57.7550470367,61.06624416314949,True,discovery
QQQ,2003-01-24T00:00:00.000Z,20.9403793448,-0.020907297827752,56.238088671,60.982970297698,True,discovery
QQQ,2003-01-27T00:00:00.000Z,20.6957093202,-0.0296677215172198,55.4698443212,60.904917834872,True,discovery
QQQ,2003-01-28T00:00:00.000Z,20.9066317552,-0.0016116035456817,55.8800119327,60.826248843076,True,discovery
QQQ,2003-01-29T00:00:00.000Z,21.218796959,0.0211124644762503,56.3031980307,60.752427409692,True,discovery
QQQ,2003-01-30T00:00:00.000Z,20.670398628,0.0053344275754061,54.9685342834,60.663480669167,True,discovery
QQQ,2003-01-31T00:00:00.000Z,20.6197772436,-0.0377952755895885,56.0297518713,60.580611295147,True,discovery
QQQ,2003-02-03T00:00:00.000Z,20.6619617306,-0.0463395638628042,56.1404343973,60.49987003418951,True,discovery
QQQ,2003-02-04T00:00:00.000Z,20.4088548086,-0.0809270516748824,55.5870341373,60.415044172924,True,discovery
QQQ,2003-02-05T00:00:00.000Z,20.3160489372,-0.0964352720455686,55.2419758854,60.334534743201495,True,discovery
QQQ,2003-02-06T00:00:00.000Z,20.4257286034,-0.0652509652526597,54.9815534209,60.254265780783,True,discovery
QQQ,2003-02-07T00:00:00.000Z,20.0882527075,-0.1082397003717851,54.3109679022,60.174211061366506,True,discovery
QQQ,2003-02-10T00:00:00.000Z,20.2654275528,-0.1136531365335538,54.6950926813,60.0958841542385,True,discovery
QQQ,2003-02-11T00:00:00.000Z,20.375107219,-0.1035634743887526,54.3174797496,60.0223536588165,True,discovery
QQQ,2003-02-12T00:00:00.000Z,20.0966896049,-0.1203840472658173,53.4515759177,59.946196892167,True,discovery
QQQ,2003-02-13T00:00:00.000Z,20.1979323737,-0.1047120418817302,53.6143395511,59.8676402562145,True,discovery
QQQ,2003-02-14T00:00:00.000Z,20.6619617306,-0.0737518910765901,54.786240316,59.79070105984,True,discovery
QQQ,2003-02-18T00:00:00.000Z,21.3031659329,-0.0023706045043816,55.7497977707,59.71992939304901,True,discovery
QQQ,2003-02-19T00:00:00.000Z,21.1597386772,0.0019976028767372,55.4568251837,59.6514850145375,True,discovery
QQQ,2003-02-20T00:00:00.000Z,21.0753697032,0.002005615724218,54.9034301321,59.58705454454301,True,discovery
QQQ,2003-02-21T00:00:00.000Z,21.2356707538,-0.0133281066215071,55.4568251837,59.526580123811,True,discovery
QQQ,2003-02-24T00:00:00.000Z,20.8728841656,-0.0032232070913634,54.5583718803,59.449047905700496,True,discovery
QQQ,2003-02-25T00:00:00.000Z,20.8981948578,0.0097839380360047,54.9945771158,59.377745966407,True,discovery
QQQ,2003-02-26T00:00:00.000Z,20.4341655008,-0.0225988700586591,54.1937780861,59.308963814315,True,discovery
QQQ,2003-02-27T00:00:00.000Z,20.8981948578,-0.0151093439378058,54.9099367711,59.236853021160506,True,discovery
QQQ,2003-02-28T00:00:00.000Z,21.2272338564,0.0269387755128105,55.2745312163,59.159013041105,True,discovery
QQQ,2003-03-03T00:00:00.000Z,20.796952089,0.0085924713592622,54.7471731377,59.0799181562685,True,discovery
QQQ,2003-03-04T00:00:00.000Z,20.670398628,0.0004083299306234,53.8747626667,58.9946294172195,True,discovery
QQQ,2003-03-05T00:00:00.000Z,20.712583115,0.0148821827215905,54.3304988871,58.90988396482499,True,discovery
QQQ,2003-03-06T00:00:00.000Z,20.6619617306,0.0170265780747658,53.8747626667,58.8267162723605,True,discovery
QQQ,2003-03-07T00:00:00.000Z,20.7041462176,0.0136307311041847,54.2458637509,58.74861777278699,True,discovery
QQQ,2003-03-10T00:00:00.000Z,20.2569906554,0.0083998319991762,52.9437546834,58.663237426815,True,discovery
QQQ,2003-03-11T00:00:00.000Z,20.0798158101,-0.0091590341341873,52.4229091033,58.571524988332,True,discovery
QQQ,2003-03-12T00:00:00.000Z,20.4426023982,0.003312629399911,52.7744792026,58.4861016868235,True,discovery
QQQ,2003-03-13T00:00:00.000Z,21.6153311367,0.0755667506269153,54.5974338502,58.411689247015005,True,discovery
QQQ,2003-03-14T00:00:00.000Z,21.6997001107,0.0743525480338509,54.7732159701,58.340726651713005,True,discovery
QQQ,2003-03-17T00:00:00.000Z,22.4421470818,0.0861576153518655,56.4985117866,58.2793546513755,True,discovery
QQQ,2003-03-18T00:00:00.000Z,22.720564696,0.0665346534672111,56.8305509009,58.2189358321525,True,discovery
QQQ,2003-03-19T00:00:00.000Z,22.5265160558,0.0645933014320601,57.2667561364,58.1698570419685,True,discovery
QQQ,2003-03-20T00:00:00.000Z,22.6108850298,0.0728582866267277,57.390458451,58.120561223897504,True,discovery
QQQ,2003-03-21T00:00:00.000Z,22.9230502336,0.0794596742134012,58.6107794437,58.07421758421499,True,discovery
QQQ,2003-03-24T00:00:00.000Z,21.9696808275,0.0525464834278914,56.6629720143,58.025044341873,True,discovery
QQQ,2003-03-25T00:00:00.000Z,22.2818460313,0.0662091239418014,57.2054795973,57.9789692895835,True,discovery
QQQ,2003-03-26T00:00:00.000Z,22.4083994922,0.0966143682903375,56.9178867516,57.93017079165,True,discovery
QQQ,2003-03-27T00:00:00.000Z,22.2480984417,0.0645942672601775,56.9636406788,57.887321423835004,True,discovery
QQQ,2003-03-28T00:00:00.000Z,22.0034284171,0.0365659777411826,56.676042604,57.841041569774,True,discovery
QQQ,2003-03-31T00:00:00.000Z,21.3031659329,0.0243407707886074,55.3883957133,57.7916335761395,True,discovery
QQQ,2003-04-01T00:00:00.000Z,21.4719038809,0.0387755102029956,56.2381134652,57.746956227599,True,discovery
QQQ,2003-04-02T00:00:00.000Z,22.0624866989,0.065173116091078,57.597660038,57.700335378790506,True,discovery
QQQ,2003-04-03T00:00:00.000Z,22.340904313,0.081257656184384,57.323132553,57.649610264635,True,discovery
QQQ,2003-04-04T00:00:00.000Z,21.9781177249,0.0615321923401521,57.6630214839,57.60845814228999,True,discovery
QQQ,2003-04-07T00:00:00.000Z,22.0118653145,0.0866305705992018,57.5519061108,57.570960367237504,True,discovery
QQQ,2003-04-08T00:00:00.000Z,21.9865546223,0.0949579831923022,57.6434133116,57.5389869242645,True,discovery
QQQ,2003-04-09T00:00:00.000Z,21.4803407783,0.0507635163021795,56.8852034141,57.5015453533655,True,discovery
QQQ,2003-04-10T00:00:00.000Z,21.7418845977,0.0058548009373369,57.1989465901,57.4728967967905,True,discovery
QQQ,2003-04-11T00:00:00.000Z,21.5225252653,-0.0081648522558446,56.9636406788,57.442555680818,True,discovery
QQQ,2003-04-14T00:00:00.000Z,21.9612439301,-0.0214285714262162,58.1401669674,57.412582233994,True,discovery
QQQ,2003-04-15T00:00:00.000Z,22.1721663651,-0.0241366505735021,58.6826791258,57.386837160423504,True,discovery
QQQ,2003-04-16T00:00:00.000Z,22.1215449807,-0.0179775280872039,57.6826296562,57.3623163327525,True,discovery
QQQ,2003-04-17T00:00:00.000Z,22.6277588246,0.0007462686567891,58.5388804152,57.3487205120585,True,discovery
QQQ,2003-04-21T00:00:00.000Z,22.7121277986,-0.0092013249916818,58.5977095076,57.3336772655425,True,discovery
QQQ,2003-04-22T00:00:00.000Z,23.142409566,0.0533794162831928,59.7023361141,57.311901686026005,True,discovery
QQQ,2003-04-23T00:00:00.000Z,23.311147514,0.0461946232486352,60.2513858551,57.296870505048,True,discovery
QQQ,2003-04-24T00:00:00.000Z,23.184594053,0.0346385542202682,59.7154119328,57.287125522215,True,discovery
QQQ,2003-04-25T00:00:00.000Z,22.7374384908,0.0219946909342516,58.9768141295,57.284910972842006,True,discovery
QQQ,2003-04-28T00:00:00.000Z,23.184594053,0.0536809815956706,59.9964717714,57.285375867152,True,discovery
QQQ,2003-04-29T00:00:00.000Z,23.3955164879,0.0982178217824718,60.2056325815,57.290176210194,True,discovery
QQQ,2003-04-30T00:00:00.000Z,23.1592833608,0.078585461692616,60.0749090361,57.292742630202,True,discovery
QQQ,2003-05-01T00:00:00.000Z,23.3617688983,0.0588910133808615,60.0683714535,57.301017080189006,True,discovery
QQQ,2003-05-02T00:00:00.000Z,23.8595458449,0.0679758308179279,60.9246215589,57.312992258017005,True,discovery
QQQ,2003-05-05T00:00:00.000Z,23.8342351527,0.0844529750469542,60.8069686032,57.33386102548349,True,discovery
QQQ,2003-05-06T00:00:00.000Z,24.1379634591,0.0965887313148088,61.3821640991,57.3675714227785,True,discovery
QQQ,2003-05-07T00:00:00.000Z,23.8679827423,0.0855717574818089,61.0422745146,57.407677444949,True,discovery
QQQ,2003-05-08T00:00:00.000Z,23.4292640775,0.090730557737187,60.4278633277,57.4519679447635,True,discovery
QQQ,2003-05-09T00:00:00.000Z,23.9692255111,0.1024447031438857,61.2645104898,57.485057816300994,True,discovery
QQQ,2003-05-12T00:00:00.000Z,24.3320120993,0.1305370442997986,62.0161782293,57.52422812050649,True,discovery
QQQ,2003-05-13T00:00:00.000Z,24.1801479461,0.1010372646951376,61.9050628562,57.557682652640494,True,discovery
QQQ,2003-05-14T00:00:00.000Z,24.1295265617,0.0882800608821416,61.7743393107,57.5770347947065,True,discovery
QQQ,2003-05-15T00:00:00.000Z,24.3995072784,0.1029748283714999,62.166515176,57.5945744025125,True,discovery
QQQ,2003-05-16T00:00:00.000Z,24.2138955357,0.0700969425825599,62.0096458757,57.610620129639,True,discovery
QQQ,2003-05-19T00:00:00.000Z,23.3617688983,0.0286032689433899,60.5585921021,57.6270864039865,True,discovery
QQQ,2003-05-20T00:00:00.000Z,23.4292640775,0.0123951877474952,60.4344009103,57.649349716734,True,discovery
QQQ,2003-05-21T00:00:00.000Z,23.3617688983,0.002171552656067,60.5585921021,57.681973878967,True,discovery
QQQ,2003-05-22T00:00:00.000Z,23.6992447943,0.0221979621520871,61.1599281239,57.7085098691155,True,discovery
QQQ,2003-05-23T00:00:00.000Z,23.7076816917,0.0426716140999163,61.2841186621,57.73079686519149,True,discovery
QQQ,2003-05-27T00:00:00.000Z,24.5513714316,0.0589519650624696,62.3560678138,57.7492520010515,True,discovery
QQQ,2003-05-28T00:00:00.000Z,24.6273035082,0.0526505589623154,62.5325446328,57.76749296525399,True,discovery
QQQ,2003-05-29T00:00:00.000Z,24.728546277,0.067759562839331,62.3691377499,57.7870777230355,True,discovery
QQQ,2003-05-30T00:00:00.000Z,25.1335173522,0.0758396533076279,63.3691872195,57.816984192573,True,discovery
QQQ,2003-06-02T00:00:00.000Z,24.9563425068,0.0459688826027859,63.6306388857,57.8377162608275,True,discovery
QQQ,2003-06-03T00:00:00.000Z,25.192575634,0.0569911504437818,63.8920912056,57.855627432582,True,discovery
QQQ,2003-06-04T00:00:00.000Z,25.6650418883,0.0632645927974628,64.8137086395,57.8790497235705,True,discovery
QQQ,2003-06-05T00:00:00.000Z,25.8506536311,0.0830682219861929,65.1339848227,57.8970426174935,True,discovery
QQQ,2003-06-06T00:00:00.000Z,25.4203718638,0.084983795466804,64.8790700854,57.91701832470099,True,discovery
QQQ,2003-06-09T00:00:00.000Z,25.0828959678,0.0464625131998639,64.2189049714,57.92930703170551,True,discovery
QQQ,2003-06-10T00:00:00.000Z,25.4625563507,0.046463245488544,64.8725325029,57.941864509155,True,discovery
QQQ,2003-06-11T00:00:00.000Z,25.7494108623,0.0648988136755013,65.5588433718,57.964561809552,True,discovery
QQQ,2003-06-12T00:00:00.000Z,25.8590905285,0.0716783216768655,65.7614665994,57.98614363000351,True,discovery
QQQ,2003-06-13T00:00:00.000Z,25.276944608,0.0359612724793325,65.0751557304,58.00784152829849,True,discovery
QQQ,2003-06-16T00:00:00.000Z,26.0531391687,0.0759581881522653,66.4477774683,58.0430463142655,True,discovery
QQQ,2003-06-17T00:00:00.000Z,25.9518963999,0.1108703503093244,66.4477774683,58.078122091966,True,discovery
QQQ,2003-06-18T00:00:00.000Z,26.0868867583,0.1134317608956489,66.388948376,58.114064769577496,True,discovery
QQQ,2003-06-19T00:00:00.000Z,25.6650418883,0.09859154929692,65.3758237413,58.1562297651385,True,discovery
QQQ,2003-06-20T00:00:00.000Z,25.6312942987,0.0815236739047771,65.2321923593,58.19361293853501,True,discovery
QQQ,2003-06-23T00:00:00.000Z,25.234760121,0.0644128113899313,64.5630743405,58.23010162407451,True,discovery
QQQ,2003-06-24T00:00:00.000Z,25.0407114808,0.0199312714796116,64.628673233,58.2629836470885,True,discovery
QQQ,2003-06-25T00:00:00.000Z,24.9057211224,0.0113052415221706,63.9792390146,58.29048990292699,True,discovery
QQQ,2003-06-26T00:00:00.000Z,25.4963039403,0.0310474240863114,64.8123559048,58.318807634716,True,discovery
QQQ,2003-06-27T00:00:00.000Z,25.1672649418,0.0013427324606853,64.0645217077,58.345224517359,True,discovery
QQQ,2003-06-30T00:00:00.000Z,25.2685077106,0.0125084516577276,64.0448372512,58.376961189458505,True,discovery
QQQ,2003-07-01T00:00:00.000Z,25.6059836065,0.0164099129245864,64.6352344998,58.410940316848,True,discovery
QQQ,2003-07-02T00:00:00.000Z,26.1290712453,0.018080210389664,65.4486675895,58.4482770787335,True,discovery
QQQ,2003-07-03T00:00:00.000Z,25.8000322467,-0.0019582245432703,64.7729928957,58.48887921710651,True,discovery
QQQ,2003-07-07T00:00:00.000Z,26.905265806,0.0584135413185897,66.0587433907,58.53874823499101,True,discovery
QQQ,2003-07-08T00:00:00.000Z,27.2343048046,0.0857719475279832,66.353944639,58.597349792696,True,discovery
QQQ,2003-07-09T00:00:00.000Z,27.1668096254,0.066931742878721,65.9800272125,58.6539911340015,True,discovery
QQQ,2003-07-10T00:00:00.000Z,26.6605957814,0.035386631716459,65.1403536474,58.708669400111006,True,discovery
QQQ,2003-07-11T00:00:00.000Z,26.863081319,0.038825448613263,65.7569861235,58.7708042846915,True,discovery
QQQ,2003-07-14T00:00:00.000Z,27.1836834202,0.0754339118817599,66.0784271912,58.8279376258905,True,discovery
QQQ,2003-07-15T00:00:00.000Z,27.2174310098,0.0446891191714344,65.9341075285,58.879878728444,True,discovery
QQQ,2003-07-16T00:00:00.000Z,27.1330620358,0.04551365409676,65.5470675683,58.939538597379006,True,discovery
QQQ,2003-07-17T00:00:00.000Z,26.3062460907,0.0084087968960193,64.6155552913,58.997650901087,True,discovery
QQQ,2003-07-18T00:00:00.000Z,26.3906150647,0.0282708744274744,65.2781120433,59.046344428521,True,discovery
QQQ,2003-07-21T00:00:00.000Z,26.0531391687,0.0164581961833039,64.4712356285,59.0993292981955,True,discovery
QQQ,2003-07-22T00:00:00.000Z,26.4412364491,0.0478100969581234,65.0550709544,59.157954606930495,True,discovery
QQQ,2003-07-23T00:00:00.000Z,26.6605957814,0.0646900269523911,65.1009906383,59.22170126777301,True,discovery
QQQ,2003-07-24T00:00:00.000Z,26.3062460907,0.056233062332027,64.6089940244,59.288398068102,True,discovery
QQQ,2003-07-25T00:00:00.000Z,26.8293337294,0.052283256122978,65.7504294486,59.3567849435595,True,discovery
QQQ,2003-07-28T00:00:00.000Z,26.905265806,0.0690579953053769,65.5077098071,59.4313120897495,True,discovery
QQQ,2003-07-29T00:00:00.000Z,26.7027802684,0.0567612687787784,65.2059525399,59.49613430859749,True,discovery
QQQ,2003-07-30T00:00:00.000Z,26.5087316282,0.0352553542005251,65.0485149355,59.548733589795,True,discovery
QQQ,2003-07-31T00:00:00.000Z,26.8293337294,0.0268001291559858,65.1993906171,59.6005646682055,True,discovery
QQQ,2003-08-01T00:00:00.000Z,26.5424792178,0.0287769784161786,64.6221165581,59.63632427470851,True,discovery
QQQ,2003-08-04T00:00:00.000Z,26.5340423204,-0.0137974286623555,64.6221165581,59.6790489645915,True,discovery
QQQ,2003-08-05T00:00:00.000Z,25.4878670429,-0.0641263940544948,63.2510833701,59.709346425718,True,discovery
QQQ,2003-08-06T00:00:00.000Z,25.4709932481,-0.0624223602507403,63.6184441218,59.7402820385225,True,discovery
QQQ,2003-08-07T00:00:00.000Z,25.5722360169,-0.0408227848103569,64.2875575487,59.7696066601615,True,discovery
QQQ,2003-08-08T00:00:00.000Z,25.3697504794,-0.0555904522592417,64.4712356285,59.8019554041975,True,discovery
QQQ,2003-08-11T00:00:00.000Z,25.6481680935,-0.0564866542537414,64.713955926,59.833314833481,True,discovery
QQQ,2003-08-12T00:00:00.000Z,26.0362653739,-0.043397396156702,65.3043525187,59.873587064948495,True,discovery
QQQ,2003-08-13T00:00:00.000Z,26.0447022713,-0.0401119402986654,64.9697935093,59.906225682148495,True,discovery
QQQ,2003-08-14T00:00:00.000Z,26.0700129635,-0.0089801154594807,65.1469103223,59.941661224252,True,discovery
QQQ,2003-08-15T00:00:00.000Z,26.2978091933,-0.0035166240412538,65.3502722027,59.981482745011,True,discovery
QQQ,2003-08-18T00:00:00.000Z,26.9727609852,0.0352979274606888,65.9144283199,60.021339005229,True,discovery
QQQ,2003-08-19T00:00:00.000Z,27.3102368812,0.0328653477976663,66.1637052923,60.06538968029,True,discovery
QQQ,2003-08-20T00:00:00.000Z,27.242741702,0.0218354430401039,65.8947445194,60.1024262817515,True,discovery
QQQ,2003-08-21T00:00:00.000Z,27.5380331109,0.0468248877454038,66.1046630747,60.1377264348625,True,discovery
QQQ,2003-08-22T00:00:00.000Z,27.369295163,0.0201257861654724,65.4486675895,60.16741410775951,True,discovery
QQQ,2003-08-25T00:00:00.000Z,27.4283534448,0.0194418312969555,65.5536288351,60.193771473746,True,discovery
QQQ,2003-08-26T00:00:00.000Z,27.453664137,0.0281200631938911,65.6717086784,60.228105484278494,True,discovery
QQQ,2003-08-27T00:00:00.000Z,27.6730234693,0.0439210693830942,65.691387231,60.26613382437751,True,discovery
QQQ,2003-08-28T00:00:00.000Z,27.9176934939,0.040566037736053,66.0981063998,60.3106987802815,True,discovery
QQQ,2003-08-29T00:00:00.000Z,28.1708004159,0.0613477431681668,66.5441833297,60.3552264226595,True,discovery
QQQ,2003-09-02T00:00:00.000Z,28.575771491,0.0769475357710676,67.4363378456,60.4039232622155,True,discovery
QQQ,2003-09-03T00:00:00.000Z,28.5588976962,0.1204899040053442,67.8036940053,60.449014383624,True,discovery
QQQ,2003-09-04T00:00:00.000Z,28.8204415156,0.1315004968543913,67.8364957475,60.492098996570505,True,discovery
QQQ,2003-09-05T00:00:00.000Z,28.6348297728,0.1197624546354105,67.4560170541,60.5362616288995,True,discovery
QQQ,2003-09-08T00:00:00.000Z,29.1072960272,0.1473229132006974,68.0136119046,60.58360099188501,True,discovery
QQQ,2003-09-09T00:00:00.000Z,28.7613832338,0.121381578947503,67.5675349746,60.6221984025025,True,discovery
QQQ,2003-09-10T00:00:00.000Z,28.0695576471,0.0780946208682551,66.885299014,60.65181257374001,True,discovery
QQQ,2003-09-11T00:00:00.000Z,28.3817228509,0.0897311305483912,67.0820996276,60.6845812619795,True,discovery
QQQ,2003-09-12T00:00:00.000Z,28.5335870041,0.0944983818784128,67.2067354898,60.717778738369496,True,discovery
QQQ,2003-09-15T00:00:00.000Z,28.2551693899,0.0744305421874718,66.9705764591,60.75556189626,True,discovery
QQQ,2003-09-16T00:00:00.000Z,29.0229270532,0.0760087582107345,67.948013668,60.789874110335006,True,discovery
QQQ,2003-09-17T00:00:00.000Z,28.9048104896,0.0583873957350284,67.816811291,60.824502174378,True,discovery
QQQ,2003-09-18T00:00:00.000Z,29.3435291544,0.0771136574791138,68.6171264389,60.8626458961925,True,discovery
QQQ,2003-09-19T00:00:00.000Z,29.1747912064,0.059436274512,68.2694881915,60.90313328154151,True,discovery
QQQ,2003-09-22T00:00:00.000Z,28.617955978,0.045622688036484,67.5319412937,60.9412935765755,True,discovery
QQQ,2003-09-23T00:00:00.000Z,29.124169822,0.06182713011238,67.7887661479,60.984042360522,True,discovery
QQQ,2003-09-24T00:00:00.000Z,28.0273731601,0.0208973570972916,66.5836611602,61.018821873146,True,discovery
QQQ,2003-09-25T00:00:00.000Z,27.6645865719,-0.0003048780488101,66.0370824699,61.059064633324496,True,discovery
QQQ,2003-09-26T00:00:00.000Z,27.4874117266,-0.0154125113306374,65.8197672574,61.0943333279125,True,discovery
QQQ,2003-09-29T00:00:00.000Z,27.9598779809,-0.0074872716389327,66.4651256497,61.132569641366,True,discovery
QQQ,2003-09-30T00:00:00.000Z,27.3524213682,-0.0428107469709189,65.8197672574,61.1676115651645,True,discovery
QQQ,2003-10-01T00:00:00.000Z,27.9683148783,-0.0206794682407711,67.2224329659,61.2142994240145,True,discovery
QQQ,2003-10-02T00:00:00.000Z,28.0611207497,-0.0263466042145466,67.4660846469,61.254722085781495,True,discovery
QQQ,2003-10-03T00:00:00.000Z,28.8457522078,0.0073659398946508,68.0851013024,61.30083150994899,True,discovery
QQQ,2003-10-06T00:00:00.000Z,29.0566746428,-0.0017391304349498,68.3946102887,61.351890024691,True,discovery
QQQ,2003-10-07T00:00:00.000Z,29.2338494882,0.0164271047243917,68.6580217296,61.4063389263295,True,discovery
QQQ,2003-10-08T00:00:00.000Z,29.0482377454,0.0348662458669388,68.486803404,61.4558309624055,True,discovery
QQQ,2003-10-09T00:00:00.000Z,29.2675970778,0.0312128418543804,68.6711902931,61.506147278002,True,discovery
QQQ,2003-10-10T00:00:00.000Z,29.5375777946,0.0351862803073352,68.8621637688,61.55959949041,True,discovery
QQQ,2003-10-13T00:00:00.000Z,29.7316264347,0.052254404297706,69.0794789813,61.6140080647185,True,discovery
QQQ,2003-10-14T00:00:00.000Z,29.8075585113,0.0270348837200928,69.3231306623,61.6761780020065,True,discovery
QQQ,2003-10-15T00:00:00.000Z,29.6810050503,0.0268534734375538,69.1387437732,61.7350496427795,True,discovery
QQQ,2003-10-16T00:00:00.000Z,29.9172381775,0.0195514663584348,69.4153290458,61.79491357068501,True,discovery
QQQ,2003-10-17T00:00:00.000Z,29.2001018986,0.0008675534992157,68.6580217296,61.841745997396,True,discovery
QQQ,2003-10-20T00:00:00.000Z,29.5628884868,0.0330188679277587,69.1716720966,61.89023520610551,True,discovery
QQQ,2003-10-21T00:00:00.000Z,29.7400633321,0.0211471610646483,69.0531372445,61.9328907483025,True,discovery
QQQ,2003-10-22T00:00:00.000Z,29.166354309,0.0406381697775894,68.1838816629,61.9719487122845,True,discovery
QQQ,2003-10-23T00:00:00.000Z,28.828878413,0.042086001830319,68.0587595657,62.0147431441775,True,discovery
QQQ,2003-10-24T00:00:00.000Z,28.8541891052,0.0497237569035045,68.2102233996,62.05367241130551,True,discovery
QQQ,2003-10-27T00:00:00.000Z,28.8626260026,0.0322872661431743,68.2431464548,62.091952475542506,True,discovery
QQQ,2003-10-28T00:00:00.000Z,29.8328692035,0.0906847624899407,69.1716720966,62.1349728229135,True,discovery
QQQ,2003-10-29T00:00:00.000Z,29.7991216139,0.0654600301650809,69.2638652118,62.177477544294,True,discovery
QQQ,2003-10-30T00:00:00.000Z,29.8581798957,0.064040889956942,69.4087424592,62.223734055493,True,discovery
QQQ,2003-10-31T00:00:00.000Z,29.6810050503,0.0289558350388292,69.3428904221,62.270898326397,True,discovery
QQQ,2003-11-03T00:00:00.000Z,30.1703450995,0.0383275261326558,69.797270729,62.324761646878,True,discovery
QQQ,2003-11-04T00:00:00.000Z,29.9678595619,0.0251082251072092,69.6458121633,62.3824576220145,True,discovery
QQQ,2003-11-05T00:00:00.000Z,30.2378402787,0.0409526575665808,69.6984903686,62.443932689170495,True,discovery
QQQ,2003-11-06T00:00:00.000Z,30.3222092527,0.0360334390314516,70.067269415,62.505493801062,True,discovery
QQQ,2003-11-07T00:00:00.000Z,30.0606654333,0.0177092259337401,69.5470324614,62.57203852001399,True,discovery
QQQ,2003-11-10T00:00:00.000Z,29.6894419477,-0.0014188422248829,69.2638652118,62.64100862446699,True,discovery
QQQ,2003-11-11T00:00:00.000Z,29.5797622816,-0.0076422303964829,69.2441107202,62.7078291184045,True,discovery
QQQ,2003-11-12T00:00:00.000Z,30.2125295865,0.0179079022189185,70.0211725281,62.7764189908915,True,discovery
QQQ,2003-11-13T00:00:00.000Z,30.1787819969,0.0087422447837013,70.0409276782,62.8517809578655,True,discovery
QQQ,2003-11-14T00:00:00.000Z,29.5628884868,0.0124241548697263,69.4482521009,62.918873459013504,True,discovery
QQQ,2003-11-17T00:00:00.000Z,29.2591601804,-0.0102739726037127,69.0992334729,62.9836674543915,True,discovery
QQQ,2003-11-18T00:00:00.000Z,28.5842083884,-0.0388652482273776,68.381436457,63.04763946599,True,discovery
QQQ,2003-11-19T00:00:00.000Z,28.8626260026,-0.0104136534577541,68.9609434707,63.1162343039165,True,discovery
QQQ,2003-11-20T00:00:00.000Z,28.5842083884,-0.0084869768811286,68.3419268152,63.183036170888,True,discovery
QQQ,2003-11-21T00:00:00.000Z,28.8794997974,0.0008771929825412,68.6250934062,63.25460679840799,True,discovery
QQQ,2003-11-24T00:00:00.000Z,29.6810050503,0.028354282372861,69.5338586296,63.32880062814949,True,discovery
QQQ,2003-11-25T00:00:00.000Z,29.6810050503,-0.0050904977380513,69.797270729,63.4061995830465,True,discovery
QQQ,2003-11-26T00:00:00.000Z,29.8159954087,0.0005662514156836,70.0475142648,63.489179274782,True,discovery
QQQ,2003-11-28T00:00:00.000Z,29.8497429983,-0.0002825656965518,70.1001924701,63.571608539377,True,discovery
QQQ,2003-12-01T00:00:00.000Z,30.2884616631,0.0204661739644782,70.8574991278,63.651964833436,True,discovery
QQQ,2003-12-02T00:00:00.000Z,30.1197237151,-0.0016778523491545,70.6796994839,63.726614342002,True,discovery
QQQ,2003-12-03T00:00:00.000Z,29.7400633321,-0.0076013513520869,70.5677512185,63.802168972176,True,discovery
QQQ,2003-12-04T00:00:00.000Z,30.0606654333,-0.0058593750005619,70.8574991278,63.88193931715449,True,discovery
QQQ,2003-12-05T00:00:00.000Z,29.5628884868,-0.0250417362261421,70.363603911,63.956473210791,True,discovery
QQQ,2003-12-08T00:00:00.000Z,29.7316264347,-0.0109458321649626,70.8377446362,64.03787007457049,True,discovery
QQQ,2003-12-09T00:00:00.000Z,29.0482377454,-0.0215970446136887,70.2911659459,64.11435301872099,True,discovery
QQQ,2003-12-10T00:00:00.000Z,29.1579174116,-0.0142612664018063,70.2845839689,64.194807048135,True,discovery
QQQ,2003-12-11T00:00:00.000Z,29.7822478191,-0.0142418318919004,71.0748143403,64.275631435981,True,discovery
QQQ,2003-12-12T00:00:00.000Z,29.7316264347,-0.0148168856597966,71.2131043425,64.355324301612,True,discovery
QQQ,2003-12-15T00:00:00.000Z,29.3435291544,-0.0074200913249037,70.8574991278,64.4358759315625,True,discovery
QQQ,2003-12-16T00:00:00.000Z,29.4025874362,0.0049019607847828,71.2262781743,64.5226335091005,True,discovery
QQQ,2003-12-17T00:00:00.000Z,29.4532088206,0.030401416768031,71.4501747051,64.6082318881905,True,discovery
QQQ,2003-12-18T00:00:00.000Z,30.0016071515,0.039462145571834,72.2535782497,64.7001259661055,True,discovery
QQQ,2003-12-19T00:00:00.000Z,29.9172381775,0.046635182999889,72.0531167177,64.7891622309395,True,discovery
QQQ,2003-12-22T00:00:00.000Z,30.0100440489,0.0391469471227399,72.5559680657,64.887223297851,True,discovery
QQQ,2003-12-23T00:00:00.000Z,30.2378402787,0.0187606594674383,72.602282538,64.9881201650245,True,discovery
QQQ,2003-12-24T00:00:00.000Z,30.2999189697,0.0208521887433101,72.5295016133,65.08689527707799,True,discovery
QQQ,2003-12-26T00:00:00.000Z,30.2577185255,0.0148149713180834,72.582429225,65.17682025395199,True,discovery
QQQ,2003-12-29T00:00:00.000Z,30.7556837676,0.0303500358228074,73.5484352199,65.27069635020099,True,discovery
QQQ,2003-12-30T00:00:00.000Z,30.8569648338,0.0187696284157143,73.5616654687,65.3560121186115,True,discovery
QQQ,2003-12-31T00:00:00.000Z,30.7725639453,0.0216748412560208,73.627829284,65.439998510527,True,discovery
QQQ,2004-01-02T00:00:00.000Z,30.6881630568,0.0318795462576122,73.5947496921,65.5216384783055,True,discovery
QQQ,2004-01-05T00:00:00.000Z,31.3042895428,0.0413704783834347,74.3953392015,65.606662882058,True,discovery
QQQ,2004-01-06T00:00:00.000Z,31.5152917641,0.0660423719479157,74.4681207878,65.6859495887785,True,discovery
QQQ,2004-01-07T00:00:00.000Z,31.802254785,0.069643964982802,74.7195438153,65.7762324477835,True,discovery
QQQ,2004-01-08T00:00:00.000Z,32.0554574504,0.1035250307215698,75.0172819766,65.86529145968001,True,discovery
QQQ,2004-01-09T00:00:00.000Z,31.8444552292,0.0921375069308347,74.3622549781,65.9525133008125,True,discovery
QQQ,2004-01-12T00:00:00.000Z,32.3508605602,0.0862464363570532,74.9114214601,66.04225220471899,True,discovery
QQQ,2004-01-13T00:00:00.000Z,32.0301371839,0.0773086112274501,74.4747339273,66.1312456613355,True,discovery
QQQ,2004-01-14T00:00:00.000Z,32.1398583389,0.0952962804775885,75.0966813339,66.2297870894385,True,discovery
QQQ,2004-01-15T00:00:00.000Z,32.2242592274,0.095966785145106,75.2819412077,66.325006228151,True,discovery
QQQ,2004-01-16T00:00:00.000Z,32.5534226926,0.1052589512702488,75.5796840005,66.4149163479635,True,discovery
QQQ,2004-01-20T00:00:00.000Z,32.528102426,0.0842119977687154,75.5598306876,66.5060998386365,True,discovery
QQQ,2004-01-21T00:00:00.000Z,32.3930610044,0.0827557280592166,76.1553116417,66.5985612894255,True,discovery
QQQ,2004-01-22T00:00:00.000Z,32.1989389609,0.0729387437230448,75.9568215191,66.690585866467,True,discovery
QQQ,2004-01-23T00:00:00.000Z,32.080777717,0.0609480512269982,75.7120109695,66.7809288547565,True,discovery
QQQ,2004-01-26T00:00:00.000Z,32.5703028703,0.0749303621197927,76.6647814224,66.879826744798,True,discovery
QQQ,2004-01-27T00:00:00.000Z,31.8528953181,0.0527196652733632,75.8774221619,66.973219122657,True,discovery
QQQ,2004-01-28T00:00:00.000Z,31.3127296317,0.0181119648748251,75.0106694988,67.06345426675699,True,discovery
QQQ,2004-01-29T00:00:00.000Z,31.4308908756,0.0185995623643235,75.0834504234,67.148170684037,True,discovery
QQQ,2004-01-30T00:00:00.000Z,31.2874093651,0.0167306637404398,75.0834504234,67.230174540525,True,discovery
QQQ,2004-02-02T00:00:00.000Z,31.2030084766,0.0167766776671214,75.4076550372,67.31879966743,True,discovery
QQQ,2004-02-03T00:00:00.000Z,31.1692481212,-0.0043138312216084,75.2819412077,67.40251497139249,True,discovery
QQQ,2004-02-04T00:00:00.000Z,30.6628427903,-0.0270487412961554,74.6666109104,67.4828594784065,True,discovery
QQQ,2004-02-05T00:00:00.000Z,30.7810040342,-0.0321125265395234,74.8849550077,67.55877257287449,True,discovery
QQQ,2004-02-06T00:00:00.000Z,31.3380498982,-0.0223802001050852,75.7252418799,67.63614185299849,True,discovery
QQQ,2004-02-09T00:00:00.000Z,31.3296098094,-0.0161675059627934,75.7450951929,67.716290269299,True,discovery
QQQ,2004-02-10T00:00:00.000Z,31.3802503425,-0.0300026089226851,75.9899004494,67.8013557008985,True,discovery
QQQ,2004-02-11T00:00:00.000Z,31.7178538965,-0.009749670618238,76.7971083914,67.88535888399849,True,discovery
QQQ,2004-02-12T00:00:00.000Z,31.4393309644,-0.0217962184871277,76.5192189115,67.9669268156485,True,discovery
QQQ,2004-02-13T00:00:00.000Z,31.1776882101,-0.0324777370339084,76.1751603232,68.047428072084,True,discovery
QQQ,2004-02-17T00:00:00.000Z,31.5996926526,-0.0292973813846247,76.8632715451,68.13140257254199,True,discovery
QQQ,2004-02-18T00:00:00.000Z,31.6925336299,-0.025687597301468,76.5258366825,68.20940864816,True,discovery
QQQ,2004-02-19T00:00:00.000Z,31.2114485655,-0.0364773319427732,76.24132877,68.286580448994,True,discovery
QQQ,2004-02-20T00:00:00.000Z,31.1101674993,-0.0338138925298787,76.0097491308,68.3597183741525,True,discovery
QQQ,2004-02-23T00:00:00.000Z,30.7641238565,-0.0410418310963293,75.817871486,68.4335963590095,True,discovery
QQQ,2004-02-24T00:00:00.000Z,30.6881630568,-0.0577869914503088,75.6855445171,68.5098847649565,True,discovery
QQQ,2004-02-25T00:00:00.000Z,30.8738450115,-0.0307366189736501,76.003136653,68.58357789577249,True,discovery
QQQ,2004-02-26T00:00:00.000Z,30.9498058112,-0.0115902964950264,76.0494511252,68.653744260252,True,discovery
QQQ,2004-02-27T00:00:00.000Z,30.8654049227,-0.0179914070885909,76.1023793985,68.7247308429635,True,discovery
QQQ,2004-03-01T00:00:00.000Z,31.2705291874,-0.0005395198273855,76.8566590672,68.800142441746,True,discovery
QQQ,2004-03-02T00:00:00.000Z,30.9076053669,-0.0094671355142416,76.4067399624,68.871343565678,True,discovery
QQQ,2004-03-03T00:00:00.000Z,30.7388035899,-0.0138099106409701,76.5456847023,68.944023759811,True,discovery
QQQ,2004-03-04T00:00:00.000Z,31.0257666108,0.011835948251178,76.7441754866,69.0249516767335,True,discovery
QQQ,2004-03-05T00:00:00.000Z,30.9160454558,0.0043871675352096,77.002216285,69.107790753607,True,discovery
QQQ,2004-03-08T00:00:00.000Z,30.1901978147,-0.0366280635594346,76.0626820357,69.18531120327499,True,discovery
QQQ,2004-03-09T00:00:00.000Z,30.0973568374,-0.039331896550792,75.7583261033,69.258303193172,True,discovery
QQQ,2004-03-10T00:00:00.000Z,29.7006726614,-0.0535233996787226,74.4879694693,69.324322447208,True,discovery
QQQ,2004-03-11T00:00:00.000Z,29.4305898183,-0.0721128259706245,73.5219687675,69.3801519519765,True,discovery
QQQ,2004-03-12T00:00:00.000Z,29.9707555046,-0.046711409395541,74.4879694693,69.43992907615899,True,discovery
QQQ,2004-03-15T00:00:00.000Z,29.4474699959,-0.0554953979442098,73.5748963792,69.4959578693055,True,discovery
QQQ,2004-03-16T00:00:00.000Z,29.498110529,-0.0665064102586163,73.9652694398,69.548938280407,True,discovery
QQQ,2004-03-17T00:00:00.000Z,29.9623154158,-0.0545938748320091,74.7923254016,69.6047467129865,True,discovery
QQQ,2004-03-18T00:00:00.000Z,29.8272739942,-0.0443482963757734,74.812174083,69.6593471273735,True,discovery
QQQ,2004-03-19T00:00:00.000Z,29.3293087521,-0.0572436245237211,73.7434576623,69.7039958724875,True,discovery
QQQ,2004-03-22T00:00:00.000Z,28.9579448427,-0.0587105624143552,72.8072251555,69.7423620741515,True,discovery
QQQ,2004-03-23T00:00:00.000Z,28.7216223549,-0.0640814081396848,72.6810638154,69.78137204280151,True,discovery
QQQ,2004-03-24T00:00:00.000Z,29.05078582,-0.0590486604704058,72.7408261626,69.8239816487575,True,discovery
QQQ,2004-03-25T00:00:00.000Z,29.8272739942,-0.0362694300522488,73.7036191961,69.8681370822235,True,discovery
QQQ,2004-03-26T00:00:00.000Z,29.725992928,-0.0369155045123681,73.7235384292,69.9089605575105,True,discovery
QQQ,2004-03-29T00:00:00.000Z,30.2070779924,-0.034008097164806,74.7593710854,69.9539500799405,True,discovery
QQQ,2004-03-30T00:00:00.000Z,30.3083590586,-0.0193883123971083,75.0116931017,70.003632766797,True,discovery
QQQ,2004-03-31T00:00:00.000Z,30.2492784367,-0.0159253157582505,75.0980106637,70.046883932774,True,discovery
QQQ,2004-04-01T00:00:00.000Z,30.5193612798,-0.0163220892283681,75.5495289949,70.092392690407,True,discovery
QQQ,2004-04-02T00:00:00.000Z,31.3127296317,0.0128310128301218,76.1205660445,70.1410507787495,True,discovery
QQQ,2004-04-05T00:00:00.000Z,31.6081327414,0.0469667318976487,76.5388825552,70.196866072819,True,discovery
QQQ,2004-04-06T00:00:00.000Z,31.2114485655,0.0370162647211462,76.2932071445,70.252171146745,True,discovery
QQQ,2004-04-07T00:00:00.000Z,31.1776882101,0.04973003694356,76.1139247508,70.3099253987965,True,discovery
QQQ,2004-04-08T00:00:00.000Z,31.1776882101,0.0593633495824013,75.9412896268,70.3664884807655,True,discovery
QQQ,2004-04-12T00:00:00.000Z,31.3718102536,0.0467473950993648,76.240086091,70.42779271614751,True,discovery
QQQ,2004-04-13T00:00:00.000Z,30.9160454558,0.0498710232187848,75.1710509504,70.47958619137549,True,discovery
QQQ,2004-04-14T00:00:00.000Z,31.0679670551,0.0532188841233287,75.2905703328,70.535716434501,True,discovery
QQQ,2004-04-15T00:00:00.000Z,30.510921191,0.0183098591542998,75.005051808,70.590517507285,True,discovery
QQQ,2004-04-16T00:00:00.000Z,30.4602806579,0.0212224108654077,75.5827308153,70.6452549888625,True,discovery
QQQ,2004-04-19T00:00:00.000Z,30.8316445673,0.0512230215822058,75.5827308153,70.69592530499149,True,discovery
QQQ,2004-04-20T00:00:00.000Z,30.1142370151,0.039930049548785,74.3144947119,70.7436328140725,True,discovery
QQQ,2004-04-21T00:00:00.000Z,30.3758797694,0.0575962386128157,74.8124921389,70.7874015578135,True,discovery
QQQ,2004-04-22T00:00:00.000Z,31.1608080324,0.0726321905876761,75.8616080465,70.834939874851,True,discovery
QQQ,2004-04-23T00:00:00.000Z,31.405570609,0.052914544423567,75.9346483331,70.884712980454,True,discovery
QQQ,2004-04-26T00:00:00.000Z,31.1776882101,0.0488358886990314,75.828406226,70.938153243347,True,discovery
QQQ,2004-04-27T00:00:00.000Z,31.1186075882,0.0301760268248831,75.8948098669,70.98884236206399,True,discovery
QQQ,2004-04-28T00:00:00.000Z,30.5531216352,0.0080757449166668,74.9120929523,71.0330106908695,True,discovery
QQQ,2004-04-29T00:00:00.000Z,30.0804766597,-0.0055803571431707,74.2547376767,71.0746138416105,True,discovery
QQQ,2004-04-30T00:00:00.000Z,29.3461889298,-0.0384402654840778,73.6770586694,71.115263797116,True,discovery
QQQ,2004-05-03T00:00:00.000Z,29.6247118618,-0.0539083557950536,74.4672165789,71.164522103554,True,discovery
QQQ,2004-05-04T00:00:00.000Z,29.7513131945,-0.058744993324707,74.4074542316,71.2101688144955,True,discovery
QQQ,2004-05-05T00:00:00.000Z,29.9876356823,-0.039210383992006,74.8855324256,71.262240298481,True,discovery
QQQ,2004-05-06T00:00:00.000Z,29.7597532834,-0.0454791553865325,74.2414550893,71.3081722191555,True,discovery
QQQ,2004-05-07T00:00:00.000Z,29.5149907067,-0.0533297238780318,73.0130621,71.347732576464,True,discovery
QQQ,2004-05-10T00:00:00.000Z,29.2617880413,-0.0672585418324041,72.2627479687,71.38600134618551,True,discovery
QQQ,2004-05-11T00:00:00.000Z,29.7006726614,-0.0393120393142645,72.8736234845,71.421617316365,True,discovery
QQQ,2004-05-12T00:00:00.000Z,29.7597532834,-0.0421081227934818,73.338419091,71.4607708627845,True,discovery
QQQ,2004-05-13T00:00:00.000Z,29.5487510621,-0.0315352697113523,73.0329813331,71.49990600675049,True,discovery
QQQ,2004-05-14T00:00:00.000Z,29.3293087521,-0.0371293987242589,73.0661831536,71.53999434784099,True,discovery
QQQ,2004-05-17T00:00:00.000Z,29.05078582,-0.0577607445951415,72.4420243864,71.5762075166875,True,discovery
QQQ,2004-05-18T00:00:00.000Z,29.3124285744,-0.0266255605379592,72.8072251555,71.6171330596745,True,discovery
QQQ,2004-05-19T00:00:00.000Z,29.278668219,-0.0361211447612229,72.5549031392,71.65679699258,True,discovery
QQQ,2004-05-20T00:00:00.000Z,29.4137096406,-0.0560671722627802,72.7873059224,71.70447810534151,True,discovery
QQQ,2004-05-21T00:00:00.000Z,29.557191151,-0.0588551464646944,72.9134619506,71.7509531944855,True,discovery
QQQ,2004-05-24T00:00:00.000Z,29.7597532834,-0.0454791553865325,73.2188997085,71.7956099052845,True,discovery
QQQ,2004-05-25T00:00:00.000Z,30.3505595028,-0.0246813127233636,74.2680149521,71.8445938019025,True,discovery
QQQ,2004-05-26T00:00:00.000Z,30.5446815464,-0.0002762430923024,74.5269736141,71.893658890343,True,discovery
QQQ,2004-05-27T00:00:00.000Z,30.7388035899,0.0218855218834344,74.9452947728,71.94186360161349,True,discovery
QQQ,2004-05-28T00:00:00.000Z,30.848524745,0.0511935576641242,74.9386534791,71.9917079014625,True,discovery
QQQ,2004-06-01T00:00:00.000Z,30.8063243007,0.0398860398849529,74.8390526657,72.0401686131795,True,discovery
QQQ,2004-06-02T00:00:00.000Z,30.7388035899,0.033191489361974,75.1179298968,72.08900690165,True,discovery
QQQ,2004-06-03T00:00:00.000Z,30.3674396805,0.0126653532217004,74.4273728007,72.13157162405399,True,discovery
QQQ,2004-06-04T00:00:00.000Z,30.5446815464,0.0263754963129292,75.0183343954,72.1758447695695,True,discovery
QQQ,2004-06-07T00:00:00.000Z,31.2705291874,0.0594795539034842,76.1604045107,72.227173069526,True,discovery
QQQ,2004-06-08T00:00:00.000Z,31.3127296317,0.0700894144782029,76.2666466178,72.2779829872415,True,discovery
QQQ,2004-06-09T00:00:00.000Z,30.8738450115,0.039499857914824,75.5561702886,72.328520500737,True,discovery
QQQ,2004-06-10T00:00:00.000Z,31.0932873216,0.0448099829827501,75.9280063754,72.38039238843851,True,discovery
QQQ,2004-06-14T00:00:00.000Z,30.6544027014,0.0374178806060652,75.1776922441,72.42792230626699,True,discovery
QQQ,2004-06-15T00:00:00.000Z,31.0510868774,0.058705035971116,75.7088868435,72.47800980432949,True,discovery
QQQ,2004-06-16T00:00:00.000Z,31.0004463443,0.0671121441044722,75.6956089041,72.525997316851,True,discovery
QQQ,2004-06-17T00:00:00.000Z,30.7134833234,0.0477972934055559,75.5827308153,72.571190054279,True,discovery
QQQ,2004-06-18T00:00:00.000Z,30.7556837676,0.0504468146417094,75.724663402,72.61263168206101,True,discovery
QQQ,2004-06-21T00:00:00.000Z,30.510921191,0.037302725967129,75.4381052209,72.650803738139,True,discovery
QQQ,2004-06-22T00:00:00.000Z,30.9582459,0.047401484865134,75.8179614145,72.69071106647401,True,discovery
QQQ,2004-06-23T00:00:00.000Z,31.3296098094,0.0527509926258584,76.471049501,72.73578622870849,True,discovery
QQQ,2004-06-24T00:00:00.000Z,31.2705291874,0.0303114571747888,76.2311396597,72.776873867484,True,discovery
QQQ,2004-06-25T00:00:00.000Z,31.5068516752,0.0315004144776687,75.8646097543,72.8183592413825,True,discovery
QQQ,2004-06-28T00:00:00.000Z,31.2452089209,0.0164744645808658,75.6047088146,72.86195629038549,True,discovery
QQQ,2004-06-29T00:00:00.000Z,31.5406120306,0.0224350205178669,75.9179242371,72.90613541343299,True,discovery
QQQ,2004-06-30T00:00:00.000Z,31.8528953181,0.0339726027417111,76.3244376721,72.9517239243445,True,discovery
QQQ,2004-07-01T00:00:00.000Z,31.2620890986,0.0170236134002279,75.2648408155,72.9931952461265,True,discovery
QQQ,2004-07-02T00:00:00.000Z,31.0764071439,0.0233463035033294,75.224852621,73.0295794408915,True,discovery
QQQ,2004-07-06T00:00:00.000Z,30.4096401248,-0.0044211108043428,74.5651037228,73.0633209030505,True,discovery
QQQ,2004-07-07T00:00:00.000Z,30.4687207467,-0.0256410256409436,74.7850217993,73.0941603798525,True,discovery
QQQ,2004-07-08T00:00:00.000Z,30.1311171928,-0.0377358490555794,74.2652192534,73.124139035162,True,discovery
QQQ,2004-07-09T00:00:00.000Z,30.173317637,-0.0226899945322347,74.4584800885,73.158771729136,True,discovery
QQQ,2004-07-12T00:00:00.000Z,30.0467163043,-0.0336590662310885,74.4917981416,73.19228688910451,True,discovery
QQQ,2004-07-13T00:00:00.000Z,30.00451586,-0.0212004405282481,74.5451126244,73.2320941464255,True,discovery
QQQ,2004-07-14T00:00:00.000Z,29.7006726614,-0.0434900788282189,74.3185290713,73.2735013794325,True,discovery
QQQ,2004-07-15T00:00:00.000Z,29.5993915952,-0.0451946637651431,73.83871472,73.31359611674549,True,discovery
QQQ,2004-07-16T00:00:00.000Z,29.2617880413,-0.0472657323434877,73.7787347606,73.3501641623,True,discovery
QQQ,2004-07-19T00:00:00.000Z,29.2027074193,-0.0504939626780791,73.4655193381,73.3883929227035,True,discovery
QQQ,2004-07-20T00:00:00.000Z,29.9032347938,-0.0199170124492752,74.3985001291,73.42427325851949,True,discovery
QQQ,2004-07-21T00:00:00.000Z,29.0339056423,-0.0621592148313545,73.0256885164,73.45207127786699,True,discovery
QQQ,2004-07-22T00:00:00.000Z,29.4305898183,-0.0606142241366257,73.2256094968,73.47777381883901,True,discovery
QQQ,2004-07-23T00:00:00.000Z,28.8735439542,-0.0766531713881526,72.6125096048,73.4988633154195,True,discovery
QQQ,2004-07-26T00:00:00.000Z,28.7469426214,-0.0875971068849259,72.4725632526,73.5179360230345,True,discovery
QQQ,2004-07-27T00:00:00.000Z,29.1436267974,-0.067260940031489,73.1523039155,73.541263525592,True,discovery
QQQ,2004-07-28T00:00:00.000Z,29.0170254646,-0.0800107037730172,73.3722213256,73.5647686807545,True,discovery
QQQ,2004-07-29T00:00:00.000Z,29.3546290186,-0.0784313725503123,73.6854374146,73.5888850489835,True,discovery
QQQ,2004-07-30T00:00:00.000Z,29.4474699959,-0.058045356373233,73.8653666301,73.6128144872275,True,discovery
QQQ,2004-08-02T00:00:00.000Z,29.5065506179,-0.0505160238997624,74.0186446019,73.6362920569255,True,discovery
QQQ,2004-08-03T00:00:00.000Z,28.8904241319,-0.0499583680262309,73.4455275733,73.657825975926,True,discovery
QQQ,2004-08-04T00:00:00.000Z,28.8988642207,-0.051523545706133,73.4388620967,73.6779436411805,True,discovery
QQQ,2004-08-05T00:00:00.000Z,28.3586985344,-0.0588235294117648,72.2393195542,73.69585013030351,True,discovery
QQQ,2004-08-06T00:00:00.000Z,27.6159707156,-0.0847552447551891,71.2063746077,73.706023642859,True,discovery
QQQ,2004-08-09T00:00:00.000Z,27.6834914264,-0.0786516853943802,71.3063380968,73.71728964712051,True,discovery
QQQ,2004-08-10T00:00:00.000Z,28.0295350692,-0.0658227848106328,72.2259879347,73.73750017847951,True,discovery
QQQ,2004-08-11T00:00:00.000Z,27.7847724926,-0.0645069622039223,72.0793814371,73.7576032878365,True,discovery
QQQ,2004-08-12T00:00:00.000Z,27.4049684944,-0.0741374394045268,71.2930118085,73.77301722988099,True,discovery
QQQ,2004-08-13T00:00:00.000Z,27.4471689386,-0.0620132679567924,71.4329581608,73.788966288411,True,discovery
QQQ,2004-08-16T00:00:00.000Z,27.759452226,-0.0494219653190839,72.1726787832,73.803971321844,True,discovery
QQQ,2004-08-17T00:00:00.000Z,28.0717355135,-0.0612475303400866,72.5791922182,73.820547956876,True,discovery
QQQ,2004-08-18T00:00:00.000Z,28.5697007556,-0.0159883720922372,73.3255729858,73.840132109509,True,discovery
QQQ,2004-08-19T00:00:00.000Z,28.4177791563,-0.0344135359927524,73.1123203859,73.858979259328,True,discovery
QQQ,2004-08-20T00:00:00.000Z,28.7047421772,-0.0058462437887,73.6254621201,73.87812021628349,True,discovery
QQQ,2004-08-23T00:00:00.000Z,28.772262888,0.0008807985925136,73.4388620967,73.89708546595051,True,discovery
QQQ,2004-08-24T00:00:00.000Z,28.7638227991,-0.0130321459624881,73.5388249193,73.916287138704,True,discovery
QQQ,2004-08-25T00:00:00.000Z,29.1605069751,0.0049447353132403,74.0386357004,73.936143970131,True,discovery
QQQ,2004-08-26T00:00:00.000Z,29.0339056423,-0.0109258194370905,74.0386357004,73.958601986326,True,discovery
QQQ,2004-08-27T00:00:00.000Z,29.1689470639,-0.009458297505313,74.2718800651,73.9836420605925,True,discovery
QQQ,2004-08-30T00:00:00.000Z,28.6794219106,-0.0280320366148874,73.6587801732,74.00571540785751,True,discovery
QQQ,2004-08-31T00:00:00.000Z,28.713182266,-0.0061349693272344,74.0453018433,74.0258360544335,True,discovery
QQQ,2004-09-01T00:00:00.000Z,28.9241844873,0.0008761682260807,74.1852481956,74.0465576570205,True,discovery
QQQ,2004-09-02T00:00:00.000Z,29.3546290186,0.0351190476175029,75.0249316406,74.074441054719,True,discovery
QQQ,2004-09-03T00:00:00.000Z,28.8144633322,0.0433985330062283,74.7183816947,74.102536795828,True,discovery
QQQ,2004-09-07T00:00:00.000Z,29.0592259089,0.0496951219522856,75.2115269991,74.13668724853851,True,discovery
QQQ,2004-09-08T00:00:00.000Z,28.9495047538,0.0328214393256525,75.0249316406,74.167007189388,True,discovery
QQQ,2004-09-09T00:00:00.000Z,29.1942673305,0.0507290400983271,74.9582908696,74.20008900965999,True,discovery
QQQ,2004-09-10T00:00:00.000Z,29.6415920395,0.0816137973505439,75.3448078748,74.233687582003,True,discovery
QQQ,2004-09-13T00:00:00.000Z,30.0298361266,0.0940959409612514,75.5913825263,74.2639752014865,True,discovery
QQQ,2004-09-14T00:00:00.000Z,30.0720365708,0.083307996352824,75.7446604982,74.2937121503325,True,discovery
QQQ,2004-09-15T00:00:00.000Z,29.7513131945,0.059831629583154,75.1715434695,74.319332296356,True,discovery
QQQ,2004-09-16T00:00:00.000Z,29.8103938165,0.0434268833094728,75.3981216912,74.34582194246151,True,discovery
QQQ,2004-09-17T00:00:00.000Z,29.9032347938,0.0522720522715682,75.7171895648,74.3701203946465,True,discovery
QQQ,2004-09-20T00:00:00.000Z,29.9032347938,0.0417524257560464,75.2621496734,74.393032645594,True,discovery
QQQ,2004-09-21T00:00:00.000Z,30.0213960377,0.0434144910521088,75.5900442452,74.41814411072751,True,discovery
QQQ,2004-09-22T00:00:00.000Z,29.498110529,0.0255281690138549,74.6465097111,74.437089163644,True,discovery
QQQ,2004-09-23T00:00:00.000Z,29.4727902625,0.0107091172203095,74.2450005,74.456496146589,True,discovery
QQQ,2004-09-24T00:00:00.000Z,29.3715091963,0.0116279069774249,74.586281255,74.47523882968301,True,discovery
QQQ,2004-09-27T00:00:00.000Z,29.1183065308,-0.0017361111112121,74.1111674422,74.4943388371645,True,discovery
QQQ,2004-09-28T00:00:00.000Z,29.1773871528,0.0173631547997121,74.4658296962,74.515245065801,True,discovery
QQQ,2004-09-29T00:00:00.000Z,29.6078316841,0.031158142271098,74.8405658717,74.534073823458,True,discovery
QQQ,2004-09-30T00:00:00.000Z,29.6584722172,0.0253866355410092,74.7870358606,74.5519434810485,True,discovery
QQQ,2004-10-01T00:00:00.000Z,30.4687207467,0.037952846462276,76.0517772282,74.57791487155049,True,discovery
QQQ,2004-10-04T00:00:00.000Z,30.6459626126,0.0635618043371057,76.1789165252,74.602678063305,True,discovery
QQQ,2004-10-05T00:00:00.000Z,30.6881630568,0.0560557653189619,76.2190710599,74.626522545079,True,discovery
QQQ,2004-10-06T00:00:00.000Z,30.9329256335,0.0685131195358237,76.7410264765,74.648959786213,True,discovery
QQQ,2004-10-07T00:00:00.000Z,30.5868819906,0.0477016478726664,75.917938817,74.6682838967095,True,discovery
QQQ,2004-10-08T00:00:00.000Z,30.0298361266,0.0130979498868559,75.2889173557,74.6819486431595,True,discovery
QQQ,2004-10-11T00:00:00.000Z,30.173317637,0.0047779651475656,75.5967373368,74.69692091715349,True,discovery
QQQ,2004-10-12T00:00:00.000Z,30.1226771039,0.0016839741791605,75.3022988547,74.7107849033605,True,discovery
QQQ,2004-10-13T00:00:00.000Z,30.0551563931,0.0102127659580475,74.6398166195,74.72107184033301,True,discovery
QQQ,2004-10-14T00:00:00.000Z,29.9201149715,0.0036806342001181,74.037557487,74.7235174516685,True,discovery
QQQ,2004-10-15T00:00:00.000Z,30.0720365708,0.0056449336723598,74.4524481972,74.727971365311,True,discovery
QQQ,2004-10-18T00:00:00.000Z,30.5024811021,0.0200395145352048,74.7335004961,74.73349972137152,True,discovery
QQQ,2004-10-19T00:00:00.000Z,30.2830387921,0.008715209448336,74.1044743505,74.7360483446635,True,discovery
QQQ,2004-10-20T00:00:00.000Z,30.4265203025,0.0314735336213234,73.9572551095,74.7338579242035,True,discovery
QQQ,2004-10-21T00:00:00.000Z,30.8907251892,0.0481099656351209,74.4390620139,74.733712630334,True,discovery
QQQ,2004-10-22T00:00:00.000Z,30.2155180813,0.0287356321855711,73.6025928554,74.7281278755345,True,discovery
QQQ,2004-10-25T00:00:00.000Z,30.0720365708,0.0327536231886009,73.5156020705,74.72061947600399,True,discovery
QQQ,2004-10-26T00:00:00.000Z,30.232398259,0.0361585189473949,74.6398166195,74.72200728421099,True,discovery
QQQ,2004-10-27T00:00:00.000Z,31.0004463443,0.0470353477775227,75.5365088807,74.725132721314,True,discovery
QQQ,2004-10-28T00:00:00.000Z,31.1945683878,0.0517928286848559,75.7640311685,74.73157920752,True,discovery
QQQ,2004-10-29T00:00:00.000Z,31.1439278547,0.0221606648212537,75.7506449853,74.73484902577701,True,discovery
QQQ,2004-11-01T00:00:00.000Z,31.2620890986,0.0201046543647052,75.9580926825,74.738229783151,True,discovery
QQQ,2004-11-02T00:00:00.000Z,31.3633701648,0.0220022002213124,75.9848603647,74.740255664972,True,discovery
QQQ,2004-11-03T00:00:00.000Z,31.574372386,0.0207366984972583,76.941781082,74.747165416944,True,discovery
QQQ,2004-11-04T00:00:00.000Z,31.7516142519,0.0380794702009166,77.9923863451,74.756350790461,True,discovery
QQQ,2004-11-05T00:00:00.000Z,32.0385772727,0.0668915120825681,78.4808816569,74.76897109115,True,discovery
QQQ,2004-11-08T00:00:00.000Z,32.0723376281,0.0629370629357419,78.3671231897,74.78224665225099,True,discovery
QQQ,2004-11-09T00:00:00.000Z,32.0048169174,0.0624824880938725,78.2132101879,74.78998879607849,True,discovery
QQQ,2004-11-10T00:00:00.000Z,31.8950957623,0.0612187587758621,78.273438644,74.80196887848899,True,discovery
QQQ,2004-11-11T00:00:00.000Z,32.3171002048,0.0801128349801869,78.8690046848,74.821260554419,True,discovery
QQQ,2004-11-12T00:00:00.000Z,32.6293834922,0.0850406960426213,79.4913377387,74.84329999099549,True,discovery
QQQ,2004-11-15T00:00:00.000Z,32.7728650027,0.0744327614858744,79.6860824807,74.866313151282,True,discovery
QQQ,2004-11-16T00:00:00.000Z,32.5703028703,0.0755295429201339,79.1155977968,74.88485286507999,True,discovery
QQQ,2004-11-17T00:00:00.000Z,33.0091874904,0.0848821081813879,79.5854087524,74.9063702028035,True,discovery
QQQ,2004-11-18T00:00:00.000Z,33.1611090897,0.0734972677589895,79.6927906621,74.93150110156199,True,discovery
QQQ,2004-11-19T00:00:00.000Z,32.6462636699,0.0804469273722088,78.8068677595,74.951110665321,True,discovery
QQQ,2004-11-22T00:00:00.000Z,32.9585469573,0.0959865282055025,79.1827171952,74.9683980418975,True,discovery
QQQ,2004-11-23T00:00:00.000Z,32.9079064242,0.088498045781185,79.3035255348,74.986190193607,True,discovery
QQQ,2004-11-24T00:00:00.000Z,33.1948694451,0.0707868227582304,79.4914472325,75.0036979275225,True,discovery
QQQ,2004-11-26T00:00:00.000Z,33.0935883789,0.0608766233753275,79.4310407136,75.0168675891335,True,discovery
QQQ,2004-11-29T00:00:00.000Z,33.0851482901,0.0623306233066247,79.068617708,75.029614583116,True,discovery
QQQ,2004-11-30T00:00:00.000Z,33.0176275793,0.0561555075594297,79.1223106763,75.04435033488149,True,discovery
QQQ,2004-12-01T00:00:00.000Z,33.6928346873,0.0742734122723336,80.0216593377,75.0601422738445,True,discovery
QQQ,2004-12-02T00:00:00.000Z,33.81943602,0.0711039828932738,80.088774038,75.077956960622,True,discovery
QQQ,2004-12-03T00:00:00.000Z,33.8700765531,0.0667198298767828,80.0350803985,75.09692571876451,True,discovery
QQQ,2004-12-06T00:00:00.000Z,33.988237797,0.0608535300336601,80.0082335788,75.1169181410045,True,discovery
QQQ,2004-12-07T00:00:00.000Z,33.4058716664,0.0415789473708843,79.2632522851,75.134145045,True,discovery
QQQ,2004-12-08T00:00:00.000Z,33.5999937099,0.049841772150015,79.7263503612,75.1543490742205,True,discovery
QQQ,2004-12-09T00:00:00.000Z,33.8025558423,0.0598041810005982,80.0082335788,75.17437455884951,True,discovery
QQQ,2004-12-10T00:00:00.000Z,33.7012747761,0.0428310263770017,80.088774038,75.19457117341351,True,discovery
QQQ,2004-12-13T00:00:00.000Z,33.9966778858,0.0419037765125671,80.7867745717,75.2179931492795,True,discovery
QQQ,2004-12-14T00:00:00.000Z,34.1629476362,0.04241565799589,81.0686577893,75.23905314289,True,discovery
QQQ,2004-12-15T00:00:00.000Z,34.0388783301,0.045089401398817,81.1290589389,75.2626647377725,True,discovery
QQQ,2004-12-16T00:00:00.000Z,33.7181549538,0.0214778828956692,81.0820788501,75.28534670851151,True,discovery
QQQ,2004-12-17T00:00:00.000Z,33.6367756171,0.0143441079160933,80.5437424292,75.3043445432245,True,discovery
QQQ,2004-12-20T00:00:00.000Z,33.4024472246,0.0231629433109432,80.5639720984,75.3221533222915,True,discovery
QQQ,2004-12-21T00:00:00.000Z,33.8114567824,0.0258782593239017,81.1843679516,75.347761751871,True,discovery
QQQ,2004-12-22T00:00:00.000Z,33.8540619447,0.0287516169610901,81.3799286135,75.375869764422,True,discovery
QQQ,2004-12-23T00:00:00.000Z,33.8779208356,0.0205770169281636,81.440617621,75.4106330051805,True,discovery
QQQ,2004-12-27T00:00:00.000Z,33.7347674904,0.0193747231082626,81.2720314249,75.4493833184675,True,discovery
QQQ,2004-12-28T00:00:00.000Z,34.0585667237,0.0294216131378581,81.7171010058,75.48552897615,True,discovery
QQQ,2004-12-29T00:00:00.000Z,34.1011718859,0.0328171460531985,81.8384837414,75.526846912961,True,discovery
QQQ,2004-12-30T00:00:00.000Z,34.0756087886,0.0113606974554825,81.6833817435,75.56543747447951,True,discovery
QQQ,2004-12-31T00:00:00.000Z,34.0117010451,0.0056850452794747,81.5080561456,75.5990161281995,True,discovery
QQQ,2005-01-03T00:00:00.000Z,33.657226095,-0.0062843217306078,81.1236796183,75.630573655876,True,discovery
QQQ,2005-01-04T00:00:00.000Z,33.0445638615,-0.0277647208759758,80.1323921105,75.662518328117,True,discovery
QQQ,2005-01-05T00:00:00.000Z,32.8400590825,-0.0169375189353045,79.5794293871,75.696379349275,True,discovery
QQQ,2005-01-06T00:00:00.000Z,32.6756031562,-0.0275116287723481,79.9840355835,75.73289420811551,True,discovery
QQQ,2005-01-07T00:00:00.000Z,32.848580115,-0.0282219998910915,79.8693976445,75.768537065525,True,discovery
QQQ,2005-01-10T00:00:00.000Z,32.8315380501,-0.0258072352389706,80.2470293752,75.8012541164205,True,discovery
QQQ,2005-01-11T00:00:00.000Z,32.6006180706,-0.0410645951904352,79.6940666518,75.8311067575335,True,discovery
QQQ,2005-01-12T00:00:00.000Z,32.8741432124,-0.0377252114637306,79.9570611178,75.85709520769551,True,discovery
QQQ,2005-01-13T00:00:00.000Z,32.4395705572,-0.0469847377869017,79.3164355954,75.878618920164,True,discovery
QQQ,2005-01-14T00:00:00.000Z,32.7463277255,-0.0288220761080071,79.7345259902,75.9018014967965,True,discovery
QQQ,2005-01-18T00:00:00.000Z,32.9934376667,-0.019126029133213,80.5639720984,75.926873712314,True,discovery
QQQ,2005-01-19T00:00:00.000Z,32.4480915896,-0.0285714285717708,79.7210411175,75.94487608767899,True,discovery
QQQ,2005-01-20T00:00:00.000Z,31.8260562204,-0.0587197580624052,79.2355121982,75.958359235894,True,discovery
QQQ,2005-01-21T00:00:00.000Z,31.5704252467,-0.0674553234329835,78.7499832789,75.970643116566,True,discovery
QQQ,2005-01-24T00:00:00.000Z,31.127331559,-0.0811912068024431,78.5948866758,75.983047926191,True,discovery
QQQ,2005-01-25T00:00:00.000Z,31.2807101432,-0.0727456428415687,78.8174164087,75.9974285601005,True,discovery
QQQ,2005-01-26T00:00:00.000Z,31.6556355713,-0.0705529146864507,79.0534411294,76.01149533529251,True,discovery
QQQ,2005-01-27T00:00:00.000Z,31.613030409,-0.0729635182399343,79.1883080633,76.03158162085701,True,discovery
QQQ,2005-01-28T00:00:00.000Z,31.4596518248,-0.0767691922990725,79.1883080633,76.0510703095095,True,discovery
QQQ,2005-01-31T00:00:00.000Z,31.8686613827,-0.0630088938967885,79.6805824535,76.074447962737,True,discovery
QQQ,2005-02-01T00:00:00.000Z,31.9709137721,-0.0501025342415402,80.186341042,76.0974660138705,True,discovery
QQQ,2005-02-02T00:00:00.000Z,32.0220399668,-0.0309437854585012,80.429100444,76.121697862014,True,discovery
QQQ,2005-02-03T00:00:00.000Z,31.6590439843,-0.03596263621917,80.2200549095,76.151225663002,True,discovery
QQQ,2005-02-04T00:00:00.000Z,32.1668975186,-0.0155683625844094,81.0764754834,76.1825455797245,True,discovery
QQQ,2005-02-07T00:00:00.000Z,32.1021376719,-0.0227237354091642,80.9685782948,76.20808043096599,True,discovery
QQQ,2005-02-08T00:00:00.000Z,32.1583764861,-0.0205035037643612,81.0629858903,76.233722118752,True,discovery
QQQ,2005-02-09T00:00:00.000Z,31.6215514414,-0.030032149300965,80.4560749098,76.256860462171,True,discovery
QQQ,2005-02-10T00:00:00.000Z,31.6556355713,-0.037065837221284,80.7460431672,76.28111662867249,True,discovery
QQQ,2005-02-11T00:00:00.000Z,32.1242923563,-0.0097189387986524,81.440617621,76.31375925201601,True,discovery
QQQ,2005-02-14T00:00:00.000Z,32.2682978048,-0.0145979703344798,81.3799286135,76.3493852067,True,discovery
QQQ,2005-02-15T00:00:00.000Z,32.4821757194,-0.0154958677681535,81.6833817435,76.3894168220705,True,discovery
QQQ,2005-02-16T00:00:00.000Z,32.3628812651,-0.0026260504185493,81.737330675,76.425767392551,True,discovery
QQQ,2005-02-17T00:00:00.000Z,31.9283086098,0.0032128514036386,81.0764754834,76.45911249881,True,discovery
QQQ,2005-02-18T00:00:00.000Z,31.8260562204,0.0080971659932493,81.1843679516,76.49060667644,True,discovery
QQQ,2005-02-22T00:00:00.000Z,31.4340887274,0.0098549137698666,79.9772901127,76.519285851557,True,discovery
QQQ,2005-02-23T00:00:00.000Z,31.4766938897,0.0062653228012665,80.5504825053,76.5569729535835,True,discovery
QQQ,2005-02-24T00:00:00.000Z,31.8771824151,0.0069986541038165,81.0832155595,76.6010752915375,True,discovery
QQQ,2005-02-25T00:00:00.000Z,32.0561240967,0.0140161725075826,81.885687202,76.646135610125,True,discovery
QQQ,2005-02-28T00:00:00.000Z,31.7152827985,0.008125677141108,81.3462093512,76.686174561426,True,discovery
QQQ,2005-03-01T00:00:00.000Z,32.0646451291,0.0061497326180881,81.7508202681,76.72976375610101,True,discovery
QQQ,2005-03-02T00:00:00.000Z,32.0476030642,0.0023987206823885,81.7103562093,76.7729846213795,True,discovery
QQQ,2005-03-03T00:00:00.000Z,31.7834510581,-0.0074507716856068,81.7440754715,76.819494876805,True,discovery
QQQ,2005-03-04T00:00:00.000Z,31.9709137721,0.0098508908845971,82.7623374451,76.869270438253,True,discovery
QQQ,2005-03-07T00:00:00.000Z,32.4310495247,0.0082119205293968,82.8027967835,76.92050990647449,True,discovery
QQQ,2005-03-08T00:00:00.000Z,32.1072502914,0.0001592610296625,82.4925988569,76.969036371147,True,discovery
QQQ,2005-03-09T00:00:00.000Z,32.0135189344,-0.0045045045032861,81.5754892754,77.012346507771,True,discovery
QQQ,2005-03-10T00:00:00.000Z,31.9709137721,0.0110482349782055,81.7575603442,77.0550398109495,True,discovery
QQQ,2005-03-11T00:00:00.000Z,31.6726776362,0.0005383580077429,81.1843679516,77.08962157594699,True,discovery
QQQ,2005-03-14T00:00:00.000Z,31.8175351879,-0.0095490716183774,81.6901265401,77.125437340577,True,discovery
QQQ,2005-03-15T00:00:00.000Z,31.5619042143,-0.0218912566994755,81.0157817554,77.15578977549,True,discovery
QQQ,2005-03-16T00:00:00.000Z,31.1997603349,-0.0394805876175984,80.3279527724,77.1827362719565,True,discovery
QQQ,2005-03-17T00:00:00.000Z,31.2807101432,-0.0334386519245741,80.489794172,77.21098997948799,True,discovery
QQQ,2005-03-18T00:00:00.000Z,31.1102894941,-0.0256204963970098,80.2518111541,77.2366593857745,True,discovery
QQQ,2005-03-21T00:00:00.000Z,31.1699367213,-0.0206157965208217,79.9539282676,77.264292163109,True,discovery
QQQ,2005-03-22T00:00:00.000Z,30.7864902608,-0.0206017891027808,79.1415286424,77.28490813434401,True,discovery
QQQ,2005-03-23T00:00:00.000Z,30.8972636828,-0.0184082295596363,79.2092274829,77.300152249205,True,discovery
QQQ,2005-03-24T00:00:00.000Z,30.9057847152,-0.0304731355252982,79.3040070781,77.3153390515065,True,discovery
QQQ,2005-03-28T00:00:00.000Z,30.9654319424,-0.0340244550779077,79.4190967316,77.3346536837215,True,discovery
QQQ,2005-03-29T00:00:00.000Z,30.7183220012,-0.0314347125212186,78.891035892,77.34946883130449,True,discovery
QQQ,2005-03-30T00:00:00.000Z,31.2977522081,-0.0239170874311037,80.0080897771,77.3736208189695,True,discovery
QQQ,2005-03-31T00:00:00.000Z,31.1614156889,-0.0276522201527747,79.8591486724,77.394372128114,True,discovery
QQQ,2005-04-01T00:00:00.000Z,30.846137488,-0.0294906166226756,79.5003383189,77.41339577518801,True,discovery
QQQ,2005-04-04T00:00:00.000Z,31.0676843319,-0.0282515991453525,79.6357366768,77.4336608044955,True,discovery
QQQ,2005-04-05T00:00:00.000Z,31.1528946564,-0.0394114555967896,80.0148611506,77.45511179323849,True,discovery
QQQ,2005-04-06T00:00:00.000Z,31.1017684617,-0.0313163481947041,80.2924292397,77.4793834133325,True,discovery
QQQ,2005-04-07T00:00:00.000Z,31.4766938897,-0.0167686984301858,80.7257104841,77.5039221586805,True,discovery
QQQ,2005-04-08T00:00:00.000Z,31.2210629161,-0.0234541577805753,79.8862294272,77.5209980583115,True,discovery
QQQ,2005-04-11T00:00:00.000Z,31.0847263968,-0.0185633575460005,79.9471568941,77.5395781444835,True,discovery
QQQ,2005-04-12T00:00:00.000Z,31.238104981,-0.0182110337421848,80.3601287572,77.562055739498,True,discovery
QQQ,2005-04-13T00:00:00.000Z,30.7268430336,-0.026457883371994,79.4123300972,77.581093845911,True,discovery
QQQ,2005-04-14T00:00:00.000Z,30.2922703784,-0.02908643998412,78.3765130604,77.5933867900275,True,discovery
QQQ,2005-04-15T00:00:00.000Z,29.6020667496,-0.0536638518088412,77.2797732956,77.59816346814499,True,discovery
QQQ,2005-04-18T00:00:00.000Z,29.610587782,-0.0482059709661145,77.5167226221,77.60942287717799,True,discovery
QQQ,2005-04-19T00:00:00.000Z,29.8150925609,-0.0434663750688389,78.1327970994,77.62396259957,True,discovery
QQQ,2005-04-20T00:00:00.000Z,29.5713910327,-0.0394685856623017,77.0428232921,77.6363511974165,True,discovery
QQQ,2005-04-21T00:00:00.000Z,30.3911143549,-0.0163816878121075,78.538996912,77.65512107298,True,discovery
QQQ,2005-04-22T00:00:00.000Z,29.9003028855,-0.0325337744686187,78.2411147025,77.67500055022549,True,discovery
QQQ,2005-04-25T00:00:00.000Z,30.1431523105,-0.0265547605933466,78.7556375342,77.696486337454,True,discovery
QQQ,2005-04-26T00:00:00.000Z,29.8662187557,-0.0277392510393866,77.9906219521,77.71398045650649,True,discovery
QQQ,2005-04-27T00:00:00.000Z,29.9088239179,-0.0443778927306012,78.2952762121,77.732731274445,True,discovery
QQQ,2005-04-28T00:00:00.000Z,29.610587782,-0.0497675690470128,77.3136200078,77.7477067291275,True,discovery
QQQ,2005-04-29T00:00:00.000Z,29.8065715285,-0.0337016574572559,78.3629750525,77.77032803079001,True,discovery
QQQ,2005-05-02T00:00:00.000Z,29.9258659829,-0.0367526055949909,78.8030276703,77.7954494953385,True,discovery
QQQ,2005-05-03T00:00:00.000Z,30.079244567,-0.0344638949684065,78.9384253511,77.82281402540349,True,discovery
QQQ,2005-05-04T00:00:00.000Z,30.4439447561,-0.0211506849332401,79.547728455,77.848560167033,True,discovery
QQQ,2005-05-05T00:00:00.000Z,30.47121206,-0.0319436924736565,79.5206477002,77.88103496295201,True,discovery
QQQ,2005-05-06T00:00:00.000Z,30.5538660748,-0.021370087337928,79.2701549499,77.9112576902175,True,discovery
QQQ,2005-05-09T00:00:00.000Z,30.7012799363,-0.0123355263162128,79.7643690772,77.9470169875795,True,discovery
QQQ,2005-05-10T00:00:00.000Z,30.4763246795,-0.0243862520458055,78.9384253511,77.979346298072,True,discovery
QQQ,2005-05-11T00:00:00.000Z,30.6331116766,-0.0030504714362457,79.3717065955,78.010443311472,True,discovery
QQQ,2005-05-12T00:00:00.000Z,30.5479013521,0.0084388185668076,78.4983734104,78.036074071896,True,discovery
QQQ,2005-05-13T00:00:00.000Z,30.8802216178,0.04317789291578,78.3426656712,78.05936021317899,True,discovery
QQQ,2005-05-16T00:00:00.000Z,31.0881348097,0.0498992805741664,79.073829125,78.08540252565349,True,discovery
QQQ,2005-05-17T00:00:00.000Z,31.2721891108,0.0488711060320792,79.6018899646,78.11331875246701,True,discovery
QQQ,2005-05-18T00:00:00.000Z,31.6982407335,0.0719225449505616,80.4210616402,78.1481964228015,True,discovery
QQQ,2005-05-19T00:00:00.000Z,31.9640969461,0.0517579767833153,80.7595626123,78.18479992537951,True,discovery
QQQ,2005-05-20T00:00:00.000Z,32.0902082265,0.0732402393843971,80.6444736358,78.2268256957875,True,discovery
QQQ,2005-05-23T00:00:00.000Z,32.2521078431,0.0699646643083633,81.091292211,78.27625028380399,True,discovery
QQQ,2005-05-24T00:00:00.000Z,32.3543602326,0.0833095577733669,80.9017323436,78.324227255038,True,discovery
QQQ,2005-05-25T00:00:00.000Z,32.2180237133,0.0772079772089593,80.8408048766,78.36730133974748,True,discovery
QQQ,2005-05-26T00:00:00.000Z,32.5418229466,0.0989928057551721,81.274085444,78.413274859782,True,discovery
QQQ,2005-05-27T00:00:00.000Z,32.5588650115,0.0923384791292869,81.4094838018,78.46385721974849,True,discovery
QQQ,2005-05-31T00:00:00.000Z,32.4480915896,0.0842824601346952,80.8881943357,78.51113340062301,True,discovery
QQQ,2005-06-01T00:00:00.000Z,32.7122435957,0.0875354107658896,81.5787342879,78.5581636781465,True,discovery
QQQ,2005-06-02T00:00:00.000Z,32.942311472,0.0820644872376272,81.7547561474,78.60404149779251,True,discovery
QQQ,2005-06-03T00:00:00.000Z,32.4651336545,0.0654362416097471,81.3417849614,78.6441225576705,True,discovery
QQQ,2005-06-06T00:00:00.000Z,32.473654687,0.0628329196540986,81.2673140705,78.6848975260935,True,discovery
QQQ,2005-06-07T00:00:00.000Z,32.2009816484,0.0488481820696606,81.3282415375,78.7234114231805,True,discovery
QQQ,2005-06-08T00:00:00.000Z,32.1328133888,0.0543532964266602,81.1793058488,78.762113641941,True,discovery
QQQ,2005-06-09T00:00:00.000Z,32.3373181677,0.0556328233674612,81.56519628,78.8022454987445,True,discovery
QQQ,2005-06-10T00:00:00.000Z,31.9939205597,0.047336122731737,81.3756316736,78.83893047861051,True,discovery
QQQ,2005-06-13T00:00:00.000Z,32.1498554537,0.0411147902892041,81.6328957975,78.876901779096,True,discovery
QQQ,2005-06-14T00:00:00.000Z,32.0220399668,0.030040565727623,81.8224556649,78.914654657095,True,discovery
QQQ,2005-06-15T00:00:00.000Z,32.1242923563,0.0272479564024421,81.978162727,78.956251569864,True,discovery
QQQ,2005-06-16T00:00:00.000Z,32.2947130054,0.0188172043021184,82.1880373918,78.9969652476065,True,discovery
QQQ,2005-06-17T00:00:00.000Z,32.2987690169,0.0104702495229054,82.4910763251,79.03849438825401,True,discovery
QQQ,2005-06-20T00:00:00.000Z,32.2987690169,0.0064992033996142,82.5182658893,79.0759610594975,True,discovery
QQQ,2005-06-21T00:00:00.000Z,32.2817113094,0.0009178769475786,82.5658457575,79.1151983798115,True,discovery
QQQ,2005-06-22T00:00:00.000Z,32.2475958946,-0.0032998438922128,82.6338172891,79.1523098312615,True,discovery
QQQ,2005-06-23T00:00:00.000Z,31.8893840386,-0.0102004914275463,81.4714931554,79.1845426388355,True,discovery
QQQ,2005-06-24T00:00:00.000Z,31.5311721826,-0.0310569806018071,80.8733390554,79.2141178797645,True,discovery
QQQ,2005-06-27T00:00:00.000Z,31.3861816694,-0.0360173286656583,80.9888911349,79.242338296065,True,discovery
QQQ,2005-06-28T00:00:00.000Z,31.6846915494,-0.023526808598034,81.668613248,79.27272444967349,True,discovery
QQQ,2005-06-29T00:00:00.000Z,31.614754949,-0.0335497821630389,81.4511021718,79.3012566580415,True,discovery
QQQ,2005-06-30T00:00:00.000Z,31.369123962,-0.0477558325358304,81.0092814388,79.330445347888,True,discovery
QQQ,2005-07-01T00:00:00.000Z,31.3222152665,-0.0352044873790803,81.2471834987,79.3596906569255,True,discovery
QQQ,2005-07-05T00:00:00.000Z,31.6505761346,-0.0253460400541087,81.8997160475,79.39060328933901,True,discovery
QQQ,2005-07-06T00:00:00.000Z,31.4970567677,-0.0218603547055212,81.2132001119,79.4203585415315,True,discovery
QQQ,2005-07-07T00:00:00.000Z,31.607931866,-0.0163347515341731,81.5326654267,79.450071647439,True,discovery
QQQ,2005-07-08T00:00:00.000Z,32.2134804797,-0.0038295596238926,82.4638867608,79.4891585326875,True,discovery
QQQ,2005-07-11T00:00:00.000Z,32.5119903597,0.0161927575907208,82.8853158304,79.5323601093395,True,discovery
QQQ,2005-07-12T00:00:00.000Z,32.6655097266,0.0160390852656433,83.1028269066,79.5749428375975,True,discovery
QQQ,2005-07-13T00:00:00.000Z,32.74226941,0.022491678979438,83.2183783064,79.6204788919185,True,discovery
QQQ,2005-07-14T00:00:00.000Z,33.0663658512,0.029325890962863,83.5446476396,79.6658729816355,True,discovery
QQQ,2005-07-15T00:00:00.000Z,33.1687120957,0.027063225183449,83.4970616539,79.7091554605465,True,discovery
QQQ,2005-07-18T00:00:00.000Z,33.0348090924,0.0227884869270056,83.1639991779,79.751040277133,True,discovery
QQQ,2005-07-19T00:00:00.000Z,33.4160488535,0.0345920253498017,83.6194123139,79.7888784525615,True,discovery
QQQ,2005-07-20T00:00:00.000Z,33.6548567575,0.0425363276109886,83.9048990001,79.827508364936,True,discovery
QQQ,2005-07-21T00:00:00.000Z,33.6633856112,0.0439037291718567,83.4154983989,79.863490501631,True,discovery
QQQ,2005-07-22T00:00:00.000Z,33.6207413426,0.0542925916005245,83.9728705316,79.8996497219065,True,discovery
QQQ,2005-07-25T00:00:00.000Z,33.4928085369,0.0622126048134201,83.7349684718,79.93873487018051,True,discovery
QQQ,2005-07-26T00:00:00.000Z,33.6207413426,0.0711956521738541,83.8369227104,79.981474896954,True,discovery
QQQ,2005-07-27T00:00:00.000Z,33.876606954,0.0691790040367779,84.1428010599,80.0242052155695,True,discovery
QQQ,2005-07-28T00:00:00.000Z,34.0386551746,0.0766699039581413,84.6729836284,80.07105863943801,True,discovery
QQQ,2005-07-29T00:00:00.000Z,33.7529385752,0.0759923871666836,84.1088129151,80.118403620916,True,discovery
QQQ,2005-08-01T00:00:00.000Z,33.816904978,0.0796460176993976,84.0476406438,80.1684540367,True,discovery
QQQ,2005-08-02T00:00:00.000Z,34.1836456878,0.0800323362970598,84.5506329683,80.2189449605555,True,discovery
QQQ,2005-08-03T00:00:00.000Z,34.1665879803,0.0847549417803883,84.7749426251,80.26915217120049,True,discovery
QQQ,2005-08-04T00:00:00.000Z,33.8365213416,0.0705072854828963,84.095220512,80.31910590200799,True,discovery
QQQ,2005-08-05T00:00:00.000Z,33.6719144649,0.0452740270061491,83.5242512181,80.36694088255099,True,discovery
QQQ,2005-08-08T00:00:00.000Z,33.4245777072,0.0280692549857295,83.3679185307,80.411585165135,True,discovery
QQQ,2005-08-09T00:00:00.000Z,33.6463279038,0.0300261096615095,83.8709108552,80.462926755134,True,discovery
QQQ,2005-08-10T00:00:00.000Z,33.3563468775,0.0187548840860876,83.8301295676,80.5144993926195,True,discovery
QQQ,2005-08-11T00:00:00.000Z,33.6309759671,0.0170750580345226,84.1631920436,80.56211626974,True,discovery
QQQ,2005-08-12T00:00:00.000Z,33.4416354146,0.0082283363343305,83.6466018782,80.6026667347275,True,discovery
QQQ,2005-08-15T00:00:00.000Z,33.6429163623,0.018408075802681,84.1631920436,80.644662539103,True,discovery
QQQ,2005-08-16T00:00:00.000Z,33.100481266,-0.009443593672115,83.0688387618,80.6812535079855,True,discovery
QQQ,2005-08-17T00:00:00.000Z,33.2966449015,-0.0106436898121745,83.0620401812,80.716773245479,True,discovery
QQQ,2005-08-18T00:00:00.000Z,33.1286264833,-0.0158854826450396,83.0552463587,80.752125175449,True,discovery
QQQ,2005-08-19T00:00:00.000Z,33.1090101197,-0.0152207001530806,83.2455678706,80.783644109392,True,discovery
QQQ,2005-08-22T00:00:00.000Z,33.1260678272,-0.0109498344785253,83.2455678706,80.8099100170195,True,discovery
QQQ,2005-08-23T00:00:00.000Z,33.0322504363,-0.0175038051750019,83.0892297454,80.83295175746201,True,discovery
QQQ,2005-08-24T00:00:00.000Z,32.8360868009,-0.0307150050332045,82.3483353611,80.852857818319,True,discovery
QQQ,2005-08-25T00:00:00.000Z,32.9111407136,-0.0331245301912329,82.6474090125,80.87502881244201,True,discovery
QQQ,2005-08-26T00:00:00.000Z,32.8018860975,-0.0281768793428487,82.083243737,80.89407783790699,True,discovery
QQQ,2005-08-29T00:00:00.000Z,33.0578369975,-0.0224464060502822,82.7153853021,80.9133097409935,True,discovery
QQQ,2005-08-30T00:00:00.000Z,32.9384330455,-0.0364271457079961,82.2803638295,80.9272548714475,True,discovery
QQQ,2005-08-31T00:00:00.000Z,33.2454717792,-0.0269595606570695,83.3203379828,80.945426148958,True,discovery
QQQ,2005-09-01T00:00:00.000Z,33.1942986569,-0.0189801628310537,83.2591602737,80.96614396134251,True,discovery
QQQ,2005-09-02T00:00:00.000Z,33.0663658512,-0.01798378925948,83.1096207291,80.983765021226,True,discovery
QQQ,2005-09-06T00:00:00.000Z,33.5525105129,0.003827507016564,84.0816233508,81.0057091846695,True,discovery
QQQ,2005-09-07T00:00:00.000Z,33.6113596035,-0.0010392902429049,84.2243697527,81.0327966946355,True,discovery
QQQ,2005-09-08T00:00:00.000Z,33.6036836352,0.0074149833795749,83.9456809674,81.0566115134965,True,discovery
QQQ,2005-09-09T00:00:00.000Z,33.7904655315,0.0047423412438587,84.6933739324,81.0835607554845,True,discovery
QQQ,2005-09-12T00:00:00.000Z,33.8851358078,0.0132619229801893,84.5234434041,81.1087207363425,True,discovery
QQQ,2005-09-13T00:00:00.000Z,33.7998472706,0.0046646047747469,84.0544392244,81.1318377288965,True,discovery
QQQ,2005-09-14T00:00:00.000Z,33.4160488535,0.009533625356201,83.7485608749,81.155237444731,True,discovery
QQQ,2005-09-15T00:00:00.000Z,33.398991146,0.0030737704895722,83.7077795873,81.178164789286,True,discovery
QQQ,2005-09-16T00:00:00.000Z,33.6036836352,0.0143397780810341,84.3002851966,81.19955791858051,True,discovery
QQQ,2005-09-19T00:00:00.000Z,33.33928917,0.0069551777436855,84.0204191712,81.2192161442465,True,discovery
QQQ,2005-09-20T00:00:00.000Z,33.2028275106,0.0023171987632342,83.3105268109,81.2355933763085,True,discovery
QQQ,2005-09-21T00:00:00.000Z,32.8360868009,-0.0059385489274574,82.5323710147,81.248214063488,True,discovery
QQQ,2005-09-22T00:00:00.000Z,32.9554907529,0.0036363636362639,82.825880717,81.2660272056475,True,discovery
QQQ,2005-09-23T00:00:00.000Z,33.0493081437,0.0041981963281785,82.8941441528,81.2818661746055,True,discovery
QQQ,2005-09-26T00:00:00.000Z,33.0578369975,0.0078029324057526,82.9897072292,81.2967735428575,True,discovery
QQQ,2005-09-27T00:00:00.000Z,32.981077314,-0.002321981426244,82.9692301097,81.311175823216,True,discovery
QQQ,2005-09-28T00:00:00.000Z,32.9896061677,0.0015535991687678,83.051137905,81.3224976398825,True,discovery
QQQ,2005-09-29T00:00:00.000Z,33.4331065609,0.0056439199583684,83.7269094689,81.33578889828051,True,discovery
QQQ,2005-09-30T00:00:00.000Z,33.6548567575,0.0138746145945234,83.9862929141,81.3500750681565,True,discovery
QQQ,2005-10-03T00:00:00.000Z,33.7401452946,0.0203765798283377,83.6859497692,81.363094422752,True,discovery
QQQ,2005-10-04T00:00:00.000Z,33.518395098,-0.0010167768187385,82.7439729217,81.3740955752145,True,discovery
QQQ,2005-10-05T00:00:00.000Z,33.0578369975,-0.0164683194172948,81.6586466815,81.37956894813,True,discovery
QQQ,2005-10-06T00:00:00.000Z,32.622865458,-0.0291878172597895,81.3651315185,81.3804727659645,True,discovery
QQQ,2005-10-07T00:00:00.000Z,32.6996251414,-0.0322824907245832,81.6449975438,81.381798110616,True,discovery
QQQ,2005-10-10T00:00:00.000Z,32.5205192134,-0.0402718348877291,80.9555761596,81.37937290330899,True,discovery
QQQ,2005-10-11T00:00:00.000Z,32.3584709929,-0.0426444612651768,80.8395366464,81.3772104294165,True,discovery
QQQ,2005-10-12T00:00:00.000Z,31.9721139196,-0.0432108218488184,80.2047247822,81.3696485482985,True,discovery
QQQ,2005-10-13T00:00:00.000Z,32.2220093334,-0.0352400408579693,80.156943244,81.3612408458115,True,discovery
QQQ,2005-10-14T00:00:00.000Z,32.4608172374,-0.0340101522858893,81.0033576978,81.357840725583,True,discovery
QQQ,2005-10-17T00:00:00.000Z,32.563163482,-0.0232796111531492,81.3037008426,81.356818949068,True,discovery
QQQ,2005-10-18T00:00:00.000Z,32.3328844317,-0.0262008733630372,80.4231546709,81.353316324331,True,discovery
QQQ,2005-10-19T00:00:00.000Z,32.981077314,0.0044155844141582,81.7610370571,81.36145954906401,True,discovery
QQQ,2005-10-20T00:00:00.000Z,32.6706270388,-0.0086438923406088,80.3207642954,81.3651662236055,True,discovery
QQQ,2005-10-21T00:00:00.000Z,32.8787310694,-0.0051612903228814,80.6347565779,81.3684198285775,True,discovery
QQQ,2005-10-24T00:00:00.000Z,33.398991146,0.01031991743821,81.8839038695,81.37849235970249,True,discovery
QQQ,2005-10-25T00:00:00.000Z,33.2710583403,0.0087923454876628,81.7200828181,81.385857626917,True,discovery
QQQ,2005-10-26T00:00:00.000Z,33.100481266,0.0033609100313709,81.4811764924,81.39479317612,True,discovery
QQQ,2005-10-27T00:00:00.000Z,32.4352306763,-0.0298469387755613,80.6142794584,81.398079267823,True,discovery
QQQ,2005-10-28T00:00:00.000Z,32.6842732048,-0.0288393309676976,81.7746916555,81.4103705481235,True,discovery
QQQ,2005-10-31T00:00:00.000Z,33.1516543883,-0.0174418604650816,81.9999433827,81.421697635086,True,discovery
QQQ,2005-11-01T00:00:00.000Z,33.1260678272,-0.0117048346035937,82.2456776902,81.430106163045,True,discovery
QQQ,2005-11-02T00:00:00.000Z,33.5584807105,0.0151444788428796,83.1057467424,81.4470296911695,True,discovery
QQQ,2005-11-03T00:00:00.000Z,34.0642417358,0.0441830065374144,83.4606932638,81.4681555964975,True,discovery
QQQ,2005-11-04T00:00:00.000Z,34.1836456878,0.0453834115829399,83.3514810498,81.491163085352,True,discovery
QQQ,2005-11-07T00:00:00.000Z,34.2262899563,0.0524521374245814,83.4333936233,81.5153556200895,True,discovery
QQQ,2005-11-08T00:00:00.000Z,34.2348188101,0.0579862941488089,83.4333936233,81.5384355061625,True,discovery
QQQ,2005-11-09T00:00:00.000Z,34.2510236321,0.0712780430543551,83.5426058373,81.560881329702,True,discovery
QQQ,2005-11-10T00:00:00.000Z,34.6271460809,0.0746426680786456,84.1910675218,81.5858951269945,True,discovery
QQQ,2005-11-11T00:00:00.000Z,34.7209634718,0.0696269048887638,84.4777608464,81.61234239091,True,discovery
QQQ,2005-11-14T00:00:00.000Z,34.7243750133,0.0663698271359494,84.4299793082,81.6360893751835,True,discovery
QQQ,2005-11-15T00:00:00.000Z,34.5589152512,0.0688472698500581,84.1228095468,81.65577171770751,True,discovery
QQQ,2005-11-16T00:00:00.000Z,34.7704308233,0.0542539436254392,84.2934578974,81.6750935049745,True,discovery
QQQ,2005-11-17T00:00:00.000Z,35.2301360385,0.0783428183566938,85.0784409927,81.69938543539051,True,discovery
QQQ,2005-11-18T00:00:00.000Z,35.3520986467,0.0752269779535972,85.4129103947,81.721067609947,True,discovery
QQQ,2005-11-21T00:00:00.000Z,35.4365342984,0.0610061287029031,85.8429476512,81.745439456729,True,discovery
QQQ,2005-11-22T00:00:00.000Z,35.5653199895,0.0689566777748407,86.2115487711,81.771182271133,True,discovery
QQQ,2005-11-23T00:00:00.000Z,35.6506085267,0.0770419994865581,86.7098392245,81.80245109270649,True,discovery
QQQ,2005-11-25T00:00:00.000Z,35.7273682101,0.1014988167235548,86.7780971995,81.83261136286801,True,discovery
QQQ,2005-11-28T00:00:00.000Z,35.4288583301,0.0839726527832636,86.1637672329,81.85622711092749,True,discovery
QQQ,2005-11-29T00:00:00.000Z,35.2608399119,0.0636223308464623,86.0681993784,81.879668464752,True,discovery
QQQ,2005-11-30T00:00:00.000Z,35.1729927187,0.0617919670447348,85.6040413255,81.899271762662,True,discovery
QQQ,2005-12-01T00:00:00.000Z,35.8271557986,0.0676036292486317,86.4777595154,81.92297390686399,True,discovery
QQQ,2005-12-02T00:00:00.000Z,35.9124443357,0.0542563845757828,86.5869717294,81.950526388094,True,discovery
QQQ,2005-12-05T00:00:00.000Z,35.6506085267,0.0429141716567564,86.4026742412,81.97661791954201,True,discovery
QQQ,2005-12-06T00:00:00.000Z,35.7666009372,0.0450037378537571,86.5664952925,82.009563945441,True,discovery
QQQ,2005-12-07T00:00:00.000Z,35.701781649,0.0428500249128589,86.06137754,82.03711842061449,True,discovery
QQQ,2005-12-08T00:00:00.000Z,35.4467689229,0.0349112278699708,86.0067687026,82.06173618633,True,discovery
QQQ,2005-12-09T00:00:00.000Z,35.5781132701,0.0274630541881286,86.2320258906,82.083467879773,True,discovery
QQQ,2005-12-12T00:00:00.000Z,35.7077518466,0.0284205354958384,86.3139336859,82.10830650144649,True,discovery
QQQ,2005-12-13T00:00:00.000Z,35.8595654427,0.0326914574838339,86.9009646945,82.13405722357851,True,discovery
QQQ,2005-12-14T00:00:00.000Z,35.7350441784,0.0340325765045292,87.2422613957,82.1617167495105,True,discovery
QQQ,2005-12-15T00:00:00.000Z,35.7955990398,0.029483908948664,86.9897045672,82.187944894989,True,discovery
QQQ,2005-12-16T00:00:00.000Z,35.549200456,0.009056576368349,86.7109805206,82.2076881103665,True,discovery
QQQ,2005-12-19T00:00:00.000Z,34.9849274329,-0.0103861221216148,86.2649350132,82.224998801515,True,discovery
QQQ,2005-12-20T00:00:00.000Z,35.0105762067,-0.0120203089871355,86.3472836814,82.2442722256375,True,discovery
QQQ,2005-12-21T00:00:00.000Z,35.1644688493,-0.0112708430661763,86.484525972,82.26881740912049,True,discovery
QQQ,2005-12-22T00:00:00.000Z,35.392742936,-0.0072331329353572,86.9374343831,82.29471677931501,True,discovery
QQQ,2005-12-23T00:00:00.000Z,35.3978726907,-0.009222496251679,86.9854699053,82.3237222890835,True,discovery
QQQ,2005-12-27T00:00:00.000Z,35.0858126097,-0.0096826636975922,86.1002431666,82.345772872216,True,discovery
QQQ,2005-12-28T00:00:00.000Z,35.0447745717,-0.006127628857958,86.2923845693,82.37215588628551,True,discovery
QQQ,2005-12-29T00:00:00.000Z,34.8139356077,-0.0102083184638736,85.9081017639,82.400056631243,True,discovery
QQQ,2005-12-30T00:00:00.000Z,34.5506081969,-0.0356307268396082,85.4414709766,82.42481501526599,True,discovery
QQQ,2006-01-03T00:00:00.000Z,35.318361492,-0.016542534341207,86.9442931694,82.45827742534249,True,discovery
QQQ,2006-01-04T00:00:00.000Z,35.6859939161,0.0009925606002911,87.3560303344,82.49528793567652,True,discovery
QQQ,2006-01-05T00:00:00.000Z,35.8398865588,0.0020489959817171,87.4109239567,82.53663491224799,True,discovery
QQQ,2006-01-06T00:00:00.000Z,36.4896554945,0.0220681940538973,88.1383224387,82.581280387027,True,discovery
QQQ,2006-01-09T00:00:00.000Z,36.63491305,0.0335191094478688,88.3647769873,82.626584236573,True,discovery
QQQ,2006-01-10T00:00:00.000Z,36.6606473197,0.0304269661907496,88.4539789521,82.6717586476755,True,discovery
QQQ,2006-01-11T00:00:00.000Z,36.9427838313,0.0345872232451285,88.7353326129,82.72098013127999,True,discovery
QQQ,2006-01-12T00:00:00.000Z,36.7632424148,0.0252004440361659,88.3853629535,82.762866497162,True,discovery
QQQ,2006-01-13T00:00:00.000Z,36.7461432323,0.0282943277991287,88.3030094818,82.805085801209,True,discovery
QQQ,2006-01-17T00:00:00.000Z,36.506754677,0.0198671249057542,88.0628380466,82.84789829984751,True,discovery
QQQ,2006-01-18T00:00:00.000Z,36.0878247053,0.0151515151505774,87.7128635837,82.88828393438202,True,discovery
QQQ,2006-01-19T00:00:00.000Z,36.3528620344,0.0391006842624914,88.0491108668,82.928455182963,True,discovery
QQQ,2006-01-20T00:00:00.000Z,35.2670639444,0.0073260073237788,86.4433540397,82.959209806963,True,discovery
QQQ,2006-01-23T00:00:00.000Z,35.2756135357,0.0031607099449253,86.7521517667,82.98934201337599,True,discovery
QQQ,2006-01-24T00:00:00.000Z,35.4295061784,0.0010387226123298,86.8413640248,83.024117686364,True,discovery
QQQ,2006-01-25T00:00:00.000Z,35.2756135357,-0.0034538560005645,86.9168491031,83.058966147409,True,discovery
QQQ,2006-01-26T00:00:00.000Z,35.5235516822,0.0124762415329944,87.3972022667,83.09415151495651,True,discovery
QQQ,2006-01-27T00:00:00.000Z,36.0023287927,0.0273237374958963,88.2069384373,83.138124556657,True,discovery
QQQ,2006-01-30T00:00:00.000Z,36.0707255228,0.0361001964633387,88.1383224387,83.1869336035485,True,discovery
QQQ,2006-01-31T00:00:00.000Z,35.9082832889,0.0392952588348882,87.4932726249,83.23800110019499,True,discovery
QQQ,2006-02-01T00:00:00.000Z,36.0365271578,0.0203340595503751,88.1040092927,83.290937533548,True,discovery
QQQ,2006-02-02T00:00:00.000Z,35.4209565871,-0.0074269286046262,87.0815409497,83.33568125279952,True,discovery
QQQ,2006-02-03T00:00:00.000Z,34.9849274329,-0.0238549618313476,86.6492178186,83.383713225432,True,discovery
QQQ,2006-02-06T00:00:00.000Z,34.890881929,-0.0438144329902203,86.875671681,83.42539659927701,True,discovery
QQQ,2006-02-07T00:00:00.000Z,34.7369892864,-0.0518064219508228,86.1071067565,83.464726559547,True,discovery
QQQ,2006-02-08T00:00:00.000Z,35.1388200756,-0.0415111940285414,86.8893995471,83.5053953696115,True,discovery
QQQ,2006-02-09T00:00:00.000Z,34.8053860164,-0.0578569775537347,86.7452936666,83.549168728184,True,discovery
QQQ,2006-02-10T00:00:00.000Z,35.0191257979,-0.0474418604654375,86.9031212371,83.59220795330901,True,discovery
QQQ,2006-02-13T00:00:00.000Z,34.6172950087,-0.0579339227559734,86.7452936666,83.639366321603,True,discovery
QQQ,2006-02-14T00:00:00.000Z,34.9678282504,-0.0421545667429474,87.6648280615,83.685875586648,True,discovery
QQQ,2006-02-15T00:00:00.000Z,35.1901176231,-0.0248756218899545,87.9736257885,83.73172857723901,True,discovery
QQQ,2006-02-16T00:00:00.000Z,35.515002091,-0.0230479774221669,88.6324034683,83.78019846782499,True,discovery
QQQ,2006-02-17T00:00:00.000Z,35.2328655794,-0.000969696968648,88.3922217399,83.8244209342495,True,discovery
QQQ,2006-02-21T00:00:00.000Z,34.8395843815,-0.0123606398442573,88.1726355847,83.867680873672,True,discovery
QQQ,2006-02-22T00:00:00.000Z,35.2756135357,-0.0043436293445663,88.7078878604,83.91486953822451,True,discovery
QQQ,2006-02-23T00:00:00.000Z,35.1815680319,-0.0026660203572314,88.5775043562,83.9589352146195,True,discovery
QQQ,2006-02-24T00:00:00.000Z,35.2756135357,-0.0069795427190979,88.8039589048,84.00826288238801,True,discovery
QQQ,2006-02-27T00:00:00.000Z,35.6688947336,-0.0092614580856671,88.8382720508,84.0555957096645,True,discovery
QQQ,2006-02-28T00:00:00.000Z,35.1388200756,-0.0258355060424538,87.9942117547,84.10307490138601,True,discovery
QQQ,2006-03-01T00:00:00.000Z,35.6175971861,-0.008095238094823,88.776503859,84.15524409232499,True,discovery
QQQ,2006-03-02T00:00:00.000Z,35.6432459599,-0.0109134045069844,88.7696457589,84.20372317549449,True,discovery
QQQ,2006-03-03T00:00:00.000Z,35.4380557696,0.0004827419738919,88.3579085939,84.24750326864101,True,discovery
QQQ,2006-03-06T00:00:00.000Z,35.1302704843,0.0041544477026216,87.9530398224,84.285163159552,True,discovery
QQQ,2006-03-07T00:00:00.000Z,34.9250802941,0.0009801519253536,87.8157975318,84.3204443341495,True,discovery
QQQ,2006-03-08T00:00:00.000Z,34.9421794766,0.0059069652959342,88.0010801481,84.357227366711,True,discovery
QQQ,2006-03-09T00:00:00.000Z,34.6429437825,-0.0141119221428933,87.4109239567,84.3888255254395,True,discovery
QQQ,2006-03-10T00:00:00.000Z,34.6771421476,-0.0036845983762274,88.2412515833,84.425523121638,True,discovery
QQQ,2006-03-13T00:00:00.000Z,34.7797372427,-0.0068359374983129,88.4059489197,84.46334884185349,True,discovery
QQQ,2006-03-14T00:00:00.000Z,35.3696590396,0.0217337614250598,89.3323421009,84.503640125138,True,discovery
QQQ,2006-03-15T00:00:00.000Z,35.6688947336,0.0200488997537895,89.730352086,84.545244466559,True,discovery
QQQ,2006-03-16T00:00:00.000Z,35.3696590396,0.0051020408179069,89.9156347024,84.59038166839251,True,discovery
QQQ,2006-03-17T00:00:00.000Z,35.4629350802,-0.0014660568135851,89.990752652,84.632441760213,True,discovery
QQQ,2006-03-20T00:00:00.000Z,35.5484910152,0.0089582675325887,89.8460791804,84.67289837537801,True,discovery
QQQ,2006-03-21T00:00:00.000Z,35.172044901,0.009542608656277,89.2811339965,84.7125951205535,True,discovery
QQQ,2006-03-22T00:00:00.000Z,35.2576008361,-0.0005106275354154,89.8254113448,84.75538560692499,True,discovery
QQQ,2006-03-23T00:00:00.000Z,35.154933714,-0.00075705317841,89.6393918676,84.7969413585755,True,discovery
QQQ,2006-03-24T00:00:00.000Z,35.3346011776,0.001672193223239,89.7082910833,84.83958628474801,True,discovery
QQQ,2006-03-27T00:00:00.000Z,35.3431567711,-0.0091322695848256,89.5773883606,84.87964724515099,True,discovery
QQQ,2006-03-28T00:00:00.000Z,35.1977116815,0.0016759699322088,89.0262256379,84.91790021497249,True,discovery
QQQ,2006-03-29T00:00:00.000Z,35.865047975,0.0069474307210306,89.5842744241,84.95765710810551,True,discovery
QQQ,2006-03-30T00:00:00.000Z,35.9762706905,0.0093432772922721,89.4258184913,84.99567392223749,True,discovery
QQQ,2006-03-31T00:00:00.000Z,35.8736035685,0.0122903976937027,89.446486327,85.0330155402375,True,discovery
QQQ,2006-04-03T00:00:00.000Z,35.916381536,0.0223770281544324,89.3775871113,85.06896328883501,True,discovery
QQQ,2006-04-04T00:00:00.000Z,36.1131601866,0.0340179573674654,89.9494176697,85.10625499555799,True,discovery
QQQ,2006-04-05T00:00:00.000Z,36.4553839268,0.043305954948041,90.2594434718,85.1449608834705,True,discovery
QQQ,2006-04-06T00:00:00.000Z,36.5580510489,0.0552813086100212,90.162990357,85.182946606468,True,discovery
QQQ,2006-04-07T00:00:00.000Z,36.2072717152,0.0441250193308071,89.2466843886,85.2160109419655,True,discovery
QQQ,2006-04-10T00:00:00.000Z,36.1559381541,0.0395690427962864,89.38448282,85.25557589028851,True,discovery
QQQ,2006-04-11T00:00:00.000Z,35.865047975,0.0140060421517029,88.6266327844,85.2943423589335,True,discovery
QQQ,2006-04-12T00:00:00.000Z,35.8736035685,0.0057391415245386,88.7919851149,85.3333578288335,True,discovery
QQQ,2006-04-13T00:00:00.000Z,36.019048658,0.0183600757268522,88.6748648534,85.3683890868605,True,discovery
QQQ,2006-04-17T00:00:00.000Z,35.6426025438,0.0050663449935455,88.6404152456,85.40433565222949,True,discovery
QQQ,2006-04-18T00:00:00.000Z,36.3270500242,0.0219013237064578,90.0458700955,85.449518595513,True,discovery
QQQ,2006-04-19T00:00:00.000Z,36.4896063009,0.0374604719062705,90.2181078005,85.494373217022,True,discovery
QQQ,2006-04-20T00:00:00.000Z,36.3612723983,0.0313030817760566,90.3421244597,85.536585259083,True,discovery
QQQ,2006-04-21T00:00:00.000Z,35.933492723,0.0221465076661471,90.3558958976,85.5822987380115,True,discovery
QQQ,2006-04-24T00:00:00.000Z,35.899270349,0.0159806295410507,90.1905545904,85.62558818383,True,discovery
QQQ,2006-04-25T00:00:00.000Z,35.8222700074,0.0135560396996503,89.818514947,85.66236132476098,True,discovery
QQQ,2006-04-26T00:00:00.000Z,35.8137144139,0.0175012153623546,89.8391827827,85.6971306595225,True,discovery
QQQ,2006-04-27T00:00:00.000Z,36.1559381541,0.0081106870204876,90.273225244,85.7329826512095,True,discovery
QQQ,2006-04-28T00:00:00.000Z,35.8051588204,-0.0047562425681098,90.5763649827,85.76977258459101,True,discovery
QQQ,2006-05-01T00:00:00.000Z,35.4543794867,-0.0116861435734914,89.8391827827,85.80124526030652,True,discovery
QQQ,2006-05-02T00:00:00.000Z,35.5484910152,-0.0102429728460049,90.5143621647,85.8363317628605,True,discovery
QQQ,2006-05-03T00:00:00.000Z,35.4971574542,-0.0170575692965405,90.1767721292,85.871395627617,True,discovery
QQQ,2006-05-04T00:00:00.000Z,35.7880476334,-0.0183055620739031,90.5005803925,85.90580146801001,True,discovery
QQQ,2006-05-05T00:00:00.000Z,36.0703822191,-0.013339574069408,91.2997654104,85.9427758000615,True,discovery
QQQ,2006-05-08T00:00:00.000Z,36.1046045931,-0.0028355387533079,91.1895312124,85.981645964129,True,discovery
QQQ,2006-05-09T00:00:00.000Z,35.967715097,-0.0052058684329465,91.3686542918,86.01862488293,True,discovery
QQQ,2006-05-10T00:00:00.000Z,35.6511581373,-0.0059637404597672,91.3204332461,86.0565522068015,True,discovery
QQQ,2006-05-11T00:00:00.000Z,34.8554879413,-0.0283806343919681,90.2181078005,86.08845813225201,True,discovery
QQQ,2006-05-12T00:00:00.000Z,34.3849302985,-0.0453681710201708,89.0400074101,86.112944164003,True,discovery
QQQ,2006-05-15T00:00:00.000Z,34.359263518,-0.0360057609211603,89.2191311785,86.1356749017535,True,discovery
QQQ,2006-05-16T00:00:00.000Z,34.1025957128,-0.0612341026843118,89.0882291448,86.160571982902,True,discovery
QQQ,2006-05-17T00:00:00.000Z,33.6405936635,-0.0780773739762089,87.3934101278,86.177300830322,True,discovery
QQQ,2006-05-18T00:00:00.000Z,33.4095926389,-0.0811764705884715,86.952482292,86.18931007694052,True,discovery
QQQ,2006-05-19T00:00:00.000Z,33.666260444,-0.0630952380965963,87.5656478328,86.20326360297899,True,discovery
QQQ,2006-05-22T00:00:00.000Z,33.3411478908,-0.0712583412791078,86.8973648485,86.2172743246615,True,discovery
QQQ,2006-05-23T00:00:00.000Z,33.0160353376,-0.0783377119657771,86.2359727504,86.23083293232301,True,discovery
QQQ,2006-05-24T00:00:00.000Z,33.2384807688,-0.0719063545137473,86.9249235703,86.248617957521,True,discovery
QQQ,2006-05-25T00:00:00.000Z,33.6748160375,-0.0686228111693637,87.9996902941,86.26926185471551,True,discovery
QQQ,2006-05-26T00:00:00.000Z,33.7860387531,-0.0563918757469553,88.4475097049,86.292348755402,True,discovery
QQQ,2006-05-30T00:00:00.000Z,33.0588133052,-0.0675675675666147,86.8766970129,86.30591628024851,True,discovery
QQQ,2006-05-31T00:00:00.000Z,33.2128139883,-0.0657039711165602,87.8481204248,86.3269238729815,True,discovery
QQQ,2006-06-01T00:00:00.000Z,33.9999285908,-0.0421788382726641,88.6886362913,86.34955109421999,True,discovery
QQQ,2006-06-02T00:00:00.000Z,33.9160837744,-0.0523069567296804,88.8746557685,86.37858017925349,True,discovery
QQQ,2006-06-05T00:00:00.000Z,33.1785916142,-0.0801707779899469,87.5794302939,86.401167129817,True,discovery
QQQ,2006-06-06T00:00:00.000Z,33.1529248337,-0.081753554502688,87.365852095,86.4227201584985,True,discovery
QQQ,2006-06-07T00:00:00.000Z,32.9048126221,-0.0851569933380469,86.711350883,86.44004907356052,True,discovery
QQQ,2006-06-08T00:00:00.000Z,32.853479061,-0.0784737221025346,86.6355656038,86.4569990622265,True,discovery
QQQ,2006-06-09T00:00:00.000Z,32.767923126,-0.0598919980353067,86.3599838979,86.47335283298901,True,discovery
QQQ,2006-06-12T00:00:00.000Z,31.9979197105,-0.0694202537936838,85.4230107829,86.488726210098,True,discovery
QQQ,2006-06-13T00:00:00.000Z,31.8695858079,-0.0724601593627208,84.430925047,86.4976437902705,True,discovery
QQQ,2006-06-14T00:00:00.000Z,32.1946983611,-0.0559458103356013,85.085426259,86.5126547028805,True,discovery
QQQ,2006-06-15T00:00:00.000Z,33.0673688987,-0.0170396744639481,86.890479474,86.53353017374,True,discovery
QQQ,2006-06-16T00:00:00.000Z,32.8241333753,-0.017523687580624,86.2604125917,86.55343041755101,True,discovery
QQQ,2006-06-19T00:00:00.000Z,32.5587321926,-0.0328972756936355,85.5822292943,86.5647398741085,True,discovery
QQQ,2006-06-20T00:00:00.000Z,32.6015388349,-0.0221830711504713,85.8728767086,86.577808456283,True,discovery
QQQ,2006-06-21T00:00:00.000Z,33.1152185435,0.0030040919476193,86.5095401331,86.594808053303,True,discovery
QQQ,2006-06-22T00:00:00.000Z,32.6957134482,-0.016329486427956,86.1289265355,86.60504456922651,True,discovery
QQQ,2006-06-23T00:00:00.000Z,32.6614681343,-0.0300921585457674,86.1150881926,86.614498161426,True,discovery
QQQ,2006-06-26T00:00:00.000Z,32.747081419,-0.0307510845438984,86.4956969461,86.6272482413195,True,discovery
QQQ,2006-06-27T00:00:00.000Z,32.1306657688,-0.0280756459051119,85.748318474,86.6325229640275,True,discovery
QQQ,2006-06-28T00:00:00.000Z,32.3703829661,-0.0253646385547686,86.3296133025,86.6415538135195,True,discovery
QQQ,2006-06-29T00:00:00.000Z,33.3549357408,-0.018970417784187,88.0735040162,86.6616491374785,True,discovery
QQQ,2006-06-30T00:00:00.000Z,33.1922704997,-0.0213412987040189,88.0804256098,86.68330846115299,True,discovery
QQQ,2006-07-03T00:00:00.000Z,33.3891810547,0.0063471482740657,88.440279271,86.70697095957149,True,discovery
QQQ,2006-07-05T00:00:00.000Z,32.6614681343,-0.0148239318812809,87.9351019026,86.7251450431015,True,discovery
QQQ,2006-07-06T00:00:00.000Z,32.6272228204,-0.0084361459488623,88.1911510376,86.7459987024335,True,discovery
QQQ,2006-07-07T00:00:00.000Z,32.2676470244,-0.0178316590310655,87.6167729584,86.767529933171,True,discovery
QQQ,2006-07-10T00:00:00.000Z,31.9851231847,-0.0238892144091634,87.78285591,86.7937823576475,True,discovery
QQQ,2006-07-11T00:00:00.000Z,32.224840382,0.0070917320111136,88.1703917931,86.820504913028,True,discovery
QQQ,2006-07-12T00:00:00.000Z,31.6169860602,-0.0079260442612147,87.2292426114,86.842180405321,True,discovery
QQQ,2006-07-13T00:00:00.000Z,31.0861836948,-0.0344315903776067,85.8105975913,86.8562848571315,True,discovery
QQQ,2006-07-14T00:00:00.000Z,30.7694145412,-0.0694931116092016,85.47842546,86.86883083388301,True,discovery
QQQ,2006-07-17T00:00:00.000Z,30.8464664974,-0.0602503912376917,85.3538609973,86.8803444493445,True,discovery
QQQ,2006-07-18T00:00:00.000Z,30.9492024392,-0.0494346568496243,85.7898376549,86.89065909027451,True,discovery
QQQ,2006-07-19T00:00:00.000Z,31.3515848775,-0.0383403361335177,86.980114378,86.905628197594,True,discovery
QQQ,2006-07-20T00:00:00.000Z,30.8892731398,-0.0672182006220495,86.3849763624,86.91912333056,True,discovery
QQQ,2006-07-21T00:00:00.000Z,30.5639426578,-0.0652003142178677,85.7759944678,86.93428343829049,True,discovery
QQQ,2006-07-24T00:00:00.000Z,31.1717969795,-0.0456094364366798,87.3399631951,86.96269002085852,True,discovery
QQQ,2006-07-25T00:00:00.000Z,31.3515848775,-0.0426143790844922,87.6513760819,86.99412124367551,True,discovery
QQQ,2006-07-26T00:00:00.000Z,31.3259008921,-0.0250466293630757,87.7690182591,87.024741347252,True,discovery
QQQ,2006-07-27T00:00:00.000Z,31.1204290087,-0.0386141232468278,87.6859736692,87.0583933348,True,discovery
QQQ,2006-07-28T00:00:00.000Z,31.7710899728,-0.0474845995899381,88.5648430417,87.0970198667765,True,discovery
QQQ,2006-07-31T00:00:00.000Z,31.7625286443,-0.0430745421712841,88.4748768583,87.138370627157,True,discovery
QQQ,2006-08-01T00:00:00.000Z,31.2317262788,-0.0646153846171172,88.0389057369,87.17778043962149,True,discovery
QQQ,2006-08-02T00:00:00.000Z,31.5827407463,-0.033027522938173,88.6340444445,87.21593387335501,True,discovery
QQQ,2006-08-03T00:00:00.000Z,31.7796513013,-0.025977433744991,88.8693287988,87.253762013136,True,discovery
QQQ,2006-08-04T00:00:00.000Z,31.6341087172,-0.0196338551342443,88.7170834982,87.2952316572725,True,discovery
QQQ,2006-08-07T00:00:00.000Z,31.4286368338,-0.0173982869375408,88.5094806738,87.328973875356,True,discovery
QQQ,2006-08-08T00:00:00.000Z,31.2317262788,-0.0308182784282998,88.1703917931,87.36822201284451,True,discovery
QQQ,2006-08-09T00:00:00.000Z,31.2745329212,-0.0108313024634275,87.8728220933,87.40441234042152,True,discovery
QQQ,2006-08-10T00:00:00.000Z,31.4971274616,0.0132194987597897,88.1427102632,87.43570637239,True,discovery
QQQ,2006-08-11T00:00:00.000Z,31.2745329212,0.0164162493024899,87.8935820298,87.4665738684485,True,discovery
QQQ,2006-08-14T00:00:00.000Z,31.4800048046,0.0205384401890373,87.9627834326,87.49898190314951,True,discovery
QQQ,2006-08-15T00:00:00.000Z,32.2762083529,0.0428769017976122,89.0146580421,87.54098379606799,True,discovery
QQQ,2006-08-16T00:00:00.000Z,33.0296052587,0.0535226652099576,89.7551149206,87.5808859123935,True,discovery
QQQ,2006-08-17T00:00:00.000Z,33.1580251858,0.0734478935691358,89.9834832176,87.62080361156801,True,discovery
QQQ,2006-08-18T00:00:00.000Z,33.2093931567,0.0865546218470239,90.4402191196,87.661776318715,True,discovery
QQQ,2006-08-21T00:00:00.000Z,32.8926240031,0.0552046141174247,90.0526894646,87.696511032326,True,discovery
QQQ,2006-08-22T00:00:00.000Z,32.9011853316,0.0494265428735023,90.0457623349,87.72943637768148,True,discovery
QQQ,2006-08-23T00:00:00.000Z,32.6529068058,0.0423613009014738,89.7966347935,87.7616621464,True,discovery
QQQ,2006-08-24T00:00:00.000Z,32.747081419,0.0522696010985339,89.7205117972,87.79309773726949,True,discovery
QQQ,2006-08-25T00:00:00.000Z,32.8070107183,0.0326057666383772,89.831237917,87.82508695873801,True,discovery
QQQ,2006-08-28T00:00:00.000Z,33.0552892441,0.0407008086250713,90.2602874448,87.8586753667755,True,discovery
QQQ,2006-08-29T00:00:00.000Z,33.1580251858,0.0616776315789999,90.3640968153,87.889540513243,True,discovery
QQQ,2006-08-30T00:00:00.000Z,33.3121290984,0.0547573868269364,90.4194598752,87.919249008387,True,discovery
QQQ,2006-08-31T00:00:00.000Z,33.2778837845,0.0471443965509688,90.4056159961,87.9491271918265,True,discovery
QQQ,2006-09-01T00:00:00.000Z,33.4576716825,0.0576454668472607,90.9453916438,87.9832401023115,True,discovery
QQQ,2006-09-05T00:00:00.000Z,33.7830021646,0.0749114682654004,91.1183968808,88.01736479722851,True,discovery
QQQ,2006-09-06T00:00:00.000Z,33.106657215,0.060032894738601,90.3156505047,88.04355084478851,True,discovery
QQQ,2006-09-07T00:00:00.000Z,32.9439063607,0.0533780454437542,89.9004441639,88.0659885136345,True,discovery
QQQ,2006-09-08T00:00:00.000Z,33.1494638574,0.052459907584095,90.1564884547,88.087556217652,True,discovery
QQQ,2006-09-11T00:00:00.000Z,33.3549357408,0.0665206679454439,90.2464546381,88.107730746987,True,discovery
QQQ,2006-09-12T00:00:00.000Z,33.971351391,0.0791406037535278,91.1322400679,88.129842751204,True,discovery
QQQ,2006-09-13T00:00:00.000Z,34.2110685883,0.059946949599678,91.4990104785,88.15344731759899,True,discovery
QQQ,2006-09-14T00:00:00.000Z,34.2367525738,0.0365474339049822,91.5059272279,88.18015811757401,True,discovery
QQQ,2006-09-15T00:00:00.000Z,34.3595220241,0.0362354763761547,91.7200046002,88.208417143683,True,discovery
QQQ,2006-09-18T00:00:00.000Z,34.3596076873,0.0346352167645056,91.845109679,88.2396224854505,True,discovery
QQQ,2006-09-19T00:00:00.000Z,34.1367976231,0.0378253075790711,91.6157394787,88.26531238526701,True,discovery
QQQ,2006-09-20T00:00:00.000Z,34.6336443639,0.0526564321266582,92.1022787683,88.29288892046151,True,discovery
QQQ,2006-09-21T00:00:00.000Z,34.4194862859,0.0541017524291653,91.6574409399,88.31916275395498,True,discovery
QQQ,2006-09-22T00:00:00.000Z,34.1539302693,0.0429610453615492,91.3794214676,88.3432273848305,True,discovery
QQQ,2006-09-25T00:00:00.000Z,34.7535728875,0.059333725523313,92.0814276901,88.373327635581,True,discovery
QQQ,2006-09-26T00:00:00.000Z,34.9248993499,0.0565600891280568,92.845996878,88.40752377645798,True,discovery
QQQ,2006-09-27T00:00:00.000Z,34.8820677343,0.0519947294460203,92.9572084203,88.4411496891065,True,discovery
QQQ,2006-09-28T00:00:00.000Z,34.9762972886,0.0499568245933561,92.9224533797,88.47419228757549,True,discovery
QQQ,2006-09-29T00:00:00.000Z,34.8221034724,0.0464037827014487,92.845996878,88.503917448493,True,discovery
QQQ,2006-10-02T00:00:00.000Z,34.3852209935,0.027723068114305,92.4984673246,88.53019847813749,True,discovery
QQQ,2006-10-03T00:00:00.000Z,34.5308484865,0.0221367632827977,92.6930831794,88.55871537119849,True,discovery
QQQ,2006-10-04T00:00:00.000Z,35.3789144751,0.0686344515347348,93.7773733009,88.5940473351,True,discovery
QQQ,2006-10-05T00:00:00.000Z,35.5502409374,0.0791143147434754,93.9580851934,88.632513086001,True,discovery
QQQ,2006-10-06T00:00:00.000Z,35.4731440294,0.0700970664863793,93.8399265353,88.6699763002705,True,discovery
QQQ,2006-10-09T00:00:00.000Z,35.593072553,0.0671006183190541,93.8955319589,88.70703133020501,True,discovery
QQQ,2006-10-10T00:00:00.000Z,35.6530368148,0.0495030475662949,94.0206481586,88.74244739908251,True,discovery
QQQ,2006-10-11T00:00:00.000Z,35.5845062299,0.0401460023984665,93.9094366163,88.7770672326375,True,discovery
QQQ,2006-10-12T00:00:00.000Z,36.175582525,0.0566300774882404,94.7226543812,88.82017928871049,True,discovery
QQQ,2006-10-13T00:00:00.000Z,36.3469089874,0.0578409374235773,94.9659292389,88.8635470120585,True,discovery
QQQ,2006-10-16T00:00:00.000Z,36.3640416336,0.058336927608195,95.1118853958,88.909565930218,True,discovery
QQQ,2006-10-17T00:00:00.000Z,35.9785570933,0.0539523212029031,94.8130155404,88.956423653037,True,discovery
QQQ,2006-10-18T00:00:00.000Z,35.807230631,0.033885728419712,94.9381206191,88.9963927902855,True,discovery
QQQ,2006-10-19T00:00:00.000Z,35.8928938621,0.0428073668491557,95.0910350128,89.03506781367749,True,discovery
QQQ,2006-10-20T00:00:00.000Z,35.9785570933,0.0534236267865224,95.1118853958,89.073572620873,True,discovery
QQQ,2006-10-23T00:00:00.000Z,36.3469089874,0.0458466847439757,95.5497761084,89.11062988922149,True,discovery
QQQ,2006-10-24T00:00:00.000Z,36.0899192938,0.0333578611702809,95.8347531225,89.1479797698975,True,discovery
QQQ,2006-10-25T00:00:00.000Z,36.3469089874,0.0419941060907809,96.1614315977,89.1865170331255,True,discovery
QQQ,2006-10-26T00:00:00.000Z,36.6809955889,0.0487386725425511,96.4603021482,89.225141880802,True,discovery
QQQ,2006-10-27T00:00:00.000Z,36.1584498788,0.0383763837661095,95.8556042006,89.26249308703751,True,discovery
QQQ,2006-10-30T00:00:00.000Z,36.3897406029,0.0582959641230436,95.7860941196,89.29990851022649,True,discovery
QQQ,2006-10-31T00:00:00.000Z,36.4754038341,0.056313569831921,95.7721894621,89.338455267304,True,discovery
QQQ,2006-11-01T00:00:00.000Z,35.9785570933,0.01694915254175,95.1257900533,89.37551989965199,True,discovery
QQQ,2006-11-02T00:00:00.000Z,36.0128223858,0.0130120481944004,95.0701839346,89.410625264991,True,discovery
QQQ,2006-11-03T00:00:00.000Z,35.9185928315,0.0125573532960827,94.9033655786,89.4529253226855,True,discovery
QQQ,2006-11-06T00:00:00.000Z,36.4411385416,0.0238267148006732,95.9737628586,89.49903337814501,True,discovery
QQQ,2006-11-07T00:00:00.000Z,36.6895619121,0.0290725612711264,96.3421434902,89.546537275472,True,discovery
QQQ,2006-11-08T00:00:00.000Z,36.8608883744,0.0358690418873233,96.5506633074,89.5947063464935,True,discovery
QQQ,2006-11-09T00:00:00.000Z,36.6638629427,0.0134975136160573,96.0432625138,89.637936647729,True,discovery
QQQ,2006-11-10T00:00:00.000Z,36.8608883744,0.0141409380142387,96.0849744009,89.677326827547,True,discovery
QQQ,2006-11-13T00:00:00.000Z,37.2292402685,0.0237926972919468,96.321292412,89.71824167741352,True,discovery
QQQ,2006-11-14T00:00:00.000Z,37.631857455,0.0459523809532618,97.0441490177,89.7659960593775,True,discovery
QQQ,2006-11-15T00:00:00.000Z,37.7860512711,0.0552631578937814,97.322178916,89.81208690749399,True,discovery
QQQ,2006-11-16T00:00:00.000Z,37.9488114103,0.0572792362772087,97.5724008895,89.864541207193,True,discovery
QQQ,2006-11-17T00:00:00.000Z,37.9488114103,0.0547619047615144,97.6001983883,89.9192961100415,True,discovery
QQQ,2006-11-20T00:00:00.000Z,38.0259083184,0.0461937308501816,97.655804507,89.97319677417148,True,discovery
QQQ,2006-11-21T00:00:00.000Z,38.0773062571,0.0550676477583982,97.7531120869,90.0314268008235,True,discovery
QQQ,2006-11-22T00:00:00.000Z,38.3171633044,0.0542069290591671,97.9477279417,90.0867184427965,True,discovery
QQQ,2006-11-24T00:00:00.000Z,38.2486327194,0.042737038767137,97.5515498113,90.14074972352,True,discovery
QQQ,2006-11-27T00:00:00.000Z,37.4005667308,0.0343520492765445,96.2100801747,90.187284518208,True,discovery
QQQ,2006-11-28T00:00:00.000Z,37.4947962851,0.0303672316397862,96.6271198092,90.236693648921,True,discovery
QQQ,2006-11-29T00:00:00.000Z,37.7517859786,0.0349929544387042,97.6349534289,90.286544275758,True,discovery
QQQ,2006-11-30T00:00:00.000Z,37.7260870093,0.0485714285725324,97.6766555851,90.335059424741,True,discovery
QQQ,2006-12-01T00:00:00.000Z,37.4005667308,0.0385347288288961,97.4611886522,90.3792033506605,True,discovery
QQQ,2006-12-04T00:00:00.000Z,37.9145461179,0.0555688051523439,98.204896336,90.428266723641,True,discovery
QQQ,2006-12-05T00:00:00.000Z,38.0516072877,0.0441937000475862,98.6288830862,90.48054796114852,True,discovery
QQQ,2006-12-06T00:00:00.000Z,37.9145461179,0.0333878122811821,98.5454794687,90.52973591919,True,discovery
QQQ,2006-12-07T00:00:00.000Z,37.4348320233,0.015570532187678,98.1145462977,90.5774211288975,True,discovery
QQQ,2006-12-08T00:00:00.000Z,37.6061584856,0.0257009345788974,98.2952574952,90.6248776218495,True,discovery
QQQ,2006-12-11T00:00:00.000Z,37.7432196555,0.0239367882873051,98.5802345092,90.67358743414148,True,discovery
QQQ,2006-12-12T00:00:00.000Z,37.5204952544,0.0078232857775082,98.5037773124,90.72613526193,True,discovery
QQQ,2006-12-13T00:00:00.000Z,37.5890258394,-0.0011381743686508,98.608032008,90.775292902675,True,discovery
QQQ,2006-12-14T00:00:00.000Z,38.0087756721,0.0058943550201115,99.4768558916,90.8288289533385,True,discovery
QQQ,2006-12-15T00:00:00.000Z,38.1068515055,0.0041645598195758,99.4856490843,90.88446765579047,True,discovery
QQQ,2006-12-18T00:00:00.000Z,37.729471027,-0.0057799012709122,99.2130672047,90.940767792702,True,discovery
QQQ,2006-12-19T00:00:00.000Z,37.6093954201,-0.0109533977416774,99.4017810163,90.99869771012447,True,discovery
QQQ,2006-12-20T00:00:00.000Z,37.4721661552,-0.0158924084023712,99.3458652434,91.05542163560102,True,discovery
QQQ,2006-12-21T00:00:00.000Z,37.2062844544,-0.0289916777287225,98.9824190096,91.11327911086548,True,discovery
QQQ,2006-12-22T00:00:00.000Z,36.8203271468,-0.037342657006287,98.3743536751,91.1639446213245,True,discovery
QQQ,2006-12-26T00:00:00.000Z,36.9747100698,-0.0113863691976973,98.9544667145,91.2166872102985,True,discovery
QQQ,2006-12-27T00:00:00.000Z,37.1634003091,-0.008838452500986,99.6044664325,91.2680478319565,True,discovery
QQQ,2006-12-28T00:00:00.000Z,36.9832868989,-0.0203566284290663,99.394795913,91.3163700510915,True,discovery
QQQ,2006-12-29T00:00:00.000Z,37.0175942151,-0.0187799173029885,98.9824190096,91.3617039726275,True,discovery
QQQ,2007-01-03T00:00:00.000Z,37.0862088476,-0.0084051636292752,98.8076865874,91.40578864230449,True,discovery
QQQ,2007-01-04T00:00:00.000Z,37.7895088304,-0.0032978711418878,99.0173675908,91.4516450843565,True,discovery
QQQ,2007-01-05T00:00:00.000Z,37.6093954201,-0.0116213715824546,98.227573548,91.496377282114,True,discovery
QQQ,2007-01-08T00:00:00.000Z,37.6351259073,-0.0073697363996158,98.681884136,91.54065964607,True,discovery
QQQ,2007-01-09T00:00:00.000Z,37.8238161466,0.0103909675100959,98.598016068,91.585452767072,True,discovery
QQQ,2007-01-10T00:00:00.000Z,38.2698112576,0.0176474492137803,98.9265032366,91.63154382783848,True,discovery
QQQ,2007-01-11T00:00:00.000Z,38.6643453943,0.0244050652596028,99.3598473318,91.68045612269452,True,discovery
QQQ,2007-01-12T00:00:00.000Z,38.8616124626,0.035743590245993,100.1146920945,91.7358984549775,True,discovery
QQQ,2007-01-16T00:00:00.000Z,38.8358819755,0.0331707488623733,99.9189931795,91.7875720487545,True,discovery
QQQ,2007-01-17T00:00:00.000Z,38.5185393003,0.01341173503187,99.960926864,91.840247590618,True,discovery
QQQ,2007-01-18T00:00:00.000Z,37.8066624885,-0.0078775602061134,99.6254329253,91.89114232360951,True,discovery
QQQ,2007-01-19T00:00:00.000Z,37.88385395,0.0040918390530713,99.8211430231,91.94336010316847,True,discovery
QQQ,2007-01-22T00:00:00.000Z,37.4721661552,-0.0036488027357828,99.5136125622,91.991181077631,True,discovery
QQQ,2007-01-23T00:00:00.000Z,37.3778210356,-0.0025177386118871,99.8071616336,92.03891966844,True,discovery
QQQ,2007-01-24T00:00:00.000Z,37.9953527278,0.0212079299228893,100.6109265819,92.09115934956448,True,discovery
QQQ,2007-01-25T00:00:00.000Z,37.5064734714,0.018634987186952,99.4297340103,92.142074597673,True,discovery
QQQ,2007-01-26T00:00:00.000Z,37.3692442065,0.010670378103174,99.3388801401,92.19184658427348,True,discovery
QQQ,2007-01-29T00:00:00.000Z,37.4035515227,0.006462035540413,99.2829643671,92.245128242187,True,discovery
QQQ,2007-01-30T00:00:00.000Z,37.4207051809,0.0118274582569082,99.8001653474,92.3001691433495,True,discovery
QQQ,2007-01-31T00:00:00.000Z,37.7980856594,0.0210843373495523,100.471142741,92.3591505327875,True,discovery
QQQ,2007-02-01T00:00:00.000Z,37.7552015141,0.0180388529129285,101.0722229722,92.4213095714205,True,discovery
QQQ,2007-02-02T00:00:00.000Z,37.8752771209,0.002269632317396,101.2120068131,92.4771402550085,True,discovery
QQQ,2007-02-05T00:00:00.000Z,37.8409698047,0.006157354618794,101.2399695921,92.5322495639665,True,discovery
QQQ,2007-02-06T00:00:00.000Z,37.7809320013,0.0038742023703903,101.2679218871,92.5868785511035,True,discovery
QQQ,2007-02-07T00:00:00.000Z,38.1325819927,0.0081632653062626,101.4915849789,92.64255699651,True,discovery
QQQ,2007-02-08T00:00:00.000Z,38.1240051636,-0.0038099506950413,101.3587862413,92.69839815476448,True,discovery
QQQ,2007-02-09T00:00:00.000Z,37.6008185911,-0.0275066548354595,100.6039407797,92.752325283928,True,discovery
QQQ,2007-02-12T00:00:00.000Z,37.4807429843,-0.0355329949221466,100.2614617376,92.80443667870252,True,discovery
QQQ,2007-02-13T00:00:00.000Z,37.6179722492,-0.0313604240292091,101.1071715534,92.85860641024952,True,discovery
QQQ,2007-02-14T00:00:00.000Z,38.2526575995,-0.0069026942773484,101.7711526608,92.91458034864,True,discovery
QQQ,2007-02-15T00:00:00.000Z,38.475655155,0.0176950998174856,101.9039506995,92.974904188224,True,discovery
QQQ,2007-02-16T00:00:00.000Z,38.3470027191,0.0122254924145592,101.8550207288,93.03160748104447,True,discovery
QQQ,2007-02-20T00:00:00.000Z,38.321272232,0.0226596475176594,102.0716868355,93.091082054576,True,discovery
QQQ,2007-02-21T00:00:00.000Z,38.7586905139,0.0369435520862708,102.0297531509,93.148727918368,True,discovery
QQQ,2007-02-22T00:00:00.000Z,38.9559575823,0.0252821670424225,101.9528701863,93.2019934422475,True,discovery
QQQ,2007-02-23T00:00:00.000Z,38.8187283173,0.03498742282184,101.5544858552,93.2538182154615,True,discovery
QQQ,2007-02-26T00:00:00.000Z,38.6300380781,0.0337388111098242,101.463621501,93.3042930515075,True,discovery
QQQ,2007-02-27T00:00:00.000Z,37.0433247023,-0.0096308186184239,97.5006915643,93.33519434309852,True,discovery
QQQ,2007-02-28T00:00:00.000Z,37.1634003091,-0.006876002751849,98.5001561266,93.376604584729,True,discovery
QQQ,2007-03-01T00:00:00.000Z,36.991863728,-0.0213297027438081,98.2066070552,93.4224375829545,True,discovery
QQQ,2007-03-02T00:00:00.000Z,36.4343698392,-0.0349840981356363,96.9205785249,93.4609448196865,True,discovery
QQQ,2007-03-05T00:00:00.000Z,36.1513344802,-0.0455163043480073,95.9979969273,93.495493658599,True,discovery
QQQ,2007-03-06T00:00:00.000Z,36.7517125143,-0.0287851314599423,97.6404754053,93.54672898498649,True,discovery
QQQ,2007-03-07T00:00:00.000Z,36.6059064203,-0.0311010215671643,97.5426259478,93.59967970326552,True,discovery
QQQ,2007-03-08T00:00:00.000Z,36.854634463,-0.0335132703561654,98.3673678729,93.653688303466,True,discovery
QQQ,2007-03-09T00:00:00.000Z,36.8203271468,-0.03419572553318,98.3953208668,93.7111780835575,True,discovery
QQQ,2007-03-12T00:00:00.000Z,37.0604783604,-0.0143704379571113,98.542100295,93.77270872128052,True,discovery
QQQ,2007-03-13T00:00:00.000Z,36.3400247195,-0.030434782610308,96.6270294535,93.8212192506965,True,discovery
QQQ,2007-03-14T00:00:00.000Z,36.8717881211,-0.0198358413142767,97.3469263339,93.86795543089548,True,discovery
QQQ,2007-03-15T00:00:00.000Z,36.7860198306,-0.0383408071735954,97.4797243726,93.91311650423398,True,discovery
QQQ,2007-03-16T00:00:00.000Z,36.7574589898,-0.0446567097630491,97.2080280369,93.964773159354,True,discovery
QQQ,2007-03-19T00:00:00.000Z,37.1350747254,-0.0316042430376534,98.3798840506,94.017431977483,True,discovery
QQQ,2007-03-20T00:00:00.000Z,37.4011221755,-0.0240114694243275,98.9202043491,94.068589817772,True,discovery
QQQ,2007-03-21T00:00:00.000Z,38.1220249434,-0.0164263952692538,100.5481683209,94.126957380534,True,discovery
QQQ,2007-03-22T00:00:00.000Z,37.9847101305,-0.0249319362705461,100.4709801078,94.1914151296035,True,discovery
QQQ,2007-03-23T00:00:00.000Z,37.8645596691,-0.0245801109299803,100.618343634,94.25767758729847,True,discovery
QQQ,2007-03-26T00:00:00.000Z,38.0190388337,-0.015816687603691,100.4850171352,94.32654591855948,True,discovery
QQQ,2007-03-27T00:00:00.000Z,37.7529913836,0.0191577480424141,100.2464381925,94.394600281503,True,discovery
QQQ,2007-03-28T00:00:00.000Z,37.3496291206,0.0050110810623107,99.5166629334,94.46038367668052,True,discovery
QQQ,2007-03-29T00:00:00.000Z,37.3925399997,0.0108314702564369,99.6219153773,94.5313781996525,True,discovery
QQQ,2007-03-30T00:00:00.000Z,37.3582112964,0.0253563177098243,99.6429660065,94.60743840444998,True,discovery
QQQ,2007-04-02T00:00:00.000Z,37.4097043513,0.0348083933606713,99.7552425778,94.680787486044,True,discovery
QQQ,2007-04-03T00:00:00.000Z,37.8988883724,0.0312142150560639,100.8288590476,94.750479383912,True,discovery
QQQ,2007-04-04T00:00:00.000Z,38.0533675369,0.0395417367891564,100.9411356189,94.823882999048,True,discovery
QQQ,2007-04-05T00:00:00.000Z,38.2421754047,0.0376490219457479,101.2148022182,94.9020458636675,True,discovery
QQQ,2007-04-09T00:00:00.000Z,38.1477714708,0.0360519426866463,101.3551423187,94.979457191718,True,discovery
QQQ,2007-04-10T00:00:00.000Z,38.3451615144,0.0346645054472021,101.4744324918,95.0542816535115,True,discovery
QQQ,2007-04-11T00:00:00.000Z,37.9417992514,0.0440774199870175,101.0604250903,95.1289391462855,True,discovery
QQQ,2007-04-12T00:00:00.000Z,38.2421754047,0.0371662822290896,101.5095201484,95.2059113060645,True,discovery
QQQ,2007-04-13T00:00:00.000Z,38.319414987,0.041684182291569,101.9726515321,95.2832960789945,True,discovery
QQQ,2007-04-16T00:00:00.000Z,38.6712841952,0.0520663086621704,102.941005734,95.36925951529447,True,discovery
QQQ,2007-04-17T00:00:00.000Z,38.7571059533,0.0436792234806127,103.2146723332,95.453684810448,True,discovery
QQQ,2007-04-18T00:00:00.000Z,38.6283733161,0.0328132170698323,103.340985932,95.530022220027,True,discovery
QQQ,2007-04-19T00:00:00.000Z,38.7485237775,0.0164340387225012,103.3129118772,95.606184651364,True,discovery
QQQ,2007-04-20T00:00:00.000Z,38.9630781727,0.0257568910974634,104.2882895047,95.68542470253249,True,discovery
QQQ,2007-04-23T00:00:00.000Z,39.0231534034,0.0305983680894483,103.895333434,95.76522586018947,True,discovery
QQQ,2007-04-24T00:00:00.000Z,39.220543447,0.0316027088048049,103.9374339906,95.8439572749545,True,discovery
QQQ,2007-04-25T00:00:00.000Z,39.7440561713,0.052739258923067,104.8917616907,95.930332218616,True,discovery
QQQ,2007-04-26T00:00:00.000Z,39.9500283907,0.0696231617642961,105.0110511621,96.01647319487648,True,discovery
QQQ,2007-04-27T00:00:00.000Z,39.9671927423,0.0688547165456172,104.9268493472,96.100255482647,True,discovery
QQQ,2007-04-30T00:00:00.000Z,39.443680018,0.0558235699523699,104.056723462,96.1843928869,True,discovery
QQQ,2007-05-01T00:00:00.000Z,39.4050602269,0.0533379215420251,104.3233771612,96.27695678474949,True,discovery
QQQ,2007-05-02T00:00:00.000Z,39.8384601052,0.0511775362311812,104.9338622472,96.37423396868552,True,discovery
QQQ,2007-05-03T00:00:00.000Z,39.984357094,0.0507442489873608,105.5022573023,96.4749759502105,True,discovery
QQQ,2007-05-04T00:00:00.000Z,40.0186857972,0.046454219031736,105.9022269747,96.5755378968095,True,discovery
QQQ,2007-05-07T00:00:00.000Z,40.0186857972,0.0490438695175701,105.9232776039,96.670253712939,True,discovery
QQQ,2007-05-08T00:00:00.000Z,40.1045075553,0.0458818263221894,105.7829375034,96.767243518644,True,discovery
QQQ,2007-05-09T00:00:00.000Z,40.1903293134,0.059262610270572,106.0706418318,96.868716755464,True,discovery
QQQ,2007-05-10T00:00:00.000Z,39.6410700616,0.0365798922811297,104.9619370038,96.95682662450749,True,discovery
QQQ,2007-05-11T00:00:00.000Z,40.1474184343,0.0477043673010184,105.8601264182,97.04787037618898,True,discovery
QQQ,2007-05-14T00:00:00.000Z,39.8727888084,0.031069684863197,105.6285603754,97.13716808677049,True,discovery
QQQ,2007-05-15T00:00:00.000Z,39.5638304793,0.0208148804240455,105.6566344303,97.227021390576,True,discovery
QQQ,2007-05-16T00:00:00.000Z,39.9500283907,0.0342146189741088,106.3793960876,97.31609415580552,True,discovery
QQQ,2007-05-17T00:00:00.000Z,39.7612205229,0.0261351052033635,106.168880674,97.404564174884,True,discovery
QQQ,2007-05-18T00:00:00.000Z,40.0873432037,0.0288546255513182,107.0951336176,97.4998453142875,True,discovery
QQQ,2007-05-21T00:00:00.000Z,40.3448084779,0.0338684847130998,107.0389953319,97.59187006872448,True,discovery
QQQ,2007-05-22T00:00:00.000Z,40.3791371812,0.0295404814001531,106.9547935171,97.682297392316,True,discovery
QQQ,2007-05-23T00:00:00.000Z,40.1903293134,0.0112286763126674,106.9688305445,97.7735561275475,True,discovery
QQQ,2007-05-24T00:00:00.000Z,39.6153235342,-0.0083780880761004,106.0004665187,97.861011056772,True,discovery
QQQ,2007-05-25T00:00:00.000Z,39.8642066326,-0.0025767661582846,106.4425472733,97.952371834173,True,discovery
QQQ,2007-05-29T00:00:00.000Z,40.1731649618,0.0184943429078396,106.828490444,98.04715017592648,True,discovery
QQQ,2007-05-30T00:00:00.000Z,40.4992876425,0.0277687030371045,107.6986058035,98.144929653628,True,discovery
QQQ,2007-05-31T00:00:00.000Z,40.6880955103,0.0213270142183308,107.5863397578,98.243393442268,True,discovery
QQQ,2007-06-01T00:00:00.000Z,40.7138420377,0.0182442584229887,108.1196366307,98.3441777082585,True,discovery
QQQ,2007-06-04T00:00:00.000Z,40.8340783208,0.0203752948743023,108.1336736581,98.43977278633852,True,discovery
QQQ,2007-06-05T00:00:00.000Z,40.833992499,0.0203731503311146,107.7056292292,98.5295253578815,True,discovery
QQQ,2007-06-06T00:00:00.000Z,40.3963015328,0.0072758399314003,106.5477997173,98.61234694038,True,discovery
QQQ,2007-06-07T00:00:00.000Z,39.769716877,-0.0104655135597448,104.6251185171,98.6832714373675,True,discovery
QQQ,2007-06-08T00:00:00.000Z,40.2589867198,0.0155877895636973,105.9864287896,98.7629401339925,True,discovery
QQQ,2007-06-11T00:00:00.000Z,40.1817471376,0.0008550662692341,106.168880674,98.843555725688,True,discovery
QQQ,2007-06-12T00:00:00.000Z,39.9414462149,0.0017219113222781,105.0110511621,98.919627807531,True,discovery
QQQ,2007-06-13T00:00:00.000Z,40.3791371812,0.020607375272386,106.5828873738,99.003939685414,True,discovery
QQQ,2007-06-14T00:00:00.000Z,40.6451846313,0.0174006444701757,107.2635484746,99.091101238202,True,discovery
QQQ,2007-06-15T00:00:00.000Z,40.9944191114,0.0310151090002319,107.8709537509,99.1791545697325,True,discovery
QQQ,2007-06-18T00:00:00.000Z,41.0287743757,0.0234844990154674,107.74409915,99.26605458140598,True,discovery
QQQ,2007-06-19T00:00:00.000Z,41.0201855597,0.0167401236312711,108.0118949291,99.3540167566755,True,discovery
QQQ,2007-06-20T00:00:00.000Z,40.6336888364,0.0063040389906725,106.5108453418,99.434542903404,True,discovery
QQQ,2007-06-21T00:00:00.000Z,41.0030079275,0.0202207503144056,107.1028050556,99.515329970463,True,discovery
QQQ,2007-06-22T00:00:00.000Z,40.6165112043,0.0252727374354437,106.0950654481,99.5902133132995,True,discovery
QQQ,2007-06-25T00:00:00.000Z,40.4447348828,0.0145626440167319,105.5876688909,99.66657340523048,True,discovery
QQQ,2007-06-26T00:00:00.000Z,40.2128368489,0.0009875220719532,104.5023991971,99.73958318039652,True,discovery
QQQ,2007-06-27T00:00:00.000Z,40.8312316061,0.0081962914145594,105.9893516364,99.818747496305,True,discovery
QQQ,2007-06-28T00:00:00.000Z,40.8140539739,0.0030957080202516,105.975265059,99.89739154840947,True,discovery
QQQ,2007-06-29T00:00:00.000Z,40.8827645025,0.0041490180328249,106.0104924255,99.97178281019752,True,discovery
QQQ,2007-07-02T00:00:00.000Z,41.2349059615,0.0098160080301314,106.9689068137,100.0491322918735,True,discovery
QQQ,2007-07-03T00:00:00.000Z,41.4925704436,0.0161281791050955,107.3565029818,100.128385170643,True,discovery
QQQ,2007-07-05T00:00:00.000Z,41.7931790061,0.0345793406895378,107.2437462338,100.206003878811,True,discovery
QQQ,2007-07-06T00:00:00.000Z,41.9649553276,0.0551987447481572,107.8075215174,100.285815938003,True,discovery
QQQ,2007-07-09T00:00:00.000Z,41.9907217758,0.0430148694017751,107.89209454,100.36719771330952,True,discovery
QQQ,2007-07-10T00:00:00.000Z,41.6385803168,0.0362560934498732,106.3558070154,100.438465354545,True,discovery
QQQ,2007-07-11T00:00:00.000Z,41.9220112472,0.049586713050995,107.1098585626,100.5157274426585,True,discovery
QQQ,2007-07-12T00:00:00.000Z,42.5661724526,0.054162506286,108.8011738428,100.60283620453448,True,discovery
QQQ,2007-07-13T00:00:00.000Z,42.8581921991,0.0544469803218907,109.1253483483,100.68805580782548,True,discovery
QQQ,2007-07-16T00:00:00.000Z,42.8152481187,0.0444165095339441,109.1112512002,100.76938207943653,True,discovery
QQQ,2007-07-17T00:00:00.000Z,43.1416231294,0.0514967552857579,109.0548724738,100.849870399704,True,discovery
QQQ,2007-07-18T00:00:00.000Z,43.090090233,0.0504606365148567,108.8575525692,100.9295458956515,True,discovery
QQQ,2007-07-19T00:00:00.000Z,43.2189224741,0.0636229127044976,109.2803866746,101.01171784463448,True,discovery
QQQ,2007-07-20T00:00:00.000Z,42.9870244401,0.0483870967736821,108.1739768965,101.090095392494,True,discovery
QQQ,2007-07-23T00:00:00.000Z,43.0042020723,0.0587862127298421,108.5051943383,101.1691559482885,True,discovery
QQQ,2007-07-24T00:00:00.000Z,42.368629683,0.0475684858801777,106.6236027945,101.2333870957565,True,discovery
QQQ,2007-07-25T00:00:00.000Z,42.4287513955,0.0551046561307355,106.8420634883,101.297806987231,True,discovery
QQQ,2007-07-26T00:00:00.000Z,42.0680211204,0.0302902818663748,104.3121335043,101.350168022076,True,discovery
QQQ,2007-07-27T00:00:00.000Z,41.2177283293,0.0098905723910236,102.2614064861,101.391997394712,True,discovery
QQQ,2007-07-30T00:00:00.000Z,41.6987020293,0.0199579831924063,103.8611156734,101.441199732286,True,discovery
QQQ,2007-07-31T00:00:00.000Z,40.82264279,-0.0099979171017126,102.6912835279,101.485108966844,True,discovery
QQQ,2007-08-01T00:00:00.000Z,41.1404289847,-0.0084868557222469,103.1916265781,101.52745382782852,True,discovery
QQQ,2007-08-02T00:00:00.000Z,41.5183368918,-0.0065762433209468,104.0161539998,101.572704951633,True,discovery
QQQ,2007-08-03T00:00:00.000Z,40.7281658132,-0.0294719607049498,101.3382293305,101.6038366713065,True,discovery
QQQ,2007-08-06T00:00:00.000Z,41.2005506972,-0.0188177541414729,103.0365988225,101.644954587717,True,discovery
QQQ,2007-08-07T00:00:00.000Z,41.4925704436,-0.0035066006595111,104.1359543889,101.690943756566,True,discovery
QQQ,2007-08-08T00:00:00.000Z,41.9477776954,0.0006146281495911,105.5876688909,101.7434269259565,True,discovery
QQQ,2007-08-09T00:00:00.000Z,40.9772414793,-0.0373284907180548,102.458725686,101.7801611274075,True,discovery
QQQ,2007-08-10T00:00:00.000Z,40.6079223882,-0.0525050100211006,101.9795241297,101.812309867514,True,discovery
QQQ,2007-08-13T00:00:00.000Z,40.8827645025,-0.0451354062188877,102.345968938,101.84486594659148,True,discovery
QQQ,2007-08-14T00:00:00.000Z,40.1870704007,-0.0684849691407772,100.7814976879,101.86796627704253,True,discovery
QQQ,2007-08-15T00:00:00.000Z,39.4226657703,-0.0851106238782333,99.3932048486,101.8826307905445,True,discovery
QQQ,2007-08-16T00:00:00.000Z,39.1134683917,-0.0949920508744818,100.1402134595,101.904053836839,True,discovery
QQQ,2007-08-17T00:00:00.000Z,39.7748072292,-0.0747252747250752,101.9795241297,101.9350209868895,True,discovery
QQQ,2007-08-20T00:00:00.000Z,39.9637611828,-0.0707010185746107,101.9301883396,101.965810981277,True,discovery
QQQ,2007-08-21T00:00:00.000Z,40.3846131703,-0.0468274883456065,102.1345518853,102.000854790437,True,discovery
QQQ,2007-08-22T00:00:00.000Z,40.9342973989,-0.0352226720666237,103.3466649044,102.042237195286,True,discovery
QQQ,2007-08-23T00:00:00.000Z,40.82264279,-0.0296039199665627,103.2550588115,102.0839956614505,True,discovery
QQQ,2007-08-24T00:00:00.000Z,41.3980934668,0.0043759116479931,104.5305941981,102.126779818148,True,discovery
QQQ,2007-08-27T00:00:00.000Z,41.1232513525,-0.013800205972734,103.5580819571,102.1628595104825,True,discovery
QQQ,2007-08-28T00:00:00.000Z,40.1441263203,-0.0166210814226415,101.2818506041,102.186515446966,True,discovery
QQQ,2007-08-29T00:00:00.000Z,41.295027674,0.0037578288101345,103.2691453889,102.22264486134152,True,discovery
QQQ,2007-08-30T00:00:00.000Z,41.5097480758,-0.0002068680164714,102.9943066735,102.2571915227045,True,discovery
QQQ,2007-08-31T00:00:00.000Z,41.9735441436,0.0305778152670055,104.009099788,102.2956305595845,True,discovery
QQQ,2007-09-04T00:00:00.000Z,42.6692382455,0.0356472795495863,105.0591315445,102.33570547221848,True,discovery
QQQ,2007-09-05T00:00:00.000Z,42.2397974419,0.0180086938531729,104.1500409662,102.3698447824695,True,discovery
QQQ,2007-09-06T00:00:00.000Z,42.2054421776,0.006142506143496,104.3896530198,102.403931043121,True,discovery
QQQ,2007-09-07T00:00:00.000Z,41.423859915,0.0108991825602906,102.9379385178,102.43061974376847,True,discovery
QQQ,2007-09-10T00:00:00.000Z,41.3980934668,0.0194585448387678,102.7406080425,102.456043761446,True,discovery
QQQ,2007-09-11T00:00:00.000Z,42.0250770401,0.0279411764713255,103.9386344842,102.4869713734325,True,discovery
QQQ,2007-09-12T00:00:00.000Z,42.0336658562,0.0459499893146686,104.2064196926,102.518264832187,True,discovery
QQQ,2007-09-13T00:00:00.000Z,42.2397974419,0.0714596949890271,104.9393311554,102.5552037389075,True,discovery
QQQ,2007-09-14T00:00:00.000Z,42.2741527062,0.0808080808085713,104.9322769436,102.598814722752,True,discovery
QQQ,2007-09-17T00:00:00.000Z,41.9220112472,0.0539840207301787,104.3685122307,102.6375216848595,True,discovery
QQQ,2007-09-18T00:00:00.000Z,42.9956132562,0.0758650333118515,107.4410767092,102.686552301261,True,discovery
QQQ,2007-09-19T00:00:00.000Z,43.090090233,0.0669927690353533,108.0753172965,102.738545609818,True,discovery
QQQ,2007-09-20T00:00:00.000Z,42.969846808,0.0497272345794481,107.3142221083,102.78781077709851,True,discovery
QQQ,2007-09-21T00:00:00.000Z,43.2756086602,0.0600883652442236,107.60225523,102.83479757156849,True,discovery
QQQ,2007-09-24T00:00:00.000Z,43.4732534177,0.0501269449175048,107.4040021296,102.8786731667855,True,discovery
QQQ,2007-09-25T00:00:00.000Z,43.8857294336,0.067175575623158,107.1915852107,102.92190369549547,True,discovery
QQQ,2007-09-26T00:00:00.000Z,44.1005606918,0.0985557473572245,107.7580267875,102.9701210979445,True,discovery
QQQ,2007-09-27T00:00:00.000Z,44.3239852004,0.0733492068418464,108.3952669235,103.020621145086,True,discovery
QQQ,2007-09-28T00:00:00.000Z,44.1778999448,0.0642777177092897,108.0341660207,103.0678908026435,True,discovery
QQQ,2007-10-01T00:00:00.000Z,44.6849017142,0.0645968222584181,109.2520115519,103.121631973841,True,discovery
QQQ,2007-10-02T00:00:00.000Z,44.6934949645,0.0474406575377164,109.1033162393,103.17410839499748,True,discovery
QQQ,2007-10-03T00:00:00.000Z,44.3841379527,0.050765880535992,108.8838230755,103.221143230917,True,discovery
QQQ,2007-10-04T00:00:00.000Z,44.4872569566,0.0540644680228239,109.0537584515,103.268983777753,True,discovery
QQQ,2007-10-05T00:00:00.000Z,45.3878295912,0.0956929094568661,110.3494901156,103.3246658923075,True,discovery
QQQ,2007-10-08T00:00:00.000Z,45.6731255021,0.1032663989400488,109.7618077673,103.3764660260625,True,discovery
QQQ,2007-10-09T00:00:00.000Z,45.8708561922,0.0915115312800114,110.795554104,103.43371447036547,True,discovery
QQQ,2007-10-10T00:00:00.000Z,45.982482514,0.0939441416151796,110.6114648222,103.49185969942852,True,discovery
QQQ,2007-10-11T00:00:00.000Z,45.252056236,0.0713132869124977,110.0804278353,103.5503900702295,True,discovery
QQQ,2007-10-12T00:00:00.000Z,45.9996690147,0.0881275216653509,110.6893509549,103.60906449143152,True,discovery
QQQ,2007-10-15T00:00:00.000Z,45.6473457511,0.0888634488916324,109.7547209017,103.6598157637775,True,discovery
QQQ,2007-10-16T00:00:00.000Z,45.4325144929,0.0566779039103155,108.8838230755,103.70726089959,True,discovery
QQQ,2007-10-17T00:00:00.000Z,46.0168555153,0.0679220040263126,109.216606962,103.758431839352,True,discovery
QQQ,2007-10-18T00:00:00.000Z,46.2145002729,0.0755100077363066,108.8201007612,103.808493910221,True,discovery
QQQ,2007-10-19T00:00:00.000Z,45.0630047287,0.0413026211262477,105.9737396795,103.84327577066448,True,discovery
QQQ,2007-10-22T00:00:00.000Z,45.6043794995,0.0490215457611074,106.589739044,103.8850865981445,True,discovery
QQQ,2007-10-23T00:00:00.000Z,46.5582302861,0.0608968083017407,107.4535606254,103.9289449805915,True,discovery
QQQ,2007-10-24T00:00:00.000Z,46.2059070226,0.0477396726430163,107.255307525,103.97223143787647,True,discovery
QQQ,2007-10-25T00:00:00.000Z,45.5871929988,0.0284994183778537,107.5102052787,104.015149948087,True,discovery
QQQ,2007-10-26T00:00:00.000Z,46.3433990278,0.049017700834711,108.7705323528,104.062203373192,True,discovery
QQQ,2007-10-29T00:00:00.000Z,46.5410437854,0.0415384615383445,109.1316445843,104.107288135641,True,discovery
QQQ,2007-10-30T00:00:00.000Z,46.6269762887,0.043260911363852,108.3740268601,104.149563304044,True,discovery
QQQ,2007-10-31T00:00:00.000Z,47.2886565641,0.0654404646654471,109.49982244,104.197257781924,True,discovery
QQQ,2007-11-01T00:00:00.000Z,46.4035517802,0.0430751400444728,106.9366874571,104.233814054583,True,discovery
QQQ,2007-11-02T00:00:00.000Z,46.764468294,0.0303305691239068,107.0570544246,104.26999361159052,True,discovery
QQQ,2007-11-05T00:00:00.000Z,46.4637045325,0.0173095014126776,106.2428019598,104.30363955857848,True,discovery
QQQ,2007-11-06T00:00:00.000Z,46.9878928026,0.024351771541381,107.6730644099,104.34296907246,True,discovery
QQQ,2007-11-07T00:00:00.000Z,45.8449905087,-0.0029900953098418,104.727577132,104.3635523252105,True,discovery
QQQ,2007-11-08T00:00:00.000Z,44.4528839553,-0.0176604633507067,104.1965401452,104.387386355885,True,discovery
QQQ,2007-11-09T00:00:00.000Z,42.9662516483,-0.0659443302826943,102.766276987,104.40452334011952,True,discovery
QQQ,2007-11-12T00:00:00.000Z,41.8749088564,-0.0826430722887998,101.7466845562,104.416841941065,True,discovery
QQQ,2007-11-13T00:00:00.000Z,43.6021521727,-0.0402874976353342,104.8479440996,104.442080834826,True,discovery
QQQ,2007-11-14T00:00:00.000Z,43.0435909013,-0.0646125116700212,104.5576410479,104.46251332636052,True,discovery
QQQ,2007-11-15T00:00:00.000Z,42.8115731424,-0.073633320936188,103.049492465,104.4723996738245,True,discovery
QQQ,2007-11-16T00:00:00.000Z,43.2068626575,-0.0411899313500028,103.226504794,104.482472163729,True,discovery
QQQ,2007-11-19T00:00:00.000Z,42.7084541384,-0.0635010363671706,101.789166099,104.48521814626348,True,discovery
QQQ,2007-11-20T00:00:00.000Z,42.880319145,-0.0789959394611706,102.4122523291,104.4909397984735,True,discovery
QQQ,2007-11-21T00:00:00.000Z,42.3733173755,-0.0829458806040843,100.316422106,104.485063984109,True,discovery
QQQ,2007-11-23T00:00:00.000Z,42.828759643,-0.0605089538167574,102.0511514263,104.488525810034,True,discovery
QQQ,2007-11-26T00:00:00.000Z,42.0897401147,-0.0917856480606517,99.7995489377,104.484503850824,True,discovery
QQQ,2007-11-27T00:00:00.000Z,42.931878647,-0.0775480059072547,100.9465959098,104.48792952168498,True,discovery
QQQ,2007-11-28T00:00:00.000Z,44.2380526971,-0.051234795428477,104.1752993737,104.5032701607865,True,discovery
QQQ,2007-11-29T00:00:00.000Z,44.4271042043,-0.0605124477562849,104.2106933429,104.515467864197,True,discovery
QQQ,2007-11-30T00:00:00.000Z,44.0919674415,-0.0498148148152385,105.2586141189,104.532241181294,True,discovery
QQQ,2007-12-03T00:00:00.000Z,43.7224576773,-0.0650496141124797,104.5647180008,104.545789667654,True,discovery
QQQ,2007-12-04T00:00:00.000Z,43.5419994204,-0.0628814499725555,103.6300985684,104.5535817263185,True,discovery
QQQ,2007-12-05T00:00:00.000Z,44.31539195,-0.0568763716182676,105.3648172679,104.57025704690348,True,discovery
QQQ,2007-12-06T00:00:00.000Z,44.9598857248,-0.0193064667279629,106.8729651428,104.594857521686,True,discovery
QQQ,2007-12-07T00:00:00.000Z,44.9684789751,0.0115986854827789,106.8517250794,104.621343717807,True,discovery
QQQ,2007-12-10T00:00:00.000Z,45.148937232,0.050799999999217,107.6801413628,104.65242631711598,True,discovery
QQQ,2007-12-11T00:00:00.000Z,44.1005606918,0.0531500102610931,104.727577132,104.6885607449545,True,discovery
QQQ,2007-12-12T00:00:00.000Z,44.495850207,0.0204966495864751,105.7613227606,104.72486657812448,True,discovery
QQQ,2007-12-13T00:00:00.000Z,44.2552391977,0.0281493312019049,105.5418295969,104.761542690833,True,discovery
QQQ,2007-12-14T00:00:00.000Z,43.7997969303,0.0230830991566921,104.20361639,104.7979578801585,True,discovery
QQQ,2007-12-17T00:00:00.000Z,42.7342338894,-0.0109387430382649,102.7167191993,104.8315514915185,True,discovery
QQQ,2007-12-18T00:00:00.000Z,42.9146921463,0.0048289738427822,103.290237729,104.859800303137,True,discovery
QQQ,2007-12-19T00:00:00.000Z,42.9146921463,0.0008016032059781,103.290237729,104.888538362043,True,discovery
QQQ,2007-12-20T00:00:00.000Z,43.739644178,0.0322449807361553,103.9416416834,104.9164097310955,True,discovery
QQQ,2007-12-21T00:00:00.000Z,44.6018135768,0.0413986757631863,105.4323772095,104.951595012809,True,discovery
QQQ,2007-12-24T00:00:00.000Z,44.9372949132,0.0676543687544766,106.2153020871,104.98996102176947,True,discovery
QQQ,2007-12-26T00:00:00.000Z,45.1609491375,0.0519211029367745,106.4430688973,105.0390412189885,True,discovery
QQQ,2007-12-27T00:00:00.000Z,44.6706302612,0.0097784042860538,105.1049645996,105.077831410317,True,discovery
QQQ,2007-12-28T00:00:00.000Z,44.6104156623,0.0041261176320885,104.8416185449,105.11464088117852,True,discovery
QQQ,2007-12-31T00:00:00.000Z,44.0598821871,-0.0007276893334953,104.0658076656,105.148929779322,True,discovery
QQQ,2008-01-02T00:00:00.000Z,43.3975215998,-0.0074317889423837,103.1547503893,105.17280411101552,True,discovery
QQQ,2008-01-03T00:00:00.000Z,43.5437570541,4.036639849780421e-05,103.1049331835,105.1937277551875,True,discovery
QQQ,2008-01-04T00:00:00.000Z,41.634094062,-0.0605048893852782,100.5781982699,105.19387790493248,True,discovery
QQQ,2008-01-07T00:00:00.000Z,41.4362460944,-0.0783729667812824,100.4927904315,105.193986956551,True,discovery
QQQ,2008-01-08T00:00:00.000Z,40.3609854006,-0.1024605163330355,98.8699888311,105.1852451825365,True,discovery
QQQ,2008-01-09T00:00:00.000Z,41.2211939556,-0.0869952543116818,99.9091457651,105.182365825686,True,discovery
QQQ,2008-01-10T00:00:00.000Z,41.2814085545,-0.0639255395640399,100.5639595969,105.183953432708,True,discovery
QQQ,2008-01-11T00:00:00.000Z,40.4728125128,-0.0904137728683539,99.7525587967,105.18513291202449,True,discovery
QQQ,2008-01-14T00:00:00.000Z,41.1781835279,-0.0695297489197598,100.5568463103,105.18980756668952,True,discovery
QQQ,2008-01-15T00:00:00.000Z,40.0427082353,-0.0857786784029792,98.3432853335,105.18330916332452,True,discovery
QQQ,2008-01-16T00:00:00.000Z,39.6126039578,-0.0730475229690337,97.4962946125,105.172014423498,True,discovery
QQQ,2008-01-17T00:00:00.000Z,39.0620704826,-0.0897739555154227,94.9695596988,105.142717926754,True,discovery
QQQ,2008-01-18T00:00:00.000Z,39.0104579693,-0.090976632517603,93.9944579319,105.107984538319,True,discovery
QQQ,2008-01-22T00:00:00.000Z,38.0040139599,-0.1311311586065642,93.0407074128,105.067114064292,True,discovery
QQQ,2008-01-23T00:00:00.000Z,37.8663805911,-0.1510125361629575,95.2756203491,105.036716454444,True,discovery
QQQ,2008-01-24T00:00:00.000Z,38.6319662051,-0.1403139356803574,96.079907151,105.00974382774,True,discovery
QQQ,2008-01-25T00:00:00.000Z,37.8405743345,-0.1620952380941309,94.6919749711,104.97790157714398,True,discovery
QQQ,2008-01-28T00:00:00.000Z,38.1330452432,-0.1463508569226168,96.257846079,104.951643206797,True,discovery
QQQ,2008-01-29T00:00:00.000Z,38.2018619276,-0.1436559969136497,96.7347216945,104.925453557609,True,discovery
QQQ,2008-01-30T00:00:00.000Z,38.1674535854,-0.1337368215529457,96.0229659822,104.89086335885,True,discovery
QQQ,2008-01-31T00:00:00.000Z,38.8212120872,-0.1054509415261421,97.7738786285,104.8636593903265,True,discovery
QQQ,2008-02-01T00:00:00.000Z,39.2168220016,-0.0993698143025207,99.3468637348,104.8436887793405,True,discovery
QQQ,2008-02-04T00:00:00.000Z,38.6663745473,-0.0712809917343362,98.0941772401,104.817595106155,True,discovery
QQQ,2008-02-05T00:00:00.000Z,37.565221576,-0.0934212165257691,95.4677972385,104.773492644824,True,discovery
QQQ,2008-02-06T00:00:00.000Z,36.8255282396,-0.08759590792715,94.6990996458,104.727511475883,True,discovery
QQQ,2008-02-07T00:00:00.000Z,37.0835908061,-0.1003756260421927,95.325437555,104.684451493705,True,discovery
QQQ,2008-02-08T00:00:00.000Z,37.505092998,-0.0914773911242509,94.713337607,104.6335593732865,True,discovery
QQQ,2008-02-11T00:00:00.000Z,37.9093910189,-0.0633368756641086,95.197326509,104.584490750021,True,discovery
QQQ,2008-02-12T00:00:00.000Z,37.6943388801,-0.0846041362033259,96.079907151,104.54025603904,True,discovery
QQQ,2008-02-13T00:00:00.000Z,38.5201390929,-0.0380236305060345,97.0621229163,104.5052830363115,True,discovery
QQQ,2008-02-14T00:00:00.000Z,37.8233701634,-0.0451682953311046,96.2080181969,104.46470624149,True,discovery
QQQ,2008-02-15T00:00:00.000Z,37.6943388801,-0.0350143140289823,96.1866662373,104.42097026144047,True,discovery
QQQ,2008-02-19T00:00:00.000Z,37.6255221957,-0.0355016538049848,96.4571369667,104.37574465976247,True,discovery
QQQ,2008-02-20T00:00:00.000Z,37.7975639067,-0.0054323223177908,96.741834981,104.329942699794,True,discovery
QQQ,2008-02-21T00:00:00.000Z,37.4362763136,-0.0113584734211722,95.9375474675,104.280014049112,True,discovery
QQQ,2008-02-22T00:00:00.000Z,37.5739096824,-0.0273881095536969,96.5283061321,104.2337408922555,True,discovery
QQQ,2008-02-25T00:00:00.000Z,37.7631555645,-0.0020459195284837,97.7454133823,104.192114750008,True,discovery
QQQ,2008-02-26T00:00:00.000Z,37.9093910189,-0.0058651026392884,98.4785210541,104.1596976702595,True,discovery
QQQ,2008-02-27T00:00:00.000Z,38.098636901,-0.0027020941229417,98.3788752544,104.12229141444053,True,discovery
QQQ,2008-02-28T00:00:00.000Z,37.9524014466,-0.0056344376844218,97.4180007724,104.08123861642552,True,discovery
QQQ,2008-02-29T00:00:00.000Z,36.9459574373,-0.0483048969642631,95.2471543912,104.02919121623,True,discovery
QQQ,2008-03-03T00:00:00.000Z,36.7050990419,-0.0640470806022356,95.019387581,103.972391173697,True,discovery
QQQ,2008-03-04T00:00:00.000Z,36.9115490951,-0.045383759732978,94.6563957265,103.9148287489595,True,discovery
QQQ,2008-03-05T00:00:00.000Z,37.0921068708,-0.01259448727709,95.2542683895,103.855624422819,True,discovery
QQQ,2008-03-06T00:00:00.000Z,36.2749947644,-0.0149497780892111,93.2827022197,103.78684295725802,True,discovery
QQQ,2008-03-07T00:00:00.000Z,36.1889739089,-0.0241243331013359,92.321838414,103.71367818174252,True,discovery
QQQ,2008-03-10T00:00:00.000Z,35.4922049793,-0.0536697247706422,91.1047311638,103.634357684839,True,discovery
QQQ,2008-03-11T00:00:00.000Z,36.8428184315,-0.0281347855698408,94.3788117105,103.57624941079798,True,discovery
QQQ,2008-03-12T00:00:00.000Z,36.7395073841,-0.0253308991314895,93.4962310686,103.5115178297745,True,discovery
QQQ,2008-03-13T00:00:00.000Z,37.0233762072,-0.0388566324251898,93.7026352429,103.445888553769,True,discovery
QQQ,2008-03-14T00:00:00.000Z,36.3438114488,-0.0391175801682449,92.2506585722,103.3686488176125,True,discovery
QQQ,2008-03-17T00:00:00.000Z,35.6814508614,-0.053400273847558,91.3182600127,103.287308418887,True,discovery
QQQ,2008-03-18T00:00:00.000Z,37.2728366882,-0.0093735711006371,95.1119193824,103.22226983264552,True,discovery
QQQ,2008-03-19T00:00:00.000Z,36.3524135343,-0.0382339553937187,92.7560093984,103.145381511347,True,discovery
QQQ,2008-03-20T00:00:00.000Z,37.0943606172,-0.0091332720577175,94.4656074726,103.079181402564,True,discovery
QQQ,2008-03-24T00:00:00.000Z,38.3769525848,0.0213723540932486,96.3537745341,103.028211276648,True,discovery
QQQ,2008-03-25T00:00:00.000Z,38.592253109,0.0219551976551293,96.4467560689,102.987319464407,True,discovery
QQQ,2008-03-26T00:00:00.000Z,38.480341601,0.0150609272993951,95.2666447715,102.93372054431649,True,discovery
QQQ,2008-03-27T00:00:00.000Z,37.6280924246,-0.0123506905935432,94.9662558738,102.87770742031552,True,discovery
QQQ,2008-03-28T00:00:00.000Z,37.4387037188,-0.0135353155062608,94.0579298779,102.82294181389447,True,discovery
QQQ,2008-03-31T00:00:00.000Z,37.6367010022,0.0186960526350477,94.3869331,102.7619620425255,True,discovery
QQQ,2008-04-01T00:00:00.000Z,39.246505002,0.0692384989126144,97.7055310107,102.714171955206,True,discovery
QQQ,2008-04-02T00:00:00.000Z,39.1604192266,0.0609259211989705,97.7698975058,102.6636666739805,True,discovery
QQQ,2008-04-03T00:00:00.000Z,39.246505002,0.0580823876816769,98.0130677677,102.61501151706902,True,discovery
QQQ,2008-04-04T00:00:00.000Z,39.4789365956,0.0883237020986236,97.905789799,102.56448099141848,True,discovery
QQQ,2008-04-07T00:00:00.000Z,39.3928508202,0.0885318528059195,97.9558605754,102.52170606758648,True,discovery
QQQ,2008-04-08T00:00:00.000Z,39.0915506063,0.1014122855736698,97.855730466,102.4754706946385,True,discovery
QQQ,2008-04-09T00:00:00.000Z,38.6525131518,0.0491193344413831,97.1476639737,102.4307336872665,True,discovery
QQQ,2008-04-10T00:00:00.000Z,39.2034621143,0.0670655353225107,97.2835562668,102.389213124146,True,discovery
QQQ,2008-04-11T00:00:00.000Z,38.1187813444,0.0295868515899144,95.3953892053,102.343678074187,True,discovery
QQQ,2008-04-14T00:00:00.000Z,37.9466097936,0.0441009976913944,95.0735338426,102.289098985218,True,discovery
QQQ,2008-04-15T00:00:00.000Z,37.9982612588,0.0649303865585329,95.2952590959,102.23569895540253,True,discovery
QQQ,2008-04-16T00:00:00.000Z,39.0571162962,0.0478707757857579,97.8771862028,102.195032424289,True,discovery
QQQ,2008-04-17T00:00:00.000Z,38.9710305208,0.072034198885563,98.0202270705,102.150289025573,True,discovery
QQQ,2008-04-18T00:00:00.000Z,40.2106656864,0.0840102111843659,99.0429796098,102.108721408713,True,discovery
QQQ,2008-04-21T00:00:00.000Z,40.4947487452,0.0551840627710182,99.093049671,102.067967925899,True,discovery
QQQ,2008-04-22T00:00:00.000Z,39.8921483175,0.0336828016967181,98.6567677649,102.02221415713652,True,discovery
QQQ,2008-04-23T00:00:00.000Z,40.331185772,0.0480984340053753,98.499419735,101.97525078311148,True,discovery
QQQ,2008-04-24T00:00:00.000Z,40.6927460286,0.0814458933877932,98.9285530664,101.93811451336649,True,discovery
QQQ,2008-04-25T00:00:00.000Z,40.5894430982,0.0841572775346344,99.8440276369,101.901785358738,True,discovery
QQQ,2008-04-28T00:00:00.000Z,40.666920296,0.0805123513249175,99.8654833737,101.85710690639252,True,discovery
QQQ,2008-04-29T00:00:00.000Z,40.9768290874,0.0440886159241904,99.4721129412,101.808840729357,True,discovery
QQQ,2008-04-30T00:00:00.000Z,40.6410945634,0.0378105078046315,98.8856315798,101.757712631255,True,discovery
QQQ,2008-05-01T00:00:00.000Z,41.9237726168,0.0682167141931127,100.9311466713,101.7170940022425,True,discovery
QQQ,2008-05-02T00:00:00.000Z,41.9840326596,0.0634539904066007,101.2100805474,101.67885664213352,True,discovery
QQQ,2008-05-05T00:00:00.000Z,41.863512574,0.0627185314684837,100.7237393084,101.63607340530253,True,discovery
QQQ,2008-05-06T00:00:00.000Z,42.1217699002,0.0775159656473605,101.5963024053,101.60318503284648,True,discovery
QQQ,2008-05-07T00:00:00.000Z,41.3556064992,0.0699331848561604,99.7868090011,101.5595931061605,True,discovery
QQQ,2008-05-08T00:00:00.000Z,41.6655152906,0.0628019323681601,99.529331577,101.524121750073,True,discovery
QQQ,2008-05-09T00:00:00.000Z,41.5019523173,0.0887533875318136,99.3433685075,101.486628275169,True,discovery
QQQ,2008-05-12T00:00:00.000Z,42.2595071408,0.1136569872950126,100.4591133097,101.467363174196,True,discovery
QQQ,2008-05-13T00:00:00.000Z,42.3714186488,0.1150883552332864,100.4734097437,101.45842319048398,True,discovery
QQQ,2008-05-14T00:00:00.000Z,42.2767242959,0.0824333259855452,100.6808278348,101.44252175129098,True,discovery
QQQ,2008-05-15T00:00:00.000Z,43.0170619643,0.1038215153520385,101.9396027765,101.438763347534,True,discovery
QQQ,2008-05-16T00:00:00.000Z,43.0514101887,0.07064654249832,102.0325843113,101.4329681362,True,discovery
QQQ,2008-05-19T00:00:00.000Z,42.741587483,0.0554846938781496,102.3115174722,101.42444495356202,True,discovery
QQQ,2008-05-20T00:00:00.000Z,42.4144615365,0.0632283124720436,101.4818651337,101.425163132578,True,discovery
QQQ,2008-05-21T00:00:00.000Z,41.4761265847,0.0283884738517874,99.7653532643,101.408806904787,True,discovery
QQQ,2008-05-22T00:00:00.000Z,41.6224724029,0.0228474719707183,99.7796504135,101.38702538491002,True,discovery
QQQ,2008-05-23T00:00:00.000Z,41.4933437398,0.0222693531274411,98.4422010992,101.3512980459515,True,discovery
QQQ,2008-05-27T00:00:00.000Z,42.2250728307,0.0383149873007044,99.1717240435,101.334863037739,True,discovery
QQQ,2008-05-28T00:00:00.000Z,42.3972443814,0.0346638655463158,99.6294609712,101.32311272194652,True,discovery
QQQ,2008-05-29T00:00:00.000Z,42.7760217932,0.052531243381487,100.1301093724,101.31203342411852,True,discovery
QQQ,2008-05-30T00:00:00.000Z,43.0514962744,0.0268993839821582,100.3804389371,101.3100281303645,True,discovery
QQQ,2008-06-02T00:00:00.000Z,42.5263730445,0.0129177773201829,99.3433685075,101.309778948659,True,discovery
QQQ,2008-06-03T00:00:00.000Z,42.293941451,0.0102817191041759,98.7640457337,101.30289811003,True,discovery
QQQ,2008-06-04T00:00:00.000Z,42.836281836,0.0169630083800587,98.7139864007,101.286570421385,True,discovery
QQQ,2008-06-05T00:00:00.000Z,43.5163594616,0.0522481265615533,100.6879764094,101.280359361734,True,discovery
QQQ,2008-06-06T00:00:00.000Z,42.2078556756,0.013016528926077,97.4766564675,101.257069884645,True,discovery
QQQ,2008-06-09T00:00:00.000Z,41.9840326596,0.0116158473368743,97.71267887,101.228899954473,True,discovery
QQQ,2008-06-10T00:00:00.000Z,41.7860353761,-0.0112039111843516,97.226337631,101.1987563485705,True,discovery
QQQ,2008-06-11T00:00:00.000Z,40.7874403816,-0.0373831775690347,95.7959074971,101.1550829150655,True,discovery
QQQ,2008-06-12T00:00:00.000Z,40.8218746917,-0.0344125432712649,96.1606636052,101.118095823306,True,discovery
QQQ,2008-06-13T00:00:00.000Z,41.639689558,-0.032019211526884,97.3765270734,101.0985692056525,True,discovery
QQQ,2008-06-16T00:00:00.000Z,42.0098583922,-0.024193209744692,97.4337457091,101.0693922072535,True,discovery
QQQ,2008-06-17T00:00:00.000Z,41.7860353761,-0.0223564954689635,96.9617116323,101.03922923204748,True,discovery
QQQ,2008-06-18T00:00:00.000Z,41.3383893441,-0.0253704079556444,96.0176227375,100.999271846795,True,discovery
QQQ,2008-06-19T00:00:00.000Z,41.9840326596,0.0122457451243134,96.1392078684,100.95467222841452,True,discovery
QQQ,2008-06-20T00:00:00.000Z,40.8514968071,-0.0185230610122594,94.5866361662,100.9068552044145,True,discovery
QQQ,2008-06-23T00:00:00.000Z,40.5327483081,-0.0231505910375356,94.4931817245,100.857372847938,True,discovery
QQQ,2008-06-24T00:00:00.000Z,40.3259925251,-0.0449751812913218,94.3062836237,100.81421457346752,True,discovery
QQQ,2008-06-25T00:00:00.000Z,40.9807191715,-0.033410784841513,94.7519694056,100.774271380283,True,discovery
QQQ,2008-06-26T00:00:00.000Z,39.3266729068,-0.0806374398974225,92.1784753982,100.715470584853,True,discovery
QQQ,2008-06-27T00:00:00.000Z,39.3266729068,-0.0865201837320325,91.6752806836,100.652814889808,True,discovery
QQQ,2008-06-30T00:00:00.000Z,38.9131613407,-0.0849640222085034,91.9987672619,100.5881120703405,True,discovery
QQQ,2008-07-01T00:00:00.000Z,39.4645100955,-0.0668992120012759,92.2863097688,100.52488223446652,True,discovery
QQQ,2008-07-02T00:00:00.000Z,38.5168794231,-0.1008351385266573,90.7048302937,100.45656382478153,True,discovery
QQQ,2008-07-03T00:00:00.000Z,38.4479608287,-0.1164711086958569,90.7982797035,100.373349839753,True,discovery
QQQ,2008-07-07T00:00:00.000Z,38.6805610847,-0.0835696231054707,89.8709590363,100.282328048452,True,discovery
QQQ,2008-07-08T00:00:00.000Z,39.6023472843,-0.0567283613418064,91.4668126895,100.203091001358,True,discovery
QQQ,2008-07-09T00:00:00.000Z,38.5513387203,-0.0774109490571609,89.7056257969,100.11360785419252,True,discovery
QQQ,2008-07-10T00:00:00.000Z,39.0079244079,-0.0436290180764266,90.0722420979,100.026949054034,True,discovery
QQQ,2008-07-11T00:00:00.000Z,38.3876570587,-0.0596302264749966,89.0227121632,99.93610468879648,True,discovery
QQQ,2008-07-14T00:00:00.000Z,38.1033678569,-0.0849267066742717,88.2176007636,99.838402558677,True,discovery
QQQ,2008-07-15T00:00:00.000Z,38.1119826812,-0.0927847857664696,86.9739834825,99.731296141472,True,discovery
QQQ,2008-07-16T00:00:00.000Z,39.0596133537,-0.0652472051454636,89.1089766405,99.636670194571,True,discovery
QQQ,2008-07-17T00:00:00.000Z,39.3180580825,-0.0488730038507982,90.0003525175,99.540411899399,True,discovery
QQQ,2008-07-18T00:00:00.000Z,38.4135015316,-0.0850449778597808,90.5610619156,99.4477006277805,True,discovery
QQQ,2008-07-21T00:00:00.000Z,38.5771831932,-0.0556727119360953,90.6113816028,99.35633842041702,True,discovery
QQQ,2008-07-22T00:00:00.000Z,38.5771831932,-0.0482465462256651,91.6393409253,99.269266332786,True,discovery
QQQ,2008-07-23T00:00:00.000Z,39.0854578266,-0.0307626575521446,92.1353456755,99.1781956105855,True,discovery
QQQ,2008-07-24T00:00:00.000Z,38.4996497745,-0.060542358630091,90.2232004404,99.080502573951,True,discovery
QQQ,2008-07-25T00:00:00.000Z,38.9993095836,-0.0083242059142865,90.2016355791,98.97753298132652,True,discovery
QQQ,2008-07-28T00:00:00.000Z,38.2670495185,-0.0269441401974479,88.8789437851,98.868870376141,True,discovery
QQQ,2008-07-29T00:00:00.000Z,39.0596133537,0.003763559884476,90.7767148422,98.7723518111755,True,discovery
QQQ,2008-07-30T00:00:00.000Z,39.2577543125,-0.0052390307772648,92.3941333567,98.68087572318449,True,discovery
QQQ,2008-07-31T00:00:00.000Z,39.1629912452,0.016774770744083,91.1720859689,98.5879625485205,True,discovery
QQQ,2008-08-01T00:00:00.000Z,38.6633314361,0.0056016132652538,90.6904561157,98.4969957137215,True,discovery
QQQ,2008-08-04T00:00:00.000Z,38.2756643428,-0.0104677060142274,89.849394175,98.40015964978652,True,discovery
QQQ,2008-08-05T00:00:00.000Z,39.5678879871,-0.0008701326957369,92.27192984,98.31741879518049,True,discovery
QQQ,2008-08-06T00:00:00.000Z,40.1709256877,0.0420111731826102,92.6816701128,98.250958447347,True,discovery
QQQ,2008-08-07T00:00:00.000Z,39.8607920131,0.0218639575969665,91.3014794501,98.1745171493775,True,discovery
QQQ,2008-08-08T00:00:00.000Z,40.7653485641,0.0619389587065495,92.9979667267,98.102239179884,True,discovery
QQQ,2008-08-11T00:00:00.000Z,41.1357860088,0.0795839927664259,93.9612379349,98.03576883193352,True,discovery
QQQ,2008-08-12T00:00:00.000Z,41.1788601303,0.0804701627504895,92.9835975806,97.963135793443,True,discovery
QQQ,2008-08-13T00:00:00.000Z,41.0927118873,0.0520511689450047,92.4228932144,97.881397597751,True,discovery
QQQ,2008-08-14T00:00:00.000Z,41.5665272235,0.0571866783522752,93.1201702434,97.8013402260465,True,discovery
QQQ,2008-08-15T00:00:00.000Z,41.4889938049,0.0800627943477116,93.5730510217,97.72733534685447,True,discovery
QQQ,2008-08-18T00:00:00.000Z,41.0065636444,0.0629745422062912,92.2934939824,97.64130370456652,True,discovery
QQQ,2008-08-19T00:00:00.000Z,40.498289011,0.0497990174186337,91.2870995212,97.563055764887,True,discovery
QQQ,2008-08-20T00:00:00.000Z,40.5672076053,0.0379105135540098,91.7112254738,97.48632662013298,True,discovery
QQQ,2008-08-21T00:00:00.000Z,40.3776814708,0.0487804878044346,91.8693737807,97.41445947923752,True,discovery
QQQ,2008-08-22T00:00:00.000Z,40.9118005771,0.0490390987409747,93.1992447563,97.34209038096952,True,discovery
QQQ,2008-08-25T00:00:00.000Z,40.0503181476,0.0466006303474713,91.3086643826,97.2749958172225,True,discovery
QQQ,2008-08-26T00:00:00.000Z,39.9986292018,0.0240405822658007,91.5746413093,97.211886323043,True,discovery
QQQ,2008-08-27T00:00:00.000Z,40.2570739307,0.0254553434270643,92.4660229371,97.1603850527935,True,discovery
QQQ,2008-08-28T00:00:00.000Z,40.5844372539,0.0362956445231752,93.5874309506,97.11958878476553,True,discovery
QQQ,2008-08-29T00:00:00.000Z,39.7315696487,0.0276292335120036,92.5810307386,97.0582542179605,True,discovery
QQQ,2008-09-02T00:00:00.000Z,39.2405246639,0.0252081926641072,92.0059521943,96.9954957736925,True,discovery
QQQ,2008-09-03T00:00:00.000Z,38.8700872192,-0.0176355323318621,91.9268776814,96.93988269977451,True,discovery
QQQ,2008-09-04T00:00:00.000Z,37.6123228721,-0.0636929015649599,89.1592963277,96.869546657443,True,discovery
QQQ,2008-09-05T00:00:00.000Z,37.4314115619,-0.060946617678886,89.4396481513,96.80779906770452,True,discovery
QQQ,2008-09-08T00:00:00.000Z,37.3108040218,-0.084742180895817,91.2870995212,96.752173303665,True,discovery
QQQ,2008-09-09T00:00:00.000Z,36.5699291324,-0.1109947643986489,88.5770271001,96.6934763286355,True,discovery
QQQ,2008-09-10T00:00:00.000Z,36.8714479827,-0.1046025104621715,88.9364534367,96.62790283868748,True,discovery
QQQ,2008-09-11T00:00:00.000Z,37.5606339263,-0.0859538784076116,90.2232004404,96.580021096201,True,discovery
QQQ,2008-09-12T00:00:00.000Z,37.4141819133,-0.0998963730569351,90.6401306777,96.52848877004052,True,discovery
QQQ,2008-09-15T00:00:00.000Z,36.2511806335,-0.1262458471764961,86.327014639,96.439247346367,True,discovery
QQQ,2008-09-16T00:00:00.000Z,36.5354698352,-0.1090336134471632,87.7719099497,96.357053429401,True,discovery
QQQ,2008-09-17T00:00:00.000Z,34.6402084903,-0.1446500744539812,83.8254109308,96.2498874134605,True,discovery
QQQ,2008-09-18T00:00:00.000Z,35.8118245945,-0.1172223401982126,86.312640461,96.1586270257615,True,discovery
QQQ,2008-09-19T00:00:00.000Z,36.9817780375,-0.0841034777035383,89.7206656326,96.0890798610825,True,discovery
QQQ,2008-09-22T00:00:00.000Z,35.2404448991,-0.1386239568535268,87.6894417127,96.0007029833065,True,discovery
QQQ,2008-09-23T00:00:00.000Z,34.9732106056,-0.1267682199998764,85.6943677314,95.89480999624948,True,discovery
QQQ,2008-09-24T00:00:00.000Z,35.2145835159,-0.1196052410137272,85.9690501593,95.790396621649,True,discovery
QQQ,2008-09-25T00:00:00.000Z,35.7749134862,-0.1113384557510502,87.3135596966,95.688563713318,True,discovery
QQQ,2008-09-26T00:00:00.000Z,35.4128541207,-0.1274277403637778,87.3569287801,95.60171047155848,True,discovery
QQQ,2008-09-29T00:00:00.000Z,32.6025838083,-0.1794287490636117,80.511498771,95.4754613516105,True,discovery
QQQ,2008-09-30T00:00:00.000Z,33.5422140662,-0.1452149441554805,83.8438573618,95.366971490435,True,discovery
QQQ,2008-10-01T00:00:00.000Z,33.1887751619,-0.1461615464164356,83.8944571559,95.26542569426452,True,discovery
QQQ,2008-10-02T00:00:00.000Z,31.6801944727,-0.1577176825683458,80.8512409685,95.1560983031105,True,discovery
QQQ,2008-10-03T00:00:00.000Z,31.1888281911,-0.166773923566219,79.7597296788,95.0384457628595,True,discovery
QQQ,2008-10-06T00:00:00.000Z,30.0509273284,-0.1945784038628112,75.6972926818,94.9004810376235,True,discovery
QQQ,2008-10-07T00:00:00.000Z,28.1458054295,-0.2303565771867041,72.3071050321,94.742308354367,True,discovery
QQQ,2008-10-08T00:00:00.000Z,27.9216734414,-0.2427291313728501,70.4855146134,94.5675740413865,True,discovery
QQQ,2008-10-09T00:00:00.000Z,27.1716933273,-0.2765911943708077,65.5628738884,94.364311900393,True,discovery
QQQ,2008-10-10T00:00:00.000Z,26.9992841057,-0.278367647640525,63.9725968141,94.151959539977,True,discovery
QQQ,2008-10-13T00:00:00.000Z,30.2836797776,-0.1646153518758886,73.2612718549,93.99274107625352,True,discovery
QQQ,2008-10-14T00:00:00.000Z,28.9733696932,-0.2069796878515659,72.176990553,93.829417936294,True,discovery
QQQ,2008-10-15T00:00:00.000Z,26.3786109079,-0.2384973400120678,65.0713330315,93.6344455631235,True,discovery
QQQ,2008-10-16T00:00:00.000Z,27.8096074473,-0.223451813411065,67.7820362863,93.4575819926085,True,discovery
QQQ,2008-10-17T00:00:00.000Z,27.8440892916,-0.2470862470872619,67.3772393793,93.2789435235875,True,discovery
QQQ,2008-10-20T00:00:00.000Z,28.6199307889,-0.1878669275928772,71.4252221837,93.13317864315653,True,discovery
QQQ,2008-10-21T00:00:00.000Z,27.137211483,-0.2240571851114315,69.2928044584,92.977178713291,True,discovery
QQQ,2008-10-22T00:00:00.000Z,26.3872313689,-0.2506731946159266,65.519504082,92.8104262895455,True,discovery
QQQ,2008-10-23T00:00:00.000Z,26.283785836,-0.2653012048194374,66.2785031619,92.6422730765295,True,discovery
QQQ,2008-10-24T00:00:00.000Z,25.43898065,-0.2816455696201547,62.9172304031,92.4540394305605,True,discovery
QQQ,2008-10-27T00:00:00.000Z,24.7321028414,-0.2414066631398804,60.6836080297,92.2586946767255,True,discovery
QQQ,2008-10-28T00:00:00.000Z,27.4647890041,-0.181187355435315,67.7748113586,92.094784501967,True,discovery
QQQ,2008-10-29T00:00:00.000Z,27.3958253154,-0.1745454545472403,67.2832705017,91.939484427808,True,discovery
QQQ,2008-10-30T00:00:00.000Z,28.30959419,-0.1063945578239606,69.6108617527,91.800057263509,True,discovery
QQQ,2008-10-31T00:00:00.000Z,28.3526964954,-0.0909342178014022,69.9939737565,91.6751793337975,True,discovery
QQQ,2008-11-03T00:00:00.000Z,28.2923532678,-0.0585197934620153,70.19637221,91.556188905188,True,discovery
QQQ,2008-11-04T00:00:00.000Z,29.0940561484,0.033690658498837,72.5817932429,91.45389433433851,True,discovery
QQQ,2008-11-05T00:00:00.000Z,27.5768549981,-0.0123494905856441,69.5313470677,91.32517296793152,True,discovery
QQQ,2008-11-06T00:00:00.000Z,26.3441290635,-0.0304568527927749,65.678533452,91.1731660994365,True,discovery
QQQ,2008-11-07T00:00:00.000Z,26.8872181116,-0.004150702428304,67.8470960558,91.03894170486,True,discovery
QQQ,2008-11-10T00:00:00.000Z,26.5251587462,-0.1241104469140528,66.9579824968,90.892442386949,True,discovery
QQQ,2008-11-11T00:00:00.000Z,25.9475878538,-0.1044332044025291,64.8906194812,90.7332218758825,True,discovery
QQQ,2008-11-12T00:00:00.000Z,24.7493437636,-0.0617647058819181,62.0353475546,90.5632837837445,True,discovery
QQQ,2008-11-13T00:00:00.000Z,26.2579244527,-0.0557966522015991,65.9026160858,90.403927471031,True,discovery
QQQ,2008-11-14T00:00:00.000Z,24.9820962127,-0.1027863777093763,62.6136330842,90.22026131777798,True,discovery
QQQ,2008-11-17T00:00:00.000Z,24.4562480868,-0.1454819277101414,61.782349307,90.0387021781125,True,discovery
QQQ,2008-11-18T00:00:00.000Z,24.4303867036,-0.0997458703926039,62.946145294,89.87609391839,True,discovery
QQQ,2008-11-19T00:00:00.000Z,23.1545584636,-0.1225089839895074,58.9126174051,89.69716150718651,True,discovery
QQQ,2008-11-20T00:00:00.000Z,22.033898523,-0.1616923581525715,54.5393473187,89.493231056005,True,discovery
QQQ,2008-11-21T00:00:00.000Z,22.990769703,-0.0962385631988756,57.4813639179,89.3070711875595,True,discovery
QQQ,2008-11-24T00:00:00.000Z,24.3959048592,-0.0135935866171971,61.4642920128,89.1384060150785,True,discovery
QQQ,2008-11-25T00:00:00.000Z,24.2838388652,-0.1158192090398051,61.9196937738,88.96760494819249,True,discovery
QQQ,2008-11-26T00:00:00.000Z,25.3010532727,-0.0764631843933706,64.3123390115,88.8038560286685,True,discovery
QQQ,2008-11-28T00:00:00.000Z,25.1027826679,-0.1132764920817114,65.1219321027,88.6484255981975,True,discovery
QQQ,2008-12-01T00:00:00.000Z,23.2149016911,-0.1812100942544765,59.3535591907,88.4642600629645,True,discovery
QQQ,2008-12-02T00:00:00.000Z,23.9907431884,-0.1520414381470252,61.6377755754,88.290163256008,True,discovery
QQQ,2008-12-03T00:00:00.000Z,24.6717596138,-0.1520000000014848,63.1196288566,88.122052225386,True,discovery
QQQ,2008-12-04T00:00:00.000Z,23.9735022663,-0.1306658330708221,61.6594655385,87.95066181574099,True,discovery
QQQ,2008-12-05T00:00:00.000Z,24.9476143684,-0.0530104712034257,63.5605699193,87.78582313467699,True,discovery
QQQ,2008-12-08T00:00:00.000Z,25.9303469316,-0.0355883295932045,65.7797323173,87.62599472935199,True,discovery
QQQ,2008-12-09T00:00:00.000Z,25.8700037041,-0.0246993825133603,64.6954510154,87.45707937915851,True,discovery
QQQ,2008-12-10T00:00:00.000Z,25.7837990933,-0.0063122923573034,65.136392801,87.2908669668915,True,discovery
QQQ,2008-12-11T00:00:00.000Z,25.0769212846,0.0132358063360769,63.5677999071,87.12161596256499,True,discovery
QQQ,2008-12-12T00:00:00.000Z,25.5855284884,-0.0256073539061026,64.326793927,86.96701416024399,True,discovery
QQQ,2008-12-15T00:00:00.000Z,25.1372645122,0.0062111801259143,63.4304561631,86.80906950315449,True,discovery
QQQ,2008-12-16T00:00:00.000Z,26.3441290635,0.0771942192440779,66.4158418459,86.66786673375151,True,discovery
QQQ,2008-12-17T00:00:00.000Z,26.0251720035,0.0652787579357061,65.7725023296,86.52045790345201,True,discovery
QQQ,2008-12-18T00:00:00.000Z,25.5682875662,0.1042442293336962,64.543652356,86.37676265413349,True,discovery
QQQ,2008-12-19T00:00:00.000Z,25.7781613117,0.1699319248834501,64.2684913985,86.236495919056,True,discovery
QQQ,2008-12-22T00:00:00.000Z,25.2170158043,0.0968321691730704,63.4450006319,86.09819726639651,True,discovery
QQQ,2008-12-23T00:00:00.000Z,25.0875206872,0.028349669011731,62.7891297244,85.940248856466,True,discovery
QQQ,2008-12-24T00:00:00.000Z,25.1565847496,0.0359393705931185,63.15350488,85.78853522552299,True,discovery
QQQ,2008-12-26T00:00:00.000Z,25.1479517418,-0.006051191989908,63.5178800356,85.6376114494865,True,discovery
QQQ,2008-12-29T00:00:00.000Z,24.9407595544,-0.0064543885689289,63.3356924578,85.4930366189145,True,discovery
QQQ,2008-12-30T00:00:00.000Z,25.4587400229,0.0966550865326398,64.8369159125,85.36062989841349,True,discovery
QQQ,2008-12-31T00:00:00.000Z,25.674565218,0.0701863221317029,65.7624266214,85.2138824346085,True,discovery
QQQ,2009-01-02T00:00:00.000Z,26.7882232251,0.0857848667638676,67.7446281965,85.08882552859899,True,discovery
QQQ,2009-01-05T00:00:00.000Z,26.7795902173,0.1170495624639946,67.6644649335,84.9548198159035,True,discovery
QQQ,2009-01-06T00:00:00.000Z,27.0472134594,0.0841603152908867,68.1162923127,84.8136324047965,True,discovery
QQQ,2009-01-07T00:00:00.000Z,26.2788757645,0.0134409629697342,66.0757892552,84.66177757072799,True,discovery
QQQ,2009-01-08T00:00:00.000Z,26.5551320144,0.0264835025976983,66.3454290566,84.51717149215351,True,discovery
QQQ,2009-01-09T00:00:00.000Z,25.9594544757,0.0068126260899095,64.9243623061,84.366962024315,True,discovery
QQQ,2009-01-12T00:00:00.000Z,25.4846390463,0.0162586849108301,63.364837369,84.21349656177051,True,discovery
QQQ,2009-01-13T00:00:00.000Z,25.4932720541,-0.003605805302862,63.4814403337,84.05896909793898,True,discovery
QQQ,2009-01-14T00:00:00.000Z,24.7163013515,-0.0167465779936274,61.4846659387,83.877864772579,True,discovery
QQQ,2009-01-15T00:00:00.000Z,25.1211894176,-0.0464217147946784,61.5065277193,83.6965479236465,True,discovery
QQQ,2009-01-16T00:00:00.000Z,25.3983089682,-0.0240867970138947,61.9875000096,83.516420084856,True,discovery
QQQ,2009-01-20T00:00:00.000Z,24.1378898284,-0.0559442134752471,58.71541257,83.32046819871101,True,discovery
QQQ,2009-01-21T00:00:00.000Z,25.1652177574,-0.0237776289351483,61.2514658391,83.13694622502949,True,discovery
QQQ,2009-01-22T00:00:00.000Z,24.828530453,-0.0154056829846518,60.3040882483,82.949188013941,True,discovery
QQQ,2009-01-23T00:00:00.000Z,24.9493925623,-0.0055058499650973,60.5664390891,82.766281889518,True,discovery
QQQ,2009-01-26T00:00:00.000Z,25.1306857262,-0.0010295126964884,60.9818260377,82.5847732383725,True,discovery
QQQ,2009-01-27T00:00:00.000Z,25.3119788901,0.0065224854089154,61.6012630735,82.4158026077135,True,discovery
QQQ,2009-01-28T00:00:00.000Z,26.2011786943,0.0505365178294114,63.6854889634,82.2588623833175,True,discovery
QQQ,2009-01-29T00:00:00.000Z,25.5364370931,0.0030518819914149,61.6158409947,82.0904652928115,True,discovery
QQQ,2009-01-30T00:00:00.000Z,25.0875206872,-0.022864828510842,60.3623897307,81.90289131045101,True,discovery
QQQ,2009-02-02T00:00:00.000Z,25.3896759604,-0.0522075410880401,60.1802021529,81.713691185863,True,discovery
QQQ,2009-02-03T00:00:00.000Z,25.7867943195,-0.037072856221625,61.0255495989,81.52360403580849,True,discovery
QQQ,2009-02-04T00:00:00.000Z,25.8213263508,-0.0453239706352802,60.7267648863,81.331772611885,True,discovery
QQQ,2009-02-05T00:00:00.000Z,26.391104866,0.0042706964523804,61.6304138147,81.146640842134,True,discovery
QQQ,2009-02-06T00:00:00.000Z,27.0817454906,0.0198309492837178,63.3867042508,80.97107726471299,True,discovery
QQQ,2009-02-09T00:00:00.000Z,27.1939745921,0.0475557033586973,63.4741506444,80.793805252603,True,discovery
QQQ,2009-02-10T00:00:00.000Z,26.1925456865,0.0277777777787588,60.5664390891,80.597417309864,True,discovery
QQQ,2009-02-11T00:00:00.000Z,26.0716835772,0.0226887910611293,60.9235245553,80.402707515772,True,discovery
QQQ,2009-02-12T00:00:00.000Z,26.391104866,0.0677610897634712,60.9672539465,80.2101832207985,True,discovery
QQQ,2009-02-13T00:00:00.000Z,26.2702427567,0.0457404034498052,60.311377209,80.0173119489445,True,discovery
QQQ,2009-02-17T00:00:00.000Z,25.2256488121,-0.0067980965313941,57.7316003787,79.80131421748149,True,discovery
QQQ,2009-02-18T00:00:00.000Z,25.2429148277,0.0457796852647764,57.5931363621,79.583229496555,True,discovery
QQQ,2009-02-19T00:00:00.000Z,24.8544294764,-0.0123499142346428,56.9736993264,79.364479296645,True,discovery
QQQ,2009-02-20T00:00:00.000Z,24.9234935388,0.003824756603286,56.4198476324,79.1385970227805,True,discovery
QQQ,2009-02-23T00:00:00.000Z,24.0515597503,-0.035986159172335,54.4012121855,78.9116690387025,True,discovery
QQQ,2009-02-24T00:00:00.000Z,24.8457964686,-0.01133631054496,56.4635762948,78.6963402622915,True,discovery
QQQ,2009-02-25T00:00:00.000Z,24.6817693202,-0.0248976807635726,56.019038605,78.47971861277901,True,discovery
QQQ,2009-02-26T00:00:00.000Z,23.9911286957,-0.0843492586492222,55.108100716,78.2529635498105,True,discovery
QQQ,2009-02-27T00:00:00.000Z,23.7666704927,-0.0693035835010121,53.8765105039,78.0199790536115,True,discovery
QQQ,2009-03-02T00:00:00.000Z,22.9983327979,-0.0832759807295717,51.4497705103,77.773823766989,True,discovery
QQQ,2009-03-03T00:00:00.000Z,22.9810667823,-0.0948656919393804,51.0635343029,77.51944342462099,True,discovery
QQQ,2009-03-04T00:00:00.000Z,23.5940103366,-0.0850351523237541,52.2732620056,77.2706468130925,True,discovery
QQQ,2009-03-05T00:00:00.000Z,22.8861036964,-0.1136743564030381,50.1380235939,77.009779343701,True,discovery
QQQ,2009-03-06T00:00:00.000Z,22.7048105324,-0.1396794242725737,50.2254699875,76.75349736797,True,discovery
QQQ,2009-03-09T00:00:00.000Z,22.2213620952,-0.1794708320070073,49.6351844217,76.502846523757,True,discovery
QQQ,2009-03-10T00:00:00.000Z,23.5940103366,-0.1323809523800102,52.5939084988,76.2669178141835,True,discovery
QQQ,2009-03-11T00:00:00.000Z,23.9565966644,-0.0853658536616561,52.9364218738,76.0393889180565,True,discovery
QQQ,2009-03-12T00:00:00.000Z,24.7508333827,-0.0506622516566248,55.0206484924,75.818633540301,True,discovery
QQQ,2009-03-13T00:00:00.000Z,24.8112644373,-0.0598626104030728,55.450608261,75.59773927675,True,discovery
QQQ,2009-03-16T00:00:00.000Z,24.3968800626,-0.0713112060459438,55.2829993332,75.373503726554,True,discovery
QQQ,2009-03-17T00:00:00.000Z,25.320611898,0.0037645448332115,56.9736993264,75.1564700285005,True,discovery
QQQ,2009-03-18T00:00:00.000Z,25.6400331868,0.0157318741441152,58.2490123709,74.95099824781751,True,discovery
QQQ,2009-03-19T00:00:00.000Z,25.6227671712,0.0309135116350007,57.5275510203,74.7448157742505,True,discovery
QQQ,2009-03-20T00:00:00.000Z,25.233314923,0.0124308971259459,56.3115779274,74.532803731884,True,discovery
QQQ,2009-03-23T00:00:00.000Z,26.7206796135,0.1109749176731336,60.356381878,74.331145759227,True,discovery
QQQ,2009-03-24T00:00:00.000Z,26.227773873,0.0556221816493802,59.1671637008,74.1395982953935,True,discovery
QQQ,2009-03-25T00:00:00.000Z,26.3488384409,0.0675425290250824,59.7911343116,73.94999057260151,True,discovery
QQQ,2009-03-26T00:00:00.000Z,27.1617005391,0.1321560099824845,61.0097165802,73.7689074673475,True,discovery
QQQ,2009-03-27T00:00:00.000Z,26.6514998604,0.1213813002787278,59.9085906775,73.5894708832495,True,discovery
QQQ,2009-03-30T00:00:00.000Z,25.9942922065,0.1302685475041722,57.8384739806,73.3978599351265,True,discovery
QQQ,2009-03-31T00:00:00.000Z,26.2191264039,0.140901188455444,58.3743523169,73.202849061344,True,discovery
QQQ,2009-04-01T00:00:00.000Z,26.6082625148,0.1277549740462802,59.504842311,73.0132045443535,True,discovery
QQQ,2009-04-02T00:00:00.000Z,27.4643619587,0.2000453341920391,61.2446227053,72.83461909971851,True,discovery
QQQ,2009-04-03T00:00:00.000Z,27.9745626374,0.2320984840406401,61.8539138396,72.663800555229,True,discovery
QQQ,2009-04-06T00:00:00.000Z,27.9053828844,0.2557908360814569,61.3694155061,72.4899515934175,True,discovery
QQQ,2009-04-07T00:00:00.000Z,27.1703480083,0.1515782022928182,59.937954769,72.3167081864315,True,discovery
QQQ,2009-04-08T00:00:00.000Z,27.6286638722,0.1532800029670646,60.5839464297,72.1471620099575,True,discovery
QQQ,2009-04-09T00:00:00.000Z,28.4847633161,0.1508607761066296,62.9917410027,71.99058929685249,True,discovery
QQQ,2009-04-13T00:00:00.000Z,28.4415259705,0.1463150555012604,63.0064256177,71.831861577913,True,discovery
QQQ,2009-04-14T00:00:00.000Z,28.0956272052,0.151607383120685,61.9199784575,71.6805690932095,True,discovery
QQQ,2009-04-15T00:00:00.000Z,28.0177999831,0.1065214417394488,62.5806554672,71.5350959671275,True,discovery
QQQ,2009-04-16T00:00:00.000Z,28.74418739,0.1210666998979579,63.4982603861,71.39259343274851,True,discovery
QQQ,2009-04-17T00:00:00.000Z,28.8047196739,0.1241845769990259,63.9240305366,71.2507820365875,True,discovery
QQQ,2009-04-20T00:00:00.000Z,27.879440477,0.1048663468147055,61.2446227053,71.1034809986455,True,discovery
QQQ,2009-04-21T00:00:00.000Z,28.2685765878,0.0579288025862172,62.4411780514,70.961695490385,True,discovery
QQQ,2009-04-22T00:00:00.000Z,28.3550512791,0.0811078140447867,62.0594566074,70.8226379782405,True,discovery
QQQ,2009-04-23T00:00:00.000Z,28.6317702913,0.0866425992751285,62.6687477417,70.6786476535015,True,discovery
QQQ,2009-04-24T00:00:00.000Z,29.1333235009,0.0725883476611413,63.615716752,70.548198108277,True,discovery
QQQ,2009-04-27T00:00:00.000Z,29.1679133774,0.0944192083065089,63.0137620526,70.41290570805049,True,discovery
QQQ,2009-04-28T00:00:00.000Z,28.9517266492,0.1137724550915251,62.8155623265,70.281869958867,True,discovery
QQQ,2009-04-29T00:00:00.000Z,29.3495102292,0.1193931398429188,64.1515943543,70.16153992682051,True,discovery
QQQ,2009-04-30T00:00:00.000Z,29.6435241796,0.1140721481950102,64.1736161382,70.047538090099,True,discovery
QQQ,2009-05-01T00:00:00.000Z,29.7213514018,0.0821788413105677,64.5186363218,69.92458638850549,True,discovery
QQQ,2009-05-04T00:00:00.000Z,30.3093793027,0.0834621329228044,66.7135458196,69.808152355016,True,discovery
QQQ,2009-05-05T00:00:00.000Z,30.2834368953,0.0852184691660118,66.485982002,69.687776955448,True,discovery
QQQ,2009-05-06T00:00:00.000Z,30.2920843644,0.1148949713543003,67.638493046,69.572912512664,True,discovery
QQQ,2009-05-07T00:00:00.000Z,29.5829918957,0.0707355242562579,66.6988670772,69.4482101434235,True,discovery
QQQ,2009-05-08T00:00:00.000Z,29.6002868339,0.0391621129310733,68.2551264878,69.328809047485,True,discovery
QQQ,2009-05-11T00:00:00.000Z,29.7040564635,0.0443903922141701,66.9778167703,69.2125821291345,True,discovery
QQQ,2009-05-12T00:00:00.000Z,29.34086276,0.0443213296398496,66.7796163101,69.0954720327895,True,discovery
QQQ,2009-05-13T00:00:00.000Z,28.5539430691,0.0191358024656966,65.0985633646,68.976570130687,True,discovery
QQQ,2009-05-14T00:00:00.000Z,28.873899427,0.0045126353805058,65.6564686235,68.85096889959351,True,discovery
QQQ,2009-05-15T00:00:00.000Z,28.8566044887,0.0018012608831952,65.1205851486,68.71460115855301,True,discovery
QQQ,2009-05-18T00:00:00.000Z,29.6089343031,0.0620347394534979,66.9704796014,68.59359312671549,True,discovery
QQQ,2009-05-19T00:00:00.000Z,29.7472938092,0.0523095747961421,66.8897303685,68.47458949797951,True,discovery
QQQ,2009-05-20T00:00:00.000Z,29.6435241796,0.0454406831367542,66.441938434,68.35755221927451,True,discovery
QQQ,2009-05-21T00:00:00.000Z,29.0987336244,0.0163092721249544,65.4876271161,68.223630705655,True,discovery
QQQ,2009-05-22T00:00:00.000Z,29.0036114639,-0.0044523597520891,65.3481497003,68.08696310359251,True,discovery
QQQ,2009-05-26T00:00:00.000Z,30.0845451053,0.0314260302421984,67.0218654768,67.965565033726,True,discovery
QQQ,2009-05-27T00:00:00.000Z,29.8770058461,0.0319593787310632,65.8253049922,67.8297017250535,True,discovery
QQQ,2009-05-28T00:00:00.000Z,30.2229046113,0.0297583971684491,66.7429099111,67.6936100849345,True,discovery
QQQ,2009-05-29T00:00:00.000Z,30.594745784,0.0320886814481595,67.9247857807,67.568316025935,True,discovery
QQQ,2009-06-01T00:00:00.000Z,31.4681401662,0.0587721850458728,69.5691323271,67.4540472214985,True,discovery
QQQ,2009-06-02T00:00:00.000Z,31.5113775118,0.0396576319526584,69.627859776,67.33658566916151,True,discovery
QQQ,2009-06-03T00:00:00.000Z,31.4162553514,0.0374071958878556,68.7469619902,67.212455224004,True,discovery
QQQ,2009-06-04T00:00:00.000Z,31.7708015857,0.0488153011694969,69.3929536509,67.0979525223465,True,discovery
QQQ,2009-06-05T00:00:00.000Z,31.8053914622,0.0751242326785424,69.4076382659,66.98855521607,True,discovery
QQQ,2009-06-08T00:00:00.000Z,31.7102693018,0.0712825007318349,69.1213462653,66.8756058200275,True,discovery
QQQ,2009-06-09T00:00:00.000Z,31.9523984375,0.0756914119377176,69.4737028837,66.7636274655425,True,discovery
QQQ,2009-06-10T00:00:00.000Z,31.8399813388,0.0851753610397243,69.2975249416,66.644118866469,True,discovery
QQQ,2009-06-11T00:00:00.000Z,31.8399813388,0.1150817686281664,69.6058387261,66.53560473818649,True,discovery
QQQ,2009-06-12T00:00:00.000Z,31.6929743635,0.0976340221599538,69.7967020174,66.426715041727,True,discovery
QQQ,2009-06-15T00:00:00.000Z,31.0444141788,0.0758166017403998,68.1963990389,66.305366922236,True,discovery
QQQ,2009-06-16T00:00:00.000Z,30.7417527592,0.0382593457941982,67.2714510784,66.17378702287499,True,discovery
QQQ,2009-06-17T00:00:00.000Z,31.0349019627,0.0432848837194657,67.2053864606,66.046908801485,True,discovery
QQQ,2009-06-18T00:00:00.000Z,30.9752344257,0.0449241540253992,67.697221229,65.9253651466585,True,discovery
QQQ,2009-06-19T00:00:00.000Z,31.3072453555,0.0758971768189977,67.945481075,65.8054581636265,True,discovery
QQQ,2009-06-22T00:00:00.000Z,30.3721838239,0.0471862740853297,65.9080010487,65.6892016872315,True,discovery
QQQ,2009-06-23T00:00:00.000Z,30.3029200067,0.0072587071081067,65.9596754911,65.5718018239305,True,discovery
QQQ,2009-06-24T00:00:00.000Z,30.8137406583,0.0313530350740374,66.5281061689,65.44800685716899,True,discovery
QQQ,2009-06-25T00:00:00.000Z,31.4197990584,0.0396022309071013,67.9750104878,65.3449967741075,True,discovery
QQQ,2009-06-26T00:00:00.000Z,31.4890628755,0.0292310679034206,67.7978340107,65.2393036769775,True,discovery
QQQ,2009-06-29T00:00:00.000Z,31.5583266927,0.0028659630351102,68.4327012536,65.1303511810435,True,discovery
QQQ,2009-06-30T00:00:00.000Z,31.4977208527,-0.0004333881974816,67.8790386042,65.01654572067599,True,discovery
QQQ,2009-07-01T00:00:00.000Z,31.515036807,0.003144278479249,68.1595647043,64.9257084710025,True,discovery
QQQ,2009-07-02T00:00:00.000Z,30.8223986354,-0.0298514013800292,66.2992552494,64.818345197501,True,discovery
QQQ,2009-07-06T00:00:00.000Z,30.6578970696,-0.0360786124567519,66.2918767718,64.730677526706,True,discovery
QQQ,2009-07-07T00:00:00.000Z,29.8959950809,-0.0572140906036712,65.0073757341,64.6241512030715,True,discovery
QQQ,2009-07-08T00:00:00.000Z,30.0518386695,-0.0594809736025783,64.9630841985,64.50036329590101,True,discovery
QQQ,2009-07-09T00:00:00.000Z,30.1037865324,-0.0545287633157084,65.0885795893,64.387358985284,True,discovery
QQQ,2009-07-10T00:00:00.000Z,30.2336561896,-0.050449940033179,64.9335547857,64.2835549205555,True,discovery
QQQ,2009-07-13T00:00:00.000Z,30.8137406583,-0.0277422275080811,66.5133381405,64.18627636046149,True,discovery
QQQ,2009-07-14T00:00:00.000Z,30.9262943611,-0.0038048654105595,66.8898309567,64.084157716762,True,discovery
QQQ,2009-07-15T00:00:00.000Z,31.9652516185,0.0397992550679742,68.8461063896,63.9916036048095,True,discovery
QQQ,2009-07-16T00:00:00.000Z,32.0431734128,0.0324883078835505,68.7353731215,63.932722976562,True,discovery
QQQ,2009-07-17T00:00:00.000Z,32.5193621558,0.04985039689704,69.4883513718,63.86094544661201,True,discovery
QQQ,2009-07-20T00:00:00.000Z,32.831049333,0.0486725663723175,70.2265682377,63.792606002021,True,discovery
QQQ,2009-07-21T00:00:00.000Z,33.0561567388,0.0883694412776459,70.5513858733,63.741106726545006,True,discovery
QQQ,2009-07-22T00:00:00.000Z,33.3332120074,0.1000000000009899,70.5366237507,63.6949911969045,True,discovery
QQQ,2009-07-23T00:00:00.000Z,34.0691400647,0.1056476538340414,72.0942620759,63.676976043875,True,discovery
QQQ,2009-07-24T00:00:00.000Z,33.8094007503,0.0760540093671016,72.389544393,63.67738824067951,True,discovery
QQQ,2009-07-27T00:00:00.000Z,34.0691400647,0.0819356612612127,72.6036272841,63.687978804033,True,discovery
QQQ,2009-07-28T00:00:00.000Z,33.8353746818,0.0721536351173752,72.264048264,63.721484675911,True,discovery
QQQ,2009-07-29T00:00:00.000Z,34.0604820875,0.0813633864743683,72.0868784308,63.762056083994494,True,discovery
QQQ,2009-07-30T00:00:00.000Z,34.2596155619,0.0870879120880601,72.8398566812,63.75994900812601,True,discovery
QQQ,2009-07-31T00:00:00.000Z,34.1557198361,0.1081460674144818,72.9432070424,63.763780090573,True,discovery
QQQ,2009-08-03T00:00:00.000Z,34.6665404877,0.1307540242893867,74.1465020102,63.8091559354665,True,discovery
QQQ,2009-08-04T00:00:00.000Z,34.6665404877,0.1595713872005488,74.3384383954,63.841937946012,True,discovery
QQQ,2009-08-05T00:00:00.000Z,34.3981431962,0.1446269086726836,74.1243555043,63.875673526637,True,discovery
QQQ,2009-08-06T00:00:00.000Z,34.0951139961,0.1325855622648739,73.740482734,63.8872498293885,True,discovery
QQQ,2009-08-07T00:00:00.000Z,34.5280128534,0.1420389461621649,74.7075468283,63.914323541238,True,discovery
QQQ,2009-08-10T00:00:00.000Z,34.2855894933,0.1126720989022416,74.5525212865,63.9594886272605,True,discovery
QQQ,2009-08-11T00:00:00.000Z,33.9912182704,0.0991041433387878,73.6223680355,63.99620795162849,True,discovery
QQQ,2009-08-12T00:00:00.000Z,34.5193548762,0.079902491874076,74.412260082,64.053683100023,True,discovery
QQQ,2009-08-13T00:00:00.000Z,34.7098303734,0.0832207511486604,74.9806870687,64.12516849521799,True,discovery
QQQ,2009-08-14T00:00:00.000Z,34.3115634247,0.055111821084115,74.4048779133,64.1583188279915,True,discovery
QQQ,2009-08-17T00:00:00.000Z,33.3158960531,0.01476793248922,72.5741000859,64.1847729759125,True,discovery
QQQ,2009-08-18T00:00:00.000Z,33.7920847961,0.0222629649028798,73.1499092413,64.2024682133555,True,discovery
QQQ,2009-08-19T00:00:00.000Z,34.025850179,0.0207792207797508,73.7921579146,64.221459134146,True,discovery
QQQ,2009-08-20T00:00:00.000Z,34.4241171276,0.0104193138490102,74.5525212865,64.2432398795285,True,discovery
QQQ,2009-08-21T00:00:00.000Z,34.8829899163,0.0317541613330862,76.0141906809,64.2604018667185,True,discovery
QQQ,2009-08-24T00:00:00.000Z,34.8483580077,0.0228716645480397,76.0068085123,64.2927791739415,True,discovery
QQQ,2009-08-25T00:00:00.000Z,34.9522537335,0.0330092118737721,76.1544518855,64.34515876610901,True,discovery
QQQ,2009-08-26T00:00:00.000Z,34.8916478934,0.0244026436198045,76.1618340541,64.3867324561005,True,discovery
QQQ,2009-08-27T00:00:00.000Z,34.9782276649,0.0209754864791642,76.3316239333,64.433600663283,True,discovery
QQQ,2009-08-28T00:00:00.000Z,35.0128595735,0.0250950570362178,76.316859596,64.490731863857,True,discovery
QQQ,2009-08-31T00:00:00.000Z,34.6578825105,-0.0002497502513429,75.6377000793,64.5587436264805,True,discovery
QQQ,2009-09-01T00:00:00.000Z,34.0085342247,-0.0189810189809238,73.9693299624,64.5990771958635,True,discovery
QQQ,2009-09-02T00:00:00.000Z,33.9825602932,-0.0120815504671167,73.6888075534,64.65445306820949,True,discovery
QQQ,2009-09-03T00:00:00.000Z,34.207667699,0.0033011681061654,74.3015275521,64.717048959435,True,discovery
QQQ,2009-09-04T00:00:00.000Z,34.9435957563,0.0120361083235369,75.342413333,64.77903029963,True,discovery
QQQ,2009-09-08T00:00:00.000Z,35.2725988878,0.0287878787877593,75.992044175,64.86442743347949,True,discovery
QQQ,2009-09-09T00:00:00.000Z,35.5756280879,0.0466123280694452,76.575235499,64.974606874381,True,discovery
QQQ,2009-09-10T00:00:00.000Z,35.9132891965,0.040381239026604,77.3577453769,65.073988781676,True,discovery
QQQ,2009-09-11T00:00:00.000Z,35.9479211051,0.0356697430779959,77.3429810396,65.15338222681,True,discovery
QQQ,2009-09-14T00:00:00.000Z,36.0864487394,0.0517284885194799,77.7194716412,65.232381116147,True,discovery
QQQ,2009-09-15T00:00:00.000Z,36.1990024423,0.0865384615381441,78.0442870622,65.3010408564005,True,discovery
QQQ,2009-09-16T00:00:00.000Z,36.7271390481,0.08685626440955,79.2254340476,65.371558366125,True,discovery
QQQ,2009-09-17T00:00:00.000Z,36.718481071,0.0791348600500754,79.107319349,65.47032716691649,True,discovery
QQQ,2009-09-18T00:00:00.000Z,36.7797449173,0.0684295774665297,79.1577617075,65.557927097577,True,discovery
QQQ,2009-09-21T00:00:00.000Z,36.8924067184,0.0576044888044715,78.9574937571,65.6371164220795,True,discovery
QQQ,2009-09-22T00:00:00.000Z,36.9617370575,0.0606450108591354,79.4173683098,65.725905935936,True,discovery
QQQ,2009-09-23T00:00:00.000Z,36.7884112097,0.0525333070136229,78.7572258068,65.80188921537349,True,discovery
QQQ,2009-09-24T00:00:00.000Z,36.4590920987,0.0449231922232167,77.889398022,65.86243754389699,True,discovery
QQQ,2009-09-25T00:00:00.000Z,36.1384392802,0.033169536959251,77.4740274583,65.9263304261115,True,discovery
QQQ,2009-09-28T00:00:00.000Z,36.7537460401,0.0497213448945943,78.8610684477,65.994953804345,True,discovery
QQQ,2009-09-29T00:00:00.000Z,36.5890864846,0.0557219262750665,78.6237138399,66.07023337400899,True,discovery
QQQ,2009-09-30T00:00:00.000Z,36.6150853618,0.0766440305800328,78.3196032486,66.140197420617,True,discovery
QQQ,2009-10-01T00:00:00.000Z,35.5317988126,0.0455892230024235,76.3762623971,66.204926451787,True,discovery
QQQ,2009-10-02T00:00:00.000Z,35.4278033039,0.035668482740075,76.0202304854,66.2529483949845,True,discovery
QQQ,2009-10-05T00:00:00.000Z,35.7137909529,0.0220410973722171,77.155082204,66.30986129435651,True,discovery
QQQ,2009-10-06T00:00:00.000Z,36.3464302976,0.0304437847978198,78.2602645967,66.37844435556,True,discovery
QQQ,2009-10-07T00:00:00.000Z,36.4504258063,0.0245898039027885,78.47536721,66.4494787346175,True,discovery
QQQ,2009-10-08T00:00:00.000Z,36.6064190694,0.0193000944332202,79.076171061,66.527634586763,True,discovery
QQQ,2009-10-09T00:00:00.000Z,36.8144100868,0.0241040081056891,79.5582976082,66.611480426182,True,discovery
QQQ,2009-10-12T00:00:00.000Z,36.8924067184,0.0223340895863779,79.8698255309,66.6950620294365,True,discovery
QQQ,2009-10-13T00:00:00.000Z,36.9010730108,0.0193947490574932,79.7066442381,66.776005850449,True,discovery
QQQ,2009-10-14T00:00:00.000Z,37.4037179696,0.0184217703593496,81.0788505645,66.8647216409825,True,discovery
QQQ,2009-10-15T00:00:00.000Z,37.3170550457,0.0163017084923142,81.3755438243,66.94741478054151,True,discovery
QQQ,2009-10-16T00:00:00.000Z,37.0743988586,0.0080113100828331,80.7673226418,67.0224392606435,True,discovery
QQQ,2009-10-19T00:00:00.000Z,37.4470494316,0.0150340615464206,81.4348824762,67.090890532042,True,discovery
QQQ,2009-10-20T00:00:00.000Z,37.4557157239,0.0133645955446177,81.0046772496,67.1575915936225,True,discovery
QQQ,2009-10-21T00:00:00.000Z,37.3863853848,0.0162544169600433,80.2777787631,67.2183990258745,True,discovery
QQQ,2009-10-22T00:00:00.000Z,37.5337123555,0.0294746850495029,81.0936852275,67.293488505736,True,discovery
QQQ,2009-10-23T00:00:00.000Z,37.3777190924,0.0342925659459509,80.1665187907,67.3625939544065,True,discovery
QQQ,2009-10-26T00:00:00.000Z,37.2563909989,0.0136760198062966,79.2986910059,67.4344655979055,True,discovery
QQQ,2009-10-27T00:00:00.000Z,36.6930819933,0.002842254854976,78.9352417627,67.512317619874,True,discovery
QQQ,2009-10-28T00:00:00.000Z,35.869784216,-0.020355029585089,77.4443581323,67.582132208867,True,discovery
QQQ,2009-10-29T00:00:00.000Z,36.4764246835,0.0265853658544588,79.105840387,67.6702380811085,True,discovery
QQQ,2009-10-30T00:00:00.000Z,35.4971336431,0.0019569471639346,76.8138849553,67.74677486728851,True,discovery
QQQ,2009-11-02T00:00:00.000Z,35.6444606137,-0.0019412763907207,77.3776021488,67.8237253779845,True,discovery
QQQ,2009-11-03T00:00:00.000Z,35.7571224149,-0.0162136385299689,77.6223740882,67.9182601855755,True,discovery
QQQ,2009-11-04T00:00:00.000Z,35.8177864616,-0.0173561578693726,77.8226420385,68.0011160665725,True,discovery
QQQ,2009-11-05T00:00:00.000Z,36.7017482857,0.002604166665941,79.2541870169,68.0958665604155,True,discovery
QQQ,2009-11-06T00:00:00.000Z,36.9184055956,0.0028248587592412,79.4618722988,68.190343726464,True,discovery
QQQ,2009-11-09T00:00:00.000Z,37.7070382034,0.0220812778959662,81.2717011834,68.2917931021925,True,discovery
QQQ,2009-11-10T00:00:00.000Z,37.8023674197,0.0244246124939568,81.2865358464,68.39021946605699,True,discovery
QQQ,2009-11-11T00:00:00.000Z,38.0450236067,0.0171455050971462,81.70190641,68.48030155329,True,discovery
QQQ,2009-11-12T00:00:00.000Z,37.8283662969,0.0137018114257361,80.8711652827,68.57657817473,True,discovery
QQQ,2009-11-13T00:00:00.000Z,38.140352823,0.0287517531562817,81.3087878408,68.6813101652805,True,discovery
QQQ,2009-11-16T00:00:00.000Z,38.5303359807,0.0289284887739609,82.4881435484,68.792849872258,True,discovery
QQQ,2009-11-17T00:00:00.000Z,38.6516640742,0.0319296621940368,82.5845688579,68.90064496855301,True,discovery
QQQ,2009-11-18T00:00:00.000Z,38.4376066521,0.0281177561425178,82.5326475374,69.0096743818085,True,discovery
QQQ,2009-11-19T00:00:00.000Z,37.8370325893,0.0080812745333342,81.4571344707,69.1088079850885,True,discovery
QQQ,2009-11-20T00:00:00.000Z,37.6463741566,0.0071875724555547,81.1678585424,69.1977137565465,True,discovery
QQQ,2009-11-23T00:00:00.000Z,38.2530146241,0.0267504070705457,82.1988676202,69.2913373414255,True,discovery
QQQ,2009-11-24T00:00:00.000Z,38.1230202382,0.0389702409070216,82.3249622556,69.400129957258,True,discovery
QQQ,2009-11-25T00:00:00.000Z,38.2876797937,0.0674075863724175,82.6142381838,69.5085835254005,True,discovery
QQQ,2009-11-27T00:00:00.000Z,37.7070382034,0.0337372297470992,81.2717011834,69.610105761585,True,discovery
QQQ,2009-11-30T00:00:00.000Z,37.7503696653,0.0634765624981099,81.5461424487,69.7162795877835,True,discovery
QQQ,2009-12-01T00:00:00.000Z,38.140352823,0.0700218818387927,82.5548995319,69.8403960835495,True,discovery
QQQ,2009-12-02T00:00:00.000Z,38.1923505774,0.0681047018896923,82.5178128744,69.965019466111,True,discovery
QQQ,2009-12-03T00:00:00.000Z,38.0363573143,0.0619404790711595,81.8725050344,70.089513494651,True,discovery
QQQ,2009-12-04T00:00:00.000Z,38.2356820393,0.0417945690668273,82.3397969186,70.219113241082,True,discovery
QQQ,2009-12-07T00:00:00.000Z,38.0536898991,0.0307511737081978,82.2137022831,70.35817569157,True,discovery
QQQ,2009-12-08T00:00:00.000Z,37.8214332629,0.0030337853342636,81.3013705093,70.4823646626425,True,discovery
QQQ,2009-12-09T00:00:00.000Z,38.2010168698,0.0105456212748267,81.6054811006,70.6102968751205,True,discovery
QQQ,2009-12-10T00:00:00.000Z,38.3916753024,0.0091116173112049,82.0653556533,70.745083149807,True,discovery
QQQ,2009-12-11T00:00:00.000Z,38.2443483317,0.0109965635717683,82.4139702335,70.887770448455,True,discovery
QQQ,2009-12-14T00:00:00.000Z,38.6083326123,0.0122699386518991,82.9776874271,71.04541003303899,True,discovery
QQQ,2009-12-15T00:00:00.000Z,38.3916753024,-0.0035987404410242,82.5919861894,71.2030522924715,True,discovery
QQQ,2009-12-16T00:00:00.000Z,38.4436730568,-0.0053811659182568,82.7180808248,71.3552763865675,True,discovery
QQQ,2009-12-17T00:00:00.000Z,37.9756932675,-0.0120172254422808,81.7241584045,71.5132070606205,True,discovery
QQQ,2009-12-18T00:00:00.000Z,38.5975864097,0.0201007787438138,82.1841738865,71.6730005801155,True,discovery
QQQ,2009-12-21T00:00:00.000Z,39.031657332,0.0367972535585381,83.019363749,71.839921476752,True,discovery
QQQ,2009-12-22T00:00:00.000Z,39.26605563,0.0264826449851032,83.3176458428,71.993540163472,True,discovery
QQQ,2009-12-23T00:00:00.000Z,39.5525424387,0.0374976114580658,83.4817009944,72.146266559075,True,discovery
QQQ,2009-12-24T00:00:00.000Z,39.9171620134,0.0425589178680951,83.8769247686,72.290547940456,True,discovery
QQQ,2009-12-28T00:00:00.000Z,40.1255160561,0.0641386321475103,84.0558940249,72.4335743692755,True,discovery
QQQ,2009-12-29T00:00:00.000Z,39.9605691057,0.0585477562205598,83.9365811874,72.57684227854651,True,discovery
QQQ,2009-12-30T00:00:00.000Z,40.0821089639,0.050910806984697,83.906752978,72.71150754680451,True,discovery
QQQ,2009-12-31T00:00:00.000Z,39.7174893892,0.0399330962546853,83.1013913248,72.83576944157399,True,discovery
QQQ,2010-01-04T00:00:00.000Z,40.2991444251,0.0594901107932672,84.5107742179,72.970685557562,True,discovery
QQQ,2010-01-05T00:00:00.000Z,40.2991444251,0.053966930253241,84.7344857882,73.11280009686601,True,discovery
QQQ,2010-01-06T00:00:00.000Z,40.0560647086,0.0526197279372731,84.794142207,73.234988898511,True,discovery
QQQ,2010-01-07T00:00:00.000Z,40.0821089639,0.0597723435091908,85.1520807195,73.3649134836045,True,discovery
QQQ,2010-01-08T00:00:00.000Z,40.4120028648,0.0578776738466328,85.4354487086,73.4931350555895,True,discovery
QQQ,2010-01-11T00:00:00.000Z,40.2470559144,0.0483276803469947,85.5547615461,73.615860280419,True,discovery
QQQ,2010-01-12T00:00:00.000Z,39.7435336445,0.0392001793257736,84.7568569453,73.74010161175799,True,discovery
QQQ,2010-01-13T00:00:00.000Z,40.2383744959,0.0422199502881583,85.4727339703,73.8782729117065,True,discovery
QQQ,2010-01-14T00:00:00.000Z,40.2731001697,0.0490060632280453,85.703902593,74.01492066308701,True,discovery
QQQ,2010-01-15T00:00:00.000Z,39.8043035736,0.0353928334264441,84.7419428406,74.141106165735,True,discovery
QQQ,2010-01-19T00:00:00.000Z,40.4467285386,0.0650688653316762,85.8008442735,74.263887273576,True,discovery
QQQ,2010-01-20T00:00:00.000Z,39.8650735028,0.0328385065233371,84.9283691492,74.379259550124,True,discovery
QQQ,2010-01-21T00:00:00.000Z,39.4917725096,0.0117882562271516,83.2952746858,74.4888888460225,True,discovery
QQQ,2010-01-22T00:00:00.000Z,38.3371438563,-0.0236568649128661,81.438468652,74.5963914154375,True,discovery
QQQ,2010-01-25T00:00:00.000Z,38.467365133,-0.0274363476730187,81.8560635833,74.7027520012055,True,discovery
QQQ,2010-01-26T00:00:00.000Z,38.5020908068,-0.0354501957359837,81.5130391755,74.7953584920695,True,discovery
QQQ,2010-01-27T00:00:00.000Z,38.8059404524,-0.0328861964505348,81.9008058974,74.889830393468,True,discovery
QQQ,2010-01-28T00:00:00.000Z,37.8075773311,-0.053877905715134,80.961217302,74.9850365876905,True,discovery
QQQ,2010-01-29T00:00:00.000Z,37.1477895293,-0.0732077106332602,80.0812851254,75.0725397359815,True,discovery
QQQ,2010-02-01T00:00:00.000Z,37.5558161962,-0.05442622950855,81.3266128669,75.16168149838549,True,discovery
QQQ,2010-02-02T00:00:00.000Z,37.8943915156,-0.0596725549340005,82.3109437763,75.25361606458401,True,discovery
QQQ,2010-02-03T00:00:00.000Z,38.1027455583,-0.0545023696689698,81.9008058974,75.35689698054449,True,discovery
QQQ,2010-02-04T00:00:00.000Z,37.0002054157,-0.0762895535327988,79.3728651527,75.441555416051,True,discovery
QQQ,2010-02-05T00:00:00.000Z,37.3127364797,-0.0690924842975262,79.5369203042,75.52894273453501,True,discovery
QQQ,2010-02-08T00:00:00.000Z,37.0436125079,-0.0833512352300154,78.9627272737,75.61041263219501,True,discovery
QQQ,2010-02-09T00:00:00.000Z,37.4255949195,-0.0701035375333009,79.9545152355,75.69210662461249,True,discovery
QQQ,2010-02-10T00:00:00.000Z,37.3474621535,-0.0602883355172316,79.7979171363,75.77602740003101,True,discovery
QQQ,2010-02-11T00:00:00.000Z,37.9117543525,-0.0578209277225416,80.6331069989,75.865115123393,True,discovery
QQQ,2010-02-12T00:00:00.000Z,37.9898871185,-0.0566932528556072,80.5659935278,75.94718711926049,True,discovery
QQQ,2010-02-16T00:00:00.000Z,38.4760465515,-0.0333696837489945,81.8336924263,76.035487500701,True,discovery
QQQ,2010-02-17T00:00:00.000Z,38.6930820126,-0.0433569435492519,82.2214591482,76.124001614833,True,discovery
QQQ,2010-02-18T00:00:00.000Z,38.9361617291,-0.0233013937283912,82.7061675506,76.203964723488,True,discovery
QQQ,2010-02-19T00:00:00.000Z,38.9187988922,-0.0145086832266319,82.8776797545,76.2859232122505,True,discovery
QQQ,2010-02-22T00:00:00.000Z,38.8406661262,0.0131340579722725,82.8925938592,76.3621937163165,True,discovery
QQQ,2010-02-23T00:00:00.000Z,38.3371438563,-0.0033852403524328,81.8858917927,76.438128839894,True,discovery
QQQ,2010-02-24T00:00:00.000Z,38.7278076864,0.0058624577229486,82.6390540795,76.51004847785251,True,discovery
QQQ,2010-02-25T00:00:00.000Z,38.7191262679,-0.0022371364664254,82.5271982943,76.5877953854725,True,discovery
QQQ,2010-02-26T00:00:00.000Z,38.8580289631,0.0277841561441682,82.5793976607,76.6667942922255,True,discovery
QQQ,2010-03-01T00:00:00.000Z,39.422321162,0.0612292591704812,83.4369586803,76.758486268804,True,discovery
QQQ,2010-03-02T00:00:00.000Z,39.5438610203,0.0529357374025372,83.668127303,76.8485445622015,True,discovery
QQQ,2010-03-03T00:00:00.000Z,39.5872681125,0.0446735395184558,83.7426978264,76.9416551255905,True,discovery
QQQ,2010-03-04T00:00:00.000Z,39.7174893892,0.0423786739574796,83.9962376061,77.026783915614,True,discovery
QQQ,2010-03-05T00:00:00.000Z,40.3165072619,0.0896292820253592,85.1968230336,77.11831937893949,True,discovery
QQQ,2010-03-08T00:00:00.000Z,40.394640028,0.0825965565397945,85.2117371383,77.21216837246101,True,discovery
QQQ,2010-03-09T00:00:00.000Z,40.6203569075,0.0965549566429899,85.3534211328,77.31149734254451,True,discovery
QQQ,2010-03-10T00:00:00.000Z,40.9502508085,0.0941776849928852,85.7337308024,77.413425248055,True,discovery
QQQ,2010-03-11T00:00:00.000Z,41.1065163405,0.100650860065139,86.0916693149,77.5087742672455,True,discovery
QQQ,2010-03-12T00:00:00.000Z,41.115197759,0.0844973666139181,86.0991263672,77.6101433741205,True,discovery
QQQ,2010-03-15T00:00:00.000Z,41.0110207376,0.0795246800727869,86.1214975243,77.7070363121865,True,discovery
QQQ,2010-03-16T00:00:00.000Z,41.271463291,0.0726534296021903,86.8075463399,77.8014501149825,True,discovery
QQQ,2010-03-17T00:00:00.000Z,41.3843217308,0.0695535113311374,87.3220829517,77.89021486810549,True,discovery
QQQ,2010-03-18T00:00:00.000Z,41.5232244259,0.0664437012256009,87.2773406376,77.9784622724135,True,discovery
QQQ,2010-03-19T00:00:00.000Z,41.2727307781,0.0604831585995262,86.8376579173,78.068915752049,True,discovery
QQQ,2010-03-22T00:00:00.000Z,41.6464362789,0.0722379514188447,87.3019102921,78.158460535255,True,discovery
QQQ,2010-03-23T00:00:00.000Z,41.9354062301,0.0938583841114364,87.9159214975,78.251001951413,True,discovery
QQQ,2010-03-24T00:00:00.000Z,41.7333445349,0.0776066869789651,87.4891088304,78.3428407642385,True,discovery
QQQ,2010-03-25T00:00:00.000Z,41.6725087557,0.0762770953911864,87.3468379413,78.4322064395265,True,discovery
QQQ,2010-03-26T00:00:00.000Z,41.7159628837,0.0735480928102125,87.2944223506,78.5221909265715,True,discovery
QQQ,2010-03-29T00:00:00.000Z,41.9158518725,0.0632517476648117,87.8485300238,78.61340438306,True,discovery
QQQ,2010-03-30T00:00:00.000Z,42.0549050821,0.0635002247380684,87.908433556,78.70396304075301,True,discovery
QQQ,2010-03-31T00:00:00.000Z,41.8550160933,0.0572847809137893,87.6089158948,78.8010256250325,True,discovery
QQQ,2010-04-01T00:00:00.000Z,41.8550160933,0.0538182734350083,88.2079512172,78.9057081257265,True,discovery
QQQ,2010-04-05T00:00:00.000Z,42.2461032454,0.0478611892385705,88.926793604,79.0143151614435,True,discovery
QQQ,2010-04-06T00:00:00.000Z,42.3677748038,0.0488464502823222,89.1364559668,79.1215113351325,True,discovery
QQQ,2010-04-07T00:00:00.000Z,42.2634848966,0.0404508506127039,88.6272759428,79.2249203094715,True,discovery
QQQ,2010-04-08T00:00:00.000Z,42.3590839782,0.0344035296948062,88.9342815456,79.34005171195601,True,discovery
QQQ,2010-04-09T00:00:00.000Z,42.6111179206,0.0366025076811873,89.5183409849,79.457845039425,True,discovery
QQQ,2010-04-12T00:00:00.000Z,42.645881223,0.0372291402554409,89.6606118739,79.57350756795,True,discovery
QQQ,2010-04-13T00:00:00.000Z,42.863151863,0.0451617904672612,89.7280033477,79.6822725322495,True,discovery
QQQ,2010-04-14T00:00:00.000Z,43.3759105735,0.0509903723951292,90.7463633957,79.79701517917451,True,discovery
QQQ,2010-04-15T00:00:00.000Z,43.5671087367,0.0527442981933776,90.821242811,79.9089578869615,True,discovery
QQQ,2010-04-16T00:00:00.000Z,43.0456592006,0.0366646568456372,89.3760700958,80.0164430444195,True,discovery
QQQ,2010-04-19T00:00:00.000Z,43.0195867238,0.0423246999354576,89.7130274646,80.124210358221,True,discovery
QQQ,2010-04-20T00:00:00.000Z,43.2368573638,0.0381886477452522,90.5142372083,80.2452852680155,True,discovery
QQQ,2010-04-21T00:00:00.000Z,43.4802004807,0.0368374695626816,90.3495024946,80.3655733966295,True,discovery
QQQ,2010-04-22T00:00:00.000Z,43.7235435975,0.0476884631409224,90.6190683897,80.4936318599075,True,discovery
QQQ,2010-04-23T00:00:00.000Z,43.9060509351,0.0535974973931583,91.2106157705,80.62486951776751,True,discovery
QQQ,2010-04-26T00:00:00.000Z,43.8104518535,0.0502083333336742,90.8661704602,80.753757472122,True,discovery
QQQ,2010-04-27T00:00:00.000Z,42.8805335142,0.0230147211282829,88.7171312412,80.8726753543995,True,discovery
QQQ,2010-04-28T00:00:00.000Z,42.906605991,0.0202521182068369,89.3910459788,80.987063893591,True,discovery
QQQ,2010-04-29T00:00:00.000Z,43.6540169927,0.0429817275757296,90.4992613252,81.1051110454335,True,discovery
QQQ,2010-04-30T00:00:00.000Z,42.7914525518,0.0223733388708431,88.9642333117,81.205701680044,True,discovery
QQQ,2010-05-03T00:00:00.000Z,43.3932922247,0.0271549063977849,90.1173763072,81.3126116959725,True,discovery
QQQ,2010-05-04T00:00:00.000Z,42.0896683845,-0.0065641025658741,87.9982888544,81.40516138338549,True,discovery
QQQ,2010-05-05T00:00:00.000Z,41.8723977445,-0.0092535471946247,87.4741329473,81.4913992069335,True,discovery
QQQ,2010-05-06T00:00:00.000Z,40.4731748228,-0.0445219532219011,84.5688131315,81.5614863432245,True,discovery
QQQ,2010-05-07T00:00:00.000Z,39.4650390531,-0.0738323475427772,83.3108374569,81.62535741175549,True,discovery
QQQ,2010-05-10T00:00:00.000Z,41.5160738949,-0.0264927654371148,86.9799288064,81.699785745408,True,discovery
QQQ,2010-05-11T00:00:00.000Z,41.4726197669,-0.0324412003238688,86.7328267359,81.7715021571225,True,discovery
QQQ,2010-05-12T00:00:00.000Z,42.254794071,-0.0258465237427184,87.9458732637,81.84821338702051,True,discovery
QQQ,2010-05-13T00:00:00.000Z,41.5856004997,-0.045481747457132,86.8526338004,81.92115631470251,True,discovery
QQQ,2010-05-14T00:00:00.000Z,40.7860445444,-0.0524934383202221,85.2801660792,81.9871227529445,True,discovery
QQQ,2010-05-17T00:00:00.000Z,40.9164069284,-0.0488888888892194,85.3250937283,82.04954893818,True,discovery
QQQ,2010-05-18T00:00:00.000Z,40.3515032644,-0.0667336683404691,84.1644627913,82.1056552169245,True,discovery
QQQ,2010-05-19T00:00:00.000Z,40.0299427172,-0.0793523885666419,83.6852345334,82.1533488795405,True,discovery
QQQ,2010-05-20T00:00:00.000Z,38.5438115394,-0.1184655138152197,80.525323208,82.1842833036035,True,discovery
QQQ,2010-05-21T00:00:00.000Z,38.9696619939,-0.1124307205058535,81.7009300281,82.22216617622249,True,discovery
QQQ,2010-05-24T00:00:00.000Z,38.8132271331,-0.1140646697073674,80.652618214,82.2567268536225,True,discovery
QQQ,2010-05-25T00:00:00.000Z,38.8479904355,-0.0940413457627483,80.7349855708,82.286864047335,True,discovery
QQQ,2010-05-26T00:00:00.000Z,38.4134491554,-0.1047194652623531,80.2482693714,82.3153427877595,True,discovery
QQQ,2010-05-27T00:00:00.000Z,39.8648170307,-0.0868007167045736,82.9364403804,82.36191314948401,True,discovery
QQQ,2010-05-28T00:00:00.000Z,39.6301647395,-0.073876618431524,81.8956165078,82.399329931613,True,discovery
QQQ,2010-06-01T00:00:00.000Z,39.2651500643,-0.0951331864617132,80.5178352664,82.4270156726015,True,discovery
QQQ,2010-06-02T00:00:00.000Z,40.1950684036,-0.045013421431415,82.6144588947,82.46806357750849,True,discovery
QQQ,2010-06-03T00:00:00.000Z,40.57746473,-0.0309256953089123,82.8990006728,82.51968808044299,True,discovery
QQQ,2010-06-04T00:00:00.000Z,39.1891053403,-0.0317264333258242,79.9861914178,82.5538694913255,True,discovery
QQQ,2010-06-07T00:00:00.000Z,38.4742849346,-0.0251046025107677,78.9902951944,82.5798601777245,True,discovery
QQQ,2010-06-08T00:00:00.000Z,38.4047583298,-0.0749424324895569,79.8364325872,82.60627973422801,True,discovery
QQQ,2010-06-09T00:00:00.000Z,38.0831977826,-0.0817267393125995,79.4096199201,82.623256880424,True,discovery
QQQ,2010-06-10T00:00:00.000Z,39.1695509827,-0.073015220074577,81.7308817942,82.65187724683351,True,discovery
QQQ,2010-06-11T00:00:00.000Z,39.5432564835,-0.0491118077329371,82.1277426953,82.6817437008825,True,discovery
QQQ,2010-06-14T00:00:00.000Z,39.5345656579,-0.0306839974427436,82.0004476893,82.71093676905849,True,discovery
QQQ,2010-06-15T00:00:00.000Z,40.5948463812,-0.0078589634657486,83.8649451301,82.74860337504249,True,discovery
QQQ,2010-06-16T00:00:00.000Z,40.7599720676,0.0101227654524675,83.834993364,82.7861940438825,True,discovery
QQQ,2010-06-17T00:00:00.000Z,40.8903344516,0.0214937038625915,83.9697763115,82.8278544250435,True,discovery
QQQ,2010-06-18T00:00:00.000Z,40.9244893962,0.0617655016906266,84.0605900664,82.8783107255635,True,discovery
QQQ,2010-06-21T00:00:00.000Z,40.5761958695,0.0412252453165098,83.819836564,82.92896587061648,True,discovery
QQQ,2010-06-22T00:00:00.000Z,40.2627316954,0.0373456336760995,82.4355039253,82.9696357524825,True,discovery
QQQ,2010-06-23T00:00:00.000Z,40.0972922702,0.032158724832221,82.179703329,83.00382220246249,True,discovery
QQQ,2010-06-24T00:00:00.000Z,39.4877785983,0.0279675339372373,80.8179413312,83.02795168824349,True,discovery
QQQ,2010-06-25T00:00:00.000Z,39.4181198929,-0.0112052975799687,81.1565009439,83.05085801546798,True,discovery
QQQ,2010-06-28T00:00:00.000Z,39.2788024822,-0.0088660307018556,80.9007003476,83.06857279032148,True,discovery
QQQ,2010-06-29T00:00:00.000Z,37.7637256407,-0.038238092077613,78.4028827604,83.07387229892551,True,discovery
QQQ,2010-06-30T00:00:00.000Z,37.1890413216,-0.0747859675673736,77.6580516124,83.07356519878151,True,discovery
QQQ,2010-07-01T00:00:00.000Z,37.0845532635,-0.0860800813885644,77.3119684527,83.069903605734,True,discovery
QQQ,2010-07-02T00:00:00.000Z,36.9800652055,-0.0563687309423812,76.8906498235,83.0582296846135,True,discovery
QQQ,2010-07-06T00:00:00.000Z,37.0932606017,-0.0358947368416986,77.3947274692,83.04966672521451,True,discovery
QQQ,2010-07-07T00:00:00.000Z,38.2774585927,-0.00331468658146,79.8323566808,83.05303970008099,True,discovery
QQQ,2010-07-08T00:00:00.000Z,38.4864347088,0.0105883158368658,80.6223291105,83.061363876848,True,discovery
QQQ,2010-07-09T00:00:00.000Z,38.8521429119,-0.0081034390958474,81.2242128664,83.070398099631,True,discovery
QQQ,2010-07-12T00:00:00.000Z,38.9653383081,-0.01461483516516,81.2768776951,83.0829963590725,True,discovery
QQQ,2010-07-13T00:00:00.000Z,39.470363922,-0.0016239393257929,82.5032158478,83.10606544820149,True,discovery
QQQ,2010-07-14T00:00:00.000Z,39.6706326999,-0.0227667737086946,82.4956923009,83.1311737724145,True,discovery
QQQ,2010-07-15T00:00:00.000Z,39.7054620525,-0.0258712153519414,82.5182629417,83.1494597448845,True,discovery
QQQ,2010-07-16T00:00:00.000Z,38.6083374432,-0.0558077364493335,80.246151763,83.1575719345,True,discovery
QQQ,2010-07-19T00:00:00.000Z,38.9392162936,-0.0485106382972818,80.7201352208,83.169574594361,True,discovery
QQQ,2010-07-20T00:00:00.000Z,39.4094125548,-0.0287553648068087,81.6154373078,83.1957704689145,True,discovery
QQQ,2010-07-21T00:00:00.000Z,38.8695575883,-0.034602076124387,80.5546171879,83.21844240242699,True,discovery
QQQ,2010-07-22T00:00:00.000Z,39.8534868014,-0.0060803474498249,82.3527449089,83.24443071595151,True,discovery
QQQ,2010-07-23T00:00:00.000Z,40.1059996083,0.0156560088195647,83.0674818691,83.26846680231351,True,discovery
QQQ,2010-07-26T00:00:00.000Z,40.4368784588,0.0258449304195125,83.9326897682,83.2957534151045,True,discovery
QQQ,2010-07-27T00:00:00.000Z,40.4194637824,0.0290401241411806,83.9251662213,83.31999839090601,True,discovery
QQQ,2010-07-28T00:00:00.000Z,40.0972922702,0.0617938667308022,83.3834708409,83.33912425706949,True,discovery
QQQ,2010-07-29T00:00:00.000Z,39.8012427724,0.070241161319821,82.9771993057,83.3546611259435,True,discovery
QQQ,2010-07-30T00:00:00.000Z,39.8883161541,0.0756046020206362,82.9621522118,83.37093866581199,True,discovery
QQQ,2010-08-02T00:00:00.000Z,40.6371472367,0.0988933364740549,84.8355154022,83.38972199000051,True,discovery
QQQ,2010-08-03T00:00:00.000Z,40.4630004733,0.0908450704235357,84.4292438669,83.4049904902135,True,discovery
QQQ,2010-08-04T00:00:00.000Z,40.8705038996,0.0677434030950667,84.9935098881,83.42612142644501,True,discovery
QQQ,2010-08-05T00:00:00.000Z,40.7764646474,0.0595022624446004,84.9032273247,83.44346315068749,True,discovery
QQQ,2010-08-06T00:00:00.000Z,40.7155132802,0.0479605558057716,84.557144165,83.46122548526449,True,discovery
QQQ,2010-08-09T00:00:00.000Z,40.9941481016,0.0520670391068631,85.008556982,83.484879376359,True,discovery
QQQ,2010-08-10T00:00:00.000Z,40.6393240712,0.0296161482450494,84.5496206181,83.50215905331201,True,discovery
QQQ,2010-08-11T00:00:00.000Z,39.5313152891,-0.0035118525044434,82.2323681577,83.512488300147,True,discovery
QQQ,2010-08-12T00:00:00.000Z,39.217851115,-0.0122807017547174,81.728290512,83.5246362976775,True,discovery
QQQ,2010-08-13T00:00:00.000Z,38.9392162936,0.0085701398276156,81.4875370097,83.53739777391249,True,discovery
QQQ,2010-08-16T00:00:00.000Z,39.008874999,0.0017889087668014,81.4499192749,83.5574255796255,True,discovery
QQQ,2010-08-17T00:00:00.000Z,39.5069347423,0.0024745912506152,82.4505510192,83.5741491327865,True,discovery
QQQ,2010-08-18T00:00:00.000Z,39.6619253617,0.0203853046590505,82.6010219582,83.60308481780099,True,discovery
QQQ,2010-08-19T00:00:00.000Z,39.061119028,-0.0198820187891858,81.1640244908,83.62201692951099,True,discovery
QQQ,2010-08-20T00:00:00.000Z,39.113363057,-0.0247503256618636,80.9007003476,83.638408560808,True,discovery
QQQ,2010-08-23T00:00:00.000Z,38.7302401776,-0.0422049956931973,80.5922349227,83.652256525229,True,discovery
QQQ,2010-08-24T00:00:00.000Z,38.0075311095,-0.0596725549325628,79.3959909577,83.652965544933,True,discovery
QQQ,2010-08-25T00:00:00.000Z,38.3732393126,-0.042996742672355,79.7044563826,83.654178465352,True,discovery
QQQ,2010-08-26T00:00:00.000Z,37.9117503896,-0.0474732006134808,79.1702845492,83.643671382181,True,discovery
QQQ,2010-08-27T00:00:00.000Z,38.3732393126,-0.0379829731505042,80.396622702,83.639221816459,True,discovery
QQQ,2010-08-30T00:00:00.000Z,37.9727017568,-0.0655667452338707,79.2304729248,83.626864649033,True,discovery
QQQ,2010-08-31T00:00:00.000Z,37.8420916843,-0.0647729718098745,79.2304729248,83.61866118724349,True,discovery
QQQ,2010-09-01T00:00:00.000Z,38.9740456463,-0.0464016362009807,81.6003902139,83.620119199109,True,discovery
QQQ,2010-09-02T00:00:00.000Z,39.4094125548,-0.0335255178304714,82.3602684558,83.619479823646,True,discovery
QQQ,2010-09-03T00:00:00.000Z,40.0624629175,-0.0160393498715286,83.4286121226,83.62370003996949,True,discovery
QQQ,2010-09-07T00:00:00.000Z,39.7925354342,-0.0293118096861513,82.4881687539,83.623477646052,True,discovery
QQQ,2010-09-08T00:00:00.000Z,40.2714390335,-0.0090524398746264,83.0674818691,83.631529383044,True,discovery
QQQ,2010-09-09T00:00:00.000Z,40.4281711206,0.0226872246709,83.4511827635,83.64294600414951,True,discovery
QQQ,2010-09-10T00:00:00.000Z,40.5761958695,0.0346358792203291,83.8725013926,83.65131417301149,True,discovery
QQQ,2010-09-13T00:00:00.000Z,41.1421728505,0.0565742397147854,84.8054212144,83.6637164678055,True,discovery
QQQ,2010-09-14T00:00:00.000Z,41.3163196139,0.059151785714383,84.7527563857,83.674409058815,True,discovery
QQQ,2010-09-15T00:00:00.000Z,41.577539759,0.0524111787008119,85.0762689046,83.693431897421,True,discovery
QQQ,2010-09-16T00:00:00.000Z,41.7429791842,0.0524698133921051,85.0536982637,83.710969676496,True,discovery
QQQ,2010-09-17T00:00:00.000Z,41.8879999014,0.0723707088722578,85.085394967,83.7236221536715,True,discovery
QQQ,2010-09-20T00:00:00.000Z,42.6166652023,0.0895679090594849,86.3863717591,83.742964948095,True,discovery
QQQ,2010-09-21T00:00:00.000Z,42.6080249023,0.1001229196338098,86.2124039323,83.76466444258449,True,discovery
QQQ,2010-09-22T00:00:00.000Z,42.4945664173,0.1180564792507257,85.788830093,83.7819096084565,True,discovery
QQQ,2010-09-23T00:00:00.000Z,42.4771112658,0.1069461954923487,85.0929587856,83.796305890969,True,discovery
QQQ,2010-09-24T00:00:00.000Z,43.3411412669,0.1432112952186295,86.8477646912,83.8240378618785,True,discovery
QQQ,2010-09-27T00:00:00.000Z,43.1054967211,0.1233218121084229,86.4317546705,83.84816922972801,True,discovery
QQQ,2010-09-28T00:00:00.000Z,43.0880415696,0.1347109785751277,86.7343074128,83.8715139885255,True,discovery
QQQ,2010-09-29T00:00:00.000Z,43.0182209634,0.1367823248852673,86.5830310416,83.892359292566,True,discovery
QQQ,2010-09-30T00:00:00.000Z,42.8262142965,0.0988393323382301,86.3258612106,83.9091001614835,True,discovery
QQQ,2010-10-01T00:00:00.000Z,42.7738488419,0.0853713889396763,86.6889245015,83.92958485304399,True,discovery
QQQ,2010-10-04T00:00:00.000Z,42.3112873262,0.0561329545148276,86.0384361054,83.946186629447,True,discovery
QQQ,2010-10-05T00:00:00.000Z,43.3411412669,0.0891776760133291,87.7705505554,83.9764185902015,True,discovery
QQQ,2010-10-06T00:00:00.000Z,42.9658555088,0.0669063867585817,87.7629867368,84.004312654453,True,discovery
QQQ,2010-10-07T00:00:00.000Z,43.1229518726,0.0666560142916503,87.657093277,84.02750130209299,True,discovery
QQQ,2010-10-08T00:00:00.000Z,43.4196894488,0.0700778749305421,88.1487414833,84.0516567802955,True,discovery
QQQ,2010-10-11T00:00:00.000Z,43.4371446003,0.0557814911268621,88.2319434874,84.07540799276049,True,discovery
QQQ,2010-10-12T00:00:00.000Z,43.7338821764,0.0585135022938168,88.5042409555,84.098544573695,True,discovery
QQQ,2010-10-13T00:00:00.000Z,44.091712783,0.060469499604189,89.1925484444,84.1242278457925,True,discovery
QQQ,2010-10-14T00:00:00.000Z,44.0044370253,0.0541757652495482,88.8446127907,84.148768003809,True,discovery
QQQ,2010-10-15T00:00:00.000Z,44.9382876325,0.0728200854249441,89.0261444361,84.17436496109951,True,discovery
QQQ,2010-10-18T00:00:00.000Z,44.7724636929,0.0505858091046422,89.4648459125,84.20618223403798,True,discovery
QQQ,2010-10-19T00:00:00.000Z,44.353540056,0.040966816877864,88.2924540359,84.225090633128,True,discovery
QQQ,2010-10-20T00:00:00.000Z,44.6764603594,0.0513452454291125,89.1547293516,84.247191850945,True,discovery
QQQ,2010-10-21T00:00:00.000Z,44.7637361171,0.0538319293181561,89.3513886341,84.2699780830805,True,discovery
QQQ,2010-10-22T00:00:00.000Z,45.069201269,0.0398711236388167,89.5177926424,84.29180664269501,True,discovery
QQQ,2010-10-25T00:00:00.000Z,45.2873906633,0.0506175339149257,89.782526292,84.31354203061198,True,discovery
QQQ,2010-10-26T00:00:00.000Z,45.409576724,0.053878873808874,89.7976539291,84.33475649252699,True,discovery
QQQ,2010-10-27T00:00:00.000Z,45.5492179363,0.0588354635830565,89.5404840981,84.358674628291,True,discovery
QQQ,2010-10-28T00:00:00.000Z,45.6452212698,0.0658243325871179,89.5556117352,84.37908901711549,True,discovery
QQQ,2010-10-29T00:00:00.000Z,45.5404903605,0.0646806774117059,89.6236861022,84.3986879346615,True,discovery
QQQ,2010-11-01T00:00:00.000Z,45.5754006636,0.0771452145200695,89.6539413765,84.423247927341,True,discovery
QQQ,2010-11-02T00:00:00.000Z,46.0641449067,0.0628272251307691,90.364940321,84.44606840757851,True,discovery
QQQ,2010-11-03T00:00:00.000Z,46.2736067251,0.0769855778997006,90.7280036118,84.4750665798915,True,discovery
QQQ,2010-11-04T00:00:00.000Z,46.8408991501,0.0862173649077664,92.4752456989,84.520966434957,True,discovery
QQQ,2010-11-05T00:00:00.000Z,46.8408991501,0.0787939698494217,92.8231813526,84.57788999846001,True,discovery
QQQ,2010-11-08T00:00:00.000Z,46.8998102865,0.079716696805528,92.6492135257,84.631855748172,True,discovery
QQQ,2010-11-09T00:00:00.000Z,46.6488924832,0.0666533626043612,91.9835974926,84.68420853975749,True,discovery
QQQ,2010-11-10T00:00:00.000Z,46.880173241,0.0632422802834531,92.3542246019,84.73647563328,True,discovery
QQQ,2010-11-11T00:00:00.000Z,46.5921632407,0.0588060293536356,92.0062889482,84.79170099151101,True,discovery
QQQ,2010-11-12T00:00:00.000Z,45.8285003609,0.0198096717810001,90.9170990758,84.845880061263,True,discovery
QQQ,2010-11-15T00:00:00.000Z,45.6583126334,0.0197855750484527,90.7885141603,84.89318956773,True,discovery
QQQ,2010-11-16T00:00:00.000Z,44.9033773294,0.0123966942143916,89.3740800898,84.92850524929749,True,discovery
QQQ,2010-11-17T00:00:00.000Z,45.034290966,0.0080093768333802,89.4194630012,84.9660985348165,True,discovery
QQQ,2010-11-18T00:00:00.000Z,45.7586797548,0.0222265548857956,90.7355674304,85.02291204620501,True,discovery
QQQ,2010-11-19T00:00:00.000Z,45.7935900578,0.0160728117739743,90.9851734428,85.08015331189802,True,discovery
QQQ,2010-11-22T00:00:00.000Z,46.1776033916,0.0196569666580814,90.9095352572,85.1398873518155,True,discovery
QQQ,2010-11-23T00:00:00.000Z,45.4444870271,0.0007687872386961,89.593430828,85.188081929778,True,discovery
QQQ,2010-11-24T00:00:00.000Z,46.3608824828,0.0178195056528764,90.9170990758,85.24367783947551,True,discovery
QQQ,2010-11-26T00:00:00.000Z,46.0554173309,0.0089866156782418,89.8581644776,85.28980312686899,True,discovery
QQQ,2010-11-29T00:00:00.000Z,46.0205070278,0.0105404369496282,90.1304619457,85.3376254689585,True,discovery
QQQ,2010-11-30T00:00:00.000Z,45.4575783907,-0.0025852163927129,89.6236861022,85.37657543733802,True,discovery
QQQ,2010-12-01T00:00:00.000Z,46.4219755132,0.007768093974712,91.529768379,85.423116983492,True,discovery
QQQ,2010-12-02T00:00:00.000Z,46.8932646047,0.0133911731428508,92.7021602556,85.473096947017,True,discovery
QQQ,2010-12-03T00:00:00.000Z,47.0154506654,0.0037264766148201,92.9517662681,85.523467379585,True,discovery
QQQ,2010-12-06T00:00:00.000Z,46.993631726,0.0032606670382344,92.8534366268,85.573271593423,True,discovery
QQQ,2010-12-07T00:00:00.000Z,47.0241782412,0.0026517794835472,92.9063833567,85.62837405124301,True,discovery
QQQ,2010-12-08T00:00:00.000Z,47.1987297566,0.0117867165570548,93.2467551919,85.68141255680501,True,discovery
QQQ,2010-12-09T00:00:00.000Z,47.2467314233,0.0078190449599153,93.6098184827,85.73682565774699,True,discovery
QQQ,2010-12-10T00:00:00.000Z,47.560924151,0.0207923574034387,94.1544134189,85.794700736538,True,discovery
QQQ,2010-12-13T00:00:00.000Z,47.3907364235,0.0340887450014155,94.2149239674,85.84859056297351,True,discovery
QQQ,2010-12-14T00:00:00.000Z,47.4736483933,0.03975915129575,94.2981259715,85.901740556316,True,discovery
QQQ,2010-12-15T00:00:00.000Z,47.2685503627,0.0526724975707211,93.8669883137,85.9523620087525,True,discovery
QQQ,2010-12-16T00:00:00.000Z,47.635108545,0.0577519379835149,94.4115832499,86.00443873697151,True,discovery
QQQ,2010-12-17T00:00:00.000Z,47.6772801911,0.0419286667924185,94.5120005051,86.051014624329,True,discovery
QQQ,2010-12-20T00:00:00.000Z,47.7122598538,0.0418982174924105,94.740106701,86.09865647214251,True,discovery
QQQ,2010-12-21T00:00:00.000Z,48.0008420706,0.0394831811330351,95.3407863502,86.1485932982295,True,discovery
QQQ,2010-12-22T00:00:00.000Z,47.9964696128,0.0561560433981391,95.6373244049,86.198111266242,True,discovery
QQQ,2010-12-23T00:00:00.000Z,47.8714173188,0.0325820984223155,95.5004606874,86.24515522310449,True,discovery
QQQ,2010-12-27T00:00:00.000Z,47.8959030827,0.0399624161165761,95.5384783867,86.29235198320201,True,discovery
QQQ,2010-12-28T00:00:00.000Z,47.8084539261,0.0388510908239221,95.6753421042,86.3401212061015,True,discovery
QQQ,2010-12-29T00:00:00.000Z,47.913392914,0.0540243147620558,95.743773963,86.38480234421701,True,discovery
QQQ,2010-12-30T00:00:00.000Z,47.7997090104,0.0296784762382256,95.5917031657,86.42615044528698,True,discovery
QQQ,2010-12-31T00:00:00.000Z,47.6248106971,0.015600238084654,95.6145137853,86.4678363110255,True,discovery
QQQ,2011-01-03T00:00:00.000Z,48.3681285284,0.0287709219810896,96.6029739676,86.516662891277,True,discovery
QQQ,2011-01-04T00:00:00.000Z,48.328776408,0.0284111832382878,96.5497491885,86.56290208575902,True,discovery
QQQ,2011-01-05T00:00:00.000Z,48.7441599019,0.036576538390054,97.0515828195,86.608580392369,True,discovery
QQQ,2011-01-06T00:00:00.000Z,48.9015683838,0.0360780604897927,96.861494323,86.655442319832,True,discovery
QQQ,2011-01-07T00:00:00.000Z,48.8578438055,0.034099975462122,96.6714058264,86.70206515925749,True,discovery
QQQ,2011-01-10T00:00:00.000Z,49.0414870344,0.0311298173832661,96.5497491885,86.748341793447,True,discovery
QQQ,2011-01-11T00:00:00.000Z,49.1114463597,0.0363089934037559,96.8919084824,86.79355868574001,True,discovery
QQQ,2011-01-12T00:00:00.000Z,49.4568705284,0.0417752206164945,97.7663155667,86.8428480957935,True,discovery
QQQ,2011-01-13T00:00:00.000Z,49.4743603597,0.0466654885769592,97.6066412296,86.8928367224675,True,discovery
QQQ,2011-01-14T00:00:00.000Z,49.8460192754,0.046413471028651,98.3137704369,86.943365818566,True,discovery
QQQ,2011-01-18T00:00:00.000Z,49.985937926,0.0484225972128955,98.4810483139,86.9911370921155,True,discovery
QQQ,2011-01-19T00:00:00.000Z,49.4175184079,0.0357404692069764,97.5153987512,87.03303180603751,True,discovery
QQQ,2011-01-20T00:00:00.000Z,49.0677217814,0.0222262707231433,97.3861385735,87.07682611919101,True,discovery
QQQ,2011-01-21T00:00:00.000Z,48.6916904079,0.0144848319201085,97.6066412296,87.120187917611,True,discovery
QQQ,2011-01-24T00:00:00.000Z,49.365048914,0.0312009060699656,98.1616996396,87.16340471088449,True,discovery
QQQ,2011-01-25T00:00:00.000Z,49.4371944682,0.0321800255616582,98.2149244187,87.20617627360849,True,discovery
QQQ,2011-01-26T00:00:00.000Z,49.6973557091,0.0395097859872184,98.5951014119,87.2505117639295,True,discovery
QQQ,2011-01-27T00:00:00.000Z,50.0034277573,0.043621098740626,98.8384146875,87.29097202038851,True,discovery
QQQ,2011-01-28T00:00:00.000Z,48.7354149863,0.0195755579954768,97.1124111385,87.322427862026,True,discovery
QQQ,2011-01-31T00:00:00.000Z,48.9715277091,0.0282776349614342,97.8423509654,87.36475926637401,True,discovery
QQQ,2011-02-01T00:00:00.000Z,49.8897438537,0.0314590489976589,99.4086801773,87.4132375299375,True,discovery
QQQ,2011-02-02T00:00:00.000Z,49.8066671549,0.0305799330490674,99.2185916807,87.45675930229949,True,discovery
QQQ,2011-02-03T00:00:00.000Z,49.8963025404,0.0236365267309712,99.4390943367,87.50220726151,True,discovery
QQQ,2011-02-04T00:00:00.000Z,50.1739536127,0.0260193133053276,99.7204253117,87.54771404612,True,discovery
QQQ,2011-02-07T00:00:00.000Z,50.4144387934,0.0318596742438472,100.3439155805,87.59338054517,True,discovery
QQQ,2011-02-08T00:00:00.000Z,50.7423731308,0.0346825962925414,100.8001279723,87.6430503327305,True,discovery
QQQ,2011-02-09T00:00:00.000Z,50.659296432,0.0315170940184352,100.5720217764,87.7023247854065,True,discovery
QQQ,2011-02-10T00:00:00.000Z,50.7388751645,0.0259216691716033,100.6100394757,87.758419752891,True,discovery
QQQ,2011-02-11T00:00:00.000Z,51.1052871308,0.0329650905891951,101.210719125,87.81197704189,True,discovery
QQQ,2011-02-14T00:00:00.000Z,51.22771595,0.0277192982445819,101.4540324006,87.8744260373345,True,discovery
QQQ,2011-02-15T00:00:00.000Z,51.1577566247,0.0234429671087652,101.1346837263,87.92951257443,True,discovery
QQQ,2011-02-16T00:00:00.000Z,51.4909379115,0.0419571757222947,101.7733810749,87.9983880355325,True,discovery
QQQ,2011-02-17T00:00:00.000Z,51.4725735886,0.0490108715035471,102.0775226694,88.07140498414302,True,discovery
QQQ,2011-02-18T00:00:00.000Z,51.358889685,0.0547772988523573,102.2904217856,88.1600130274135,True,discovery
QQQ,2011-02-22T00:00:00.000Z,49.8722540224,0.0102745792733562,100.2374660224,88.244646170241,True,discovery
QQQ,2011-02-23T00:00:00.000Z,49.4612429862,0.0004864458482867,99.6215792935,88.3078544226765,True,discovery
QQQ,2011-02-24T00:00:00.000Z,49.7192179983,0.0004399084999204,99.5531474347,88.3719560261705,True,discovery
QQQ,2011-02-25T00:00:00.000Z,50.4144387934,0.008219657222199,100.6176430156,88.43531487492999,True,discovery
QQQ,2011-02-28T00:00:00.000Z,50.5184158407,0.0365853220886951,101.2411332844,88.50725737235,True,discovery
QQQ,2011-03-01T00:00:00.000Z,49.7061006248,0.0150000000012966,99.5531474347,88.5786222791275,True,discovery
QQQ,2011-03-02T00:00:00.000Z,49.9684480947,0.0015775635415327,99.7660465509,88.6508270432405,True,discovery
QQQ,2011-03-03T00:00:00.000Z,50.9522511067,0.0230006145208874,101.4844465601,88.7374269620845,True,discovery
QQQ,2011-03-04T00:00:00.000Z,50.6920898657,0.0159488235557268,100.7240925737,88.82262125228601,True,discovery
QQQ,2011-03-07T00:00:00.000Z,50.012172673,-0.0032244008703958,99.9333244279,88.91966125838549,True,discovery
QQQ,2011-03-08T00:00:00.000Z,50.2133057332,-0.0039895923670647,100.8077315122,89.01519526580601,True,discovery
QQQ,2011-03-09T00:00:00.000Z,49.8722540224,-0.0171477811287436,100.6632642548,89.11524849601001,True,discovery
QQQ,2011-03-10T00:00:00.000Z,49.0939565284,-0.0308993612988912,98.8003969882,89.205575553097,True,discovery
QQQ,2011-03-11T00:00:00.000Z,49.4000285766,-0.0263869978110342,99.4847155759,89.30175778411949,True,discovery
QQQ,2011-03-14T00:00:00.000Z,49.2251302634,-0.0367898699519657,98.8840359267,89.381495761851,True,discovery
QQQ,2011-03-15T00:00:00.000Z,48.5255370104,-0.0527483782848607,97.751108487,89.460773221747,True,discovery
QQQ,2011-03-16T00:00:00.000Z,47.3537183116,-0.0743589743586085,95.9414659995,89.53789137541251,True,discovery
QQQ,2011-03-17T00:00:00.000Z,47.7909640947,-0.0718567959115314,97.2112571567,89.6108753667225,True,discovery
QQQ,2011-03-18T00:00:00.000Z,47.6832879482,-0.0736175671083841,97.5635443656,89.6841980851865,True,discovery
QQQ,2011-03-21T00:00:00.000Z,48.6028003879,-0.0536633348969176,99.0755654821,89.77964495550799,True,discovery
QQQ,2011-03-22T00:00:00.000Z,48.510849144,-0.0272978413566093,98.7319243193,89.8783531011325,True,discovery
QQQ,2011-03-23T00:00:00.000Z,48.7867028759,-0.0136377508848332,99.0144737199,89.974243306796,True,discovery
QQQ,2011-03-24T00:00:00.000Z,49.6536717477,-0.0013183282690053,99.9613960352,90.0770021873715,True,discovery
QQQ,2011-03-25T00:00:00.000Z,49.7762734063,-0.0126583852240272,100.2668548467,90.16968205263402,True,discovery
QQQ,2011-03-28T00:00:00.000Z,49.5047983051,-0.0200643175113852,100.0224877975,90.259155778145,True,discovery
QQQ,2011-03-29T00:00:00.000Z,49.9864476783,0.0056400934689317,100.6944971826,90.3526260256115,True,discovery
QQQ,2011-03-30T00:00:00.000Z,50.2228937342,0.0050921261156193,101.3894159786,90.440248379854,True,discovery
QQQ,2011-03-31T00:00:00.000Z,50.2929518249,-0.0129395515895724,101.2519595135,90.5273332106015,True,discovery
QQQ,2011-04-01T00:00:00.000Z,50.3192236089,-0.00735551163481,101.6796018495,90.6158823382915,True,discovery
QQQ,2011-04-04T00:00:00.000Z,50.1528356436,0.0028125746809624,101.7636030226,90.7043974030725,True,discovery
QQQ,2011-04-05T00:00:00.000Z,50.0214767236,-0.0038202824291085,101.748330082,90.79403987066252,True,discovery
QQQ,2011-04-06T00:00:00.000Z,50.1440783822,0.0054504125616201,102.069061834,90.892207660206,True,discovery
QQQ,2011-04-07T00:00:00.000Z,50.1090493369,0.0206765329234115,101.8094218443,90.99035625278252,True,discovery
QQQ,2011-04-08T00:00:00.000Z,49.872603281,0.0095662840289094,101.4581442112,91.09355726718252,True,discovery
QQQ,2011-04-11T00:00:00.000Z,49.7062153157,0.0097731595574406,101.1526853998,91.19353818946202,True,discovery
QQQ,2011-04-12T00:00:00.000Z,49.3646821238,0.0172928557847831,100.3966748415,91.2910180619315,True,discovery
QQQ,2011-04-13T00:00:00.000Z,49.7850306677,0.0513436419100465,100.3890383712,91.4009488399855,True,discovery
QQQ,2011-04-14T00:00:00.000Z,49.6974580543,0.0398923519479998,100.4654030741,91.514985597294,True,discovery
QQQ,2011-04-15T00:00:00.000Z,49.609885441,0.0404040404028542,100.8319536478,91.6325855232695,True,discovery
QQQ,2011-04-18T00:00:00.000Z,49.2595949878,0.0135135135148203,99.7017560455,91.74664105437952,True,discovery
QQQ,2011-04-19T00:00:00.000Z,49.5660991344,0.021752865781994,100.2744913169,91.861039873618,True,discovery
QQQ,2011-04-20T00:00:00.000Z,50.6826499541,0.0388619637408735,101.641419498,91.970085187704,True,discovery
QQQ,2011-04-21T00:00:00.000Z,51.089862606,0.028924162257276,102.1606994774,92.0777770395385,True,discovery
QQQ,2011-04-25T00:00:00.000Z,51.221221526,0.0290288529216635,102.0537888934,92.18192491967348,True,discovery
QQQ,2011-04-26T00:00:00.000Z,51.5102111499,0.0405094640006522,102.9319829762,92.290200446079,True,discovery
QQQ,2011-04-27T00:00:00.000Z,51.8605016031,0.0374912403630065,103.6039923614,92.395704328647,True,discovery
QQQ,2011-04-28T00:00:00.000Z,51.7816862512,0.0310374891030724,103.9399970539,92.502925852412,True,discovery
QQQ,2011-04-29T00:00:00.000Z,51.7378999445,0.0287306285904778,104.184364103,92.61125635821853,True,discovery
QQQ,2011-05-02T00:00:00.000Z,51.6415700699,0.0262791507134085,104.0239982271,92.730145590539,True,discovery
QQQ,2011-05-03T00:00:00.000Z,51.3963667526,0.0247948314993968,103.6498111831,92.8447939703505,True,discovery
QQQ,2011-05-04T00:00:00.000Z,51.3175514006,0.0259103641454174,102.9625288574,92.9515294280985,True,discovery
QQQ,2011-05-05T00:00:00.000Z,51.037319038,0.0178134823615998,102.0308794826,93.058910739572,True,discovery
QQQ,2011-05-06T00:00:00.000Z,51.2037070033,0.021845508563538,102.4814312294,93.15955417117448,True,discovery
QQQ,2011-05-09T00:00:00.000Z,51.3963667526,0.0305531167686308,102.8785276843,93.25860940025048,True,discovery
QQQ,2011-05-10T00:00:00.000Z,51.8342298191,0.0428118393219902,103.7567217671,93.357729560245,True,discovery
QQQ,2011-05-11T00:00:00.000Z,51.4532889512,0.042309739221293,102.6647065163,93.45142726172,True,discovery
QQQ,2011-05-12T00:00:00.000Z,51.7641717285,0.0397537379058812,103.1534406145,93.550277110588,True,discovery
QQQ,2011-05-13T00:00:00.000Z,51.1511634353,0.0292511013221574,102.3592477048,93.6471873525835,True,discovery
QQQ,2011-05-16T00:00:00.000Z,50.2658043147,0.0132215357457348,101.7101477306,93.74092733017751,True,discovery
QQQ,2011-05-17T00:00:00.000Z,50.4067962222,0.0232888888892432,101.69487479,93.82522412711648,True,discovery
QQQ,2011-05-18T00:00:00.000Z,50.8271447661,0.0254416961133179,102.603614754,93.916095981552,True,discovery
QQQ,2011-05-19T00:00:00.000Z,50.9760182087,0.005788336933165,102.8479818031,94.005368341127,True,discovery
QQQ,2011-05-20T00:00:00.000Z,50.5863200795,-0.0098560164544435,102.0308794826,94.0910066019165,True,discovery
QQQ,2011-05-23T00:00:00.000Z,49.846331497,-0.0268421952471809,100.8472265883,94.172457014033,True,discovery
QQQ,2011-05-24T00:00:00.000Z,49.5398273504,-0.0382522951374821,100.7632254152,94.251230356199,True,discovery
QQQ,2011-05-25T00:00:00.000Z,49.7324870997,-0.0410334346490931,101.0992301078,94.33397840364748,True,discovery
QQQ,2011-05-26T00:00:00.000Z,50.0403048355,-0.0336292913917928,101.5650547952,94.430641836835,True,discovery
QQQ,2011-05-27T00:00:00.000Z,50.2929518249,-0.0279282329037323,101.9545147797,94.53177295817352,True,discovery
QQQ,2011-05-31T00:00:00.000Z,51.1073771287,-0.0103442428353153,103.0159841494,94.639415193872,True,discovery
QQQ,2011-06-01T00:00:00.000Z,49.9952049396,-0.0272618844780331,100.7021336529,94.735676265762,True,discovery
QQQ,2011-06-02T00:00:00.000Z,50.1002920756,-0.0237201365181615,100.5952230689,94.8263996260105,True,discovery
QQQ,2011-06-03T00:00:00.000Z,49.3471676011,-0.0331159917636267,99.5948454616,94.9113687435275,True,discovery
QQQ,2011-06-06T00:00:00.000Z,48.9443335799,-0.0441251924055887,98.5410125622,94.9982536838845,True,discovery
QQQ,2011-06-07T00:00:00.000Z,48.8567609666,-0.0494121656152188,98.4799207999,95.086149786146,True,discovery
QQQ,2011-06-08T00:00:00.000Z,48.5064705133,-0.0642000337887489,98.0675514045,95.173526368555,True,discovery
QQQ,2011-06-09T00:00:00.000Z,48.589664496,-0.0556548378844345,98.8159254924,95.2706260412285,True,discovery
QQQ,2011-06-10T00:00:00.000Z,47.8496759135,-0.0756217222122532,97.4413608411,95.359310563521,True,discovery
QQQ,2011-06-13T00:00:00.000Z,47.8496759135,-0.0645437425089261,97.5177255439,95.4510477684945,True,discovery
QQQ,2011-06-14T00:00:00.000Z,48.4626842067,-0.0358717050802803,98.7548337302,95.5428388236355,True,discovery
QQQ,2011-06-15T00:00:00.000Z,47.5431717669,-0.0568102849202467,96.9984455645,95.631678686834,True,discovery
QQQ,2011-06-16T00:00:00.000Z,47.3592692789,-0.068228807719944,97.2122667325,95.72158765587253,True,discovery
QQQ,2011-06-17T00:00:00.000Z,47.2110876599,-0.0738568974411861,97.5006351234,95.80108888042,True,discovery
QQQ,2011-06-20T00:00:00.000Z,47.456841602,-0.0618641259649209,97.9994577352,95.879284826817,True,discovery
QQQ,2011-06-21T00:00:00.000Z,48.4749650764,-0.0275118826083027,99.3424416901,95.9588539746545,True,discovery
QQQ,2011-06-22T00:00:00.000Z,48.1247657089,-0.0285641213783636,98.7438545559,96.0401324036645,True,discovery
QQQ,2011-06-23T00:00:00.000Z,48.5715112679,-0.0233444152807512,98.4599093769,96.1170945412035,True,discovery
QQQ,2011-06-24T00:00:00.000Z,47.7289263236,-0.0461903363598266,97.3164544668,96.18642089972,True,discovery
QQQ,2011-06-27T00:00:00.000Z,48.4881304661,-0.0358861688032086,98.1836383919,96.2579765847165,True,discovery
QQQ,2011-06-28T00:00:00.000Z,49.2122269026,-0.0370817352126597,99.4652287946,96.33127562261753,True,discovery
QQQ,2011-06-29T00:00:00.000Z,49.4140962122,-0.0116232892354786,100.3170643316,96.409097162347,True,discovery
QQQ,2011-06-30T00:00:00.000Z,50.0723656999,-0.0005574094390081,101.2763385851,96.49009751074952,True,discovery
QQQ,2011-07-01T00:00:00.000Z,50.8271813792,0.0299918688355886,102.7728064205,96.5786930515335,True,discovery
QQQ,2011-07-05T00:00:00.000Z,51.0817122478,0.0436695836181078,102.6883902862,96.6667080281295,True,discovery
QQQ,2011-07-06T00:00:00.000Z,51.2484738513,0.0489535703428036,102.8111773907,96.7488320562875,True,discovery
QQQ,2011-07-07T00:00:00.000Z,51.9506279716,0.0710040829986928,103.8778903606,96.837159488429,True,discovery
QQQ,2011-07-08T00:00:00.000Z,51.8101971475,0.0662801993984774,103.1411677339,96.9239211766335,True,discovery
QQQ,2011-07-11T00:00:00.000Z,50.8710660117,0.0631433764287536,101.2763385851,97.004838075631,True,discovery
QQQ,2011-07-12T00:00:00.000Z,50.4848812456,0.055072584751959,100.8389095255,97.0747937998025,True,discovery
QQQ,2011-07-13T00:00:00.000Z,50.6955274817,0.0460734544846219,101.1765740628,97.148517896764,True,discovery
QQQ,2011-07-14T00:00:00.000Z,50.1074734059,0.0539362760981227,100.4782224062,97.21723747173098,True,discovery
QQQ,2011-07-15T00:00:00.000Z,50.7745198202,0.0721136663065364,101.0614611523,97.28962962228452,True,discovery
QQQ,2011-07-18T00:00:00.000Z,50.5024350986,0.0697155605143067,100.2326481973,97.359163557218,True,discovery
QQQ,2011-07-19T00:00:00.000Z,51.6522124705,0.0884039208442222,101.8595773312,97.4350168213665,True,discovery
QQQ,2011-07-20T00:00:00.000Z,51.4327893079,0.0610175629180602,101.798183779,97.5138155597345,True,discovery
QQQ,2011-07-21T00:00:00.000Z,51.7750894415,0.0758512520285354,103.2102354801,97.591013984358,True,discovery
QQQ,2011-07-22T00:00:00.000Z,52.3104819582,0.0769786772677796,103.2793032264,97.668595566806,True,discovery
QQQ,2011-07-25T00:00:00.000Z,52.2051588402,0.0937844795889883,102.7037386743,97.7438287937925,True,discovery
QQQ,2011-07-26T00:00:00.000Z,52.3324242745,0.079283193050466,102.3200289729,97.81468523124047,True,discovery
QQQ,2011-07-27T00:00:00.000Z,50.9851660563,0.0360263955786632,100.2249740033,97.87465038382,True,discovery
QQQ,2011-07-28T00:00:00.000Z,51.0729353213,0.0335701598583613,99.9333546303,97.931795952194,True,discovery
QQQ,2011-07-29T00:00:00.000Z,50.9061737177,0.0166520595970496,99.2503513618,97.982084966781,True,discovery
QQQ,2011-08-01T00:00:00.000Z,50.6691967021,-0.003108271456592,98.8282706902,98.03200325627851,True,discovery
QQQ,2011-08-02T00:00:00.000Z,49.3877654327,-0.0331615120276818,96.3034608551,98.06838983837348,True,discovery
QQQ,2011-08-03T00:00:00.000Z,49.8617194639,-0.0270594279826504,96.825306049,98.105192139056,True,discovery
QQQ,2011-08-04T00:00:00.000Z,47.5446108671,-0.0848116235843896,92.2898573785,98.125179155769,True,discovery
QQQ,2011-08-05T00:00:00.000Z,47.246195366,-0.088090801285828,92.151721886,98.140164118441,True,discovery
QQQ,2011-08-08T00:00:00.000Z,44.402471179,-0.1271566597643593,86.1505021563,98.124159686052,True,discovery
QQQ,2011-08-09T00:00:00.000Z,46.5440412457,-0.0780598052856361,90.1564314388,98.127352880034,True,discovery
QQQ,2011-08-10T00:00:00.000Z,44.6394481945,-0.1194598337967015,86.1735247384,98.109307872266,True,discovery
QQQ,2011-08-11T00:00:00.000Z,46.6054797312,-0.0698896479240092,90.0413185284,98.1105261952625,True,discovery
QQQ,2011-08-12T00:00:00.000Z,47.0179952769,-0.0739844425235807,90.6475798566,98.116061674055,True,discovery
QQQ,2011-08-15T00:00:00.000Z,47.7113724706,-0.0552659019817715,92.5661283635,98.13111425719651,True,discovery
QQQ,2011-08-16T00:00:00.000Z,47.3076338515,-0.0841121495324388,91.7756863787,98.141874258579,True,discovery
QQQ,2011-08-17T00:00:00.000Z,47.0267722034,-0.0856655290095893,91.8370799309,98.15278995135098,True,discovery
QQQ,2011-08-18T00:00:00.000Z,44.7184405331,-0.1362942871662871,87.8771958126,98.140351228809,True,discovery
QQQ,2011-08-19T00:00:00.000Z,43.9109632948,-0.1605704697982298,86.4421215294,98.118921818397,True,discovery
QQQ,2011-08-22T00:00:00.000Z,44.0689479718,-0.1558507061209207,86.5111892756,98.08910153628048,True,discovery
QQQ,2011-08-23T00:00:00.000Z,45.885771758,-0.1231865828092596,89.3583152599,98.071777205817,True,discovery
QQQ,2011-08-24T00:00:00.000Z,46.2456257446,-0.092959201240345,90.6168830805,98.061615553591,True,discovery
QQQ,2011-08-25T00:00:00.000Z,45.4908100653,-0.1092971300921482,89.2355281555,98.0478752069055,True,discovery
QQQ,2011-08-26T00:00:00.000Z,46.6318105107,-0.0839655172416505,90.5324669462,98.038766418627,True,discovery
QQQ,2011-08-29T00:00:00.000Z,47.9307956332,-0.0540446908009991,93.1340187216,98.04440506749398,True,discovery
QQQ,2011-08-30T00:00:00.000Z,48.2467649873,-0.0231028967478763,93.3795929305,98.05671753676752,True,discovery
QQQ,2011-08-31T00:00:00.000Z,48.3257573258,-0.0308044358400444,93.793999408,98.07174496300598,True,discovery
QQQ,2011-09-01T00:00:00.000Z,47.8869110007,0.0071995569499312,92.8117025724,98.088933075419,True,discovery
QQQ,2011-09-02T00:00:00.000Z,46.7634644083,-0.0102173509202264,90.4403766178,98.094037643502,True,discovery
QQQ,2011-09-06T00:00:00.000Z,46.7722413348,0.0533702312703887,89.7803959315,98.0892617860075,True,discovery
QQQ,2011-09-07T00:00:00.000Z,47.9571264127,0.030360173486881,92.3128799606,98.0959003185965,True,discovery
QQQ,2011-09-08T00:00:00.000Z,47.7377032501,0.0694062131346358,91.3536057072,98.0981206708465,True,discovery
QQQ,2011-09-09T00:00:00.000Z,46.6756951433,0.0015065913387217,88.9592571705,98.094949802559,True,discovery
QQQ,2011-09-12T00:00:00.000Z,47.2725261455,0.005413477692977,89.5348217226,98.088038415793,True,discovery
QQQ,2011-09-13T00:00:00.000Z,47.9044648537,0.0040470934517549,90.3559604835,98.0905273958225,True,discovery
QQQ,2011-09-14T00:00:00.000Z,48.5890651209,0.0270871985147778,91.6068541101,98.09790935664452,True,discovery
QQQ,2011-09-15T00:00:00.000Z,49.3087730942,0.0485255692423434,93.1877380798,98.1157296165325,True,discovery
QQQ,2011-09-16T00:00:00.000Z,49.7602055319,0.1127446516178969,93.7364080045,98.12676281466,True,discovery
QQQ,2011-09-19T00:00:00.000Z,49.7777917505,0.1336073730906914,92.8030550282,98.127267288523,True,discovery
QQQ,2011-09-20T00:00:00.000Z,49.557964018,0.1245551867884946,92.6950637747,98.125983776056,True,discovery
QQQ,2011-09-21T00:00:00.000Z,48.6962393066,0.0612492160624935,89.9644277943,98.1115387318935,True,discovery
QQQ,2011-09-22T00:00:00.000Z,47.1134796325,0.0187661832643997,87.0563776118,98.082288703169,True,discovery
QQQ,2011-09-23T00:00:00.000Z,47.6146868626,0.0466880408208003,87.5809065572,98.0539594599955,True,discovery
QQQ,2011-09-26T00:00:00.000Z,48.1686527485,0.0329569497939044,89.6635950168,98.034228342666,True,discovery
QQQ,2011-09-27T00:00:00.000Z,48.6698599787,0.0154194049094416,90.6663709418,98.01678813028052,True,discovery
QQQ,2011-09-28T00:00:00.000Z,47.948825016,-0.0061753357220618,88.8150923111,97.989788971999,True,discovery
QQQ,2011-09-29T00:00:00.000Z,47.3772729115,-0.0196268918851194,89.5170354586,97.9658835194345,True,discovery
QQQ,2011-09-30T00:00:00.000Z,46.1550307187,-0.0361660471683941,87.2800737797,97.9329489467645,True,discovery
QQQ,2011-10-03T00:00:00.000Z,44.9679609631,-0.0383954325864984,84.7962749501,97.88487240526548,True,discovery
QQQ,2011-10-04T00:00:00.000Z,45.8912374397,-0.0188360418478493,86.6552672418,97.845588738949,True,discovery
QQQ,2011-10-05T00:00:00.000Z,47.069514086,-0.0185084552202223,88.2597087218,97.813186749053,True,discovery
QQQ,2011-10-06T00:00:00.000Z,47.860893923,0.0025805739386874,89.8564365409,97.7857650000065,True,discovery
QQQ,2011-10-07T00:00:00.000Z,47.5443419882,0.0186102604842446,89.2547709859,97.7538522329115,True,discovery
QQQ,2011-10-10T00:00:00.000Z,49.1886534274,0.0405336341874844,92.239957778,97.7375497183645,True,discovery
QQQ,2011-10-11T00:00:00.000Z,49.5227915808,0.0337823777395773,92.3325217095,97.7215199349785,True,discovery
QQQ,2011-10-12T00:00:00.000Z,49.7689986412,0.0242839313200216,93.1424561105,97.70885550501,True,discovery
QQQ,2011-10-13T00:00:00.000Z,50.2262403249,0.0186065718761092,92.9573282474,97.694923276432,True,discovery
QQQ,2011-10-14T00:00:00.000Z,51.1583099107,0.028096836897181,94.5463424055,97.689696472631,True,discovery
QQQ,2011-10-17T00:00:00.000Z,50.3669300737,0.0118353647777893,92.7413457405,97.675330632407,True,discovery
QQQ,2011-10-18T00:00:00.000Z,50.991240834,0.0289212207240681,94.5540560664,97.665086042901,True,discovery
QQQ,2011-10-19T00:00:00.000Z,50.0064125923,0.0269050198609983,93.435575227,97.64951517309348,True,discovery
QQQ,2011-10-20T00:00:00.000Z,49.7602055319,0.0561776782365746,93.844399258,97.633479255286,True,discovery
QQQ,2011-10-21T00:00:00.000Z,50.3845162923,0.0581717451527674,95.6262549401,97.62730305837152,True,discovery
QQQ,2011-10-24T00:00:00.000Z,51.430896299,0.0677254472433128,96.7987314062,97.62793968627052,True,discovery
QQQ,2011-10-25T00:00:00.000Z,50.4196887295,0.0359530261966194,94.9165981316,97.619773930986,True,discovery
QQQ,2011-10-26T00:00:00.000Z,50.3581369644,0.0502475701457969,95.8808057518,97.614718417333,True,discovery
QQQ,2011-10-27T00:00:00.000Z,51.7474482339,0.0922420193024495,99.2208209482,97.6219909442405,True,discovery
QQQ,2011-10-28T00:00:00.000Z,51.8265862176,0.1228805486766178,99.1976799653,97.62994613791902,True,discovery
QQQ,2011-10-31T00:00:00.000Z,50.9560683968,0.1331638639033188,96.8064450672,97.62240951107052,True,discovery
QQQ,2011-11-01T00:00:00.000Z,49.6283088924,0.0814332247547349,94.1066637307,97.60053758815452,True,discovery
QQQ,2011-11-02T00:00:00.000Z,50.0503781388,0.0633289744048284,95.641682262,97.5911690057085,True,discovery
QQQ,2011-11-03T00:00:00.000Z,51.0879650363,0.0674260518094753,97.3849696393,97.5911631610375,True,discovery
QQQ,2011-11-04T00:00:00.000Z,50.8241717573,0.0689846495280976,96.7910177453,97.587085043616,True,discovery
QQQ,2011-11-07T00:00:00.000Z,51.1846892386,0.0405791919908125,97.3926833003,97.5832399619195,True,discovery
QQQ,2011-11-08T00:00:00.000Z,51.7738275618,0.0454545454556467,98.642296376,97.585376821706,True,discovery
QQQ,2011-11-09T00:00:00.000Z,49.9536539365,0.0037102473495846,95.0014484022,97.5674085566575,True,discovery
QQQ,2011-11-10T00:00:00.000Z,49.9272746086,-0.0059523809539807,95.8962330737,97.55269764858848,True,discovery
QQQ,2011-11-11T00:00:00.000Z,50.8681373038,-0.0056720522512669,97.7012297387,97.5556417415895,True,discovery
QQQ,2011-11-14T00:00:00.000Z,50.551585369,0.0036662011170782,96.7755904234,97.5503079388795,True,discovery
QQQ,2011-11-15T00:00:00.000Z,51.1143443642,0.0024142093462826,97.253837403,97.539533725008,True,discovery
QQQ,2011-11-16T00:00:00.000Z,50.2702058714,0.005275189029269,95.7111052107,97.521996292658,True,discovery
QQQ,2011-11-17T00:00:00.000Z,49.0919292251,-0.0134299346165598,94.1915140012,97.4957583909805,True,discovery
QQQ,2011-11-18T00:00:00.000Z,48.7138255252,-0.0331588132633382,94.0912364087,97.4676124464655,True,discovery
QQQ,2011-11-21T00:00:00.000Z,47.7817559393,-0.0709522995377187,92.3016670657,97.42740120389148,True,discovery
QQQ,2011-11-22T00:00:00.000Z,47.9400319067,-0.0491803278696003,91.9391250005,97.38309618903251,True,discovery
QQQ,2011-11-23T00:00:00.000Z,46.8584794627,-0.0694953727969333,89.9104321676,97.32978824098848,True,discovery
QQQ,2011-11-25T00:00:00.000Z,46.4979619814,-0.1014443500435454,89.7407316264,97.275441701742,True,discovery
QQQ,2011-11-28T00:00:00.000Z,48.1158940927,-0.0715982354948138,92.3402353705,97.23108928296948,True,discovery
QQQ,2011-11-29T00:00:00.000Z,47.8169283765,-0.0616048317514451,92.6024998432,97.18683162018247,True,discovery
QQQ,2011-11-30T00:00:00.000Z,49.5843433459,-0.0008858965272284,96.4130483582,97.163223443342,True,discovery
QQQ,2011-12-01T00:00:00.000Z,49.9272746086,-0.0024595924102432,96.3976210362,97.13634464314852,True,discovery
QQQ,2011-12-02T00:00:00.000Z,49.7865848598,-0.0254733218591759,96.3127707657,97.10752088363,True,discovery
QQQ,2011-12-05T00:00:00.000Z,50.3317576365,-0.0096885813142497,97.3618286564,97.082877917984,True,discovery
QQQ,2011-12-06T00:00:00.000Z,50.1910678877,-0.0194124720825827,97.3926833003,97.0686540043735,True,discovery
QQQ,2011-12-07T00:00:00.000Z,50.1910678877,-0.0305706521738369,97.7552253655,97.0593222347335,True,discovery
QQQ,2011-12-08T00:00:00.000Z,49.3469293948,-0.0121457489870761,95.6108276182,97.039610635651,True,discovery
QQQ,2011-12-09T00:00:00.000Z,50.1383092319,0.0042268404385055,97.2306964201,97.02267590267353,True,discovery
QQQ,2011-12-12T00:00:00.000Z,49.5755502366,-0.0254105445119854,95.8113828032,96.99552715026748,True,discovery
QQQ,2011-12-13T00:00:00.000Z,49.03037746,-0.0300921899460914,94.9165981316,96.972344403752,True,discovery
QQQ,2011-12-14T00:00:00.000Z,48.2653769508,-0.0557371408914205,93.9061085457,96.943044713726,True,discovery
QQQ,2011-12-15T00:00:00.000Z,48.1334803113,-0.0425048102163361,94.245509628,96.9068500290655,True,discovery
QQQ,2011-12-16T00:00:00.000Z,48.3801446134,-0.014499014867317,94.3844558029,96.87515184521148,True,discovery
QQQ,2011-12-19T00:00:00.000Z,47.9039273679,-0.0166256324271029,93.3753284689,96.84236186541652,True,discovery
QQQ,2011-12-20T00:00:00.000Z,49.3237602667,0.0322718221021198,96.2008850041,96.819327632876,True,discovery
QQQ,2011-12-21T00:00:00.000Z,48.6182532362,0.0141472857343929,96.387185435,96.797947238777,True,discovery
QQQ,2011-12-22T00:00:00.000Z,49.0327386166,0.0464005486057383,97.24106241,96.790150565886,True,discovery
QQQ,2011-12-23T00:00:00.000Z,49.4560428349,0.0636174302581968,98.1104644208,96.7832793101105,True,discovery
QQQ,2011-12-27T00:00:00.000Z,49.597144241,0.0307850488124823,98.1880896003,96.77979957847847,True,discovery
QQQ,2011-12-28T00:00:00.000Z,49.0239197787,0.0252419267230301,96.89951162,96.7755415941435,True,discovery
QQQ,2011-12-29T00:00:00.000Z,49.3766732939,-0.0041882182557364,97.900876436,96.785338646326,True,discovery
QQQ,2011-12-30T00:00:00.000Z,49.2355718878,-0.0138542054663014,97.4196003229,96.786380362157,True,discovery
QQQ,2012-01-03T00:00:00.000Z,50.1791875411,0.0078857122336384,98.9721039137,96.7934231598975,True,discovery
QQQ,2012-01-04T00:00:00.000Z,50.3908396502,0.0011738515894217,99.1273542728,96.793682103851,True,discovery
QQQ,2012-01-05T00:00:00.000Z,50.8053250306,0.0122383756463275,99.3912798832,96.7969788816705,True,discovery
QQQ,2012-01-06T00:00:00.000Z,50.9817017882,0.0157524821402286,99.1351167907,96.7975820970245,True,discovery
QQQ,2012-01-09T00:00:00.000Z,50.8141438685,0.0297326397345121,99.3757548473,96.794653891085,True,discovery
QQQ,2012-01-10T00:00:00.000Z,51.1845350595,0.0208667951438288,100.2373943402,96.79450658855248,True,discovery
QQQ,2012-01-11T00:00:00.000Z,51.290361114,0.0345898506262873,100.2917319659,96.7958528093945,True,discovery
QQQ,2012-01-12T00:00:00.000Z,51.4931943853,0.0502304296414855,100.5323700225,96.795042173594,True,discovery
QQQ,2012-01-13T00:00:00.000Z,51.3079987898,0.0630394297365903,100.0122813195,96.7881565002985,True,discovery
QQQ,2012-01-17T00:00:00.000Z,51.7753971975,0.0756628621625976,100.4004072172,96.783898738817,True,discovery
QQQ,2012-01-18T00:00:00.000Z,52.4632665522,0.084396646008972,101.5104472847,96.783052965993,True,discovery
QQQ,2012-01-19T00:00:00.000Z,52.7895635538,0.1019882179675693,102.0460610235,96.78446525599747,True,discovery
QQQ,2012-01-20T00:00:00.000Z,52.7101940128,0.0686572501323725,102.4264244032,96.78785572760349,True,discovery
QQQ,2012-01-23T00:00:00.000Z,52.7278316886,0.0845274805006797,102.1624987928,96.78832291239748,True,discovery
QQQ,2012-01-24T00:00:00.000Z,52.6308244719,0.0733812949636443,102.0460610235,96.7895061082935,True,discovery
QQQ,2012-01-25T00:00:00.000Z,53.292237313,0.0775677603423798,102.8999379984,96.79671507722948,True,discovery
QQQ,2012-01-26T00:00:00.000Z,53.1070417175,0.0707681365573162,102.3720867776,96.80281208411849,True,discovery
QQQ,2012-01-27T00:00:00.000Z,53.2657807993,0.0865263536605862,102.3255116698,96.81245626826,True,discovery
QQQ,2012-01-30T00:00:00.000Z,53.3098749887,0.0796570816221009,101.9761983619,96.8203920682135,True,discovery
QQQ,2012-01-31T00:00:00.000Z,53.3804256918,0.0841841303975399,101.9373857721,96.8277519817035,True,discovery
QQQ,2012-02-01T00:00:00.000Z,53.8125487479,0.0724077328638301,102.8300753368,96.8377425901485,True,discovery
QQQ,2012-02-02T00:00:00.000Z,53.9801066677,0.0712285614293342,102.9930882139,96.85419925099048,True,discovery
QQQ,2012-02-03T00:00:00.000Z,54.7208890496,0.0770699531327012,104.4369165533,96.87501137717248,True,discovery
QQQ,2012-02-06T00:00:00.000Z,54.6767948602,0.0724788098944011,104.3670538917,96.888639549141,True,discovery
QQQ,2012-02-07T00:00:00.000Z,54.7914397527,0.0782714335302527,104.6309795022,96.900990949265,True,discovery
QQQ,2012-02-08T00:00:00.000Z,55.0824614027,0.0761543762909795,104.9414802203,96.9154294058995,True,discovery
QQQ,2012-02-09T00:00:00.000Z,55.4793091074,0.0816712517209514,105.0734430256,96.9261367061465,True,discovery
QQQ,2012-02-10T00:00:00.000Z,55.0956896596,0.0699606096942475,104.2971912302,96.9296027004905,True,discovery
QQQ,2012-02-13T00:00:00.000Z,55.6027728377,0.0837057408045662,105.0734430256,96.935269930349,True,discovery
QQQ,2012-02-14T00:00:00.000Z,55.7438742438,0.0766479305057195,104.9414802203,96.9390555109355,True,discovery
QQQ,2012-02-15T00:00:00.000Z,55.355845377,0.0551353168587385,104.4524415892,96.941197727746,True,discovery
QQQ,2012-02-16T00:00:00.000Z,56.1142654348,0.0629802873367508,105.6090567644,96.9509939556525,True,discovery
QQQ,2012-02-17T00:00:00.000Z,55.9378886772,0.061234733145095,105.8885074107,96.965623848419,True,discovery
QQQ,2012-02-21T00:00:00.000Z,56.096627759,0.0638902826555705,105.9350825184,96.985144863598,True,discovery
QQQ,2012-02-22T00:00:00.000Z,55.8408814605,0.0609919571051726,105.5935317285,97.0007053660935,True,discovery
QQQ,2012-02-23T00:00:00.000Z,56.2112726515,0.0547741188150106,106.0592828057,97.0166091417005,True,discovery
QQQ,2012-02-24T00:00:00.000Z,56.4052870848,0.062105612751786,106.2921583443,97.02928632458652,True,discovery
QQQ,2012-02-27T00:00:00.000Z,56.4846566258,0.0604304635771395,106.4706962573,97.04831627329148,True,discovery
QQQ,2012-02-28T00:00:00.000Z,57.057881088,0.0703060380481939,106.7811969754,97.066455055096,True,discovery
QQQ,2012-02-29T00:00:00.000Z,56.8021347895,0.0641004460596803,106.3620210059,97.08646892160152,True,discovery
QQQ,2012-03-01T00:00:00.000Z,57.2518955214,0.0639134709937747,106.9131597807,97.112483981852,True,discovery
QQQ,2012-03-02T00:00:00.000Z,57.207801332,0.0597941512818713,106.5871340266,97.136945278035,True,discovery
QQQ,2012-03-05T00:00:00.000Z,56.616939194,0.0346494762298432,106.1524330212,97.154689369371,True,discovery
QQQ,2012-03-06T00:00:00.000Z,56.0613524075,0.0253225806457766,104.5999294304,97.16344910750747,True,discovery
QQQ,2012-03-07T00:00:00.000Z,56.4934754637,0.0310638982783095,105.329606118,97.1799427406845,True,discovery
QQQ,2012-03-08T00:00:00.000Z,57.1019752774,0.0366634646178141,106.3775460418,97.207594337952,True,discovery
QQQ,2012-03-09T00:00:00.000Z,57.3400839002,0.0335399777455376,106.7889594934,97.237723008343,True,discovery
QQQ,2012-03-12T00:00:00.000Z,57.3665404138,0.0412164865932362,106.7967220113,97.2662104678605,True,discovery
QQQ,2012-03-13T00:00:00.000Z,58.4336197974,0.0509119746233341,108.7218264639,97.30199432620398,True,discovery
QQQ,2012-03-14T00:00:00.000Z,58.6364530687,0.0518905236519637,108.6053886946,97.3352486957785,True,discovery
QQQ,2012-03-15T00:00:00.000Z,58.8040109884,0.0622909032987633,109.2341526489,97.366339538276,True,discovery
QQQ,2012-03-16T00:00:00.000Z,58.7624125301,0.0471920477757465,109.3846601095,97.409752170559,True,discovery
QQQ,2012-03-19T00:00:00.000Z,59.177600953,0.0579162416103218,109.8134666887,97.455843388658,True,discovery
QQQ,2012-03-20T00:00:00.000Z,59.2836065077,0.0568123054097255,109.4938108751,97.5053382157255,True,discovery
QQQ,2012-03-21T00:00:00.000Z,59.292440304,0.0618106081642269,109.3144917602,97.5592056117155,True,discovery
QQQ,2012-03-22T00:00:00.000Z,59.1687671567,0.0526139040390696,108.5270469511,97.60944124247152,True,discovery
QQQ,2012-03-23T00:00:00.000Z,59.1325485922,0.0483511679197701,108.8778886977,97.6634929289375,True,discovery
QQQ,2012-03-26T00:00:00.000Z,60.1669861309,0.0651916772636989,110.4059994163,97.721443298557,True,discovery
QQQ,2012-03-27T00:00:00.000Z,60.2553240932,0.0560385865060184,110.062954153,97.78455126511648,True,discovery
QQQ,2012-03-28T00:00:00.000Z,60.0150448357,0.0565631918255635,109.5172003249,97.84454863902148,True,discovery
QQQ,2012-03-29T00:00:00.000Z,59.7871328929,0.0442821560476081,109.3300847267,97.897424894004,True,discovery
QQQ,2012-03-30T00:00:00.000Z,59.6722935419,0.0430796526438335,109.7822807557,97.96134406996,True,discovery
QQQ,2012-04-02T00:00:00.000Z,60.2906592781,0.0648872958587865,110.5853185312,98.0282093289535,True,discovery
QQQ,2012-04-03T00:00:00.000Z,60.2729916856,0.0751255383117828,110.1331225023,98.091371765848,True,discovery
QQQ,2012-04-04T00:00:00.000Z,59.4514486361,0.0523595538798218,109.0416148462,98.146582551403,True,discovery
QQQ,2012-04-05T00:00:00.000Z,59.8224680779,0.0476427091582016,108.9870394634,98.1948055402695,True,discovery
QQQ,2012-04-09T00:00:00.000Z,59.3719444701,0.0354352563110378,107.7629915919,98.2399012254495,True,discovery
QQQ,2012-04-10T00:00:00.000Z,58.4178944771,0.0183269560220349,105.954207476,98.277372715945,True,discovery
QQQ,2012-04-11T00:00:00.000Z,58.7005759565,0.0045685370857666,106.8118206344,98.324849546783,True,discovery
QQQ,2012-04-12T00:00:00.000Z,59.3675275719,0.0124679182477742,108.2073911376,98.3749683105115,True,discovery
QQQ,2012-04-13T00:00:00.000Z,58.4708972545,-0.0056648131360581,106.9209714,98.4122470235385,True,discovery
QQQ,2012-04-16T00:00:00.000Z,57.8171963334,-0.0160853878525806,106.8508030507,98.444915717134,True,discovery
QQQ,2012-04-17T00:00:00.000Z,58.9920912321,-0.0031347962389914,108.433489152,98.4807014699685,True,discovery
QQQ,2012-04-18T00:00:00.000Z,58.8419166962,-0.0074504544766963,108.0670544389,98.5071727100605,True,discovery
QQQ,2012-04-19T00:00:00.000Z,58.1793819788,-0.0187723480344746,107.373167429,98.5305965957745,True,discovery
QQQ,2012-04-20T00:00:00.000Z,58.0203736467,-0.0194087787389357,107.5524865439,98.5543031415405,True,discovery
QQQ,2012-04-23T00:00:00.000Z,57.4903458728,-0.0277715532054139,106.648094486,98.5681541621675,True,discovery
QQQ,2012-04-24T00:00:00.000Z,57.1811630047,-0.0496256056386804,107.0535116154,98.587715881575,True,discovery
QQQ,2012-04-25T00:00:00.000Z,58.7005759565,-0.0258026682305316,108.5192504679,98.623930440989,True,discovery
QQQ,2012-04-26T00:00:00.000Z,59.0450940095,-0.0161617945775994,109.2755093439,98.666113440081,True,discovery
QQQ,2012-04-27T00:00:00.000Z,59.3984458588,-0.0065011820318641,109.4548284588,98.707504712061,True,discovery
QQQ,2012-04-30T00:00:00.000Z,58.9744236397,-0.0116950407094705,109.0494113294,98.750360656677,True,discovery
QQQ,2012-05-01T00:00:00.000Z,59.0715953982,-0.0202197802196336,109.7277053729,98.79369187778,True,discovery
QQQ,2012-05-02T00:00:00.000Z,59.2394375266,-0.0171478821624002,109.400253076,98.83952990217352,True,discovery
QQQ,2012-05-03T00:00:00.000Z,58.6122379942,-0.014115898958775,108.5660293674,98.87306216235449,True,discovery
QQQ,2012-05-04T00:00:00.000Z,57.154661616,-0.044595392794995,106.8118206344,98.89813034663148,True,discovery
QQQ,2012-05-07T00:00:00.000Z,57.2076643934,-0.0364529087941517,106.889785467,98.916528096566,True,discovery
QQQ,2012-05-08T00:00:00.000Z,56.9956532839,-0.0243459851802348,106.4609788878,98.932436474873,True,discovery
QQQ,2012-05-09T00:00:00.000Z,56.8198607389,-0.0320391271628017,105.8294637439,98.948065100221,True,discovery
QQQ,2012-05-10T00:00:00.000Z,56.7041380082,-0.0448627334273668,106.0477652751,98.966703781732,True,discovery
QQQ,2012-05-11T00:00:00.000Z,56.695304212,-0.0303671249437402,105.7281094615,98.994219459023,True,discovery
QQQ,2012-05-14T00:00:00.000Z,56.1652764381,-0.0285714285724663,104.5586369728,99.0173458707355,True,discovery
QQQ,2012-05-15T00:00:00.000Z,55.9797667173,-0.0510631925718353,103.958307762,99.04088565273648,True,discovery
QQQ,2012-05-16T00:00:00.000Z,55.5999134793,-0.0550968323081387,103.5606871158,99.0645477348645,True,discovery
QQQ,2012-05-17T00:00:00.000Z,54.4250185806,-0.0645308229566283,102.024779914,99.093154330159,True,discovery
QQQ,2012-05-18T00:00:00.000Z,53.7183148821,-0.0741473812422558,101.1515737891,99.11478566885953,True,discovery
QQQ,2012-05-21T00:00:00.000Z,55.2200602414,-0.0394898586351021,102.8901895556,99.16778732974498,True,discovery
QQQ,2012-05-22T00:00:00.000Z,55.1582236678,-0.0353777228478847,103.0695086705,99.2223762636675,True,discovery
QQQ,2012-05-23T00:00:00.000Z,55.2642292225,-0.0585402558323534,103.1240840534,99.307244173153,True,discovery
QQQ,2012-05-24T00:00:00.000Z,54.9020435771,-0.0701675643319901,103.3267926181,99.37309597904952,True,discovery
QQQ,2012-05-25T00:00:00.000Z,54.8313732072,-0.0768887566933433,102.991543838,99.4571860745475,True,discovery
QQQ,2012-05-29T00:00:00.000Z,55.5292431095,-0.0584182145000361,104.2389811592,99.5281743877015,True,discovery
QQQ,2012-05-30T00:00:00.000Z,55.0610519092,-0.0678929265743549,102.7264634072,99.5885688054545,True,discovery
QQQ,2012-05-31T00:00:00.000Z,54.822539411,-0.0745600954367046,102.5003653927,99.63823999060048,True,discovery
QQQ,2012-06-01T00:00:00.000Z,53.3640796532,-0.0895403165038559,99.9197294343,99.6789602058785,True,discovery
QQQ,2012-06-04T00:00:00.000Z,53.7713176595,-0.0591962905708615,99.8729505348,99.719139558898,True,discovery
QQQ,2012-06-05T00:00:00.000Z,53.9921625652,-0.0562075355163594,100.6292094108,99.782899626889,True,discovery
QQQ,2012-06-06T00:00:00.000Z,55.2288940376,-0.0309981401125385,102.8901895556,99.86513996702,True,discovery
QQQ,2012-06-07T00:00:00.000Z,55.0080491318,-0.0318869420575611,102.9525614217,99.94734682775052,True,discovery
QQQ,2012-06-08T00:00:00.000Z,55.5380769057,-0.0205639507707774,103.7711921638,100.01941121227,True,discovery
QQQ,2012-06-11T00:00:00.000Z,54.5972776071,-0.0370052976002189,102.4535864932,100.07859472933347,True,discovery
QQQ,2012-06-12T00:00:00.000Z,55.2642292225,-0.0160427807489392,103.6308554651,100.15057136588148,True,discovery
QQQ,2012-06-13T00:00:00.000Z,54.8843759846,-0.0195676187475337,102.9681543882,100.2127498030915,True,discovery
QQQ,2012-06-14T00:00:00.000Z,55.0875532979,-0.0092151255161709,104.0596620443,100.267378019705,True,discovery
QQQ,2012-06-15T00:00:00.000Z,55.7705117521,0.0247219607193593,105.1186271793,100.326073190949,True,discovery
QQQ,2012-06-18T00:00:00.000Z,56.2928899381,0.0479273235143473,105.322375823,100.383715073024,True,discovery
QQQ,2012-06-19T00:00:00.000Z,56.8763598102,0.029994526654975,106.3411190415,100.4513621553695,True,discovery
QQQ,2012-06-20T00:00:00.000Z,56.9215145348,0.0319678689730786,106.168716343,100.5300038539955,True,discovery
QQQ,2012-06-21T00:00:00.000Z,55.5048957254,0.004354833249027,103.7864245089,100.6000339968825,True,discovery
QQQ,2012-06-22T00:00:00.000Z,56.0892509843,0.021624102307463,104.5857461112,100.66139832763548,True,discovery
QQQ,2012-06-25T00:00:00.000Z,55.0090791421,0.0032409535728472,102.9087380437,100.719173989318,True,discovery
QQQ,2012-06-26T00:00:00.000Z,55.3543799769,-0.003149027842054,103.4259461393,100.791507434162,True,discovery
QQQ,2012-06-27T00:00:00.000Z,55.6908269441,0.0114377588706178,104.3584880086,100.865625765592,True,discovery
QQQ,2012-06-28T00:00:00.000Z,55.071056215,0.0045331136913757,104.0607015293,100.934149470821,True,discovery
QQQ,2012-06-29T00:00:00.000Z,56.8064142565,0.0645065861843936,106.6545784934,101.0093880927375,True,discovery
QQQ,2012-07-02T00:00:00.000Z,56.9746377401,0.0595730255465305,106.9758744315,101.078328774496,True,discovery
QQQ,2012-07-03T00:00:00.000Z,57.4527465883,0.0640941917990609,107.6811581982,101.14805252546448,True,discovery
QQQ,2012-07-05T00:00:00.000Z,57.4881620585,0.0409073558373609,107.1952960478,101.2200137305625,True,discovery
QQQ,2012-07-06T00:00:00.000Z,56.7709987863,0.0320489397883561,106.1765528293,101.2874211758355,True,discovery
QQQ,2012-07-09T00:00:00.000Z,56.6647523756,0.0202865409224202,106.0433325623,101.3678156996755,True,discovery
QQQ,2012-07-10T00:00:00.000Z,56.1069587194,0.0276512159299253,105.1186271793,101.458126947513,True,discovery
QQQ,2012-07-11T00:00:00.000Z,55.7970733548,0.0096417545272315,105.1343001519,101.5458939154865,True,discovery
QQQ,2012-07-12T00:00:00.000Z,55.2746951689,0.007111662969613,104.6249285426,101.62070058311548,True,discovery
QQQ,2012-07-13T00:00:00.000Z,56.1158125869,0.0186659095828676,106.380301473,101.6992702357715,True,discovery
QQQ,2012-07-16T00:00:00.000Z,55.9564429709,0.0033338625190757,106.1295339115,101.7858424437735,True,discovery
QQQ,2012-07-17T00:00:00.000Z,56.2486206003,-0.0007864108211298,106.8583271371,101.872548902166,True,discovery
QQQ,2012-07-18T00:00:00.000Z,57.0100532104,0.002350596990492,107.649812253,101.97439759453248,True,discovery
QQQ,2012-07-19T00:00:00.000Z,57.638677807,0.0125991600550536,107.9319257597,102.09007584858053,True,discovery
QQQ,2012-07-20T00:00:00.000Z,56.8728182632,0.0246450789596568,106.9445284864,102.1915221548035,True,discovery
QQQ,2012-07-23T00:00:00.000Z,56.1866435274,0.0017363851609868,105.8630933775,102.279539078082,True,discovery
QQQ,2012-07-24T00:00:00.000Z,55.7439501495,0.0133590857883965,104.9540609671,102.355027200213,True,discovery
QQQ,2012-07-25T00:00:00.000Z,55.372087712,0.0003198976324438,104.977570426,102.4336411974135,True,discovery
QQQ,2012-07-26T00:00:00.000Z,56.1069587194,0.0074721780611677,106.7094338975,102.505988578011,True,discovery
QQQ,2012-07-27T00:00:00.000Z,57.4350388532,0.0429260450166582,108.6763919579,102.587707929253,True,discovery
QQQ,2012-07-30T00:00:00.000Z,57.3907695154,0.0102867830428698,108.6763919579,102.66537760849,True,discovery
QQQ,2012-07-31T00:00:00.000Z,57.3730617803,0.0069930069940502,107.9162527871,102.7401722311885,True,discovery
QQQ,2012-08-01T00:00:00.000Z,57.2048382967,-0.0043149946055057,107.8222149516,102.806551593919,True,discovery
QQQ,2012-08-02T00:00:00.000Z,57.0011993428,-0.0084706607110602,107.0777487534,102.8782336089835,True,discovery
QQQ,2012-08-03T00:00:00.000Z,58.081371185,0.0230817217719307,109.2014365397,102.95147051135,True,discovery
QQQ,2012-08-06T00:00:00.000Z,58.5240645629,0.0328124999995698,109.4130216697,103.03135774356348,True,discovery
QQQ,2012-08-07T00:00:00.000Z,59.0110272786,0.051759507652584,109.9615757105,103.111943625826,True,discovery
QQQ,2012-08-08T00:00:00.000Z,58.9844656759,0.0571247223099344,110.0947959775,103.18428633101298,True,discovery
QQQ,2012-08-09T00:00:00.000Z,59.1615430271,0.0703187570066765,110.1888338131,103.2512368430475,True,discovery
QQQ,2012-08-10T00:00:00.000Z,59.1969584974,0.0549069106988087,110.3690729979,103.328499217379,True,discovery
QQQ,2012-08-13T00:00:00.000Z,59.3386203783,0.0604430379743561,110.3142175938,103.400666276589,True,discovery
QQQ,2012-08-14T00:00:00.000Z,59.365181981,0.0554068943813952,110.3298905664,103.45621162468,True,discovery
QQQ,2012-08-15T00:00:00.000Z,59.5156977295,0.0439509240563715,110.4552743471,103.51249959658898,True,discovery
QQQ,2012-08-16T00:00:00.000Z,60.2240071342,0.0448540706616629,111.270268922,103.584818715863,True,discovery
QQQ,2012-08-17T00:00:00.000Z,60.4896231609,0.0635946135280636,111.4191621616,103.67138120801748,True,discovery
QQQ,2012-08-20T00:00:00.000Z,60.5781618365,0.0781594705325017,111.4269986479,103.750307789947,True,discovery
QQQ,2012-08-21T00:00:00.000Z,60.3391074124,0.0824332909773386,111.0900297371,103.818833090436,True,discovery
QQQ,2012-08-22T00:00:00.000Z,60.5870157041,0.094179724976666,111.1370486549,103.89056324498398,True,discovery
QQQ,2012-08-23T00:00:00.000Z,60.0911991208,0.0710115196463567,110.2280162445,103.954739909705,True,discovery
QQQ,2012-08-24T00:00:00.000Z,60.4630615582,0.0527208262666876,110.8941175797,104.01599901572348,True,discovery
QQQ,2012-08-27T00:00:00.000Z,60.5604541014,0.0552298673247351,110.9176270386,104.09557990890548,True,discovery
QQQ,2012-08-28T00:00:00.000Z,60.5604541014,0.0555555555550713,110.8079162305,104.1701383246895,True,discovery
QQQ,2012-08-29T00:00:00.000Z,60.5604541014,0.0586596502081813,110.8941175797,104.23610276389452,True,discovery
QQQ,2012-08-30T00:00:00.000Z,59.9495372398,0.0517241379303086,110.0947959775,104.302698791665,True,discovery
QQQ,2012-08-31T00:00:00.000Z,60.34796128,0.0390243902434823,110.6198405594,104.369528807447,True,discovery
QQQ,2012-09-04T00:00:00.000Z,60.2859842071,0.0301059001516603,110.5179662375,104.443563112581,True,discovery
QQQ,2012-09-05T00:00:00.000Z,60.2240071342,0.0205551387857279,110.4239284019,104.52472518458453,True,discovery
QQQ,2012-09-06T00:00:00.000Z,61.5609411355,0.0436805764039107,112.6651634827,104.6175948199545,True,discovery
QQQ,2012-09-07T00:00:00.000Z,61.4724024599,0.0390601616279933,113.1040067153,104.72160651820252,True,discovery
QQQ,2012-09-10T00:00:00.000Z,60.6844082472,0.0251271313181626,112.461414839,104.824217967395,True,discovery
QQQ,2012-09-11T00:00:00.000Z,60.5870157041,0.0210384959717824,112.7748742909,104.9385401780115,True,discovery
QQQ,2012-09-12T00:00:00.000Z,60.7658638288,0.0235943325878844,113.1510256331,105.055591648045,True,discovery
QQQ,2012-09-13T00:00:00.000Z,61.5875027382,0.0348110681339299,114.8750526183,105.16826573428402,True,discovery
QQQ,2012-09-14T00:00:00.000Z,62.1364425268,0.0317553660675291,115.3844242275,105.2821753562055,True,discovery
QQQ,2012-09-17T00:00:00.000Z,62.1630041295,0.0276639344263869,114.9925999127,105.375073113978,True,discovery
QQQ,2012-09-18T00:00:00.000Z,62.2161273349,0.0270388775219172,114.8985620772,105.467577819183,True,discovery
QQQ,2012-09-19T00:00:00.000Z,62.3312276131,0.0330154071899746,114.9612539675,105.560820235192,True,discovery
QQQ,2012-09-20T00:00:00.000Z,62.2692505402,0.0277655998822559,114.9690904538,105.648856544179,True,discovery
QQQ,2012-09-21T00:00:00.000Z,62.2871353527,0.0365433917783128,114.9216405293,105.736501330324,True,discovery
QQQ,2012-09-24T00:00:00.000Z,61.9186512305,0.024074031892991,114.7483166045,105.821466786519,True,discovery
QQQ,2012-09-25T00:00:00.000Z,61.0529355217,0.0081320628718439,113.5271707704,105.91104850228,True,discovery
QQQ,2012-09-26T00:00:00.000Z,60.5557039352,-7.843676654151199e-05,112.8890235925,105.989340138142,True,discovery
QQQ,2012-09-27T00:00:00.000Z,61.3903426698,0.0137034733426943,113.9526022222,106.080046235237,True,discovery
QQQ,2012-09-28T00:00:00.000Z,60.8842319477,0.0155913581811515,113.4247520875,106.17258700501652,True,discovery
QQQ,2012-10-01T00:00:00.000Z,60.795440593,0.007414986413937,113.7241297759,106.2716771111675,True,discovery
QQQ,2012-10-02T00:00:00.000Z,60.9730233025,0.0113963320734686,113.8423051792,106.36966108892352,True,discovery
QQQ,2012-10-03T00:00:00.000Z,61.3637052634,0.0189243157908831,114.3071284321,106.4692744520695,True,discovery
QQQ,2012-10-04T00:00:00.000Z,61.5768045147,0.0002576857810714,115.126477895,106.5780301992,True,discovery
QQQ,2012-10-05T00:00:00.000Z,61.2482765022,-0.0036459606055938,115.1343562552,106.6726975554555,True,discovery
QQQ,2012-10-08T00:00:00.000Z,60.6888909673,7.386938802689258e-05,114.7404382442,106.7644638195015,True,discovery
QQQ,2012-10-09T00:00:00.000Z,59.7203548698,-0.0143043987928481,113.6059543726,106.8462882793145,True,discovery
QQQ,2012-10-10T00:00:00.000Z,59.4191745945,-0.022161936808701,112.8811452323,106.920141683372,True,discovery
QQQ,2012-10-11T00:00:00.000Z,59.2327127495,-0.0382348672052816,112.9441721141,106.99392209594102,True,discovery
QQQ,2012-10-12T00:00:00.000Z,59.2060753431,-0.0471602020414366,112.5738891837,107.0722939837595,True,discovery
QQQ,2012-10-15T00:00:00.000Z,59.6411529813,-0.0405683602894479,113.5114140499,107.150346671829,True,discovery
QQQ,2012-10-16T00:00:00.000Z,60.4846708514,-0.0278297052174243,114.661654642,107.23655694342452,True,discovery
QQQ,2012-10-17T00:00:00.000Z,60.4491543095,-0.0301947093884036,115.1816264166,107.317604555939,True,discovery
QQQ,2012-10-18T00:00:00.000Z,59.747702607,-0.0404942714313243,114.8822487282,107.396379028216,True,discovery
QQQ,2012-10-19T00:00:00.000Z,58.3181617956,-0.0637205987179494,112.9678071947,107.46426166477352,True,discovery
QQQ,2012-10-22T00:00:00.000Z,58.6200524018,-0.0532731053268673,112.9835639152,107.53350390039598,True,discovery
QQQ,2012-10-23T00:00:00.000Z,58.0606668669,-0.0490110529367824,111.4157702314,107.5937039773165,True,discovery
QQQ,2012-10-24T00:00:00.000Z,57.8599984052,-0.0445161290319512,111.1006358226,107.64802018472852,True,discovery
QQQ,2012-10-25T00:00:00.000Z,57.856446751,-0.0575643621637324,111.4236485916,107.703679767857,True,discovery
QQQ,2012-10-26T00:00:00.000Z,58.025150325,-0.0469593116515943,111.3606217099,107.757821026294,True,discovery
QQQ,2012-10-31T00:00:00.000Z,57.669984906,-0.0514093763695803,111.3606217099,107.814562728246,True,discovery
QQQ,2012-11-01T00:00:00.000Z,58.4894403189,-0.0407324887151884,112.5266190224,107.875193787272,True,discovery
QQQ,2012-11-02T00:00:00.000Z,57.8653258865,-0.0570105628707298,111.5260672745,107.925271887221,True,discovery
QQQ,2012-11-05T00:00:00.000Z,58.2471287118,-0.0540735400146514,111.7545397209,107.973814280708,True,discovery
QQQ,2012-11-06T00:00:00.000Z,58.3536783375,-0.0472600753850768,112.6290377053,108.0248273472185,True,discovery
QQQ,2012-11-07T00:00:00.000Z,56.977412339,-0.0611558156549573,110.076448994,108.0643970982245,True,discovery
QQQ,2012-11-08T00:00:00.000Z,56.0806196561,-0.0609463092045452,108.752884477,108.097931215492,True,discovery
QQQ,2012-11-09T00:00:00.000Z,56.3203563139,-0.0521518230730663,108.8474247997,108.1276686494985,True,discovery
QQQ,2012-11-12T00:00:00.000Z,56.3114771784,-0.0493179433373944,108.9340867621,108.160478649421,True,discovery
QQQ,2012-11-13T00:00:00.000Z,55.9207952176,-0.0554889022192697,108.5559254715,108.1916307184295,True,discovery
QQQ,2012-11-14T00:00:00.000Z,55.2637391925,-0.0733958612465541,107.0905504706,108.217202478973,True,discovery
QQQ,2012-11-15T00:00:00.000Z,55.0771885561,-0.089402524956864,106.9093481856,108.2420622910405,True,discovery
QQQ,2012-11-16T00:00:00.000Z,55.3170140053,-0.0849001175090624,107.4371983203,108.26509790595802,True,discovery
QQQ,2012-11-19T00:00:00.000Z,56.6316588036,-0.0521533660280844,109.611625741,108.2981905935935,True,discovery
QQQ,2012-11-20T00:00:00.000Z,56.6488843265,-0.0286236297184857,109.6588959023,108.3243004903385,True,discovery
QQQ,2012-11-21T00:00:00.000Z,56.7643130876,-0.0316570736150181,109.8637332681,108.35178388722052,True,discovery
QQQ,2012-11-23T00:00:00.000Z,57.6255892286,-0.007493500536213,111.3606217099,108.385432098259,True,discovery
QQQ,2012-11-26T00:00:00.000Z,57.8750929355,0.0002608802405124,111.1242709033,108.416346051674,True,discovery
QQQ,2012-11-27T00:00:00.000Z,57.6788640415,-0.0030693677104691,110.5570289674,108.443763981383,True,discovery
QQQ,2012-11-28T00:00:00.000Z,58.1760956281,0.0026013772003097,111.4472836723,108.4795144435935,True,discovery
QQQ,2012-11-29T00:00:00.000Z,58.5223819116,0.0147806004629509,111.9672554468,108.51398350569949,True,discovery
QQQ,2012-11-30T00:00:00.000Z,58.4247114213,-0.0011066766453411,111.9908905275,108.54923055723548,True,discovery
QQQ,2012-12-03T00:00:00.000Z,58.3092826602,0.0076722418287384,111.4394053121,108.58416537585,True,discovery
QQQ,2012-12-04T00:00:00.000Z,58.2737661183,0.0004573170744912,111.2818381077,108.6125292825665,True,discovery
QQQ,2012-12-05T00:00:00.000Z,57.628430552,-0.0124284844788256,111.4787971132,108.640480731079,True,discovery
QQQ,2012-12-06T00:00:00.000Z,57.9985129186,0.0179211469542479,111.8569584037,108.6700901105055,True,discovery
QQQ,2012-12-07T00:00:00.000Z,57.6522266351,0.0280240658651327,112.1957278932,108.703101091329,True,discovery
QQQ,2012-12-10T00:00:00.000Z,57.8209302091,0.0266435440648953,112.2429980545,108.734019667573,True,discovery
QQQ,2012-12-11T00:00:00.000Z,58.5756567244,0.0402081362352984,113.0071989958,108.76759487083052,True,discovery
QQQ,2012-12-12T00:00:00.000Z,58.4513488278,0.0452524610988285,113.0623475174,108.800553127131,True,discovery
QQQ,2012-12-13T00:00:00.000Z,57.990610488,0.0493428663232775,112.369051818,108.828492401344,True,discovery
QQQ,2012-12-14T00:00:00.000Z,57.4391273837,0.0428841574800826,111.9514987264,108.85643978994648,True,discovery
QQQ,2012-12-17T00:00:00.000Z,58.2027330345,0.0521669341899675,113.2671848831,108.8882099154585,True,discovery
QQQ,2012-12-18T00:00:00.000Z,59.088160424,0.0433768261833757,114.5277225183,108.927912857917,True,discovery
QQQ,2012-12-19T00:00:00.000Z,58.8335956099,0.0385658307197764,113.6768596145,108.9655349908835,True,discovery
QQQ,2012-12-20T00:00:00.000Z,58.8331516532,0.0364461129373188,114.3307635128,109.0141891612955,True,discovery
QQQ,2012-12-21T00:00:00.000Z,58.2174990368,0.0102716486915543,113.3001400639,109.054041831025,True,discovery
QQQ,2012-12-24T00:00:00.000Z,58.1014212013,0.0039106333021743,112.9510115421,109.08690915852652,True,discovery
QQQ,2012-12-26T00:00:00.000Z,57.5924645379,-0.0014979404507313,112.4749271942,109.1153389970305,True,discovery
QQQ,2012-12-27T00:00:00.000Z,57.5031738952,-0.0115669799706353,112.3241671507,109.1429762227275,True,discovery
QQQ,2012-12-28T00:00:00.000Z,56.9495719105,-0.0268753586187894,111.1101520635,109.15491785072552,True,discovery
QQQ,2012-12-31T00:00:00.000Z,58.1550848775,-0.0046149401039523,112.9986199769,109.176884007137,True,discovery
QQQ,2013-01-02T00:00:00.000Z,60.0033118907,0.0290524793517359,115.89479976,109.2101872426925,True,discovery
QQQ,2013-01-03T00:00:00.000Z,59.6926697447,0.0243489261277454,115.6329533687,109.2414287089885,True,discovery
QQQ,2013-01-04T00:00:00.000Z,59.4943552273,0.0323785440177191,116.1407766731,109.2730652589105,True,discovery
QQQ,2013-01-07T00:00:00.000Z,59.5125705184,0.0261051106935268,115.8233871078,109.304713140074,True,discovery
QQQ,2013-01-08T00:00:00.000Z,59.3961355203,0.0302487689892321,115.4901280643,109.33559132159448,True,discovery
QQQ,2013-01-09T00:00:00.000Z,59.6193621271,0.0311034760509085,115.7837134122,109.3718746539,True,discovery
QQQ,2013-01-10T00:00:00.000Z,59.9765246979,0.0239155316702828,116.7041431515,109.411005926169,True,discovery
QQQ,2013-01-11T00:00:00.000Z,60.0568862763,0.0274679281265173,116.6962084123,109.442456971149,True,discovery
QQQ,2013-01-14T00:00:00.000Z,59.7890143482,0.0310119835791717,116.616861021,109.475226505489,True,discovery
QQQ,2013-01-15T00:00:00.000Z,59.4943552273,0.0357809726089821,116.6962084123,109.51112154592602,True,discovery
QQQ,2013-01-16T00:00:00.000Z,59.7354399626,0.0263339339613395,116.6803389341,109.547872816963,True,discovery
QQQ,2013-01-17T00:00:00.000Z,60.0211700192,0.015790127641561,117.4341391516,109.58613210894252,True,discovery
QQQ,2013-01-18T00:00:00.000Z,59.8872340552,0.0179087889219997,117.695985543,109.6216854440015,True,discovery
QQQ,2013-01-22T00:00:00.000Z,59.9854537621,0.0195859320216671,118.3307646735,109.66267365485751,True,discovery
QQQ,2013-01-23T00:00:00.000Z,60.3515453972,0.0366564417178252,118.5211984127,109.71007157269,True,discovery
QQQ,2013-01-24T00:00:00.000Z,59.5211424201,0.0244352236046203,118.5529373692,109.757901062219,True,discovery
QQQ,2013-01-25T00:00:00.000Z,59.8247306053,0.038759689923167,119.2194554563,109.815183381541,True,discovery
QQQ,2013-01-28T00:00:00.000Z,59.9586665693,0.042701863354102,119.0766301519,109.88079549492048,True,discovery
QQQ,2013-01-29T00:00:00.000Z,59.9675956336,0.0529946691757934,119.5447797607,109.944460290552,True,discovery
QQQ,2013-01-30T00:00:00.000Z,59.8425887338,0.0290173053629725,119.0766301519,109.9988064856235,True,discovery
QQQ,2013-01-31T00:00:00.000Z,59.7086527698,-0.0049107142858504,118.783044804,110.05811685264352,True,discovery
QQQ,2013-02-01T00:00:00.000Z,60.4140488471,0.0120848858911031,120.0049946303,110.1238878105415,True,discovery
QQQ,2013-02-04T00:00:00.000Z,59.3604192633,-0.0022512381802994,118.6560889779,110.175000809671,True,discovery
QQQ,2013-02-05T00:00:00.000Z,60.2354675617,0.0121469638599545,119.8542345868,110.2339367104105,True,discovery
QQQ,2013-02-06T00:00:00.000Z,60.0390281477,0.0108238123872601,119.9415167173,110.296778456852,True,discovery
QQQ,2013-02-07T00:00:00.000Z,60.0926025334,0.0079376965706394,119.7828219346,110.3579301338055,True,discovery
QQQ,2013-02-08T00:00:00.000Z,60.7087079679,0.0122078308752964,120.4493400217,110.426936361484,True,discovery
QQQ,2013-02-11T00:00:00.000Z,60.7265660965,0.0111507582514192,120.4255358043,110.4937964824285,True,discovery
QQQ,2013-02-12T00:00:00.000Z,60.4765522969,0.0114994026276451,120.6239042826,110.554319751502,True,discovery
QQQ,2013-02-13T00:00:00.000Z,60.6908498394,0.0201110610835055,120.7270558913,110.611577484239,True,discovery
QQQ,2013-02-14T00:00:00.000Z,60.6729917109,0.0156950672647091,120.8381422392,110.668494053141,True,discovery
QQQ,2013-02-15T00:00:00.000Z,60.4944104255,0.0078845581675368,120.6953169348,110.726723581168,True,discovery
QQQ,2013-02-19T00:00:00.000Z,60.9319345747,0.0174444610104562,121.5998771958,110.78608444028252,True,discovery
QQQ,2013-02-20T00:00:00.000Z,59.9943828264,0.0001488538260527,120.0843420216,110.8395048850105,True,discovery
QQQ,2013-02-21T00:00:00.000Z,59.351490199,-0.016570498594828,119.3543460215,110.893446468281,True,discovery
QQQ,2013-02-22T00:00:00.000Z,59.9488445986,0.0071857185717518,120.5207526739,110.96199112847847,True,discovery
QQQ,2013-02-25T00:00:00.000Z,59.2086251707,-0.0102985074628219,118.2276130648,111.01868026646753,True,discovery
QQQ,2013-02-26T00:00:00.000Z,59.4318517774,-0.0087862993299077,119.0369564562,111.0815601543095,True,discovery
QQQ,2013-02-27T00:00:00.000Z,60.0381352413,0.0011762954134595,120.5366221522,111.155095946351,True,discovery
QQQ,2013-02-28T00:00:00.000Z,59.914021248,0.0011936735310325,120.2985799782,111.22635001986652,True,discovery
QQQ,2013-03-01T00:00:00.000Z,60.1640350475,0.0076267384470334,120.6953169348,111.301186057233,True,discovery
QQQ,2013-03-04T00:00:00.000Z,60.4319069756,0.0002955956245409,121.3380308045,111.38508302639153,True,discovery
QQQ,2013-03-05T00:00:00.000Z,61.3248134025,0.033092659445121,122.4250900655,111.477416937909,True,discovery
QQQ,2013-03-06T00:00:00.000Z,61.17301931,0.0155647791285036,122.5917195873,111.5725721002665,True,discovery
QQQ,2013-03-07T00:00:00.000Z,61.3337424668,0.0215645449142667,122.813892283,111.67651766211152,True,discovery
QQQ,2013-03-08T00:00:00.000Z,61.405174981,0.0218424962851369,123.3375850657,111.78744771849448,True,discovery
QQQ,2013-03-11T00:00:00.000Z,61.5837562664,0.0144138843963321,123.8057346745,111.892025444089,True,discovery
QQQ,2013-03-12T00:00:00.000Z,61.3605296596,0.0104396412287264,123.5280188049,111.994317994761,True,discovery
QQQ,2013-03-13T00:00:00.000Z,61.2801680812,0.0132880555153802,123.7025830658,112.097210489823,True,discovery
QQQ,2013-03-14T00:00:00.000Z,61.4855365594,0.0130940120644693,124.3611664137,112.202382358801,True,discovery
QQQ,2013-03-15T00:00:00.000Z,61.3152682328,0.0105858719635976,124.1974886149,112.30841208268548,True,discovery
QQQ,2013-03-18T00:00:00.000Z,61.1810208203,0.0113499807663317,123.5120632141,112.40477749296,True,discovery
QQQ,2013-03-19T00:00:00.000Z,61.0646730627,0.002178471583522,123.2251409533,112.5072708806905,True,discovery
QQQ,2013-03-20T00:00:00.000Z,61.4933698002,0.0249854553573369,124.0859077357,112.6151985924055,True,discovery
QQQ,2013-03-21T00:00:00.000Z,60.7961782376,0.0243412260375619,123.0258893833,112.7307293921505,True,discovery
QQQ,2013-03-22T00:00:00.000Z,61.3868668529,0.0239874890655287,124.0141771705,112.851435525329,True,discovery
QQQ,2013-03-25T00:00:00.000Z,61.1631211653,0.0330103255896438,123.4961230885,112.96577009371752,True,discovery
QQQ,2013-03-26T00:00:00.000Z,61.4942647829,0.0347021495009898,124.4844108757,113.073741200318,True,discovery
QQQ,2013-03-27T00:00:00.000Z,61.5757082132,0.0256099388450412,124.4844108757,113.181400447588,True,discovery
QQQ,2013-03-28T00:00:00.000Z,61.726960298,0.0302590113672351,124.8669738901,113.2868793562195,True,discovery
QQQ,2013-04-01T00:00:00.000Z,61.3063184053,0.0189861493980274,124.3728299965,113.396475573736,True,discovery
QQQ,2013-04-02T00:00:00.000Z,61.7896090906,0.0224666435819771,124.9865248321,113.503253920571,True,discovery
QQQ,2013-04-03T00:00:00.000Z,61.2257699578,-0.0016150631237952,123.7192848469,113.6070095728645,True,discovery
QQQ,2013-04-04T00:00:00.000Z,61.2436696128,0.0011549258741336,124.2213988033,113.70781825665952,True,discovery
QQQ,2013-04-05T00:00:00.000Z,60.7344244278,-0.0097714245845084,123.6634944073,113.8005425927995,True,discovery
QQQ,2013-04-08T00:00:00.000Z,61.0557232352,-0.0056909168634098,124.5003510013,113.896432468691,True,discovery
QQQ,2013-04-09T00:00:00.000Z,61.4674153004,-0.0018891502086481,124.9307343925,113.989380545446,True,discovery
QQQ,2013-04-10T00:00:00.000Z,62.6622172723,0.0212137610271809,126.4609864502,114.090841895982,True,discovery
QQQ,2013-04-11T00:00:00.000Z,62.6398427035,0.0221878409422497,126.8754297158,114.2062869220165,True,discovery
QQQ,2013-04-12T00:00:00.000Z,62.595093566,0.0180458213213781,126.5645972666,114.3161811777935,True,discovery
QQQ,2013-04-15T00:00:00.000Z,61.3600173704,0.000729820465436,123.6316141561,114.41979555835547,True,discovery
QQQ,2013-04-16T00:00:00.000Z,62.1744516733,0.0162375658281004,125.4567585373,114.52994962034548,True,discovery
QQQ,2013-04-17T00:00:00.000Z,60.9617500464,-0.0016854755972298,123.6236440933,114.626275400769,True,discovery
QQQ,2013-04-18T00:00:00.000Z,60.1150963645,-0.0224133665170439,122.8505480017,114.720224633131,True,discovery
QQQ,2013-04-19T00:00:00.000Z,60.9393754776,0.0023553658165873,123.9185364169,114.8065444227485,True,discovery
QQQ,2013-04-22T00:00:00.000Z,61.565863403,0.0029158769501778,124.4684707501,114.8940074043415,True,discovery
QQQ,2013-04-23T00:00:00.000Z,62.1565520183,0.0162423178227799,125.7516508609,114.984359867655,True,discovery
QQQ,2013-04-24T00:00:00.000Z,62.1297025357,0.0103332848200292,125.8313514889,115.0775401448605,True,discovery
QQQ,2013-04-25T00:00:00.000Z,62.4608461534,0.0143747910642828,126.3414355082,115.178364558255,True,discovery
QQQ,2013-04-26T00:00:00.000Z,62.2639499483,0.0086994345373168,126.1182737498,115.2787392641925,True,discovery
QQQ,2013-04-29T00:00:00.000Z,62.8367389086,0.0249635036503463,126.9631004066,115.38796163032902,True,discovery
QQQ,2013-04-30T00:00:00.000Z,63.2931801113,0.0243337195821284,127.265962793,115.49861994353452,True,discovery
QQQ,2013-05-01T00:00:00.000Z,62.9978358037,0.0289431369686554,126.150154001,115.60624607082651,True,discovery
QQQ,2013-05-02T00:00:00.000Z,63.7943704516,0.0416483998252596,127.3217532326,115.7109533296245,True,discovery
QQQ,2013-05-03T00:00:00.000Z,64.5461559619,0.0627606430786433,128.6129034062,115.823370177098,True,discovery
QQQ,2013-05-06T00:00:00.000Z,64.7967511321,0.0612723541491555,128.939675981,115.93377692131747,True,discovery
QQQ,2013-05-07T00:00:00.000Z,64.760951822,0.0535818287706424,129.5932211306,116.04349396570552,True,discovery
QQQ,2013-05-08T00:00:00.000Z,65.0741957847,0.0384917517667575,130.1830057778,116.154749365796,True,discovery
QQQ,2013-05-09T00:00:00.000Z,64.98156507,0.0373839119868855,129.816382889,116.269108637809,True,discovery
QQQ,2013-05-10T00:00:00.000Z,65.3784899198,0.0444666857293727,130.2387962174,116.39098715200848,True,discovery
QQQ,2013-05-13T00:00:00.000Z,65.4590383674,0.0668028004662424,130.3424070338,116.517928882342,True,discovery
QQQ,2013-05-14T00:00:00.000Z,65.7991318126,0.0582985461350931,131.6893476471,116.65148776844752,True,discovery
QQQ,2013-05-15T00:00:00.000Z,65.9333792251,0.0815532555236018,132.3986832363,116.77993401514152,True,discovery
QQQ,2013-05-16T00:00:00.000Z,65.8617806051,0.0955946939809548,131.7770183379,116.8954371470415,True,discovery
QQQ,2013-05-17T00:00:00.000Z,66.4972183579,0.0912028197982262,133.0522283859,117.0173163291815,True,discovery
QQQ,2013-05-20T00:00:00.000Z,66.3987702553,0.0784997819435191,133.0442583231,117.14295635686148,True,discovery
QQQ,2013-05-21T00:00:00.000Z,66.4703688754,0.0694024478035708,133.2355398303,117.27002298125498,True,discovery
QQQ,2013-05-22T00:00:00.000Z,65.8877351048,0.0604868913856559,132.2472520431,117.39587049770348,True,discovery
QQQ,2013-05-23T00:00:00.000Z,65.73648302,0.0524430434156339,131.8646890287,117.50918676014852,True,discovery
QQQ,2013-05-24T00:00:00.000Z,65.70068371,0.0551962052608876,131.7531081495,117.62088719254751,True,discovery
QQQ,2013-05-28T00:00:00.000Z,66.1302754302,0.0524141860129097,132.5421443667,117.73379003582852,True,discovery
QQQ,2013-05-29T00:00:00.000Z,65.8170314676,0.0398755656116796,131.6813775843,117.84172294386252,True,discovery
QQQ,2013-05-30T00:00:00.000Z,66.1660747402,0.0502912345492656,132.1675514151,117.9516165318725,True,discovery
QQQ,2013-05-31T00:00:00.000Z,65.5574864699,0.0276374859696695,130.2706764686,118.051124549226,True,discovery
QQQ,2013-06-03T00:00:00.000Z,65.6738342275,0.0174708818642219,130.9879821206,118.15449337186,True,discovery
QQQ,2013-06-04T00:00:00.000Z,65.3337407823,0.0082872928166606,130.3583471594,118.254635654825,True,discovery
QQQ,2013-06-05T00:00:00.000Z,64.4835071694,-0.0042841348805769,128.5332027782,118.34502529698052,True,discovery
QQQ,2013-06-06T00:00:00.000Z,64.7967511321,-0.0042635125836657,129.696831947,118.4371581121055,True,discovery
QQQ,2013-06-07T00:00:00.000Z,65.682784055,0.010791044879338,131.3466349467,118.536795476031,True,discovery
QQQ,2013-06-10T00:00:00.000Z,65.7096335375,0.0050650239567511,131.3466349467,118.636393657525,True,discovery
QQQ,2013-06-11T00:00:00.000Z,65.0562961297,-0.0061525840853258,129.9917242706,118.7309021301925,True,discovery
QQQ,2013-06-12T00:00:00.000Z,64.3045106193,-0.0227149075090651,128.9157657926,118.819795715881,True,discovery
QQQ,2013-06-13T00:00:00.000Z,65.1189449222,-0.0123523822451064,130.8764012414,118.9230376408655,True,discovery
QQQ,2013-06-14T00:00:00.000Z,64.689353202,-0.0178013317029755,130.055484773,119.018844476832,True,discovery
QQQ,2013-06-17T00:00:00.000Z,65.3158411273,-0.0177658142667203,131.0597126859,119.11955490506853,True,discovery
QQQ,2013-06-18T00:00:00.000Z,65.8528307776,-0.0082221323618024,132.0958208499,119.2259944281655,True,discovery
QQQ,2013-06-19T00:00:00.000Z,65.1189449222,-0.0203312239132186,130.2706764686,119.32287722261,True,discovery
QQQ,2013-06-20T00:00:00.000Z,63.5661498502,-0.0352354691037311,127.0428010346,119.40761724789547,True,discovery
QQQ,2013-06-21T00:00:00.000Z,63.2337622065,-0.0380720217833763,127.4485728719,119.491760909458,True,discovery
QQQ,2013-06-24T00:00:00.000Z,62.6052852287,-0.047113641845235,125.8381395314,119.5683617759275,True,discovery
QQQ,2013-06-25T00:00:00.000Z,63.0631755983,-0.0463796621433597,127.0479675633,119.65148197173448,True,discovery
QQQ,2013-06-26T00:00:00.000Z,63.6288048783,-0.0332471176609843,128.3058682322,119.729685495482,True,discovery
QQQ,2013-06-27T00:00:00.000Z,63.8981521544,-0.0342762147324737,129.0590062123,119.809460492967,True,discovery
QQQ,2013-06-28T00:00:00.000Z,63.9879345798,-0.0239416117764161,128.530207205,119.889804454797,True,discovery
QQQ,2013-07-01T00:00:00.000Z,64.3829772516,-0.0196555750259433,129.2833451852,119.97234680926849,True,discovery
QQQ,2013-07-02T00:00:00.000Z,64.4099119792,-0.0141401485976182,129.1631635926,120.052407499066,True,discovery
QQQ,2013-07-03T00:00:00.000Z,64.6711788371,0.0029103824518568,129.2192483358,120.12412847765349,True,discovery
QQQ,2013-07-05T00:00:00.000Z,65.1640843525,0.0056690067631806,130.6133548096,120.200273130564,True,discovery
QQQ,2013-07-08T00:00:00.000Z,65.2269320503,-0.0069402052799451,131.3584806836,120.2821025344185,True,discovery
QQQ,2013-07-09T00:00:00.000Z,65.621974722,-0.0013340329382596,132.3039092118,120.3691292700915,True,discovery
QQQ,2013-07-10T00:00:00.000Z,65.9990609087,0.0144915224979984,132.3519818489,120.4560829094985,True,discovery
QQQ,2013-07-11T00:00:00.000Z,67.3098843195,0.0467365923674096,134.1547057375,120.552010985917,True,discovery
QQQ,2013-07-12T00:00:00.000Z,67.6061663233,0.0381950506733728,134.2107904807,120.648456735674,True,discovery
QQQ,2013-07-15T00:00:00.000Z,67.7587964465,0.0474489710063308,134.7235652757,120.74833297903,True,discovery
QQQ,2013-07-16T00:00:00.000Z,67.6690140211,0.0360275984077687,134.2188025869,120.85179113811247,True,discovery
QQQ,2013-07-17T00:00:00.000Z,67.8396006293,0.0301698473435374,134.5633231522,120.960162635911,True,discovery
QQQ,2013-07-18T00:00:00.000Z,67.6690140211,0.0391601722347723,135.30043692,121.0669018094,True,discovery
QQQ,2013-07-19T00:00:00.000Z,66.968711103,0.0535278801818024,135.5408001052,121.1774820494885,True,discovery
QQQ,2013-07-22T00:00:00.000Z,67.1662324389,0.0621894079235374,135.8051996088,121.287887398653,True,discovery
QQQ,2013-07-23T00:00:00.000Z,66.6724290992,0.0649648644781752,135.5167637867,121.39625969169047,True,discovery
QQQ,2013-07-24T00:00:00.000Z,66.8879069201,0.0606492027322376,135.020013204,121.49982411555,True,discovery
QQQ,2013-07-25T00:00:00.000Z,67.3098843195,0.0578524058127547,135.3485095571,121.60093427386052,True,discovery
QQQ,2013-07-26T00:00:00.000Z,67.6690140211,0.0590136293392067,135.4927274682,121.70272612992548,True,discovery
QQQ,2013-07-29T00:00:00.000Z,67.5433186255,0.0555633506386434,135.0760979472,121.8044044284405,True,discovery
QQQ,2013-07-30T00:00:00.000Z,67.9024483271,0.0546646213912473,135.0760979472,121.9117551463135,True,discovery
QQQ,2013-07-31T00:00:00.000Z,68.0281437227,0.0561750766662811,135.1722432213,122.0232106362585,True,discovery
QQQ,2013-08-01T00:00:00.000Z,68.7194683982,0.0625980480624486,136.7346039248,122.142162795312,True,discovery
QQQ,2013-08-02T00:00:00.000Z,69.1055328274,0.0604849820888917,136.9669550037,122.264128124412,True,discovery
QQQ,2013-08-05T00:00:00.000Z,69.1504240401,0.0601514108738763,136.7666523494,122.38040431590952,True,discovery
QQQ,2013-08-06T00:00:00.000Z,68.7374248833,0.0474757148729254,135.9894780508,122.4870434329535,True,discovery
QQQ,2013-08-07T00:00:00.000Z,68.6117294877,0.0395864508225995,135.5488122114,122.58887936192748,True,discovery
QQQ,2013-08-08T00:00:00.000Z,68.9529027042,0.0244097639048237,136.045562794,122.69469593225652,True,discovery
QQQ,2013-08-09T00:00:00.000Z,68.6745771855,0.0158034528550361,135.6529695916,122.808121744241,True,discovery
QQQ,2013-08-12T00:00:00.000Z,68.8361855512,0.0159003577572496,135.4927274682,122.920667562006,True,discovery
QQQ,2013-08-13T00:00:00.000Z,69.2222499804,0.0229534297457869,135.8933327767,123.0430553747325,True,discovery
QQQ,2013-08-14T00:00:00.000Z,68.9618809468,0.0165431445216275,135.1962795398,123.1635335933185,True,discovery
QQQ,2013-08-15T00:00:00.000Z,67.7947094166,0.0018575029844651,133.3054224833,123.272942462777,True,discovery
QQQ,2013-08-16T00:00:00.000Z,67.7722638103,0.0119989274702347,132.8647566439,123.380463137447,True,discovery
QQQ,2013-08-19T00:00:00.000Z,67.651057536,0.0072182863247693,132.0154733897,123.483737395846,True,discovery
QQQ,2013-08-20T00:00:00.000Z,67.9473395398,0.0191220037701504,132.6644539896,123.584426570682,True,discovery
QQQ,2013-08-21T00:00:00.000Z,67.7139052338,0.0123489932894251,131.8472191601,123.68603233011,True,discovery
QQQ,2013-08-22T00:00:00.000Z,68.3782951817,0.0158730158728035,133.0490350858,123.7925048069345,True,discovery
QQQ,2013-08-23T00:00:00.000Z,68.8361855512,0.0172482420053596,133.4977130314,123.896848183565,True,discovery
QQQ,2013-08-26T00:00:00.000Z,68.8720985214,0.019673002791994,133.0009624488,124.011470750839,True,discovery
QQQ,2013-08-27T00:00:00.000Z,67.4625144427,-0.0064789104846522,130.861730101,124.122014978959,True,discovery
QQQ,2013-08-28T00:00:00.000Z,67.7228834763,-0.0044872640894673,131.3264322589,124.234410016255,True,discovery
QQQ,2013-08-29T00:00:00.000Z,68.1987303309,-0.0075777371309471,131.5347470194,124.34741331754152,True,discovery
QQQ,2013-08-30T00:00:00.000Z,67.7587964465,-0.0194881122509198,131.1181174984,124.460224277676,True,discovery
QQQ,2013-09-03T00:00:00.000Z,68.1448608757,-0.014541677485837,131.7110133551,124.58332659209852,True,discovery
QQQ,2013-09-04T00:00:00.000Z,68.8720985214,0.0019592476489866,132.8006597945,124.712783150143,True,discovery
QQQ,2013-09-05T00:00:00.000Z,68.9888156744,0.0054959434708259,132.9689140241,124.840441728662,True,discovery
QQQ,2013-09-06T00:00:00.000Z,69.0696198573,0.0016927083345672,133.0330108735,124.95754865432453,True,discovery
QQQ,2013-09-09T00:00:00.000Z,69.8776616858,0.0175186298861411,134.3069357548,125.080788853587,True,discovery
QQQ,2013-09-10T00:00:00.000Z,70.2188349023,0.0200860832137712,135.30043692,125.2079723718465,True,discovery
QQQ,2013-09-11T00:00:00.000Z,70.0841612642,0.0124513618676662,135.7250785471,125.3297946560325,True,discovery
QQQ,2013-09-12T00:00:00.000Z,70.0392700515,0.0156229657588826,135.3645337694,125.45099597036298,True,discovery
QQQ,2013-09-13T00:00:00.000Z,70.0841612642,0.0337703615415072,135.6689938039,125.5765557945455,True,discovery
QQQ,2013-09-16T00:00:00.000Z,69.8956181709,0.0313307279589099,136.4541802087,125.7015902772275,True,discovery
QQQ,2013-09-17T00:00:00.000Z,70.362486783,0.0400796284013318,137.0631002778,125.8270695013825,True,discovery
QQQ,2013-09-18T00:00:00.000Z,71.2064415817,0.047965116279365,138.6494972998,125.960362535244,True,discovery
QQQ,2013-09-19T00:00:00.000Z,71.3770281899,0.0540970564827432,138.4171462208,126.0952512397875,True,discovery
QQQ,2013-09-20T00:00:00.000Z,71.1280705026,0.0402141544124943,137.4540509984,126.226112304241,True,discovery
QQQ,2013-09-23T00:00:00.000Z,70.9884889247,0.0312670342824141,136.8179878524,126.352808257937,True,discovery
QQQ,2013-09-24T00:00:00.000Z,70.9884889247,0.0307292858608392,136.4959305633,126.476003118735,True,discovery
QQQ,2013-09-25T00:00:00.000Z,70.7453468213,0.0486615775548702,136.1014103841,126.5955315311895,True,discovery
QQQ,2013-09-26T00:00:00.000Z,71.2946678697,0.0527411741800682,136.6247534789,126.71744030831152,True,discovery
QQQ,2013-09-27T00:00:00.000Z,71.2046152388,0.0440753793115422,135.9967417651,126.832388022158,True,discovery
QQQ,2013-09-30T00:00:00.000Z,71.0335152401,0.0483290578542905,135.2721128646,126.943436848894,True,discovery
QQQ,2013-10-01T00:00:00.000Z,71.7539362872,0.0529618134826506,136.342953351,127.063306356559,True,discovery
QQQ,2013-10-02T00:00:00.000Z,71.7269204979,0.0414510670908763,136.2141304353,127.18461951510348,True,discovery
QQQ,2013-10-03T00:00:00.000Z,70.8894310307,0.0275496156546612,134.9581070077,127.29307412572648,True,discovery
QQQ,2013-10-04T00:00:00.000Z,71.5017889207,0.0352132973719117,135.9806389007,127.40033870763853,True,discovery
QQQ,2013-10-07T00:00:00.000Z,70.9074415569,0.014736896545427,134.8051297954,127.505980058543,True,discovery
QQQ,2013-10-08T00:00:00.000Z,69.5386415675,-0.0096867647511725,133.2351005109,127.6005017435335,True,discovery
QQQ,2013-10-09T00:00:00.000Z,69.3225152534,-0.0108675911512843,133.3317176976,127.700659631702,True,discovery
QQQ,2013-10-10T00:00:00.000Z,70.7903731368,0.0107240278881792,136.2060790031,127.816934969007,True,discovery
QQQ,2013-10-11T00:00:00.000Z,71.330688922,0.0177861536089571,137.0836851159,127.93997875861552,True,discovery
QQQ,2013-10-14T00:00:00.000Z,71.8169731288,0.0274889185928959,137.6311825074,128.066513835399,True,discovery
QQQ,2013-10-15T00:00:00.000Z,71.5648257623,0.0170877840490211,136.6328049112,128.1941270996375,True,discovery
QQQ,2013-10-16T00:00:00.000Z,72.3843047034,0.0165415248330946,138.5409943492,128.321838971499,True,discovery
QQQ,2013-10-17T00:00:00.000Z,72.8165573316,0.0201679612923937,139.4669090555,128.4396995179765,True,discovery
QQQ,2013-10-18T00:00:00.000Z,73.9692310069,0.0399442932195968,140.4089266261,128.5635793842635,True,discovery
QQQ,2013-10-21T00:00:00.000Z,74.1313257425,0.0442724850945019,140.4169780584,128.68496039119,True,discovery
QQQ,2013-10-22T00:00:00.000Z,74.2573994257,0.0460484587081075,141.2301727134,128.811994319218,True,discovery
QQQ,2013-10-23T00:00:00.000Z,73.7981310082,0.0431517311606544,140.5538524063,128.937312940928,True,discovery
QQQ,2013-10-24T00:00:00.000Z,74.1583415318,0.0401667298224002,141.0208354755,129.0634985512445,True,discovery
QQQ,2013-10-25T00:00:00.000Z,74.6536310016,0.0484380928291372,141.6649500537,129.1883025857555,True,discovery
QQQ,2013-10-28T00:00:00.000Z,74.6086046862,0.0503296146053853,141.8903901561,129.3142734944745,True,discovery
QQQ,2013-10-29T00:00:00.000Z,74.8157257372,0.0426706827308396,142.6472247856,129.4444253132975,True,discovery
QQQ,2013-10-30T00:00:00.000Z,74.6716415278,0.0410546139365655,141.9386987495,129.5706377649835,True,discovery
QQQ,2013-10-31T00:00:00.000Z,74.5095467922,0.051067073171066,141.5361271381,129.6949167060035,True,discovery
QQQ,2013-11-01T00:00:00.000Z,74.5455678446,0.0425692695224135,141.8742872917,129.817117446704,True,discovery
QQQ,2013-11-04T00:00:00.000Z,74.6626362647,0.0529591059181937,142.3734760898,129.940504899438,True,discovery
QQQ,2013-11-05T00:00:00.000Z,74.7706994218,0.0752395752399237,141.922595885,130.0584640554955,True,discovery
QQQ,2013-11-06T00:00:00.000Z,74.7526888956,0.0783320342943509,142.6472247856,130.17909418736,True,discovery
QQQ,2013-11-07T00:00:00.000Z,73.3478678538,0.0361277191187807,140.8437039665,130.2905480203465,True,discovery
QQQ,2013-11-08T00:00:00.000Z,74.3474520566,0.0422926398187299,142.7438419723,130.4081699529265,True,discovery
QQQ,2013-11-11T00:00:00.000Z,74.2573994257,0.0339811912223482,142.767996269,130.526626783512,True,discovery
QQQ,2013-11-12T00:00:00.000Z,74.3204362673,0.0385050962626898,142.4781447088,130.64129360825248,True,discovery
QQQ,2013-11-13T00:00:00.000Z,75.2119573131,0.039064443891345,143.6214480852,130.764017697919,True,discovery
QQQ,2013-11-14T00:00:00.000Z,75.4370888903,0.0359881276282583,144.3380255535,130.89179260166648,True,discovery
QQQ,2013-11-15T00:00:00.000Z,75.608188889,0.0221572924280788,144.9660372673,131.01659781485148,True,discovery
QQQ,2013-11-18T00:00:00.000Z,74.8697573157,0.0099611273075703,144.4587970369,131.1456113551465,True,discovery
QQQ,2013-11-19T00:00:00.000Z,74.6536310016,0.0053359204465066,144.14479118,131.2670641381125,True,discovery
QQQ,2013-11-20T00:00:00.000Z,74.4735257398,0.0091519219033466,143.6939109752,131.385826109402,True,discovery
QQQ,2013-11-21T00:00:00.000Z,75.2299678393,0.0144505160898247,144.8533172161,131.5111785858095,True,discovery
QQQ,2013-11-22T00:00:00.000Z,75.6352046782,0.0131483715317068,145.5779461166,131.636821616284,True,discovery
QQQ,2013-11-25T00:00:00.000Z,75.81530994,0.0161738080865518,145.4330203365,131.761859038945,True,discovery
QQQ,2013-11-26T00:00:00.000Z,76.2115415159,0.0186567164181896,145.4732774976,131.88610590502,True,discovery
QQQ,2013-11-27T00:00:00.000Z,76.7428520381,0.0277375783888302,145.8275405157,132.011608328142,True,discovery
QQQ,2013-11-29T00:00:00.000Z,77.2021204556,0.0361372975587857,145.7309233289,132.1360722335905,True,discovery
QQQ,2013-12-02T00:00:00.000Z,76.9769888784,0.0326165740513051,145.3525060142,132.2593581789875,True,discovery
QQQ,2013-12-03T00:00:00.000Z,76.9139520368,0.0301531781454709,144.7244943004,132.3749812645105,True,discovery
QQQ,2013-12-04T00:00:00.000Z,76.9859941415,0.0296278453569489,144.708391436,132.4981015115825,True,discovery
QQQ,2013-12-05T00:00:00.000Z,76.8869362475,0.0285507770145994,144.0723282899,132.6216914229245,True,discovery
QQQ,2013-12-06T00:00:00.000Z,77.445262559,0.0558624923272084,145.6826147356,132.747500733233,True,discovery
QQQ,2013-12-09T00:00:00.000Z,77.7604467671,0.0459060077526491,146.0529806181,132.8866275709995,True,discovery
QQQ,2013-12-10T00:00:00.000Z,77.7064151885,0.0464467620664657,145.5296375232,133.0190909763345,True,discovery
QQQ,2013-12-11T00:00:00.000Z,76.7068309857,0.0321095359265266,143.8951967809,133.135883849478,True,discovery
QQQ,2013-12-12T00:00:00.000Z,76.5087151978,0.0172413793102301,143.4201622795,133.2514917609845,True,discovery
QQQ,2013-12-13T00:00:00.000Z,76.4096573038,0.0128924435951431,143.404059415,133.36503547338552,True,discovery
QQQ,2013-12-16T00:00:00.000Z,76.832904669,0.0161981896140641,144.2977683923,133.47983416132448,True,discovery
QQQ,2013-12-17T00:00:00.000Z,76.6798151965,0.024176088526207,143.8388367553,133.58690289477352,True,discovery
QQQ,2013-12-18T00:00:00.000Z,77.5713362422,0.0390832328107051,146.2945235849,133.70541691476149,True,discovery
QQQ,2013-12-19T00:00:00.000Z,77.3552099281,0.0386940749705901,146.1254435081,133.821974670887,True,discovery
QQQ,2013-12-20T00:00:00.000Z,78.1408380852,0.0386929614554396,146.9710451779,133.940141971448,True,discovery
QQQ,2013-12-23T00:00:00.000Z,78.9628977691,0.0439966164573508,147.7562506957,134.05989455155398,True,discovery
QQQ,2013-12-24T00:00:00.000Z,78.9990322607,0.0419931320365185,148.0800467856,134.18265469145751,True,discovery
QQQ,2013-12-26T00:00:00.000Z,79.2610073248,0.0400131758030875,148.8328726944,134.3083061396005,True,discovery
QQQ,2013-12-27T00:00:00.000Z,79.062267621,0.0302232132544213,148.8247777922,134.430624196493,True,discovery
QQQ,2013-12-30T00:00:00.000Z,78.9448305233,0.0225733445845215,148.8004930855,134.553639218846,True,discovery
QQQ,2013-12-31T00:00:00.000Z,79.4597470286,0.0322532510867892,149.5047495809,134.68360265068,True,discovery
QQQ,2014-01-02T00:00:00.000Z,78.8364270485,0.024995140163649,148.0719518833,134.80783670533,True,discovery
QQQ,2014-01-03T00:00:00.000Z,78.2673088058,0.0166434775388488,148.0476671766,134.92764550253452,True,discovery
QQQ,2014-01-06T00:00:00.000Z,77.978232873,0.0141935246579092,147.6186373575,135.0506092424055,True,discovery
QQQ,2014-01-07T00:00:00.000Z,78.700922705,0.016213517838401,148.5252664091,135.1731646885985,True,discovery
QQQ,2014-01-08T00:00:00.000Z,78.8725615401,0.0143018053423853,148.5576460181,135.29847230324648,True,discovery
QQQ,2014-01-09T00:00:00.000Z,78.610586476,0.0116357354190983,148.654784845,135.419324173093,True,discovery
QQQ,2014-01-10T00:00:00.000Z,78.8635279172,0.0281161000107288,149.0595299573,135.542199768501,True,discovery
QQQ,2014-01-13T00:00:00.000Z,77.6981905631,0.0155469264151779,147.0762789071,135.653246293586,True,discovery
QQQ,2014-01-14T00:00:00.000Z,79.1797047187,0.0362525826269113,148.6790695518,135.7747774913625,True,discovery
QQQ,2014-01-15T00:00:00.000Z,79.8301255675,0.0390096002671274,149.4804648741,135.8972471915725,True,discovery
QQQ,2014-01-16T00:00:00.000Z,79.8391591904,0.0412017684941448,149.2861872202,136.025081703439,True,discovery
QQQ,2014-01-17T00:00:00.000Z,79.3874780454,0.0234125373002402,148.654784845,136.1472486336475,True,discovery
QQQ,2014-01-21T00:00:00.000Z,79.9927307797,0.0340962277014247,149.0919095663,136.2743907094425,True,discovery
QQQ,2014-01-22T00:00:00.000Z,80.2005041064,0.0263583815028227,149.1890483933,136.3978341964025,True,discovery
QQQ,2014-01-23T00:00:00.000Z,79.9294954194,0.0122411623383742,147.9667181541,136.5130141152105,True,discovery
QQQ,2014-01-24T00:00:00.000Z,78.3576450348,-0.0081189251000366,144.8097062782,136.6047577143505,True,discovery
QQQ,2014-01-27T00:00:00.000Z,77.5988207112,-0.0209710508319507,144.0973548806,136.6908673401745,True,discovery
QQQ,2014-01-28T00:00:00.000Z,77.5536525967,-0.0190813528335896,144.9554145186,136.7828214264345,True,discovery
QQQ,2014-01-29T00:00:00.000Z,76.7225592899,-0.0281496738756581,143.5630913323,136.88247881231553,True,discovery
QQQ,2014-01-30T00:00:00.000Z,78.1408380852,-0.016598453842614,145.0849329546,136.980619684402,True,discovery
QQQ,2014-01-31T00:00:00.000Z,77.9330647585,-0.011458691417411,144.2349682187,137.08367630502897,True,discovery
QQQ,2014-02-03T00:00:00.000Z,76.1444074243,-0.0271237303785086,140.9889124181,137.17436812711102,True,discovery
QQQ,2014-02-04T00:00:00.000Z,76.7044920441,-0.0163345690453705,141.9764904921,137.26465789748698,True,discovery
QQQ,2014-02-05T00:00:00.000Z,76.5057523403,-0.0278925619834,141.7984026427,137.35130755695,True,discovery
QQQ,2014-02-06T00:00:00.000Z,77.4813836135,-0.0176383003091981,143.6683250615,137.440890927953,True,discovery
QQQ,2014-02-07T00:00:00.000Z,78.8635279172,0.0032176511146781,145.4492035556,137.5389801882865,True,discovery
QQQ,2014-02-10T00:00:00.000Z,79.3152090622,0.0057273768613828,145.7163353297,137.63585468739402,True,discovery
QQQ,2014-02-11T00:00:00.000Z,80.2185713522,0.0324380885942661,147.3110310722,137.74181847400598,True,discovery
QQQ,2014-02-12T00:00:00.000Z,80.3721429415,0.015059897318844,147.3838851924,137.843922397935,True,discovery
QQQ,2014-02-13T00:00:00.000Z,80.9683620529,0.014258232431785,148.1448060035,137.9483166139875,True,discovery
QQQ,2014-02-14T00:00:00.000Z,81.1309672651,0.0161801312513738,148.9623911304,138.0623777996345,True,discovery
QQQ,2014-02-18T00:00:00.000Z,81.5284466727,0.0269685935365728,149.1404789798,138.17147142837052,True,discovery
QQQ,2014-02-19T00:00:00.000Z,80.9683620529,0.0121964991529905,148.1529009058,138.2691714158685,True,discovery
QQQ,2014-02-20T00:00:00.000Z,81.3477742147,0.0143050236539403,149.0271503483,138.369608787705,True,discovery
QQQ,2014-02-21T00:00:00.000Z,81.2393707399,0.0163878842675899,148.8571574012,138.465928469058,True,discovery
QQQ,2014-02-24T00:00:00.000Z,81.6729846391,0.0423103527783101,149.6828374303,138.5634276273205,True,discovery
QQQ,2014-02-25T00:00:00.000Z,81.5826484101,0.0513387660068525,149.6261731146,138.6624765784485,True,discovery
QQQ,2014-02-26T00:00:00.000Z,81.5103794269,0.0510192195688841,149.6342680168,138.7594539374455,True,discovery
QQQ,2014-02-27T00:00:00.000Z,82.037157079,0.0692703402791676,150.4194735347,138.85983926995002,True,discovery
QQQ,2014-02-28T00:00:00.000Z,81.9464481482,0.0487019355852134,150.7999339402,138.9553922014155,True,discovery
QQQ,2014-03-03T00:00:00.000Z,81.3386983113,0.0436994690681475,149.739501746,139.042096293964,True,discovery
QQQ,2014-03-04T00:00:00.000Z,82.3727801233,0.0817968503490165,151.8441763299,139.142432083924,True,discovery
QQQ,2014-03-05T00:00:00.000Z,82.5995524504,0.0768541743671378,151.9817896681,139.237079890335,True,discovery
QQQ,2014-03-06T00:00:00.000Z,82.5269853057,0.0787030096588992,152.3298704647,139.333507951043,True,discovery
QQQ,2014-03-07T00:00:00.000Z,82.1187951168,0.0598519449063117,152.3946296827,139.429303400305,True,discovery
QQQ,2014-03-10T00:00:00.000Z,82.1913622615,0.0421973811239326,152.3136806602,139.5296355433905,True,discovery
QQQ,2014-03-11T00:00:00.000Z,81.8375974311,0.0318020767860789,151.5608547513,139.6281163720035,True,discovery
QQQ,2014-03-12T00:00:00.000Z,82.1460077961,0.0240273095295797,151.6013292626,139.727357477569,True,discovery
QQQ,2014-03-13T00:00:00.000Z,80.984933481,0.0076244145928274,149.9013997909,139.81415375468998,True,discovery
QQQ,2014-03-14T00:00:00.000Z,80.4316090026,-0.0066291701683346,149.4804648741,139.903149191139,True,discovery
QQQ,2014-03-17T00:00:00.000Z,81.1391386634,0.0001007186106052,150.8323135492,139.9964730018095,True,discovery
QQQ,2014-03-18T00:00:00.000Z,82.1187951168,0.0072410117964099,151.9089355479,140.104664297206,True,discovery
QQQ,2014-03-19T00:00:00.000Z,81.6743213556,0.0087189524994808,151.0994453233,140.20522161321952,True,discovery
QQQ,2014-03-20T00:00:00.000Z,81.9010936827,0.0068019005232968,151.9817896681,140.313338825763,True,discovery
QQQ,2014-03-21T00:00:00.000Z,80.9178632975,-0.003957532406662,151.3945935541,140.4276457796425,True,discovery
QQQ,2014-03-24T00:00:00.000Z,80.2086955068,-0.0179286839922706,150.768525686,140.5330042483375,True,discovery
QQQ,2014-03-25T00:00:00.000Z,80.4723604546,-0.0136093639657149,151.484031821,140.633691232709,True,discovery
QQQ,2014-03-26T00:00:00.000Z,79.4358844528,-0.0254506847923637,150.3945111155,140.728930613553,True,discovery
QQQ,2014-03-27T00:00:00.000Z,78.9894724205,-0.0371500520863387,150.0774118057,140.8293590512285,True,discovery
QQQ,2014-03-28T00:00:00.000Z,79.1449438207,-0.0341870134802364,150.8173101952,140.9388667732415,True,discovery
QQQ,2014-03-31T00:00:00.000Z,79.7086412954,-0.0200403627024057,152.0531844283,141.044750689176,True,discovery
QQQ,2014-04-01T00:00:00.000Z,81.1087930873,-0.0153447174431651,153.0613976185,141.1597802534035,True,discovery
QQQ,2014-04-02T00:00:00.000Z,81.3179066666,-0.0155163768540951,153.5736349651,141.27234986479948,True,discovery
QQQ,2014-04-03T00:00:00.000Z,80.6723821391,-0.0224726876879132,153.3703661768,141.37872259143398,True,discovery
QQQ,2014-04-04T00:00:00.000Z,78.5266949776,-0.043742728252294,151.5572085848,141.485155252015,True,discovery
QQQ,2014-04-07T00:00:00.000Z,77.7811596078,-0.0536577388712514,149.8822737689,141.5993526156865,True,discovery
QQQ,2014-04-08T00:00:00.000Z,78.4994192933,-0.0407902754062452,150.5002108854,141.714610805754,True,discovery
QQQ,2014-04-09T00:00:00.000Z,79.8450197167,-0.0280109544107296,152.1182304406,141.8460112603,True,discovery
QQQ,2014-04-10T00:00:00.000Z,77.372024344,-0.0446121146453448,148.9228450879,141.955385647923,True,discovery
QQQ,2014-04-11T00:00:00.000Z,76.4719267635,-0.0492304243095771,147.5812710849,142.0517626621865,True,discovery
QQQ,2014-04-14T00:00:00.000Z,77.0719918171,-0.0501255856704651,148.7439685542,142.150187473896,True,discovery
QQQ,2014-04-15T00:00:00.000Z,77.3266557892,-0.0583561816851305,149.7684432474,142.256378654108,True,discovery
QQQ,2014-04-16T00:00:00.000Z,78.3539489773,-0.0406538104411483,151.3376782934,142.366650319649,True,discovery
QQQ,2014-04-17T00:00:00.000Z,78.3721327668,-0.0430880804787766,151.5490778332,142.478579890852,True,discovery
QQQ,2014-04-21T00:00:00.000Z,78.9540140309,-0.0242696629220149,152.0775766829,142.5928715325875,True,discovery
QQQ,2014-04-22T00:00:00.000Z,79.5813547688,-0.0078213557025973,152.7686905633,142.703648211356,True,discovery
QQQ,2014-04-23T00:00:00.000Z,78.8812788729,-0.019771777200417,152.4109374958,142.808910495417,True,discovery
QQQ,2014-04-24T00:00:00.000Z,79.6359061374,0.0025180267832085,152.7199060541,142.91099047962848,True,discovery
QQQ,2014-04-25T00:00:00.000Z,78.363040872,-0.0079305701038892,151.4677703179,143.0065694219735,True,discovery
QQQ,2014-04-28T00:00:00.000Z,78.6176139251,-0.006662837449157,151.9474846584,143.095533316578,True,discovery
QQQ,2014-04-29T00:00:00.000Z,79.244954663,-0.0058172693056148,152.6548600418,143.1877536643835,True,discovery
QQQ,2014-04-30T00:00:00.000Z,79.4540682423,-0.0204013003031492,153.1101821277,143.2796867486435,True,discovery
QQQ,2014-05-01T00:00:00.000Z,79.6904575059,-0.020013416815714,153.1264436307,143.3742249538625,True,discovery
QQQ,2014-05-02T00:00:00.000Z,79.5449871898,-0.0139749802770925,152.9069133393,143.465942904798,True,discovery
QQQ,2014-05-05T00:00:00.000Z,79.9632143485,0.0182933889081893,153.1996203945,143.55543882217052,True,discovery
QQQ,2014-05-06T00:00:00.000Z,78.9267383467,0.014728229106848,151.8661771431,143.63706570736,True,discovery
QQQ,2014-05-07T00:00:00.000Z,78.6994409778,0.0025480657857182,152.7605598117,143.7218425083745,True,discovery
QQQ,2014-05-08T00:00:00.000Z,78.6267058198,-0.0152584832619834,152.5979447811,143.8072484133465,True,discovery
QQQ,2014-05-09T00:00:00.000Z,78.9176464519,0.0199764982369865,152.825605824,143.8962763764465,True,discovery
QQQ,2014-05-12T00:00:00.000Z,80.2177874015,0.0489834740215793,154.3135333546,143.991101495434,True,discovery
QQQ,2014-05-13T00:00:00.000Z,80.27233877,0.041524124100682,154.4517561307,144.0858966387465,True,discovery
QQQ,2014-05-14T00:00:00.000Z,79.8541116114,0.0326854406983547,153.7199884927,144.179116091474,True,discovery
QQQ,2014-05-15T00:00:00.000Z,79.2222249261,0.0110814574138635,152.3702837381,144.2655870204285,True,discovery
QQQ,2014-05-16T00:00:00.000Z,79.7450088744,0.0175174013917047,152.8987825878,144.354219717261,True,discovery
QQQ,2014-05-19T00:00:00.000Z,80.2996144543,0.0170428374024578,153.4598044436,144.437845719855,True,discovery
QQQ,2014-05-20T00:00:00.000Z,80.0086738222,0.0053695875703729,152.4922450111,144.515472169892,True,discovery
QQQ,2014-05-21T00:00:00.000Z,80.7723929814,0.0239741816502128,153.7769037534,144.600523426912,True,discovery
QQQ,2014-05-22T00:00:00.000Z,81.1269768768,0.0187235985841283,154.150918324,144.691330628278,True,discovery
QQQ,2014-05-23T00:00:00.000Z,81.7179500357,0.0428123912289211,154.7688554405,144.7874308444235,True,discovery
QQQ,2014-05-27T00:00:00.000Z,82.7371514374,0.0523996761873839,155.7201533699,144.885803797303,True,discovery
QQQ,2014-05-28T00:00:00.000Z,82.4816691949,0.0408444240477461,155.6063228485,144.9855705635875,True,discovery
QQQ,2014-05-29T00:00:00.000Z,83.0089990905,0.0447419613223456,156.4112672503,145.090163262498,True,discovery
QQQ,2014-05-30T00:00:00.000Z,83.0180909853,0.0417569880202235,156.6633205478,145.1940132013535,True,discovery
QQQ,2014-06-02T00:00:00.000Z,82.9362639325,0.0426334438222759,156.8421970816,145.30224278906252,True,discovery
QQQ,2014-06-03T00:00:00.000Z,82.8998963535,0.0367254121651636,156.7608895662,145.419520124477,True,discovery
QQQ,2014-06-04T00:00:00.000Z,83.2090207751,0.0542564220706713,157.077988876,145.5405862856375,True,discovery
QQQ,2014-06-05T00:00:00.000Z,83.909096671,0.0661968576710674,158.1024635693,145.6710212365355,True,discovery
QQQ,2014-06-06T00:00:00.000Z,84.3909670929,0.0733117483811516,158.8586234619,145.80199208389698,True,discovery
QQQ,2014-06-09T00:00:00.000Z,84.3273238297,0.0685483870973926,159.0212384925,145.937862180559,True,discovery
QQQ,2014-06-10T00:00:00.000Z,84.4727941457,0.0530431825912021,159.0374999956,146.067804505108,True,discovery
QQQ,2014-06-11T00:00:00.000Z,84.4546103562,0.0521010306948106,158.4846088913,146.1927389844075,True,discovery
QQQ,2014-06-12T00:00:00.000Z,83.690891197,0.048047364226794,157.3625651797,146.314546998062,True,discovery
QQQ,2014-06-13T00:00:00.000Z,83.9363723553,0.0595053652380686,157.8422795202,146.449449745158,True,discovery
QQQ,2014-06-16T00:00:00.000Z,84.0091075133,0.0534716679963762,157.9723715447,146.58267944158698,True,discovery
QQQ,2014-06-17T00:00:00.000Z,84.0545669871,0.0467617753624087,158.4114321275,146.7170628671275,True,discovery
QQQ,2014-06-18T00:00:00.000Z,84.5273455142,0.0564772727272253,159.5741295968,146.85934292761948,True,discovery
QQQ,2014-06-19T00:00:00.000Z,84.4727941457,0.0458126969836352,159.7530061306,146.99955289149702,True,discovery
QQQ,2014-06-20T00:00:00.000Z,84.5719867175,0.0424644177969506,160.0755449131,147.13592731709002,True,discovery
QQQ,2014-06-23T00:00:00.000Z,84.5902193329,0.0351485725712061,160.0265271899,147.27121538291902,True,discovery
QQQ,2014-06-24T00:00:00.000Z,84.5081725634,0.0214053915953338,159.0625119659,147.401362888381,True,discovery
QQQ,2014-06-25T00:00:00.000Z,85.0460347189,0.0310901264369485,159.7814385736,147.528735402475,True,discovery
QQQ,2014-06-26T00:00:00.000Z,85.0916162575,0.0250890528715981,159.667063886,147.650568537305,True,discovery
QQQ,2014-06-27T00:00:00.000Z,85.465384874,0.0294790431778699,159.9775094666,147.7718306919025,True,discovery
QQQ,2014-06-30T00:00:00.000Z,85.6112457975,0.0322534647470631,159.8958132612,147.8944870893615,True,discovery
QQQ,2014-07-01T00:00:00.000Z,86.5502254927,0.0440329759115059,160.9660335523,148.0209722881035,True,discovery
QQQ,2014-07-02T00:00:00.000Z,86.6960864162,0.0419073029416481,161.1294259632,148.144348516876,True,discovery
QQQ,2014-07-03T00:00:00.000Z,87.2430648794,0.0397330961799313,161.9218791558,148.268642411266,True,discovery
QQQ,2014-07-07T00:00:00.000Z,86.9786919555,0.030663528950336,161.3581753383,148.3821858014585,True,discovery
QQQ,2014-07-08T00:00:00.000Z,85.9303165677,0.0190091736011599,160.3206335294,148.4917032380015,True,discovery
QQQ,2014-07-09T00:00:00.000Z,86.5684581081,0.0248087444436297,161.0395601372,148.6096307836955,True,discovery
QQQ,2014-07-10T00:00:00.000Z,86.2949688765,0.0217910959808824,160.4023297349,148.72755249310802,True,discovery
QQQ,2014-07-11T00:00:00.000Z,86.8510636474,0.037760052560096,160.6229094895,148.848187387739,True,discovery
QQQ,2014-07-14T00:00:00.000Z,87.3706931875,0.0409157643561557,161.4317019232,148.9748388454345,True,discovery
QQQ,2014-07-15T00:00:00.000Z,87.0698550327,0.0364335202455929,161.1294259632,149.09736220785598,True,discovery
QQQ,2014-07-16T00:00:00.000Z,87.4162747261,0.039994349617147,161.7258082628,149.2260075403445,True,discovery
QQQ,2014-07-17T00:00:00.000Z,86.2575920149,0.0204696656469514,159.8876436407,149.34908519422498,True,discovery
QQQ,2014-07-18T00:00:00.000Z,87.6259498036,0.0373274696284036,161.5215677492,149.474978266216,True,discovery
QQQ,2014-07-21T00:00:00.000Z,87.516554111,0.0348172900718992,161.2192917891,149.600004072985,True,discovery
QQQ,2014-07-22T00:00:00.000Z,88.0726488819,0.0411682293350617,161.9218791558,149.7348229337255,True,discovery
QQQ,2014-07-23T00:00:00.000Z,88.6351250682,0.0488349514563679,162.2813424597,149.86632645152048,True,discovery
QQQ,2014-07-24T00:00:00.000Z,88.5375805756,0.0410547754312178,162.2895120802,150.00374836294452,True,discovery
QQQ,2014-07-25T00:00:00.000Z,88.1911608823,0.0364259695740214,161.5297373697,150.14522154723852,True,discovery
QQQ,2014-07-28T00:00:00.000Z,88.2185098054,0.0322133333332423,161.5950943341,150.286538430421,True,discovery
QQQ,2014-07-29T00:00:00.000Z,88.0635325742,0.0286444468113511,160.900676588,150.4100114183455,True,discovery
QQQ,2014-07-30T00:00:00.000Z,88.4099522675,0.0214872551078086,160.9251854496,150.529218920014,True,discovery
QQQ,2014-07-31T00:00:00.000Z,86.6231559544,-0.0008412197691356,157.7472030585,150.6297990227695,True,discovery
QQQ,2014-08-01T00:00:00.000Z,86.3040851842,-0.0107628004185545,157.2651954465,150.732960975446,True,discovery
QQQ,2014-08-04T00:00:00.000Z,86.896645186,-0.0009432973485272,158.4007727019,150.8322598672095,True,discovery
QQQ,2014-08-05T00:00:00.000Z,86.2311547225,0.0035009548063631,156.8648840399,150.9192497421315,True,discovery
QQQ,2014-08-06T00:00:00.000Z,86.1673405684,-0.0046335299076151,156.9139017631,151.0017746178165,True,discovery
QQQ,2014-08-07T00:00:00.000Z,85.8938513368,-0.0046482146632911,156.0642612267,151.08001103365802,True,discovery
QQQ,2014-08-08T00:00:00.000Z,86.5137602618,-0.003883698960434,157.8697473666,151.163208906924,True,discovery
QQQ,2014-08-11T00:00:00.000Z,87.0242734941,-0.0039649415697843,158.327246117,151.2520758754775,True,discovery
QQQ,2014-08-12T00:00:00.000Z,86.9878082632,-0.0009423097060308,158.1066663624,151.337505029912,True,discovery
QQQ,2014-08-13T00:00:00.000Z,87.9085553429,0.0056314527053737,159.1768866535,151.425064712911,True,discovery
QQQ,2014-08-14T00:00:00.000Z,88.3643707289,0.0244242699661274,159.9284917434,151.5152552208475,True,discovery
QQQ,2014-08-15T00:00:00.000Z,88.7928371918,0.0133166874746055,159.8958132612,151.60149816322553,True,discovery
QQQ,2014-08-18T00:00:00.000Z,89.4765602708,0.0223958333335891,161.2356310302,151.697982824629,True,discovery
QQQ,2014-08-19T00:00:00.000Z,89.9779571953,0.0216333712859584,162.0771019461,151.80068769866898,True,discovery
QQQ,2014-08-20T00:00:00.000Z,89.9779571953,0.0151501126225834,162.5100918349,151.903866721385,True,discovery
QQQ,2014-08-21T00:00:00.000Z,90.1602833497,0.0183278418446775,162.9839298263,152.0069189900675,True,discovery
QQQ,2014-08-22T00:00:00.000Z,90.2970279655,0.0238784370466615,162.7306715895,152.11095936859,True,discovery
QQQ,2014-08-25T00:00:00.000Z,90.6160987357,0.0271778443728964,163.5558032643,152.2155022609835,True,discovery
QQQ,2014-08-26T00:00:00.000Z,90.7072618129,0.0300207039329527,163.6620083314,152.329593782808,True,discovery
QQQ,2014-08-27T00:00:00.000Z,90.7254944284,0.026190967210274,163.596651367,152.4338578297815,True,discovery
QQQ,2014-08-28T00:00:00.000Z,90.6252150435,0.0462007998323998,163.5067855411,152.537551776142,True,discovery
QQQ,2014-08-29T00:00:00.000Z,90.9625184291,0.053976972642227,163.972453912,152.645023322158,True,discovery
QQQ,2014-09-02T00:00:00.000Z,91.226891353,0.0498321443564504,163.8907577066,152.746369870265,True,discovery
QQQ,2014-09-03T00:00:00.000Z,90.6890291975,0.051696796701214,163.8008918806,152.84368420190052,True,discovery
QQQ,2014-09-04T00:00:00.000Z,90.606982428,0.0515234870928364,163.5639728849,152.9366738799885,True,discovery
QQQ,2014-09-05T00:00:00.000Z,91.062797814,0.0601783060923879,164.2992387337,153.0358760884725,True,discovery
QQQ,2014-09-08T00:00:00.000Z,91.2360076607,0.0545837723919289,163.8744184655,153.1345242249,True,discovery
QQQ,2014-09-09T00:00:00.000Z,90.4793541199,0.0397024931904113,162.8368766566,153.230239053307,True,discovery
QQQ,2014-09-10T00:00:00.000Z,91.226891353,0.0487319220295074,163.4495981973,153.323220458213,True,discovery
QQQ,2014-09-11T00:00:00.000Z,91.1539608912,0.0369179715858238,163.6374994698,153.413518224979,True,discovery
QQQ,2014-09-12T00:00:00.000Z,90.6890291975,0.0263076446923613,162.6816538663,153.49976139262802,True,discovery
QQQ,2014-09-15T00:00:00.000Z,89.8138636564,0.0114989733056338,162.5591095581,153.5851905529305,True,discovery
QQQ,2014-09-16T00:00:00.000Z,90.5978661203,0.0125318390213748,163.7845526395,153.6749756135495,True,discovery
QQQ,2014-09-17T00:00:00.000Z,90.7346107361,0.008409321175826,164.0051323942,153.766346658876,True,discovery
QQQ,2014-09-18T00:00:00.000Z,91.4183338151,0.0160081053704477,164.8792817922,153.863980537766,True,discovery
QQQ,2014-09-19T00:00:00.000Z,91.3616303811,0.0133245702738133,164.7315668832,153.96401590068,True,discovery
QQQ,2014-09-22T00:00:00.000Z,90.5117972519,0.0023784756955904,163.459349999,154.05777069349497,True,discovery
QQQ,2014-09-23T00:00:00.000Z,90.2650715047,-0.0038737844146639,162.5236550002,154.1500273270465,True,discovery
QQQ,2014-09-24T00:00:00.000Z,91.2336985122,0.0058036885777221,163.7958718845,154.240593612791,True,discovery
QQQ,2014-09-25T00:00:00.000Z,89.3147204786,-0.0155499174591258,161.1529439056,154.3160934292285,True,discovery
QQQ,2014-09-26T00:00:00.000Z,90.2650715047,-0.0039739882396652,162.4333686407,154.400612084816,True,discovery
QQQ,2014-09-29T00:00:00.000Z,90.1462776265,-0.008973375151615,162.1378860095,154.491825530959,True,discovery
QQQ,2014-09-30T00:00:00.000Z,90.2742094954,-0.0104429937650031,161.7110777645,154.58328010838397,True,discovery
QQQ,2014-10-01T00:00:00.000Z,88.8304069748,-0.0204944549428613,159.5195815832,154.663857719225,True,discovery
QQQ,2014-10-02T00:00:00.000Z,88.8304069748,-0.0196074894626552,159.5442051358,154.74008990294251,True,discovery
QQQ,2014-10-03T00:00:00.000Z,89.7076540759,-0.01488141997205,161.3006852212,154.82739914527198,True,discovery
QQQ,2014-10-06T00:00:00.000Z,89.5157562726,-0.018854961239618,161.1119046512,154.9014860506035,True,discovery
QQQ,2014-10-07T00:00:00.000Z,88.2455755741,-0.0246882680311784,158.6249258388,154.963983462257,True,discovery
QQQ,2014-10-08T00:00:00.000Z,89.9635178137,-0.0138486965911336,161.3991794316,155.0361241335255,True,discovery
QQQ,2014-10-09T00:00:00.000Z,88.5105773026,-0.0289991083520232,158.1981175938,155.088333468016,True,discovery
QQQ,2014-10-10T00:00:00.000Z,86.2991835686,-0.0484054760288581,156.3923904032,155.129895186104,True,discovery
QQQ,2014-10-13T00:00:00.000Z,84.9467609544,-0.054190995731127,153.8233330821,155.1548474880425,True,discovery
QQQ,2014-10-14T00:00:00.000Z,84.9558989451,-0.0622748351236919,154.0613607572,155.18103040286752,True,discovery
QQQ,2014-10-15T00:00:00.000Z,84.4076195069,-0.0697307364617668,153.0189636972,155.202122755926,True,discovery
QQQ,2014-10-16T00:00:00.000Z,83.87761605,-0.0824858368164052,152.8876380834,155.2190371984385,True,discovery
QQQ,2014-10-17T00:00:00.000Z,84.983312917,-0.0698139627926285,154.6933652739,155.2521442653915,True,discovery
QQQ,2014-10-20T00:00:00.000Z,86.2534936154,-0.0470469459870394,156.1954019824,155.2928829394205,True,discovery
QQQ,2014-10-21T00:00:00.000Z,88.5197152932,-0.0193358979548265,159.289761759,155.351238561428,True,discovery
QQQ,2014-10-22T00:00:00.000Z,88.0628157614,-0.0347556089746374,158.1570783394,155.3993976210795,True,discovery
QQQ,2014-10-23T00:00:00.000Z,89.3878244036,0.0008184980550605,159.9956369335,155.4565875756565,True,discovery
QQQ,2014-10-24T00:00:00.000Z,90.1188636545,-0.0016197610854646,161.2268145634,155.5194477242485,True,discovery
QQQ,2014-10-27T00:00:00.000Z,90.182829589,0.000405473897119,161.00520259,155.579176087412,True,discovery
QQQ,2014-10-28T00:00:00.000Z,91.5443901938,0.0140702500248945,162.8519690349,155.658054538051,True,discovery
QQQ,2014-10-29T00:00:00.000Z,91.2062845403,0.0267462195256407,162.6057335089,155.7276878578365,True,discovery
QQQ,2014-10-30T00:00:00.000Z,91.3981823436,0.0289064911019538,163.6481305689,155.7985261863105,True,discovery
QQQ,2014-10-31T00:00:00.000Z,92.6592250514,0.0329021085871081,165.5195205664,155.87969285304152,True,discovery
QQQ,2014-11-03T00:00:00.000Z,92.9333647705,0.0381788485089982,165.6098069259,155.964467963446,True,discovery
QQQ,2014-11-04T00:00:00.000Z,92.6226730889,0.0496013254638987,165.0352573653,156.044184702441,True,discovery
QQQ,2014-11-05T00:00:00.000Z,92.6318110795,0.0296597257493378,166.0776544253,156.128627732601,True,discovery
QQQ,2014-11-06T00:00:00.000Z,92.9242267799,0.0498657856700066,166.7424903454,156.2225065935575,True,discovery
QQQ,2014-11-07T00:00:00.000Z,92.8419848641,0.0758153324857247,166.8984395119,156.332950259726,True,discovery
QQQ,2014-11-10T00:00:00.000Z,93.170952527,0.0968158347675527,167.4237419673,156.4495821951595,True,discovery
QQQ,2014-11-11T00:00:00.000Z,93.4633682274,0.1001398300522682,167.5878989846,156.5627446174895,True,discovery
QQQ,2014-11-12T00:00:00.000Z,93.6278520589,0.109234599978812,167.4073262656,156.68196579215598,True,discovery
QQQ,2014-11-13T00:00:00.000Z,94.0299236469,0.1210371500168547,167.5961068355,156.7945216615605,True,discovery
QQQ,2014-11-14T00:00:00.000Z,94.3223393472,0.109892473117882,167.6371460898,156.911532550916,True,discovery
QQQ,2014-11-17T00:00:00.000Z,94.0390616375,0.090263799131609,167.7438481511,157.045307229581,True,discovery
QQQ,2014-11-18T00:00:00.000Z,94.7426869165,0.0703004026017022,168.7123745533,157.17898664988698,True,discovery
QQQ,2014-11-19T00:00:00.000Z,94.3132013566,0.070976444951919,168.4415154747,157.312202214047,True,discovery
QQQ,2014-11-20T00:00:00.000Z,94.7335489258,0.0598037211204873,168.7369981059,157.437545579269,True,discovery
QQQ,2014-11-21T00:00:00.000Z,94.9163087386,0.053234638005341,169.6398617012,157.558498869997,True,discovery
QQQ,2014-11-24T00:00:00.000Z,95.6564859801,0.0606951058870706,170.1159170514,157.68049677860552,True,discovery
QQQ,2014-11-25T00:00:00.000Z,95.8026938303,0.0465162707128765,169.9927992884,157.7939056196865,True,discovery
QQQ,2014-11-26T00:00:00.000Z,96.4240771935,0.0572086965223814,170.4278153843,157.909125270646,True,discovery
QQQ,2014-11-28T00:00:00.000Z,96.8718387347,0.0598880223954836,170.0666699462,158.0187345903595,True,discovery
QQQ,2014-12-01T00:00:00.000Z,95.7752798584,0.0336291913219806,168.8847394215,158.118346331815,True,discovery
QQQ,2014-12-02T00:00:00.000Z,96.1590754651,0.0347099311702092,169.9763835867,158.2225258548495,True,discovery
QQQ,2014-12-03T00:00:00.000Z,96.3326972872,0.0400552486186518,170.633011656,158.3349264086005,True,discovery
QQQ,2014-12-04T00:00:00.000Z,96.287007334,0.0394594061360085,170.444231086,158.442011812289,True,discovery
QQQ,2014-12-05T00:00:00.000Z,96.2961453246,0.0362867538589988,170.7232980155,158.5513425153605,True,discovery
QQQ,2014-12-08T00:00:00.000Z,95.6107960269,0.0298228346459086,169.5824067451,158.65084036193448,True,discovery
QQQ,2014-12-09T00:00:00.000Z,95.9123497179,0.0294233032565118,169.467496833,158.75004698052652,True,discovery
QQQ,2014-12-10T00:00:00.000Z,94.4045812629,0.0100703949937903,166.7506981963,158.835629131424,True,discovery
QQQ,2014-12-11T00:00:00.000Z,94.8523428041,0.0130782744479676,167.5961068355,158.921512297928,True,discovery
QQQ,2014-12-12T00:00:00.000Z,93.8197498622,-0.0022351797869074,164.8875160497,158.9919502084755,True,discovery
QQQ,2014-12-15T00:00:00.000Z,92.8511228548,-0.0155977523732152,163.7548326301,159.062026862896,True,discovery
QQQ,2014-12-16T00:00:00.000Z,91.3616303811,-0.0284714799337418,162.4415764916,159.1150138637045,True,discovery
QQQ,2014-12-17T00:00:00.000Z,93.0247446769,-0.0181327160492512,165.6262226276,159.18323602850202,True,discovery
QQQ,2014-12-18T00:00:00.000Z,95.2635523827,0.0100765429699147,169.721939389,159.2701963731235,True,discovery
QQQ,2014-12-19T00:00:00.000Z,95.680984933,0.010001061059605,170.4400614978,159.360423532199,True,discovery
QQQ,2014-12-22T00:00:00.000Z,95.9194536454,0.0105687307074138,171.224092383,159.45497559081298,True,discovery
QQQ,2014-12-23T00:00:00.000Z,95.5800943239,-0.0007986040404609,171.4551751703,159.554447192908,True,discovery
QQQ,2014-12-24T00:00:00.000Z,95.6626411859,-0.0014618862873322,171.4716810837,159.6537989520135,True,discovery
QQQ,2014-12-26T00:00:00.000Z,96.341359829,-0.0008578496876252,172.0246291817,159.7644150989675,True,discovery
QQQ,2014-12-29T00:00:00.000Z,96.3230160819,-0.0056654509707724,172.2557119689,159.87829133444149,True,discovery
QQQ,2014-12-30T00:00:00.000Z,95.680984933,-0.0009845434598511,171.33138082,159.9807866707955,True,discovery
QQQ,2014-12-31T00:00:00.000Z,94.6995944625,-0.015177776986112,169.6312717425,160.06939835176848,True,discovery
QQQ,2015-01-02T00:00:00.000Z,94.4152663823,-0.0199042584594459,169.5404892189,160.16160357124647,True,discovery
QQQ,2015-01-05T00:00:00.000Z,93.0303134754,-0.033822775769769,166.4786422881,160.2340878343465,True,discovery
QQQ,2015-01-06T00:00:00.000Z,91.7829386718,-0.0468679887194514,164.9105805176,160.301667769164,True,discovery
QQQ,2015-01-07T00:00:00.000Z,92.9661103605,-0.0276609522804928,166.9655667326,160.38265297439702,True,discovery
QQQ,2015-01-08T00:00:00.000Z,94.7454538303,-0.0121662735928388,169.9283781832,160.474874706208,True,discovery
QQQ,2015-01-09T00:00:00.000Z,94.1217664285,-0.0029957744700165,168.5666403299,160.56573535228,True,discovery
QQQ,2015-01-12T00:00:00.000Z,93.1403759581,-0.0180487565766905,167.24616726,160.6515791295515,True,discovery
QQQ,2015-01-13T00:00:00.000Z,93.1128603374,-0.007534549237642,166.7757487288,160.7313713222195,True,discovery
QQQ,2015-01-14T00:00:00.000Z,92.5992354183,-0.0027128098051533,165.768888013,160.799949840143,True,discovery
QQQ,2015-01-15T00:00:00.000Z,91.3977199825,0.0003950192356405,164.2503439826,160.8558945719635,True,discovery
QQQ,2015-01-16T00:00:00.000Z,92.4708291885,-0.0059544961969408,166.4043656779,160.9200482255275,True,discovery
QQQ,2015-01-20T00:00:00.000Z,93.204579073,-0.0216134424782789,166.7592428154,160.9869926087205,True,discovery
QQQ,2015-01-21T00:00:00.000Z,93.6815164979,-0.020897239263372,167.6010443975,161.067211787784,True,discovery
QQQ,2015-01-22T00:00:00.000Z,95.4150005999,-0.0052591317644998,170.0934373169,161.168267605524,True,discovery
QQQ,2015-01-23T00:00:00.000Z,95.6259536917,0.0004798004032575,169.1608532113,161.26157081715348,True,discovery
QQQ,2015-01-26T00:00:00.000Z,95.515891209,-0.001534036433458,169.5569951323,161.34876464061202,True,discovery
QQQ,2015-01-27T00:00:00.000Z,93.039485349,-0.0342726580345204,167.3204438701,161.440752634523,True,discovery
QQQ,2015-01-28T00:00:00.000Z,92.5625479241,-0.0390401828219602,165.1746751316,161.5287196547565,True,discovery
QQQ,2015-01-29T00:00:00.000Z,93.452219659,-0.0232937116560901,166.7014721186,161.6185071725785,True,discovery
QQQ,2015-01-30T00:00:00.000Z,92.7276416481,-0.0208232445512833,164.6052211202,161.69269106194253,True,discovery
QQQ,2015-02-02T00:00:00.000Z,93.534766521,-0.0093258208660318,166.6437014218,161.76922117758448,True,discovery
QQQ,2015-02-03T00:00:00.000Z,94.4336101294,0.0150842945871729,169.0535647744,161.8567436122905,True,discovery
QQQ,2015-02-04T00:00:00.000Z,94.3510632674,0.0279804137104737,168.4098341528,161.93840489964,True,discovery
QQQ,2015-02-05T00:00:00.000Z,95.1673600139,0.0236779794794477,170.1099432303,162.02511116297498,True,discovery
QQQ,2015-02-06T00:00:00.000Z,94.5895319799,-0.0016456921582671,169.6395246992,162.111254098992,True,discovery
QQQ,2015-02-09T00:00:00.000Z,94.2868601525,0.0017540440459691,168.880252684,162.1920558321415,True,discovery
QQQ,2015-02-10T00:00:00.000Z,95.7543599214,0.0280649926136857,170.6793972417,162.2881139667605,True,discovery
QQQ,2015-02-11T00:00:00.000Z,96.1028911166,0.0321118991336477,170.778432722,162.38226870707848,True,discovery
QQQ,2015-02-12T00:00:00.000Z,97.2218596904,0.049920760697625,172.4207711026,162.4810982623825,True,discovery
QQQ,2015-02-13T00:00:00.000Z,98.0565001839,0.0728549924732799,173.1305253777,162.5811999786325,True,discovery
QQQ,2015-02-17T00:00:00.000Z,98.1482189195,0.0613965483041871,173.4028729484,162.682582125221,True,discovery
QQQ,2015-02-18T00:00:00.000Z,98.2857970228,0.0545168273955753,173.4193788618,162.7851444528335,True,discovery
QQQ,2015-02-19T00:00:00.000Z,98.7719063213,0.0543371842567694,173.2955845115,162.8856242734185,True,discovery
QQQ,2015-02-20T00:00:00.000Z,99.4322812173,0.0421032394502149,174.335457054,162.997970672973,True,discovery
QQQ,2015-02-23T00:00:00.000Z,99.5331718264,0.040859389986289,174.3106981839,163.10572136483398,True,discovery
QQQ,2015-02-24T00:00:00.000Z,99.6065468148,0.0428269637022928,174.8058755852,163.2167610188545,True,discovery
QQQ,2015-02-25T00:00:00.000Z,99.3589062288,0.0679219242894051,174.6573223648,163.3259196015585,True,discovery
QQQ,2015-02-26T00:00:00.000Z,99.8633592744,0.0788743559251043,174.4509984476,163.4266069270235,True,discovery
QQQ,2015-02-27T00:00:00.000Z,99.4231093437,0.0638924330153669,173.8567855662,163.523632074201,True,discovery
QQQ,2015-03-02T00:00:00.000Z,100.3219529522,0.0818991097920971,174.9544288055,163.629804275765,True,discovery
QQQ,2015-03-03T00:00:00.000Z,99.8541874008,0.0675622671103926,174.2364215738,163.7391349649435,True,discovery
QQQ,2015-03-04T00:00:00.000Z,99.4689687115,0.0533216783219467,173.5019084286,163.84215059414748,True,discovery
QQQ,2015-03-05T00:00:00.000Z,99.6432343091,0.0560902109465526,173.6917322095,163.94331023297698,True,discovery
QQQ,2015-03-06T00:00:00.000Z,98.5150938617,0.0351773323050155,171.2488512531,164.03709326418698,True,discovery
QQQ,2015-03-09T00:00:00.000Z,98.7994219419,0.0445069329965031,171.9586055282,164.12800177306102,True,discovery
QQQ,2015-03-10T00:00:00.000Z,96.9650472308,0.0284046692611068,169.169106168,164.203092712281,True,discovery
QQQ,2015-03-11T00:00:00.000Z,96.4055629439,0.0068007662840057,168.772964247,164.2731132563135,True,discovery
QQQ,2015-03-12T00:00:00.000Z,97.0384222192,0.0097346821904134,170.9187329856,164.349106154392,True,discovery
QQQ,2015-03-13T00:00:00.000Z,96.6165160357,-0.0062264150945856,169.8706074864,164.4204275775815,True,discovery
QQQ,2015-03-16T00:00:00.000Z,97.8638908393,-0.0019642690106088,172.1401705753,164.4990720942065,True,discovery
QQQ,2015-03-17T00:00:00.000Z,98.0198126897,-0.0013082889451647,171.6284872607,164.573897927771,True,discovery
QQQ,2015-03-18T00:00:00.000Z,98.9828594131,0.0070921985822458,173.6917264324,164.658145574525,True,discovery
QQQ,2015-03-19T00:00:00.000Z,99.1296093899,0.0036215061744016,172.8994425905,164.7388383396465,True,discovery
QQQ,2015-03-20T00:00:00.000Z,99.7698611954,0.0033950742552335,174.4186551104,164.8255416708185,True,discovery
QQQ,2015-03-23T00:00:00.000Z,99.576811616,0.0004384446792886,174.0787870024,164.90542328798398,True,discovery
QQQ,2015-03-24T00:00:00.000Z,99.2182909685,-0.0038978948544605,173.1006300088,164.9766333207185,True,discovery
QQQ,2015-03-25T00:00:00.000Z,96.9476602015,-0.0242680411733545,170.5640533982,165.034347395247,True,discovery
QQQ,2015-03-26T00:00:00.000Z,96.6167180654,-0.0325108351310217,170.1578695618,165.08994924307797,True,discovery
QQQ,2015-03-27T00:00:00.000Z,97.0028172241,-0.024343355740698,170.5474744661,165.150263570952,True,discovery
QQQ,2015-03-30T00:00:00.000Z,98.1151505149,-0.021997203726202,172.6281304441,165.22659139727398,True,discovery
QQQ,2015-03-31T00:00:00.000Z,97.076359921,-0.0278188381690014,171.1194476234,165.29297723779,True,discovery
QQQ,2015-04-01T00:00:00.000Z,96.5707538798,-0.0291368742356823,170.5143166019,165.355686963076,True,discovery
QQQ,2015-04-02T00:00:00.000Z,96.6351037396,-0.030189009724118,171.1277370894,165.4192684878855,True,discovery
QQQ,2015-04-06T00:00:00.000Z,97.4256877314,-0.0110582661762405,172.2799728701,165.482797704252,True,discovery
QQQ,2015-04-07T00:00:00.000Z,97.2602166633,-0.0155790919455494,171.8240522374,165.54315293478598,True,discovery
QQQ,2015-04-08T00:00:00.000Z,98.0324149809,0.0110077577496499,172.4043148608,165.60479678452452,True,discovery
QQQ,2015-04-09T00:00:00.000Z,98.6483350675,0.0232639285028095,173.1669457372,165.67049887726097,True,discovery
QQQ,2015-04-10T00:00:00.000Z,99.0528199005,0.0207587637477213,174.1119448666,165.74574604176448,True,discovery
QQQ,2015-04-13T00:00:00.000Z,98.8046132984,0.0226472383033506,173.3244455921,165.81346107685698,True,discovery
QQQ,2015-04-14T00:00:00.000Z,98.5196353479,0.0067005767191168,173.656024234,165.88340587859696,True,discovery
QQQ,2015-04-15T00:00:00.000Z,99.1355554345,0.0113828287790356,174.4352340425,165.9556945014765,True,discovery
QQQ,2015-04-16T00:00:00.000Z,98.9976628778,0.00014955584015,174.3854972462,166.0281429214015,True,discovery
QQQ,2015-04-17T00:00:00.000Z,97.4532662427,-0.0169106199198924,172.3794464626,166.085209985953,True,discovery
QQQ,2015-04-20T00:00:00.000Z,98.9149273438,-0.0085690592465152,173.9544450117,166.1493350811955,True,discovery
QQQ,2015-04-21T00:00:00.000Z,99.337797851,-0.002400295421405,173.7472083605,166.208461727219,True,discovery
QQQ,2015-04-22T00:00:00.000Z,99.8801752407,0.006670990456892,174.6010233634,166.2746759673445,True,discovery
QQQ,2015-04-23T00:00:00.000Z,100.2570815624,0.0341361653702787,175.0403650639,166.348274625017,True,discovery
QQQ,2015-04-24T00:00:00.000Z,101.6176214552,0.0517602283531808,175.4465489003,166.4203095688325,True,discovery
QQQ,2015-04-27T00:00:00.000Z,101.360222016,0.0449203942379665,174.7170758881,166.49188329959853,True,discovery
QQQ,2015-04-28T00:00:00.000Z,101.1579795995,0.031012836128075,175.2724701133,166.5651311027175,True,discovery
QQQ,2015-04-29T00:00:00.000Z,100.5236738387,0.0355113636368875,174.5512865671,166.630729025937,True,discovery
QQQ,2015-04-30T00:00:00.000Z,98.9425058551,0.0245597334598017,172.8022092311,166.6890929422765,True,discovery
QQQ,2015-05-01T00:00:00.000Z,100.2478887253,0.0373858447488737,174.6756285578,166.7538420437515,True,discovery
QQQ,2015-05-04T00:00:00.000Z,100.4133597933,0.0306661634263945,175.1729965207,166.83026880815152,True,discovery
QQQ,2015-05-05T00:00:00.000Z,98.7770347871,0.0155954631383457,173.1669457372,166.8884956980915,True,discovery
QQQ,2015-05-06T00:00:00.000Z,98.0967648407,0.0006564141035649,172.4540516571,166.9446694974315,True,discovery
QQQ,2015-05-07T00:00:00.000Z,98.6851064159,0.0003727518399052,173.142077339,167.00077048834748,True,discovery
QQQ,2015-05-08T00:00:00.000Z,99.9169465892,0.0087238979119224,175.4216805021,167.06647217855948,True,discovery
QQQ,2015-05-11T00:00:00.000Z,99.5308474304,0.0073502046893973,174.5844444313,167.12794684031502,True,discovery
QQQ,2015-05-12T00:00:00.000Z,99.0803984118,0.0056918913871308,174.0622080703,167.19060919381798,True,discovery
QQQ,2015-05-13T00:00:00.000Z,99.2826408283,0.0014836795250234,174.0953659345,167.25311055182,True,discovery
QQQ,2015-05-14T00:00:00.000Z,100.7351090923,0.0175503760795308,175.910758999,167.328160963875,True,discovery
QQQ,2015-05-15T00:00:00.000Z,100.7351090923,0.0336760682954107,176.1014167181,167.4040421202175,True,discovery
QQQ,2015-05-18T00:00:00.000Z,101.1763652738,0.02286245353181,176.6485214772,167.498548712311,True,discovery
QQQ,2015-05-19T00:00:00.000Z,101.0660512284,0.0173977419953708,176.5904952149,167.595175211153,True,discovery
QQQ,2015-05-20T00:00:00.000Z,101.1304010882,0.0125172572483689,176.4661532242,167.6855021137645,True,discovery
QQQ,2015-05-21T00:00:00.000Z,101.6543928037,0.0139372822300867,176.9801001191,167.7860781941605,True,discovery
QQQ,2015-05-22T00:00:00.000Z,101.5532715954,-0.0006332549303799,176.5573373507,167.8842953720985,True,discovery
QQQ,2015-05-26T00:00:00.000Z,100.385781282,-0.0096136404855761,174.6590496258,167.977269314094,True,discovery
QQQ,2015-05-27T00:00:00.000Z,102.003720614,0.0083605961472186,176.3169428353,168.06950529143748,True,discovery
QQQ,2015-05-28T00:00:00.000Z,101.7738996862,0.0124371284868289,176.1179956502,168.15845903910352,True,discovery
QQQ,2015-05-29T00:00:00.000Z,101.1671724367,0.0224844374252861,175.0237861319,168.243044637951,True,discovery
QQQ,2015-06-01T00:00:00.000Z,101.5073074099,0.0125630444751914,175.3802331719,168.32406137054303,True,discovery
QQQ,2015-06-02T00:00:00.000Z,101.1855581109,0.0076901950018359,175.2061543849,168.40044968375048,True,discovery
QQQ,2015-06-03T00:00:00.000Z,101.4889217356,0.0274546300599636,175.6703644836,168.47932243986253,True,discovery
QQQ,2015-06-04T00:00:00.000Z,100.7167234181,0.0267078999155023,174.186550061,168.5440770350165,True,discovery
QQQ,2015-06-05T00:00:00.000Z,100.4777096531,0.0181648812298507,173.8881292833,168.6031321717025,True,discovery
QQQ,2015-06-08T00:00:00.000Z,99.4573047335,-0.004600239212571,172.7690513669,168.6544269693625,True,discovery
QQQ,2015-06-09T00:00:00.000Z,99.2918336655,-0.0024014038970897,172.793919765,168.70347691905602,True,discovery
QQQ,2015-06-10T00:00:00.000Z,100.6523735583,0.0158656522551163,174.874575743,168.7641964398235,True,discovery
QQQ,2015-06-11T00:00:00.000Z,100.7994589521,0.0152777777781232,175.4465489003,168.82365016800352,True,discovery
QQQ,2015-06-12T00:00:00.000Z,99.9721036119,-0.0075743748855315,174.0207607401,168.875443930047,True,discovery
QQQ,2015-06-15T00:00:00.000Z,99.4756904077,-0.0125022814384012,173.3327350581,168.9241243485025,True,discovery
QQQ,2015-06-16T00:00:00.000Z,100.0180677974,-0.0114483009274494,174.2860236536,168.978020539065,True,discovery
QQQ,2015-06-17T00:00:00.000Z,100.2938529109,-0.0076405311983042,174.5678654992,169.030997597001,True,discovery
QQQ,2015-06-18T00:00:00.000Z,101.7555140119,0.0061812562490957,176.3252323013,169.09316996997447,True,discovery
QQQ,2015-06-19T00:00:00.000Z,101.2537321909,-0.0039413998918247,175.6041067815,169.152186044479,True,discovery
QQQ,2015-06-22T00:00:00.000Z,102.0000741972,0.0043996869306199,176.5037435886,169.2168848979975,True,discovery
QQQ,2015-06-23T00:00:00.000Z,102.0830010868,0.0169069741065444,176.6370231156,169.278573819907,True,discovery
QQQ,2015-06-24T00:00:00.000Z,101.5577974528,-0.0043716362355785,175.3542076683,169.335972765921,True,discovery
QQQ,2015-06-25T00:00:00.000Z,101.3550872782,-0.0041151258750162,174.7877696786,169.39572723103095,True,discovery
QQQ,2015-06-26T00:00:00.000Z,100.6824580626,-0.0047912219193758,174.8460794717,169.452709637403,True,discovery
QQQ,2015-06-29T00:00:00.000Z,98.305220561,-0.0315453825995949,171.1559025681,169.4903016528945,True,discovery
QQQ,2015-06-30T00:00:00.000Z,98.6553563171,-0.0250055624640315,171.5057613265,169.5344221901955,True,discovery
QQQ,2015-07-01T00:00:00.000Z,99.4385547188,-0.0202028653151092,172.9051963599,169.5861526242045,True,discovery
QQQ,2015-07-02T00:00:00.000Z,99.4661970153,-0.0124162736868311,172.696947099,169.630714596502,True,discovery
QQQ,2015-07-06T00:00:00.000Z,99.2358445442,-0.012359608048268,172.1554990206,169.671466429634,True,discovery
QQQ,2015-07-07T00:00:00.000Z,99.484625213,0.0002746955547729,173.2717150591,169.7134285959685,True,discovery
QQQ,2015-07-08T00:00:00.000Z,97.7523746304,-0.0155043872015316,170.372885347,169.74163518828746,True,discovery
QQQ,2015-07-09T00:00:00.000Z,97.6970900373,-0.0293612899181978,170.5977945488,169.77732741103648,True,discovery
QQQ,2015-07-10T00:00:00.000Z,99.18977405,-0.0159691819661941,172.830226626,169.8288602691655,True,discovery
QQQ,2015-07-13T00:00:00.000Z,100.9312387314,0.0095940275821688,174.7294598856,169.883528209171,True,discovery
QQQ,2015-07-14T00:00:00.000Z,101.5946538481,0.0213013192641884,175.5291370475,169.9554091748805,True,discovery
QQQ,2015-07-15T00:00:00.000Z,101.7052230343,0.0168685046017642,175.4541673136,170.020513168245,True,discovery
QQQ,2015-07-16T00:00:00.000Z,103.1426224538,0.0284042287759231,176.8202824653,170.093925150524,True,discovery
QQQ,2015-07-17T00:00:00.000Z,104.662948763,0.0285727489004672,176.986881874,170.1703041710715,True,discovery
QQQ,2015-07-20T00:00:00.000Z,105.0222986179,0.0372190372192393,177.1118314305,170.258265420308,True,discovery
QQQ,2015-07-21T00:00:00.000Z,104.957799926,0.0289972899733557,176.395453973,170.34252166449403,True,discovery
QQQ,2015-07-22T00:00:00.000Z,103.7691811752,0.0165177362582265,176.0039453624,170.41603796520002,True,discovery
QQQ,2015-07-23T00:00:00.000Z,103.3821890238,0.0179640718562048,175.0459987622,170.485708435755,True,discovery
QQQ,2015-07-24T00:00:00.000Z,102.368638151,0.0100000000001776,173.2134052661,170.55865083289152,True,discovery
QQQ,2015-07-27T00:00:00.000Z,101.5209410574,0.008327994875519,172.2138088136,170.61272397980147,True,discovery
QQQ,2015-07-28T00:00:00.000Z,102.3962804475,0.0416158965226209,174.3546112159,170.693506447912,True,discovery
QQQ,2015-07-29T00:00:00.000Z,102.7832725989,0.0418417857468575,175.5707868997,170.7893984303945,True,discovery
QQQ,2015-07-30T00:00:00.000Z,103.2716198376,0.0385470719042471,175.6124367519,170.8983439487435,True,discovery
QQQ,2015-07-31T00:00:00.000Z,103.1518365527,0.0370541917555475,175.3042278457,171.00455828418598,True,discovery
QQQ,2015-08-03T00:00:00.000Z,102.8293430932,0.0362116991648056,174.7044699743,171.11298581557148,True,discovery
QQQ,2015-08-04T00:00:00.000Z,102.6358470174,0.0316754654063693,174.3629411864,171.2203623310865,True,discovery
QQQ,2015-08-05T00:00:00.000Z,103.4190454191,0.0579696484113616,175.0126788804,171.32195889911898,True,discovery
QQQ,2015-08-06T00:00:00.000Z,101.7697217262,0.0416863151947013,173.554934054,171.408756559477,True,discovery
QQQ,2015-08-07T00:00:00.000Z,101.6407243423,0.0247097073843975,173.1967453252,171.478291477308,True,discovery
QQQ,2015-08-10T00:00:00.000Z,102.8017007966,0.0185320430890352,175.4541673136,171.56477692217902,True,discovery
QQQ,2015-08-11T00:00:00.000Z,101.484084662,-0.0010883366585934,173.8131631375,171.63386455319903,True,discovery
QQQ,2015-08-12T00:00:00.000Z,101.8342204181,0.001268345714718,174.0297423689,171.6978791922265,True,discovery
QQQ,2015-08-13T00:00:00.000Z,101.6683666389,-0.0142933714484558,173.8464830193,171.762085594373,True,discovery
QQQ,2015-08-14T00:00:00.000Z,101.8250063192,-0.0271150629457829,174.3962610681,171.819807054539,True,discovery
QQQ,2015-08-17T00:00:00.000Z,102.6727034128,-0.0223723460257566,175.3958575205,171.883757674597,True,discovery
QQQ,2015-08-18T00:00:00.000Z,102.1474997787,-0.0267755245373035,174.871069383,171.9398723686675,True,discovery
QQQ,2015-08-19T00:00:00.000Z,101.4748705632,-0.0221097496001859,173.4966242609,171.97975788714,True,discovery
QQQ,2015-08-20T00:00:00.000Z,98.6645704159,-0.0456327985743649,169.9397268843,172.001407486932,True,discovery
QQQ,2015-08-21T00:00:00.000Z,94.3523721572,-0.0783078307828567,164.6252057456,171.9993572288335,True,discovery
QQQ,2015-08-24T00:00:00.000Z,90.7220172128,-0.1063713922676728,157.8529397803,171.9582336556085,True,discovery
QQQ,2015-08-25T00:00:00.000Z,90.3810955556,-0.1173400521912547,155.9620364911,171.90433138633705,True,discovery
QQQ,2015-08-26T00:00:00.000Z,94.9328603843,-0.0763783056921658,162.1678644666,171.8806785111105,True,discovery
QQQ,2015-08-27T00:00:00.000Z,97.3377401824,-0.0574589578872815,165.8996912224,171.873058257386,True,discovery
QQQ,2015-08-28T00:00:00.000Z,97.3193119848,-0.0565430995978456,165.9663309859,171.8649504173925,True,discovery
QQQ,2015-08-31T00:00:00.000Z,96.1122650363,-0.0653225806452145,164.5502360116,171.8506649661225,True,discovery
QQQ,2015-09-01T00:00:00.000Z,93.1084688133,-0.0928270042189529,159.7438430695,171.8114036472925,True,discovery
QQQ,2015-09-02T00:00:00.000Z,95.7344869837,-0.0743050605839452,162.7759523085,171.78709767838598,True,discovery
QQQ,2015-09-03T00:00:00.000Z,95.2645679427,-0.0639203259393927,162.975871599,171.7632577956255,True,discovery
QQQ,2015-09-04T00:00:00.000Z,94.1312337849,-0.0738826942251016,160.4269006453,171.72183042608546,True,discovery
QQQ,2015-09-08T00:00:00.000Z,96.7848942518,-0.0585282782111227,164.4835962481,171.7020408299525,True,discovery
QQQ,2015-09-09T00:00:00.000Z,95.6976305883,-0.0570183402941673,162.2345042301,171.6695283605735,True,discovery
QQQ,2015-09-10T00:00:00.000Z,96.7388237576,-0.0500361925449015,163.1424710078,171.6370414071065,True,discovery
QQQ,2015-09-11T00:00:00.000Z,97.2732414905,-0.043230016313829,163.8838383767,171.60588101373298,True,discovery
QQQ,2015-09-14T00:00:00.000Z,96.9783903275,-0.0475975024887981,163.2507606235,171.5721708204085,True,discovery
QQQ,2015-09-15T00:00:00.000Z,98.1209385841,-0.0443327649647973,165.3082633214,171.546573060094,True,discovery
QQQ,2015-09-16T00:00:00.000Z,98.6737845147,-0.0340068554935334,166.7160283252,171.529819851989,True,discovery
QQQ,2015-09-17T00:00:00.000Z,98.7106409101,-0.0272405339150287,166.349509626,171.5171437030115,True,discovery
QQQ,2015-09-18T00:00:00.000Z,97.3101163141,-0.0137278670153894,163.5951465912,171.485237518034,True,discovery
QQQ,2015-09-21T00:00:00.000Z,97.6149320558,0.0345784618235593,164.4995423648,171.454570171578,True,discovery
QQQ,2015-09-22T00:00:00.000Z,96.1555112321,0.0598916799496977,162.37253749,171.41421170359797,True,discovery
QQQ,2015-09-23T00:00:00.000Z,96.2294059573,0.0647072307073584,162.1213164418,171.3712017957295,True,discovery
QQQ,2015-09-24T00:00:00.000Z,95.8784060124,0.0099601510401385,161.5602561008,171.33109104250798,True,discovery
QQQ,2015-09-25T00:00:00.000Z,95.0655640346,-0.0233432186071116,161.5100118911,171.29130361779852,True,discovery
QQQ,2015-09-28T00:00:00.000Z,92.3499328817,-0.0510626205811662,157.3564905608,171.24433257962102,True,discovery
QQQ,2015-09-29T00:00:00.000Z,91.8788540082,-0.0440465223299141,157.4988491548,171.1938462912175,True,discovery
QQQ,2015-09-30T00:00:00.000Z,93.9756168372,0.0093133098949225,160.4381354188,171.17159938806302,True,discovery
QQQ,2015-10-01T00:00:00.000Z,94.4189851887,-0.0137411484246421,160.8903333056,171.1572768914405,True,discovery
QQQ,2015-10-02T00:00:00.000Z,96.0723796662,0.008479666059955,163.2936813334,171.16153741564952,True,discovery
QQQ,2015-10-05T00:00:00.000Z,97.448668924,0.0352426607589217,166.1994714576,171.1644036597995,True,discovery
QQQ,2015-10-06T00:00:00.000Z,96.9868268911,0.0020864065705814,165.6300370817,171.143944148263,True,discovery
QQQ,2015-10-07T00:00:00.000Z,97.5687478525,0.0195523886296591,166.986630742,171.12667699448397,True,discovery
QQQ,2015-10-08T00:00:00.000Z,97.9566951601,0.0125892723851144,168.4939570312,171.11302631772503,True,discovery
QQQ,2015-10-09T00:00:00.000Z,98.4000635116,0.0115840903812181,168.5944454505,171.098722669126,True,discovery
QQQ,2015-10-12T00:00:00.000Z,98.6402213686,0.0171360963559812,168.7535521144,171.0851320242795,True,discovery
QQQ,2015-10-13T00:00:00.000Z,98.0028793633,-0.001203201095542,167.690049677,171.063459126756,True,discovery
QQQ,2015-10-14T00:00:00.000Z,97.8458530722,-0.0083905917521249,166.8861423227,171.036611278525,True,discovery
QQQ,2015-10-15T00:00:00.000Z,99.4530633464,0.0075211996341524,169.4485970144,171.027197359497,True,discovery
QQQ,2015-10-16T00:00:00.000Z,99.8687211759,0.0262933080209386,170.2190082289,171.030136041929,True,discovery
QQQ,2015-10-19T00:00:00.000Z,100.4414052966,0.0289553368657193,170.3027485783,171.033947338726,True,discovery
QQQ,2015-10-20T00:00:00.000Z,99.9241422198,0.039193083572748,170.0850236699,171.051979245635,True,discovery
QQQ,2015-10-21T00:00:00.000Z,99.3145107365,0.0320598963332368,169.0298952674,171.072575819384,True,discovery
QQQ,2015-10-22T00:00:00.000Z,101.3373788403,0.0569364161852459,171.8435710073,171.09696584075752,True,discovery
QQQ,2015-10-23T00:00:00.000Z,104.1730889217,0.0958025650990219,173.7779730785,171.116213815234,True,discovery
QQQ,2015-10-26T00:00:00.000Z,104.2377468063,0.1287257451483829,173.3341492266,171.14005135971746,True,discovery
QQQ,2015-10-27T00:00:00.000Z,104.4501941414,0.136825173418881,172.9824397592,171.1687327222135,True,discovery
QQQ,2015-10-28T00:00:00.000Z,105.3184571631,0.1206998230780431,174.96708604,171.2096894087695,True,discovery
QQQ,2015-10-29T00:00:00.000Z,105.1521940313,0.1136763842690034,174.9252158653,171.25547104803098,True,discovery
QQQ,2015-10-30T00:00:00.000Z,104.6811151578,0.0896067685791768,174.121308511,171.304825870673,True,discovery
QQQ,2015-11-02T00:00:00.000Z,105.8634307618,0.0863507108995265,176.1813211063,171.35371064781498,True,discovery
QQQ,2015-11-03T00:00:00.000Z,106.2329043881,0.095333333333833,176.6921372377,171.40337511992652,True,discovery
QQQ,2015-11-04T00:00:00.000Z,106.2421412288,0.0888952002275569,176.1729470714,171.446234633296,True,discovery
QQQ,2015-11-05T00:00:00.000Z,105.9557991684,0.08165959453028,175.9803442677,171.47566916805002,True,discovery
QQQ,2015-11-06T00:00:00.000Z,106.0296938937,0.0775368440814123,175.8882298834,171.5093060514105,True,discovery
QQQ,2015-11-09T00:00:00.000Z,104.9027993336,0.063489090739141,174.2469190351,171.5327556709245,True,discovery
QQQ,2015-11-10T00:00:00.000Z,104.6349309546,0.0676720075408678,174.6488727123,171.5693978151355,True,discovery
QQQ,2015-11-11T00:00:00.000Z,104.5056151854,0.068063815727436,173.9622018472,171.61333544871349,True,discovery
QQQ,2015-11-12T00:00:00.000Z,103.4895627132,0.0405869787312702,171.5337317145,171.637496746693,True,discovery
QQQ,2015-11-13T00:00:00.000Z,101.4574577688,0.0159082500926563,169.6077036783,171.66250915948353,True,discovery
QQQ,2015-11-16T00:00:00.000Z,102.9168785925,0.0246459444547795,172.1869064398,171.6902251845735,True,discovery
QQQ,2015-11-17T00:00:00.000Z,102.9815364771,0.0305971528939896,172.0612959157,171.70526384028005,True,discovery
QQQ,2015-11-18T00:00:00.000Z,104.9582203775,0.0568266369047905,174.7912313062,171.737170826047,True,discovery
QQQ,2015-11-19T00:00:00.000Z,105.0321151028,0.0364597575424032,174.6404986773,171.75982360328203,True,discovery
QQQ,2015-11-20T00:00:00.000Z,105.7433518333,0.015073594609259,175.2769253328,171.78801060644997,True,discovery
QQQ,2015-11-23T00:00:00.000Z,105.4385360917,0.0115197164385314,175.0759484942,171.818989085501,True,discovery
QQQ,2015-11-24T00:00:00.000Z,105.3461676851,0.0085779978779845,175.3104214725,171.842144206655,True,discovery
QQQ,2015-11-25T00:00:00.000Z,105.4385360917,0.0011401508513748,175.2852993677,171.8646785398835,True,discovery
QQQ,2015-11-27T00:00:00.000Z,105.5863255422,0.0041286015465429,175.4862762063,171.880006065402,True,discovery
QQQ,2015-11-30T00:00:00.000Z,105.3184571631,0.0060884143652775,174.7577351665,171.888142114346,True,discovery
QQQ,2015-12-01T00:00:00.000Z,106.3714569979,0.0047988831690433,176.4241681196,171.90324859020205,True,discovery
QQQ,2015-12-02T00:00:00.000Z,105.7156413113,-0.0048691418141998,174.6237506074,171.90927044893,True,discovery
QQQ,2015-12-03T00:00:00.000Z,103.923694224,-0.0218222917759822,172.1785324049,171.903685188397,True,discovery
QQQ,2015-12-04T00:00:00.000Z,106.3529833166,0.0037485833839896,175.5365204159,171.9096905052065,True,discovery
QQQ,2015-12-07T00:00:00.000Z,105.8726676025,-0.0014809652412787,174.4730179785,171.9105021041795,True,discovery
QQQ,2015-12-08T00:00:00.000Z,105.8819044432,0.0093334507355362,173.3006530869,171.902975991688,True,discovery
QQQ,2015-12-09T00:00:00.000Z,104.274694169,-0.0034427966102094,171.9524334615,171.8894515471715,True,discovery
QQQ,2015-12-10T00:00:00.000Z,104.7457730424,0.002298037828627,172.3962573134,171.8791778415005,True,discovery
QQQ,2015-12-11T00:00:00.000Z,102.3349576311,-0.0111567297399811,169.0550173722,171.8551690005305,True,discovery
QQQ,2015-12-14T00:00:00.000Z,103.1108522463,0.0162964311728344,169.9091689361,171.8299427011835,True,discovery
QQQ,2015-12-15T00:00:00.000Z,103.7389574109,0.0079877939327621,171.6928383784,171.8172247852065,True,discovery
QQQ,2015-12-16T00:00:00.000Z,105.2815098005,0.0223338415999596,174.2050488604,171.8207404873655,True,discovery
QQQ,2015-12-17T00:00:00.000Z,103.7481942516,-0.0115286456034404,171.5504797844,171.81003422524,True,discovery
QQQ,2015-12-18T00:00:00.000Z,101.7644256943,-0.0311113358547693,168.5120030765,171.796349984357,True,discovery
QQQ,2015-12-21T00:00:00.000Z,102.894832681,-0.0269380448313248,169.9020880934,171.786067397183,True,discovery
QQQ,2015-12-22T00:00:00.000Z,103.5712237468,-0.017709960837051,171.4438187485,171.7974409600855,True,discovery
QQQ,2015-12-23T00:00:00.000Z,104.340271123,-0.0095484874694903,173.5668576834,171.82141042726752,True,discovery
QQQ,2015-12-24T00:00:00.000Z,104.3217398609,-0.0105919170750694,173.2804159223,171.833218841951,True,discovery
QQQ,2015-12-28T00:00:00.000Z,104.2661460747,-0.0125033185947204,172.8844523114,171.84828806607598,True,discovery
QQQ,2015-12-29T00:00:00.000Z,105.9061627685,0.0055802716943511,174.7294742429,171.86123458441398,True,discovery
QQQ,2015-12-30T00:00:00.000Z,104.9518027715,-0.0133461951774151,173.4910348643,171.870547322432,True,discovery
QQQ,2015-12-31T00:00:00.000Z,103.6453487951,-0.0195835970015413,171.7555347826,171.86086636418298,True,discovery
QQQ,2016-01-04T00:00:00.000Z,101.4586598701,-0.0237196567376328,169.3544822142,171.8431415623015,True,discovery
QQQ,2016-01-05T00:00:00.000Z,101.2826128803,-0.0476749243714783,169.6409214479,171.819252893989,True,discovery
QQQ,2016-01-06T00:00:00.000Z,100.3097216213,-0.0525437405817159,167.5010380525,171.78636414923952,True,discovery
QQQ,2016-01-07T00:00:00.000Z,97.1686726993,-0.0822919817103797,163.4824252702,171.73827312554647,True,discovery
QQQ,2016-01-08T00:00:00.000Z,96.37182843,-0.0757889131392864,161.6879476723,171.69389259691698,True,discovery
QQQ,2016-01-11T00:00:00.000Z,96.6683286232,-0.0771147530309441,161.8480205957,171.6523433520865,True,discovery
QQQ,2016-01-12T00:00:00.000Z,97.7894699789,-0.0444177410869284,163.1538605632,171.615375282572,True,discovery
QQQ,2016-01-13T00:00:00.000Z,94.4167802809,-0.084317719968336,159.0847009197,171.54765813494998,True,discovery
QQQ,2016-01-14T00:00:00.000Z,96.4274222162,-0.0704801299066435,161.6963682176,171.500542737921,True,discovery
QQQ,2016-01-15T00:00:00.000Z,93.4346233908,-0.1125258027943264,158.2253722667,171.439098016245,True,discovery
QQQ,2016-01-19T00:00:00.000Z,93.6384672737,-0.097444847602676,158.4359912086,171.375639286841,True,discovery
QQQ,2016-01-20T00:00:00.000Z,93.3512327115,-0.0826732222522751,156.4056212383,171.296267528682,True,discovery
QQQ,2016-01-21T00:00:00.000Z,93.4438890219,-0.0918505177845062,157.2818027766,171.223556281378,True,discovery
QQQ,2016-01-22T00:00:00.000Z,96.1494532851,-0.0716586151366133,160.5084866523,171.1640771403355,True,discovery
QQQ,2016-01-25T00:00:00.000Z,94.7225461052,-0.0921765384954989,158.0821522286,171.0886531727925,True,discovery
QQQ,2016-01-26T00:00:00.000Z,95.5749841607,-0.0838440358822878,160.2388885092,171.01928789100552,True,discovery
QQQ,2016-01-27T00:00:00.000Z,93.1937169838,-0.1061939038484007,158.4949704097,170.94514051509353,True,discovery
QQQ,2016-01-28T00:00:00.000Z,94.5094365913,-0.1076115485565468,159.3205932922,170.87346336038453,True,discovery
QQQ,2016-01-29T00:00:00.000Z,96.4830160025,-0.0806921514958457,163.2044065818,170.817309223081,True,discovery
QQQ,2016-02-01T00:00:00.000Z,96.7424536715,-0.0666011085287249,163.1454273807,170.7611088737535,True,discovery
QQQ,2016-02-02T00:00:00.000Z,94.6484210569,-0.0671232876712477,160.2051953759,170.70023761832,True,discovery
QQQ,2016-02-03T00:00:00.000Z,94.194405136,-0.0699844479000273,161.1656169087,170.636293477805,True,discovery
QQQ,2016-02-04T00:00:00.000Z,94.1851395049,-0.0610567153154126,161.4183621665,170.574649246835,True,discovery
QQQ,2016-02-05T00:00:00.000Z,90.9143717484,-0.0643654047869386,158.3433180317,170.4933607201765,True,discovery
QQQ,2016-02-08T00:00:00.000Z,89.5245270926,-0.0710508604947094,156.2118551816,170.39921817076498,True,discovery
QQQ,2016-02-09T00:00:00.000Z,89.2465581615,-0.0767756158341067,156.2202757269,170.30308680489802,True,discovery
QQQ,2016-02-10T00:00:00.000Z,89.5893865099,-0.0838544627634175,156.0854888713,170.209928869814,True,discovery
QQQ,2016-02-11T00:00:00.000Z,89.4596676754,-0.0525024533854264,154.0551197435,170.103842117965,True,discovery
QQQ,2016-02-12T00:00:00.000Z,90.821715438,-0.0581339483039528,157.231256758,170.0172419689195,True,discovery
QQQ,2016-02-16T00:00:00.000Z,92.8694198975,-0.0060491868301966,159.8850503717,169.9526561746225,True,discovery
QQQ,2016-02-17T00:00:00.000Z,94.9727181432,0.0142489610129996,162.4967303068,169.89176168336752,True,discovery
QQQ,2016-02-18T00:00:00.000Z,93.8886393117,0.0057568238210721,161.8311668679,169.8250525351035,True,discovery
QQQ,2016-02-19T00:00:00.000Z,94.1666082429,0.0077342588002797,161.7553474187,169.767994543511,True,discovery
QQQ,2016-02-22T00:00:00.000Z,95.6954373642,-0.0047219813050184,164.0974292107,169.726211431279,True,discovery
QQQ,2016-02-23T00:00:00.000Z,94.1202800877,-0.0063582118752499,162.0249455618,169.670625772393,True,discovery
QQQ,2016-02-24T00:00:00.000Z,95.0190462984,-0.0058167716916933,162.7663158127,169.60734894894605,True,discovery
QQQ,2016-02-25T00:00:00.000Z,95.9548750333,0.0296281566919363,164.7377057394,169.55811525548648,True,discovery
QQQ,2016-02-26T00:00:00.000Z,95.8344218298,0.0140196078432865,164.3585941713,169.5095971859915,True,discovery
QQQ,2016-02-29T00:00:00.000Z,94.9727181432,-0.0156535100360135,163.0696079315,169.4544683959765,True,discovery
QQQ,2016-03-01T00:00:00.000Z,98.0211107548,0.0132171247965431,166.9028752025,169.40942897699398,True,discovery
QQQ,2016-03-02T00:00:00.000Z,98.058173279,0.0360254527653467,167.6526777934,169.36718528237049,True,discovery
QQQ,2016-03-03T00:00:00.000Z,97.8728606582,0.0390517410974564,168.3098080498,169.3254917152335,True,discovery
QQQ,2016-03-04T00:00:00.000Z,97.9099231824,0.0395474667986897,168.857412244,169.28682630037903,True,discovery
QQQ,2016-03-07T00:00:00.000Z,97.3076571649,0.0703220546273257,168.9922108943,169.24945658872952,True,discovery
QQQ,2016-03-08T00:00:00.000Z,96.5015472645,0.0779341751192195,167.1471872778,169.200292024523,True,discovery
QQQ,2016-03-09T00:00:00.000Z,97.1223445441,0.0882475083055642,167.9728227975,169.157369451757,True,discovery
QQQ,2016-03-10T00:00:00.000Z,96.9740944475,0.0824283793570119,168.1076088106,169.124612247681,True,discovery
QQQ,2016-03-11T00:00:00.000Z,98.6697049275,0.1029518384253134,170.8203824679,169.097129445844,True,discovery
QQQ,2016-03-14T00:00:00.000Z,98.8364862862,0.0882472964703176,170.6013429807,169.06954618249648,True,discovery
QQQ,2016-03-15T00:00:00.000Z,98.799423762,0.0638531377825439,170.3233242924,169.04604387329903,True,discovery
QQQ,2016-03-16T00:00:00.000Z,99.6796587107,0.0495609756098889,171.3090192557,169.025687803718,True,discovery
QQQ,2016-03-17T00:00:00.000Z,99.6240649245,0.0610875357747917,172.3958205785,169.011636134686,True,discovery
QQQ,2016-03-18T00:00:00.000Z,99.7795422133,0.0596064154282971,173.0694675723,168.9986316501295,True,discovery
QQQ,2016-03-21T00:00:00.000Z,100.1698505651,0.0467568081001728,173.3150343249,168.994274071449,True,discovery
QQQ,2016-03-22T00:00:00.000Z,100.4765214129,0.0675331747767573,173.2218860669,168.99094285536702,True,discovery
QQQ,2016-03-23T00:00:00.000Z,99.6494394294,0.0487312103350165,172.0787105219,168.98749115114202,True,discovery
QQQ,2016-03-24T00:00:00.000Z,99.6773185973,0.038793688832466,172.0024881492,168.983533993063,True,discovery
QQQ,2016-03-28T00:00:00.000Z,99.5379227574,0.0386447881344487,172.1041128987,168.96968167884148,True,discovery
QQQ,2016-03-29T00:00:00.000Z,101.1363283885,0.0648987453007978,173.6960928398,168.960929398539,True,discovery
QQQ,2016-03-30T00:00:00.000Z,101.6288603562,0.0368058428803645,174.4582225719,168.963116707698,True,discovery
QQQ,2016-03-31T00:00:00.000Z,101.4801714603,0.0348976333830282,174.0348213992,168.9666271394035,True,discovery
QQQ,2016-04-01T00:00:00.000Z,102.5581659556,0.0478713431475394,175.2203396018,168.9712987191445,True,discovery
QQQ,2016-04-04T00:00:00.000Z,102.1678576039,0.0434882827307274,174.6529837241,168.97172431026902,True,discovery
QQQ,2016-04-05T00:00:00.000Z,101.1827936685,0.0398235515734708,172.9085725863,168.954641011694,True,discovery
QQQ,2016-04-06T00:00:00.000Z,102.8462506915,0.0657471678626029,174.7969384292,168.9506051699325,True,discovery
QQQ,2016-04-07T00:00:00.000Z,101.3686547883,0.0437212493595837,172.7053357894,168.93161313093648,True,discovery
QQQ,2016-04-08T00:00:00.000Z,101.2943103404,0.0445502060886879,173.1710796198,168.9142834134575,True,discovery
QQQ,2016-04-11T00:00:00.000Z,100.9225881006,0.0228325723154372,172.7646178812,168.901335464522,True,discovery
QQQ,2016-04-12T00:00:00.000Z,101.7682561961,0.0296628301962342,174.3735372565,168.8992643024115,True,discovery
QQQ,2016-04-13T00:00:00.000Z,103.0692840353,0.0432174613040836,176.1348878284,168.905708344195,True,discovery
QQQ,2016-04-14T00:00:00.000Z,103.0785770913,0.0340984151085899,176.1433516179,168.930645589444,True,discovery
QQQ,2016-04-15T00:00:00.000Z,102.8183715235,0.0320636043251276,175.9485904656,168.9528597351395,True,discovery
QQQ,2016-04-18T00:00:00.000Z,103.3666618272,0.0359504517091466,177.1849269706,168.97425838819302,True,discovery
QQQ,2016-04-19T00:00:00.000Z,102.7347340195,0.0256053437229906,177.7438072037,168.99949268871651,True,discovery
QQQ,2016-04-20T00:00:00.000Z,102.8183715235,0.0233074361817957,177.9131778344,169.0282810827855,True,discovery
QQQ,2016-04-21T00:00:00.000Z,102.8276645795,0.0318940594979635,176.9562869502,169.046703942241,True,discovery
QQQ,2016-04-22T00:00:00.000Z,101.2757242284,0.0160358008581431,176.9562869502,169.079620950257,True,discovery
QQQ,2016-04-25T00:00:00.000Z,101.2757242284,0.0174586873310131,176.6514381059,169.1098891680425,True,discovery
QQQ,2016-04-26T00:00:00.000Z,100.7831922607,-0.0034916842783088,176.9139442925,169.130307756375,True,discovery
QQQ,2016-04-27T00:00:00.000Z,99.9746963892,-0.0162765179221954,177.2780760754,169.14305083732398,True,discovery
QQQ,2016-04-28T00:00:00.000Z,98.7665991099,-0.026739926739891,175.6691439981,169.143750872077,True,discovery
QQQ,2016-04-29T00:00:00.000Z,98.2461879742,-0.0420442189193083,174.7207296053,169.1400836835355,True,discovery
QQQ,2016-05-02T00:00:00.000Z,99.1754935736,-0.02928870292946,176.1094846049,169.1365296942335,True,discovery
QQQ,2016-05-03T00:00:00.000Z,98.2554810302,-0.0289309331376103,174.5767749002,169.12447915936448,True,discovery
QQQ,2016-05-04T00:00:00.000Z,97.6235532226,-0.0507816029634967,173.6029445819,169.1069347251215,True,discovery
QQQ,2016-05-05T00:00:00.000Z,97.5956740546,-0.0372203887047684,173.5690775689,169.09280284310097,True,discovery
QQQ,2016-05-06T00:00:00.000Z,98.1160851903,-0.0313761467886949,174.2041793279,169.08380401292848,True,discovery
QQQ,2016-05-09T00:00:00.000Z,98.3948768701,-0.0250460405155321,174.348134033,169.0803146892825,True,discovery
QQQ,2016-05-10T00:00:00.000Z,99.7423699893,-0.0199068578211289,176.5159463434,169.096827394669,True,discovery
QQQ,2016-05-11T00:00:00.000Z,98.8409435578,-0.0410242538994628,174.8646843104,169.110081772153,True,discovery
QQQ,2016-05-12T00:00:00.000Z,98.4041699261,-0.0453479985570594,174.9154907575,169.112886169861,True,discovery
QQQ,2016-05-13T00:00:00.000Z,98.0417407423,-0.0464569775850639,173.3912439955,169.10198845534,True,discovery
QQQ,2016-05-16T00:00:00.000Z,99.2684241336,-0.0396475770926132,175.1017881203,169.099435212182,True,discovery
QQQ,2016-05-17T00:00:00.000Z,98.0231546303,-0.0458616010852346,173.4674655214,169.09025140056053,True,discovery
QQQ,2016-05-18T00:00:00.000Z,98.3762907581,-0.0432031814896497,173.5182719686,169.08432041053203,True,discovery
QQQ,2016-05-19T00:00:00.000Z,97.8651726784,-0.0482602801628671,172.9170363758,169.07709088647903,True,discovery
QQQ,2016-05-20T00:00:00.000Z,98.9431671738,-0.0230317489444907,174.0094181756,169.07207458295505,True,discovery
QQQ,2016-05-23T00:00:00.000Z,98.8130643899,-0.0243163883276325,173.7723152126,169.073161488748,True,discovery
QQQ,2016-05-24T00:00:00.000Z,100.7924853167,9.220839101775624e-05,176.0247992895,169.0873017585695,True,discovery
QQQ,2016-05-25T00:00:00.000Z,101.5173436843,0.0154303773936406,177.2187939836,169.0961248919195,True,discovery
QQQ,2016-05-26T00:00:00.000Z,101.8147214761,0.0308618742942468,177.2695995839,169.11340707415147,True,discovery
QQQ,2016-05-27T00:00:00.000Z,102.3444256678,0.041713961407604,178.031729316,169.13341700888702,True,discovery
QQQ,2016-05-31T00:00:00.000Z,102.5395798437,0.0339205397309512,177.6930007566,169.15264959757351,True,discovery
QQQ,2016-06-01T00:00:00.000Z,102.5488728997,0.0436962073207944,178.0571325395,169.1709539549305,True,discovery
QQQ,2016-06-02T00:00:00.000Z,102.7626131875,0.0526415992376549,178.5990860405,169.1869700975305,True,discovery
QQQ,2016-06-03T00:00:00.000Z,102.2793742758,0.0479908588835575,178.065596329,169.20294273226054,True,discovery
QQQ,2016-06-06T00:00:00.000Z,102.6510965156,0.0462208751654142,178.9716807661,169.2303180147865,True,discovery
QQQ,2016-06-07T00:00:00.000Z,102.3908909477,0.0406120135998087,179.2511145316,169.276874953023,True,discovery
QQQ,2016-06-08T00:00:00.000Z,102.5674590116,0.0283238609890967,179.8354098435,169.3529259735125,True,discovery
QQQ,2016-06-09T00:00:00.000Z,102.4001840037,0.0360097781120294,179.589843091,169.46161049006596,True,discovery
QQQ,2016-06-10T00:00:00.000Z,101.2385520044,0.0288034753042334,177.8877746109,169.571239180665,True,discovery
QQQ,2016-06-13T00:00:00.000Z,100.3928839089,0.0239810426538622,176.5159463434,169.642979590049,True,discovery
QQQ,2016-06-14T00:00:00.000Z,100.3928839089,0.0113274667661353,176.1687539946,169.69432490390997,True,discovery
QQQ,2016-06-15T00:00:00.000Z,100.1047991731,0.0212362533184231,175.9231872421,169.744109185191,True,discovery
QQQ,2016-06-16T00:00:00.000Z,100.4021769649,0.0205932363498182,176.4482004622,169.80359900744403,True,discovery
QQQ,2016-06-17T00:00:00.000Z,99.2281387358,0.0139269774946284,175.7948509594,169.8838540468935,True,discovery
QQQ,2016-06-20T00:00:00.000Z,99.852449497,0.0091899455937445,176.9269810138,169.95460919042,True,discovery
QQQ,2016-06-21T00:00:00.000Z,100.1692639131,0.0137249009690525,177.4291999606,170.026875832228,True,discovery
QQQ,2016-06-22T00:00:00.000Z,99.9269940655,-0.0085868628844753,177.139787095,170.11044026447652,True,discovery
QQQ,2016-06-23T00:00:00.000Z,101.3526589379,-0.0016222326197987,179.4465982054,170.185255274263,True,discovery
QQQ,2016-06-24T00:00:00.000Z,97.1781631023,-0.0455391745572705,173.0028360254,170.2390969332395,True,discovery
QQQ,2016-06-27T00:00:00.000Z,95.2493223925,-0.0693257422571308,169.9043803344,170.27290647987252,True,discovery
QQQ,2016-06-28T00:00:00.000Z,97.3365703103,-0.0507414750609558,172.9687802426,170.318331189202,True,discovery
QQQ,2016-06-29T00:00:00.000Z,99.0604134567,-0.0340175308061352,175.9140223649,170.381647497909,True,discovery
QQQ,2016-06-30T00:00:00.000Z,100.2065361973,-0.024873608318389,178.314468151,170.446678522057,True,discovery
QQQ,2016-07-01T00:00:00.000Z,100.7097120347,-0.0153468111455916,178.6890085564,170.506543423213,True,discovery
QQQ,2016-07-05T00:00:00.000Z,100.0947193446,-0.0249035544458262,177.4036649333,170.5618141997495,True,discovery
QQQ,2016-07-06T00:00:00.000Z,100.914709598,-0.0144171159762054,178.4676953393,170.63617694349,True,discovery
QQQ,2016-07-07T00:00:00.000Z,101.212887872,-0.0132066364191277,178.3570319209,170.70546439127048,True,discovery
QQQ,2016-07-08T00:00:00.000Z,102.7783238103,0.0036927649132576,181.0128475581,170.798665941611,True,discovery
QQQ,2016-07-11T00:00:00.000Z,103.3653622872,0.0210079089506096,181.6512658017,170.8963156884105,True,discovery
QQQ,2016-07-12T00:00:00.000Z,103.8871742667,0.0348061557925842,182.9706660588,171.0033677382005,True,discovery
QQQ,2016-07-13T00:00:00.000Z,103.635586348,0.0323001224075059,182.9451301803,171.1105433296465,True,discovery
QQQ,2016-07-14T00:00:00.000Z,104.3437597487,0.042345228306887,183.9665968163,171.24359386092397,True,discovery
QQQ,2016-07-15T00:00:00.000Z,104.1760344696,0.0375874071537245,183.7197477207,171.37469835375347,True,discovery
QQQ,2016-07-18T00:00:00.000Z,104.8655717282,0.0568128462775054,184.2134595316,171.49357497431748,True,discovery
QQQ,2016-07-19T00:00:00.000Z,104.4835308146,0.0463792459867411,184.0261884777,171.60925425017803,True,discovery
QQQ,2016-07-20T00:00:00.000Z,105.7041981237,0.0552558139530876,184.7922852626,171.716747269824,True,discovery
QQQ,2016-07-21T00:00:00.000Z,105.4619282761,0.0553897799324571,184.0942881261,171.8062213531665,True,discovery
QQQ,2016-07-22T00:00:00.000Z,105.899877616,0.0448653121265041,184.9199765723,171.9026710506195,True,discovery
QQQ,2016-07-25T00:00:00.000Z,105.9091956871,0.0898456227826489,184.4177448573,171.98982662119602,True,discovery
QQQ,2016-07-26T00:00:00.000Z,106.0303306109,0.1131872432013112,184.5028723971,172.0698711980255,True,discovery
QQQ,2016-07-27T00:00:00.000Z,106.7664582247,0.0968791882058139,184.3070942073,172.14843444180948,True,discovery
QQQ,2016-07-28T00:00:00.000Z,107.1391810672,0.0815539460072138,184.5199002885,172.22726618268004,True,discovery
QQQ,2016-07-29T00:00:00.000Z,107.3721328438,0.0715082759910135,184.8178211411,172.31290504000052,True,discovery
QQQ,2016-08-01T00:00:00.000Z,107.9405351785,0.0717986676529129,184.6646067212,172.401797361993,True,discovery
QQQ,2016-08-02T00:00:00.000Z,107.1205449251,0.0701917706199057,183.481405761,172.471961405726,True,discovery
QQQ,2016-08-03T00:00:00.000Z,107.4746316254,0.065004616804942,184.0176685734,172.54095470744846,True,discovery
QQQ,2016-08-04T00:00:00.000Z,107.7821279705,0.0649051740012385,184.2134595316,172.610508262215,True,discovery
QQQ,2016-08-05T00:00:00.000Z,108.8164338583,0.0587488667274305,185.720117223,172.68868372998048,True,discovery
QQQ,2016-08-08T00:00:00.000Z,108.6952989345,0.0515640494007152,185.609466573,172.77158158650852,True,discovery
QQQ,2016-08-09T00:00:00.000Z,108.9468868532,0.0487039196341085,185.720117223,172.84096431758698,True,discovery
QQQ,2016-08-10T00:00:00.000Z,108.6673447213,0.0485524186296757,185.2604611949,172.898376758169,True,discovery
QQQ,2016-08-11T00:00:00.000Z,109.1332482744,0.0459010537595629,186.1201935068,172.96230697957003,True,discovery
QQQ,2016-08-12T00:00:00.000Z,109.2077928429,0.0483005366725524,185.958471951,173.027187140529,True,discovery
QQQ,2016-08-15T00:00:00.000Z,109.673696396,0.0458503643146306,186.4947339122,173.08482537989,True,discovery
QQQ,2016-08-16T00:00:00.000Z,109.068021777,0.0438776420231712,185.5328597886,173.1378635995065,True,discovery
QQQ,2016-08-17T00:00:00.000Z,109.2637012693,0.0336741889989506,185.8818515471,173.19666631468698,True,discovery
QQQ,2016-08-18T00:00:00.000Z,109.2916554825,0.036313836367317,186.2989565736,173.2472544920235,True,discovery
QQQ,2016-08-19T00:00:00.000Z,109.2637012693,0.0317641882977188,186.0265579799,173.2939265957345,True,discovery
QQQ,2016-08-22T00:00:00.000Z,109.3475639088,0.0324652472279969,186.018050844,173.3431521145975,True,discovery
QQQ,2016-08-23T00:00:00.000Z,109.5432434011,0.0331312066081483,186.3925912493,173.3952133495055,True,discovery
QQQ,2016-08-24T00:00:00.000Z,108.8350700004,0.0193751090941538,185.4392242617,173.442968321397,True,discovery
QQQ,2016-08-25T00:00:00.000Z,108.6580266503,0.0141763785010391,185.311532952,173.4982913909815,True,discovery
QQQ,2016-08-26T00:00:00.000Z,108.8164338583,0.0134513581526884,184.9625275739,173.54985966528952,True,discovery
QQQ,2016-08-29T00:00:00.000Z,108.9655229953,0.0094958563537321,185.8733444112,173.6094153781095,True,discovery
QQQ,2016-08-30T00:00:00.000Z,108.611436295,0.0139178844818466,185.5669028031,173.67958123355248,True,discovery
QQQ,2016-08-31T00:00:00.000Z,108.4996194422,0.0095370209815892,185.0391479778,173.75673845505,True,discovery
QQQ,2016-09-01T00:00:00.000Z,108.7791615741,0.009250453877408,185.0476551137,173.8210421984195,True,discovery
QQQ,2016-09-02T00:00:00.000Z,109.1332482744,0.0029114574413691,185.8818515471,173.8901449765765,True,discovery
QQQ,2016-09-06T00:00:00.000Z,109.8134674619,0.0102871838833968,186.4436630064,173.9484071350775,True,discovery
QQQ,2016-09-07T00:00:00.000Z,109.8786939594,0.0085528566544132,186.426635115,174.00733781726598,True,discovery
QQQ,2016-09-08T00:00:00.000Z,109.2357470561,0.0052306636943948,186.0010229526,174.06095830536503,True,discovery
QQQ,2016-09-09T00:00:00.000Z,106.4869160929,-0.0242486338796237,181.5491231389,174.09332417858852,True,discovery
QQQ,2016-09-12T00:00:00.000Z,108.3971206605,-0.0074232081914356,184.153867019,174.137541406321,True,discovery
QQQ,2016-09-13T00:00:00.000Z,107.4280412701,-0.0204757858966619,181.5065593689,174.168647706327,True,discovery
QQQ,2016-09-14T00:00:00.000Z,107.9405351785,-0.010337462623144,181.4384597205,174.198408623898,True,discovery
QQQ,2016-09-15T00:00:00.000Z,109.6177879696,0.0032406617768447,183.2515717884,174.24087780700748,True,discovery
QQQ,2016-09-16T00:00:00.000Z,109.5654856368,0.0025054991901358,182.5468125259,174.271491029039,True,discovery
QQQ,2016-09-19T00:00:00.000Z,109.0890733452,-0.0015982244979015,182.581041872,174.311277485362,True,discovery
QQQ,2016-09-20T00:00:00.000Z,109.2945845298,-0.0004845044288702,182.5895921504,174.3633327840895,True,discovery
QQQ,2016-09-21T00:00:00.000Z,110.3688475401,0.0075367874217215,184.6428986285,174.4088646751525,True,discovery
QQQ,2016-09-22T00:00:00.000Z,111.2469407834,0.02216078680329,185.8064226253,174.46553169838649,True,discovery
QQQ,2016-09-23T00:00:00.000Z,110.5369930548,0.0172924767955449,184.7883389143,174.5229701275235,True,discovery
QQQ,2016-09-26T00:00:00.000Z,109.6121927242,0.0073128555833417,183.2911418884,174.579663669658,True,discovery
QQQ,2016-09-27T00:00:00.000Z,110.695797152,0.0158790974350173,184.4290133391,174.6398274497865,True,discovery
QQQ,2016-09-28T00:00:00.000Z,110.8826255016,0.0209111423628651,185.3444355335,174.721274540593,True,discovery
QQQ,2016-09-29T00:00:00.000Z,110.0792635982,0.0145589833781998,183.6675697313,174.790066544569,True,discovery
QQQ,2016-09-30T00:00:00.000Z,110.9013083366,0.0195087618969593,185.053554962,174.856870127487,True,discovery
QQQ,2016-10-03T00:00:00.000Z,110.7425042394,0.0147457900359913,184.6086701379,174.9088882338745,True,discovery
QQQ,2016-10-04T00:00:00.000Z,110.5743587247,0.0069289430557686,183.6675697313,174.96947368360898,True,discovery
QQQ,2016-10-05T00:00:00.000Z,110.9666982589,0.0099018677806819,184.4803440975,175.04931538871404,True,discovery
QQQ,2016-10-06T00:00:00.000Z,110.910649754,0.0153329175021783,184.6086701379,175.12284829893647,True,discovery
QQQ,2016-10-07T00:00:00.000Z,110.6677728995,0.0392616948635509,183.975564548,175.185507027934,True,discovery
QQQ,2016-10-10T00:00:00.000Z,111.3683792106,0.0274108623180682,184.9337800555,175.24234163979452,True,discovery
QQQ,2016-10-11T00:00:00.000Z,109.7803382388,0.0218964894164435,182.5981432842,175.28893027660396,True,discovery
QQQ,2016-10-12T00:00:00.000Z,109.686924064,0.0161791757157032,182.8377067859,175.33869654897651,True,discovery
QQQ,2016-10-13T00:00:00.000Z,109.2945845298,-0.0029484579627681,182.2388177091,175.3762432663075,True,discovery
QQQ,2016-10-14T00:00:00.000Z,109.4253643745,-0.001278881405815,182.3329272365,175.4204527281685,True,discovery
QQQ,2016-10-17T00:00:00.000Z,109.1264390151,0.0003425244046373,181.6998353352,175.47017423093152,True,discovery
QQQ,2016-10-18T00:00:00.000Z,110.0979464332,0.0073504273505971,182.8377067859,175.53759035379,True,discovery
QQQ,2016-10-19T00:00:00.000Z,110.0886050157,-0.0025391451541449,183.3253584015,175.60601253855802,True,discovery
QQQ,2016-10-20T00:00:00.000Z,109.957825171,-0.0115878747165726,182.9831470717,175.683423083654,True,discovery
QQQ,2016-10-21T00:00:00.000Z,110.3688475401,-0.0015211696107622,183.0686934876,175.781354424741,True,discovery
QQQ,2016-10-24T00:00:00.000Z,111.6953288225,0.0190046020112149,183.8472385076,175.8921508789175,True,discovery
QQQ,2016-10-25T00:00:00.000Z,111.3403549582,0.0058227848101128,183.2312480186,175.99906701603203,True,discovery
QQQ,2016-10-26T00:00:00.000Z,110.5837001422,-0.0026958719461029,182.8633713096,176.097614569764,True,discovery
QQQ,2016-10-27T00:00:00.000Z,110.0792635982,0.0,182.375706861,176.2140695994705,True,discovery
QQQ,2016-10-28T00:00:00.000Z,109.3879987046,-0.0136455525610834,181.8367116539,176.314771316652,True,discovery
QQQ,2016-10-31T00:00:00.000Z,109.2852431123,-0.0131590046397157,181.8452756209,176.432870833423,True,discovery
QQQ,2016-11-01T00:00:00.000Z,108.463198374,-0.0190926755085798,180.5277353939,176.5433295543495,True,discovery
QQQ,2016-11-02T00:00:00.000Z,107.5944465482,-0.0303897634480579,179.4412066791,176.6585074815535,True,discovery
QQQ,2016-11-03T00:00:00.000Z,106.5388663729,-0.039417164995396,178.6198820345,176.765197877843,True,discovery
QQQ,2016-11-04T00:00:00.000Z,106.1652096736,-0.040685405587667,178.4231109904,176.8547709995335,True,discovery
QQQ,2016-11-07T00:00:00.000Z,108.6873923935,-0.0240731420902713,182.3585926156,176.97615320146852,True,discovery
QQQ,2016-11-08T00:00:00.000Z,109.3973401221,-0.0034887678690411,183.1799181158,177.0908583495015,True,discovery
QQQ,2016-11-09T00:00:00.000Z,109.9017766661,0.0019587804465612,185.1219999657,177.22399349728147,True,discovery
QQQ,2016-11-10T00:00:00.000Z,108.1269073447,-0.0106837606833266,185.5839862021,177.35531046183098,True,discovery
QQQ,2016-11-11T00:00:00.000Z,108.1736144321,-0.0114393033969344,185.1562156233,177.4650695070385,True,discovery
QQQ,2016-11-14T00:00:00.000Z,107.0806685868,-0.0187467899325196,185.301655909,177.57585064968,True,discovery
QQQ,2016-11-15T00:00:00.000Z,108.5659539663,-0.0139148141861983,186.747523032,177.7085622879605,True,discovery
QQQ,2016-11-16T00:00:00.000Z,109.2105117725,-0.0079762409840216,186.3967477352,177.83471794209296,True,discovery
QQQ,2016-11-17T00:00:00.000Z,110.0045322584,0.0004247727465269,187.3549623872,177.9644009431965,True,discovery
QQQ,2016-11-18T00:00:00.000Z,109.5935098892,-0.0070249682603444,186.9357429422,178.107363067749,True,discovery
QQQ,2016-11-21T00:00:00.000Z,110.7331628219,-0.008614200886852,188.3473807191,178.2680406954365,True,discovery
QQQ,2016-11-22T00:00:00.000Z,111.0694538512,-0.0024330900247416,188.7152702612,178.43051566810797,True,discovery
QQQ,2016-11-23T00:00:00.000Z,110.6210658121,0.0003378949144579,188.8179309224,178.59417787836347,True,discovery
QQQ,2016-11-25T00:00:00.000Z,110.9760396764,0.0081466395112645,189.5194806604,178.77149968294802,True,discovery
QQQ,2016-11-28T00:00:00.000Z,110.7238214044,0.0122117847992389,188.6297110122,178.928491954219,True,discovery
QQQ,2016-11-29T00:00:00.000Z,111.1068195211,0.0166680912895822,188.9976005543,179.074054705132,True,discovery
QQQ,2016-11-30T00:00:00.000Z,109.7616554039,0.011971406425087,188.5441645963,179.20429187657948,True,discovery
QQQ,2016-12-01T00:00:00.000Z,107.8653476552,0.0025177982292854,187.8511779697,179.3343919320885,True,discovery
QQQ,2016-12-02T00:00:00.000Z,108.0802002572,0.0144673388855587,187.9452755194,179.46534157259197,True,discovery
QQQ,2016-12-05T00:00:00.000Z,108.9209278306,0.0259568851742704,189.0745958363,179.59022740572,True,discovery
QQQ,2016-12-06T00:00:00.000Z,109.18248752,0.0045552213149755,189.67347208,179.72847003831103,True,discovery
QQQ,2016-12-07T00:00:00.000Z,110.5650173072,0.0106737255567341,192.154549137,179.8754112049325,True,discovery
QQQ,2016-12-08T00:00:00.000Z,110.7611870743,0.0078198045042623,192.6250865072,180.0148481087715,True,discovery
QQQ,2016-12-09T00:00:00.000Z,111.6299389001,0.0323974082069378,193.7886233371,180.1619982546005,True,discovery
QQQ,2016-12-12T00:00:00.000Z,111.1255023561,0.0272884283241998,193.5661869138,180.314481149512,True,discovery
QQQ,2016-12-13T00:00:00.000Z,112.5267149783,0.0508592863994439,194.8580497842,180.4542570224205,True,discovery
QQQ,2016-12-14T00:00:00.000Z,112.2931795413,0.0343314403717851,193.2496409632,180.5822418382695,True,discovery
QQQ,2016-12-15T00:00:00.000Z,112.4706664734,0.0298520229233183,194.045288251,180.7109192392755,True,discovery
QQQ,2016-12-16T00:00:00.000Z,112.054917347,0.0186390964672586,193.6679304349,180.83497183023,True,discovery
QQQ,2016-12-19T00:00:00.000Z,112.5140052191,0.0266484332224841,194.0896263595,180.960458907556,True,discovery
QQQ,2016-12-20T00:00:00.000Z,112.9449856704,0.0199743490760526,194.8383383058,181.098914662696,True,discovery
QQQ,2016-12-21T00:00:00.000Z,112.8606634082,0.0161269322472736,194.2961730761,181.23053141408897,True,discovery
QQQ,2016-12-22T00:00:00.000Z,112.5421126398,0.0173660126450334,193.9605425146,181.359796082609,True,discovery
QQQ,2016-12-23T00:00:00.000Z,112.6170657618,0.0147872107365261,194.2445400545,181.476916870542,True,discovery
QQQ,2016-12-27T00:00:00.000Z,113.197952457,0.0223450655985189,194.726469771,181.5975425044935,True,discovery
QQQ,2016-12-28T00:00:00.000Z,112.3172532739,0.0108943245609702,193.117151526,181.71151164066148,True,discovery
QQQ,2016-12-29T00:00:00.000Z,112.1579778897,0.0218320548918657,193.0741321836,181.820337205301,True,discovery
QQQ,2016-12-30T00:00:00.000Z,111.0055736394,0.0291124633857202,192.3684395798,181.92020030030747,True,discovery
QQQ,2017-01-03T00:00:00.000Z,111.9987025055,0.036255505069153,193.84005944,182.024053259646,True,discovery
QQQ,2017-01-04T00:00:00.000Z,112.6076966215,0.0338481214246895,194.9932520007,182.132444348025,True,discovery
QQQ,2017-01-05T00:00:00.000Z,113.2447981583,0.0372066137214164,194.8383383058,182.2405266092195,True,discovery
QQQ,2017-01-06T00:00:00.000Z,114.2379270244,0.0332194559061569,195.5354301393,182.3578102073065,True,discovery
QQQ,2017-01-09T00:00:00.000Z,114.6126926343,0.0347730614101884,194.8899850969,182.472247692045,True,discovery
QQQ,2017-01-10T00:00:00.000Z,114.8656594209,0.0289861353744511,194.8899850969,182.586177053036,True,discovery
QQQ,2017-01-11T00:00:00.000Z,115.174841049,0.0364393285703577,195.4407640058,182.694900408866,True,discovery
QQQ,2017-01-12T00:00:00.000Z,114.9968273844,0.0219513420131063,194.9502197494,182.7973603947535,True,discovery
QQQ,2017-01-13T00:00:00.000Z,115.3903312747,0.0275809425474582,195.3977317545,182.90417494653,True,discovery
QQQ,2017-01-17T00:00:00.000Z,115.0436730856,0.0228771349266303,194.7092544608,183.00161952082505,True,discovery
QQQ,2017-01-18T00:00:00.000Z,115.2779015917,0.028762541805456,195.1395511558,183.1040523579835,True,discovery
QQQ,2017-01-19T00:00:00.000Z,115.2216867503,0.0240652843699527,194.4166561507,183.2115927758055,True,discovery
QQQ,2017-01-20T00:00:00.000Z,115.4746535369,0.0223973454995352,195.1309495249,183.313262831284,True,discovery
QQQ,2017-01-23T00:00:00.000Z,115.5683449394,0.0239913664285911,194.6231899583,183.42285210212853,True,discovery
QQQ,2017-01-24T00:00:00.000Z,116.3459835798,0.0337995337991796,195.8710607007,183.536352007533,True,discovery
QQQ,2017-01-25T00:00:00.000Z,117.5171261106,0.0435108153071956,197.5664305394,183.660361070824,True,discovery
QQQ,2017-01-26T00:00:00.000Z,117.6389249338,0.0392319152458784,197.3598838229,183.775292803656,True,discovery
QQQ,2017-01-27T00:00:00.000Z,117.8637842998,0.0493827160496356,197.0500693419,183.8798687112235,True,discovery
QQQ,2017-01-30T00:00:00.000Z,116.9456085556,0.042686492356418,195.8280284495,183.9782920953815,True,discovery
QQQ,2017-01-31T00:00:00.000Z,116.7113800494,0.0514010803505708,195.8108131393,184.07760320875,True,discovery
QQQ,2017-02-01T00:00:00.000Z,117.5171261106,0.0492722101385862,195.888263102,184.171119889407,True,discovery
QQQ,2017-02-02T00:00:00.000Z,117.4140655679,0.0426824195024191,196.0173598558,184.2624876526675,True,discovery
QQQ,2017-02-03T00:00:00.000Z,117.7513546168,0.0397948208817546,197.3684845932,184.35976418646152,True,discovery
QQQ,2017-02-06T00:00:00.000Z,117.8918917205,0.0319855654884175,197.0156387216,184.46006094531847,True,discovery
QQQ,2017-02-07T00:00:00.000Z,118.3228721718,0.0323714542623847,197.0242524008,184.5604007725715,True,discovery
QQQ,2017-02-08T00:00:00.000Z,118.519624117,0.0318107667210689,197.2824329996,184.66355574704,True,discovery
QQQ,2017-02-09T00:00:00.000Z,118.9506045683,0.0327828845684592,198.4528408704,184.7712502299295,True,discovery
QQQ,2017-02-10T00:00:00.000Z,119.3441084587,0.0378034870455019,199.2359713887,184.881039706496,True,discovery
QQQ,2017-02-13T00:00:00.000Z,120.0186865564,0.0401104254626123,200.3203268052,185.0042956205315,True,discovery
QQQ,2017-02-14T00:00:00.000Z,120.421559587,0.046746477725885,201.1206726337,185.13629533567348,True,discovery
QQQ,2017-02-15T00:00:00.000Z,121.1336142457,0.0507964889466865,202.1705974299,185.2666008997985,True,discovery
QQQ,2017-02-16T00:00:00.000Z,121.0961376848,0.0509838998211393,201.9984813337,185.403709431966,True,discovery
QQQ,2017-02-17T00:00:00.000Z,121.6208095386,0.0532251521303417,202.316896585,185.54727919198152,True,discovery
QQQ,2017-02-21T00:00:00.000Z,122.2204345143,0.0575597892172645,203.5217350762,185.697042479518,True,discovery
QQQ,2017-02-22T00:00:00.000Z,122.2672802156,0.050893863746819,203.3410053008,185.8427266093825,True,discovery
QQQ,2017-02-23T00:00:00.000Z,121.8081923435,0.036514390497105,203.4787028249,185.988379453342,True,discovery
QQQ,2017-02-24T00:00:00.000Z,122.0424208496,0.0374323032812313,203.7368834237,186.1244841387435,True,discovery
QQQ,2017-02-27T00:00:00.000Z,122.1923270936,0.0367249602540322,204.0552995356,186.27043721486956,True,discovery
QQQ,2017-02-28T00:00:00.000Z,121.8175614837,0.041659990385904,203.504519766,186.413382359912,True,discovery
QQQ,2017-03-01T00:00:00.000Z,123.1479793987,0.0551497150198687,206.3530821654,186.57819155076152,True,discovery
QQQ,2017-03-02T00:00:00.000Z,122.5296161425,0.0426532727424133,205.0535904496,186.727950562408,True,discovery
QQQ,2017-03-03T00:00:00.000Z,122.7544755084,0.0454835620815095,205.1826742945,186.88652660627343,True,discovery
QQQ,2017-03-06T00:00:00.000Z,122.4827704412,0.0401814131123801,204.571660733,187.0417935500955,True,discovery
QQQ,2017-03-07T00:00:00.000Z,122.2766493558,0.0371930382260339,203.9606334021,187.197011535227,True,discovery
QQQ,2017-03-08T00:00:00.000Z,122.4921395815,0.035236360757423,203.5819705893,187.3448742972955,True,discovery
QQQ,2017-03-09T00:00:00.000Z,122.5858309839,0.034308300394928,203.8401511881,187.495213477173,True,discovery
QQQ,2017-03-10T00:00:00.000Z,123.1011336975,0.034892879647508,204.5544445623,187.63786170353697,True,discovery
QQQ,2017-03-13T00:00:00.000Z,123.3072547829,0.0332077249173257,204.6577123267,187.77505629525248,True,discovery
QQQ,2017-03-14T00:00:00.000Z,123.007442295,0.0249024199843705,203.8745688995,187.9080811418305,True,discovery
QQQ,2017-03-15T00:00:00.000Z,123.766342655,0.0277756165878546,205.6387879306,188.0461164349035,True,discovery
QQQ,2017-03-16T00:00:00.000Z,123.6820203928,0.0210379766423129,205.2343081767,188.183822972004,True,discovery
QQQ,2017-03-17T00:00:00.000Z,123.6390628847,0.0209992263049623,204.8755448649,188.317915033631,True,discovery
QQQ,2017-03-20T00:00:00.000Z,123.7517266219,0.0175209907859039,204.6508196508,188.4481737016825,True,discovery
QQQ,2017-03-21T00:00:00.000Z,121.8739976693,-0.002834524737019,202.023205855,188.5679617493125,True,discovery
QQQ,2017-03-22T00:00:00.000Z,122.7001984084,0.0035407526202972,202.4985978508,188.685596334736,True,discovery
QQQ,2017-03-23T00:00:00.000Z,122.3903731313,0.004779487952323,202.2825117586,188.800753320871,True,discovery
QQQ,2017-03-24T00:00:00.000Z,122.6438665399,0.004928169124416,202.1355749446,188.9122541463765,True,discovery
QQQ,2017-03-27T00:00:00.000Z,122.8410280799,0.0053088520509401,201.9281271101,189.02394556647204,True,discovery
QQQ,2017-03-28T00:00:00.000Z,123.5921196609,0.0145673428000563,203.3975229091,189.151494307963,True,discovery
QQQ,2017-03-29T00:00:00.000Z,124.1648269915,0.0082571195870611,203.5876665694,189.286852909093,True,discovery
QQQ,2017-03-30T00:00:00.000Z,124.3713771763,0.0150311499520088,204.235924846,189.42718876335,True,discovery
QQQ,2017-03-31T00:00:00.000Z,124.2868793734,0.0124834867213874,203.7605458153,189.566375556216,True,discovery
QQQ,2017-04-03T00:00:00.000Z,124.2117702153,0.0141162693158547,203.4061620311,189.70116536406047,True,discovery
QQQ,2017-04-04T00:00:00.000Z,124.4089317553,0.0174381814576509,203.5358085003,189.83987015176496,True,discovery
QQQ,2017-04-05T00:00:00.000Z,123.9019449381,0.0115093536729513,202.9307700352,189.969889096872,True,discovery
QQQ,2017-04-06T00:00:00.000Z,123.9676654514,0.0112723832469796,203.5012399116,190.100249296627,True,discovery
QQQ,2017-04-07T00:00:00.000Z,123.9019449381,0.006505311661612,203.2937929414,190.23101932585897,True,discovery
QQQ,2017-04-10T00:00:00.000Z,123.9488881619,0.0052035330778361,203.4148002887,190.3508603362755,True,discovery
QQQ,2017-04-11T00:00:00.000Z,123.4137354104,0.0033029962075432,203.1727855941,190.501710084119,True,discovery
QQQ,2017-04-12T00:00:00.000Z,122.916137238,-0.0068694396130776,202.2825117586,190.66360074124,True,discovery
QQQ,2017-04-13T00:00:00.000Z,122.4279277103,-0.0101396522996402,200.9687048607,190.8036003643305,True,discovery
QQQ,2017-04-17T00:00:00.000Z,123.4419013447,-0.0015946541117337,202.7492646325,190.9377765756685,True,discovery
QQQ,2017-04-18T00:00:00.000Z,123.2541284495,-0.0040209392303698,202.1442132023,191.056925300925,True,discovery
QQQ,2017-04-19T00:00:00.000Z,123.4512899895,0.0129419921424085,201.7725511741,191.1723430140135,True,discovery
QQQ,2017-04-20T00:00:00.000Z,124.4840409134,0.0145382202159329,203.4148002887,191.3023986907905,True,discovery
QQQ,2017-04-21T00:00:00.000Z,124.4558749791,0.0168763424357252,202.7665420121,191.4238929241545,True,discovery
QQQ,2017-04-24T00:00:00.000Z,125.9580581412,0.027022889075515,204.9965522122,191.55709052561104,True,discovery
QQQ,2017-04-25T00:00:00.000Z,126.8687566832,0.0327881381836061,206.1893517629,191.68297304663503,True,discovery
QQQ,2017-04-26T00:00:00.000Z,126.6903724327,0.0250683682770445,206.0596923284,191.8050151792685,True,discovery
QQQ,2017-04-27T00:00:00.000Z,127.4508526585,0.0264650283548091,206.2325715743,191.92132470684604,True,discovery
QQQ,2017-04-28T00:00:00.000Z,127.6761801329,0.0265720540499871,205.7831090452,192.0355146011705,True,discovery
QQQ,2017-05-01T00:00:00.000Z,128.8122061492,0.0364103338873316,206.3017078874,192.147190156526,True,discovery
QQQ,2017-05-02T00:00:00.000Z,129.0281449787,0.0387755102036757,206.3795083883,192.260488959864,True,discovery
QQQ,2017-05-03T00:00:00.000Z,128.6150446092,0.0338087691498951,206.1288416066,192.370065870239,True,discovery
QQQ,2017-05-04T00:00:00.000Z,128.661987833,0.038417822232557,206.3708571655,192.481789213678,True,discovery
QQQ,2017-05-05T00:00:00.000Z,129.1314200711,0.0416540442291735,207.1833426009,192.5937445003695,True,discovery
QQQ,2017-05-08T00:00:00.000Z,129.413079414,0.0444798060163891,207.1487748765,192.7090169341215,True,discovery
QQQ,2017-05-09T00:00:00.000Z,129.8637343626,0.0477200424175983,206.9586173867,192.81921013819348,True,discovery
QQQ,2017-05-10T00:00:00.000Z,129.9388435208,0.0528718143786945,207.3302794149,192.9337728109815,True,discovery
QQQ,2017-05-11T00:00:00.000Z,129.8355684284,0.0562939199513081,206.9067593176,193.045792245584,True,discovery
QQQ,2017-05-12T00:00:00.000Z,130.126616416,0.0628834355827481,206.561013791,193.15706184350253,True,discovery
QQQ,2017-05-15T00:00:00.000Z,130.5397167856,0.0574992394282718,207.7019544082,193.27297211410095,True,discovery
QQQ,2017-05-16T00:00:00.000Z,131.0842581818,0.0635283363794843,207.5117977827,193.38644199730896,True,discovery
QQQ,2017-05-17T00:00:00.000Z,127.751289291,0.0348315461253239,203.8296950935,193.4822674391705,True,discovery
QQQ,2017-05-18T00:00:00.000Z,128.8685380178,0.0352213590772665,204.6508196508,193.5881145086195,True,discovery
QQQ,2017-05-19T00:00:00.000Z,129.413079414,0.0398310199155522,205.9819047926,193.69793568971556,True,discovery
QQQ,2017-05-22T00:00:00.000Z,130.5021622065,0.0360763267738379,207.0277666649,193.812007225382,True,discovery
QQQ,2017-05-23T00:00:00.000Z,130.6336032332,0.0296751276549598,207.485868316,193.92083598084704,True,discovery
QQQ,2017-05-24T00:00:00.000Z,131.2344764981,0.0358677930938589,207.9698994338,194.032638145151,True,discovery
QQQ,2017-05-25T00:00:00.000Z,132.3517252249,0.0384530386746939,208.9638902718,194.148857010395,True,discovery
QQQ,2017-05-26T00:00:00.000Z,132.5864413439,0.0384587101986355,208.9206834255,194.267158121548,True,discovery
QQQ,2017-05-30T00:00:00.000Z,132.6991050811,0.0301749271136455,208.7391650577,194.3802529793025,True,discovery
QQQ,2017-05-31T00:00:00.000Z,132.6521618573,0.0280870261228529,208.6873061243,194.493897150169,True,discovery
QQQ,2017-06-01T00:00:00.000Z,133.1685373192,0.0354040440901444,210.3468464479,194.61315771284757,True,discovery
QQQ,2017-06-02T00:00:00.000Z,134.6894977709,0.0468476357269058,211.0469627936,194.7407282278725,True,discovery
QQQ,2017-06-05T00:00:00.000Z,134.6613318366,0.0428239057733217,210.8913868576,194.865775904425,True,discovery
QQQ,2017-06-06T00:00:00.000Z,134.1261790851,0.0364190365644767,210.2171999787,194.9853671214505,True,discovery
QQQ,2017-06-07T00:00:00.000Z,134.6519431918,0.0368710237134453,210.6061523516,195.10826509330897,True,discovery
QQQ,2017-06-08T00:00:00.000Z,134.7927728633,0.03735549132945,210.7098693541,195.2317241858595,True,discovery
QQQ,2017-06-09T00:00:00.000Z,131.4222493933,0.0122206956391539,210.3900662594,195.35171156091,True,discovery
QQQ,2017-06-12T00:00:00.000Z,130.7181010361,0.0045454545456642,210.3468464479,195.476249671841,True,discovery
QQQ,2017-06-13T00:00:00.000Z,131.7790178943,0.0094936708858917,211.3754179755,195.6065690969585,True,discovery
QQQ,2017-06-14T00:00:00.000Z,131.2063105638,0.000931098697074,211.1074729498,195.737293823838,True,discovery
QQQ,2017-06-15T00:00:00.000Z,130.6242145885,0.0224884250753498,210.7012302322,195.861433252943,True,discovery
QQQ,2017-06-16T00:00:00.000Z,130.0594124968,0.0092410024767684,210.7471295112,195.98733438648352,True,discovery
QQQ,2017-06-19T00:00:00.000Z,132.2341301433,0.021798806906335,212.5016228227,196.124646760708,True,discovery
QQQ,2017-06-20T00:00:00.000Z,131.1985503116,0.0053362189049257,211.0684928282,196.2547509492805,True,discovery
QQQ,2017-06-21T00:00:00.000Z,132.4977322823,0.014269904549538,211.0163810316,196.380423596703,True,discovery
QQQ,2017-06-22T00:00:00.000Z,132.4600748339,0.0093389966455783,210.9208386846,196.502809475094,True,discovery
QQQ,2017-06-23T00:00:00.000Z,132.9684503876,0.004659744039241,211.1727285813,196.62653994242552,True,discovery
QQQ,2017-06-26T00:00:00.000Z,132.3471024886,-0.00180515332393,211.3116875818,196.7530932655715,True,discovery
QQQ,2017-06-27T00:00:00.000Z,129.9464401515,-0.020743658579443,209.6093199639,196.89339424969648,True,discovery
QQQ,2017-06-28T00:00:00.000Z,131.8198982107,-0.0062740300267049,211.4854097836,197.0300519635195,True,discovery
QQQ,2017-06-29T00:00:00.000Z,129.5322082189,-0.0273062179213087,209.626694616,197.170652639755,True,discovery
QQQ,2017-06-30T00:00:00.000Z,129.5792800294,-0.0379407290551504,210.0175435133,197.313548058719,True,discovery
QQQ,2017-07-03T00:00:00.000Z,128.2141994069,-0.0478766424018666,210.3736561346,197.44915848045,True,discovery
QQQ,2017-07-05T00:00:00.000Z,129.4757220462,-0.0346722546681167,210.8600465104,197.5907246503725,True,discovery
QQQ,2017-07-06T00:00:00.000Z,128.3083411451,-0.0471111065784182,208.931844894,197.7224786654825,True,discovery
QQQ,2017-07-07T00:00:00.000Z,129.6922523747,-0.0378397178146391,210.2867950337,197.860964679899,True,discovery
QQQ,2017-07-10T00:00:00.000Z,130.5395449642,-0.0067165524344238,210.512619478,197.9903132841465,True,discovery
QQQ,2017-07-11T00:00:00.000Z,130.9067050864,0.0014428304022555,210.3562788768,198.113062565404,True,discovery
QQQ,2017-07-12T00:00:00.000Z,132.4600748339,0.0051681743458298,211.9370560664,198.2488061511645,True,discovery
QQQ,2017-07-13T00:00:00.000Z,132.7519200592,0.0117799935746871,212.2931652136,198.3938162677905,True,discovery
QQQ,2017-07-14T00:00:00.000Z,133.796914253,0.0242887559132496,213.2833223543,198.5380878128665,True,discovery
QQQ,2017-07-17T00:00:00.000Z,133.8628147877,0.0292435758234226,213.2572655875,198.6776519631365,True,discovery
QQQ,2017-07-18T00:00:00.000Z,134.7571791878,0.019080165171925,213.3701782439,198.82616500569952,True,discovery
QQQ,2017-07-19T00:00:00.000Z,135.5479856047,0.0331515499429677,214.5253615747,198.973524038763,True,discovery
QQQ,2017-07-20T00:00:00.000Z,135.7268584847,0.0243711809008171,214.6209030532,199.1235852033395,True,discovery
QQQ,2017-07-21T00:00:00.000Z,135.6703723121,0.0242359630418871,214.4298200962,199.277396455164,True,discovery
QQQ,2017-07-24T00:00:00.000Z,136.2917202111,0.0249929198528879,214.3777065625,199.426883267489,True,discovery
QQQ,2017-07-25T00:00:00.000Z,135.9433888132,0.0271731398495087,214.8988418998,199.5783341262985,True,discovery
QQQ,2017-07-26T00:00:00.000Z,136.3858638322,0.0495544446865376,214.9075274887,199.732993941002,True,discovery
QQQ,2017-07-27T00:00:00.000Z,135.5291568805,0.0281388373086979,214.7077589428,199.88186383543848,True,discovery
QQQ,2017-07-28T00:00:00.000Z,135.4161845352,0.0454248128492993,214.4558768631,200.04115250333305,True,discovery
QQQ,2017-07-31T00:00:00.000Z,134.8419084467,0.040613193838598,214.3342786177,200.198635362492,True,discovery
QQQ,2017-08-01T00:00:00.000Z,135.1525823962,0.0541155583499792,214.8119860102,200.3615012039975,True,discovery
QQQ,2017-08-02T00:00:00.000Z,135.5197425184,0.0466807242059121,214.9162130777,200.5244176332035,True,discovery
QQQ,2017-08-03T00:00:00.000Z,134.9925382404,0.0520947978568364,214.4993048079,200.688414980567,True,discovery
QQQ,2017-08-04T00:00:00.000Z,135.2373116552,0.0427555168405859,214.8901563108,200.84867722819152,True,discovery
QQQ,2017-08-07T00:00:00.000Z,136.0940186069,0.0425501226024902,215.2896934027,201.00849890319748,True,discovery
QQQ,2017-08-08T00:00:00.000Z,135.8586595542,0.0378281193811398,214.7598724765,201.16738253022152,True,discovery
QQQ,2017-08-09T00:00:00.000Z,135.6797866742,0.0243070362472419,214.7511868875,201.325794997221,True,discovery
QQQ,2017-08-10T00:00:00.000Z,132.7707487834,0.0001418339123955,211.7199163426,201.465158386396,True,discovery
QQQ,2017-08-11T00:00:00.000Z,133.7780855287,-0.0001407261475733,212.0325975449,201.6091651340275,True,discovery
QQQ,2017-08-14T00:00:00.000Z,135.5009137942,0.0122371474789166,214.1345100718,201.7655208278385,True,discovery
QQQ,2017-08-15T00:00:00.000Z,135.5950574152,0.0062176889754592,214.1084533049,201.924184560058,True,discovery
QQQ,2017-08-16T00:00:00.000Z,135.8304164679,0.0020836227254874,214.48193363,202.0874106699385,True,discovery
QQQ,2017-08-17T00:00:00.000Z,133.0531796466,-0.0196989664974923,211.1379818827,202.2338742012475,True,discovery
QQQ,2017-08-18T00:00:00.000Z,132.9590360255,-0.019984733883996,210.8079295024,202.38527517179,True,discovery
QQQ,2017-08-21T00:00:00.000Z,132.7895775076,-0.0256959314775364,210.9729556925,202.542933916857,True,discovery
QQQ,2017-08-22T00:00:00.000Z,134.8136653604,-0.0083102493079111,213.1790952869,202.715729983119,True,discovery
QQQ,2017-08-23T00:00:00.000Z,134.333532893,-0.015047974046086,212.4147634589,202.8856882454615,True,discovery
QQQ,2017-08-24T00:00:00.000Z,133.9381296845,-0.0117393720482069,211.9196848885,203.033493706826,True,discovery
QQQ,2017-08-25T00:00:00.000Z,133.6556988214,-0.013000556173124,212.4147634589,203.1796679335415,True,discovery
QQQ,2017-08-28T00:00:00.000Z,134.069930754,-0.0057250575996194,212.4234490479,203.3161751789525,True,discovery
QQQ,2017-08-29T00:00:00.000Z,134.597135032,-0.0041097798825011,212.6666455386,203.451588475635,True,discovery
QQQ,2017-08-30T00:00:00.000Z,136.1787478658,0.0048627995829504,213.6741738572,203.59417826680453,True,discovery
QQQ,2017-08-31T00:00:00.000Z,137.6379739923,0.0195969035502459,214.9596410224,203.7424681923715,True,discovery
QQQ,2017-09-01T00:00:00.000Z,137.4496867501,0.0163592064040778,215.2636366358,203.8850487603905,True,discovery
QQQ,2017-09-05T00:00:00.000Z,136.2164053142,0.0008992805749494,213.717601802,204.0216530307245,True,discovery
QQQ,2017-09-06T00:00:00.000Z,136.6306372469,0.0056822119048807,214.4471912741,204.157114175159,True,discovery
QQQ,2017-09-07T00:00:00.000Z,136.9507255585,0.0093671940047477,214.4211345073,204.29454113298448,True,discovery
QQQ,2017-09-08T00:00:00.000Z,135.7645159331,0.0225483939582504,214.1692524276,204.423650491527,True,discovery
QQQ,2017-09-11T00:00:00.000Z,137.3273000428,0.0265306122454458,216.4535623225,204.5623419518335,True,discovery
QQQ,2017-09-12T00:00:00.000Z,137.6568027165,0.0159105120543645,217.1831517947,204.70416805619504,True,discovery
QQQ,2017-09-13T00:00:00.000Z,137.8450899586,0.0165937651879912,217.2873788621,204.84300754720348,True,discovery
QQQ,2017-09-14T00:00:00.000Z,137.0354548175,0.0088716384808023,217.2178941505,204.98594846289495,True,discovery
QQQ,2017-09-15T00:00:00.000Z,137.5061729228,0.0334677704661212,217.5084913743,205.12850291699505,True,discovery
QQQ,2017-09-18T00:00:00.000Z,137.3267163523,0.0328498194433533,217.9711082547,205.275637635287,True,discovery
QQQ,2017-09-19T00:00:00.000Z,137.5625918528,0.0359441940759759,218.1893237644,205.4273283642605,True,discovery
QQQ,2017-09-20T00:00:00.000Z,137.138015952,0.0172412090820783,218.2678813478,205.5789413934025,True,discovery
QQQ,2017-09-21T00:00:00.000Z,136.2982991704,0.0146260299650198,217.683063782,205.72198373313097,True,discovery
QQQ,2017-09-22T00:00:00.000Z,136.1662088902,0.0166351375142268,217.726706884,205.86224990715095,True,discovery
QQQ,2017-09-25T00:00:00.000Z,134.7320858476,0.0080534315834772,217.2815472443,205.9878848976875,True,discovery
QQQ,2017-09-26T00:00:00.000Z,135.0811815882,0.007542711691673,217.4124765501,206.111821847902,True,discovery
QQQ,2017-09-27T00:00:00.000Z,136.2982991704,0.0126389327528817,218.2591527275,206.234174494854,True,discovery
QQQ,2017-09-28T00:00:00.000Z,136.2511240703,0.0005314794388571,218.521011339,206.35894861698,True,discovery
QQQ,2017-09-29T00:00:00.000Z,137.2323661521,-0.0029469181246644,219.2891299329,206.4811040177235,True,discovery
QQQ,2017-10-02T00:00:00.000Z,137.3550214124,-0.000688727198572,220.2405495549,206.616058560682,True,discovery
QQQ,2017-10-03T00:00:00.000Z,137.6475070329,0.0105060893025255,220.7118950556,206.749391594705,True,discovery
QQQ,2017-10-04T00:00:00.000Z,137.7795973131,0.0084092418022156,220.9737536672,206.8859207108665,True,discovery
QQQ,2017-10-05T00:00:00.000Z,139.1288051756,0.0159041115570404,222.2830467249,207.0268878126935,True,discovery
QQQ,2017-10-06T00:00:00.000Z,139.317505576,0.0261702376241725,222.0299167338,207.1628457048335,True,discovery
QQQ,2017-10-09T00:00:00.000Z,139.1571102357,0.0133244459938388,221.6633146776,207.299681412841,True,discovery
QQQ,2017-10-10T00:00:00.000Z,139.2608954559,0.0116528403082525,222.2481322434,207.441119361485,True,discovery
QQQ,2017-10-11T00:00:00.000Z,139.6760363366,0.0132826376227828,222.5972770588,207.5828830465065,True,discovery
QQQ,2017-10-12T00:00:00.000Z,139.4212907962,0.0174103554578439,222.2655894842,207.7205786450725,True,discovery
QQQ,2017-10-13T00:00:00.000Z,139.9590869372,0.0178385738055346,222.5361767161,207.867673771023,True,discovery
QQQ,2017-10-16T00:00:00.000Z,140.440272958,0.0226726210922603,222.8329498092,208.016467859151,True,discovery
QQQ,2017-10-17T00:00:00.000Z,140.6195383384,0.0222222222220929,222.9900649761,208.1695759861325,True,discovery
QQQ,2017-10-18T00:00:00.000Z,140.4497079781,0.0241486068112517,223.2082804858,208.3164170913615,True,discovery
QQQ,2017-10-19T00:00:00.000Z,139.9307818771,0.0266509760489281,223.2693808285,208.4577977355005,True,discovery
QQQ,2017-10-20T00:00:00.000Z,140.3081826778,0.0304185144123381,224.4215587193,208.605713837568,True,discovery
QQQ,2017-10-23T00:00:00.000Z,139.3929857361,0.0345938375345284,223.5486966808,208.7457801702755,True,discovery
QQQ,2017-10-24T00:00:00.000Z,139.6288612365,0.0336662708663875,223.9414845981,208.8910376677815,True,discovery
QQQ,2017-10-25T00:00:00.000Z,139.1005001156,0.0205593243808324,222.8329498092,209.030752491343,True,discovery
QQQ,2017-10-26T00:00:00.000Z,138.6570541748,0.0176580569218545,223.1209942819,209.1691536427235,True,discovery
QQQ,2017-10-27T00:00:00.000Z,142.6952427422,0.0398074939846571,224.9452759424,209.3191289236885,True,discovery
QQQ,2017-10-30T00:00:00.000Z,143.0160334228,0.0412144525346704,224.1073283854,209.462676906843,True,discovery
QQQ,2017-10-31T00:00:00.000Z,143.5538295638,0.0429090410586825,224.4564732008,209.611413000543,True,discovery
QQQ,2017-11-01T00:00:00.000Z,143.5066544637,0.0415668013427665,224.7532462939,209.75948147623347,True,discovery
QQQ,2017-11-02T00:00:00.000Z,143.2330388832,0.0294995252954259,224.8405324978,209.91160085796895,True,discovery
QQQ,2017-11-03T00:00:00.000Z,144.6105518057,0.0379926858998531,225.5911938509,210.063902079599,True,discovery
QQQ,2017-11-06T00:00:00.000Z,145.1011728466,0.0427147603225745,225.9403386663,210.22048782313897,True,discovery
QQQ,2017-11-07T00:00:00.000Z,145.1860880268,0.0425474254743418,225.7832234993,210.370048637132,True,discovery
QQQ,2017-11-08T00:00:00.000Z,145.7710592678,0.0436368549040999,226.1672827963,210.5130528984165,True,discovery
QQQ,2017-11-09T00:00:00.000Z,145.0068226464,0.040062258915424,225.3467924801,210.6529874417025,True,discovery
QQQ,2017-11-10T00:00:00.000Z,144.9973876264,0.0359983820947669,225.276963517,210.794121912578,True,discovery
QQQ,2017-11-13T00:00:00.000Z,145.1766530067,0.0337252267383192,225.4864504063,210.942414022362,True,discovery
QQQ,2017-11-14T00:00:00.000Z,144.6482918858,0.0286500268384102,224.9627331831,211.08817362258097,True,discovery
QQQ,2017-11-15T00:00:00.000Z,143.9689704445,0.0250571006309869,223.8367411535,211.22791601283848,True,discovery
QQQ,2017-11-16T00:00:00.000Z,145.8087993479,0.0420066077809999,225.7395803974,211.37652711554648,True,discovery
QQQ,2017-11-17T00:00:00.000Z,145.2521331669,0.0352363660817498,225.0762052482,211.5150657188215,True,discovery
QQQ,2017-11-20T00:00:00.000Z,145.1389129267,0.0412210640317169,225.4602645451,211.657288847939,True,discovery
QQQ,2017-11-21T00:00:00.000Z,146.7145612696,0.0507466720730351,226.9354013902,211.806844592886,True,discovery
QQQ,2017-11-22T00:00:00.000Z,146.8938266499,0.0560265888894959,226.7346431213,211.95410564349447,True,discovery
QQQ,2017-11-24T00:00:00.000Z,147.4316227909,0.0632825258572002,227.2583603444,212.09813324086448,True,discovery
QQQ,2017-11-27T00:00:00.000Z,147.3655776508,0.0327294366570973,227.1448882794,212.237677825318,True,discovery
QQQ,2017-11-28T00:00:00.000Z,147.7429784515,0.0330518538066684,229.4492440611,212.38332241159748,True,discovery
QQQ,2017-11-29T00:00:00.000Z,145.1672179867,0.0112389089709581,229.3095861349,212.5242669791035,True,discovery
QQQ,2017-11-30T00:00:00.000Z,146.384335569,0.0200525969757585,231.3171688234,212.669999836071,True,discovery
QQQ,2017-12-01T00:00:00.000Z,145.7616242478,0.0176536460045502,230.8370947023,212.814192902914,True,discovery
QQQ,2017-12-04T00:00:00.000Z,144.0821906847,-0.003653683043198,230.5577788499,212.9553973142385,True,discovery
QQQ,2017-12-05T00:00:00.000Z,144.1765408849,-0.006372325898961,229.7285599134,213.0864314384245,True,discovery
QQQ,2017-12-06T00:00:00.000Z,144.8275572661,-0.0024694567198051,229.7722030153,213.218587426997,True,discovery
QQQ,2017-12-07T00:00:00.000Z,145.318178307,-0.0031067961162853,230.4966785073,213.353677305409,True,discovery
QQQ,2017-12-08T00:00:00.000Z,145.9597596682,0.006571670245639,231.7535998427,213.493760887504,True,discovery
QQQ,2017-12-11T00:00:00.000Z,147.0919620703,0.0144456012497058,232.4518894735,213.63574383719347,True,discovery
QQQ,2017-12-12T00:00:00.000Z,146.8938266499,0.0118281666344846,232.8621346316,213.78253191152143,True,discovery
QQQ,2017-12-13T00:00:00.000Z,147.1768772504,0.0174809210093978,232.8359487704,213.91494624454648,True,discovery
QQQ,2017-12-14T00:00:00.000Z,147.0730920302,0.0215610459400807,231.8845291485,214.04910093804105,True,discovery
QQQ,2017-12-15T00:00:00.000Z,148.7430905733,0.0201242396791074,233.8059891583,214.19221751236,True,discovery
QQQ,2017-12-18T00:00:00.000Z,149.9879565494,0.0326041571937423,235.2886056518,214.345802236954,True,discovery
QQQ,2017-12-19T00:00:00.000Z,149.0992230701,0.0272863428803555,234.3849991498,214.4979240656925,True,discovery
QQQ,2017-12-20T00:00:00.000Z,148.9384946749,0.0151582323257835,234.2621788486,214.651325106989,True,discovery
QQQ,2017-12-21T00:00:00.000Z,148.9574038979,0.0140480869418579,234.7446871749,214.805847786923,True,discovery
QQQ,2017-12-22T00:00:00.000Z,148.7872208912,0.009194758048771,234.6832770242,214.9564919492325,True,discovery
QQQ,2017-12-26T00:00:00.000Z,147.9835789152,0.0041936609230714,234.4025449071,215.1052161121345,True,discovery
QQQ,2017-12-27T00:00:00.000Z,148.0024881382,0.001756494213261,234.5165923297,215.2584262292855,True,discovery
QQQ,2017-12-28T00:00:00.000Z,148.1821257564,0.0207685165529329,234.999100656,215.40522779291248,True,discovery
QQQ,2017-12-29T00:00:00.000Z,147.2650284426,0.0060163054344355,234.1130399114,215.549621451586,True,discovery
QQQ,2018-01-02T00:00:00.000Z,149.8461373772,0.0280218689279709,235.7886597354,215.70418702593847,True,discovery
QQQ,2018-01-03T00:00:00.000Z,151.3021475454,0.0501099881004702,237.2800491075,215.867333173222,True,discovery
QQQ,2018-01-04T00:00:00.000Z,151.5668766669,0.0512589339197693,238.2801572747,216.0486179303205,True,discovery
QQQ,2018-01-05T00:00:00.000Z,153.0890691155,0.0570437836924959,239.8680483121,216.23546518262705,True,discovery
QQQ,2018-01-08T00:00:00.000Z,153.6847096388,0.0575738798082425,240.3066922451,216.42558608505948,True,discovery
QQQ,2018-01-09T00:00:00.000Z,153.6941642503,0.0529899788796723,240.850610722,216.61916126394647,True,discovery
QQQ,2018-01-10T00:00:00.000Z,153.334889014,0.0424423391722539,240.4821498183,216.8119313774875,True,discovery
QQQ,2018-01-11T00:00:00.000Z,154.3843508885,0.0509927776369565,242.2367255502,217.00612739069297,True,discovery
QQQ,2018-01-12T00:00:00.000Z,155.5189042663,0.0566802827437851,243.8158437089,217.2072682763905,True,discovery
QQQ,2018-01-16T00:00:00.000Z,155.0745375267,0.0544045507308501,242.9824202363,217.401000753342,True,discovery
QQQ,2018-01-17T00:00:00.000Z,156.748003759,0.0538170422225776,245.2984602024,217.6086903252775,True,discovery
QQQ,2018-01-18T00:00:00.000Z,156.7763675934,0.0452597075136775,244.8861349054,217.816090189649,True,discovery
QQQ,2018-01-19T00:00:00.000Z,157.2680073905,0.0547875713380436,246.0002904952,218.02841259962352,True,discovery
QQQ,2018-01-22T00:00:00.000Z,158.9509282343,0.0672252904210892,248.0005068296,218.25376128359548,True,discovery
QQQ,2018-01-23T00:00:00.000Z,160.2651192303,0.0759124087591553,248.5268795492,218.47888948178348,True,discovery
QQQ,2018-01-24T00:00:00.000Z,159.2251119672,0.0701531422757917,248.4303778839,218.704572406496,True,discovery
QQQ,2018-01-25T00:00:00.000Z,159.1683842984,0.07558139534934,248.5356524278,218.9301766671915,True,discovery
QQQ,2018-01-26T00:00:00.000Z,161.6076740607,0.0919253864826645,251.4131566282,219.171378522362,True,discovery
QQQ,2018-01-29T00:00:00.000Z,160.8229413077,0.0853059401515168,249.7463096829,219.4086975119835,True,discovery
QQQ,2018-01-30T00:00:00.000Z,159.4992957002,0.083076527991631,247.1846291142,219.63977713325096,True,discovery
QQQ,2018-01-31T00:00:00.000Z,160.161118504,0.0688371506089251,247.3074494155,219.862568057166,True,discovery
QQQ,2018-02-01T00:00:00.000Z,158.7996544506,0.0495532087735257,247.0267172984,220.0869805776465,True,discovery
QQQ,2018-02-02T00:00:00.000Z,155.6323596041,0.02682303037843,241.64894268,220.286362535176,True,discovery
QQQ,2018-02-05T00:00:00.000Z,149.4963167523,-0.0234683794470615,231.5425864641,220.42700146605296,True,discovery
QQQ,2018-02-06T00:00:00.000Z,153.4577989633,-0.0014764687784054,236.1044833671,220.593691172828,True,discovery
QQQ,2018-02-07T00:00:00.000Z,151.4723305521,-0.0144562007870487,234.8236430828,220.742826627181,True,discovery
QQQ,2018-02-08T00:00:00.000Z,145.0810131903,-0.0538290788011486,226.0156729085,220.84195823290895,True,discovery
QQQ,2018-02-09T00:00:00.000Z,147.586485233,-0.0440320901462971,229.4107769498,220.958713656016,True,discovery
QQQ,2018-02-12T00:00:00.000Z,150.2054126135,-0.0341662107116029,232.7795623551,221.09144860992,True,discovery
QQQ,2018-02-13T00:00:00.000Z,150.980690755,-0.0263992196075073,233.3585723466,221.229325926427,True,discovery
QQQ,2018-02-14T00:00:00.000Z,153.8076195881,-0.0187586706075111,236.5080357854,221.380357565917,True,discovery
QQQ,2018-02-15T00:00:00.000Z,156.6629122556,-0.0007236762755867,239.5259060444,221.5460895541975,True,discovery
QQQ,2018-02-16T00:00:00.000Z,155.963271006,-0.0082962606708706,239.5960890736,221.7134257915325,True,discovery
QQQ,2018-02-20T00:00:00.000Z,156.2752731849,-0.0168332143707646,238.0959268228,221.872051139819,True,discovery
QQQ,2018-02-21T00:00:00.000Z,155.8309064452,-0.0276679841901722,236.9115882038,222.0206923678335,True,discovery
QQQ,2018-02-22T00:00:00.000Z,155.8119972223,-0.0214357817226914,237.2186389569,222.1710416882355,True,discovery
QQQ,2018-02-23T00:00:00.000Z,158.9982012917,-0.001069201069359,240.9997496592,222.341247349598,True,discovery
QQQ,2018-02-26T00:00:00.000Z,161.1065796522,-0.003100684490464,243.7982979516,222.5235874422815,True,discovery
QQQ,2018-02-27T00:00:00.000Z,159.1116566295,-0.0106407995295013,240.7541090567,222.692824190977,True,discovery
QQQ,2018-02-28T00:00:00.000Z,158.0905585894,-0.008832246591533,238.3152487893,222.8515953659685,True,discovery
QQQ,2018-03-01T00:00:00.000Z,155.5094496548,-0.0290436835896836,234.8499617188,222.9873354025215,True,discovery
QQQ,2018-03-02T00:00:00.000Z,156.9370959886,-0.0117289830915811,236.0606189738,223.130079508477,True,discovery
QQQ,2018-03-05T00:00:00.000Z,158.6767445013,0.0195613875221345,238.788984237,223.3048759541945,True,discovery
QQQ,2018-03-06T00:00:00.000Z,159.3480219165,0.0658993169746331,239.3943128645,223.478593420263,True,discovery
QQQ,2018-03-07T00:00:00.000Z,159.7167517643,0.0407861499596826,239.3065840779,223.6452168166895,True,discovery
QQQ,2018-03-08T00:00:00.000Z,160.5960306321,0.0602334436048161,240.4646040609,223.81240100366952,True,discovery
QQQ,2018-03-09T00:00:00.000Z,163.7160524212,0.128445747800622,244.6492671816,223.99821799799756,True,discovery
QQQ,2018-03-12T00:00:00.000Z,164.5858766775,0.115182575272136,244.3422164285,224.18007958297105,True,discovery
QQQ,2018-03-13T00:00:00.000Z,162.3451337563,0.0808207968779211,242.7630982698,224.34907562296095,True,discovery
QQQ,2018-03-14T00:00:00.000Z,162.3167699218,0.075082973260437,241.5173495001,224.512058953334,True,discovery
QQQ,2018-03-15T00:00:00.000Z,162.1749507496,0.0544012785836478,241.2541631403,224.67463394374695,True,discovery
QQQ,2018-03-16T00:00:00.000Z,161.692765564,0.0321062160531886,241.5145246332,224.8387700362915,True,discovery
QQQ,2018-03-19T00:00:00.000Z,158.2480251436,0.0146493089229455,238.2467679359,224.9782696437315,True,discovery
QQQ,2018-03-20T00:00:00.000Z,158.7688893796,0.0159565626978597,238.6519345345,225.116294502436,True,discovery
QQQ,2018-03-21T00:00:00.000Z,158.0775604846,0.0144172557976494,238.1939201187,225.2528071687415,True,discovery
QQQ,2018-03-22T00:00:00.000Z,154.1758138443,-0.0105010102377779,232.2397327135,225.3629198324155,True,discovery
QQQ,2018-03-23T00:00:00.000Z,150.1130728038,-0.0558819434164493,227.2896538351,225.446337339833,True,discovery
QQQ,2018-03-26T00:00:00.000Z,155.691055258,-0.0336145451408076,233.5080803264,225.5603283946945,True,discovery
QQQ,2018-03-27T00:00:00.000Z,150.6528775575,-0.0531625353615462,229.5356860664,225.65605649372952,True,discovery
QQQ,2018-03-28T00:00:00.000Z,148.9198201905,-0.0580093996803354,228.8574724122,225.74860962355103,True,discovery
QQQ,2018-03-29T00:00:00.000Z,151.6472547352,-0.0248357571078369,231.7817182977,225.850641125162,True,discovery
QQQ,2018-04-02T00:00:00.000Z,147.2719951531,-0.0615858269494299,226.7787916021,225.9289977184235,True,discovery
QQQ,2018-04-03T00:00:00.000Z,148.9292904494,-0.0614296321904948,229.6854215485,226.023918675005,True,discovery
QQQ,2018-04-04T00:00:00.000Z,151.2779146406,-0.050644540037835,232.1428450486,226.130897252692,True,discovery
QQQ,2018-04-05T00:00:00.000Z,152.1397081947,-0.0474405063082031,233.9749027117,226.238263652137,True,discovery
QQQ,2018-04-06T00:00:00.000Z,148.3326641427,-0.0763615790572895,228.7605847474,226.32672411173303,True,discovery
QQQ,2018-04-09T00:00:00.000Z,149.3743926146,-0.0876008161356257,229.8880048478,226.421082230814,True,discovery
QQQ,2018-04-10T00:00:00.000Z,152.6700426895,-0.0723988851810696,233.5433122045,226.53419459841348,True,discovery
QQQ,2018-04-11T00:00:00.000Z,151.7893086177,-0.0650208903362978,232.3190044393,226.63992597770348,True,discovery
QQQ,2018-04-12T00:00:00.000Z,153.617068573,-0.0535970581042936,234.2303338282,226.75451920893556,True,discovery
QQQ,2018-04-13T00:00:00.000Z,152.8215668308,-0.0576746524390299,233.5433122045,226.8741891701385,True,discovery
QQQ,2018-04-16T00:00:00.000Z,153.9864086676,-0.0476604928459198,235.463449563,226.9940793690355,True,discovery
QQQ,2018-04-17T00:00:00.000Z,157.3009992601,-0.0059844404544108,237.9825288499,227.13585854020505,True,discovery
QQQ,2018-04-18T00:00:00.000Z,157.6229880605,-0.0072174172382114,238.1586882406,227.2765642638415,True,discovery
QQQ,2018-04-19T00:00:00.000Z,156.1740384586,-0.0120416966213585,236.8374928104,227.4088834472205,True,discovery
QQQ,2018-04-20T00:00:00.000Z,153.7023009025,-0.0030712530713681,234.8292757566,227.5287295934515,True,discovery
QQQ,2018-04-23T00:00:00.000Z,153.3140202903,0.0213235757999816,234.7940438784,227.65804058837352,True,discovery
QQQ,2018-04-24T00:00:00.000Z,150.0657215097,-0.036131386860845,231.6319828156,227.764766527283,True,discovery
QQQ,2018-04-25T00:00:00.000Z,150.2456564275,-0.0027030424947879,232.2045008353,227.8732259340695,True,discovery
QQQ,2018-04-26T00:00:00.000Z,153.4087228786,0.0301430842607637,234.5650366705,227.994269723038,True,discovery
QQQ,2018-04-27T00:00:00.000Z,153.503425467,0.0122400549554371,234.7852359089,228.1085106222505,True,discovery
QQQ,2018-04-30T00:00:00.000Z,152.4143457009,0.0349173686582717,232.9796021543,228.21194280695403,True,discovery
QQQ,2018-05-01T00:00:00.000Z,154.1568733267,0.0351011064480704,233.3935767225,228.312494078795,True,discovery
QQQ,2018-05-02T00:00:00.000Z,153.2477284784,0.0130211593839049,231.8257581453,228.405336541584,True,discovery
QQQ,2018-05-03T00:00:00.000Z,153.2287879608,0.007158418923127,231.3148959123,228.495060129926,True,discovery
QQQ,2018-05-04T00:00:00.000Z,156.1361574233,0.0526080572050726,234.309605554,228.59398134982249,True,discovery
QQQ,2018-05-07T00:00:00.000Z,157.4335828838,0.0539529575862007,235.1023228121,228.696388448617,True,discovery
QQQ,2018-05-08T00:00:00.000Z,157.2725884836,0.0301470132124128,235.1023228121,228.79975096219653,True,discovery
QQQ,2018-05-09T00:00:00.000Z,158.9867053328,0.0474170202146946,237.374778952,228.914736324144,True,discovery
QQQ,2018-05-10T00:00:00.000Z,160.6345303702,0.0456815239503496,239.5943872747,229.0382140510185,True,discovery
QQQ,2018-05-11T00:00:00.000Z,160.4830062289,0.0501332341827285,240.325448746,229.165303657305,True,discovery
QQQ,2018-05-14T00:00:00.000Z,160.7576437351,0.0439729397294836,240.43995235,229.293964624341,True,discovery
QQQ,2018-05-15T00:00:00.000Z,158.977235074,0.0106562311859716,238.7840540775,229.41560551041297,True,discovery
QQQ,2018-05-16T00:00:00.000Z,160.0284338048,0.0152607546265821,239.7881626044,229.54287493034653,True,discovery
QQQ,2018-05-17T00:00:00.000Z,159.4128669804,0.0207385846826173,239.5855793051,229.666742896821,True,discovery
QQQ,2018-05-18T00:00:00.000Z,158.5889544617,0.0317929759704755,238.9866373768,229.78709501831648,True,discovery
QQQ,2018-05-21T00:00:00.000Z,159.4791587923,0.0402124899622768,240.7834631618,229.918515810086,True,discovery
QQQ,2018-05-22T00:00:00.000Z,159.2708130979,0.0613404013627787,240.1140574772,230.044635315918,True,discovery
QQQ,2018-05-23T00:00:00.000Z,160.6155898526,0.0690198550272496,240.7746551923,230.172060124866,True,discovery
QQQ,2018-05-24T00:00:00.000Z,160.5682385584,0.0466695475032776,240.2814088984,230.2996678069755,True,discovery
QQQ,2018-05-25T00:00:00.000Z,160.7292329586,0.0470726139798971,239.7088908786,230.424456326931,True,discovery
QQQ,2018-05-29T00:00:00.000Z,160.0189635459,0.0498943705727241,236.9519964144,230.55061672729,True,discovery
QQQ,2018-05-30T00:00:00.000Z,161.164864865,0.0454601302366075,240.1140574772,230.69102402695148,True,discovery
QQQ,2018-05-31T00:00:00.000Z,161.0606920178,0.0509825732294701,238.643126565,230.81356710941748,True,discovery
QQQ,2018-06-01T00:00:00.000Z,163.589251127,0.0676143386897409,240.9860464611,230.94795507519848,True,discovery
QQQ,2018-06-04T00:00:00.000Z,165.0666115053,0.0571965791228528,242.1310825006,231.0862008195515,True,discovery
QQQ,2018-06-05T00:00:00.000Z,165.5780054824,0.0517324350333263,242.3072418913,231.2420471195945,True,discovery
QQQ,2018-06-06T00:00:00.000Z,166.5439718837,0.0589510447401759,244.3330748842,231.4096728465035,True,discovery
QQQ,2018-06-07T00:00:00.000Z,165.1897248702,0.0390159637839873,244.3066509756,231.576341322919,True,discovery
QQQ,2018-06-08T00:00:00.000Z,165.199195129,0.028416460323196,245.0289044774,231.7355903688715,True,discovery
QQQ,2018-06-11T00:00:00.000Z,165.6442972943,0.0321609819424641,245.3547993502,231.900290548328,True,discovery
QQQ,2018-06-12T00:00:00.000Z,166.5155611072,0.0358173784979583,245.6718862534,232.0690515551525,True,discovery
QQQ,2018-06-13T00:00:00.000Z,166.5060908483,0.0473580747004156,244.8879769648,232.231417622682,True,discovery
QQQ,2018-06-14T00:00:00.000Z,168.1917969211,0.0510119540772207,245.5045348323,232.396823051604,True,discovery
QQQ,2018-06-15T00:00:00.000Z,167.6046408733,0.0513871561817353,245.192380392,232.559451725871,True,discovery
QQQ,2018-06-18T00:00:00.000Z,167.5083946327,0.0562425056730799,244.6880695746,232.714521204458,True,discovery
QQQ,2018-06-19T00:00:00.000Z,167.0338666026,0.0473711290397447,243.7502284054,232.858474141373,True,discovery
QQQ,2018-06-20T00:00:00.000Z,168.2201866779,0.056189664671951,244.1660636408,233.002986276398,True,discovery
QQQ,2018-06-21T00:00:00.000Z,166.7586403451,0.0382469130060012,242.6354360722,233.147575447749,True,discovery
QQQ,2018-06-22T00:00:00.000Z,166.3885084816,0.0362479527424293,243.0778139822,233.2907285612895,True,discovery
QQQ,2018-06-25T00:00:00.000Z,162.6397370437,0.011886475471404,239.7688272155,233.4174670248305,True,discovery
QQQ,2018-06-26T00:00:00.000Z,163.3040762858,0.0205295214211138,240.2996807075,233.54811916623004,True,discovery
QQQ,2018-06-27T00:00:00.000Z,161.0832851049,-0.0005061882449896,238.3089801125,233.65739625518,True,discovery
QQQ,2018-06-28T00:00:00.000Z,162.4689069528,0.008743380630976,239.6715040753,233.769838016583,True,discovery
QQQ,2018-06-29T00:00:00.000Z,162.9054727405,-0.0041798491147146,240.0165588451,233.883483916498,True,discovery
QQQ,2018-07-02T00:00:00.000Z,163.9968872098,-0.006480561306401,240.5297172206,234.0000430318485,True,discovery
QQQ,2018-07-03T00:00:00.000Z,162.0987750893,-0.0210126362071066,239.6803516335,234.11090233314448,True,discovery
QQQ,2018-07-05T00:00:00.000Z,164.1107739371,-0.0146099430623592,241.6356619956,234.229225101849,True,discovery
QQQ,2018-07-06T00:00:00.000Z,166.6637347391,0.0089231329010217,243.6794479398,234.356675722726,True,discovery
QQQ,2018-07-09T00:00:00.000Z,168.1632433143,0.0179422677149572,245.8736423733,234.49470452785351,True,discovery
QQQ,2018-07-10T00:00:00.000Z,168.2866206021,0.0159517915857094,246.7583981933,234.64008119991,True,discovery
QQQ,2018-07-11T00:00:00.000Z,167.4324701479,0.00550644657234,244.9534963206,234.77621514709296,True,discovery
QQQ,2018-07-12T00:00:00.000Z,170.317600571,0.0228911128913151,247.1742334287,234.92567857801495,True,discovery
QQQ,2018-07-13T00:00:00.000Z,170.4599589801,0.0134855688596038,247.3688797091,235.07546059381,True,discovery
QQQ,2018-07-16T00:00:00.000Z,170.0518648742,0.0146011708753932,247.1476907541,235.219903283943,True,discovery
QQQ,2018-07-17T00:00:00.000Z,171.0863359798,0.0213597733710326,248.1474648307,235.3680355514015,True,discovery
QQQ,2018-07-18T00:00:00.000Z,170.7636569194,0.0223295454548373,248.6694707645,235.5149372555595,True,discovery
QQQ,2018-07-19T00:00:00.000Z,169.9095064651,0.0100423131168831,247.7316295953,235.6523926557615,True,discovery
QQQ,2018-07-20T00:00:00.000Z,169.8715442227,0.0186671219623641,247.4485077329,235.786075719148,True,discovery
QQQ,2018-07-23T00:00:00.000Z,170.4125061771,0.0241843486201149,247.9085807593,235.9207498546085,True,discovery
QQQ,2018-07-24T00:00:00.000Z,171.1148076616,0.0521094707354501,249.1560864655,236.05511505331148,True,discovery
QQQ,2018-07-25T00:00:00.000Z,173.5064289335,0.0624745743017753,251.2795004334,236.20136297180952,True,discovery
QQQ,2018-07-26T00:00:00.000Z,170.8775436466,0.0608024509515174,250.6867140341,236.346479968592,True,discovery
QQQ,2018-07-27T00:00:00.000Z,168.5713374202,0.0375606051758128,248.9879828597,236.48017922167352,True,discovery
QQQ,2018-07-30T00:00:00.000Z,166.189206709,0.020157296825324,247.6873918043,236.605629795401,True,discovery
QQQ,2018-07-31T00:00:00.000Z,167.4609418297,0.0211226851852892,248.9083548359,236.73884362215952,True,discovery
QQQ,2018-08-01T00:00:00.000Z,168.0968093901,0.0370023419208176,248.4925196005,236.8686253365815,True,discovery
QQQ,2018-08-02T00:00:00.000Z,170.3840344953,0.0382257691417895,249.8461960051,237.003691567561,True,discovery
QQQ,2018-08-03T00:00:00.000Z,170.9060153284,0.0254541313138156,250.9167505473,237.14332499541695,True,discovery
QQQ,2018-08-06T00:00:00.000Z,171.9120147522,0.0222924544271156,251.8368966,237.286468075988,True,discovery
QQQ,2018-08-07T00:00:00.000Z,172.538391752,0.0252650575232178,252.6685670708,237.43346400719952,True,discovery
QQQ,2018-08-08T00:00:00.000Z,172.7471840853,0.0317424328310111,252.5623963724,237.57416819546495,True,discovery
QQQ,2018-08-09T00:00:00.000Z,172.6427879186,0.0136520673130942,252.2173416026,237.717511420074,True,discovery
QQQ,2018-08-10T00:00:00.000Z,171.3235999949,0.0050665330436976,250.5274579865,237.850441287016,True,discovery
QQQ,2018-08-13T00:00:00.000Z,171.1337887828,0.0063623172224567,249.5896168173,237.9842246220565,True,discovery
QQQ,2018-08-14T00:00:00.000Z,172.2062221309,0.0065457369502157,251.1821772932,238.12453053711295,True,discovery
QQQ,2018-08-15T00:00:00.000Z,170.0993176772,-0.003890401823109,249.3064949549,238.24633663217548,True,discovery
QQQ,2018-08-16T00:00:00.000Z,170.6592607527,0.0044126682679406,251.3237382244,238.3824186813705,True,discovery
QQQ,2018-08-17T00:00:00.000Z,170.6972229951,0.0048606067377447,252.2084940444,238.5211787855885,True,discovery
QQQ,2018-08-20T00:00:00.000Z,170.5453740255,0.0007796836709972,252.7481950946,238.661153529592,True,discovery
QQQ,2018-08-21T00:00:00.000Z,171.1717510253,0.0003327787026627,253.340981494,238.80365577457303,True,discovery
QQQ,2018-08-22T00:00:00.000Z,171.8360902674,-0.0096269554757545,253.1905730046,238.9416526703415,True,discovery
QQQ,2018-08-23T00:00:00.000Z,171.5893356918,0.0041655095807795,252.854365793,239.07622280597505,True,discovery
QQQ,2018-08-24T00:00:00.000Z,173.183749873,0.027361783583069,254.3761458034,239.21918741749548,True,discovery
QQQ,2018-08-27T00:00:00.000Z,174.948994145,0.0527097253153061,256.3845415147,239.3702737110875,True,discovery
QQQ,2018-08-28T00:00:00.000Z,175.2052392813,0.0462453952962691,256.5084073295,239.5260817853345,True,discovery
QQQ,2018-08-29T00:00:00.000Z,177.2267286896,0.0543134598010859,257.8886264087,239.689140099793,True,discovery
QQQ,2018-08-30T00:00:00.000Z,176.9135401897,0.0383222859685254,256.8446145411,239.845930920467,True,discovery
QQQ,2018-08-31T00:00:00.000Z,177.1413136442,0.0364837849845058,256.8534620993,240.005384565048,True,discovery
QQQ,2018-09-04T00:00:00.000Z,176.382068796,0.026001987413406,256.4110841893,240.16825628022704,True,discovery
QQQ,2018-09-05T00:00:00.000Z,174.1043342514,0.0090759075907629,255.7209746498,240.318163251489,True,discovery
QQQ,2018-09-06T00:00:00.000Z,172.5478823126,-0.0011537193717821,254.9512370864,240.46753841068,True,discovery
QQQ,2018-09-07T00:00:00.000Z,171.8835430704,-0.0043977791215811,254.4557738272,240.6125159570905,True,discovery
QQQ,2018-09-10T00:00:00.000Z,172.4624672672,0.0066474628850543,254.8981517372,240.75232970882556,True,discovery
QQQ,2018-09-11T00:00:00.000Z,173.7911457515,0.0155279503106933,255.7386697662,240.89734984205003,True,discovery
QQQ,2018-09-12T00:00:00.000Z,173.278655479,0.0062276109122516,255.8006026736,241.040061053696,True,discovery
QQQ,2018-09-13T00:00:00.000Z,175.1293147965,0.0295709423646572,257.3135351257,241.1909042879275,True,discovery
QQQ,2018-09-14T00:00:00.000Z,174.6168245239,0.0231898565231385,257.3577729167,241.33044693220552,True,discovery
QQQ,2018-09-17T00:00:00.000Z,172.1018259643,0.0082286222620056,255.995248954,241.46387524630103,True,discovery
QQQ,2018-09-18T00:00:00.000Z,173.5254100547,0.0174735670564387,257.3843155913,241.59421098014047,True,discovery
QQQ,2018-09-19T00:00:00.000Z,173.3925422062,0.0129740518958163,257.6585898955,241.7283184561065,True,discovery
QQQ,2018-09-20T00:00:00.000Z,175.3096354479,0.0202142936044151,259.7466136307,241.8742626300105,True,discovery
QQQ,2018-09-21T00:00:00.000Z,174.3510888271,0.0160951327433338,259.5100299244,242.02316998006552,True,discovery
QQQ,2018-09-24T00:00:00.000Z,174.8348701538,0.0095339215256096,258.6479294106,242.167548612042,True,discovery
QQQ,2018-09-25T00:00:00.000Z,175.0725596287,0.0007062943362656,258.4079632882,242.3071050359465,True,discovery
QQQ,2018-09-26T00:00:00.000Z,175.1961581556,-5.183135925201921e-05,257.634739116,242.436510732313,True,discovery
QQQ,2018-09-27T00:00:00.000Z,176.679340479,-0.003088632367405,258.3546374832,242.5660244723615,True,discovery
QQQ,2018-09-28T00:00:00.000Z,176.641310163,-0.0015387744002414,258.3813003857,242.69362030113203,True,discovery
QQQ,2018-10-01T00:00:00.000Z,177.0025981648,-0.0007830780778708,259.2789514362,242.825835314461,True,discovery
QQQ,2018-10-02T00:00:00.000Z,176.603279847,0.0012541583875844,259.1278616554,242.9620519769955,True,discovery
QQQ,2018-10-03T00:00:00.000Z,176.7934314269,0.0154453201125772,259.270063802,243.089372350214,True,discovery
QQQ,2018-10-04T00:00:00.000Z,173.3992257254,0.004933954571854,257.2436832129,243.1991477380195,True,discovery
QQQ,2018-10-05T00:00:00.000Z,171.2790356093,-0.0035169595081736,255.8038864785,243.306242174663,True,discovery
QQQ,2018-10-08T00:00:00.000Z,170.2332019198,-0.012926089848559,255.8038864785,243.4139507128125,True,discovery
QQQ,2018-10-09T00:00:00.000Z,170.7846415016,-0.0172995248802775,255.4306058436,243.517380306156,True,discovery
QQQ,2018-10-10T00:00:00.000Z,163.2736540949,-0.0577393756688776,247.3428587553,243.58067821481148,True,discovery
QQQ,2018-10-11T00:00:00.000Z,161.2485397688,-0.0792601458175603,241.8947390134,243.61813918534295,True,discovery
QQQ,2018-10-12T00:00:00.000Z,165.7361170548,-0.0508582577498681,245.254264727,243.67182754732949,True,discovery
QQQ,2018-10-15T00:00:00.000Z,163.7300178867,-0.0486445046744395,243.8766814318,243.7162154512085,True,discovery
QQQ,2018-10-16T00:00:00.000Z,168.4933149636,-0.0289991828258106,249.2092619295,243.791696561299,True,discovery
QQQ,2018-10-17T00:00:00.000Z,168.5598680165,-0.0278712920879431,249.2537001004,243.859021763124,True,discovery
QQQ,2018-10-18T00:00:00.000Z,164.6522530493,-0.0607917663588278,245.6542082644,243.9008925589085,True,discovery
QQQ,2018-10-19T00:00:00.000Z,164.5001317853,-0.0565006912665109,245.5208937519,243.93709624129448,True,discovery
QQQ,2018-10-22T00:00:00.000Z,165.346306316,-0.0542715753982774,244.4188271157,243.95985013531248,True,discovery
QQQ,2018-10-23T00:00:00.000Z,164.7378212602,-0.0590311719347581,243.1745583329,243.97418946575152,True,discovery
QQQ,2018-10-24T00:00:00.000Z,157.1983111166,-0.1027296901283374,235.8067096118,243.9489699602005,True,discovery
QQQ,2018-10-25T00:00:00.000Z,162.6366463022,-0.0794812463003793,240.0372234734,243.946745328476,True,discovery
QQQ,2018-10-26T00:00:00.000Z,158.453311544,-0.1029657139783247,235.815597246,243.914639686955,True,discovery
QQQ,2018-10-29T00:00:00.000Z,155.1922119485,-0.1232207122518802,234.509115024,243.86810604353053,True,discovery
QQQ,2018-10-30T00:00:00.000Z,157.7497506983,-0.1067563930014987,237.9841799817,243.84311484225748,True,discovery
QQQ,2018-10-31T00:00:00.000Z,161.4577065067,-0.0867437483192976,240.5260433523,243.819252758007,True,discovery
QQQ,2018-11-01T00:00:00.000Z,163.5874042017,-0.056585151880887,243.0856819913,243.8102504934365,True,discovery
QQQ,2018-11-02T00:00:00.000Z,161.0393730309,-0.0597835137381168,241.6458852569,243.78847846724497,True,discovery
QQQ,2018-11-05T00:00:00.000Z,160.640054713,-0.0563529740298223,242.9790303813,243.76337108500357,True,discovery
QQQ,2018-11-06T00:00:00.000Z,161.8570248245,-0.0522741190226777,244.5165910915,243.743319642715,True,discovery
QQQ,2018-11-07T00:00:00.000Z,166.9340720083,0.0224189134106869,249.7514076135,243.749924791363,True,discovery
QQQ,2018-11-08T00:00:00.000Z,165.8692231607,0.028655660376988,249.2981382712,243.75373722058,True,discovery
QQQ,2018-11-09T00:00:00.000Z,163.073994936,-0.0160624139512076,246.8629265105,243.73098606999156,True,discovery
QQQ,2018-11-12T00:00:00.000Z,158.1395614371,-0.0341443586323221,242.2502443799,243.6935057434765,True,discovery
QQQ,2018-11-13T00:00:00.000Z,158.2726675431,-0.0606590678253792,241.7969750376,243.6665674730935,True,discovery
QQQ,2018-11-14T00:00:00.000Z,157.0652050106,-0.0681933555190894,240.1438750833,243.6307496014325,True,discovery
QQQ,2018-11-15T00:00:00.000Z,159.8128953404,-0.0293913846866765,242.6501879173,243.608866954527,True,discovery
QQQ,2018-11-16T00:00:00.000Z,159.2519481797,-0.0319038261467762,243.2812099428,243.617028290841,True,discovery
QQQ,2018-11-19T00:00:00.000Z,154.0798252059,-0.0681386924275658,239.1662353254,243.6551465351475,True,discovery
QQQ,2018-11-20T00:00:00.000Z,151.3226272972,-0.0814336007382966,234.7401935122,243.648325085873,True,discovery
QQQ,2018-11-21T00:00:00.000Z,152.4730443557,-0.0300592718034679,235.5400805869,243.6519072733935,True,discovery
QQQ,2018-11-23T00:00:00.000Z,151.3701651921,-0.0692739389692371,233.9669693401,243.69166375555156,True,discovery
QQQ,2018-11-26T00:00:00.000Z,154.8689542626,-0.0226209048360891,237.7442138593,243.733330940099,True,discovery
QQQ,2018-11-27T00:00:00.000Z,155.3918711074,0.0012865282116492,238.544100934,243.76215363299352,True,discovery
QQQ,2018-11-28T00:00:00.000Z,160.3928576592,0.0167550626812398,244.0366588467,243.815544065494,True,discovery
QQQ,2018-11-29T00:00:00.000Z,159.8699408144,-0.0098339418207585,243.5034007969,243.85052089055148,True,discovery
QQQ,2018-11-30T00:00:00.000Z,161.0298654519,-0.015634081134062,244.9876357021,243.87782953884,True,discovery
QQQ,2018-12-03T00:00:00.000Z,163.8441088346,0.017416460030317,248.2316221716,243.92100720433,True,discovery
QQQ,2018-12-04T00:00:00.000Z,157.5595991184,-0.0191761363633967,240.1883132541,243.9314691364865,True,discovery
QQQ,2018-12-06T00:00:00.000Z,158.6719858609,-0.0196781015038025,239.8239202535,243.946030796735,True,discovery
QQQ,2018-12-07T00:00:00.000Z,153.4333098342,-0.0808748148995535,234.2513736333,243.93119447011705,True,discovery
QQQ,2018-12-10T00:00:00.000Z,155.0400906845,-0.0652871718444617,234.6957553414,243.899674498528,True,discovery
QQQ,2018-12-11T00:00:00.000Z,155.5534999503,-0.0461170708956476,234.7490811464,243.854428414502,True,discovery
QQQ,2018-12-12T00:00:00.000Z,156.9225913257,-0.0076955450005092,235.9311364901,243.83031355166895,True,discovery
QQQ,2018-12-13T00:00:00.000Z,156.9701292207,-0.0082297110588933,235.8511477826,243.81799304663548,True,discovery
QQQ,2018-12-14T00:00:00.000Z,153.1480824644,-0.0249394673119081,231.4962070428,243.8012242732555,True,discovery
QQQ,2018-12-17T00:00:00.000Z,149.6778161309,-0.0634184068057359,226.9546259855,243.755694308314,True,discovery
QQQ,2018-12-18T00:00:00.000Z,150.6190664515,-0.0542089552239489,226.7057722289,243.6952782482735,True,discovery
QQQ,2018-12-19T00:00:00.000Z,146.9206182221,-0.0464642724914375,223.3106959787,243.6148601638445,True,discovery
QQQ,2018-12-20T00:00:00.000Z,144.790920527,-0.0431641115863764,219.675653606,243.516705511485,True,discovery
QQQ,2018-12-21T00:00:00.000Z,140.303343241,-0.0798154268259356,215.2010853103,243.390387917732,True,discovery
QQQ,2018-12-24T00:00:00.000Z,136.8336568699,-0.0960328496949981,209.5148414276,243.214715788962,True,discovery
QQQ,2018-12-26T00:00:00.000Z,145.3774169086,-0.0612875408063122,220.1005533099,243.093507473369,True,discovery
QQQ,2018-12-27T00:00:00.000Z,145.9400082504,-0.06082598008275,221.7903333317,242.9886436486785,True,discovery
QQQ,2018-12-28T00:00:00.000Z,145.8637246786,-0.0905846631367541,221.5042330105,242.8885780662305,True,discovery
QQQ,2018-12-31T00:00:00.000Z,147.0937972735,-0.0799158583271909,223.4443508133,242.79952900459548,True,discovery
QQQ,2019-01-02T00:00:00.000Z,147.6849949548,-0.0828720216566668,223.6768073242,242.7103404180505,True,discovery
QQQ,2019-01-03T00:00:00.000Z,142.86005904,-0.1280732639327503,218.3392482079,242.61080281941048,True,discovery
QQQ,2019-01-04T00:00:00.000Z,148.9722802284,-0.0545020356617369,225.6526876671,242.5458065850735,True,discovery
QQQ,2019-01-07T00:00:00.000Z,150.7458732722,-0.0499528164703784,227.4318740392,242.491996354676,True,discovery
QQQ,2019-01-08T00:00:00.000Z,152.1094421177,-0.0086282940642455,229.5686858128,242.4786411201725,True,discovery
QQQ,2019-01-09T00:00:00.000Z,153.349050159,-0.0109071177527959,230.6415620171,242.4954006610825,True,discovery
QQQ,2019-01-10T00:00:00.000Z,153.7876806967,-0.0113518452118671,231.4551598053,242.485136058477,True,discovery
QQQ,2019-01-11T00:00:00.000Z,153.2250893548,-0.0235625854739148,231.5445661557,242.4951804589235,True,discovery
QQQ,2019-01-14T00:00:00.000Z,151.8710559559,-0.0324843541259413,230.13194582,242.5015528259625,True,discovery
QQQ,2019-01-15T00:00:00.000Z,154.8365798086,0.0110252594549624,232.7694331556,242.506491400252,True,discovery
QQQ,2019-01-16T00:00:00.000Z,154.8079734692,0.0342746672213165,233.3326931628,242.53926090805552,True,discovery
QQQ,2019-01-17T00:00:00.000Z,156.0285106175,0.0359147370478614,235.1029388999,242.56634849481247,True,discovery
QQQ,2019-01-18T00:00:00.000Z,157.573252946,0.0725060570313991,238.2321611624,242.59679507538152,True,discovery
QQQ,2019-01-22T00:00:00.000Z,154.4170201638,0.0664827573563562,235.0135325495,242.60198822457053,True,discovery
QQQ,2019-01-23T00:00:00.000Z,154.6172645397,0.102021241746983,235.5052674765,242.635711638216,True,discovery
QQQ,2019-01-24T00:00:00.000Z,155.6184864193,0.137282229965252,235.630436367,242.664423795812,True,discovery
QQQ,2019-01-25T00:00:00.000Z,157.4778984813,0.0832349468714779,237.62419798,242.6848282246895,True,discovery
QQQ,2019-01-28T00:00:00.000Z,155.532667401,0.0657301535446068,235.8181897027,242.7023241510065,True,discovery
QQQ,2019-01-29T00:00:00.000Z,154.0642086444,0.056220173890864,235.5052674765,242.708698819248,True,discovery
QQQ,2019-01-30T00:00:00.000Z,157.9832771443,0.074030856994959,239.2335122864,242.7371498196575,True,discovery
QQQ,2019-01-31T00:00:00.000Z,160.3480678693,0.0857438016528058,241.3345615198,242.76650537944147,True,discovery
QQQ,2019-02-01T00:00:00.000Z,159.6710511698,0.117674542785209,241.4507897753,242.7838466840685,True,discovery
QQQ,2019-02-04T00:00:00.000Z,161.6544240359,0.0851308967551287,243.1495104321,242.808800795026,True,discovery
QQQ,2019-02-05T00:00:00.000Z,163.0847410067,0.0818521095580497,244.1687428261,242.8454570451045,True,discovery
QQQ,2019-02-06T00:00:00.000Z,162.5984332366,0.0689568706115151,243.8468799648,242.8905450661455,True,discovery
QQQ,2019-02-07T00:00:00.000Z,160.4148159946,0.0460763586619796,241.5223148555,242.924186421031,True,discovery
QQQ,2019-02-08T00:00:00.000Z,160.7294857281,0.045138888888575,241.8173558117,242.97511328601152,True,discovery
QQQ,2019-02-11T00:00:00.000Z,160.5769185846,0.0479805837331019,241.9514653373,243.0238481085215,True,discovery
QQQ,2019-02-12T00:00:00.000Z,162.9512447561,0.0729578702831792,245.0628063297,243.0763369568175,True,discovery
QQQ,2019-02-13T00:00:00.000Z,163.0656701137,0.0531469392779944,245.8585228479,243.1317033915125,True,discovery
QQQ,2019-02-14T00:00:00.000Z,163.2659144896,0.0546350477359796,245.3131441107,243.19337110129447,True,discovery
QQQ,2019-02-15T00:00:00.000Z,163.9524666356,0.0507853083179483,247.9863939864,243.266335187614,True,discovery
QQQ,2019-02-19T00:00:00.000Z,164.2766718156,0.0425416036305175,248.4155444681,243.349284119228,True,discovery
QQQ,2019-02-20T00:00:00.000Z,164.2480654762,0.0636655551439315,248.9162200301,243.437290739817,True,discovery
QQQ,2019-02-21T00:00:00.000Z,163.6473323485,0.0584027135370863,248.0310971616,243.50589819785495,True,discovery
QQQ,2019-02-22T00:00:00.000Z,164.8583340504,0.0593749999997046,249.5688863877,243.578231015733,True,discovery
QQQ,2019-02-25T00:00:00.000Z,165.4590671781,0.0506811989096218,249.9086305191,243.652262554268,True,discovery
QQQ,2019-02-26T00:00:00.000Z,165.6307052146,0.0649255103917485,249.7298178184,243.7140377486,True,discovery
QQQ,2019-02-27T00:00:00.000Z,165.5258153034,0.0743949990711656,249.6225301979,243.764178463216,True,discovery
QQQ,2019-02-28T00:00:00.000Z,165.1443974446,0.0453283437952685,249.1576171761,243.8083393053665,True,discovery
QQQ,2019-03-01T00:00:00.000Z,166.2886510212,0.0370480494766058,250.7132876723,243.859705981978,True,discovery
QQQ,2019-03-04T00:00:00.000Z,166.3172573606,0.0416243654820822,249.8013428986,243.91479242608352,True,discovery
QQQ,2019-03-05T00:00:00.000Z,166.4412181647,0.029611278239666,249.4615987673,243.963159606898,True,discovery
QQQ,2019-03-06T00:00:00.000Z,165.497208964,0.0147927264219089,247.9506314462,244.0049848676035,True,discovery
QQQ,2019-03-07T00:00:00.000Z,163.4661588655,0.0053366174053925,245.876404118,244.0394337013095,True,discovery
QQQ,2019-03-08T00:00:00.000Z,163.2182372573,0.0174760744219184,245.384669191,244.0624397314555,True,discovery
QQQ,2019-03-11T00:00:00.000Z,166.6128562012,0.0366041765544666,248.9430419352,244.10658465374547,True,discovery
QQQ,2019-03-12T00:00:00.000Z,167.5282590625,0.0432897862231531,249.881808614,244.152120420854,True,discovery
QQQ,2019-03-13T00:00:00.000Z,168.7869379968,0.0358125109718225,251.5358260956,244.20839250684,True,discovery
QQQ,2019-03-14T00:00:00.000Z,168.5008746026,0.0333313841295364,251.3748946649,244.2667225257715,True,discovery
QQQ,2019-03-15T00:00:00.000Z,170.064687824,0.0416423315035123,252.6114738967,244.345019913183,True,discovery
QQQ,2019-03-18T00:00:00.000Z,170.4691909988,0.0397476445272644,253.5274161077,244.41208670633551,True,discovery
QQQ,2019-03-19T00:00:00.000Z,171.0423572336,0.0411846998312364,253.5902748869,244.48682244794497,True,discovery
QQQ,2019-03-20T00:00:00.000Z,171.7206039447,0.0454954428037559,252.8269897111,244.546027164195,True,discovery
QQQ,2019-03-21T00:00:00.000Z,174.4049324777,0.0657364832950093,255.6825742512,244.613784622948,True,discovery
QQQ,2019-03-22T00:00:00.000Z,170.5742714752,0.0346718135769377,250.7616298235,244.65605656260905,True,discovery
QQQ,2019-03-25T00:00:00.000Z,170.2494772754,0.0289522368220751,250.573053486,244.687256455618,True,discovery
QQQ,2019-03-26T00:00:00.000Z,171.0423572336,0.0326729999246719,252.4408572104,244.727927486792,True,discovery
QQQ,2019-03-27T00:00:00.000Z,169.9437886169,0.0266905395113268,251.1208228475,244.75838707864253,True,discovery
QQQ,2019-03-28T00:00:00.000Z,170.3354522107,0.0314334294497722,252.0726843609,244.791976503696,True,discovery
QQQ,2019-03-29T00:00:00.000Z,171.6250762389,0.0320913374720903,253.6621134917,244.8319276398875,True,discovery
QQQ,2019-04-01T00:00:00.000Z,173.898635637,0.0455838341535568,256.670355067,244.89083953039847,True,discovery
QQQ,2019-04-02T00:00:00.000Z,174.557776807,0.0487653162587908,256.7960726254,244.947297219364,True,discovery
QQQ,2019-04-03T00:00:00.000Z,175.5608177179,0.0608083291367715,257.2001647773,245.0073361412905,True,discovery
QQQ,2019-04-04T00:00:00.000Z,175.4939483238,0.0735796910001198,257.8826315227,245.07330895103095,True,discovery
QQQ,2019-04-05T00:00:00.000Z,176.4014615289,0.0807705345501175,259.1308272809,245.15021194540847,True,discovery
QQQ,2019-04-08T00:00:00.000Z,176.8504417462,0.0614453516878505,259.328383444,245.2260235444245,True,discovery
QQQ,2019-04-09T00:00:00.000Z,176.2295116585,0.0519390140188456,257.9993692555,245.30284321034097,True,discovery
QQQ,2019-04-10T00:00:00.000Z,177.1752359459,0.0496975539022992,258.8793921641,245.3818511012505,True,discovery
QQQ,2019-04-11T00:00:00.000Z,176.7549140404,0.0489851429986147,258.8075535593,245.47704473296952,True,discovery
QQQ,2019-04-12T00:00:00.000Z,177.5191356868,0.0438330141205716,260.5586195509,245.57833942718648,True,discovery
QQQ,2019-04-15T00:00:00.000Z,177.5477939985,0.0415242364806542,260.3880028646,245.688734540947,True,discovery
QQQ,2019-04-16T00:00:00.000Z,178.1591713156,0.0416084892485446,260.5586195509,245.793170118325,True,discovery
QQQ,2019-04-17T00:00:00.000Z,178.7801014033,0.0411103693816112,259.9210519335,245.89269258376697,True,discovery
QQQ,2019-04-18T00:00:00.000Z,179.0093678972,0.0264008325572371,260.4329019926,245.992208507627,True,discovery
QQQ,2019-04-22T00:00:00.000Z,179.515664738,0.052419354838634,260.6573976325,246.097093737622,True,discovery
QQQ,2019-04-23T00:00:00.000Z,181.7987769066,0.0678375042087062,263.0011321136,246.203921088212,True,discovery
QQQ,2019-04-24T00:00:00.000Z,181.2256106718,0.0595364423345283,262.4174434497,246.29761106576152,True,discovery
QQQ,2019-04-25T00:00:00.000Z,181.9611740064,0.0707138842043264,262.255806589,246.37952188684,True,discovery
QQQ,2019-04-26T00:00:00.000Z,182.1235711063,0.0692053165832937,263.4770628703,246.463115210225,True,discovery
QQQ,2019-04-29T00:00:00.000Z,182.4770236177,0.063230546588042,263.8901348478,246.557798402861,True,discovery
QQQ,2019-04-30T00:00:00.000Z,181.0632135719,0.0411997363214251,264.0248322318,246.6420513968765,True,discovery
QQQ,2019-05-01T00:00:00.000Z,180.4804945665,0.0339298418428442,262.0402907746,246.715408452204,True,discovery
QQQ,2019-05-02T00:00:00.000Z,179.697167379,0.0235607791924647,261.4745617619,246.78704280724295,True,discovery
QQQ,2019-05-03T00:00:00.000Z,182.562998553,0.0402808774702421,264.0338120574,246.8664745433765,True,discovery
QQQ,2019-05-06T00:00:00.000Z,181.4453243951,0.028593090003246,262.94725316,246.937863455354,True,discovery
QQQ,2019-05-07T00:00:00.000Z,177.9107992805,0.0059957867440427,258.5561184426,246.9919858995905,True,discovery
QQQ,2019-05-08T00:00:00.000Z,177.4618190633,0.0069926279270862,258.1969254187,247.0457279880195,True,discovery
QQQ,2019-05-09T00:00:00.000Z,176.5065420053,-0.0037741952876766,257.4156805916,247.093263487181,True,discovery
QQQ,2019-05-10T00:00:00.000Z,176.7262557286,-0.0001621358701996,258.7087754778,247.1410269322425,True,discovery
QQQ,2019-05-13T00:00:00.000Z,170.5933770163,-0.0390141527205227,252.2073817448,247.1456663387995,True,discovery
QQQ,2019-05-14T00:00:00.000Z,172.46572005,-0.0286236952543772,254.4882574467,247.1646740558625,True,discovery
QQQ,2019-05-15T00:00:00.000Z,174.9016765479,-0.0182841823053246,255.978908496,247.199628684044,True,discovery
QQQ,2019-05-16T00:00:00.000Z,176.6593863346,-0.0118621426660677,258.3495824538,247.2529396372915,True,discovery
QQQ,2019-05-17T00:00:00.000Z,174.853912695,-0.0232136186559039,256.6793348926,247.29179453757504,True,discovery
QQQ,2019-05-20T00:00:00.000Z,171.9021065858,-0.0424116645380884,254.9821478546,247.3242426788455,True,discovery
QQQ,2019-05-21T00:00:00.000Z,173.6980274548,-0.0445588776208423,257.2809832077,247.3614166148585,True,discovery
QQQ,2019-05-22T00:00:00.000Z,172.9242530378,-0.0458067576830174,256.4907585551,247.38928665489752,True,discovery
QQQ,2019-05-23T00:00:00.000Z,170.2781355872,-0.0642062158754211,253.3567994214,247.3968861690045,True,discovery
QQQ,2019-05-24T00:00:00.000Z,170.192160652,-0.0655127196431701,253.9315082596,247.40320087494848,True,discovery
QQQ,2019-05-28T00:00:00.000Z,169.5521250231,-0.0708302795516789,251.5698141274,247.39823796372352,True,discovery
QQQ,2019-05-29T00:00:00.000Z,168.1574205184,-0.071277830537207,249.8816069149,247.386559290285,True,discovery
QQQ,2019-05-30T00:00:00.000Z,168.8643255413,-0.06436246228769,250.5640736604,247.38674236865447,True,discovery
QQQ,2019-05-31T00:00:00.000Z,166.1704442378,-0.075275104991893,247.1876592356,247.374732580746,True,discovery
QQQ,2019-06-03T00:00:00.000Z,162.5117331057,-0.1098320339073468,246.5590714437,247.3516170514985,True,discovery
QQQ,2019-06-04T00:00:00.000Z,167.0875102135,-0.0791302516582661,251.9110475001,247.3646398142245,True,discovery
QQQ,2019-06-05T00:00:00.000Z,168.3293703889,-0.0538552405494709,254.0931451204,247.37848684870448,True,discovery
QQQ,2019-06-06T00:00:00.000Z,169.6667582701,-0.0439252839531614,255.7454330304,247.39617154363447,True,discovery
QQQ,2019-06-07T00:00:00.000Z,172.943358579,-0.0201872598364823,258.3046833258,247.4239539847905,True,discovery
QQQ,2019-06-10T00:00:00.000Z,174.9589931713,-0.0100000000000791,259.4900203048,247.4546991788445,True,discovery
QQQ,2019-06-11T00:00:00.000Z,175.1978124358,0.0269907044460468,259.4271615256,247.4858821214495,True,discovery
QQQ,2019-06-12T00:00:00.000Z,174.1852187544,0.009970089730884,258.9691904201,247.516456244585,True,discovery
QQQ,2019-06-13T00:00:00.000Z,175.216917977,0.0018023922658836,260.0377896663,247.54476446389955,True,discovery
QQQ,2019-06-14T00:00:00.000Z,174.4718018718,-0.0123830638619824,259.7504352471,247.56159393256152,True,discovery
QQQ,2019-06-17T00:00:00.000Z,175.5226066356,0.0038243006993297,259.8492133287,247.5782979625575,True,discovery
QQQ,2019-06-18T00:00:00.000Z,178.0731963804,0.0358988607944712,262.5701004849,247.6017053329385,True,discovery
QQQ,2019-06-19T00:00:00.000Z,178.741890321,0.0290381125226797,263.1627689744,247.633296105105,True,discovery
QQQ,2019-06-20T00:00:00.000Z,180.4040724019,0.0432548889626545,265.6771201418,247.6774143953175,True,discovery
QQQ,2019-06-21T00:00:00.000Z,180.1365948257,0.0578962131838203,265.2924244132,247.72182109643697,True,discovery
QQQ,2019-06-24T00:00:00.000Z,180.1419252716,0.0584619443191907,264.9675765465,247.7680541059205,True,discovery
QQQ,2019-06-25T00:00:00.000Z,177.0495654788,0.0442190887001772,262.3687936135,247.805141888556,True,discovery
QQQ,2019-06-26T00:00:00.000Z,177.872918241,0.0577762057282327,262.1071106098,247.84339857246897,True,discovery
QQQ,2019-06-27T00:00:00.000Z,178.5526629632,0.0573735002395783,263.0365364505,247.8840904960355,True,discovery
QQQ,2019-06-28T00:00:00.000Z,178.7824358271,0.0758979230461192,264.3900692281,247.92734749334497,True,discovery
QQQ,2019-07-01T00:00:00.000Z,181.1950508977,0.1149659623643797,266.7903340204,247.98229615007895,True,discovery
QQQ,2019-07-02T00:00:00.000Z,181.9130910973,0.0887294380343346,267.4851475129,248.033154212015,True,discovery
QQQ,2019-07-03T00:00:00.000Z,183.2821544112,0.0888305112040388,269.6237293016,248.0944839939395,True,discovery
QQQ,2019-07-05T00:00:00.000Z,182.9087735074,0.0780471989464164,269.3169285386,248.16109239186247,True,discovery
QQQ,2019-07-08T00:00:00.000Z,181.6258750174,0.0502043935641152,267.8370660351,248.21335614408147,True,discovery
QQQ,2019-07-09T00:00:00.000Z,182.5353926036,0.0433038582068316,268.1709374536,248.265917881872,True,discovery
QQQ,2019-07-10T00:00:00.000Z,184.3544277759,0.0522644387666393,269.4522818164,248.3144462228005,True,discovery
QQQ,2019-07-11T00:00:00.000Z,184.2203936053,0.0576120920171159,270.0839304459,248.367315725408,True,discovery
QQQ,2019-07-12T00:00:00.000Z,185.2830931007,0.0574497898942689,271.2930863939,248.4305415103245,True,discovery
QQQ,2019-07-15T00:00:00.000Z,185.876672999,0.0653679907288409,271.3833219125,248.495418303446,True,discovery
QQQ,2019-07-16T00:00:00.000Z,184.9192860662,0.0535354368916609,270.5080373829,248.5597847947805,True,discovery
QQQ,2019-07-17T00:00:00.000Z,184.0097684801,0.0333378196178291,268.6672328054,248.6113477713915,True,discovery
QQQ,2019-07-18T00:00:00.000Z,184.2203936053,0.0306503599937386,269.6507999571,248.66769526924847,True,discovery
QQQ,2019-07-19T00:00:00.000Z,182.8704780301,0.01367156292739,268.1528903499,248.71206496381703,True,discovery
QQQ,2019-07-22T00:00:00.000Z,184.3257061679,0.0232551933506535,268.811609635,248.760483703715,True,discovery
QQQ,2019-07-23T00:00:00.000Z,185.5320137032,0.0299213435377319,270.7336261792,248.81780151560105,True,discovery
QQQ,2019-07-24T00:00:00.000Z,186.8340599318,0.0552641540042164,272.0059469902,248.8916128344875,True,discovery
QQQ,2019-07-25T00:00:00.000Z,185.0628941061,0.0404219818070241,270.7065555236,248.96612617971303,True,discovery
QQQ,2019-07-26T00:00:00.000Z,186.9680941024,0.0471313672926536,272.5202894457,249.049708194549,True,discovery
QQQ,2019-07-29T00:00:00.000Z,186.3266448574,0.0421977080432889,272.0239940939,249.1326751358005,True,discovery
QQQ,2019-07-30T00:00:00.000Z,185.5224398339,0.0238824896969351,271.3562512569,249.2527420983085,True,discovery
QQQ,2019-07-31T00:00:00.000Z,182.956642854,0.0057365401819369,268.387502698,249.3852059167315,True,discovery
QQQ,2019-08-01T00:00:00.000Z,182.0471252679,-0.0067384036774752,266.0504027686,249.4891866069395,True,discovery
QQQ,2019-08-02T00:00:00.000Z,179.3664418561,-0.0193666579430465,264.0471742578,249.59003907106955,True,discovery
QQQ,2019-08-05T00:00:00.000Z,173.0285403611,-0.0473354066730655,256.1064486291,249.62452500456752,True,discovery
QQQ,2019-08-06T00:00:00.000Z,175.450729301,-0.0388125458934164,259.6978222657,249.676745615394,True,discovery
QQQ,2019-08-07T00:00:00.000Z,176.3985423645,-0.0431553801412957,259.8512226471,249.7477306873075,True,discovery
QQQ,2019-08-08T00:00:00.000Z,180.2376639649,-0.0216193742856349,264.9495294428,249.844873865762,True,discovery
QQQ,2019-08-09T00:00:00.000Z,178.5430890939,-0.0363767891284978,263.1448190727,249.938503825547,True,discovery
QQQ,2019-08-12T00:00:00.000Z,176.4942810578,-0.050476435745385,259.9414581657,250.02233832471097,True,discovery
QQQ,2019-08-13T00:00:00.000Z,180.3621242662,-0.0246440590213427,263.9840093948,250.163224823626,True,discovery
QQQ,2019-08-14T00:00:00.000Z,174.9720358346,-0.0491155046829886,256.1786370439,250.2439318914785,True,discovery
QQQ,2019-08-15T00:00:00.000Z,174.7709845788,-0.0512940442779953,256.8554034327,250.349130922412,True,discovery
QQQ,2019-08-16T00:00:00.000Z,177.5761282918,-0.0289513638031206,260.64529521,250.479811823342,True,discovery
QQQ,2019-08-19T00:00:00.000Z,180.4004197435,-0.021295382537824,263.7854912541,250.608818379704,True,discovery
QQQ,2019-08-20T00:00:00.000Z,179.0026348216,-0.0351927344034824,261.7642156395,250.71500924114,True,discovery
QQQ,2019-08-21T00:00:00.000Z,180.59189713,-0.0334101972845773,263.8937738763,250.81904970056505,True,discovery
QQQ,2019-08-22T00:00:00.000Z,180.0078911011,-0.0273150543193271,263.8125619096,250.92988308382849,True,discovery
QQQ,2019-08-23T00:00:00.000Z,174.311438851,-0.0676941983719859,257.0358744697,251.0001673042705,True,discovery
QQQ,2019-08-26T00:00:00.000Z,176.9442529162,-0.0503545370463818,259.8782933027,251.0769758153265,True,discovery
QQQ,2019-08-27T00:00:00.000Z,176.5708720124,-0.048250593456589,258.8586319436,251.122511936977,True,discovery
QQQ,2019-08-28T00:00:00.000Z,177.202747388,-0.0314495028780759,260.6813894174,251.179428192708,True,discovery
QQQ,2019-08-29T00:00:00.000Z,179.9121524078,-0.0117275834867381,264.0110800504,251.2651689604075,True,discovery
QQQ,2019-08-30T00:00:00.000Z,179.481328288,0.0006405124097412,263.8937738763,251.37338660788956,True,discovery
QQQ,2019-09-03T00:00:00.000Z,177.7388840704,0.0272229292316157,262.3507465098,251.4761554652505,True,discovery
QQQ,2019-09-04T00:00:00.000Z,180.3046810502,0.0276656116992974,265.3285186206,251.602078682937,True,discovery
QQQ,2019-09-05T00:00:00.000Z,183.6076659683,0.0408683853458577,268.7394212202,251.7325248494515,True,discovery
QQQ,2019-09-06T00:00:00.000Z,183.4257624511,0.0176883034104395,268.9469629127,251.86085361430105,True,discovery
QQQ,2019-09-09T00:00:00.000Z,183.042807678,0.0252024237226762,269.0823161905,252.0104340186265,True,discovery
QQQ,2019-09-10T00:00:00.000Z,182.5162448649,0.0341198806613334,269.0191513275,252.181828807703,True,discovery
QQQ,2019-09-11T00:00:00.000Z,184.2299674746,0.0214448749932183,270.9321443199,252.358789126368,True,discovery
QQQ,2019-09-12T00:00:00.000Z,184.9958770208,0.0572882468812072,271.8705937124,252.5483072482295,True,discovery
QQQ,2019-09-13T00:00:00.000Z,184.3352800372,0.0547247329495226,271.6901226754,252.71803679231,True,discovery
QQQ,2019-09-16T00:00:00.000Z,183.511927275,0.0334267845588236,270.8509323533,252.8795709494065,True,discovery
QQQ,2019-09-17T00:00:00.000Z,184.3927232532,0.0221302340392355,271.5367222939,253.0170712666425,True,discovery
QQQ,2019-09-18T00:00:00.000Z,184.3161322986,0.029683906509508,271.6991462272,253.158049993794,True,discovery
QQQ,2019-09-19T00:00:00.000Z,184.622496117,0.0223188252133956,271.6810991235,253.29151731090096,True,discovery
QQQ,2019-09-20T00:00:00.000Z,182.6694267742,0.0147856610997412,270.4030203841,253.4023743019635,True,discovery
QQQ,2019-09-23T00:00:00.000Z,182.7499908846,0.0484107760754199,270.339562521,253.55313054829804,True,discovery
QQQ,2019-09-24T00:00:00.000Z,180.3229175148,0.0190945144751331,268.2182568092,253.69510223107648,True,discovery
QQQ,2019-09-25T00:00:00.000Z,182.3470775188,0.0327132410944561,269.8047033885,253.8728688798525,True,discovery
QQQ,2019-09-26T00:00:00.000Z,181.6755552426,0.0252411879642386,269.242648029,254.0456033432905,True,discovery
QQQ,2019-09-27T00:00:00.000Z,179.4211590296,-0.0027290728926808,267.7921825851,254.21081885048403,True,discovery
QQQ,2019-09-30T00:00:00.000Z,181.1287442463,0.0091787595624237,269.0341436214,254.3763338861405,True,discovery
QQQ,2019-10-01T00:00:00.000Z,179.6513952386,0.0107602294129545,265.8340542358,254.5262484184065,True,discovery
QQQ,2019-10-02T00:00:00.000Z,176.562392768,-0.0207553584321977,261.138172361,254.67445824499748,True,discovery
QQQ,2019-10-03T00:00:00.000Z,178.5002141937,-0.0278172033159106,263.2776088908,254.856073159524,True,discovery
QQQ,2019-10-04T00:00:00.000Z,181.1287442463,-0.0125228766892131,266.8403146375,255.056745871567,True,discovery
QQQ,2019-10-07T00:00:00.000Z,180.5819332499,-0.0134442563426422,265.6890076914,255.26863743013047,True,discovery
QQQ,2019-10-08T00:00:00.000Z,177.8766577943,-0.0254201321862295,261.5642465852,255.47808039502647,True,discovery
QQQ,2019-10-09T00:00:00.000Z,179.6130225371,-0.0250607705184365,264.0481686579,255.7223158117645,True,discovery
QQQ,2019-10-10T00:00:00.000Z,181.0040329664,-0.0215780163249325,265.8340542358,256.0039118758055,True,discovery
QQQ,2019-10-11T00:00:00.000Z,183.3351745824,-0.0054254695823728,268.5899385792,256.246358802152,True,discovery
QQQ,2019-10-14T00:00:00.000Z,183.3159882317,-0.0010677183015269,268.2907800814,256.4788610359005,True,discovery
QQQ,2019-10-15T00:00:00.000Z,185.6471298477,0.0068029072534359,270.9469449256,256.726074595476,True,discovery
QQQ,2019-10-16T00:00:00.000Z,185.1866574297,0.004723000207544,270.5118052924,256.9614118678715,True,discovery
QQQ,2019-10-17T00:00:00.000Z,185.6759093738,0.0057057686845076,271.3095612866,257.1995756376835,True,discovery
QQQ,2019-10-18T00:00:00.000Z,183.8915787541,0.0066905119344942,270.1219927044,257.458489360166,True,discovery
QQQ,2019-10-21T00:00:00.000Z,185.5224185678,0.0151706036743426,271.9532053273,257.68999194846697,True,discovery
QQQ,2019-10-22T00:00:00.000Z,184.0450695601,0.0206415917432929,271.0647952429,257.9081565544855,True,discovery
QQQ,2019-10-23T00:00:00.000Z,184.400017049,0.0112584175087113,271.8534858281,258.119580554562,True,discovery
QQQ,2019-10-24T00:00:00.000Z,186.193940844,0.0248706304784172,272.2976908703,258.32786119882803,True,discovery
QQQ,2019-10-25T00:00:00.000Z,187.6808830271,0.0460353953913392,273.4127361803,258.53764908070303,True,discovery
QQQ,2019-10-28T00:00:00.000Z,189.5323658744,0.0463958476776757,274.9538557145,258.754695528497,True,discovery
QQQ,2019-10-29T00:00:00.000Z,188.0646100421,0.0468307790892812,274.8722670332,258.978397134563,True,discovery
QQQ,2019-10-30T00:00:00.000Z,188.9759617026,0.0703069817982768,275.7153500725,259.1931267191476,True,discovery
QQQ,2019-10-31T00:00:00.000Z,189.062300281,0.0591712796256844,274.9810519415,259.401368513041,True,discovery
QQQ,2019-11-01T00:00:00.000Z,190.779478673,0.0532810762138167,277.5284318774,259.6134959779285,True,discovery
QQQ,2019-11-04T00:00:00.000Z,191.9594392441,0.0630046748832571,278.6434771874,259.81555255805347,True,discovery
QQQ,2019-11-05T00:00:00.000Z,192.0649641732,0.0797648581597909,278.3352532806,260.032161161709,True,discovery
QQQ,2019-11-06T00:00:00.000Z,191.6332712814,0.0669230358384351,278.3987111438,260.24662838004554,True,discovery
QQQ,2019-11-07T00:00:00.000Z,192.2760140315,0.0622747509012269,279.3777753184,260.4653650748025,True,discovery
QQQ,2019-11-08T00:00:00.000Z,193.0434680614,0.0529537962429387,280.0667464043,260.677577816924,True,discovery
QQQ,2019-11-11T00:00:00.000Z,192.7844523263,0.0516510544766692,279.5318872719,260.89614630477,True,discovery
QQQ,2019-11-12T00:00:00.000Z,193.340856498,0.041442744935576,280.1211388584,261.11922566167954,True,discovery
QQQ,2019-11-13T00:00:00.000Z,193.3888223749,0.0442913385826064,280.2117929487,261.324117064991,True,discovery
QQQ,2019-11-14T00:00:00.000Z,193.2353315689,0.0407129940582731,280.6197363548,261.52054293916603,True,discovery
QQQ,2019-11-15T00:00:00.000Z,194.6551215243,0.0585320047993769,282.6503879763,261.726540930171,True,discovery
QQQ,2019-11-18T00:00:00.000Z,194.8086123303,0.0500542944307635,282.8588923839,261.92508783993003,True,discovery
QQQ,2019-11-19T00:00:00.000Z,195.0964075916,0.0600469116500357,282.7773037026,262.1181306443125,True,discovery
QQQ,2019-11-20T00:00:00.000Z,193.9260401959,0.0516595567578967,281.7257162558,262.3075248257676,True,discovery
QQQ,2019-11-21T00:00:00.000Z,193.494347304,0.0392086145602157,281.2724458046,262.506275480513,True,discovery
QQQ,2019-11-22T00:00:00.000Z,193.6190585839,0.0316397464729667,281.8979590273,262.706678496591,True,discovery
QQQ,2019-11-25T00:00:00.000Z,195.9118274984,0.0336589563189833,284.0827226022,262.91733478291553,True,discovery
QQQ,2019-11-26T00:00:00.000Z,196.285961338,0.0437155682510363,284.7263666429,263.1156525844815,True,discovery
QQQ,2019-11-27T00:00:00.000Z,197.6577854166,0.0459414183464401,285.9955239064,263.31633758977404,True,discovery
QQQ,2019-11-29T00:00:00.000Z,196.7560269314,0.040694134361874,284.9348710505,263.51444622447303,True,discovery
QQQ,2019-12-02T00:00:00.000Z,194.7414601027,0.0207673354453961,282.5144068409,263.68708628874555,True,discovery
QQQ,2019-12-03T00:00:00.000Z,193.2161452182,0.0065467266368806,280.6197363548,263.848107248179,True,discovery
QQQ,2019-12-04T00:00:00.000Z,194.1946491064,0.011088357225212,282.3512294785,264.015282295421,True,discovery
QQQ,2019-12-05T00:00:00.000Z,194.5783761213,0.0153684421301525,282.8588923839,264.1894212715325,True,discovery
QQQ,2019-12-06T00:00:00.000Z,196.6600951776,0.0228009778972313,285.4425339559,264.3687895093735,True,discovery
QQQ,2019-12-09T00:00:00.000Z,195.7679298678,0.0141132037968436,284.5450584624,264.54197164909,True,discovery
QQQ,2019-12-10T00:00:00.000Z,195.6048458864,0.0146297770700216,284.2277691466,264.714461405731,True,discovery
QQQ,2019-12-11T00:00:00.000Z,196.6409088269,0.0170685719959771,285.0345905497,264.89152170749,True,discovery
QQQ,2019-12-12T00:00:00.000Z,198.1086646592,0.0244059725186711,287.4913163954,265.08319020358647,True,discovery
QQQ,2019-12-13T00:00:00.000Z,198.7610005846,0.0285955418754761,287.6635591669,265.2679415610595,True,discovery
QQQ,2019-12-16T00:00:00.000Z,200.7563810625,0.0313439455916824,289.6398183342,265.4671339382375,True,discovery
QQQ,2019-12-17T00:00:00.000Z,200.871499167,0.0311222731078248,289.7032761974,265.668342325388,True,discovery
QQQ,2019-12-18T00:00:00.000Z,201.024989973,0.0303879628261041,289.7214070154,265.877196203234,True,discovery
QQQ,2019-12-19T00:00:00.000Z,202.2816959471,0.0430868167202265,290.9089755977,266.1023590606325,True,discovery
QQQ,2019-12-20T00:00:00.000Z,203.0971158539,0.0496281606346515,292.1781328611,266.336326378983,True,discovery
QQQ,2019-12-23T00:00:00.000Z,203.6320792787,0.0517150572264615,292.6245123239,266.5547337309265,True,discovery
QQQ,2019-12-24T00:00:00.000Z,203.7378322116,0.0399465658257101,292.6336221088,266.76849279840053,True,discovery
QQQ,2019-12-26T00:00:00.000Z,205.5356320711,0.0471234451513946,294.1913953361,266.98177064460305,True,discovery
QQQ,2019-12-27T00:00:00.000Z,205.3625818173,0.0389804853092972,294.1185170565,267.19548875656096,True,discovery
QQQ,2019-12-30T00:00:00.000Z,204.0166353984,0.0369015810099249,292.4969753345,267.39491626375,True,discovery
QQQ,2019-12-31T00:00:00.000Z,204.4011915181,0.0496028499031784,293.207538561,267.5933168760165,True,discovery
QQQ,2020-01-02T00:00:00.000Z,207.8141270803,0.075552598596843,295.9495838325,267.80511342074453,True,discovery
QQQ,2020-01-03T00:00:00.000Z,205.9105742878,0.0603308342187163,293.7085767335,268.00952135585646,True,discovery
QQQ,2020-01-06T00:00:00.000Z,207.2372929008,0.0650581890538979,294.829080283,268.2052538860155,True,discovery
QQQ,2020-01-07T00:00:00.000Z,207.2084511918,0.0536375008090685,294.0000898521,268.4214461861585,True,discovery
QQQ,2020-01-08T00:00:00.000Z,208.7659034765,0.0663948054080021,295.5669728643,268.64641578305,True,discovery
QQQ,2020-01-09T00:00:00.000Z,210.5348616271,0.0763274328559877,297.5711255544,268.87206712477,True,discovery
QQQ,2020-01-10T00:00:00.000Z,209.9964830595,0.0679185949265355,296.7148057687,269.100037039376,True,discovery
QQQ,2020-01-13T00:00:00.000Z,212.4191866136,0.0722357196189169,298.7553975986,269.3334506055645,True,discovery
QQQ,2020-01-14T00:00:00.000Z,211.5827770533,0.0645085123891926,298.2999083508,269.55663957986,True,discovery
QQQ,2020-01-15T00:00:00.000Z,211.6693021802,0.0543590249034353,298.9740324375,269.7681579667125,True,discovery
QQQ,2020-01-16T00:00:00.000Z,213.6978357116,0.063853441617103,301.4610037302,269.99148262223645,True,discovery
QQQ,2020-01-17T00:00:00.000Z,214.7553650407,0.0683018318744557,302.3993115806,270.21747835625297,True,discovery
QQQ,2020-01-21T00:00:00.000Z,214.6592260108,0.061189570345193,301.8071755585,270.437101076432,True,discovery
QQQ,2020-01-22T00:00:00.000Z,215.2264462873,0.0597218251101379,301.8436146983,270.650665013519,True,discovery
QQQ,2020-01-23T00:00:00.000Z,215.9186473028,0.0603370945659502,302.1897865266,270.864972028932,True,discovery
QQQ,2020-01-24T00:00:00.000Z,214.1016196372,0.0508682521704475,299.5023999649,271.072487182479,True,discovery
QQQ,2020-01-27T00:00:00.000Z,209.6792242608,0.0201599700642982,294.7015432936,271.2515979381265,True,discovery
QQQ,2020-01-28T00:00:00.000Z,212.8998817632,0.0367024015728705,297.7897603934,271.4465089722969,True,discovery
QQQ,2020-01-29T00:00:00.000Z,213.2459822709,0.0452382074357664,297.5437961996,271.6314348555405,True,discovery
QQQ,2020-01-30T00:00:00.000Z,214.0054806073,0.0469874417945823,298.5094334048,271.8220420082415,True,discovery
QQQ,2020-01-31T00:00:00.000Z,210.611772851,0.0134622501848442,293.0891113566,271.98469446727,True,discovery
QQQ,2020-02-03T00:00:00.000Z,213.7939747415,0.0382855542070481,295.2663499608,272.1614209574065,True,discovery
QQQ,2020-02-04T00:00:00.000Z,218.6874513645,0.0552514381143789,299.7665837286,272.3580893660865,True,discovery
QQQ,2020-02-05T00:00:00.000Z,219.408494089,0.0588781144158407,303.2283020115,272.57094388798146,True,discovery
QQQ,2020-02-06T00:00:00.000Z,221.3024329784,0.0600506562285023,304.2485979264,272.7771812170455,True,discovery
QQQ,2020-02-07T00:00:00.000Z,220.3506565822,0.0466231334765154,302.6270562045,272.9782292808195,True,discovery
QQQ,2020-02-10T00:00:00.000Z,223.013707711,0.0619878221856302,304.8862828733,273.191381662241,True,discovery
QQQ,2020-02-11T00:00:00.000Z,223.052163323,0.0500565738853988,305.4146504007,273.401069599893,True,discovery
QQQ,2020-02-12T00:00:00.000Z,225.2249053993,0.0644765539803999,307.382363951,273.61853074540903,True,discovery
QQQ,2020-02-13T00:00:00.000Z,224.9364883095,0.0626788390789196,307.0544116926,273.83367864271304,True,discovery
QQQ,2020-02-14T00:00:00.000Z,225.58061981,0.055605542558871,307.5463400801,274.0612088892405,True,discovery
QQQ,2020-02-18T00:00:00.000Z,225.6671449369,0.0508102784493045,306.7537887891,274.2876050243765,True,discovery
QQQ,2020-02-19T00:00:00.000Z,227.8302731102,0.0613579362237024,308.2204641668,274.5085382849235,True,discovery
QQQ,2020-02-20T00:00:00.000Z,225.7152144519,0.048733640059265,306.9542040581,274.728573039414,True,discovery
QQQ,2020-02-21T00:00:00.000Z,221.3793442024,0.0252905294091716,303.7931086787,274.9547579905945,True,discovery
QQQ,2020-02-24T00:00:00.000Z,212.8421983452,-0.0058823529412534,293.7176865185,275.1323617960935,True,discovery
QQQ,2020-02-25T00:00:00.000Z,207.0546287439,-0.0125171939478158,284.8174266175,275.269370526223,True,discovery
QQQ,2020-02-26T00:00:00.000Z,208.1217719761,-0.0224429893879156,283.7698013476,275.394675655572,True,discovery
QQQ,2020-02-27T00:00:00.000Z,197.7003011325,-0.0729002299262611,271.0252121956,275.488764807826,True,discovery
QQQ,2020-02-28T00:00:00.000Z,197.8541235803,-0.0754716981133661,269.8864890763,275.565755965974,True,discovery
QQQ,2020-03-02T00:00:00.000Z,208.0640885581,-0.0120965901308015,281.5743431735,275.6937331393615,True,discovery
QQQ,2020-03-03T00:00:00.000Z,201.3920398815,-0.0580088137422734,273.5121834883,275.769546144534,True,discovery
QQQ,2020-03-04T00:00:00.000Z,209.7945910967,-0.0406647030376594,285.0087321015,275.9111931305785,True,discovery
QQQ,2020-03-05T00:00:00.000Z,203.4205734129,-0.0728682849881586,275.5345557483,276.013955170047,True,discovery
QQQ,2020-03-06T00:00:00.000Z,199.9884100446,-0.0963117424736145,270.9796632709,276.082448570363,True,discovery
QQQ,2020-03-09T00:00:00.000Z,186.0963202208,-0.1554537521816809,249.8176328204,276.0490829416895,True,discovery
QQQ,2020-03-10T00:00:00.000Z,196.2293739747,-0.1201017372932492,262.7444176715,276.09602103294003,True,discovery
QQQ,2020-03-11T00:00:00.000Z,187.6826142146,-0.1585707512604648,249.9360600248,276.07604379176604,True,discovery
QQQ,2020-03-12T00:00:00.000Z,170.4737278584,-0.2430955734839002,226.022874518,275.948309093719,True,discovery
QQQ,2020-03-13T00:00:00.000Z,184.9138101528,-0.1779287942898397,245.3447284075,275.925624701182,True,discovery
QQQ,2020-03-16T00:00:00.000Z,162.7633776587,-0.2784691442208516,218.4981921452,275.765295293606,True,discovery
QQQ,2020-03-17T00:00:00.000Z,175.1076291007,-0.224044647041275,230.2953636619,275.6808338157375,True,discovery
QQQ,2020-03-18T00:00:00.000Z,169.781526843,-0.2547894337076188,218.6348389195,275.54121265311653,True,discovery
QQQ,2020-03-19T00:00:00.000Z,170.8006005602,-0.2432915921288165,219.0994379522,275.377154605377,True,discovery
QQQ,2020-03-20T00:00:00.000Z,164.1093240776,-0.2586963130238559,209.7123137931,275.1552504487405,True,discovery
QQQ,2020-03-23T00:00:00.000Z,164.2272770534,-0.2284082840234221,204.3503512245,274.898275039711,True,discovery
QQQ,2020-03-24T00:00:00.000Z,176.9446304331,-0.1454205515397687,222.8651621451,274.7210774338075,True,discovery
QQQ,2020-03-25T00:00:00.000Z,175.6343576606,-0.1560981054842776,226.20149441,274.5546348043335,True,discovery
QQQ,2020-03-26T00:00:00.000Z,184.8833419368,-0.0648302461972982,239.4093372498,274.45454568295446,True,discovery
QQQ,2020-03-27T00:00:00.000Z,178.5246652469,-0.0976955040593584,232.278385321,274.321091657459,True,discovery
QQQ,2020-03-30T00:00:00.000Z,185.0182229575,-0.1107633025973372,239.8217959089,274.220011688672,True,discovery
QQQ,2020-03-31T00:00:00.000Z,183.4381881436,-0.0891487655046552,236.2471541966,274.1024952834195,True,discovery
QQQ,2020-04-01T00:00:00.000Z,175.6439920193,-0.1627811227109238,225.6148865392,273.931323649472,True,discovery
QQQ,2020-04-02T00:00:00.000Z,179.208704709,-0.1190236970513063,230.8210313921,273.772578304008,True,discovery
QQQ,2020-04-03T00:00:00.000Z,176.6652340331,-0.1166226383133833,227.4846991272,273.594187954772,True,discovery
QQQ,2020-04-06T00:00:00.000Z,189.2958781852,0.0171930211226303,242.7640010107,273.4796223591165,True,discovery
QQQ,2020-04-07T00:00:00.000Z,189.2188033162,-0.0357264079097754,243.0114762061,273.368217618081,True,discovery
QQQ,2020-04-08T00:00:00.000Z,193.2363308612,0.0295910021812131,251.1689919088,273.29922469489253,True,discovery
QQQ,2020-04-09T00:00:00.000Z,193.5157272612,0.1351645188514871,254.9911088166,273.262336270908,True,discovery
QQQ,2020-04-13T00:00:00.000Z,195.6063830819,0.0578246314878503,252.6630088296,273.21511576200703,True,discovery
QQQ,2020-04-14T00:00:00.000Z,204.1135217443,0.2540506634871358,260.1147619377,273.200506889443,True,discovery
QQQ,2020-04-15T00:00:00.000Z,201.7723725994,0.1522763093512378,254.5878159055,273.15149562283,True,discovery
QQQ,2020-04-16T00:00:00.000Z,205.4526975926,0.210100423838135,255.8160261349,273.0966240834025,True,discovery
QQQ,2020-04-17T00:00:00.000Z,207.4181067513,0.2143874557290792,262.7270001121,273.0728333463985,True,discovery
QQQ,2020-04-20T00:00:00.000Z,204.9613453029,0.2489317499472663,258.098297382,273.01520618680047,True,discovery
QQQ,2020-04-21T00:00:00.000Z,197.3983737855,0.201982869881683,250.2615828587,272.91992945840104,True,discovery
QQQ,2020-04-22T00:00:00.000Z,203.256063827,0.1486986823476845,255.8160261349,272.8598242589,True,discovery
QQQ,2020-04-23T00:00:00.000Z,202.8225176891,0.1547997805818783,255.7976946389,272.79795804482654,True,discovery
QQQ,2020-04-24T00:00:00.000Z,206.0211247512,0.1143303804061788,259.3631706033,272.747512488761,True,discovery
QQQ,2020-04-27T00:00:00.000Z,207.678234434,0.1633027522935306,263.1027957793,272.712606815428,True,discovery
QQQ,2020-04-28T00:00:00.000Z,203.7666848339,0.1013330556131579,261.8929170459,272.665605968688,True,discovery
QQQ,2020-04-29T00:00:00.000Z,210.9924537997,0.1502100840340281,268.7488965353,272.652433841802,True,discovery
QQQ,2020-04-30T00:00:00.000Z,210.9057445721,0.2007569524434709,266.2466473366,272.6311268915705,True,discovery
QQQ,2020-05-01T00:00:00.000Z,204.9613453029,0.1437019515079767,259.1981871397,272.583781663242,True,discovery
QQQ,2020-05-04T00:00:00.000Z,207.3506662409,0.1736925342201216,259.9131154821,272.535093240867,True,discovery
QQQ,2020-05-05T00:00:00.000Z,209.7014497445,0.107797231270593,262.314541453,272.5059014963825,True,discovery
QQQ,2020-05-06T00:00:00.000Z,210.9924537997,0.1150712830960805,260.5363863448,272.4645253799315,True,discovery
QQQ,2020-05-07T00:00:00.000Z,213.7093429308,0.105948048062999,263.6802379021,272.429258438546,True,discovery
QQQ,2020-05-08T00:00:00.000Z,216.6381879516,0.1194862093001372,268.0431339408,272.40944437329904,True,discovery
QQQ,2020-05-11T00:00:00.000Z,218.5746940344,0.1174210707780596,268.0981284287,272.3964022378245,True,discovery
QQQ,2020-05-12T00:00:00.000Z,213.9983736894,0.0484282073065356,262.7544973561,272.3475732773765,True,discovery
QQQ,2020-05-13T00:00:00.000Z,211.3200219928,0.0473189132406941,258.10746313,272.277990622557,True,discovery
QQQ,2020-05-14T00:00:00.000Z,213.7189772894,0.0402344665884675,261.1963201994,272.2271909672695,True,discovery
QQQ,2020-05-15T00:00:00.000Z,215.1063249308,0.0370662826882244,262.3970331848,272.1972386197035,True,discovery
QQQ,2020-05-18T00:00:00.000Z,219.1142181172,0.0690514242740958,270.3895654238,272.2189344329795,True,discovery
QQQ,2020-05-19T00:00:00.000Z,218.5650596758,0.1072282688270798,267.6123437857,272.23676028061897,True,discovery
QQQ,2020-05-20T00:00:00.000Z,222.9294241311,0.0967910129404299,272.158554784,272.3170208113935,True,discovery
QQQ,2020-05-21T00:00:00.000Z,220.5015657586,0.0871651149533585,270.279576448,272.369929582305,True,discovery
QQQ,2020-05-22T00:00:00.000Z,221.2626800896,0.0739805462027562,270.7928583349,272.424637760744,True,discovery
QQQ,2020-05-26T00:00:00.000Z,220.6653498551,0.0625347930970943,274.1291905998,272.470536066529,True,discovery
QQQ,2020-05-27T00:00:00.000Z,221.8696446828,0.088841607565322,278.2079484511,272.545851713421,True,discovery
QQQ,2020-05-28T00:00:00.000Z,221.5806139241,0.0501826484014995,277.6946665642,272.6346177554135,True,discovery
QQQ,2020-05-29T00:00:00.000Z,224.8273927794,0.0660088620892958,278.9320425416,272.7093579211476,True,discovery
QQQ,2020-06-01T00:00:00.000Z,225.5017978829,0.1002162263798791,280.0594295432,272.828761883644,True,discovery
QQQ,2020-06-02T00:00:00.000Z,227.0143921864,0.0948331939413913,282.3783637823,272.956376685392,True,discovery
QQQ,2020-06-03T00:00:00.000Z,228.0356342002,0.0874299365981416,286.1363204543,273.0838318116135,True,discovery
QQQ,2020-06-04T00:00:00.000Z,226.4363306691,0.0731963470317342,285.3847291199,273.19182800094245,True,discovery
QQQ,2020-06-05T00:00:00.000Z,230.9259417865,0.0805608150752437,292.6989960083,273.3465019027865,True,discovery
QQQ,2020-06-08T00:00:00.000Z,232.71793249,0.0742239615759361,296.2369747287,273.5082179070485,True,discovery
QQQ,2020-06-09T00:00:00.000Z,234.4039452487,0.0724203288227351,294.0280294654,273.6592952448275,True,discovery
QQQ,2020-06-10T00:00:00.000Z,237.217177966,0.1084999099586618,292.3873605769,273.8360526753635,True,discovery
QQQ,2020-06-11T00:00:00.000Z,225.4632604484,0.0669280568979018,275.5315500408,273.914318959054,True,discovery
QQQ,2020-06-12T00:00:00.000Z,227.2552511519,0.0633367894333987,278.8312193138,274.014181895905,True,discovery
QQQ,2020-06-15T00:00:00.000Z,230.0203120761,0.0693330944596717,281.4342917403,274.1179464075195,True,discovery
QQQ,2020-06-16T00:00:00.000Z,233.9703991107,0.0678010816511855,286.8512487967,274.23214725125104,True,discovery
QQQ,2020-06-17T00:00:00.000Z,234.7122447245,0.0738781627431728,285.6597015593,274.340976889666,True,discovery
QQQ,2020-06-18T00:00:00.000Z,235.3481123935,0.055706815333165,285.769690535,274.458071609792,True,discovery
QQQ,2020-06-19T00:00:00.000Z,235.309574959,0.0671560274388776,284.1439086544,274.55214855996104,True,discovery
QQQ,2020-06-22T00:00:00.000Z,238.1269119131,0.0762181485674442,285.9667603234,274.638285255477,True,discovery
QQQ,2020-06-23T00:00:00.000Z,240.153606065,0.0883158874861729,287.2832643067,274.729966762447,True,discovery
QQQ,2020-06-24T00:00:00.000Z,235.2026817798,0.0600940120315325,279.9550323442,274.78433034321546,True,discovery
QQQ,2020-06-25T00:00:00.000Z,237.4416962713,0.0715815434676656,282.956293173,274.854016052443,True,discovery
QQQ,2020-06-26T00:00:00.000Z,231.834509118,0.0311666485652635,276.2356784336,274.8805337230115,True,discovery
QQQ,2020-06-29T00:00:00.000Z,234.3630513455,0.0392957109246707,280.295666242,274.92265908565946,True,discovery
QQQ,2020-06-30T00:00:00.000Z,238.9568914229,0.052606793434903,283.8861316507,274.983639130536,True,discovery
QQQ,2020-07-01T00:00:00.000Z,241.7460086128,0.0601238243342407,285.8746971078,275.0587579543085,True,discovery
QQQ,2020-07-02T00:00:00.000Z,243.3866657833,0.0748569589699374,287.4489780947,275.1383192333125,True,discovery
QQQ,2020-07-06T00:00:00.000Z,249.3702389934,0.0798710489787779,291.8864250871,275.239255627612,True,discovery
QQQ,2020-07-07T00:00:00.000Z,247.6523744267,0.0641740057455251,288.8759579367,275.325229921678,True,discovery
QQQ,2020-07-08T00:00:00.000Z,250.9143869186,0.0704358523163191,291.0854751113,275.428642195314,True,discovery
QQQ,2020-07-09T00:00:00.000Z,253.0279393912,0.0666509970347346,289.4283372303,275.52408606886047,True,discovery
QQQ,2020-07-10T00:00:00.000Z,254.7554548825,0.1299200338709014,292.3835664514,275.6449126170715,True,discovery
QQQ,2020-07-13T00:00:00.000Z,249.5150028614,0.0979504394141428,289.8518280221,275.7451482402396,True,discovery
QQQ,2020-07-14T00:00:00.000Z,251.2811220508,0.0924301414201458,293.608007219,275.8669750361895,True,discovery
QQQ,2020-07-15T00:00:00.000Z,251.7926210511,0.0761729774712556,296.3054594363,276.0095414204455,True,discovery
QQQ,2020-07-16T00:00:00.000Z,250.0747564843,0.0654525364785811,295.3295893508,276.1410186490925,True,discovery
QQQ,2020-07-17T00:00:00.000Z,250.3642842203,0.0638040886501485,296.185777256,276.2927772641935,True,discovery
QQQ,2020-07-20T00:00:00.000Z,257.4673646761,0.094164420300197,298.5794208618,276.4799835066975,True,discovery
QQQ,2020-07-21T00:00:00.000Z,254.7844076561,0.0699521763801265,299.2146570495,276.659668747491,True,discovery
QQQ,2020-07-22T00:00:00.000Z,255.6819436376,0.0646600225040847,300.9178265383,276.830056306995,True,discovery
QQQ,2020-07-23T00:00:00.000Z,249.0035038612,0.0586762955973456,297.3273611296,276.988248074186,True,discovery
QQQ,2020-07-24T00:00:00.000Z,246.6390273507,0.0387351136040199,295.4124462449,277.1574890724845,True,discovery
QQQ,2020-07-27T00:00:00.000Z,251.0398489375,0.0828407293313042,297.5667254901,277.3250818566455,True,discovery
QQQ,2020-07-28T00:00:00.000Z,247.8453929173,0.0575275901828236,295.6794295702,277.4743087333175,True,discovery
QQQ,2020-07-29T00:00:00.000Z,250.7020665789,0.0491518578353686,299.3159265867,277.627938673355,True,discovery
QQQ,2020-07-30T00:00:00.000Z,252.0145923153,0.0424767455786498,298.2479932856,277.777724739376,True,discovery
QQQ,2020-07-31T00:00:00.000Z,256.5119231474,0.0539275942741501,300.6048116052,277.926014072774,True,discovery
QQQ,2020-08-03T00:00:00.000Z,259.9766050546,0.0425326057512449,302.6946465995,278.0869282793095,True,discovery
QQQ,2020-08-04T00:00:00.000Z,260.9416975078,0.0536611979265853,303.8638494378,278.2496997200655,True,discovery
QQQ,2020-08-05T00:00:00.000Z,261.5883094515,0.0425400976962024,305.7511453577,278.427845483332,True,discovery
QQQ,2020-08-06T00:00:00.000Z,265.0529913586,0.0475246014188512,307.7949487442,278.6070542004165,True,discovery
QQQ,2020-08-07T00:00:00.000Z,261.9936482818,0.0284123195816885,308.0159004617,278.7918097265105,True,discovery
QQQ,2020-08-10T00:00:00.000Z,260.8741410361,0.0455248704263677,308.9365326178,278.977224960459,True,discovery
QQQ,2020-08-11T00:00:00.000Z,255.9328676755,0.0185121173717124,306.3863815454,279.1476684138345,True,discovery
QQQ,2020-08-12T00:00:00.000Z,262.3700343386,0.0420084323493872,310.6581147497,279.33389530668154,True,discovery
QQQ,2020-08-13T00:00:00.000Z,262.9683916596,0.0515591231860681,310.0965291345,279.5096086737815,True,discovery
QQQ,2020-08-14T00:00:00.000Z,262.6595620746,0.0491095520776483,310.105735456,279.6857760158955,True,discovery
QQQ,2020-08-17T00:00:00.000Z,265.7092542268,0.0320113951570852,311.090811863,279.862653324848,True,discovery
QQQ,2020-08-18T00:00:00.000Z,268.2667492279,0.0529166666666589,311.762873337,280.0465624318255,True,discovery
QQQ,2020-08-19T00:00:00.000Z,266.4620263404,0.0421620805498863,310.4647819969,280.211244182423,True,discovery
QQQ,2020-08-20T00:00:00.000Z,270.1583304363,0.0849579473664441,311.4314457608,280.37518402529,True,discovery
QQQ,2020-08-21T00:00:00.000Z,272.0306097956,0.1029503834719365,312.5362043481,280.5461887806275,True,discovery
QQQ,2020-08-24T00:00:00.000Z,273.7291725133,0.0903813624483531,315.703178965,280.7327111197335,True,discovery
QQQ,2020-08-25T00:00:00.000Z,275.881328684,0.1131186480277037,316.8079375523,280.91986193090304,True,discovery
QQQ,2020-08-26T00:00:00.000Z,281.7683926488,0.1239173114678848,319.9841184908,281.1194487913355,True,discovery
QQQ,2020-08-27T00:00:00.000Z,280.8901585163,0.1145789453527883,320.6837989295,281.3252083496235,True,discovery
QQQ,2020-08-28T00:00:00.000Z,282.3184953471,0.1006057413747223,322.7552212806,281.5383787617345,True,discovery
QQQ,2020-08-31T00:00:00.000Z,284.5864626123,0.0946618160219896,321.5860184424,281.745249889203,True,discovery
QQQ,2020-09-01T00:00:00.000Z,289.4505285766,0.109253643020958,324.6148982359,281.9652256986085,True,discovery
QQQ,2020-09-02T00:00:00.000Z,292.1913911438,0.11698948533468,329.310122232,282.198524369887,True,discovery
QQQ,2020-09-03T00:00:00.000Z,277.3772219865,0.0464972327410033,317.9771403906,282.37411560992047,True,discovery
QQQ,2020-09-04T00:00:00.000Z,273.6809178906,0.0446089807346368,315.3809577104,282.5371338799595,True,discovery
QQQ,2020-09-08T00:00:00.000Z,260.5267077529,-0.0013318042249037,306.7638407294,282.6623245023275,True,discovery
QQQ,2020-09-09T00:00:00.000Z,268.1798909071,0.0478524831250988,312.8216003165,282.82007027488703,True,discovery
QQQ,2020-09-10T00:00:00.000Z,262.8332787162,0.0017656146547671,307.3898705956,282.9475298327285,True,discovery
QQQ,2020-09-11T00:00:00.000Z,261.0092539795,-0.0074500880799242,307.5463780621,283.064848110028,True,discovery
QQQ,2020-09-14T00:00:00.000Z,265.5548394343,0.0110229276894846,311.5971595489,283.199202074558,True,discovery
QQQ,2020-09-15T00:00:00.000Z,269.318700002,0.0135841929393965,313.1714405358,283.33508165770496,True,discovery
QQQ,2020-09-16T00:00:00.000Z,265.024038585,-0.0120876353563489,311.9285871251,283.470050238078,True,discovery
QQQ,2020-09-17T00:00:00.000Z,260.8837919606,-0.0209344440422212,309.1851032999,283.60340372037297,True,discovery
QQQ,2020-09-18T00:00:00.000Z,257.5542229969,-0.0466545207732244,305.6399550885,283.7285048140415,True,discovery
QQQ,2020-09-21T00:00:00.000Z,258.546569661,-0.0495680987692221,302.2383067149,283.8279402002235,True,discovery
QQQ,2020-09-22T00:00:00.000Z,263.350040377,-0.0379175227872201,305.3164287486,283.940227882047,True,discovery
QQQ,2020-09-23T00:00:00.000Z,255.30881777,-0.0745701458381917,298.2358237101,284.004194330818,True,discovery
QQQ,2020-09-24T00:00:00.000Z,256.4976042852,-0.089686384360001,299.0307741452,284.076622909232,True,discovery
QQQ,2020-09-25T00:00:00.000Z,262.4608667233,-0.0656103150439517,303.865182024,284.1748099736189,True,discovery
QQQ,2020-09-28T00:00:00.000Z,267.9118878174,-0.0510296270599899,308.9121929261,284.294197985501,True,discovery
QQQ,2020-09-29T00:00:00.000Z,266.7037714402,-0.0628374624989175,307.2298559587,284.3928906833175,True,discovery
QQQ,2020-09-30T00:00:00.000Z,268.5304434026,-0.0722751665953987,309.5592456058,284.50236911551195,True,discovery
QQQ,2020-10-01T00:00:00.000Z,272.7926779815,-0.0663904336344839,311.5466216937,284.61190313230946,True,discovery
QQQ,2020-10-02T00:00:00.000Z,265.1187227533,-0.0441943254943861,308.5886665862,284.7063300842535,True,discovery
QQQ,2020-10-05T00:00:00.000Z,270.7727073987,-0.0106262815629059,314.060883535,284.8280274668515,True,discovery
QQQ,2020-10-06T00:00:00.000Z,265.9402418898,0.0207791906771974,309.5962200447,284.92146368908647,True,discovery
QQQ,2020-10-07T00:00:00.000Z,270.5407490543,0.0088032631351089,314.9852445061,285.03549924731146,True,discovery
QQQ,2020-10-08T00:00:00.000Z,271.980823776,0.0348036028941269,317.7768146388,285.161260758886,True,discovery
QQQ,2020-10-09T00:00:00.000Z,276.1367441137,0.0579576773756387,320.61460282,285.301165662442,True,discovery
QQQ,2020-10-12T00:00:00.000Z,284.6612132715,0.0719488821137717,325.7725370386,285.45907137095446,True,discovery
QQQ,2020-10-13T00:00:00.000Z,284.6515483405,0.0569319855560945,323.6465068051,285.6067113196975,True,discovery
QQQ,2020-10-14T00:00:00.000Z,282.2739753101,0.065088196592278,321.6129126688,285.75229100636903,True,discovery
QQQ,2020-10-15T00:00:00.000Z,280.3796488306,0.0747300425353536,321.2154374512,285.89233050082,True,discovery
QQQ,2020-10-16T00:00:00.000Z,278.8429247987,0.082657164592701,321.0213216473,286.017689189894,True,discovery
QQQ,2020-10-19T00:00:00.000Z,274.2907422893,0.0608949198163542,316.14069572,286.1298497848265,True,discovery
QQQ,2020-10-20T00:00:00.000Z,274.8803030814,0.0437830299471142,317.4070702503,286.242739734663,True,discovery
QQQ,2020-10-21T00:00:00.000Z,274.667674599,0.075825257419976,316.8062356191,286.356770463498,True,discovery
QQQ,2020-10-22T00:00:00.000Z,274.658009668,0.0708014619996504,318.5440342448,286.4716557704005,True,discovery
QQQ,2020-10-23T00:00:00.000Z,275.199245805,0.0485343938726281,319.6255365809,286.581927825533,True,discovery
QQQ,2020-10-26T00:00:00.000Z,271.0723202603,0.0117965367966577,313.7188699757,286.666948146568,True,discovery
QQQ,2020-10-27T00:00:00.000Z,273.1889401532,0.0243159992750763,312.6373676395,286.7363579967725,True,discovery
QQQ,2020-10-28T00:00:00.000Z,262.5381861715,-0.0223150014395796,301.9517548138,286.7546172290875,True,discovery
QQQ,2020-10-29T00:00:00.000Z,267.129028405,-0.0207617360495434,305.0206332378,286.784850233089,True,discovery
QQQ,2020-10-30T00:00:00.000Z,260.3539117614,-0.0179723670301994,301.8408314973,286.78674937192454,True,discovery
QQQ,2020-11-02T00:00:00.000Z,260.9338076225,-0.036336379211634,305.2239926515,286.800872777279,True,discovery
QQQ,2020-11-03T00:00:00.000Z,265.4473304079,-0.0018534670736453,310.6130171129,286.844901985051,True,discovery
QQQ,2020-11-04T00:00:00.000Z,277.2965358359,0.0249714204060402,317.5549680057,286.923458751588,True,discovery
QQQ,2020-11-05T00:00:00.000Z,284.5259042373,0.0461248711844182,323.748186512,287.031250751515,True,discovery
QQQ,2020-11-06T00:00:00.000Z,284.7385327197,0.0311504672571145,323.6742376343,287.152109939862,True,discovery
QQQ,2020-11-09T00:00:00.000Z,278.9202442469,-0.0201677248495546,327.741425907,287.317309352929,True,discovery
QQQ,2020-11-10T00:00:00.000Z,273.9234749106,-0.0376884422109908,327.2607582021,287.4646643419725,True,discovery
QQQ,2020-11-11T00:00:00.000Z,280.051041176,-0.0078750941586376,329.691827556,287.6254044987545,True,discovery
QQQ,2020-11-12T00:00:00.000Z,278.7366105575,-0.0058600482593965,326.4935385961,287.765325024711,True,discovery
QQQ,2020-11-13T00:00:00.000Z,281.1818381051,0.0083879241622806,331.0136637447,287.9549477866515,True,discovery
QQQ,2020-11-16T00:00:00.000Z,283.3757774461,0.0331219168425955,335.1455572854,288.15434382327453,True,discovery
QQQ,2020-11-17T00:00:00.000Z,282.4769388615,0.0276361590661169,333.3430533918,288.3222261715905,True,discovery
QQQ,2020-11-18T00:00:00.000Z,280.3893137616,0.0208311341003388,329.3313267773,288.4527412954195,True,discovery
QQQ,2020-11-19T00:00:00.000Z,282.5832531027,0.0288549510872806,330.7178682339,288.585087646957,True,discovery
QQQ,2020-11-20T00:00:00.000Z,280.6502668991,0.0198075437240206,328.4531838548,288.71421828520846,True,discovery
QQQ,2020-11-23T00:00:00.000Z,280.6599318301,0.0353692016971463,330.4220727232,288.84189723445803,True,discovery
QQQ,2020-11-24T00:00:00.000Z,284.6032236854,0.0417816457935633,335.7463919166,288.9935559420375,True,discovery
QQQ,2020-11-25T00:00:00.000Z,286.3525761997,0.0907082903842551,335.2287497728,289.1327878711465,True,discovery
QQQ,2020-11-27T00:00:00.000Z,288.9911023676,0.0818408770216259,336.1623543536,289.27832758445146,True,discovery
QQQ,2020-11-30T00:00:00.000Z,289.5806631597,0.1122577771179589,334.6741331902,289.413966550002,True,discovery
QQQ,2020-12-01T00:00:00.000Z,293.2919966706,0.1240091858656868,338.3346026356,289.5718706192345,True,discovery
QQQ,2020-12-02T00:00:00.000Z,293.6689289803,0.106317130893851,339.0463605834,289.72600010131754,True,discovery
QQQ,2020-12-03T00:00:00.000Z,294.084521014,0.0605416332645241,338.9539244863,289.8859987034585,True,discovery
QQQ,2020-12-04T00:00:00.000Z,295.2829724603,0.0378069907266807,341.8749051549,290.0764076858395,True,discovery
QQQ,2020-12-07T00:00:00.000Z,296.9550055264,0.0429041784054076,341.1723908169,290.3136812073315,True,discovery
QQQ,2020-12-08T00:00:00.000Z,297.9601583522,0.0682629335733906,342.1707006656,290.600447577572,True,discovery
QQQ,2020-12-09T00:00:00.000Z,291.2140365017,0.0631218686048833,339.1018222416,290.877107682042,True,discovery
QQQ,2020-12-10T00:00:00.000Z,292.3834931549,0.0440364439536205,338.9908989251,291.2169361156895,True,discovery
QQQ,2020-12-11T00:00:00.000Z,291.7359427767,0.0466366158116082,338.5934237075,291.56047078884546,True,discovery
QQQ,2020-12-14T00:00:00.000Z,293.8525626696,0.0450623861408998,337.077471715,291.837986431553,True,discovery
QQQ,2020-12-15T00:00:00.000Z,296.9936652504,0.0480559345157516,341.6345713024,292.1785983706235,True,discovery
QQQ,2020-12-16T00:00:00.000Z,298.6270385925,0.0571731618024877,342.1707006656,292.464408213444,True,discovery
QQQ,2020-12-17T00:00:00.000Z,300.5793546581,0.0720071696943003,344.0841278758,292.8071560740815,True,discovery
QQQ,2020-12-18T00:00:00.000Z,299.6708511424,0.0604692523427417,342.7160736386,293.16583812592,True,discovery
QQQ,2020-12-21T00:00:00.000Z,299.1115705792,0.0657804600867786,341.4906951858,293.62420343774704,True,discovery
QQQ,2020-12-22T00:00:00.000Z,299.9248999826,0.0686416761626032,340.9151386398,294.0150570425885,True,discovery
QQQ,2020-12-23T00:00:00.000Z,298.4144310906,0.0485279373380074,341.221483253,294.4714841587295,True,discovery
QQQ,2020-12-24T00:00:00.000Z,299.7312501246,0.0467209832803103,342.5489765768,295.05411466902353,True,discovery
QQQ,2020-12-28T00:00:00.000Z,302.7521879085,0.0476176789809803,345.4917414976,295.554849734474,True,discovery
QQQ,2020-12-29T00:00:00.000Z,303.0232977096,0.0464210365541104,344.8326364207,296.1865219558515,True,discovery
QQQ,2020-12-30T00:00:00.000Z,303.0329802025,0.0332125787354513,345.3246444358,296.761668359721,True,discovery
QQQ,2020-12-31T00:00:00.000Z,303.7785321556,0.0344251712648093,347.0791635841,297.403889983044,True,discovery
QQQ,2021-01-04T00:00:00.000Z,299.4891878022,0.0183779369603158,342.3540300048,298.020162943307,True,discovery
QQQ,2021-01-05T00:00:00.000Z,301.958223491,0.0226062849986972,344.7119552094,298.69516115038846,True,discovery
QQQ,2021-01-06T00:00:00.000Z,297.7753865594,0.0027626442313903,346.7728189709,299.4072734891205,True,discovery
QQQ,2021-01-07T00:00:00.000Z,304.9791612749,0.0235568505585344,351.9249783747,300.05257257026847,True,discovery
QQQ,2021-01-08T00:00:00.000Z,308.9005708982,0.0607337977556474,353.9301431157,300.691215813797,True,discovery
QQQ,2021-01-11T00:00:00.000Z,304.4369416726,0.0412247914122645,351.5443684008,301.251890969552,True,discovery
QQQ,2021-01-12T00:00:00.000Z,303.9528170278,0.0418764795822603,351.6186337615,301.8485922117545,True,discovery
QQQ,2021-01-13T00:00:00.000Z,306.005505522,0.0413572804742372,352.5655171114,302.412310817767,True,discovery
QQQ,2021-01-14T00:00:00.000Z,304.3691642223,0.0248338595561681,351.3308554885,302.9877293242265,True,discovery
QQQ,2021-01-15T00:00:00.000Z,301.958223491,0.0111550009476726,348.7687005418,303.6034983942395,True,discovery
QQQ,2021-01-19T00:00:00.000Z,306.3637577592,0.0192441796532552,351.5072357204,304.206929415881,True,discovery
QQQ,2021-01-20T00:00:00.000Z,313.4900725315,0.0461146665964293,356.3716168512,304.85136400450097,True,discovery
QQQ,2021-01-21T00:00:00.000Z,315.9978381918,0.0564547455650124,356.6965278046,305.4210266384705,True,discovery
QQQ,2021-01-22T00:00:00.000Z,315.0876838595,0.0505552685948371,355.4340166714,305.983139340797,True,discovery
QQQ,2021-01-25T00:00:00.000Z,317.6922744488,0.0646009085007928,356.835775356,306.511473258033,True,discovery
QQQ,2021-01-26T00:00:00.000Z,318.1570341079,0.0614743506912951,356.2787851502,307.017911639701,True,discovery
QQQ,2021-01-27T00:00:00.000Z,309.2878706141,0.021587565562285,347.5711715993,307.4924524535495,True,discovery
QQQ,2021-01-28T00:00:00.000Z,311.1178617717,0.0267126789368432,350.5603523705,307.94468040571354,True,discovery
QQQ,2021-01-29T00:00:00.000Z,304.5724965732,0.0050803591400223,343.5422757772,308.389452705072,True,discovery
QQQ,2021-02-01T00:00:00.000Z,312.1829359904,0.0276662204375097,349.2607085569,308.856676117182,True,discovery
QQQ,2021-02-02T00:00:00.000Z,317.2759272543,0.0593902557305252,354.1993550485,309.314037891864,True,discovery
QQQ,2021-02-03T00:00:00.000Z,316.0172031776,0.0465593535558039,354.4778501514,309.795935655711,True,discovery
QQQ,2021-02-04T00:00:00.000Z,319.7546454359,0.0738115367104581,358.5067459735,310.337161471285,True,discovery
QQQ,2021-02-05T00:00:00.000Z,320.8390846404,0.0520033017967556,359.9177878282,310.8576702797515,True,discovery
QQQ,2021-02-08T00:00:00.000Z,322.9885980636,0.0456069962073422,362.5170754553,311.39126718383346,True,discovery
QQQ,2021-02-09T00:00:00.000Z,322.9208206133,0.0607149672413214,362.2757130328,311.905829895981,True,discovery
QQQ,2021-02-10T00:00:00.000Z,322.1849511531,0.0599834352699302,362.1178991412,312.4009054127905,True,discovery
QQQ,2021-02-11T00:00:00.000Z,323.9568473533,0.0586634603213354,362.7027388573,312.9049545218475,True,discovery
QQQ,2021-02-12T00:00:00.000Z,325.7674735251,0.0703038014953822,364.494390686,313.383681992601,True,discovery
QQQ,2021-02-16T00:00:00.000Z,324.8863666714,0.0759315077275364,364.1787629027,313.8733425704315,True,discovery
QQQ,2021-02-17T00:00:00.000Z,323.327485315,0.0553711956005362,364.2623114336,314.398663191901,True,discovery
QQQ,2021-02-18T00:00:00.000Z,321.913841352,0.0268709268924411,362.7120220274,314.9126577246275,True,discovery
QQQ,2021-02-19T00:00:00.000Z,320.5098798819,0.0142787106263726,362.0714832907,315.411442433816,True,discovery
QQQ,2021-02-22T00:00:00.000Z,312.2023009762,-0.0091573965949954,359.2865322616,315.9051931634,True,discovery
QQQ,2021-02-23T00:00:00.000Z,311.272781658,-0.0202066380176789,359.7228412562,316.3854061801705,True,discovery
QQQ,2021-02-24T00:00:00.000Z,313.8386422758,-0.0135731458655585,363.6867548875,316.863624284904,True,discovery
QQQ,2021-02-25T00:00:00.000Z,302.897425302,-0.0206618038379958,354.923442316,317.2977508543405,True,discovery
