ticker,date,etf_close,etf_momentum_20d,spy_close,spy_200dma,eligible,research_partition
XLV,1999-01-22T00:00:00.000Z,17.7753460322,0.0655213743516389,75.9222532054,68.79354290947,True,discovery
XLV,1999-01-25T00:00:00.000Z,17.9219743084,0.0508010941779375,76.6965750127,68.838755908347,True,discovery
XLV,1999-01-26T00:00:00.000Z,18.0086182898,0.0493203883464281,78.0903542659,68.888254642999,True,discovery
XLV,1999-01-27T00:00:00.000Z,17.8286654054,0.0539795114249268,77.1804933111,68.934162344481,True,discovery
XLV,1999-01-28T00:00:00.000Z,18.1619114877,0.0505011565126667,78.4775151695,68.983680340443,True,discovery
XLV,1999-01-29T00:00:00.000Z,18.1619114877,0.0594867807110734,79.0775817389,69.03524039764801,True,discovery
XLV,1999-02-01T00:00:00.000Z,18.2685502341,0.05423076923015,78.6129886545,69.0885022301675,True,discovery
XLV,1999-02-02T00:00:00.000Z,17.9952884466,0.0408635312276988,78.1290703562,69.13484075718,True,discovery
XLV,1999-02-03T00:00:00.000Z,18.3418643722,0.0447987851158317,78.9227173775,69.1852431839365,True,discovery
XLV,1999-02-04T00:00:00.000Z,18.2019010176,0.0197908887238376,77.7419094526,69.228112671865,True,discovery
XLV,1999-02-05T00:00:00.000Z,17.9952884466,0.0127531882974036,76.8514393742,69.2655715377975,True,discovery
XLV,1999-02-08T00:00:00.000Z,17.9819586033,0.0,77.0063037357,69.30715851362851,True,discovery
XLV,1999-02-09T00:00:00.000Z,17.6620423642,-0.020332717191598,75.2834048832,69.3437724272915,True,discovery
XLV,1999-02-10T00:00:00.000Z,17.7020318941,-0.0152020763799658,75.767388844,69.389226843028,True,discovery
XLV,1999-02-11T00:00:00.000Z,18.1819062527,0.0221056575515881,77.5096129104,69.44387135237551,True,discovery
XLV,1999-02-12T00:00:00.000Z,17.9153093868,0.0154892330928095,76.5804267416,69.4915700790295,True,discovery
XLV,1999-02-16T00:00:00.000Z,18.081932428,0.0111815132310861,76.1158336573,69.53071723735951,True,discovery
XLV,1999-02-17T00:00:00.000Z,17.8886497002,-0.027183762231885,76.0384014765,69.5656441483695,True,discovery
XLV,1999-02-18T00:00:00.000Z,18.1219219578,-0.0191197691206534,76.6384680459,69.6044336741475,True,discovery
XLV,1999-02-19T00:00:00.000Z,18.175241331,0.0182972367440457,76.9675876453,69.647264639455,True,discovery
XLV,1999-02-22T00:00:00.000Z,18.5551418649,0.0438695163113787,79.0195404346,69.7043801094455,True,discovery
XLV,1999-02-23T00:00:00.000Z,18.5284821783,0.0338415767963538,78.9808243443,69.76398515947551,True,discovery
XLV,1999-02-24T00:00:00.000Z,18.308539764,0.0166543301309169,77.5870450911,69.8111590025745,True,discovery
XLV,1999-02-25T00:00:00.000Z,18.1285868795,0.0168224299060073,76.8514393742,69.85580474301351,True,discovery
XLV,1999-02-26T00:00:00.000Z,18.1819062527,0.0011009174344638,76.5417106513,69.895260407743,True,discovery
XLV,1999-03-01T00:00:00.000Z,18.1485816444,-0.0007339449544738,76.754616317,69.9349183188805,True,discovery
XLV,1999-03-02T00:00:00.000Z,18.1419167228,-0.0069317767243306,76.0771175669,69.97291362515449,True,discovery
XLV,1999-03-03T00:00:00.000Z,18.0286130548,0.0018518518499377,76.4836036845,70.0148579052245,True,discovery
XLV,1999-03-04T00:00:00.000Z,18.3485292938,0.0003633720904676,77.4515059436,70.0629832768355,True,discovery
XLV,1999-03-05T00:00:00.000Z,18.7684193576,0.0311241303560663,79.0098143333,70.11660033854551,True,discovery
XLV,1999-03-08T00:00:00.000Z,18.7884141225,0.0440740740696408,79.5228496094,70.16952445318249,True,discovery
XLV,1999-03-09T00:00:00.000Z,18.6417858463,0.0366938472919691,79.3292691575,70.223684527726,True,discovery
XLV,1999-03-10T00:00:00.000Z,18.8084088875,0.0649056603795505,80.0261587841,70.282670630648,True,discovery
XLV,1999-03-11T00:00:00.000Z,18.9350423988,0.0696536144594202,80.9166288625,70.3515713946275,True,discovery
XLV,1999-03-12T00:00:00.000Z,18.8284036524,0.0355571847481062,80.1423070552,70.4161212512455,True,discovery
XLV,1999-03-15T00:00:00.000Z,18.8883879472,0.054315476188034,81.2844032259,70.484848354151,True,discovery
XLV,1999-03-16T00:00:00.000Z,18.8483984174,0.0423884998161547,80.974674503,70.5553809265785,True,discovery
XLV,1999-03-17T00:00:00.000Z,18.7484245927,0.0480625931475637,80.6262296897,70.622638040373,True,discovery
XLV,1999-03-18T00:00:00.000Z,19.0083565369,0.0489150422987259,81.923247212,70.69609259777499,True,discovery
XLV,1999-03-19T00:00:00.000Z,18.9217125555,0.0410707737468556,80.5340228295,70.76796735424651,True,discovery
XLV,1999-03-22T00:00:00.000Z,18.8683931823,0.0168821839078774,80.6892691385,70.834485403998,True,discovery
XLV,1999-03-23T00:00:00.000Z,18.3485292938,-0.0097122302176891,78.3605745025,70.88284373366301,True,discovery
XLV,1999-03-24T00:00:00.000Z,18.4351732752,0.0069166363255797,78.8068747288,70.93381687310101,True,discovery
XLV,1999-03-25T00:00:00.000Z,18.7484245927,0.0341911764728293,80.4175880977,70.991789643142,True,discovery
XLV,1999-03-26T00:00:00.000Z,18.6017963164,0.0230938416392751,79.8354144386,71.0490554070535,True,discovery
XLV,1999-03-29T00:00:00.000Z,18.8284036524,0.0374586852747123,81.4460663299,71.1207950126905,True,discovery
XLV,1999-03-30T00:00:00.000Z,18.7684193576,0.0345334313001577,81.01913898,71.1872375227625,True,discovery
XLV,1999-03-31T00:00:00.000Z,18.6617806112,0.035120147871354,79.7189797068,71.256091324908,True,discovery
XLV,1999-04-01T00:00:00.000Z,18.6617806112,0.0170722847801132,80.3205305892,71.3228738794415,True,discovery
XLV,1999-04-05T00:00:00.000Z,19.081670675,0.0166903409089245,82.2222978753,71.39217005022,True,discovery
XLV,1999-04-06T00:00:00.000Z,19.1016654399,0.0166725789285677,82.0282399889,71.46202916613251,True,discovery
XLV,1999-04-07T00:00:00.000Z,19.4615712089,0.0439756882392634,82.6880368025,71.5368866634425,True,discovery
XLV,1999-04-08T00:00:00.000Z,19.6615188583,0.0453579021969781,83.7359493887,71.61534961481401,True,discovery
XLV,1999-04-09T00:00:00.000Z,19.7215031531,0.0415346708888193,83.7553837426,71.689872124996,True,discovery
XLV,1999-04-12T00:00:00.000Z,20.2213722766,0.0739823008852078,84.6480500198,71.7642435517535,True,discovery
XLV,1999-04-13T00:00:00.000Z,20.0147597056,0.0596330275272101,84.104687938,71.8364749699535,True,discovery
XLV,1999-04-14T00:00:00.000Z,19.8281418994,0.0519801980148904,82.6880368025,71.900180964805,True,discovery
XLV,1999-04-15T00:00:00.000Z,19.3282727759,0.0309278350473123,82.3775441843,71.96108492226399,True,discovery
XLV,1999-04-16T00:00:00.000Z,19.1416549698,0.0070126227189202,81.6789357935,72.020899015773,True,discovery
XLV,1999-04-19T00:00:00.000Z,18.6217910814,-0.0158506516373868,80.4175880977,72.070368757844,True,discovery
XLV,1999-04-20T00:00:00.000Z,18.9750319286,0.0056517131729072,81.4266891066,72.12421123250901,True,discovery
XLV,1999-04-21T00:00:00.000Z,19.4149167573,0.058118416273305,83.7553837426,72.186140072562,True,discovery
XLV,1999-04-22T00:00:00.000Z,19.8081471345,0.0744757772983344,84.5509925113,72.2527200549945,True,discovery
XLV,1999-04-23T00:00:00.000Z,20.2546968848,0.0803412726574632,84.3375574016,72.31563709050499,True,discovery
XLV,1999-04-26T00:00:00.000Z,20.2213722766,0.0870655678974468,84.8226735522,72.383383210858,True,discovery
XLV,1999-04-27T00:00:00.000Z,20.2480319632,0.0753982300894131,85.2302236788,72.4512444090065,True,discovery
XLV,1999-04-28T00:00:00.000Z,19.7015083882,0.0497159090929071,84.0658763608,72.5131875738805,True,discovery
XLV,1999-04-29T00:00:00.000Z,19.4749010522,0.043571428575899,83.4254567705,72.567891027844,True,discovery
XLV,1999-04-30T00:00:00.000Z,19.3282727759,0.0357142857150512,82.7462827337,72.6198717101595,True,discovery
XLV,1999-05-03T00:00:00.000Z,19.7015083882,0.0324834090136605,84.2599342471,72.676921175353,True,discovery
XLV,1999-05-04T00:00:00.000Z,19.3282727759,0.011863224005937,83.0567753518,72.727474014818,True,discovery
XLV,1999-05-05T00:00:00.000Z,19.4948958171,0.0017123287653548,83.7165721654,72.78132583835101,True,discovery
XLV,1999-05-06T00:00:00.000Z,19.5815397985,-0.0040677966120729,83.2022715717,72.8389509792795,True,discovery
XLV,1999-05-07T00:00:00.000Z,19.514890582,-0.0104765123376268,83.8330068972,72.8997297968355,True,discovery
XLV,1999-05-10T00:00:00.000Z,19.4749010522,-0.0369149637417937,83.415763191,72.9655362853595,True,discovery
XLV,1999-05-11T00:00:00.000Z,19.7881523696,-0.0113220113223041,84.2599342471,73.0358521931325,True,discovery
XLV,1999-05-12T00:00:00.000Z,19.9747701757,0.0073949579866805,84.9197310606,73.106967610284,True,discovery
XLV,1999-05-13T00:00:00.000Z,19.8481366644,0.0268965517264534,85.2884124794,73.185886720326,True,discovery
XLV,1999-05-14T00:00:00.000Z,19.4948958171,0.0184540389980549,83.0761525751,73.255090401833,True,discovery
XLV,1999-05-17T00:00:00.000Z,19.3682623058,0.0400858983508625,83.3284563927,73.3203643857665,True,discovery
XLV,1999-05-18T00:00:00.000Z,19.1616497348,0.0098349139491418,83.1732100836,73.392360562221,True,discovery
XLV,1999-05-19T00:00:00.000Z,19.3882570708,-0.0013731548187025,83.7747609659,73.4688063346725,True,discovery
XLV,1999-05-20T00:00:00.000Z,19.648189015,-0.0080753701198735,83.2702104615,73.5559957971815,True,discovery
XLV,1999-05-21T00:00:00.000Z,19.4349115223,-0.0404738400758396,82.8044715343,73.636338446929,True,discovery
XLV,1999-05-24T00:00:00.000Z,18.9750319286,-0.0616348055390016,81.4266891066,73.708350016867,True,discovery
XLV,1999-05-25T00:00:00.000Z,18.7884141225,-0.0720868992775591,80.1070954795,73.773186816818,True,discovery
XLV,1999-05-26T00:00:00.000Z,18.8084088875,-0.0453315290942348,80.9997617567,73.844409620993,True,discovery
XLV,1999-05-27T00:00:00.000Z,18.6017963164,-0.0448323066422648,79.8354144386,73.91480963795499,True,discovery
XLV,1999-05-28T00:00:00.000Z,18.7350947494,-0.0306896551687546,80.8541990914,73.984727826952,True,discovery
XLV,1999-06-01T00:00:00.000Z,18.7884141225,-0.0463464140769489,80.5728344067,74.05727680548449,True,discovery
XLV,1999-06-02T00:00:00.000Z,18.7217649061,-0.0313793103414932,80.6504575613,74.13405924546501,True,discovery
XLV,1999-06-03T00:00:00.000Z,18.8683931823,-0.032136752136447,81.0967621345,74.2061515860965,True,discovery
XLV,1999-06-04T00:00:00.000Z,19.3282727759,-0.0129339686871509,82.7268483797,74.2802418048735,True,discovery
XLV,1999-06-07T00:00:00.000Z,19.1616497348,-0.0181010928918975,82.94034062,74.35626485067151,True,discovery
XLV,1999-06-08T00:00:00.000Z,19.0083565369,-0.0239561943883303,82.1252974974,74.4302313242935,True,discovery
XLV,1999-06-09T00:00:00.000Z,19.0150214585,-0.0390703940751809,82.0476743429,74.5065014241155,True,discovery
XLV,1999-06-10T00:00:00.000Z,18.8617282606,-0.0557223890592771,81.2908200208,74.5768723122055,True,discovery
XLV,1999-06-11T00:00:00.000Z,18.6417858463,-0.0607790463405933,80.611645984,74.6430782609765,True,discovery
XLV,1999-06-14T00:00:00.000Z,18.7484245927,-0.0382905982880519,80.6892691385,74.7115949983575,True,discovery
XLV,1999-06-15T00:00:00.000Z,18.9550371637,-0.0213351686163532,81.2326312203,74.79859446341601,True,discovery
XLV,1999-06-16T00:00:00.000Z,19.3282727759,0.0086956521701464,82.785094311,74.8945098476305,True,discovery
XLV,1999-06-17T00:00:00.000Z,19.421581679,0.0017188037108393,83.5613258563,75.0169939290555,True,discovery
XLV,1999-06-18T00:00:00.000Z,19.3282727759,-0.0162822252399834,83.6575599384,75.12746180744651,True,discovery
XLV,1999-06-21T00:00:00.000Z,19.2349638729,-0.0102880658432931,83.852202935,75.2411141376265,True,discovery
XLV,1999-06-22T00:00:00.000Z,19.2016392646,0.0119423955044022,83.2682739452,75.35425000086201,True,discovery
XLV,1999-06-23T00:00:00.000Z,19.2482937162,0.024476764813762,82.8594950009,75.4678414440645,True,discovery
XLV,1999-06-24T00:00:00.000Z,18.8883879472,0.0042523033276435,82.2366374117,75.562168147485,True,discovery
XLV,1999-06-25T00:00:00.000Z,18.9150476338,0.0168398423502693,82.0322716082,75.6631637132385,True,discovery
XLV,1999-06-28T00:00:00.000Z,19.1216602049,0.0206332266087085,83.0347023492,75.77532398577749,True,discovery
XLV,1999-06-29T00:00:00.000Z,19.308278011,0.0276693863095893,83.8132743356,75.8815714867765,True,discovery
XLV,1999-06-30T00:00:00.000Z,19.5548801119,0.0444998219974739,85.3314897091,75.990026580698,True,discovery
XLV,1999-07-01T00:00:00.000Z,19.6215293284,0.0399152243025389,85.9737829464,76.0997704679685,True,discovery
XLV,1999-07-02T00:00:00.000Z,19.6215293284,0.015172413795073,86.8302121315,76.210912491908,True,discovery
XLV,1999-07-06T00:00:00.000Z,19.5815397985,0.021913043475449,86.8107764833,76.331186167227,True,discovery
XLV,1999-07-07T00:00:00.000Z,19.7015083882,0.0364656381499588,86.9275622812,76.4506525962245,True,discovery
XLV,1999-07-08T00:00:00.000Z,19.6615188583,0.0339992989863813,86.9956399929,76.5706523562635,True,discovery
XLV,1999-07-09T00:00:00.000Z,19.7481628397,0.0469964664347148,87.511491271,76.69062648555699,True,discovery
XLV,1999-07-12T00:00:00.000Z,19.7881523696,0.0614944583502727,87.1222052778,76.7959199810045,True,discovery
XLV,1999-07-13T00:00:00.000Z,19.7481628397,0.0533238535353666,86.8107764833,76.907759916767,True,discovery
XLV,1999-07-14T00:00:00.000Z,19.7881523696,0.0439521800303015,87.2973553233,77.0224186316955,True,discovery
XLV,1999-07-15T00:00:00.000Z,19.8814612726,0.0286206896557128,87.8520691779,77.1369567786515,True,discovery
XLV,1999-07-16T00:00:00.000Z,19.8881261943,0.0240219629385005,88.3289918567,77.2546513089335,True,discovery
XLV,1999-07-19T00:00:00.000Z,19.8081471345,0.0248275862082381,87.7450628669,77.37926626090099,True,discovery
XLV,1999-07-20T00:00:00.000Z,19.7215031531,0.0252945252933634,85.9445678112,77.503947034292,True,discovery
XLV,1999-07-21T00:00:00.000Z,19.6815136232,0.0249913224588429,85.8472743415,77.6222567582175,True,discovery
XLV,1999-07-22T00:00:00.000Z,19.3682623058,0.0062326869783282,84.7183449612,77.7411923023245,True,discovery
XLV,1999-07-23T00:00:00.000Z,19.2016392646,0.0165843330979675,84.5529177227,77.85959028757901,True,discovery
XLV,1999-07-26T00:00:00.000Z,19.2216340296,0.0162085976062862,83.9300601336,77.97940796962399,True,discovery
XLV,1999-07-27T00:00:00.000Z,19.5815397985,0.0240501917026092,84.6307749214,78.10436940032899,True,discovery
XLV,1999-07-28T00:00:00.000Z,19.4349115223,0.0065585088026935,84.9032751166,78.224712115036,True,discovery
XLV,1999-07-29T00:00:00.000Z,19.1016654399,-0.0231765507845891,83.7159241859,78.33468039798,True,discovery
XLV,1999-07-30T00:00:00.000Z,18.9750319286,-0.0329483695679249,82.6843449554,78.440551804813,True,discovery
XLV,1999-08-02T00:00:00.000Z,18.8483984174,-0.0394021739111324,82.878987952,78.5445022893835,True,discovery
XLV,1999-08-03T00:00:00.000Z,18.7684193576,-0.0415248468336636,82.4897019588,78.62981698282151,True,discovery
XLV,1999-08-04T00:00:00.000Z,18.4951575701,-0.0612313937760485,81.3607725785,78.709390394501,True,discovery
XLV,1999-08-05T00:00:00.000Z,18.4418381969,-0.062033898306138,82.1004159656,78.791504368218,True,discovery
XLV,1999-08-06T00:00:00.000Z,18.2485554691,-0.0759365507957691,81.2050581812,78.8672121281825,True,discovery
XLV,1999-08-09T00:00:00.000Z,18.2685502341,-0.076793533176676,81.0298508328,78.94320150630351,True,discovery
XLV,1999-08-10T00:00:00.000Z,17.9019795435,-0.093486331421604,80.1344930485,79.009794225801,True,discovery
XLV,1999-08-11T00:00:00.000Z,18.081932428,-0.0862243179520498,81.1077080315,79.08549775483999,True,discovery
XLV,1999-08-12T00:00:00.000Z,18.081932428,-0.0905129064672954,81.0590566252,79.1585460821945,True,discovery
XLV,1999-08-13T00:00:00.000Z,18.3885188237,-0.0754021447746943,82.9373521995,79.2429153122505,True,discovery
XLV,1999-08-16T00:00:00.000Z,18.3885188237,-0.0716689098258677,83.3072025445,79.32971262148101,True,discovery
XLV,1999-08-17T00:00:00.000Z,18.6217910814,-0.0557620817826522,83.852202935,79.4112279832335,True,discovery
XLV,1999-08-18T00:00:00.000Z,18.7484245927,-0.0474094141519736,83.2487809941,79.4878931180775,True,discovery
XLV,1999-08-19T00:00:00.000Z,18.5818015515,-0.0406056434946404,82.5675591574,79.555363869247,True,discovery
XLV,1999-08-20T00:00:00.000Z,18.6217910814,-0.0301978479654601,83.4044953913,79.6295275538655,True,discovery
XLV,1999-08-23T00:00:00.000Z,18.7950790442,-0.022191400832163,85.0005679634,79.708005694167,True,discovery
XLV,1999-08-24T00:00:00.000Z,18.5351471,-0.0534377127267671,85.311996758,79.78331405122249,True,discovery
XLV,1999-08-25T00:00:00.000Z,18.9150476338,-0.0267489711956494,86.1879188942,79.861940671687,True,discovery
XLV,1999-08-26T00:00:00.000Z,18.7684193576,-0.0174459176530182,85.1562823607,79.9379173617635,True,discovery
XLV,1999-08-27T00:00:00.000Z,18.628456003,-0.0182648401807232,84.1247031302,80.0097008681025,True,discovery
XLV,1999-08-30T00:00:00.000Z,18.1819062527,-0.0353606789256281,82.5675591574,80.076013964374,True,discovery
XLV,1999-08-31T00:00:00.000Z,18.1219219578,-0.0344460227301031,82.2561303628,80.1411558016385,True,discovery
XLV,1999-09-01T00:00:00.000Z,18.1419167228,-0.0190990990999213,83.2682739452,80.2079820269775,True,discovery
XLV,1999-09-02T00:00:00.000Z,17.9552989167,-0.0263823635694725,82.2852794752,80.26728839283,True,discovery
XLV,1999-09-03T00:00:00.000Z,18.5284821783,0.0153396639900618,84.6891391689,80.338614057151,True,discovery
XLV,1999-09-07T00:00:00.000Z,18.7484245927,0.0262677854810979,84.3777103743,80.406260210186,True,discovery
XLV,1999-09-08T00:00:00.000Z,18.6617806112,0.0424422933706163,83.9689887329,80.4687756752855,True,discovery
XLV,1999-09-09T00:00:00.000Z,18.5351471,0.0250645042395023,83.9300601336,80.528395302626,True,discovery
XLV,1999-09-10T00:00:00.000Z,18.6417858463,0.0309620346458692,84.6307749214,80.5830290346525,True,discovery
XLV,1999-09-13T00:00:00.000Z,18.6084612381,0.0119608553852921,84.0565587728,80.6371069957325,True,discovery
XLV,1999-09-14T00:00:00.000Z,18.421843432,0.0018122508190843,83.5018455411,80.688411390654,True,discovery
XLV,1999-09-15T00:00:00.000Z,18.2485554691,-0.0200429491808014,82.1782731642,80.7303967289285,True,discovery
XLV,1999-09-16T00:00:00.000Z,18.2552203908,-0.0263064344132699,82.4994148,80.7844066694655,True,discovery
XLV,1999-09-17T00:00:00.000Z,18.7750842792,0.0104017216610732,83.5390413506,80.8389841231625,True,discovery
XLV,1999-09-20T00:00:00.000Z,18.5484769432,-0.0039370078785401,83.421930545,80.89403737010349,True,discovery
XLV,1999-09-21T00:00:00.000Z,18.2152308609,-0.0308510638309306,81.6652684605,80.946288523596,True,discovery
XLV,1999-09-22T00:00:00.000Z,18.175241331,-0.0194174757318219,81.5773878873,80.9887424001805,True,discovery
XLV,1999-09-23T00:00:00.000Z,17.9752936816,-0.049682875263857,79.8695694408,81.02092070218501,True,discovery
XLV,1999-09-24T00:00:00.000Z,17.6953669724,-0.057173295457376,79.7914955704,81.05434880955849,True,discovery
XLV,1999-09-27T00:00:00.000Z,17.8286654054,-0.0429338103743648,80.3184654645,81.089736304097,True,discovery
XLV,1999-09-28T00:00:00.000Z,17.6620423642,-0.0285923753689357,80.1623177237,81.129697284838,True,discovery
XLV,1999-09-29T00:00:00.000Z,17.7153617374,-0.0224347186433507,79.2059415422,81.1641527793575,True,discovery
XLV,1999-09-30T00:00:00.000Z,17.8686549353,-0.0150624540766729,80.4160865337,81.215077892918,True,discovery
XLV,1999-10-01T00:00:00.000Z,17.8086706404,-0.0081662954752383,80.2403915941,81.25605623507799,True,discovery
XLV,1999-10-04T00:00:00.000Z,18.081932428,-0.0241007194222842,81.6652684605,81.304641481393,True,discovery
XLV,1999-10-05T00:00:00.000Z,17.8419952487,-0.048346960541577,81.5871945901,81.3470962268735,True,discovery
XLV,1999-10-06T00:00:00.000Z,18.288544999,-0.019999999998714,82.8363765168,81.394249572799,True,discovery
XLV,1999-10-07T00:00:00.000Z,18.1219219578,-0.0222941388040022,82.3679332943,81.433930984795,True,discovery
XLV,1999-10-08T00:00:00.000Z,18.3152046856,-0.0175187701110093,83.617115221,81.4782127084275,True,discovery
XLV,1999-10-11T00:00:00.000Z,18.2685502341,-0.0182664756451782,83.4804572166,81.5139712978955,True,discovery
XLV,1999-10-12T00:00:00.000Z,17.9552989167,-0.0253256150516175,82.1922383546,81.5449340627375,True,discovery
XLV,1999-10-13T00:00:00.000Z,17.5554036179,-0.0379839298718028,80.0647541168,81.56622730865,True,discovery
XLV,1999-10-14T00:00:00.000Z,17.495419323,-0.0416210295758968,80.0452069181,81.581421824562,True,discovery
XLV,1999-10-15T00:00:00.000Z,17.1954978489,-0.0841320553777725,77.9957965507,81.5894665758665,True,discovery
XLV,1999-10-18T00:00:00.000Z,17.1088538675,-0.0776140855180984,78.5617990079,81.600341339457,True,discovery
XLV,1999-10-19T00:00:00.000Z,17.1221837108,-0.0600073179663226,79.3230523478,81.61589364593651,True,discovery
XLV,1999-10-20T00:00:00.000Z,17.5354088529,-0.0352035203520895,80.1037910521,81.630993921615,True,discovery
XLV,1999-10-21T00:00:00.000Z,17.5687334612,-0.0226177233930906,80.5722342746,81.6391445517185,True,discovery
XLV,1999-10-22T00:00:00.000Z,17.7886758755,0.0052730696823377,81.2553519096,81.6526465745155,True,discovery
XLV,1999-10-25T00:00:00.000Z,17.7886758755,-0.002242990655256,80.8454928211,81.66119559509251,True,discovery
XLV,1999-10-26T00:00:00.000Z,17.6620423642,0.0,79.8305325056,81.6684447970585,True,discovery
XLV,1999-10-27T00:00:00.000Z,17.6620423642,-0.0030097817922301,81.2748991084,81.689981354374,True,discovery
XLV,1999-10-28T00:00:00.000Z,18.421843432,0.0309585975387078,84.0465215083,81.72808615001449,True,discovery
XLV,1999-10-29T00:00:00.000Z,18.7750842792,0.0542664670661963,85.5689619815,81.7804818377655,True,discovery
XLV,1999-11-01T00:00:00.000Z,18.7884141225,0.0390711389566975,84.6711124717,81.818612300994,True,discovery
XLV,1999-11-02T00:00:00.000Z,18.5484769432,0.039596563313258,84.0660112447,81.8512007122135,True,discovery
XLV,1999-11-03T00:00:00.000Z,18.628456003,0.0185860058314417,84.6320755365,81.883522157663,True,discovery
XLV,1999-11-04T00:00:00.000Z,18.8417334957,0.0397204854747859,85.2761562363,81.9294207249405,True,discovery
XLV,1999-11-05T00:00:00.000Z,18.7550895143,0.0240174672492659,86.1154790745,81.980386854286,True,discovery
XLV,1999-11-08T00:00:00.000Z,18.7884141225,0.0284567675999611,86.1935529449,82.027871743947,True,discovery
XLV,1999-11-09T00:00:00.000Z,18.6617806112,0.0393466963584165,85.383517177,82.0643375585025,True,discovery
XLV,1999-11-10T00:00:00.000Z,18.7750842792,0.069476081999982,86.0178580053,82.1085243819735,True,discovery
XLV,1999-11-11T00:00:00.000Z,18.9950266936,0.0857142857175519,86.5058484266,82.148666048259,True,discovery
XLV,1999-11-12T00:00:00.000Z,19.3682623058,0.1263565891486526,87.2865871308,82.1897110752185,True,discovery
XLV,1999-11-15T00:00:00.000Z,19.4549062872,0.1371250486952002,87.4915116783,82.23410369033749,True,discovery
XLV,1999-11-16T00:00:00.000Z,19.7015083882,0.1506422732617371,88.2234735759,82.284575706436,True,discovery
XLV,1999-11-17T00:00:00.000Z,19.5082256604,0.112504751046836,88.4576951871,82.332250595484,True,discovery
XLV,1999-11-18T00:00:00.000Z,19.62819425,0.1172230652453265,89.0822861505,82.3889524789735,True,discovery
XLV,1999-11-19T00:00:00.000Z,19.534885347,0.0981641064079996,89.0042122801,82.44971634350298,True,discovery
XLV,1999-11-22T00:00:00.000Z,19.3282727759,0.0865492693877489,88.9846650813,82.509608150231,True,discovery
XLV,1999-11-23T00:00:00.000Z,19.0083565369,0.0762264150961897,88.2039263771,82.57421075770051,True,discovery
XLV,1999-11-24T00:00:00.000Z,19.2749534028,0.0913207547202628,88.6723695996,82.6387356614785,True,discovery
XLV,1999-11-26T00:00:00.000Z,19.1216602049,0.037988422574712,88.3405843815,82.69289051883399,True,discovery
XLV,1999-11-29T00:00:00.000Z,19.0083565369,0.0124245651434133,88.0282888998,82.750129829625,True,discovery
XLV,1999-11-30T00:00:00.000Z,18.9950266936,0.0109968073810216,86.9937813855,82.804519568266,True,discovery
XLV,1999-12-01T00:00:00.000Z,18.9550371637,0.0219187926720336,87.6964462193,82.86280979198,True,discovery
XLV,1999-12-02T00:00:00.000Z,19.1216602049,0.0264758497333634,88.2234735759,82.92073481963,True,discovery
XLV,1999-12-03T00:00:00.000Z,19.4948958171,0.0346657233820371,89.8434776559,82.985114269683,True,discovery
XLV,1999-12-06T00:00:00.000Z,19.6081994851,0.0454868514570157,89.1798497573,83.03591581629651,True,discovery
XLV,1999-12-07T00:00:00.000Z,19.5548801119,0.0407946080176144,88.4576951871,83.0833001705105,True,discovery
XLV,1999-12-08T00:00:00.000Z,19.7481628397,0.0582142857176233,87.8916308954,83.13482309953199,True,discovery
XLV,1999-12-09T00:00:00.000Z,20.0480843138,0.0678026269107241,88.3210371827,83.19217108857451,True,discovery
XLV,1999-12-10T00:00:00.000Z,19.9214508025,0.0487719298237228,88.613842928,83.252531749958,True,discovery
XLV,1999-12-13T00:00:00.000Z,19.7881523696,0.0216792842419457,88.7699906688,83.31260862171699,True,discovery
XLV,1999-12-14T00:00:00.000Z,19.8281418994,0.0191846522769201,87.9111780942,83.37177892435349,True,discovery
XLV,1999-12-15T00:00:00.000Z,19.6615188583,-0.0020297699603525,88.3796213167,83.43125901251449,True,discovery
XLV,1999-12-16T00:00:00.000Z,19.8148120562,0.0157157499168334,88.7699906688,83.4878514361405,True,discovery
XLV,1999-12-17T00:00:00.000Z,20.1613879818,0.0271646859109313,89.3384009242,83.539494369095,True,discovery
XLV,1999-12-20T00:00:00.000Z,20.0921861003,0.0285284885680472,88.6926937983,83.5853435900395,True,discovery
XLV,1999-12-21T00:00:00.000Z,19.9648082105,0.0329328668929838,90.0427772784,83.63891113064399,True,discovery
XLV,1999-12-22T00:00:00.000Z,19.9849205089,0.0513755079301172,90.2775693965,83.69016818370599,True,discovery
XLV,1999-12-23T00:00:00.000Z,20.4072787752,0.0587459460335457,91.7156235351,83.744163157069,True,discovery
XLV,1999-12-27T00:00:00.000Z,20.4072787752,0.0672336270242139,91.5884632545,83.8013939380655,True,discovery
XLV,1999-12-28T00:00:00.000Z,20.447503372,0.0757112711089069,91.5297940261,83.8526208920665,True,discovery
XLV,1999-12-29T00:00:00.000Z,20.4340951731,0.0757602767668059,91.9211142229,83.907353090666,True,discovery
XLV,1999-12-30T00:00:00.000Z,20.5078402672,0.081920340756372,91.8134817593,83.963289351014,True,discovery
XLV,1999-12-31T00:00:00.000Z,20.7089632512,0.0830107338636447,91.9602462426,84.013474346167,True,discovery
XLV,2000-01-03T00:00:00.000Z,20.3134213827,0.041986660163735,91.06020979,84.0661052809695,True,discovery
XLV,2000-01-04T00:00:00.000Z,19.8508385195,0.012374365865891,87.4991959993,84.1001549152735,True,discovery
XLV,2000-01-05T00:00:00.000Z,19.7972057238,0.0123920786276021,87.6557240781,84.1466306631515,True,discovery
XLV,2000-01-06T00:00:00.000Z,19.7368688286,-0.0005719018620454,86.2469713697,84.183831146356,True,discovery
XLV,2000-01-07T00:00:00.000Z,19.9782164094,-0.0034850164886779,91.2558698884,84.23802255530948,True,discovery
XLV,2000-01-10T00:00:00.000Z,22.0162626471,0.1051535786910216,91.5689260458,84.2966901133455,True,discovery
XLV,2000-01-11T00:00:00.000Z,21.4330059936,0.0831231533534653,90.4732294949,84.3418259291705,True,discovery
XLV,2000-01-12T00:00:00.000Z,21.0776887219,0.0630188561711782,89.5731930423,84.38459619948199,True,discovery
XLV,2000-01-13T00:00:00.000Z,21.7078740717,0.1040792030436725,90.7862856523,84.4399327292095,True,discovery
XLV,2000-01-14T00:00:00.000Z,21.5134551872,0.0857259269571775,92.018915471,84.4984246536185,True,discovery
XLV,2000-01-18T00:00:00.000Z,21.1179133187,0.0474434268991534,91.2950019081,84.5437881737825,True,discovery
XLV,2000-01-19T00:00:00.000Z,21.6207207786,0.076076076076021,92.038510282,84.593839525248,True,discovery
XLV,2000-01-20T00:00:00.000Z,21.453118292,0.0745466756208186,90.6297575736,84.63354812910349,True,discovery
XLV,2000-01-21T00:00:00.000Z,21.4128936952,0.0714525327065511,90.4340974752,84.66703886953599,True,discovery
XLV,2000-01-24T00:00:00.000Z,20.7693001464,0.0177398160326964,87.8709213851,84.6876165577485,True,discovery
XLV,2000-01-25T00:00:00.000Z,20.9167903347,0.024967148492095,88.8688166881,84.70872039109,True,discovery
XLV,2000-01-26T00:00:00.000Z,20.8229329422,0.0183606557421627,88.1644403339,84.72901915306952,True,discovery
XLV,2000-01-27T00:00:00.000Z,20.7022591518,0.0131233595825186,87.8122521568,84.754640229841,True,discovery
XLV,2000-01-28T00:00:00.000Z,20.2799008854,-0.0111147433776613,85.0730107793,84.768117562816,True,discovery
XLV,2000-01-31T00:00:00.000Z,20.1860434929,-0.0252508902525431,87.3817999403,84.79663188354999,True,discovery
XLV,2000-02-01T00:00:00.000Z,20.447503372,0.0066006600647881,88.2427043732,84.8357574649275,True,discovery
XLV,2000-02-02T00:00:00.000Z,20.950310832,0.0553866936865139,88.3209684126,84.8702288614575,True,discovery
XLV,2000-02-03T00:00:00.000Z,21.1380256171,0.0677277345099303,89.6514570816,84.8997092281525,True,discovery
XLV,2000-02-04T00:00:00.000Z,21.2117707112,0.0747282608709833,89.2796740935,84.9233526360635,True,discovery
XLV,2000-02-07T00:00:00.000Z,20.8698616384,0.044630872482714,89.1427408258,84.94737855318449,True,discovery
XLV,2000-02-08T00:00:00.000Z,21.0978010203,-0.041717417779851,90.3558334358,84.9750443526025,True,discovery
XLV,2000-02-09T00:00:00.000Z,20.7223714502,-0.0331560838275413,88.4579016803,84.99118274261,True,discovery
XLV,2000-02-10T00:00:00.000Z,20.5413607646,-0.025445292620853,88.63402457,85.014023483656,True,discovery
XLV,2000-02-11T00:00:00.000Z,20.5547689635,-0.0531192093887846,86.8339516648,85.03106595812751,True,discovery
XLV,2000-02-14T00:00:00.000Z,20.1726352939,-0.0623247117505214,87.3426679206,85.054047884062,True,discovery
XLV,2000-02-15T00:00:00.000Z,20.0184410062,-0.0520634920651186,88.330732008,85.07440187286652,True,discovery
XLV,2000-02-16T00:00:00.000Z,19.455296651,-0.1001550387600082,87.0296117632,85.0942660549235,True,discovery
XLV,2000-02-17T00:00:00.000Z,19.4418884521,-0.0937500000011654,86.5795647358,85.1085810177755,True,discovery
XLV,2000-02-18T00:00:00.000Z,18.9055604948,-0.1170945522865999,84.7208226022,85.116173772928,True,discovery
XLV,2000-02-22T00:00:00.000Z,18.7714785055,-0.0961910910246192,84.5055676928,85.119536576906,True,discovery
XLV,2000-02-23T00:00:00.000Z,19.066458882,-0.0884615384622555,85.5034629958,85.12997507593002,True,discovery
XLV,2000-02-24T00:00:00.000Z,18.9189686937,-0.091435930461141,83.78165413,85.12758367534451,True,discovery
XLV,2000-02-25T00:00:00.000Z,18.3290079407,-0.1146373057016656,83.478361568,85.1203768278815,True,discovery
XLV,2000-02-28T00:00:00.000Z,18.6575088146,-0.0799999999984221,85.229538858,85.12008245977451,True,discovery
XLV,2000-02-29T00:00:00.000Z,18.865335898,-0.0654267685177895,86.0513112713,85.1349582532555,True,discovery
XLV,2000-03-01T00:00:00.000Z,19.0262342852,-0.069508196719323,86.6774235861,85.15170308922251,True,discovery
XLV,2000-03-02T00:00:00.000Z,18.9390809921,-0.0960000000013364,86.7360928145,85.16951750287699,True,discovery
XLV,2000-03-03T00:00:00.000Z,19.2005408713,-0.0916587377126004,88.3601004323,85.192444200209,True,discovery
XLV,2000-03-06T00:00:00.000Z,18.8251113012,-0.1125158027820761,87.4991959993,85.21358912789799,True,discovery
XLV,2000-03-07T00:00:00.000Z,18.476498129,-0.1146803726286461,85.8066885637,85.228600213045,True,discovery
XLV,2000-03-08T00:00:00.000Z,18.3826407364,-0.1286939942834569,85.6991230942,85.249962382983,True,discovery
XLV,2000-03-09T00:00:00.000Z,18.8117031023,-0.0922031704957957,88.2035723535,85.290444767353,True,discovery
XLV,2000-03-10T00:00:00.000Z,18.6575088146,-0.0917101827667883,87.7339881174,85.32411589915651,True,discovery
XLV,2000-03-13T00:00:00.000Z,18.5234268252,-0.0988258317039292,86.7752248341,85.358814951134,True,discovery
XLV,2000-03-14T00:00:00.000Z,18.5703555215,-0.0794283815206093,85.5425950155,85.38225693075451,True,discovery
XLV,2000-03-15T00:00:00.000Z,18.664212914,-0.0676490288020218,87.538328019,85.417084398816,True,discovery
XLV,2000-03-16T00:00:00.000Z,19.6296032372,0.0089593383913291,91.6275952742,85.4719700873805,True,discovery
XLV,2000-03-17T00:00:00.000Z,19.6497155356,0.0106896551748063,92.2315551092,85.527644052254,True,discovery
XLV,2000-03-20T00:00:00.000Z,20.0318492051,0.0595744680835983,91.7607857935,85.572813739323,True,discovery
XLV,2000-03-21T00:00:00.000Z,20.1525229955,0.0735714285688982,93.6438630564,85.626331351505,True,discovery
XLV,2000-03-22T00:00:00.000Z,20.6687386544,0.0840365682120793,94.2126804391,85.6867682662135,True,discovery
XLV,2000-03-23T00:00:00.000Z,20.749187848,0.0967399007806097,95.8211422679,85.75563560583849,True,discovery
XLV,2000-03-24T00:00:00.000Z,20.9301985336,0.1419166057058656,96.3900173983,85.831131592726,True,discovery
XLV,2000-03-27T00:00:00.000Z,20.7827083454,0.1139058569886337,95.3700172142,85.904923448877,True,discovery
XLV,2000-03-28T00:00:00.000Z,20.8028206438,0.1027007818082581,94.8207863458,85.9755810349135,True,discovery
XLV,2000-03-29T00:00:00.000Z,20.4877279688,0.0768146582078439,94.9188344127,86.0440120508755,True,discovery
XLV,2000-03-30T00:00:00.000Z,20.1994516918,0.0665486725689454,93.3300168459,86.09673666355,True,discovery
XLV,2000-03-31T00:00:00.000Z,20.561473063,0.0708798882709733,94.3892478064,86.1508762733005,True,discovery
XLV,2000-04-03T00:00:00.000Z,20.5547689635,0.0918803418808866,94.9384786747,86.207280866982,True,discovery
XLV,2000-04-04T00:00:00.000Z,20.3201254822,0.0997822931774239,94.2323247011,86.2591814758125,True,discovery
XLV,2000-04-05T00:00:00.000Z,20.1860434929,0.098103574038143,93.6438630564,86.3110594213685,True,discovery
XLV,2000-04-06T00:00:00.000Z,20.5748812619,0.0937277262995091,94.4578539603,86.3690512161655,True,discovery
XLV,2000-04-07T00:00:00.000Z,20.6285140576,0.1056413941746412,95.0561710037,86.4331488841255,True,discovery
XLV,2000-04-10T00:00:00.000Z,20.4877279688,0.1060441549037614,94.6834497548,86.49640477485849,True,discovery
XLV,2000-04-11T00:00:00.000Z,20.6687386544,0.1129963898898205,94.4088343207,86.553275434716,True,discovery
XLV,2000-04-12T00:00:00.000Z,20.2933090843,0.0872844827588745,91.8196030841,86.5933070784585,True,discovery
XLV,2000-04-13T00:00:00.000Z,19.7770934254,0.0075136611992487,90.5446317278,86.61937278855198,True,discovery
XLV,2000-04-14T00:00:00.000Z,18.5837637204,-0.0542476970350426,85.3661692546,86.616334720093,True,discovery
XLV,2000-04-17T00:00:00.000Z,18.7379580081,-0.0645917001347323,88.3477082543,86.623922200707,True,discovery
XLV,2000-04-18T00:00:00.000Z,19.254173667,-0.0445775116446014,90.681910571,86.64327787114549,True,discovery
XLV,2000-04-19T00:00:00.000Z,19.756981127,-0.0441128770674112,89.8384777542,86.6578324485105,True,discovery
XLV,2000-04-20T00:00:00.000Z,19.8374303206,-0.0439418416797399,90.2700162936,86.67420433001399,True,discovery
XLV,2000-04-24T00:00:00.000Z,19.555858143,-0.0656630365160523,89.2892468858,86.683093108088,True,discovery
XLV,2000-04-25T00:00:00.000Z,20.0519615035,-0.0351612903263275,92.9965263734,86.712464713566,True,discovery
XLV,2000-04-26T00:00:00.000Z,20.259788587,-0.0261037705462237,91.9470842763,86.73814625253101,True,discovery
XLV,2000-04-27T00:00:00.000Z,20.1324106971,-0.0173429319366745,91.6430934645,86.759874943237,True,discovery
XLV,2000-04-28T00:00:00.000Z,20.3201254822,0.0059741121809255,91.0742183342,86.77598568901851,True,discovery
XLV,2000-05-01T00:00:00.000Z,20.3871664768,-0.0084773394233929,92.3100166618,86.79589081304401,True,discovery
XLV,2000-05-02T00:00:00.000Z,19.9782164094,-0.0280495759949336,90.4661701752,86.8094963495855,True,discovery
XLV,2000-05-03T00:00:00.000Z,19.4217761537,-0.0442098317398155,88.3477082543,86.821512051801,True,discovery
XLV,2000-05-04T00:00:00.000Z,19.3614392585,-0.0408502158776205,89.0146314516,86.8373488373515,True,discovery
XLV,2000-05-05T00:00:00.000Z,19.3346228606,-0.0602802215727328,90.0934489264,86.8642243571775,True,discovery
XLV,2000-05-08T00:00:00.000Z,19.3815515569,-0.0604484887868398,89.4167274504,86.888543405816,True,discovery
XLV,2000-05-09T00:00:00.000Z,19.2407654681,-0.0608638743446298,88.7007852411,86.9123970313535,True,discovery
XLV,2000-05-10T00:00:00.000Z,19.2139490703,-0.0703859876708199,86.7000156492,86.92274323499248,True,discovery
XLV,2000-05-11T00:00:00.000Z,19.1938367719,-0.0541790551670359,88.6811409791,86.941632564305,True,discovery
XLV,2000-05-12T00:00:00.000Z,19.5290417452,-0.0125423728787883,89.6423238726,86.97126456273851,True,discovery
XLV,2000-05-15T00:00:00.000Z,19.8508385195,0.0681818181808397,91.1919106631,87.01380239127701,True,discovery
XLV,2000-05-16T00:00:00.000Z,20.1122983987,0.0733452593930406,92.074632004,87.059780611537,True,discovery
XLV,2000-05-17T00:00:00.000Z,19.8843590169,0.0327298050178119,91.1134491105,87.10289934729549,True,discovery
XLV,2000-05-18T00:00:00.000Z,19.8642467185,0.0054292500868673,89.9954008594,87.14607248869999,True,discovery
XLV,2000-05-19T00:00:00.000Z,19.3346228606,-0.0253464008127032,88.5830929122,87.178485873433,True,discovery
XLV,2000-05-22T00:00:00.000Z,19.1200916777,-0.0222831676377229,87.9161697149,87.2120414311015,True,discovery
XLV,2000-05-23T00:00:00.000Z,18.9591932905,-0.054496823804956,86.6215540966,87.23999994742051,True,discovery
XLV,2000-05-24T00:00:00.000Z,19.0865711804,-0.0579086697554589,88.0338620438,87.27949679239698,True,discovery
XLV,2000-05-25T00:00:00.000Z,18.9390809921,-0.0592740592745753,86.523448282,87.3065754936495,True,discovery
XLV,2000-05-26T00:00:00.000Z,18.7915908039,-0.0752226987790486,86.6215540966,87.3343879810065,True,discovery
XLV,2000-05-30T00:00:00.000Z,19.569266342,-0.0401183821072315,89.4461699911,87.36693206996452,True,discovery
XLV,2000-05-31T00:00:00.000Z,19.7770934254,-0.010067114094598,89.6423238726,87.39860767660501,True,discovery
XLV,2000-06-01T00:00:00.000Z,19.6497155356,0.0117362789116779,91.2115549251,87.43540443655549,True,discovery
XLV,2000-06-02T00:00:00.000Z,20.1324106971,0.0398199445974312,92.8003724919,87.4831623940445,True,discovery
XLV,2000-06-05T00:00:00.000Z,20.0720738019,0.0381414701810798,92.3492474381,87.53207083544801,True,discovery
XLV,2000-06-06T00:00:00.000Z,19.9044713153,0.0269802836405961,91.937295413,87.5747348355565,True,discovery
XLV,2000-06-07T00:00:00.000Z,19.8508385195,0.0317073170717383,92.5747766973,87.612605879226,True,discovery
XLV,2000-06-08T00:00:00.000Z,19.6966442318,0.0251221214199077,92.2119108472,87.64710544967201,True,discovery
XLV,2000-06-09T00:00:00.000Z,19.9849205089,0.0412155082072052,92.0157569656,87.676244640029,True,discovery
XLV,2000-06-12T00:00:00.000Z,19.7972057238,0.0137315482294932,90.9369394909,87.70514792568,True,discovery
XLV,2000-06-13T00:00:00.000Z,19.5290417452,-0.016210739611019,92.6434493866,87.74774165696199,True,discovery
XLV,2000-06-14T00:00:00.000Z,19.8642467185,-0.0123333333308157,92.8003724919,87.79890572363449,True,discovery
XLV,2000-06-15T00:00:00.000Z,20.4273910736,0.0273095077512164,92.9965263734,87.8526077036875,True,discovery
XLV,2000-06-16T00:00:00.000Z,20.1994516918,0.0168747890645064,92.2344500267,87.897438584095,True,discovery
XLV,2000-06-19T00:00:00.000Z,20.3201254822,0.0509708737897471,93.4141704995,87.95308303921651,True,discovery
XLV,2000-06-20T00:00:00.000Z,20.2933090843,0.0613604488083254,93.079945308,87.99503706991202,True,discovery
XLV,2000-06-21T00:00:00.000Z,20.1994516918,0.0654172560138128,93.0406212922,88.0383516245015,True,discovery
XLV,2000-06-22T00:00:00.000Z,20.1525229955,0.0558482613259854,91.6249567248,88.076631464461,True,discovery
XLV,2000-06-23T00:00:00.000Z,19.7770934254,0.0442477876117408,90.8384764096,88.111173545841,True,discovery
XLV,2000-06-26T00:00:00.000Z,19.5893786404,0.0424545130226243,92.0083180605,88.1480612615365,True,discovery
XLV,2000-06-27T00:00:00.000Z,19.5491540436,-0.0010277492292509,91.3299976641,88.184428455993,True,discovery
XLV,2000-06-28T00:00:00.000Z,19.4620007505,-0.0159322033891654,91.5856327091,88.224847391833,True,discovery
XLV,2000-06-29T00:00:00.000Z,19.756981127,0.0054588877485612,90.7205043623,88.2675585478235,True,discovery
XLV,2000-06-30T00:00:00.000Z,19.8173180222,-0.0156510156503706,91.4086456957,88.31210470230201,True,discovery
XLV,2000-07-03T00:00:00.000Z,19.7770934254,-0.0146960587835263,92.6670142,88.357744566549,True,discovery
XLV,2000-07-05T00:00:00.000Z,19.9044713153,0.0,90.9957724726,88.39561377618698,True,discovery
XLV,2000-07-06T00:00:00.000Z,19.8642467185,0.0006754474873604,91.7036047563,88.445805457666,True,discovery
XLV,2000-07-07T00:00:00.000Z,20.0318492051,0.0170183798496401,93.1782264049,88.50380965025401,True,discovery
XLV,2000-07-10T00:00:00.000Z,19.8642467185,-0.0060382422009764,93.0209303419,88.5695664547595,True,discovery
XLV,2000-07-11T00:00:00.000Z,19.6430114361,-0.0077886894671519,93.2175504207,88.636696729011,True,discovery
XLV,2000-07-12T00:00:00.000Z,20.0050328073,0.0243734981117029,93.8271016075,88.704239909726,True,discovery
XLV,2000-07-13T00:00:00.000Z,20.0720738019,0.0104623692176784,94.2399748305,88.77462819526001,True,discovery
XLV,2000-07-14T00:00:00.000Z,20.3871664768,-0.0019691499837188,95.1641181434,88.854419078266,True,discovery
XLV,2000-07-17T00:00:00.000Z,20.1324106971,-0.0033189512132755,95.0068220803,88.927372755999,True,discovery
XLV,2000-07-18T00:00:00.000Z,19.8173180222,-0.0247443088105165,94.2301532643,88.99732156435,True,discovery
XLV,2000-07-19T00:00:00.000Z,19.9446959121,-0.0171787248078583,93.4731854656,89.0563611493755,True,discovery
XLV,2000-07-20T00:00:00.000Z,20.259788587,0.0029870560904627,94.7708779858,89.122279566354,True,discovery
XLV,2000-07-21T00:00:00.000Z,19.756981127,-0.0196274118425927,92.922649245,89.17271092999499,True,discovery
XLV,2000-07-24T00:00:00.000Z,19.569266342,-0.0105084745735734,92.3917460897,89.22282999397201,True,discovery
XLV,2000-07-25T00:00:00.000Z,19.5759704414,-0.0006844627002281,92.6867051504,89.268177943619,True,discovery
XLV,2000-07-26T00:00:00.000Z,19.4217761537,-0.0065157750363986,91.7822527879,89.30968692147549,True,discovery
XLV,2000-07-27T00:00:00.000Z,19.5491540436,0.0044781260784692,91.4676606618,89.35606403301149,True,discovery
XLV,2000-07-28T00:00:00.000Z,19.3346228606,-0.0213776722103966,89.4031208918,89.4027558668865,True,discovery
XLV,2000-07-31T00:00:00.000Z,19.5290417452,-0.0145466847066318,89.9733480628,89.45239657261,True,discovery
XLV,2000-08-01T00:00:00.000Z,19.6966442318,-0.0040677966104299,90.5238842835,89.515037011274,True,discovery
XLV,2000-08-02T00:00:00.000Z,19.7770934254,-0.0063994611000839,90.9760815223,89.577108423846,True,discovery
XLV,2000-08-03T00:00:00.000Z,19.8843590169,0.0010124873439711,91.6052657745,89.6385194909795,True,discovery
XLV,2000-08-04T00:00:00.000Z,20.2933090843,0.0130522088361884,92.096844914,89.698484760289,True,discovery
XLV,2000-08-07T00:00:00.000Z,20.1324106971,0.0134998312495915,93.1979173553,89.76161317569249,True,discovery
XLV,2000-08-08T00:00:00.000Z,20.1994516918,0.0283276450512761,93.5518334971,89.82309558363,True,discovery
XLV,2000-08-09T00:00:00.000Z,20.0050328073,0.0,92.7653531819,89.88269488543399,True,discovery
XLV,2000-08-10T00:00:00.000Z,20.0519615035,-0.0010020040080809,92.3130980582,89.94510771319702,True,discovery
XLV,2000-08-11T00:00:00.000Z,20.1726352939,-0.0105228543232885,92.7456622316,90.002461528813,True,discovery
XLV,2000-08-14T00:00:00.000Z,20.4072787752,0.0136530136522396,93.9253827044,90.05185583479351,True,discovery
XLV,2000-08-15T00:00:00.000Z,20.3000131838,0.0243572395144122,93.8467346729,90.09324469825049,True,discovery
XLV,2000-08-16T00:00:00.000Z,20.2799008854,0.0168067226884436,93.5125094814,90.137451683299,True,discovery
XLV,2000-08-17T00:00:00.000Z,20.1994516918,-0.0029781601590213,94.4956098754,90.18959967645247,True,discovery
XLV,2000-08-18T00:00:00.000Z,20.1994516918,0.0223956566013681,94.1810177493,90.23734438751652,True,discovery
XLV,2000-08-21T00:00:00.000Z,20.259788587,0.0352860568675477,94.6922299542,90.284424756106,True,discovery
XLV,2000-08-22T00:00:00.000Z,20.0050328073,0.021917808222299,94.5349338912,90.3265220301895,True,discovery
XLV,2000-08-23T00:00:00.000Z,20.0318492051,0.0314118053144059,94.9084830985,90.3700966809575,True,discovery
XLV,2000-08-24T00:00:00.000Z,19.9782164094,0.0219478737976626,95.2034421591,90.419196305868,True,discovery
XLV,2000-08-25T00:00:00.000Z,20.3134213827,0.0506241331499974,95.1641181434,90.4649276065585,True,discovery
XLV,2000-08-28T00:00:00.000Z,20.1122983987,0.0298661174014518,95.4885217687,90.509840973269,True,discovery
XLV,2000-08-29T00:00:00.000Z,20.2061557913,0.025867937375718,95.5081554633,90.5509488149315,True,discovery
XLV,2000-08-30T00:00:00.000Z,20.3402377806,0.02847457627301,94.5938909724,90.586460711402,True,discovery
XLV,2000-08-31T00:00:00.000Z,20.2195639902,0.0168577208355122,95.8522594767,90.624604640906,True,discovery
XLV,2000-09-01T00:00:00.000Z,20.1994516918,-0.0046250412936651,95.9505984586,90.6620691572635,True,discovery
XLV,2000-09-05T00:00:00.000Z,19.7972057238,-0.0166500166494359,95.1837512088,90.692576482555,True,discovery
XLV,2000-09-06T00:00:00.000Z,19.7167565302,-0.0238964487237022,94.1023697178,90.71806726974351,True,discovery
XLV,2000-09-07T00:00:00.000Z,19.555858143,-0.0224530831129702,94.9084830985,90.7476863598295,True,discovery
XLV,2000-09-08T00:00:00.000Z,19.569266342,-0.0240722166465234,94.2596657809,90.7779650568485,True,discovery
XLV,2000-09-11T00:00:00.000Z,19.6430114361,-0.0262545696228471,94.1220027832,90.80521322276648,True,discovery
XLV,2000-09-12T00:00:00.000Z,19.6296032372,-0.0381077529525921,93.4338614499,90.83067960810853,True,discovery
XLV,2000-09-13T00:00:00.000Z,19.8374303206,-0.0227873183633769,93.6796170437,90.858936248828,True,discovery
XLV,2000-09-14T00:00:00.000Z,19.6296032372,-0.0320661157011947,94.1515052328,90.8947248680645,True,discovery
XLV,2000-09-15T00:00:00.000Z,19.5491540436,-0.0321938267494651,92.0970456237,90.9167278650865,True,discovery
XLV,2000-09-18T00:00:00.000Z,19.5156335462,-0.0338533023585782,91.2493768462,90.931857381438,True,discovery
XLV,2000-09-19T00:00:00.000Z,19.3882556564,-0.0430178689603519,92.0773040543,90.94302651343,True,discovery
XLV,2000-09-20T00:00:00.000Z,19.0128260863,-0.0495978552276074,91.3972304525,90.954113416906,True,discovery
XLV,2000-09-21T00:00:00.000Z,19.1938367719,-0.0418340026734349,90.0075150509,90.961862516225,True,discovery
XLV,2000-09-22T00:00:00.000Z,19.0262342852,-0.0476510067110936,91.6436278977,90.9806225012365,True,discovery
XLV,2000-09-25T00:00:00.000Z,19.3078064628,-0.0495049504932948,90.9931426796,90.993983028721,True,discovery
XLV,2000-09-26T00:00:00.000Z,19.3078064628,-0.0399999999976133,89.8300730609,91.0000641793855,True,discovery
XLV,2000-09-27T00:00:00.000Z,18.9793055889,-0.0607166556108724,90.3031743227,91.007730097655,True,discovery
XLV,2000-09-28T00:00:00.000Z,19.5357458446,-0.0395517468712829,91.4662439414,91.02550542689102,True,discovery
XLV,2000-09-29T00:00:00.000Z,19.4821130489,-0.0364721485417502,90.5988916281,91.036601778448,True,discovery
XLV,2000-10-02T00:00:00.000Z,19.7368688286,-0.0229007633602147,90.7368504793,91.04643607750052,True,discovery
XLV,2000-10-03T00:00:00.000Z,19.8106139227,0.0006772773434322,89.8892397355,91.049190271557,True,discovery
XLV,2000-10-04T00:00:00.000Z,19.9648082105,0.0125807548477894,90.6383167333,91.058918386232,True,discovery
XLV,2000-10-05T00:00:00.000Z,20.1458188961,0.0301679808058525,90.9537175745,91.0634730877125,True,discovery
XLV,2000-10-06T00:00:00.000Z,19.669827834,0.0051387461462555,88.9824623171,91.0569975523155,True,discovery
XLV,2000-10-09T00:00:00.000Z,19.5491540436,-0.00477815699519,88.3122355296,91.039980612288,True,discovery
XLV,2000-10-10T00:00:00.000Z,19.569266342,-0.0030737704919913,86.8535066392,91.01630582921148,True,discovery
XLV,2000-10-11T00:00:00.000Z,19.0731629815,-0.0385265292302678,86.1241131771,90.98927742496652,True,discovery
XLV,2000-10-12T00:00:00.000Z,18.4362735322,-0.0607923497270961,83.9754739634,90.94954922366898,True,discovery
XLV,2000-10-13T00:00:00.000Z,18.7848867044,-0.039094650208161,86.7746564289,90.924355097017,True,discovery
XLV,2000-10-16T00:00:00.000Z,18.6038760188,-0.0467193404324571,87.1689074803,90.90039840320549,True,discovery
XLV,2000-10-17T00:00:00.000Z,17.6854143919,-0.0878284923965243,85.0005266973,90.870099987742,True,discovery
XLV,2000-10-18T00:00:00.000Z,17.973690669,-0.0546544428788924,84.6851258561,90.856029637026,True,discovery
XLV,2000-10-19T00:00:00.000Z,18.1882218519,-0.0523925951830658,87.878559373,90.8571438135005,True,discovery
XLV,2000-10-20T00:00:00.000Z,18.563651422,-0.0243128964074531,88.253068855,90.867174300927,True,discovery
XLV,2000-10-23T00:00:00.000Z,18.8318154007,-0.0246527777775835,88.6473199065,90.8541315510175,True,discovery
XLV,2000-10-24T00:00:00.000Z,18.8787440969,-0.0222222222253296,88.0559433293,90.83656663743498,True,discovery
XLV,2000-10-25T00:00:00.000Z,18.5435391236,-0.0229600847754334,85.9861543259,90.81413126159,True,discovery
XLV,2000-10-26T00:00:00.000Z,18.8049990028,-0.0374056280017582,86.2227049568,90.79737882116252,True,discovery
XLV,2000-10-27T00:00:00.000Z,18.9726014895,-0.0261527873347787,87.8588178035,90.78274148191848,True,discovery
XLV,2000-10-30T00:00:00.000Z,19.3346228606,-0.0203804347839166,88.6473199065,90.765883504096,True,discovery
XLV,2000-10-31T00:00:00.000Z,19.7770934254,-0.001692047375755,90.175052193,90.7602837555205,True,discovery
XLV,2000-11-01T00:00:00.000Z,19.9111754147,-0.0026863666925581,89.869498166,90.74943869494052,True,discovery
XLV,2000-11-02T00:00:00.000Z,20.0921861003,-0.0026622296207766,90.0173517724,90.74637666593452,True,discovery
XLV,2000-11-03T00:00:00.000Z,20.0184410062,0.0177232447148016,90.0666236918,90.74453929701752,True,discovery
XLV,2000-11-06T00:00:00.000Z,20.1525229955,0.0308641975276433,90.6974253741,90.7586718169625,True,discovery
XLV,2000-11-07T00:00:00.000Z,20.2396762886,0.0342583076382965,90.6777418384,90.767716442714,True,discovery
XLV,2000-11-08T00:00:00.000Z,20.0720738019,0.052372583476002,88.6670614759,90.770229548424,True,discovery
XLV,2000-11-09T00:00:00.000Z,19.1469080756,0.0385454545442078,88.3319190653,90.77282788296648,True,discovery
XLV,2000-11-10T00:00:00.000Z,19.0731629815,0.0153461813018269,86.1832798517,90.7783792283285,True,discovery
XLV,2000-11-13T00:00:00.000Z,18.664212914,0.0032432432434523,85.5130530642,90.769035493948,True,discovery
XLV,2000-11-14T00:00:00.000Z,19.1200916777,0.0811220621698911,87.7602840576,90.76662339237,True,discovery
XLV,2000-11-15T00:00:00.000Z,19.2139490703,0.0690041029491581,88.0362597936,90.765199849275,True,discovery
XLV,2000-11-16T00:00:00.000Z,18.9793055889,0.0434942867665406,86.6563811134,90.750224469434,True,discovery
XLV,2000-11-17T00:00:00.000Z,18.8586317985,0.0158902130725431,86.1931165731,90.734791681832,True,discovery
XLV,2000-11-20T00:00:00.000Z,18.7513662071,-0.0042719829123329,84.9611015921,90.7138834856635,True,discovery
XLV,2000-11-21T00:00:00.000Z,18.3088956423,-0.0301846590893496,85.3947777487,90.689078207228,True,discovery
XLV,2000-11-22T00:00:00.000Z,18.1345890562,-0.022053506866957,83.3545090025,90.663561243839,True,discovery
XLV,2000-11-24T00:00:00.000Z,18.2150382498,-0.0313725490180646,85.0596353381,90.64568929767952,True,discovery
XLV,2000-11-27T00:00:00.000Z,18.3290079407,-0.033922261486185,85.8087123359,90.640563101035,True,discovery
XLV,2000-11-28T00:00:00.000Z,18.1010685589,-0.06380027738807,84.3302999098,90.625501260981,True,discovery
XLV,2000-11-29T00:00:00.000Z,18.1412931557,-0.0827118644036498,84.1725994892,90.604710598387,True,discovery
XLV,2000-11-30T00:00:00.000Z,17.973690669,-0.0973063973043799,83.4432060271,90.5867785697065,True,discovery
XLV,2000-12-01T00:00:00.000Z,18.1010685589,-0.0990990990955569,83.4037809219,90.570899650637,True,discovery
XLV,2000-12-04T00:00:00.000Z,18.1144767578,-0.0951105157394782,84.1134328146,90.567862701699,True,discovery
XLV,2000-12-05T00:00:00.000Z,18.5837637204,-0.0778443113773049,86.8731901749,90.57970081410951,True,discovery
XLV,2000-12-06T00:00:00.000Z,18.7848867044,-0.071878105334096,85.4834646805,90.579600822533,True,discovery
XLV,2000-12-07T00:00:00.000Z,18.4697940295,-0.0798263193038045,84.3105583403,90.5822453435845,True,discovery
XLV,2000-12-08T00:00:00.000Z,18.865335898,-0.0147058823538627,84.507683866,90.58739195507452,True,discovery
XLV,2000-12-11T00:00:00.000Z,19.066458882,-0.0003514938506269,87.4448832164,90.59846867686647,True,discovery
XLV,2000-12-12T00:00:00.000Z,19.1066834788,0.0237068965532483,87.0703157006,90.603563699013,True,discovery
XLV,2000-12-13T00:00:00.000Z,19.2139490703,0.0049088359084317,85.8777157319,90.599565159742,True,discovery
XLV,2000-12-14T00:00:00.000Z,19.0463465836,-0.0087229588298989,84.7836596021,90.58980299368,True,discovery
XLV,2000-12-15T00:00:00.000Z,18.6031922007,-0.0198170257830702,82.874746475,90.56237622389352,True,discovery
XLV,2000-12-18T00:00:00.000Z,18.4956981323,-0.0192449627352535,83.9821164183,90.5447908259885,True,discovery
XLV,2000-12-19T00:00:00.000Z,18.5158532702,-0.0125597748078123,82.2716348368,90.527115557354,True,discovery
XLV,2000-12-20T00:00:00.000Z,17.6760558613,-0.0345646069191589,79.8888316286,90.498064100026,True,discovery
XLV,2000-12-21T00:00:00.000Z,17.8037050675,-0.0182460152625776,80.4425166002,90.4592588212595,True,discovery
XLV,2000-12-22T00:00:00.000Z,18.1060321346,-0.005984402212342,82.8550011197,90.434863886271,True,discovery
XLV,2000-12-26T00:00:00.000Z,18.139624031,-0.0103324691828774,83.744822859,90.41971187639552,True,discovery
XLV,2000-12-27T00:00:00.000Z,18.2000894444,0.005470444199346,84.3578603286,90.413788202961,True,discovery
XLV,2000-12-28T00:00:00.000Z,18.5158532702,0.0206468255203908,84.6148992431,90.39917105908152,True,discovery
XLV,2000-12-29T00:00:00.000Z,18.3075835128,0.0185767547661137,83.0131968259,90.35609906684,True,discovery
XLV,2001-01-02T00:00:00.000Z,17.5618434137,-0.0297896858102817,81.5103376171,90.3024929793795,True,discovery
XLV,2001-01-03T00:00:00.000Z,18.9458295435,0.0458943858448479,85.4256813454,90.270817457139,True,discovery
XLV,2001-01-04T00:00:00.000Z,19.503455023,0.0494889687814112,84.5061207116,90.225128745415,True,discovery
XLV,2001-01-05T00:00:00.000Z,18.9794214398,0.0103559174170815,81.7476311763,90.162803499101,True,discovery
XLV,2001-01-08T00:00:00.000Z,18.7039678897,0.0126787477881982,82.3804140011,90.095599857767,True,discovery
XLV,2001-01-09T00:00:00.000Z,18.9391111642,0.003910625636293,82.1628657971,90.02446409976099,True,discovery
XLV,2001-01-10T00:00:00.000Z,19.0869155082,0.0010729116678982,83.6064307241,89.96564616731051,True,discovery
XLV,2001-01-11T00:00:00.000Z,19.5168917815,0.0214693619201442,83.6855285772,89.9099698784675,True,discovery
XLV,2001-01-12T00:00:00.000Z,19.7789085731,0.0294036119661256,83.527332871,89.853012370759,True,discovery
XLV,2001-01-16T00:00:00.000Z,19.9871783305,0.0493969666450422,84.0612142714,89.80666835788651,True,discovery
XLV,2001-01-17T00:00:00.000Z,20.1349826744,0.0823401950146147,84.446825797,89.7569562478395,True,discovery
XLV,2001-01-18T00:00:00.000Z,20.074517261,0.0853614239055311,85.2872309945,89.7087000094385,True,discovery
XLV,2001-01-19T00:00:00.000Z,19.5773571949,0.0573294629855603,84.802766136,89.661552216613,True,discovery
XLV,2001-01-22T00:00:00.000Z,19.4429896095,0.0999619916379948,85.3663288476,89.62016454556901,True,discovery
XLV,2001-01-23T00:00:00.000Z,19.8931210207,0.1173584905657727,86.0386605989,89.578068578762,True,discovery
XLV,2001-01-24T00:00:00.000Z,19.7050064011,0.0883116883154324,86.2957577295,89.534266512391,True,discovery
XLV,2001-01-25T00:00:00.000Z,19.6714145047,0.0844444444428518,86.0782095254,89.491240311244,True,discovery
XLV,2001-01-26T00:00:00.000Z,19.4698631266,0.069767441862254,85.9793663171,89.449092971226,True,discovery
XLV,2001-01-29T00:00:00.000Z,19.7923453316,0.0689404934664514,86.4381376617,89.422185644114,True,discovery
XLV,2001-01-30T00:00:00.000Z,19.752035056,0.0788990825681659,87.1974751531,89.4054498612405,True,discovery
XLV,2001-01-31T00:00:00.000Z,19.6311042291,0.1178270849280986,86.7039051826,89.41213854088049,True,discovery
XLV,2001-02-01T00:00:00.000Z,19.8931210207,0.0500000000013196,87.2797305925,89.40679865257151,True,discovery
XLV,2001-02-02T00:00:00.000Z,19.6579777462,0.0079228384415876,85.2991266788,89.3798847331105,True,discovery
XLV,2001-02-05T00:00:00.000Z,19.6445409876,0.0350442477875136,85.9255753475,89.360320221077,True,discovery
XLV,2001-02-06T00:00:00.000Z,19.6646961255,0.0513649425333466,85.6724660143,89.33733246968052,True,discovery
XLV,2001-02-07T00:00:00.000Z,19.852810745,0.0482440581756093,85.2295199353,89.31703383492801,True,discovery
XLV,2001-02-08T00:00:00.000Z,19.9737415719,0.046462513197536,84.2360464709,89.2732314354155,True,discovery
XLV,2001-02-09T00:00:00.000Z,19.6512593669,0.0068846815827183,83.4260850879,89.2306264394735,True,discovery
XLV,2001-02-12T00:00:00.000Z,19.8125004694,0.0016983695624988,84.3815934812,89.194318939557,True,discovery
XLV,2001-02-13T00:00:00.000Z,19.8326556072,-0.0077310924406074,83.6918532416,89.157407114094,True,discovery
XLV,2001-02-14T00:00:00.000Z,19.6176674706,-0.0256923590233689,83.565298575,89.11368352366,True,discovery
XLV,2001-02-15T00:00:00.000Z,19.6982880218,-0.0187416332013584,84.3752593251,89.0832289694095,True,discovery
XLV,2001-02-16T00:00:00.000Z,19.6109490913,0.001715854497907,82.5148765547,89.0540648109115,True,discovery
XLV,2001-02-20T00:00:00.000Z,19.5907939535,0.0076019350402667,81.2429862408,89.0152065848575,True,discovery
XLV,2001-02-21T00:00:00.000Z,19.4900182644,-0.020263424521499,79.4901803473,88.96219024196199,True,discovery
XLV,2001-02-22T00:00:00.000Z,19.1205074045,-0.0296624616456542,79.6104059201,88.9131586343105,True,discovery
XLV,2001-02-23T00:00:00.000Z,19.0667603704,-0.0307377049146888,79.0725411518,88.86501741386401,True,discovery
XLV,2001-02-26T00:00:00.000Z,19.1675360594,-0.0155279503114204,80.7557459969,88.8352960656025,True,discovery
XLV,2001-02-27T00:00:00.000Z,19.5101734022,-0.014256619146064,80.0090616308,88.791935668861,True,discovery
XLV,2001-02-28T00:00:00.000Z,19.2548749899,-0.0251700680304828,78.4334292332,88.735891195664,True,discovery
XLV,2001-03-01T00:00:00.000Z,19.1876911972,-0.0225872689954297,78.8447387021,88.674155335859,True,discovery
XLV,2001-03-02T00:00:00.000Z,19.2212830936,-0.0337723741991471,78.2182856039,88.60487360385851,True,discovery
XLV,2001-03-05T00:00:00.000Z,19.1137890253,-0.0276828434707733,78.9333282976,88.54397299979401,True,discovery
XLV,2001-03-06T00:00:00.000Z,19.180972818,-0.0235978112134364,79.7812598139,88.4929022945665,True,discovery
XLV,2001-03-07T00:00:00.000Z,19.2683117485,-0.0201571575004402,80.350764989,88.4517406549505,True,discovery
XLV,2001-03-08T00:00:00.000Z,19.3758058168,-0.0240270727569462,80.4393545845,88.4143565792985,True,discovery
XLV,2001-03-09T00:00:00.000Z,19.207846335,-0.0383451059553858,78.0600898977,88.371549258304,True,discovery
XLV,2001-03-12T00:00:00.000Z,18.2471180993,-0.0714529914538247,74.7189972157,88.30497493416351,True,discovery
XLV,2001-03-13T00:00:00.000Z,18.2538364786,-0.0786707358421177,75.9465927318,88.25209065641249,True,discovery
XLV,2001-03-14T00:00:00.000Z,17.9044807565,-0.0972222222222222,74.446900601,88.19121738893449,True,discovery
XLV,2001-03-15T00:00:00.000Z,18.4352327189,-0.0602739726051557,74.4658828202,88.11631595307999,True,discovery
XLV,2001-03-16T00:00:00.000Z,18.1900857777,-0.0765651432465035,72.9760032526,88.03298434998,True,discovery
XLV,2001-03-19T00:00:00.000Z,18.1900857777,-0.0724525522444162,74.4607746007,87.94923044835801,True,discovery
XLV,2001-03-20T00:00:00.000Z,17.8070658703,-0.0910493003720926,72.4620398887,87.84753878534201,True,discovery
XLV,2001-03-21T00:00:00.000Z,17.3366905454,-0.110483617295178,71.2310766771,87.741947931537,True,discovery
XLV,2001-03-22T00:00:00.000Z,16.953670638,-0.1133252753527889,70.5077259312,87.634800084128,True,discovery
XLV,2001-03-23T00:00:00.000Z,17.3366905454,-0.090737481952405,72.6397089471,87.53512474537702,True,discovery
XLV,2001-03-26T00:00:00.000Z,17.6390746828,-0.0797421938773618,73.5661056945,87.4418957196135,True,discovery
XLV,2001-03-27T00:00:00.000Z,18.1632071877,-0.0690391718583144,75.0699126052,87.3571664978115,True,discovery
XLV,2001-03-28T00:00:00.000Z,17.7869069278,-0.076238773966074,72.9950381808,87.267456991261,True,discovery
XLV,2001-03-29T00:00:00.000Z,18.0086552952,-0.0614475128811773,73.2742277019,87.1706108828375,True,discovery
XLV,2001-03-30T00:00:00.000Z,18.0220945902,-0.0623885771600382,74.0419947606,87.07681899418101,True,discovery
XLV,2001-04-02T00:00:00.000Z,17.8003462228,-0.0687170294053921,72.4620398887,86.9741465617575,True,discovery
XLV,2001-04-03T00:00:00.000Z,17.4038870204,-0.0926483664025805,70.0445247021,86.86319693513451,True,discovery
XLV,2001-04-04T00:00:00.000Z,17.5114013804,-0.0911813339451897,70.3364026948,86.747808096111,True,discovery
XLV,2001-04-05T00:00:00.000Z,17.9481784678,-0.073680927776545,73.0013846373,86.64741529275749,True,discovery
XLV,2001-04-06T00:00:00.000Z,17.8675426978,-0.0697789650033661,71.8909768165,86.541667070379,True,discovery
XLV,2001-04-09T00:00:00.000Z,18.0892910652,-0.0086494225137969,72.6904672749,86.44699462312948,True,discovery
XLV,2001-04-10T00:00:00.000Z,18.4454323826,0.0104961992085674,74.0166140104,86.36288531113351,True,discovery
XLV,2001-04-11T00:00:00.000Z,18.2236840152,0.0178281215211515,74.0673761453,86.2731806015575,True,discovery
XLV,2001-04-12T00:00:00.000Z,18.2102447202,-0.0122042396822764,75.4125527328,86.19359337690099,True,discovery
XLV,2001-04-16T00:00:00.000Z,18.3379180227,0.0081270779482103,74.6194042894,86.10876223480251,True,discovery
XLV,2001-04-17T00:00:00.000Z,18.6537414551,0.0254894717411622,75.6727079603,86.03352325279249,True,discovery
XLV,2001-04-18T00:00:00.000Z,19.3996223274,0.0894339622652931,78.6803255888,85.969881652258,True,discovery
XLV,2001-04-19T00:00:00.000Z,19.4197812699,0.1201550387627303,79.7272828032,85.90518299527399,True,discovery
XLV,2001-04-20T00:00:00.000Z,19.4735384499,0.1486325802656543,78.9975849662,85.84519205774201,True,discovery
XLV,2001-04-23T00:00:00.000Z,19.0233220675,0.0972868217081672,77.5635713114,85.7744918905175,True,discovery
XLV,2001-04-24T00:00:00.000Z,19.0770792475,0.081523809528524,77.1447914713,85.6943247158495,True,discovery
XLV,2001-04-25T00:00:00.000Z,19.2988276149,0.0625231224565359,78.1536737533,85.6199884329065,True,discovery
XLV,2001-04-26T00:00:00.000Z,19.5407349248,0.0986021911577474,78.502660972,85.54641398566301,True,discovery
XLV,2001-04-27T00:00:00.000Z,19.3525847949,0.074626865674874,79.8097683377,85.47632731931398,True,discovery
XLV,2001-04-30T00:00:00.000Z,19.3525847949,0.0738255033587211,80.3681480145,85.406968185234,True,discovery
XLV,2001-05-01T00:00:00.000Z,19.6549689323,0.1041902604750724,80.6156096943,85.3342256429885,True,discovery
XLV,2001-05-02T00:00:00.000Z,19.7154457598,0.1328185328191631,80.4696684772,85.26153987497301,True,discovery
XLV,2001-05-03T00:00:00.000Z,19.3324258524,0.1039907904822639,79.4480926475,85.18762957188899,True,discovery
XLV,2001-05-04T00:00:00.000Z,19.3929026799,0.0804941969287811,80.7996156916,85.124261723019,True,discovery
XLV,2001-05-07T00:00:00.000Z,19.4399402124,0.0880030086506302,80.1016463304,85.05091556474201,True,discovery
XLV,2001-05-08T00:00:00.000Z,19.1173971325,0.0568350668688093,80.0635764741,84.9866202008875,True,discovery
XLV,2001-05-09T00:00:00.000Z,19.2383507874,0.0429872495452035,79.7272828032,84.92329788445498,True,discovery
XLV,2001-05-10T00:00:00.000Z,19.3660240899,0.0626843657817595,79.9620515698,84.859674616552,True,discovery
XLV,2001-05-11T00:00:00.000Z,19.4600991549,0.0686346863484805,79.4100234258,84.7978134697415,True,discovery
XLV,2001-05-14T00:00:00.000Z,19.3727437374,0.0564309270779277,79.5686531145,84.738318432005,True,discovery
XLV,2001-05-15T00:00:00.000Z,19.4600991549,0.0432276657066852,79.9366746267,84.6909862006795,True,discovery
XLV,2001-05-16T00:00:00.000Z,19.9976709547,0.0308278489759727,81.8211915212,84.65022541797151,True,discovery
XLV,2001-05-17T00:00:00.000Z,20.1723817897,0.0387543252593944,81.9480933686,84.60734646339701,True,discovery
XLV,2001-05-18T00:00:00.000Z,20.2261389697,0.03864734299502,82.3224664136,84.5640783878535,True,discovery
XLV,2001-05-21T00:00:00.000Z,20.5352427546,0.0794772165311235,83.5343902555,84.5237240102585,True,discovery
XLV,2001-05-22T00:00:00.000Z,20.5621213446,0.0778443113766806,83.4265233362,84.48037240236948,True,discovery
XLV,2001-05-23T00:00:00.000Z,20.2194193222,0.0477019498629669,82.0115490512,84.42444056084899,True,discovery
XLV,2001-05-24T00:00:00.000Z,20.4680462796,0.0474552957382943,82.2526693506,84.36794474011649,True,discovery
XLV,2001-05-25T00:00:00.000Z,20.3202140346,0.0499999999976745,81.2818562904,84.310527255659,True,discovery
XLV,2001-05-29T00:00:00.000Z,20.1656621422,0.0420138888896262,80.6346446224,84.25213498848,True,discovery
XLV,2001-05-30T00:00:00.000Z,20.0984656672,0.0225641025649843,79.5052018735,84.1859326866895,True,discovery
XLV,2001-05-31T00:00:00.000Z,20.0917460197,0.0190865712337724,79.917635257,84.1158939494525,True,discovery
XLV,2001-06-01T00:00:00.000Z,20.0312691922,0.0361487660749642,80.4125636928,84.048723094552,True,discovery
XLV,2001-06-04T00:00:00.000Z,20.0581477822,0.0343035343022424,80.7996156916,83.98515862560299,True,discovery
XLV,2001-06-05T00:00:00.000Z,20.2462979122,0.0414794331150079,81.7260175151,83.9213106638015,True,discovery
XLV,2001-06-06T00:00:00.000Z,20.0850263722,0.0506151142330464,81.0470824475,83.8556409872925,True,discovery
XLV,2001-06-07T00:00:00.000Z,20.1992603797,0.049947607407665,81.3389604402,83.78887463972251,True,discovery
XLV,2001-06-08T00:00:00.000Z,20.0917460197,0.0374739764048153,80.583881853,83.7191193795315,True,discovery
XLV,2001-06-11T00:00:00.000Z,19.9909513072,0.0272790055217335,80.0128137047,83.6446410325625,True,discovery
XLV,2001-06-12T00:00:00.000Z,19.9439137747,0.0294831772433621,79.8732189442,83.56798991648799,True,discovery
XLV,2001-06-13T00:00:00.000Z,19.8498387098,0.0200276243095023,79.1879424961,83.4881090382515,True,discovery
XLV,2001-06-14T00:00:00.000Z,19.4802580974,-0.0258736559108345,77.4112880793,83.3977228698045,True,discovery
XLV,2001-06-15T00:00:00.000Z,19.4277910897,-0.036911392405838,77.5359316744,83.30786175086,True,discovery
XLV,2001-06-18T00:00:00.000Z,19.132004651,-0.0540950658125646,77.1605037688,83.220694814842,True,discovery
XLV,2001-06-19T00:00:00.000Z,19.1857840035,-0.0657142828661089,77.4977542155,83.12892228853599,True,discovery
XLV,2001-06-20T00:00:00.000Z,19.6025739853,-0.0466657765129858,77.90500017,83.03869429709299,True,discovery
XLV,2001-06-21T00:00:00.000Z,19.8244138144,-0.0195359471756096,78.7894888593,82.9567229853455,True,discovery
XLV,2001-06-22T00:00:00.000Z,19.56896189,-0.0439262437322166,78.1722544725,82.877072409119,True,discovery
XLV,2001-06-25T00:00:00.000Z,19.6160188234,-0.0346549111146633,77.4532116196,82.7897960517245,True,discovery
XLV,2001-06-26T00:00:00.000Z,19.3135099656,-0.0422575847294757,77.3450380166,82.705222912903,True,discovery
XLV,2001-06-27T00:00:00.000Z,19.6294636616,-0.0233352144072069,77.3004954208,82.621115376091,True,discovery
XLV,2001-06-28T00:00:00.000Z,19.7773568809,-0.0156476763389175,77.7268310591,82.542580224137,True,discovery
XLV,2001-06-29T00:00:00.000Z,19.8647483287,-0.0083130460632441,78.013173773,82.4642480077835,True,discovery
XLV,2001-07-02T00:00:00.000Z,20.005919129,-0.0026038622193396,78.9867470177,82.388424216708,True,discovery
XLV,2001-07-03T00:00:00.000Z,20.005919129,-0.0118727277570658,78.9676579701,82.32277727844001,True,discovery
XLV,2001-07-05T00:00:00.000Z,19.7706344619,-0.0156530494147201,77.4277580714,82.25366918456601,True,discovery
XLV,2001-07-06T00:00:00.000Z,19.4009014134,-0.0395241682760989,75.7542310214,82.1720538194015,True,discovery
XLV,2001-07-09T00:00:00.000Z,19.2933427085,-0.0397378759624557,76.1678370222,82.09590685225001,True,discovery
XLV,2001-07-10T00:00:00.000Z,19.2933427085,-0.0348962181929155,75.2515353746,82.02212695386851,True,discovery
XLV,2001-07-11T00:00:00.000Z,19.2798978703,-0.0332941624147182,75.3278909287,81.9405482690235,True,discovery
XLV,2001-07-12T00:00:00.000Z,19.4681256041,-0.0192300356330626,77.115961173,81.87116236149049,True,discovery
XLV,2001-07-13T00:00:00.000Z,19.6025739853,0.0062789664946136,77.7840975657,81.8109324840145,True,discovery
XLV,2001-07-16T00:00:00.000Z,19.5084601184,0.004152249132572,76.8105243209,81.7434692340055,True,discovery
XLV,2001-07-17T00:00:00.000Z,19.6429084997,0.0267041461686712,77.5295671738,81.67378585016749,True,discovery
XLV,2001-07-18T00:00:00.000Z,19.4479583469,0.0136650315333566,77.0014230693,81.6057985073735,True,discovery
XLV,2001-07-19T00:00:00.000Z,19.3336772228,-0.0137174211254934,77.6759239627,81.5404938747905,True,discovery
XLV,2001-07-20T00:00:00.000Z,19.3807341563,-0.0223804679550081,77.2114057748,81.477104704987,True,discovery
XLV,2001-07-23T00:00:00.000Z,19.0042786888,-0.0288560632073467,75.6905949236,81.4023660959385,True,discovery
XLV,2001-07-24T00:00:00.000Z,18.916887241,-0.0356408498938635,74.9588275238,81.322391645685,True,discovery
XLV,2001-07-25T00:00:00.000Z,19.024445946,-0.0149669335151851,75.7860439797,81.256409553998,True,discovery
XLV,2001-07-26T00:00:00.000Z,19.5824067281,-0.0023972602772663,76.5814474773,81.1977556137365,True,discovery
XLV,2001-07-27T00:00:00.000Z,19.6092964044,-0.0084976206634723,76.8741559644,81.14785886036249,True,discovery
XLV,2001-07-30T00:00:00.000Z,19.6092964044,-0.0128595600645456,76.8996088763,81.1017363388585,True,discovery
XLV,2001-07-31T00:00:00.000Z,19.4681256041,-0.0268817204264526,77.2177702754,81.06794782041851,True,discovery
XLV,2001-08-01T00:00:00.000Z,19.4479583469,-0.027889784943257,77.7013775109,81.0225814258285,True,discovery
XLV,2001-08-02T00:00:00.000Z,19.6496309187,-0.0061203672261092,78.0195389099,80.9768345829765,True,discovery
XLV,2001-08-03T00:00:00.000Z,19.4882928613,0.0045045045092408,77.5932032715,80.9397979658475,True,discovery
XLV,2001-08-06T00:00:00.000Z,19.3605668991,0.0034843205563535,76.549634519,80.899120509162,True,discovery
XLV,2001-08-07T00:00:00.000Z,19.4143462516,0.0062717770024731,76.8487024162,80.843971224378,True,discovery
XLV,2001-08-08T00:00:00.000Z,19.2798978703,0.0,75.4233406211,80.7798225832085,True,discovery
XLV,2001-08-09T00:00:00.000Z,19.1925064225,-0.0141574585661166,75.6460523278,80.71481624531499,True,discovery
XLV,2001-08-10T00:00:00.000Z,19.2261185178,-0.0192043895756907,75.9069472203,80.65407126477,True,discovery
XLV,2001-08-13T00:00:00.000Z,19.3740117372,-0.0068917987572576,75.9260362679,80.60377067448,True,discovery
XLV,2001-08-14T00:00:00.000Z,19.1252822319,-0.0263518138267508,75.894218219,80.55212824079099,True,discovery
XLV,2001-08-15T00:00:00.000Z,18.8631078885,-0.0300725890074329,75.2388063733,80.48902818364,True,discovery
XLV,2001-08-16T00:00:00.000Z,18.9572217553,-0.0194714881789817,75.4997012658,80.42329009043651,True,discovery
XLV,2001-08-17T00:00:00.000Z,18.7488267644,-0.0326049254276876,74.2906866768,80.3438682628555,True,discovery
XLV,2001-08-20T00:00:00.000Z,18.8899975647,-0.0060134418133612,74.9779165714,80.2694103548825,True,discovery
XLV,2001-08-21T00:00:00.000Z,18.9975562697,0.0042643923216478,73.6989064746,80.1878181283935,True,discovery
XLV,2001-08-22T00:00:00.000Z,18.92360966,-0.0053003533604194,74.4624919233,80.109797469551,True,discovery
XLV,2001-08-23T00:00:00.000Z,19.024445946,-0.0284929625784632,74.1952369845,80.027286527603,True,discovery
XLV,2001-08-24T00:00:00.000Z,19.3672893181,-0.0123414466949307,75.7351375195,79.9525735060085,True,discovery
XLV,2001-08-27T00:00:00.000Z,19.1252822319,-0.0246828933847617,75.2833489692,79.885654943475,True,discovery
XLV,2001-08-28T00:00:00.000Z,18.8563854694,-0.0314226519357964,74.1825130738,79.8149079135175,True,discovery
XLV,2001-08-29T00:00:00.000Z,18.6883249929,-0.0390597995146921,73.5207367275,79.7515951978965,True,discovery
XLV,2001-08-30T00:00:00.000Z,18.3051471063,-0.0684228532313292,72.1080994794,79.6845704299725,True,discovery
XLV,2001-08-31T00:00:00.000Z,18.4799300019,-0.0517419799967401,72.6362486744,79.6089502530565,True,discovery
XLV,2001-09-04T00:00:00.000Z,18.3992609732,-0.049652777778149,72.1717304865,79.529627606521,True,discovery
XLV,2001-09-05T00:00:00.000Z,18.4127058113,-0.0515927977856813,72.3499002337,79.45809520212251,True,discovery
XLV,2001-09-06T00:00:00.000Z,17.8749122863,-0.0728730822876573,70.4854744353,79.3795569914335,True,discovery
XLV,2001-09-07T00:00:00.000Z,17.5253464951,-0.0868651488606789,69.1810152445,79.3006565596955,True,discovery
XLV,2001-09-10T00:00:00.000Z,17.296784247,-0.100349650347457,70.0273258386,79.223819300145,True,discovery
XLV,2001-09-17T00:00:00.000Z,15.8514641486,-0.1818181818191202,66.3684697496,79.13888910388049,True,discovery
XLV,2001-09-18T00:00:00.000Z,15.5624001289,-0.1862917398969044,66.2093890501,79.0446378724405,True,discovery
XLV,2001-09-19T00:00:00.000Z,15.3069482046,-0.1885245901640648,64.8731073561,78.9399598475415,True,discovery
XLV,2001-09-20T00:00:00.000Z,14.7220977462,-0.223404255315838,62.811422763,78.8323654618075,True,discovery
XLV,2001-09-21T00:00:00.000Z,14.7685563843,-0.2122943707420498,62.1362842742,78.7221838857325,True,discovery
XLV,2001-09-24T00:00:00.000Z,15.2258705164,-0.1939718115764718,64.3207617632,78.62657166441299,True,discovery
XLV,2001-09-25T00:00:00.000Z,15.1182671912,-0.2041993729839474,64.9914369849,78.534509944728,True,discovery
XLV,2001-09-26T00:00:00.000Z,15.2594965556,-0.1936265421995604,64.7614912129,78.43775023671951,True,discovery
XLV,2001-09-27T00:00:00.000Z,15.4948788294,-0.1855279847107511,65.323578039,78.33000217604001,True,discovery
XLV,2001-09-28T00:00:00.000Z,15.8042383894,-0.1839726184794531,66.7096393974,78.2361330496245,True,discovery
XLV,2001-10-01T00:00:00.000Z,15.5083292451,-0.1891189339296184,66.6010510019,78.1475855129325,True,discovery
XLV,2001-10-02T00:00:00.000Z,15.7100854798,-0.166855943558525,67.4377989862,78.0622360885335,True,discovery
XLV,2001-10-03T00:00:00.000Z,16.2951785606,-0.1280556943016132,68.5683600034,77.96785347246849,True,discovery
XLV,2001-10-04T00:00:00.000Z,16.2481021059,-0.1123752236709443,68.6258488417,77.875631138174,True,discovery
XLV,2001-10-05T00:00:00.000Z,16.0732467024,-0.130232273566651,68.4917148193,77.788701133611,True,discovery
XLV,2001-10-08T00:00:00.000Z,15.9521929616,-0.1329981685223309,68.0445967274,77.7050058192375,True,discovery
XLV,2001-10-09T00:00:00.000Z,15.8042383894,-0.1416667082303115,67.680516933,77.6290346715275,True,discovery
XLV,2001-10-10T00:00:00.000Z,16.1472239885,-0.0966543650747961,69.1879356679,77.5550637677755,True,discovery
XLV,2001-10-11T00:00:00.000Z,16.5305608345,-0.0567626814612843,70.2610129567,77.495010658375,True,discovery
XLV,2001-10-12T00:00:00.000Z,16.3826062624,-0.0528524823773852,69.941644716,77.445274723812,True,discovery
XLV,2001-10-15T00:00:00.000Z,16.4431331328,0.0373258254665551,69.8138993359,77.39213163749051,True,discovery
XLV,2001-10-16T00:00:00.000Z,16.6045381206,0.0669651199730245,70.2546243144,77.329129753464,True,discovery
XLV,2001-10-17T00:00:00.000Z,16.1068727415,0.0522589170752931,68.7599835028,77.254205556683,True,discovery
XLV,2001-10-18T00:00:00.000Z,15.8513148442,0.0767021872471582,68.6130715571,77.1754816128255,True,discovery
XLV,2001-10-19T00:00:00.000Z,15.7975131816,0.0696721311497887,68.5683600034,77.095248916627,True,discovery
XLV,2001-10-22T00:00:00.000Z,16.241376898,0.0666961130732184,69.9224832602,77.0297953487985,True,discovery
XLV,2001-10-23T00:00:00.000Z,16.3422550154,0.0809608540926207,69.5647927469,76.9700676244475,True,discovery
XLV,2001-10-24T00:00:00.000Z,16.0799719102,0.0537681798092415,69.3795585285,76.889837010363,True,discovery
XLV,2001-10-25T00:00:00.000Z,16.1741248198,0.0438368055586984,70.6250927511,76.8204318705605,True,discovery
XLV,2001-10-26T00:00:00.000Z,16.3153541841,0.0323404255305845,70.4654086307,76.7640207578325,True,discovery
XLV,2001-10-29T00:00:00.000Z,15.898391299,0.0251517779726815,68.6322330128,76.695279852891,True,discovery
XLV,2001-10-30T00:00:00.000Z,15.6764594407,-0.002140410957231,67.8082674229,76.62350686101999,True,discovery
XLV,2001-10-31T00:00:00.000Z,15.8849408833,-0.0251754023912269,67.5783216509,76.543366315654,True,discovery
XLV,2001-11-01T00:00:00.000Z,16.1068727415,-0.0086920529843739,69.3092968768,76.471485157152,True,discovery
XLV,2001-11-02T00:00:00.000Z,16.1943004433,0.0075313807559445,69.7819605956,76.40275829577499,True,discovery
XLV,2001-11-05T00:00:00.000Z,16.4431331328,0.0307757166918547,70.695353764,76.335928993238,True,discovery
XLV,2001-11-06T00:00:00.000Z,16.6448893676,0.0531914893642599,71.7939817896,76.272664773201,True,discovery
XLV,2001-11-07T00:00:00.000Z,16.550736458,0.0249895876707588,71.6981700399,76.204719468428,True,discovery
XLV,2001-11-08T00:00:00.000Z,16.6919658223,0.0097640358010804,71.9217265309,76.1403142704025,True,discovery
XLV,2001-11-09T00:00:00.000Z,16.591087705,0.0127257799681415,71.9983768249,76.073474510289,True,discovery
XLV,2001-11-12T00:00:00.000Z,16.6314389519,0.0114519427398163,71.5576473752,76.0010694441705,True,discovery
XLV,2001-11-13T00:00:00.000Z,17.1156539153,0.0307816929918633,73.1672658634,75.93542698483999,True,discovery
XLV,2001-11-14T00:00:00.000Z,17.3174101501,0.0751565762037098,73.237527515,75.871223574788,True,discovery
XLV,2001-11-15T00:00:00.000Z,17.5191663848,0.1052184980863129,73.3716615374,75.80818505088949,True,discovery
XLV,2001-11-16T00:00:00.000Z,17.5191663848,0.1089825457594981,73.0459046544,75.741223885853,True,discovery
XLV,2001-11-19T00:00:00.000Z,17.821800737,0.0973084886167883,73.9465205383,75.674969112779,True,discovery
XLV,2001-11-20T00:00:00.000Z,17.821800737,0.0905349794263865,73.3269499837,75.6080843367845,True,discovery
XLV,2001-11-21T00:00:00.000Z,17.6469453335,0.0974487662074845,72.8415089804,75.53589322872399,True,discovery
XLV,2001-11-23T00:00:00.000Z,17.7209226196,0.0956340956331958,73.8890361712,75.478842776186,True,discovery
XLV,2001-11-26T00:00:00.000Z,17.9495796857,0.1001648804653363,74.0487202915,75.419458500906,True,discovery
XLV,2001-11-27T00:00:00.000Z,17.8890528152,0.1252115059166527,73.7293520508,75.3597429310885,True,discovery
XLV,2001-11-28T00:00:00.000Z,17.6133192944,0.1235521235535765,72.3943902497,75.2955672826605,True,discovery
XLV,2001-11-29T00:00:00.000Z,17.6536705414,0.1113463166840917,73.3716615374,75.24124535799301,True,discovery
XLV,2001-11-30T00:00:00.000Z,17.7276478274,0.1006263048024218,72.8478976226,75.1883544206665,True,discovery
XLV,2001-12-03T00:00:00.000Z,17.7410982431,0.0955149501650718,72.4135568153,75.128514237337,True,discovery
XLV,2001-12-04T00:00:00.000Z,17.9697553091,0.0928425357850304,73.6399295821,75.0782546190395,True,discovery
XLV,2001-12-05T00:00:00.000Z,18.5951996369,0.1171717171696173,74.9876641967,75.035366447148,True,discovery
XLV,2001-12-06T00:00:00.000Z,18.6624517151,0.1275904104000931,74.9493361754,74.9882368313995,True,discovery
XLV,2001-12-07T00:00:00.000Z,18.5548483899,0.1116035455279473,74.4511229973,74.9479180636125,True,discovery
XLV,2001-12-10T00:00:00.000Z,18.1311602969,0.0928252938736424,73.0586768291,74.906996516554,True,discovery
XLV,2001-12-11T00:00:00.000Z,18.2589392456,0.097856854022488,72.9117706321,74.874104467978,True,discovery
XLV,2001-12-12T00:00:00.000Z,18.1782367517,0.0620825147352468,72.9948044584,74.8410264606695,True,discovery
XLV,2001-12-13T00:00:00.000Z,17.7881746979,0.0271844660211668,71.5768088309,74.803547799065,True,discovery
XLV,2001-12-14T00:00:00.000Z,17.7545486587,0.0134357005767251,72.2602562273,74.761070350217,True,discovery
XLV,2001-12-17T00:00:00.000Z,17.9226788544,0.023032629563362,73.007581743,74.726062950778,True,discovery
XLV,2001-12-18T00:00:00.000Z,18.1849619595,0.0203773584869029,73.4419225504,74.701105417364,True,discovery
XLV,2001-12-19T00:00:00.000Z,18.09080905,0.0150943396220062,73.9592978228,74.6766782129675,True,discovery
XLV,2001-12-20T00:00:00.000Z,17.8688771918,0.0125762195159462,73.2311388728,74.65174247931199,True,discovery
XLV,2001-12-21T00:00:00.000Z,17.8401000275,0.0067252371932478,73.6736331513,74.6254440035805,True,discovery
XLV,2001-12-24T00:00:00.000Z,17.9209464022,-0.0015952063503088,73.5326348244,74.594200878633,True,discovery
XLV,2001-12-26T00:00:00.000Z,18.0556903601,0.0093150569021973,73.9364124908,74.56212911614199,True,discovery
XLV,2001-12-27T00:00:00.000Z,18.257806297,0.03659088851043,74.3850538438,74.5318576124385,True,discovery
XLV,2001-12-28T00:00:00.000Z,18.4397106402,0.0445255901290693,74.3465999878,74.513290162889,True,discovery
XLV,2001-12-31T00:00:00.000Z,18.1567483286,0.0242051571295758,73.2570396693,74.505980375157,True,discovery
XLV,2002-01-02T00:00:00.000Z,18.3117038802,0.0321629264029312,74.0453674331,74.4964742486635,True,discovery
XLV,2002-01-03T00:00:00.000Z,18.3925502549,0.0235281415093,74.884969355,74.4986645924335,True,discovery
XLV,2002-01-04T00:00:00.000Z,18.6081405876,0.0006959296459674,75.3848906345,74.503259631505,True,discovery
XLV,2002-01-07T00:00:00.000Z,18.6283521813,-0.0018271733168055,74.8529266113,74.5126442482985,True,discovery
XLV,2002-01-08T00:00:00.000Z,18.7294101497,0.0094078785302833,74.679875927,74.51373975493,True,discovery
XLV,2002-01-09T00:00:00.000Z,18.6283521813,0.0274219562487132,74.0710048326,74.5217845796495,True,discovery
XLV,2002-01-10T00:00:00.000Z,18.6822497644,0.0231837410216482,74.3978747868,74.537618570198,True,discovery
XLV,2002-01-11T00:00:00.000Z,18.5609802023,0.0210550371759357,73.6672271663,74.5534160763735,True,discovery
XLV,2002-01-14T00:00:00.000Z,18.4262362444,0.0358699842640586,73.2057648702,74.556246355989,True,discovery
XLV,2002-01-15T00:00:00.000Z,18.6553009728,0.0507336081257474,73.801820149,74.5574249282615,True,discovery
XLV,2002-01-16T00:00:00.000Z,18.1971715159,0.0153153813517452,72.3084776777,74.543617753624,True,discovery
XLV,2002-01-17T00:00:00.000Z,18.3117038802,0.0069696005403951,72.8532575165,74.5429088503025,True,discovery
XLV,2002-01-18T00:00:00.000Z,18.1702227244,0.004389724869712,72.5199822182,74.539137622884,True,discovery
XLV,2002-01-22T00:00:00.000Z,18.1230623391,0.0142250206642331,72.0200660661,74.52902797941151,True,discovery
XLV,2002-01-23T00:00:00.000Z,18.0556903601,0.0120845921417298,72.5712563763,74.5295740618495,True,discovery
XLV,2002-01-24T00:00:00.000Z,18.2039087138,0.0157894736834469,72.7955773733,74.5433293252055,True,discovery
XLV,2002-01-25T00:00:00.000Z,18.2241203075,0.0093283582095649,72.7763504453,74.555529063958,True,discovery
XLV,2002-01-28T00:00:00.000Z,18.257806297,0.0,72.9750340427,74.555397310985,True,discovery
XLV,2002-01-29T00:00:00.000Z,17.9142092043,-0.0284983558665159,70.6805428647,74.549345141226,True,discovery
XLV,2002-01-30T00:00:00.000Z,17.8401000275,-0.0174397031544036,71.6996065834,74.5443908377685,True,discovery
XLV,2002-01-31T00:00:00.000Z,18.0220043707,-0.0158204562172527,72.5392085053,74.53700381024301,True,discovery
XLV,2002-02-01T00:00:00.000Z,17.9883183812,-0.0219780219761699,72.1995227355,74.527664543194,True,discovery
XLV,2002-02-04T00:00:00.000Z,17.6447212885,-0.0517740767576744,70.4049470686,74.502626514873,True,discovery
XLV,2002-02-05T00:00:00.000Z,17.739042059,-0.0477396021744065,69.9691221722,74.479375104287,True,discovery
XLV,2002-02-06T00:00:00.000Z,17.6447212885,-0.0579136690654069,69.6678896175,74.449351012573,True,discovery
XLV,2002-02-07T00:00:00.000Z,17.9883183812,-0.0343580470173038,69.232064721,74.402109708234,True,discovery
XLV,2002-02-08T00:00:00.000Z,18.3588642654,-0.0173097728099229,70.5587663385,74.3562671259105,True,discovery
XLV,2002-02-11T00:00:00.000Z,18.5272942128,-0.0018148820338608,71.4240107873,74.318399255016,True,discovery
XLV,2002-02-12T00:00:00.000Z,18.3588642654,-0.0036563071321997,71.1996853039,74.2865798249785,True,discovery
XLV,2002-02-13T00:00:00.000Z,18.6620381707,0.0003611412064499,71.955970324,74.260635719242,True,discovery
XLV,2002-02-14T00:00:00.000Z,18.7159357539,0.0285079600171225,71.8213779822,74.22897424038649,True,discovery
XLV,2002-02-15T00:00:00.000Z,18.4262362444,0.0062545989684683,71.0715034336,74.19181845269449,True,discovery
XLV,2002-02-19T00:00:00.000Z,18.1230623391,-0.0025954764570205,69.70634796,74.141301350806,True,discovery
XLV,2002-02-20T00:00:00.000Z,18.5609802023,0.0241635687725472,70.8792258212,74.09385673983951,True,discovery
XLV,2002-02-21T00:00:00.000Z,18.4262362444,0.0205223880621501,69.4115258768,74.03783632075199,True,discovery
XLV,2002-02-22T00:00:00.000Z,18.5946661918,0.0214655810542365,70.2703547268,73.98683975200001,True,discovery
XLV,2002-02-25T00:00:00.000Z,18.9180516908,0.0380776340142143,71.4304167724,73.94675137262449,True,discovery
XLV,2002-02-26T00:00:00.000Z,18.8641541076,0.0332103321032404,71.283007974,73.8991683340365,True,discovery
XLV,2002-02-27T00:00:00.000Z,18.7967821286,0.0492666415935432,71.5586037701,73.856453121235,True,discovery
XLV,2002-02-28T00:00:00.000Z,18.8506797118,0.0566465256776711,71.2381442873,73.812325960301,True,discovery
XLV,2002-03-01T00:00:00.000Z,19.2077512003,0.0657943925220534,72.8981218441,73.7781801555055,True,discovery
XLV,2002-03-04T00:00:00.000Z,19.4031299392,0.0786516853892609,74.1863702464,73.7493017488885,True,discovery
XLV,2002-03-05T00:00:00.000Z,19.3761811477,0.0981290568941137,73.9492283064,73.7219977732915,True,discovery
XLV,2002-03-06T00:00:00.000Z,19.6456690635,0.1074819597449832,74.8272892118,73.698290953778,True,discovery
XLV,2002-03-07T00:00:00.000Z,19.4974507098,0.1050019091266416,74.6670594705,73.671942877997,True,discovery
XLV,2002-03-08T00:00:00.000Z,19.6995666467,0.0951310861435754,74.9811084817,73.6377424627995,True,discovery
XLV,2002-03-11T00:00:00.000Z,19.6052458761,0.0678899082580499,75.141338223,73.60370868707149,True,discovery
XLV,2002-03-12T00:00:00.000Z,19.5378738972,0.0545454545489874,75.0964738954,73.5675787244805,True,discovery
XLV,2002-03-13T00:00:00.000Z,19.4705019182,0.0605504587173753,74.3722373873,73.5217679601395,True,discovery
XLV,2002-03-14T00:00:00.000Z,19.6052458761,0.050541516246648,74.2696877891,73.475983782404,True,discovery
XLV,2002-03-15T00:00:00.000Z,19.9640218756,0.0666857451377993,74.9753299563,73.4408026869295,True,discovery
XLV,2002-03-18T00:00:00.000Z,20.139263121,0.0929667271101342,74.9881821352,73.40448025085249,True,discovery
XLV,2002-03-19T00:00:00.000Z,20.1190429773,0.1101348437065037,75.4895167378,73.37551855308949,True,discovery
XLV,2002-03-20T00:00:00.000Z,20.1257830252,0.0843060445000687,74.0690675188,73.3426906675715,True,discovery
XLV,2002-03-21T00:00:00.000Z,19.9977221151,0.0852852340465133,74.1012063218,73.31567068981299,True,discovery
XLV,2002-03-22T00:00:00.000Z,19.8898813488,0.0696551980896098,73.9405219483,73.28578512326949,True,discovery
XLV,2002-03-25T00:00:00.000Z,19.5933192412,0.0356943495787354,73.0214073319,73.248829341465,True,discovery
XLV,2002-03-26T00:00:00.000Z,19.4787384269,0.032579479355101,73.445611507,73.212059320542,True,discovery
XLV,2002-03-27T00:00:00.000Z,19.7685604866,0.0516991871987173,73.6384346834,73.17162140638351,True,discovery
XLV,2002-03-28T00:00:00.000Z,19.943801732,0.0579884670957373,73.6062958805,73.1344174735485,True,discovery
XLV,2002-04-01T00:00:00.000Z,19.7618204387,0.0288461274108624,73.6384346834,73.09591484476451,True,discovery
XLV,2002-04-02T00:00:00.000Z,19.6472396244,0.0125809436912973,73.2335113476,73.0591629922375,True,discovery
XLV,2002-04-03T00:00:00.000Z,19.3911178043,0.0007708772170398,72.7193194243,73.0226955208355,True,discovery
XLV,2002-04-04T00:00:00.000Z,19.6674597681,0.0011091861788754,72.4172321594,72.9854155869115,True,discovery
XLV,2002-04-05T00:00:00.000Z,19.9033614446,0.0208186567998851,72.4300894802,72.951626321832,True,discovery
XLV,2002-04-08T00:00:00.000Z,19.9842420193,0.0144508444122393,72.5843451933,72.927491607402,True,discovery
XLV,2002-04-09T00:00:00.000Z,20.0112022109,0.0207065158664949,72.0765819303,72.9001948586815,True,discovery
XLV,2002-04-10T00:00:00.000Z,20.1931835042,0.0335404768424629,72.8928617613,72.878856648644,True,discovery
XLV,2002-04-11T00:00:00.000Z,19.8561811093,0.0198083846384815,71.0803368864,72.8467695619985,True,discovery
XLV,2002-04-12T00:00:00.000Z,19.9235815883,0.0162372721164425,71.6138102919,72.815313612608,True,discovery
XLV,2002-04-15T00:00:00.000Z,19.9101014925,-0.0027008777808393,71.0674847075,72.776703591849,True,discovery
XLV,2002-04-16T00:00:00.000Z,20.0449024504,-0.0046854083008432,72.7578823884,72.7496317314285,True,discovery
XLV,2002-04-17T00:00:00.000Z,20.0920827857,-0.0013400335011173,72.6036266753,72.725383806707,True,discovery
XLV,2002-04-18T00:00:00.000Z,20.3010242706,0.0087073007385887,72.2886865888,72.70010204956799,True,discovery
XLV,2002-04-19T00:00:00.000Z,20.4627854201,0.023255813953372,72.5522063904,72.676360604416,True,discovery
XLV,2002-04-22T00:00:00.000Z,20.3684247496,0.0240596407996607,71.3438618299,72.64444575827001,True,discovery
XLV,2002-04-23T00:00:00.000Z,20.2201436958,0.0319917440676382,71.0353459046,72.609556618928,True,discovery
XLV,2002-04-24T00:00:00.000Z,20.3549446538,0.044982698966272,70.3219117855,72.56623244276699,True,discovery
XLV,2002-04-25T00:00:00.000Z,20.4156050849,0.0327309921599296,70.3604741069,72.523196523451,True,discovery
XLV,2002-04-26T00:00:00.000Z,20.0853427378,0.0070969922235486,69.023578834,72.48117562726401,True,discovery
XLV,2002-04-29T00:00:00.000Z,19.6270194807,-0.0068212824025065,68.6829292476,72.44581911839501,True,discovery
XLV,2002-04-30T00:00:00.000Z,19.8224808698,0.0089193825061493,69.3256667416,72.411608266992,True,discovery
XLV,2002-05-01T00:00:00.000Z,20.1797034084,0.0406673618333199,70.1740795909,72.3862209880735,True,discovery
XLV,2002-05-02T00:00:00.000Z,20.1123029294,0.0226182316651548,69.9041311289,72.3591021890745,True,discovery
XLV,2002-05-03T00:00:00.000Z,19.9842420193,0.0040636640662496,69.145700886,72.3192508876395,True,discovery
XLV,2002-05-06T00:00:00.000Z,19.606799337,-0.0188870151760311,67.789524131,72.269278020466,True,discovery
XLV,2002-05-07T00:00:00.000Z,19.6472396244,-0.0181879420668563,67.5517093301,72.222983945512,True,discovery
XLV,2002-05-08T00:00:00.000Z,20.0853427378,-0.0053404539396955,70.0648155024,72.185660187155,True,discovery
XLV,2002-05-09T00:00:00.000Z,19.8561811093,0.0,69.2549649745,72.146927896681,True,discovery
XLV,2002-05-10T00:00:00.000Z,19.5933192412,-0.016576454671882,67.9502085045,72.09829931939,True,discovery
XLV,2002-05-13T00:00:00.000Z,19.8224808698,-0.0044008124585908,69.332095402,72.05890276752599,True,discovery
XLV,2002-05-14T00:00:00.000Z,20.1797034084,0.0067249495642875,70.8425272274,72.034662429045,True,discovery
XLV,2002-05-15T00:00:00.000Z,20.3549446538,0.0130828581040431,70.566150105,72.012699041951,True,discovery
XLV,2002-05-16T00:00:00.000Z,20.408865037,0.005312084994459,70.9325104765,71.98843137443501,True,discovery
XLV,2002-05-17T00:00:00.000Z,20.4021249891,-0.0029644268732065,71.279589366,71.9619220838785,True,discovery
XLV,2002-05-20T00:00:00.000Z,20.2201436958,-0.0072799470564315,70.5083011596,71.9300928098545,True,discovery
XLV,2002-05-21T00:00:00.000Z,20.0449024504,-0.0086666666684669,69.8655636656,71.894922583801,True,discovery
XLV,2002-05-22T00:00:00.000Z,19.9235815883,-0.0211920529795923,70.0198238778,71.858932851813,True,discovery
XLV,2002-05-23T00:00:00.000Z,20.1055628815,-0.0151865302111138,70.7653967999,71.82425294825799,True,discovery
XLV,2002-05-24T00:00:00.000Z,20.0246823067,-0.0030201342288195,69.8591395043,71.78345095123,True,discovery
XLV,2002-05-28T00:00:00.000Z,20.004462163,0.0192307692296913,69.4799218119,71.742884543932,True,discovery
XLV,2002-05-29T00:00:00.000Z,19.9909820672,0.0085005100273152,68.9657350305,71.70496504648949,True,discovery
XLV,2002-05-30T00:00:00.000Z,19.9505417799,-0.0113560454215898,68.7729118541,71.664586093679,True,discovery
XLV,2002-05-31T00:00:00.000Z,20.0988228336,-0.0006702412870032,68.9143147455,71.632040964301,True,discovery
XLV,2002-06-03T00:00:00.000Z,19.7550803908,-0.0114671163549103,67.0825141732,71.589223273528,True,discovery
XLV,2002-06-04T00:00:00.000Z,19.7079000555,0.0051564111389263,67.2496220652,71.5459366477525,True,discovery
XLV,2002-06-05T00:00:00.000Z,19.876401253,0.0116638078926569,67.8795073802,71.50570400331401,True,discovery
XLV,2002-06-06T00:00:00.000Z,19.606799337,-0.0238255033557079,66.4976204827,71.4587210146325,True,discovery
XLV,2002-06-07T00:00:00.000Z,19.7483403429,-0.0054310930085891,66.4204900552,71.414629433042,True,discovery
XLV,2002-06-10T00:00:00.000Z,19.7887806303,0.009975920194726,66.6775863383,71.37051885840451,True,discovery
XLV,2002-06-11T00:00:00.000Z,19.6404995765,-0.0091805508349487,65.5335142418,71.32673299622951,True,discovery
XLV,2002-06-12T00:00:00.000Z,19.2360967026,-0.0467601870405693,65.9320134162,71.28150348045351,True,discovery
XLV,2002-06-13T00:00:00.000Z,18.8856142119,-0.0721854304637323,65.2699944402,71.2393589202815,True,discovery
XLV,2002-06-14T00:00:00.000Z,18.744073206,-0.0815719947180717,65.1735831733,71.1929143765315,True,discovery
XLV,2002-06-17T00:00:00.000Z,19.2697969421,-0.0555004955417611,66.9218297997,71.1565473406075,True,discovery
XLV,2002-06-18T00:00:00.000Z,19.3574175648,-0.0426666666656381,67.4681553841,71.1152124299305,True,discovery
XLV,2002-06-19T00:00:00.000Z,19.2900170858,-0.0376597175500316,65.8934459529,71.068262914849,True,discovery
XLV,2002-06-20T00:00:00.000Z,18.7777734455,-0.0575101488515934,65.0514611213,71.02260765508649,True,discovery
XLV,2002-06-21T00:00:00.000Z,18.3845186108,-0.0856004022788939,64.0381019062,70.97519448098,True,discovery
XLV,2002-06-24T00:00:00.000Z,18.5260935616,-0.0748370796673559,64.3735175939,70.9365215715525,True,discovery
XLV,2002-06-25T00:00:00.000Z,18.2362019957,-0.0883932871022421,62.9286579051,70.887983617706,True,discovery
XLV,2002-06-26T00:00:00.000Z,18.5395768902,-0.0726029952966332,63.0318638733,70.84228428464002,True,discovery
XLV,2002-06-27T00:00:00.000Z,19.0114933929,-0.0470688163439292,64.1348563322,70.8012090651325,True,discovery
XLV,2002-06-28T00:00:00.000Z,18.6609268481,-0.0715413035581472,63.8316938399,70.7679401621555,True,discovery
XLV,2002-07-01T00:00:00.000Z,17.8788937865,-0.0949723598783098,62.5867951904,70.73496906188501,True,discovery
XLV,2002-07-02T00:00:00.000Z,17.4743939271,-0.1133304980292247,61.258044554,70.69112265546201,True,discovery
XLV,2002-07-03T00:00:00.000Z,17.5013605844,-0.1194904770923523,61.6063588108,70.667312100768,True,discovery
XLV,2002-07-05T00:00:00.000Z,18.0878853806,-0.0774687357325915,64.0574520174,70.6565524156045,True,discovery
XLV,2002-07-08T00:00:00.000Z,17.8654104579,-0.0953462342812497,63.2576220507,70.6484749890775,True,discovery
XLV,2002-07-09T00:00:00.000Z,17.0496690747,-0.1384173995746839,61.6644084994,70.6427399177595,True,discovery
XLV,2002-07-10T00:00:00.000Z,16.2608943488,-0.1720732822775914,59.4197240041,70.62915711640899,True,discovery
XLV,2002-07-11T00:00:00.000Z,16.5710109077,-0.1385460801171675,59.9034929094,70.60707077214,True,discovery
XLV,2002-07-12T00:00:00.000Z,16.7867441661,-0.1111359165897544,59.2455639731,70.578341407081,True,discovery
XLV,2002-07-15T00:00:00.000Z,16.4833692715,-0.1206090004906909,59.5616250345,70.55234207618899,True,discovery
XLV,2002-07-16T00:00:00.000Z,16.368760978,-0.1505483411587962,58.4134814561,70.5177915932745,True,discovery
XLV,2002-07-17T00:00:00.000Z,16.7260691872,-0.1359348874296593,58.5295859933,70.476891326254,True,discovery
XLV,2002-07-18T00:00:00.000Z,15.9372944613,-0.1738060992682087,56.6332151099,70.427052146794,True,discovery
XLV,2002-07-19T00:00:00.000Z,15.2833530219,-0.1860934382738236,54.6400846401,70.36306357506349,True,discovery
XLV,2002-07-22T00:00:00.000Z,15.1552613997,-0.1756508984251005,53.0210700805,70.285327125449,True,discovery
XLV,2002-07-23T00:00:00.000Z,14.8721114981,-0.1972343522583627,51.5697633648,70.2000466980645,True,discovery
XLV,2002-07-24T00:00:00.000Z,15.8361694964,-0.1316081330896594,54.6465361823,70.1308208048795,True,discovery
XLV,2002-07-25T00:00:00.000Z,16.3755026423,-0.1167272727267,54.1821173882,70.0615084081835,True,discovery
XLV,2002-07-26T00:00:00.000Z,16.7395525158,-0.119503546099565,55.2141564294,69.9991766056655,True,discovery
XLV,2002-07-29T00:00:00.000Z,17.4878772557,-0.0628612716800526,57.9039108975,69.9427564818135,True,discovery
XLV,2002-07-30T00:00:00.000Z,17.6159688779,-0.014705882351543,58.6585936148,69.884744385104,True,discovery
XLV,2002-07-31T00:00:00.000Z,18.1215937022,0.0370370370383086,58.8005004504,69.829038663776,True,discovery
XLV,2002-08-01T00:00:00.000Z,17.6159688779,0.0065485362093593,57.2653372326,69.76629585325949,True,discovery
XLV,2002-08-02T00:00:00.000Z,17.4743939271,-0.0339172568042693,55.9817383608,69.6949314234915,True,discovery
XLV,2002-08-05T00:00:00.000Z,16.7260691872,-0.0637735849050246,54.0337596555,69.621300304255,True,discovery
XLV,2002-08-06T00:00:00.000Z,17.1373107109,0.0051403716879203,55.8527300942,69.55749859694049,True,discovery
XLV,2002-08-07T00:00:00.000Z,17.7103521784,0.089137645107876,56.8267194469,69.49879039415801,True,discovery
XLV,2002-08-08T00:00:00.000Z,18.3710352822,0.1086248982953472,58.6650406418,69.442503181066,True,discovery
XLV,2002-08-09T00:00:00.000Z,18.3440686249,0.0927710843383757,58.8843517923,69.38910097629301,True,discovery
XLV,2002-08-12T00:00:00.000Z,18.3710352822,0.1145194274063741,58.4521861936,69.3344641146185,True,discovery
XLV,2002-08-13T00:00:00.000Z,17.9328271011,0.095551894563195,57.387893312,69.268278117423,True,discovery
XLV,2002-08-14T00:00:00.000Z,18.3845186108,0.0991535671076362,59.4842252348,69.2133722004435,True,discovery
XLV,2002-08-15T00:00:00.000Z,18.512610233,0.1615905245368687,60.3098568547,69.17176031965299,True,discovery
XLV,2002-08-16T00:00:00.000Z,18.3642936178,0.2015880017614737,60.1292504418,69.1333652347475,True,discovery
XLV,2002-08-19T00:00:00.000Z,18.6204768621,0.2286476868336029,61.5354060381,69.1031506566835,True,discovery
XLV,2002-08-20T00:00:00.000Z,18.3845186108,0.2361740707194624,60.8839286439,69.06102381551901,True,discovery
XLV,2002-08-21T00:00:00.000Z,18.6946351697,0.1805023414247875,61.7611635705,69.02091983039351,True,discovery
XLV,2002-08-22T00:00:00.000Z,19.2811599659,0.177439275426839,62.361037013,68.9792482466385,True,discovery
XLV,2002-08-23T00:00:00.000Z,18.7822768059,0.1220298026588184,61.0193832924,68.9253752541525,True,discovery
XLV,2002-08-26T00:00:00.000Z,18.9912683999,0.0859676175797714,61.4451025091,68.8741099164985,True,discovery
XLV,2002-08-27T00:00:00.000Z,18.451935254,0.0474550325272631,60.7355760714,68.818179164201,True,discovery
XLV,2002-08-28T00:00:00.000Z,18.3036186389,0.0100446428548888,59.4068202749,68.75522138145101,True,discovery
XLV,2002-08-29T00:00:00.000Z,18.3508102892,0.0417145044018492,59.4326219282,68.69459625421601,True,discovery
XLV,2002-08-30T00:00:00.000Z,18.2968769746,0.0470679012348727,59.2004128537,68.6247619891675,True,discovery
XLV,2002-09-03T00:00:00.000Z,17.535068906,0.048367593709292,56.9428246291,68.543288474738,True,discovery
XLV,2002-09-04T00:00:00.000Z,18.0744020519,0.0546813532653041,57.75555768,68.46520795545099,True,discovery
XLV,2002-09-05T00:00:00.000Z,17.8654104579,0.0087552341104268,57.2653372326,68.386305118342,True,discovery
XLV,2002-09-06T00:00:00.000Z,17.8654104579,-0.0275229357808651,58.0522686302,68.3068338588015,True,discovery
XLV,2002-09-09T00:00:00.000Z,18.0676603876,-0.015067989711116,58.4779878469,68.2325890481175,True,discovery
XLV,2002-09-10T00:00:00.000Z,18.1350770308,-0.012844036701003,59.148809547,68.1641255509505,True,discovery
XLV,2002-09-11T00:00:00.000Z,18.1687853524,0.0131578947351544,58.7811451791,68.08858609599001,True,discovery
XLV,2002-09-12T00:00:00.000Z,17.8249604719,-0.030436376972704,57.6975028313,68.006830008689,True,discovery
XLV,2002-09-13T00:00:00.000Z,17.9597937584,-0.0298616169001693,57.8394090219,67.9273802935445,True,discovery
XLV,2002-09-16T00:00:00.000Z,17.9597937584,-0.0220264317168144,57.9813152124,67.855314918358,True,discovery
XLV,2002-09-17T00:00:00.000Z,17.6901271855,-0.0499637943480183,56.6525652211,67.7717194367765,True,discovery
XLV,2002-09-18T00:00:00.000Z,17.7912521503,-0.0322698936566925,56.0849398138,67.6879046477325,True,discovery
XLV,2002-09-19T00:00:00.000Z,17.1912440255,-0.0804183195100096,54.633633098,67.599005029146,True,discovery
XLV,2002-09-20T00:00:00.000Z,17.3254975288,-0.101428671332986,54.6517589514,67.50406417599251,True,discovery
XLV,2002-09-23T00:00:00.000Z,17.1226228505,-0.0883627673338655,54.2047004255,67.4001493571365,True,discovery
XLV,2002-09-24T00:00:00.000Z,17.109097872,-0.0991071522063219,53.3300092074,67.29205272229649,True,discovery
XLV,2002-09-25T00:00:00.000Z,17.5959970999,-0.0463874462118789,54.6517589514,67.193055902067,True,discovery
XLV,2002-09-26T00:00:00.000Z,17.9070716067,-0.021664952708162,55.5458870178,67.1054919530105,True,discovery
XLV,2002-09-27T00:00:00.000Z,17.2443476575,-0.0602950286261301,53.6150937813,67.0090085687565,True,discovery
XLV,2002-09-30T00:00:00.000Z,17.1631977862,-0.0619602563854907,52.9930945497,66.90900001921301,True,discovery
XLV,2002-10-01T00:00:00.000Z,17.6974344391,0.0092594750536989,55.5394065565,66.828813007841,True,discovery
XLV,2002-10-02T00:00:00.000Z,17.7109594177,-0.0201081415117573,53.8742616936,66.73688303517251,True,discovery
XLV,2002-10-03T00:00:00.000Z,17.6433345249,-0.012430497106312,53.3300092074,66.6384951724945,True,discovery
XLV,2002-10-04T00:00:00.000Z,17.0888104041,-0.043469477268942,52.3516584698,66.5330438520915,True,discovery
XLV,2002-10-07T00:00:00.000Z,17.0482354685,-0.0564226301153878,51.2696339586,66.4195955327705,True,discovery
XLV,2002-10-08T00:00:00.000Z,17.548659675,-0.0323360829845966,52.0730543571,66.313805110192,True,discovery
XLV,2002-10-09T00:00:00.000Z,17.3660724645,-0.0441808779360127,50.6022805691,66.198448347281,True,discovery
XLV,2002-10-10T00:00:00.000Z,17.5824721214,-0.0136038646976114,52.2415087703,66.09199271701051,True,discovery
XLV,2002-10-11T00:00:00.000Z,17.792109289,-0.0093366589647819,54.528658696,65.9949539480365,True,discovery
XLV,2002-10-14T00:00:00.000Z,18.2587210491,0.0166442496345586,54.833174935,65.8971945534925,True,discovery
XLV,2002-10-15T00:00:00.000Z,18.5833205345,0.0504910642887928,57.4701952575,65.812812529841,True,discovery
XLV,2002-10-16T00:00:00.000Z,18.6374204487,0.0475609187735406,56.0771785815,65.726913224402,True,discovery
XLV,2002-10-17T00:00:00.000Z,18.8673450841,0.0974973687834233,57.1915911448,65.64264434296051,True,discovery
XLV,2002-10-18T00:00:00.000Z,18.8741075734,0.0893832943051569,57.4313215609,65.55537610399,True,discovery
XLV,2002-10-21T00:00:00.000Z,18.9349699769,0.105845181677121,58.4226332209,65.470564816922,True,discovery
XLV,2002-10-22T00:00:00.000Z,18.5833205345,0.0861660079058084,58.0014868213,65.38630761797201,True,discovery
XLV,2002-10-23T00:00:00.000Z,18.4615957275,0.0491929285215055,58.4420700693,65.3051185886835,True,discovery
XLV,2002-10-24T00:00:00.000Z,18.15728371,0.0139728096695823,57.2499062252,65.2210130956465,True,discovery
XLV,2002-10-25T00:00:00.000Z,18.4886456846,0.0721568627479407,58.4420700693,65.14123407205899,True,discovery
XLV,2002-10-28T00:00:00.000Z,18.4074958132,0.0724980299417439,58.0598019016,65.0631969457355,True,discovery
XLV,2002-10-29T00:00:00.000Z,18.1775711778,0.0271303018724118,57.3859680509,64.984097961639,True,discovery
XLV,2002-10-30T00:00:00.000Z,18.2992959848,0.0332187857938417,57.9431762763,64.9048047422755,True,discovery
XLV,2002-10-31T00:00:00.000Z,18.1640461993,0.0295132234592685,57.3535702801,64.8300302052875,True,discovery
XLV,2002-11-01T00:00:00.000Z,18.3466334097,0.0736050652945521,58.4874242271,64.7582010388405,True,discovery
XLV,2002-11-04T00:00:00.000Z,18.3736833669,0.0777469258240262,59.0446324525,64.690824290012,True,discovery
XLV,2002-11-05T00:00:00.000Z,18.6036080023,0.0601156069373713,59.5111330101,64.62827962473199,True,discovery
XLV,2002-11-06T00:00:00.000Z,18.9823074018,0.0930685358248926,60.2821556378,64.5668341210395,True,discovery
XLV,2002-11-07T00:00:00.000Z,18.9011575305,0.0749999999997157,58.8049065719,64.4968807670325,True,discovery
XLV,2002-11-08T00:00:00.000Z,18.7794327235,0.0554922082852995,58.0857192112,64.423427610862,True,discovery
XLV,2002-11-11T00:00:00.000Z,18.522458131,0.0144444444488076,57.185115219,64.3444780167435,True,discovery
XLV,2002-11-12T00:00:00.000Z,18.5359831095,-0.0025473071355638,57.6386548541,64.2792685766905,True,discovery
XLV,2002-11-13T00:00:00.000Z,18.3195834526,-0.0170537010191326,57.6969699344,64.2092553934455,True,discovery
XLV,2002-11-14T00:00:00.000Z,18.6103704916,-0.0136200716822928,58.7854697236,64.14048669953699,True,discovery
XLV,2002-11-15T00:00:00.000Z,18.7861952128,-0.0046578287348483,59.2195731582,64.0755869516505,True,discovery
XLV,2002-11-18T00:00:00.000Z,18.6847578736,-0.0132142857160719,58.6234905883,64.016679669249,True,discovery
XLV,2002-11-19T00:00:00.000Z,18.6644704058,0.0043668122254763,58.5457393075,63.9595627549255,True,discovery
XLV,2002-11-20T00:00:00.000Z,18.8335326377,0.0201465201432164,59.8480528511,63.91046357109351,True,discovery
XLV,2002-11-21T00:00:00.000Z,18.9349699769,0.0428305400367619,60.9624647665,63.869115571321,True,discovery
XLV,2002-11-22T00:00:00.000Z,18.7997201913,0.016825164590563,60.5283619797,63.818963549527,True,discovery
XLV,2002-11-25T00:00:00.000Z,18.7456202771,0.0183688464379565,60.5672402118,63.7646796966495,True,discovery
XLV,2002-11-26T00:00:00.000Z,18.4480707489,0.0148809523810506,59.413944881,63.705750994535,True,discovery
XLV,2002-11-27T00:00:00.000Z,18.7997201913,0.0273466371009938,61.085570853,63.65139899718,True,discovery
XLV,2002-11-29T00:00:00.000Z,18.7253328093,0.0309009679804508,60.8911984824,63.59674809968101,True,discovery
XLV,2002-12-02T00:00:00.000Z,18.5562705773,0.0114264651676727,60.988382076,63.546332492893,True,discovery
XLV,2002-12-03T00:00:00.000Z,18.4345457704,0.0033124769968357,60.1720111217,63.49866080870149,True,discovery
XLV,2002-12-04T00:00:00.000Z,18.6036080023,0.0,59.8998822869,63.44376409103,True,discovery
XLV,2002-12-05T00:00:00.000Z,18.4954081738,-0.025650160314748,59.2390093586,63.392901508439,True,discovery
XLV,2002-12-06T00:00:00.000Z,18.5765580452,-0.0171735241493125,59.6277586354,63.339688527982,True,discovery
XLV,2002-12-09T00:00:00.000Z,18.4954081738,-0.0151242347882308,57.9885304342,63.27247909629101,True,discovery
XLV,2002-12-10T00:00:00.000Z,18.5630330666,0.0021905805003328,58.7660283398,63.20989419812,True,discovery
XLV,2002-12-11T00:00:00.000Z,18.5359831095,0.0,58.817862959,63.146190494064506,True,discovery
XLV,2002-12-12T00:00:00.000Z,18.3466334097,0.0014765596155605,58.8113824977,63.0840566851165,True,discovery
XLV,2002-12-13T00:00:00.000Z,18.2451960706,-0.0196220930241463,57.8848611959,63.0089903818755,True,discovery
XLV,2002-12-16T00:00:00.000Z,18.4277832811,-0.0190784737217993,59.3815522935,62.934966292111,True,discovery
XLV,2002-12-17T00:00:00.000Z,18.1843336671,-0.0267824828068581,58.8632164689,62.8595362329235,True,discovery
XLV,2002-12-18T00:00:00.000Z,18.1302337529,-0.0286231884047448,58.1829073403,62.77631432356599,True,discovery
XLV,2002-12-19T00:00:00.000Z,17.9544090317,-0.0466786355439348,57.7682414019,62.691820233223,True,discovery
XLV,2002-12-20T00:00:00.000Z,18.1091415488,-0.0436139285727668,58.5883961888,62.60985667175851,True,discovery
XLV,2002-12-23T00:00:00.000Z,18.2245296321,-0.0305956978799174,58.6079271738,62.52718961651251,True,discovery
XLV,2002-12-24T00:00:00.000Z,18.3263426468,-0.0223666981461369,58.1717212872,62.4425658534715,True,discovery
XLV,2002-12-26T00:00:00.000Z,18.0141160684,-0.0235230386096538,58.1977641196,62.36169348713301,True,discovery
XLV,2002-12-27T00:00:00.000Z,17.7765523674,-0.0544246304460155,56.8891432047,62.274790764211005,True,discovery
XLV,2002-12-30T00:00:00.000Z,17.939453191,-0.0419687930945447,57.3644156186,62.186736192522496,True,discovery
XLV,2002-12-31T00:00:00.000Z,18.0209036027,-0.0288510006560758,57.4425434647,62.09900799917,True,discovery
XLV,2003-01-02T00:00:00.000Z,18.5096060733,0.0040717196851425,59.2915363874,62.018018097418,True,discovery
XLV,2003-01-03T00:00:00.000Z,18.6996570341,0.0051629249438134,59.4738303547,61.9450419115975,True,discovery
XLV,2003-01-06T00:00:00.000Z,18.9032830635,0.0220527649818391,60.5220288051,61.877146024014,True,discovery
XLV,2003-01-07T00:00:00.000Z,18.631781691,0.0029727598441882,60.3722888665,61.809304858605,True,discovery
XLV,2003-01-08T00:00:00.000Z,18.4892434704,-0.0003333099406117,59.4998731871,61.741697187881,True,discovery
XLV,2003-01-09T00:00:00.000Z,18.6792944312,0.0062630586382559,60.424369974,61.676590980216,True,discovery
XLV,2003-01-10T00:00:00.000Z,18.6725068968,0.0073653383526246,60.5871336074,61.61133447483599,True,discovery
XLV,2003-01-13T00:00:00.000Z,18.6860819655,0.0185019533676698,60.5676026224,61.546141008545504,True,discovery
XLV,2003-01-14T00:00:00.000Z,18.6725068968,0.0234204567901883,60.7629209357,61.481763439807,True,discovery
XLV,2003-01-15T00:00:00.000Z,18.4620933331,0.0018618653951281,60.1574402194,61.416383084166,True,discovery
XLV,2003-01-16T00:00:00.000Z,18.4077930586,0.0122885663885663,59.9100362413,61.352336668251,True,discovery
XLV,2003-01-17T00:00:00.000Z,18.39421799,0.0145604431083397,59.0246066328,61.285373540618,True,discovery
XLV,2003-01-21T00:00:00.000Z,18.2584673037,0.0169350197749846,58.106617136,61.21375617889699,True,discovery
XLV,2003-01-22T00:00:00.000Z,18.2109545635,0.0056221889052905,57.4034769374,61.1378518376175,True,discovery
XLV,2003-01-23T00:00:00.000Z,18.265254838,0.0022346368725076,57.7550470367,61.06624416314949,True,discovery
XLV,2003-01-24T00:00:00.000Z,17.8647903135,-0.0251851851837221,56.238088671,60.982970297698,True,discovery
XLV,2003-01-27T00:00:00.000Z,17.4711133233,-0.0301431801059905,55.4698443212,60.904917834872,True,discovery
XLV,2003-01-28T00:00:00.000Z,17.7697648331,-0.0003818251233262,55.8800119327,60.826248843076,True,discovery
XLV,2003-01-29T00:00:00.000Z,17.7697648331,-0.0094589481682265,56.3031980307,60.752427409692,True,discovery
XLV,2003-01-30T00:00:00.000Z,17.6068640096,-0.0229755178890123,54.9685342834,60.663480669167,True,discovery
XLV,2003-01-31T00:00:00.000Z,17.9598157939,-0.0297029702967622,56.0297518713,60.580611295147,True,discovery
XLV,2003-02-03T00:00:00.000Z,17.8851529165,-0.0435571687820102,56.1404343973,60.49987003418951,True,discovery
XLV,2003-02-04T00:00:00.000Z,17.6747393527,-0.0649910233409228,55.5870341373,60.415044172924,True,discovery
XLV,2003-02-05T00:00:00.000Z,17.5457762008,-0.0582877959934766,55.2419758854,60.334534743201495,True,discovery
XLV,2003-02-06T00:00:00.000Z,17.5118385292,-0.0528634361251589,54.9815534209,60.254265780783,True,discovery
XLV,2003-02-07T00:00:00.000Z,17.4779008576,-0.0643168604694892,54.3109679022,60.174211061366506,True,discovery
XLV,2003-02-10T00:00:00.000Z,17.6068640096,-0.0570701563046485,54.6950926813,60.0958841542385,True,discovery
XLV,2003-02-11T00:00:00.000Z,17.4032379802,-0.0686523792236654,54.3174797496,60.0223536588165,True,discovery
XLV,2003-02-12T00:00:00.000Z,17.2063994851,-0.0785169029420069,53.4515759177,59.946196892167,True,discovery
XLV,2003-02-13T00:00:00.000Z,17.0027734557,-0.0790441176452964,53.6143395511,59.8676402562145,True,discovery
XLV,2003-02-14T00:00:00.000Z,17.1860368822,-0.0663716814129005,54.786240316,59.79070105984,True,discovery
XLV,2003-02-18T00:00:00.000Z,17.6068640096,-0.0428044280451632,55.7497977707,59.71992939304901,True,discovery
XLV,2003-02-19T00:00:00.000Z,17.5254135978,-0.0401486988862122,55.4568251837,59.6514850145375,True,discovery
XLV,2003-02-20T00:00:00.000Z,17.3285751027,-0.0484532240044429,54.9034301321,59.58705454454301,True,discovery
XLV,2003-02-21T00:00:00.000Z,17.5050509949,-0.0416202155317555,55.4568251837,59.526580123811,True,discovery
XLV,2003-02-24T00:00:00.000Z,17.2742748282,-0.033054711246947,54.5583718803,59.449047905700496,True,discovery
XLV,2003-02-25T00:00:00.000Z,17.3896629116,-0.0046620046583623,54.9945771158,59.377745966407,True,discovery
XLV,2003-02-26T00:00:00.000Z,17.2946374312,-0.0267379679113689,54.1937780861,59.308963814315,True,discovery
XLV,2003-02-27T00:00:00.000Z,17.5118385292,-0.014514896866815,54.9099367711,59.236853021160506,True,discovery
XLV,2003-02-28T00:00:00.000Z,17.5593512694,-0.0026985350812099,55.2745312163,59.159013041105,True,discovery
XLV,2003-03-03T00:00:00.000Z,17.4711133233,-0.0272108843547262,54.7471731377,59.0799181562685,True,discovery
XLV,2003-03-04T00:00:00.000Z,17.2810623625,-0.033776091086294,53.8747626667,58.9946294172195,True,discovery
XLV,2003-03-05T00:00:00.000Z,17.4439631861,-0.0130568356338871,54.3304988871,58.90988396482499,True,discovery
XLV,2003-03-06T00:00:00.000Z,17.4779008576,-0.003868471957194,53.8747626667,58.8267162723605,True,discovery
XLV,2003-03-07T00:00:00.000Z,17.6475892155,0.0077519379860453,54.2458637509,58.74861777278699,True,discovery
XLV,2003-03-10T00:00:00.000Z,17.3489377057,-0.007378640773324,52.9437546834,58.663237426815,True,discovery
XLV,2003-03-11T00:00:00.000Z,17.118161539,-0.0277563608336804,52.4229091033,58.571524988332,True,discovery
XLV,2003-03-12T00:00:00.000Z,17.1724618135,-0.0132605304232785,52.7744792026,58.4861016868235,True,discovery
XLV,2003-03-13T00:00:00.000Z,17.4168130488,0.012228796842838,54.5974338502,58.411689247015005,True,discovery
XLV,2003-03-14T00:00:00.000Z,17.2742748282,0.0159680638695436,54.7732159701,58.340726651713005,True,discovery
XLV,2003-03-17T00:00:00.000Z,17.7629772988,0.0335703001543974,56.4985117866,58.2793546513755,True,discovery
XLV,2003-03-18T00:00:00.000Z,17.9530282596,0.0196607555900505,56.8305509009,58.2189358321525,True,discovery
XLV,2003-03-19T00:00:00.000Z,18.156654289,0.036018590241958,57.2667561364,58.1698570419685,True,discovery
XLV,2003-03-20T00:00:00.000Z,18.1362916861,0.0466118292250208,57.390458451,58.120561223897504,True,discovery
XLV,2003-03-21T00:00:00.000Z,18.6057854345,0.0628809616104912,58.6107794437,58.07421758421499,True,discovery
XLV,2003-03-24T00:00:00.000Z,18.0817746524,0.0467458016171984,56.6629720143,58.025044341873,True,discovery
XLV,2003-03-25T00:00:00.000Z,18.4424573985,0.060541397050182,57.2054795973,57.9789692895835,True,discovery
XLV,2003-03-26T00:00:00.000Z,18.299545367,0.0581051750750851,56.9178867516,57.93017079165,True,discovery
XLV,2003-03-27T00:00:00.000Z,18.3675987154,0.0488675238052858,56.9636406788,57.887321423835004,True,discovery
XLV,2003-03-28T00:00:00.000Z,18.3948200547,0.0475797068172978,56.676042604,57.841041569774,True,discovery
XLV,2003-03-31T00:00:00.000Z,18.1838546749,0.0407954168924924,55.3883957133,57.7916335761395,True,discovery
XLV,2003-04-01T00:00:00.000Z,18.4356520637,0.0668124260523166,56.2381134652,57.746956227599,True,discovery
XLV,2003-04-02T00:00:00.000Z,18.707865457,0.0724549953136295,57.597660038,57.700335378790506,True,discovery
XLV,2003-04-03T00:00:00.000Z,18.6602281132,0.0676469826229664,57.323132553,57.649610264635,True,discovery
XLV,2003-04-04T00:00:00.000Z,18.7350867964,0.0616230108044926,57.6630214839,57.60845814228999,True,discovery
XLV,2003-04-07T00:00:00.000Z,18.5717587604,0.0704839152369682,57.5519061108,57.570960367237504,True,discovery
XLV,2003-04-08T00:00:00.000Z,18.5921747649,0.0861081502556091,57.6434133116,57.5389869242645,True,discovery
XLV,2003-04-09T00:00:00.000Z,18.3471827109,0.0684072505245871,56.8852034141,57.5015453533655,True,discovery
XLV,2003-04-10T00:00:00.000Z,18.3131560367,0.0514642366194402,57.1989465901,57.4728967967905,True,discovery
XLV,2003-04-11T00:00:00.000Z,18.2246866839,0.0550189148402611,56.9636406788,57.442555680818,True,discovery
XLV,2003-04-14T00:00:00.000Z,18.5241214165,0.0428500304254413,58.1401669674,57.412582233994,True,discovery
XLV,2003-04-15T00:00:00.000Z,18.4084307244,0.0253663314185716,58.6826791258,57.386837160423504,True,discovery
XLV,2003-04-16T00:00:00.000Z,17.972889295,-0.0101210823907865,57.6826296562,57.3623163327525,True,discovery
XLV,2003-04-17T00:00:00.000Z,18.1498280007,0.0007463661719984,58.5388804152,57.3487205120585,True,discovery
XLV,2003-04-21T00:00:00.000Z,18.1974653445,-0.0219458668615444,58.5977095076,57.3336772655425,True,discovery
XLV,2003-04-22T00:00:00.000Z,18.503705412,0.0233345878770807,59.7023361141,57.311901686026005,True,discovery
XLV,2003-04-23T00:00:00.000Z,18.6602281132,0.0118081180828815,60.2513858551,57.296870505048,True,discovery
XLV,2003-04-24T00:00:00.000Z,18.7759188054,0.0260319821529038,59.7154119328,57.287125522215,True,discovery
XLV,2003-04-25T00:00:00.000Z,18.5173160817,0.0081511670970071,58.9768141295,57.284910972842006,True,discovery
XLV,2003-04-28T00:00:00.000Z,18.667033448,0.0147983721770874,59.9964717714,57.285375867152,True,discovery
XLV,2003-04-29T00:00:00.000Z,18.7827241402,0.032934131734271,60.2056325815,57.290176210194,True,discovery
XLV,2003-04-30T00:00:00.000Z,18.7827241402,0.0188261351050005,60.0749090361,57.292742630202,True,discovery
XLV,2003-05-01T00:00:00.000Z,18.8371668189,0.0069116042232182,60.0683714535,57.301017080189006,True,discovery
XLV,2003-05-02T00:00:00.000Z,19.1229908819,0.0247994164858387,60.9246215589,57.312992258017005,True,discovery
XLV,2003-05-05T00:00:00.000Z,19.1502122212,0.0221576462020858,60.8069686032,57.33386102548349,True,discovery
XLV,2003-05-06T00:00:00.000Z,19.1842388954,0.0329791132278742,61.3821640991,57.3675714227785,True,discovery
XLV,2003-05-07T00:00:00.000Z,19.0209108594,0.0230600292822873,61.0422745146,57.407677444949,True,discovery
XLV,2003-05-08T00:00:00.000Z,18.952857511,0.0330118694321484,60.4278633277,57.4519679447635,True,discovery
XLV,2003-05-09T00:00:00.000Z,19.1638228909,0.0464511334089681,61.2645104898,57.485057816300994,True,discovery
XLV,2003-05-12T00:00:00.000Z,19.3543722662,0.0619865571295654,62.0161782293,57.52422812050649,True,discovery
XLV,2003-05-13T00:00:00.000Z,19.3952042752,0.0470242468786723,61.9050628562,57.557682652640494,True,discovery
XLV,2003-05-14T00:00:00.000Z,19.361177601,0.0517560073894378,61.7743393107,57.5770347947065,True,discovery
XLV,2003-05-15T00:00:00.000Z,19.5449216415,0.0874668686095636,62.166515176,57.5945744025125,True,discovery
XLV,2003-05-16T00:00:00.000Z,19.4972842977,0.074240719909193,62.0096458757,57.610620129639,True,discovery
XLV,2003-05-19T00:00:00.000Z,18.8371668189,0.035153328350387,60.5585921021,57.6270864039865,True,discovery
XLV,2003-05-20T00:00:00.000Z,18.6057854345,0.005516734093367,60.4344009103,57.649349716734,True,discovery
XLV,2003-05-21T00:00:00.000Z,18.7418921312,0.0043763676148327,60.5585921021,57.681973878967,True,discovery
XLV,2003-05-22T00:00:00.000Z,18.952857511,0.0094237042369991,61.1599281239,57.7085098691155,True,discovery
XLV,2003-05-23T00:00:00.000Z,18.8779988279,0.0194781330409137,61.2841186621,57.73079686519149,True,discovery
XLV,2003-05-27T00:00:00.000Z,19.1502122212,0.0258840685396515,62.3560678138,57.7492520010515,True,discovery
XLV,2003-05-28T00:00:00.000Z,19.116185547,0.0177536231864421,62.5325446328,57.76749296525399,True,discovery
XLV,2003-05-29T00:00:00.000Z,18.9596628459,0.0094202898567468,62.3691377499,57.7870777230355,True,discovery
XLV,2003-05-30T00:00:00.000Z,19.1706282257,0.0177023121367396,63.3691872195,57.816984192573,True,discovery
XLV,2003-06-02T00:00:00.000Z,19.0209108594,-0.0053380782917498,63.6306388857,57.8377162608275,True,discovery
XLV,2003-06-03T00:00:00.000Z,19.1706282257,0.0010660980810122,63.8920912056,57.855627432582,True,discovery
XLV,2003-06-04T00:00:00.000Z,19.5040896325,0.0166725789250203,64.8137086395,57.8790497235705,True,discovery
XLV,2003-06-05T00:00:00.000Z,19.687833673,0.0350626118028627,65.1339848227,57.8970426174935,True,discovery
XLV,2003-06-06T00:00:00.000Z,19.8647723787,0.0481149012580679,64.8790700854,57.91701832470099,True,discovery
XLV,2003-06-09T00:00:00.000Z,19.6606123337,0.0259232954524903,64.2189049714,57.92930703170551,True,discovery
XLV,2003-06-10T00:00:00.000Z,19.8103297001,0.0235583684982785,64.8725325029,57.941864509155,True,discovery
XLV,2003-06-11T00:00:00.000Z,20.0349057496,0.0329824561434479,65.5588433718,57.964561809552,True,discovery
XLV,2003-06-12T00:00:00.000Z,20.0757377586,0.0369068541348998,65.7614665994,57.98614363000351,True,discovery
XLV,2003-06-13T00:00:00.000Z,19.9532417316,0.0208913649074451,65.0751557304,58.00784152829849,True,discovery
XLV,2003-06-16T00:00:00.000Z,20.5589165317,0.0544502617795461,66.4477774683,58.0430463142655,True,discovery
XLV,2003-06-17T00:00:00.000Z,20.9672366217,0.1130780346789108,66.4477774683,58.078122091966,True,discovery
XLV,2003-06-18T00:00:00.000Z,20.9127939431,0.1239941477731008,66.388948376,58.114064769577496,True,discovery
XLV,2003-06-19T00:00:00.000Z,20.4636418441,0.0918663761826783,65.3758237413,58.1562297651385,True,discovery
XLV,2003-06-20T00:00:00.000Z,20.6105554124,0.0874642728906651,65.2321923593,58.19361293853501,True,discovery
XLV,2003-06-23T00:00:00.000Z,20.2693210513,0.0737007262307776,64.5630743405,58.23010162407451,True,discovery
XLV,2003-06-24T00:00:00.000Z,20.2829704258,0.0591512089534962,64.628673233,58.2629836470885,True,discovery
XLV,2003-06-25T00:00:00.000Z,20.1737754302,0.0553243156486296,63.9792390146,58.29048990292699,True,discovery
XLV,2003-06-26T00:00:00.000Z,20.4604122935,0.0791548594401581,64.8123559048,58.318807634716,True,discovery
XLV,2003-06-27T00:00:00.000Z,20.1464766813,0.0509033112588239,64.0645217077,58.345224517359,True,discovery
XLV,2003-06-30T00:00:00.000Z,20.0168076241,0.0523579954746402,64.0448372512,58.376961189458505,True,discovery
XLV,2003-07-01T00:00:00.000Z,20.1260026196,0.0498353200871755,64.6352344998,58.410940316848,True,discovery
XLV,2003-07-02T00:00:00.000Z,20.3170938619,0.0416837824640261,65.4486675895,58.4482770787335,True,discovery
XLV,2003-07-03T00:00:00.000Z,20.1942494919,0.0257222723084307,64.7729928957,58.48887921710651,True,discovery
XLV,2003-07-07T00:00:00.000Z,20.3375679235,0.0238007028616624,66.0587433907,58.53874823499101,True,discovery
XLV,2003-07-08T00:00:00.000Z,20.3443926108,0.0347791953523206,66.353944639,58.597349792696,True,discovery
XLV,2003-07-09T00:00:00.000Z,20.2215482407,0.0207577837837764,65.9800272125,58.6539911340015,True,discovery
XLV,2003-07-10T00:00:00.000Z,20.0031582496,-0.0015846094010517,65.1403536474,58.708669400111006,True,discovery
XLV,2003-07-11T00:00:00.000Z,20.2351976152,0.0079429139052034,65.7569861235,58.7708042846915,True,discovery
XLV,2003-07-14T00:00:00.000Z,20.2147235535,0.0131047288163652,66.0784271912,58.8279376258905,True,discovery
XLV,2003-07-15T00:00:00.000Z,20.1396519941,-0.020393318731244,65.9341075285,58.879878728444,True,discovery
XLV,2003-07-16T00:00:00.000Z,20.0236323113,-0.0450037516829194,65.5470675683,58.939538597379006,True,discovery
XLV,2003-07-17T00:00:00.000Z,19.8939632541,-0.0487180570789371,64.6155552913,58.997650901087,True,discovery
XLV,2003-07-18T00:00:00.000Z,20.0782298091,-0.0188339904468723,65.2781120433,59.046344428521,True,discovery
XLV,2003-07-21T00:00:00.000Z,19.7642941968,-0.0410596026485953,64.4712356285,59.0993292981955,True,discovery
XLV,2003-07-22T00:00:00.000Z,19.7301707607,-0.0265993265998134,65.0550709544,59.157954606930495,True,discovery
XLV,2003-07-23T00:00:00.000Z,19.8734891924,-0.0201884253047638,65.1009906383,59.22170126777301,True,discovery
XLV,2003-07-24T00:00:00.000Z,19.7165213863,-0.0226657645457624,64.6089940244,59.288398068102,True,discovery
XLV,2003-07-25T00:00:00.000Z,19.8734891924,-0.0286857905246834,65.7504294486,59.3567849435595,True,discovery
XLV,2003-07-28T00:00:00.000Z,19.8257163818,-0.0159214092158224,65.5077098071,59.4313120897495,True,discovery
XLV,2003-07-29T00:00:00.000Z,19.7369954479,-0.0139788612377484,65.2059525399,59.49613430859749,True,discovery
XLV,2003-07-30T00:00:00.000Z,19.8188916946,-0.0152594099685208,65.0485149355,59.548733589795,True,discovery
XLV,2003-07-31T00:00:00.000Z,19.7165213863,-0.0295599596911955,65.1993906171,59.6005646682055,True,discovery
XLV,2003-08-01T00:00:00.000Z,19.4162351485,-0.0385265292335852,64.6221165581,59.63632427470851,True,discovery
XLV,2003-08-04T00:00:00.000Z,19.4503585846,-0.043624161071631,64.6221165581,59.6790489645915,True,discovery
XLV,2003-08-05T00:00:00.000Z,19.1295982851,-0.0597115062090926,63.2510833701,59.709346425718,True,discovery
XLV,2003-08-06T00:00:00.000Z,19.1159489107,-0.0546743165676482,63.6184441218,59.7402820385225,True,discovery
XLV,2003-08-07T00:00:00.000Z,19.4230598357,-0.0290003411792035,64.2875575487,59.7696066601615,True,discovery
XLV,2003-08-08T00:00:00.000Z,19.4981313951,-0.0364249578440658,64.4712356285,59.8019554041975,True,discovery
XLV,2003-08-11T00:00:00.000Z,19.4571832718,-0.0374746792700431,64.713955926,59.833314833481,True,discovery
XLV,2003-08-12T00:00:00.000Z,19.5117807696,-0.0311758725862758,65.3043525187,59.873587064948495,True,discovery
XLV,2003-08-13T00:00:00.000Z,19.2319685935,-0.0395364689828646,64.9697935093,59.906225682148495,True,discovery
XLV,2003-08-14T00:00:00.000Z,19.218319219,-0.0339622641537127,65.1469103223,59.941661224252,True,discovery
XLV,2003-08-15T00:00:00.000Z,19.1773710957,-0.0448674371179728,65.3502722027,59.981482745011,True,discovery
XLV,2003-08-18T00:00:00.000Z,19.3070401529,-0.0231353591151276,65.9144283199,60.021339005229,True,discovery
XLV,2003-08-19T00:00:00.000Z,19.2046698446,-0.0266343825643277,66.1637052923,60.06538968029,True,discovery
XLV,2003-08-20T00:00:00.000Z,19.1500723468,-0.0364010989009746,65.8947445194,60.1024262817515,True,discovery
XLV,2003-08-21T00:00:00.000Z,19.0408773512,-0.034267912775398,66.1046630747,60.1377264348625,True,discovery
XLV,2003-08-22T00:00:00.000Z,18.7542404879,-0.0563186813178243,65.4486675895,60.16741410775951,True,discovery
XLV,2003-08-25T00:00:00.000Z,18.8907342323,-0.0471600688466576,65.5536288351,60.193771473746,True,discovery
XLV,2003-08-26T00:00:00.000Z,18.9043836068,-0.0421853388626377,65.6717086784,60.228105484278494,True,discovery
XLV,2003-08-27T00:00:00.000Z,18.9180329812,-0.0454545454550042,65.691387231,60.26613382437751,True,discovery
XLV,2003-08-28T00:00:00.000Z,18.9316823557,-0.0398061613011178,66.0981063998,60.3106987802815,True,discovery
XLV,2003-08-29T00:00:00.000Z,18.9862798534,-0.0221441124817247,66.5441833297,60.3552264226595,True,discovery
XLV,2003-09-02T00:00:00.000Z,19.2729167168,-0.0091228070180922,67.4363378456,60.4039232622155,True,discovery
XLV,2003-09-03T00:00:00.000Z,19.1978451574,0.0035676061401226,67.8036940053,60.449014383624,True,discovery
XLV,2003-09-04T00:00:00.000Z,19.2456179679,0.0067832916799344,67.8364957475,60.492098996570505,True,discovery
XLV,2003-09-05T00:00:00.000Z,19.1978451574,-0.0115952213608511,67.4560170541,60.5362616288995,True,discovery
XLV,2003-09-08T00:00:00.000Z,19.5390795185,0.0021001050085389,68.0136119046,60.58360099188501,True,discovery
XLV,2003-09-09T00:00:00.000Z,19.6005017035,0.0073658365498214,67.5675349746,60.6221984025025,True,discovery
XLV,2003-09-10T00:00:00.000Z,19.6278004524,0.0059461350129947,66.885299014,60.65181257374001,True,discovery
XLV,2003-09-11T00:00:00.000Z,19.7369954479,0.0262597586900537,67.0820996276,60.6845812619795,True,discovery
XLV,2003-09-12T00:00:00.000Z,19.7779435713,0.0291193181840132,67.2067354898,60.717778738369496,True,discovery
XLV,2003-09-15T00:00:00.000Z,19.7233460735,0.0284697508889746,66.9705764591,60.75556189626,True,discovery
XLV,2003-09-16T00:00:00.000Z,19.8461904435,0.0279250618598323,67.948013668,60.789874110335006,True,discovery
XLV,2003-09-17T00:00:00.000Z,19.7984176329,0.0309168443459053,67.816811291,60.824502174378,True,discovery
XLV,2003-09-18T00:00:00.000Z,19.8666645052,0.0374198146838722,68.6171264389,60.8626458961925,True,discovery
XLV,2003-09-19T00:00:00.000Z,19.7073012338,0.0349996415768101,68.2694881915,60.90313328154151,True,discovery
XLV,2003-09-22T00:00:00.000Z,19.4403388343,0.0365836380760213,67.5319412937,60.9412935765755,True,discovery
XLV,2003-09-23T00:00:00.000Z,19.6046233879,0.0377904398432202,67.7887661479,60.984042360522,True,discovery
XLV,2003-09-24T00:00:00.000Z,19.2555187116,0.0185742689157923,66.5836611602,61.018821873146,True,discovery
XLV,2003-09-25T00:00:00.000Z,19.1254601068,0.0109645186582627,66.0370824699,61.059064633324496,True,discovery
XLV,2003-09-26T00:00:00.000Z,19.0364726403,0.005535180795406,65.8197672574,61.0943333279125,True,discovery
XLV,2003-09-29T00:00:00.000Z,19.1254601068,0.0073305699944727,66.4651256497,61.132569641366,True,discovery
XLV,2003-09-30T00:00:00.000Z,19.0364726403,-0.0122682041319617,65.8197672574,61.1676115651645,True,discovery
XLV,2003-10-01T00:00:00.000Z,19.3787321268,0.0094222537955137,67.2224329659,61.2142994240145,True,discovery
XLV,2003-10-02T00:00:00.000Z,19.5087907317,0.0136744252244302,67.4660846469,61.254722085781495,True,discovery
XLV,2003-10-03T00:00:00.000Z,19.4198032652,0.0115616156907298,68.0851013024,61.30083150994899,True,discovery
XLV,2003-10-06T00:00:00.000Z,19.3445061781,-0.0099581630862278,68.3946102887,61.351890024691,True,discovery
XLV,2003-10-07T00:00:00.000Z,19.3308157987,-0.01375913274464,68.6580217296,61.4063389263295,True,discovery
XLV,2003-10-08T00:00:00.000Z,19.2281379527,-0.020362062507678,68.486803404,61.4558309624055,True,discovery
XLV,2003-10-09T00:00:00.000Z,19.2555187116,-0.0243946317751837,68.6711902931,61.506147278002,True,discovery
XLV,2003-10-10T00:00:00.000Z,19.2076023835,-0.0288372340503402,68.8621637688,61.55959949041,True,discovery
XLV,2003-10-13T00:00:00.000Z,19.2623639014,-0.023372412083737,69.0794789813,61.6140080647185,True,discovery
XLV,2003-10-14T00:00:00.000Z,19.2897446603,-0.0280379141167743,69.3231306623,61.6761780020065,True,discovery
XLV,2003-10-15T00:00:00.000Z,19.2486735219,-0.0277670731668204,69.1387437732,61.7350496427795,True,discovery
XLV,2003-10-16T00:00:00.000Z,19.3513513679,-0.0259385835586601,69.4153290458,61.79491357068501,True,discovery
XLV,2003-10-17T00:00:00.000Z,19.1323052965,-0.0291767974964437,68.6580217296,61.841745997396,True,discovery
XLV,2003-10-20T00:00:00.000Z,19.2281379527,-0.0109154929555856,69.1716720966,61.89023520610551,True,discovery
XLV,2003-10-21T00:00:00.000Z,19.4061128857,-0.010125698324943,69.0531372445,61.9328907483025,True,discovery
XLV,2003-10-22T00:00:00.000Z,18.8858784662,-0.0191965872712283,68.1838816629,61.9719487122845,True,discovery
XLV,2003-10-23T00:00:00.000Z,19.0775437786,-0.002505368651652,68.0587595657,62.0147431441775,True,discovery
XLV,2003-10-24T00:00:00.000Z,19.1323052965,0.005034160372606,68.2102233996,62.05367241130551,True,discovery
XLV,2003-10-27T00:00:00.000Z,19.0843889684,-0.0021474588412854,68.2431464548,62.091952475542506,True,discovery
XLV,2003-10-28T00:00:00.000Z,19.2349831424,0.010427903627469,69.1716720966,62.1349728229135,True,discovery
XLV,2003-10-29T00:00:00.000Z,19.1802216246,-0.0102437301316253,69.2638652118,62.177477544294,True,discovery
XLV,2003-10-30T00:00:00.000Z,19.0022466916,-0.0259649122832053,69.4087424592,62.223734055493,True,discovery
XLV,2003-10-31T00:00:00.000Z,19.1665312451,-0.0130419457211422,69.3428904221,62.270898326397,True,discovery
XLV,2003-11-03T00:00:00.000Z,19.1117697273,-0.012031139417944,69.797270729,62.324761646878,True,discovery
XLV,2003-11-04T00:00:00.000Z,18.9885563121,-0.0177053824403531,69.6458121633,62.3824576220145,True,discovery
XLV,2003-11-05T00:00:00.000Z,18.968020743,-0.0135279458853411,69.6984903686,62.443932689170495,True,discovery
XLV,2003-11-06T00:00:00.000Z,19.0638533992,-0.00995378599095,70.067269415,62.505493801062,True,discovery
XLV,2003-11-07T00:00:00.000Z,18.8927236559,-0.0163934426230362,69.5470324614,62.57203852001399,True,discovery
XLV,2003-11-10T00:00:00.000Z,18.7489746716,-0.0266524520265494,69.2638652118,62.64100862446699,True,discovery
XLV,2003-11-11T00:00:00.000Z,18.79004581,-0.0259048970890954,69.2441107202,62.7078291184045,True,discovery
XLV,2003-11-12T00:00:00.000Z,19.1391504862,-0.0056899004274446,70.0211725281,62.7764189908915,True,discovery
XLV,2003-11-13T00:00:00.000Z,19.5840878187,0.0120268836204411,70.0409276782,62.8517809578655,True,discovery
XLV,2003-11-14T00:00:00.000Z,19.8715857874,0.0386404293389173,69.4482521009,62.918873459013504,True,discovery
XLV,2003-11-17T00:00:00.000Z,19.8099790798,0.0302598789613062,69.0992334729,62.9836674543915,True,discovery
XLV,2003-11-18T00:00:00.000Z,19.6936108544,0.0148148148159981,68.381436457,63.04763946599,True,discovery
XLV,2003-11-19T00:00:00.000Z,19.8989665463,0.0536426241391481,68.9609434707,63.1162343039165,True,discovery
XLV,2003-11-20T00:00:00.000Z,19.6388493365,0.0294223179049726,68.3419268152,63.183036170888,True,discovery
XLV,2003-11-21T00:00:00.000Z,19.399267696,0.0139534883728222,68.6250934062,63.25460679840799,True,discovery
XLV,2003-11-24T00:00:00.000Z,19.7141464236,0.0329985652798605,69.5338586296,63.32880062814949,True,discovery
XLV,2003-11-25T00:00:00.000Z,19.6183137673,0.0199288256226757,69.797270729,63.4061995830465,True,discovery
XLV,2003-11-26T00:00:00.000Z,19.6183137673,0.0228408279776137,70.0475142648,63.489179274782,True,discovery
XLV,2003-11-28T00:00:00.000Z,19.577242629,0.0302593659966627,70.1001924701,63.571608539377,True,discovery
XLV,2003-12-01T00:00:00.000Z,19.8921213566,0.0378571428612311,70.8574991278,63.651964833436,True,discovery
XLV,2003-12-02T00:00:00.000Z,19.905811736,0.041547277935531,70.6796994839,63.726614342002,True,discovery
XLV,2003-12-03T00:00:00.000Z,19.9537280641,0.0508291276143499,70.5677512185,63.802168972176,True,discovery
XLV,2003-12-04T00:00:00.000Z,19.9879540128,0.0537712017304914,70.8574991278,63.88193931715449,True,discovery
XLV,2003-12-05T00:00:00.000Z,19.8373598387,0.0405745062817395,70.363603911,63.956473210791,True,discovery
XLV,2003-12-08T00:00:00.000Z,19.9879540128,0.0579710144946714,70.8377446362,64.03787007457049,True,discovery
XLV,2003-12-09T00:00:00.000Z,19.905811736,0.0617013508558588,70.2911659459,64.11435301872099,True,discovery
XLV,2003-12-10T00:00:00.000Z,19.7689079414,0.0520947176658319,70.2845839689,64.194807048135,True,discovery
XLV,2003-12-11T00:00:00.000Z,20.0153347717,0.0457796852651199,71.0748143403,64.275631435981,True,discovery
XLV,2003-12-12T00:00:00.000Z,20.0769414793,0.0251660258656212,71.2131043425,64.355324301612,True,discovery
XLV,2003-12-15T00:00:00.000Z,20.0427155306,0.0086117809132528,70.8574991278,64.4358759315625,True,discovery
XLV,2003-12-16T00:00:00.000Z,20.1180126177,0.0155494125793447,71.2262781743,64.5226335091005,True,discovery
XLV,2003-12-17T00:00:00.000Z,20.159083756,0.0236357316614694,71.4501747051,64.6082318881905,True,discovery
XLV,2003-12-18T00:00:00.000Z,20.3096779301,0.0206398348800866,72.2535782497,64.7001259661055,True,discovery
XLV,2003-12-19T00:00:00.000Z,20.2772454212,0.0325067967965668,72.0531167177,64.7891622309395,True,discovery
XLV,2003-12-22T00:00:00.000Z,20.2703764356,0.04490420737787,72.5559680657,64.887223297851,True,discovery
XLV,2003-12-23T00:00:00.000Z,20.2841144067,0.0289116237068061,72.602282538,64.9881201650245,True,discovery
XLV,2003-12-24T00:00:00.000Z,20.3459352769,0.0370888914424851,72.5295016133,65.08689527707799,True,discovery
XLV,2003-12-26T00:00:00.000Z,20.4008871615,0.0398899417902267,72.582429225,65.17682025395199,True,discovery
XLV,2003-12-29T00:00:00.000Z,20.5657428154,0.0504923091128126,73.5484352199,65.27069635020099,True,discovery
XLV,2003-12-30T00:00:00.000Z,20.6206947,0.0366262265516628,73.5616654687,65.3560121186115,True,discovery
XLV,2003-12-31T00:00:00.000Z,20.7099915125,0.0403992455653354,73.627829284,65.439998510527,True,discovery
XLV,2004-01-02T00:00:00.000Z,20.7580744115,0.0403105797982257,73.5947496921,65.5216384783055,True,discovery
XLV,2004-01-05T00:00:00.000Z,20.8542402096,0.0433404137434598,74.3953392015,65.606662882058,True,discovery
XLV,2004-01-06T00:00:00.000Z,20.9160610798,0.054377258358524,74.4681207878,65.6859495887785,True,discovery
XLV,2004-01-07T00:00:00.000Z,21.0465718057,0.0529627890989781,74.7195438153,65.7762324477835,True,discovery
XLV,2004-01-08T00:00:00.000Z,20.9572749932,0.0528219231219999,75.0172819766,65.86529145968001,True,discovery
XLV,2004-01-09T00:00:00.000Z,20.8267642673,0.0535111159926362,74.3622549781,65.9525133008125,True,discovery
XLV,2004-01-12T00:00:00.000Z,20.7924193394,0.0388244601733431,74.9114214601,66.04225220471899,True,discovery
XLV,2004-01-13T00:00:00.000Z,20.7031225269,0.0311890657372095,74.4747339273,66.1312456613355,True,discovery
XLV,2004-01-14T00:00:00.000Z,20.8198952817,0.0387761703205062,75.0966813339,66.2297870894385,True,discovery
XLV,2004-01-15T00:00:00.000Z,20.8748471663,0.0376197471878574,75.2819412077,66.325006228151,True,discovery
XLV,2004-01-16T00:00:00.000Z,20.9229300653,0.0378909239400651,75.5796840005,66.4149163479635,True,discovery
XLV,2004-01-20T00:00:00.000Z,20.8542402096,0.0268129451079541,75.5598306876,66.5060998386365,True,discovery
XLV,2004-01-21T00:00:00.000Z,21.204558474,0.0457317073171332,76.1553116417,66.5985612894255,True,discovery
XLV,2004-01-22T00:00:00.000Z,21.2457723874,0.0481192815978963,75.9568215191,66.690585866467,True,discovery
XLV,2004-01-23T00:00:00.000Z,21.1427376038,0.0423298340703695,75.7120109695,66.7809288547565,True,discovery
XLV,2004-01-26T00:00:00.000Z,21.4106280413,0.0523295070936753,76.6647814224,66.879826744798,True,discovery
XLV,2004-01-27T00:00:00.000Z,21.2732483297,0.0427609427616606,75.8774221619,66.973219122657,True,discovery
XLV,2004-01-28T00:00:00.000Z,21.0877857192,0.0253841015365166,75.0106694988,67.06345426675699,True,discovery
XLV,2004-01-29T00:00:00.000Z,21.3968900701,0.0376415722841771,75.0834504234,67.148170684037,True,discovery
XLV,2004-01-30T00:00:00.000Z,21.2801173153,0.0275290215573429,75.0834504234,67.230174540525,True,discovery
XLV,2004-02-02T00:00:00.000Z,21.5548767384,0.0383851753830581,75.4076550372,67.31879966743,True,discovery
XLV,2004-02-03T00:00:00.000Z,21.6922564499,0.0401844532276092,75.2819412077,67.40251497139249,True,discovery
XLV,2004-02-04T00:00:00.000Z,21.7609463056,0.0403940886659563,74.6666109104,67.4828594784065,True,discovery
XLV,2004-02-05T00:00:00.000Z,21.6510425364,0.0287206266312829,74.8849550077,67.55877257287449,True,discovery
XLV,2004-02-06T00:00:00.000Z,21.8158981903,0.0409701737166974,75.7252418799,67.63614185299849,True,discovery
XLV,2004-02-09T00:00:00.000Z,21.6029596374,0.0372691292866218,75.7450951929,67.716290269299,True,discovery
XLV,2004-02-10T00:00:00.000Z,21.6991254355,0.0436075322116009,75.9899004494,67.8013557008985,True,discovery
XLV,2004-02-11T00:00:00.000Z,21.8983260172,0.0577305905786456,76.7971083914,67.88535888399849,True,discovery
XLV,2004-02-12T00:00:00.000Z,21.7609463056,0.0451996040886504,76.5192189115,67.9669268156485,True,discovery
XLV,2004-02-13T00:00:00.000Z,21.6647805076,0.0378413951971468,76.1751603232,68.047428072084,True,discovery
XLV,2004-02-17T00:00:00.000Z,21.8021602191,0.0420223243616424,76.8632715451,68.13140257254199,True,discovery
XLV,2004-02-18T00:00:00.000Z,21.705994421,0.0408432147534152,76.5258366825,68.20940864816,True,discovery
XLV,2004-02-19T00:00:00.000Z,21.6304355797,0.0200842241644498,76.24132877,68.286580448994,True,discovery
XLV,2004-02-20T00:00:00.000Z,21.5136628249,0.0126091173629854,76.0097491308,68.3597183741525,True,discovery
XLV,2004-02-23T00:00:00.000Z,21.4724489114,0.0155945419074179,75.817871486,68.4335963590095,True,discovery
XLV,2004-02-24T00:00:00.000Z,21.5686147095,0.0073788899557383,75.6855445171,68.5098847649565,True,discovery
XLV,2004-02-25T00:00:00.000Z,21.5960906518,0.0151759767524208,76.003136653,68.58357789577249,True,discovery
XLV,2004-02-26T00:00:00.000Z,21.5686147095,0.0228013029296962,76.0494511252,68.653744260252,True,discovery
XLV,2004-02-27T00:00:00.000Z,21.5067938393,0.0051364365961565,76.1023793985,68.7247308429635,True,discovery
XLV,2004-03-01T00:00:00.000Z,21.5686147095,0.0135571336344362,76.8566590672,68.800142441746,True,discovery
XLV,2004-03-02T00:00:00.000Z,21.431234998,-0.0057361376685458,76.4067399624,68.871343565678,True,discovery
XLV,2004-03-03T00:00:00.000Z,21.5205318105,-0.0079164027862482,76.5456847023,68.944023759811,True,discovery
XLV,2004-03-04T00:00:00.000Z,21.6166976085,-0.0066287878787182,76.7441754866,69.0249516767335,True,discovery
XLV,2004-03-05T00:00:00.000Z,21.7266013778,0.0034898477185554,77.002216285,69.107790753607,True,discovery
XLV,2004-03-08T00:00:00.000Z,21.705994421,-0.0050377833789518,76.0626820357,69.18531120327499,True,discovery
XLV,2004-03-09T00:00:00.000Z,21.4587109403,-0.0066772655007081,75.7583261033,69.258303193172,True,discovery
XLV,2004-03-10T00:00:00.000Z,21.1289996326,-0.0262741373883792,74.4879694693,69.324322447208,True,discovery
XLV,2004-03-11T00:00:00.000Z,20.7237294836,-0.0536386449209594,73.5219687675,69.3801519519765,True,discovery
XLV,2004-03-12T00:00:00.000Z,20.7786813682,-0.0451388888886336,74.4879694693,69.43992907615899,True,discovery
XLV,2004-03-15T00:00:00.000Z,20.5932187577,-0.0494610019023314,73.5748963792,69.4959578693055,True,discovery
XLV,2004-03-16T00:00:00.000Z,20.7374674548,-0.0488342785118726,73.9652694398,69.548938280407,True,discovery
XLV,2004-03-17T00:00:00.000Z,20.716860498,-0.045569620253981,74.7923254016,69.6047467129865,True,discovery
XLV,2004-03-18T00:00:00.000Z,20.6962535413,-0.0431883137516067,74.812174083,69.6593471273735,True,discovery
XLV,2004-03-19T00:00:00.000Z,20.3698324778,-0.0531676245188766,73.7434576623,69.7039958724875,True,discovery
XLV,2004-03-22T00:00:00.000Z,20.115037413,-0.063216426966527,72.8072251555,69.7423620741515,True,discovery
XLV,2004-03-23T00:00:00.000Z,20.183900944,-0.0642004034171974,72.6810638154,69.78137204280151,True,discovery
XLV,2004-03-24T00:00:00.000Z,20.0737192943,-0.0704929138354545,72.7408261626,69.8239816487575,True,discovery
XLV,2004-03-25T00:00:00.000Z,20.183900944,-0.0642004034171974,73.7036191961,69.8681370822235,True,discovery
XLV,2004-03-26T00:00:00.000Z,20.2665371812,-0.0576681334915499,73.7235384292,69.9089605575105,True,discovery
XLV,2004-03-29T00:00:00.000Z,20.5419913053,-0.0475980223128478,74.7593710854,69.9539500799405,True,discovery
XLV,2004-03-30T00:00:00.000Z,20.4937868336,-0.043742143860934,75.0116931017,70.003632766797,True,discovery
XLV,2004-03-31T00:00:00.000Z,20.6108548363,-0.0422701902634284,75.0980106637,70.046883932774,True,discovery
XLV,2004-04-01T00:00:00.000Z,20.7554682515,-0.0398409309598405,75.5495289949,70.092392690407,True,discovery
XLV,2004-04-02T00:00:00.000Z,21.0033769632,-0.0332875078814205,76.1205660445,70.1410507787495,True,discovery
XLV,2004-04-05T00:00:00.000Z,21.2443993218,-0.0212657890832874,76.5388825552,70.196866072819,True,discovery
XLV,2004-04-06T00:00:00.000Z,21.1755357908,-0.013196279603552,76.2932071445,70.252171146745,True,discovery
XLV,2004-04-07T00:00:00.000Z,21.0791268473,-0.0023603950100434,76.1139247508,70.3099253987965,True,discovery
XLV,2004-04-08T00:00:00.000Z,20.9345134322,0.0101711397442629,75.9412896268,70.3664884807655,True,discovery
XLV,2004-04-12T00:00:00.000Z,21.1066722597,0.0157849714179632,76.240086091,70.42779271614751,True,discovery
XLV,2004-04-13T00:00:00.000Z,20.920740726,0.0159043601757269,75.1710509504,70.47958619137549,True,discovery
XLV,2004-04-14T00:00:00.000Z,21.1342176721,0.0191320477374958,75.2905703328,70.535716434501,True,discovery
XLV,2004-04-15T00:00:00.000Z,21.5198534459,0.0387603588863052,75.005051808,70.590517507285,True,discovery
XLV,2004-04-16T00:00:00.000Z,21.6782395673,0.0474475259031987,75.5827308153,70.6452549888625,True,discovery
XLV,2004-04-19T00:00:00.000Z,21.5887169769,0.0598377281908624,75.5827308153,70.69592530499149,True,discovery
XLV,2004-04-20T00:00:00.000Z,21.2306266156,0.0554604587451084,74.3144947119,70.7436328140725,True,discovery
XLV,2004-04-21T00:00:00.000Z,21.4785353273,0.064141931081209,74.8124921389,70.7874015578135,True,discovery
XLV,2004-04-22T00:00:00.000Z,21.6506941549,0.0785591766767301,75.8616080465,70.834939874851,True,discovery
XLV,2004-04-23T00:00:00.000Z,21.5887169769,0.0696008188306929,75.9346483331,70.884712980454,True,discovery
XLV,2004-04-26T00:00:00.000Z,21.4716489742,0.0594631328591204,75.828406226,70.938153243347,True,discovery
XLV,2004-04-27T00:00:00.000Z,21.5542852114,0.0492792490783899,75.8948098669,70.98884236206399,True,discovery
XLV,2004-04-28T00:00:00.000Z,21.3614673245,0.0423387096755305,74.9120929523,71.0330106908695,True,discovery
XLV,2004-04-29T00:00:00.000Z,21.2306266156,0.0300701637182196,74.2547376767,71.0746138416105,True,discovery
XLV,2004-04-30T00:00:00.000Z,21.2512856749,0.0238885202391985,73.6770586694,71.115263797116,True,discovery
XLV,2004-05-03T00:00:00.000Z,21.526739799,0.0249180327866791,74.4672165789,71.164522103554,True,discovery
XLV,2004-05-04T00:00:00.000Z,21.4923080335,0.0116693679093862,74.4074542316,71.2101688144955,True,discovery
XLV,2004-05-05T00:00:00.000Z,21.6162623893,0.0208130081266457,74.8855324256,71.262240298481,True,discovery
XLV,2004-05-06T00:00:00.000Z,21.5336261521,0.0215615811837204,74.2414550893,71.3081722191555,True,discovery
XLV,2004-05-07T00:00:00.000Z,21.3890127369,0.0217105263120622,73.0130621,71.347732576464,True,discovery
XLV,2004-05-10T00:00:00.000Z,21.1135586128,0.000326264273935,72.2627479687,71.38600134618551,True,discovery
XLV,2004-05-11T00:00:00.000Z,21.1342176721,0.0102040816286537,72.8736234845,71.421617316365,True,discovery
XLV,2004-05-12T00:00:00.000Z,21.2099675563,0.003584229394022,73.338419091,71.4607708627845,True,discovery
XLV,2004-05-13T00:00:00.000Z,21.1824221439,-0.0156799999985265,73.0329813331,71.49990600675049,True,discovery
XLV,2004-05-14T00:00:00.000Z,21.1411040253,-0.0247776365941738,73.0661831536,71.53999434784099,True,discovery
XLV,2004-05-17T00:00:00.000Z,21.0791268473,-0.0236044657098086,72.4420243864,71.5762075166875,True,discovery
XLV,2004-05-18T00:00:00.000Z,21.0722404942,-0.0074602659764935,72.8072251555,71.6171330596745,True,discovery
XLV,2004-05-19T00:00:00.000Z,20.8656499011,-0.0285347867934459,72.5549031392,71.65679699258,True,discovery
XLV,2004-05-20T00:00:00.000Z,20.7279228391,-0.0426208651416913,72.7873059224,71.70447810534151,True,discovery
XLV,2004-05-21T00:00:00.000Z,20.7692409577,-0.0379585326945015,72.9134619506,71.7509531944855,True,discovery
XLV,2004-05-24T00:00:00.000Z,20.6659456612,-0.0375240538799848,73.2188997085,71.7956099052845,True,discovery
XLV,2004-05-25T00:00:00.000Z,20.8656499011,-0.0319488817906048,74.2680149521,71.8445938019025,True,discovery
XLV,2004-05-26T00:00:00.000Z,20.9758315508,-0.0180528691143658,74.5269736141,71.893658890343,True,discovery
XLV,2004-05-27T00:00:00.000Z,21.189308497,-0.0019461563404652,74.9452947728,71.94186360161349,True,discovery
XLV,2004-05-28T00:00:00.000Z,21.1824221439,-0.0032404406986696,74.9386534791,71.9917079014625,True,discovery
XLV,2004-06-01T00:00:00.000Z,21.2926037935,-0.0108765195141569,74.8390526657,72.0401686131795,True,discovery
XLV,2004-06-02T00:00:00.000Z,21.4234445025,-0.0032041012483471,75.1179298968,72.08900690165,True,discovery
XLV,2004-06-03T00:00:00.000Z,21.3683536776,-0.0114686205799721,74.4273728007,72.13157162405399,True,discovery
XLV,2004-06-04T00:00:00.000Z,21.4096717963,-0.0057563159555414,75.0183343954,72.1758447695695,True,discovery
XLV,2004-06-07T00:00:00.000Z,21.6231487424,0.0109465550551604,76.1604045107,72.227173069526,True,discovery
XLV,2004-06-08T00:00:00.000Z,21.6506941549,0.0254403131158744,76.2666466178,72.2779829872415,True,discovery
XLV,2004-06-09T00:00:00.000Z,21.3958990901,0.0123818833542843,75.5561702886,72.328520500737,True,discovery
XLV,2004-06-10T00:00:00.000Z,21.4027854432,0.0090909090920663,75.9280063754,72.38039238843851,True,discovery
XLV,2004-06-14T00:00:00.000Z,21.2512856749,0.0032509752913139,75.1776922441,72.42792230626699,True,discovery
XLV,2004-06-15T00:00:00.000Z,21.2788310873,0.0065146579778982,75.7088868435,72.47800980432949,True,discovery
XLV,2004-06-16T00:00:00.000Z,21.2857174404,0.0098007187203041,75.6956089041,72.525997316851,True,discovery
XLV,2004-06-17T00:00:00.000Z,21.3201492059,0.0117647058825205,75.5827308153,72.571190054279,True,discovery
XLV,2004-06-18T00:00:00.000Z,21.3104738798,0.0213184818497578,75.724663402,72.61263168206101,True,discovery
XLV,2004-06-21T00:00:00.000Z,21.1654576933,0.0211084756343582,75.4381052209,72.650803738139,True,discovery
XLV,2004-06-22T00:00:00.000Z,21.0756857684,0.0147547429067882,75.8179614145,72.69071106647401,True,discovery
XLV,2004-06-23T00:00:00.000Z,21.1999853568,0.0258415319751204,76.471049501,72.73578622870849,True,discovery
XLV,2004-06-24T00:00:00.000Z,21.2068908895,0.0163541988875222,76.2311396597,72.776873867484,True,discovery
XLV,2004-06-25T00:00:00.000Z,21.0204415069,0.0021267312331318,75.8646097543,72.8183592413825,True,discovery
XLV,2004-06-28T00:00:00.000Z,20.9168585165,-0.0128578986208338,75.6047088146,72.86195629038549,True,discovery
XLV,2004-06-29T00:00:00.000Z,21.0273470395,-0.0073209335243399,75.9179242371,72.90613541343299,True,discovery
XLV,2004-06-30T00:00:00.000Z,21.1033078991,-0.0088902182295707,76.3244376721,72.9517239243445,True,discovery
XLV,2004-07-01T00:00:00.000Z,20.8063699935,-0.0288037018943425,75.2648408155,72.9931952461265,True,discovery
XLV,2004-07-02T00:00:00.000Z,20.7925589281,-0.0269461446673634,75.224852621,73.0295794408915,True,discovery
XLV,2004-07-06T00:00:00.000Z,20.6406372089,-0.0359199615349967,74.5651037228,73.0633209030505,True,discovery
XLV,2004-07-07T00:00:00.000Z,20.5922984801,-0.047673457486728,74.7850217993,73.0941603798525,True,discovery
XLV,2004-07-08T00:00:00.000Z,20.5439597513,-0.0511177330242559,74.2652192534,73.124139035162,True,discovery
XLV,2004-07-09T00:00:00.000Z,20.4956210225,-0.042077131875078,74.4584800885,73.158771729136,True,discovery
XLV,2004-07-12T00:00:00.000Z,20.4058490975,-0.046579747684979,74.4917981416,73.19228688910451,True,discovery
XLV,2004-07-13T00:00:00.000Z,20.571581882,-0.0319841257276402,74.5451126244,73.2320941464255,True,discovery
XLV,2004-07-14T00:00:00.000Z,20.6475427416,-0.0296674353544155,74.3185290713,73.2735013794325,True,discovery
XLV,2004-07-15T00:00:00.000Z,20.4196601629,-0.0406872486175275,73.83871472,73.31359611674549,True,discovery
XLV,2004-07-16T00:00:00.000Z,20.2401163129,-0.0506578487124809,73.7787347606,73.3501641623,True,discovery
XLV,2004-07-19T00:00:00.000Z,20.1434388553,-0.0547634478277003,73.4655193381,73.3883929227035,True,discovery
XLV,2004-07-20T00:00:00.000Z,20.2263052476,-0.0443719412690655,74.3985001291,73.42427325851949,True,discovery
XLV,2004-07-21T00:00:00.000Z,19.9984226688,-0.0511140235927792,73.0256885164,73.45207127786699,True,discovery
XLV,2004-07-22T00:00:00.000Z,20.0951001265,-0.0521172638426187,73.2256094968,73.47777381883901,True,discovery
XLV,2004-07-23T00:00:00.000Z,19.970800538,-0.0582872028691398,72.6125096048,73.4988633154195,True,discovery
XLV,2004-07-26T00:00:00.000Z,19.7705400901,-0.0594612352166683,72.4725632526,73.5179360230345,True,discovery
XLV,2004-07-27T00:00:00.000Z,19.8534064823,-0.0508418620014621,73.1523039155,73.541263525592,True,discovery
XLV,2004-07-28T00:00:00.000Z,19.8050677535,-0.0581280788158363,73.3722213256,73.5647686807545,True,discovery
XLV,2004-07-29T00:00:00.000Z,19.8948396785,-0.0572643979028301,73.6854374146,73.5888850489835,True,discovery
XLV,2004-07-30T00:00:00.000Z,19.970800538,-0.0401593096614659,73.8653666301,73.6128144872275,True,discovery
XLV,2004-08-02T00:00:00.000Z,19.95008394,-0.0405181002979601,74.0186446019,73.6362920569255,True,discovery
XLV,2004-08-03T00:00:00.000Z,19.9293673419,-0.0344596855126791,73.4455275733,73.657825975926,True,discovery
XLV,2004-08-04T00:00:00.000Z,19.8879341458,-0.0342052313869033,73.4388620967,73.6779436411805,True,discovery
XLV,2004-08-05T00:00:00.000Z,19.5219409132,-0.0497478991622015,72.2393195542,73.69585013030351,True,discovery
XLV,2004-08-06T00:00:00.000Z,19.2526251383,-0.0606469002737435,71.2063746077,73.706023642859,True,discovery
XLV,2004-08-09T00:00:00.000Z,19.1628532134,-0.0609137055831842,71.3063380968,73.71728964712051,True,discovery
XLV,2004-08-10T00:00:00.000Z,19.4459800536,-0.0547163477683209,72.2259879347,73.73750017847951,True,discovery
XLV,2004-08-11T00:00:00.000Z,19.7705400901,-0.0424749163847494,72.0793814371,73.7576032878365,True,discovery
XLV,2004-08-12T00:00:00.000Z,19.660051567,-0.0371998647303698,71.2930118085,73.77301722988099,True,discovery
XLV,2004-08-13T00:00:00.000Z,19.5081298479,-0.0361651313502318,71.4329581608,73.788966288411,True,discovery
XLV,2004-08-16T00:00:00.000Z,19.7705400901,-0.0185121700360456,72.1726787832,73.803971321844,True,discovery
XLV,2004-08-17T00:00:00.000Z,19.7981622208,-0.0211676340072443,72.5791922182,73.820547956876,True,discovery
XLV,2004-08-18T00:00:00.000Z,20.060572463,0.0031077348063535,73.3255729858,73.840132109509,True,discovery
XLV,2004-08-19T00:00:00.000Z,19.9915171361,-0.0051546391781049,73.1123203859,73.858979259328,True,discovery
XLV,2004-08-20T00:00:00.000Z,20.1572499207,0.0093360995892592,73.6254621201,73.87812021628349,True,discovery
XLV,2004-08-23T00:00:00.000Z,20.1158167245,0.0174641983894459,73.4388620967,73.89708546595051,True,discovery
XLV,2004-08-24T00:00:00.000Z,20.1296277899,0.0139130434792771,73.5388249193,73.916287138704,True,discovery
XLV,2004-08-25T00:00:00.000Z,20.3229827052,0.0261506276144132,74.0386357004,73.936143970131,True,discovery
XLV,2004-08-26T00:00:00.000Z,20.2953605745,0.0201318986467047,74.0386357004,73.958601986326,True,discovery
XLV,2004-08-27T00:00:00.000Z,20.4403767609,0.0235131396964534,74.2718800651,73.9836420605925,True,discovery
XLV,2004-08-30T00:00:00.000Z,20.1848720514,0.0117687781217425,73.6587801732,74.00571540785751,True,discovery
XLV,2004-08-31T00:00:00.000Z,20.2953605745,0.0183645183673504,74.0453018433,74.0258360544335,True,discovery
XLV,2004-09-01T00:00:00.000Z,20.3782269667,0.0246527777749878,74.1852481956,74.0465576570205,True,discovery
XLV,2004-09-02T00:00:00.000Z,20.5853929474,0.0544747081721228,75.0249316406,74.074441054719,True,discovery
XLV,2004-09-03T00:00:00.000Z,20.571581882,0.0685078909616407,74.7183816947,74.102536795828,True,discovery
XLV,2004-09-07T00:00:00.000Z,20.6820704051,0.0792792792796459,75.2115269991,74.13668724853851,True,discovery
XLV,2004-09-08T00:00:00.000Z,20.6337316762,0.0610795454549546,75.0249316406,74.167007189388,True,discovery
XLV,2004-09-09T00:00:00.000Z,20.550865284,0.0394690883680384,74.9582908696,74.20008900965999,True,discovery
XLV,2004-09-10T00:00:00.000Z,20.5232431532,0.0439058658243243,75.3448078748,74.233687582003,True,discovery
XLV,2004-09-13T00:00:00.000Z,20.5439597513,0.0530973451312917,75.5913825263,74.2639752014865,True,discovery
XLV,2004-09-14T00:00:00.000Z,20.7027870031,0.0471533356575735,75.7446604982,74.2937121503325,True,discovery
XLV,2004-09-15T00:00:00.000Z,20.6199206109,0.0415068015371982,75.1715434695,74.319332296356,True,discovery
XLV,2004-09-16T00:00:00.000Z,20.6130150782,0.0275387263358977,75.3981216912,74.34582194246151,True,discovery
XLV,2004-09-17T00:00:00.000Z,20.6742947753,0.0341533678785721,75.7171895648,74.3701203946465,True,discovery
XLV,2004-09-20T00:00:00.000Z,20.4457347325,0.0143117147892157,75.2621496734,74.393032645594,True,discovery
XLV,2004-09-21T00:00:00.000Z,20.549625661,0.0215655641747642,75.5900442452,74.41814411072751,True,discovery
XLV,2004-09-22T00:00:00.000Z,20.2933613707,0.0081339596791827,74.6465097111,74.437089163644,True,discovery
XLV,2004-09-23T00:00:00.000Z,20.1479140708,-0.0086143179345031,74.2450005,74.456496146589,True,discovery
XLV,2004-09-24T00:00:00.000Z,20.203322566,-0.0045349284710732,74.586281255,74.47523882968301,True,discovery
XLV,2004-09-27T00:00:00.000Z,20.0855795137,-0.0173576667079192,74.1111674422,74.4943388371645,True,discovery
XLV,2004-09-28T00:00:00.000Z,20.2379528755,0.0026297329982984,74.4658296962,74.515245065801,True,discovery
XLV,2004-09-29T00:00:00.000Z,20.3279916802,0.0016078110847166,74.8405658717,74.534073823458,True,discovery
XLV,2004-09-30T00:00:00.000Z,19.9401322137,-0.0214981781150975,74.7870358606,74.5519434810485,True,discovery
XLV,2004-10-01T00:00:00.000Z,20.1271358851,-0.0222612734899422,76.0517772282,74.57791487155049,True,discovery
XLV,2004-10-04T00:00:00.000Z,20.2171746898,-0.0172279990052736,76.1789165252,74.602678063305,True,discovery
XLV,2004-10-05T00:00:00.000Z,20.1548401327,-0.0254921418442706,76.2190710599,74.626522545079,True,discovery
XLV,2004-10-06T00:00:00.000Z,20.134061947,-0.0242161591049643,76.7410264765,74.648959786213,True,discovery
XLV,2004-10-07T00:00:00.000Z,19.6769418615,-0.0425248966611833,75.917938817,74.6682838967095,True,discovery
XLV,2004-10-08T00:00:00.000Z,19.4068254473,-0.0543977234770483,75.2889173557,74.6819486431595,True,discovery
XLV,2004-10-11T00:00:00.000Z,19.5384206235,-0.0489457310067195,75.5967373368,74.69692091715349,True,discovery
XLV,2004-10-12T00:00:00.000Z,19.5037903139,-0.057914747855951,75.3022988547,74.7107849033605,True,discovery
XLV,2004-10-13T00:00:00.000Z,19.2960084569,-0.0642054922995269,74.6398166195,74.72107184033301,True,discovery
XLV,2004-10-14T00:00:00.000Z,19.1644132808,-0.0702760751837812,74.037557487,74.7235174516685,True,discovery
XLV,2004-10-15T00:00:00.000Z,19.1921175284,-0.0716917922961409,74.4524481972,74.727971365311,True,discovery
XLV,2004-10-18T00:00:00.000Z,19.3721951378,-0.0525067750680308,74.7335004961,74.73349972137152,True,discovery
XLV,2004-10-19T00:00:00.000Z,19.0535962904,-0.0728008088945012,74.1044743505,74.7360483446635,True,discovery
XLV,2004-10-20T00:00:00.000Z,19.0466702285,-0.0614334470976307,73.9572551095,74.7338579242035,True,discovery
XLV,2004-10-21T00:00:00.000Z,18.866592619,-0.0635957373700037,74.4390620139,74.733712630334,True,discovery
XLV,2004-10-22T00:00:00.000Z,18.728071381,-0.0730202262613323,73.6025928554,74.7281278755345,True,discovery
XLV,2004-10-25T00:00:00.000Z,18.6241804525,-0.0727586206911883,73.5156020705,74.72061947600399,True,discovery
XLV,2004-10-26T00:00:00.000Z,18.9774096095,-0.0622861054057501,74.6398166195,74.72200728421099,True,discovery
XLV,2004-10-27T00:00:00.000Z,19.4760860663,-0.0419080068165208,75.5365088807,74.725132721314,True,discovery
XLV,2004-10-28T00:00:00.000Z,19.4414557568,-0.0250086835711842,75.7640311685,74.73157920752,True,discovery
XLV,2004-10-29T00:00:00.000Z,19.496864252,-0.0313145216834643,75.7506449853,74.73484902577701,True,discovery
XLV,2004-11-01T00:00:00.000Z,19.3167866426,-0.0445357999332253,75.9580926825,74.738229783151,True,discovery
XLV,2004-11-02T00:00:00.000Z,19.1713393427,-0.0487972508600714,75.9848603647,74.740255664972,True,discovery
XLV,2004-11-03T00:00:00.000Z,19.7392764186,-0.0196078431386182,76.941781082,74.747165416944,True,discovery
XLV,2004-11-04T00:00:00.000Z,19.78083279,0.0052798310444406,77.9923863451,74.756350790461,True,discovery
XLV,2004-11-05T00:00:00.000Z,19.8985758423,0.0253390435409113,78.4808816569,74.76897109115,True,discovery
XLV,2004-11-08T00:00:00.000Z,19.8916497804,0.0180786954947194,78.3671231897,74.78224665225099,True,discovery
XLV,2004-11-09T00:00:00.000Z,19.8985758423,0.020241477274222,78.2132101879,74.78998879607849,True,discovery
XLV,2004-11-10T00:00:00.000Z,19.8431673471,0.0283560660445472,78.273438644,74.80196887848899,True,discovery
XLV,2004-11-11T00:00:00.000Z,19.9470582756,0.0408384531961694,78.8690046848,74.821260554419,True,discovery
XLV,2004-11-12T00:00:00.000Z,19.9747625232,0.0407795019826164,79.4913377387,74.84329999099549,True,discovery
XLV,2004-11-15T00:00:00.000Z,20.0786534518,0.0364676439079185,79.6860824807,74.866313151282,True,discovery
XLV,2004-11-16T00:00:00.000Z,19.9816885851,0.0487095601562423,79.1155977968,74.88485286507999,True,discovery
XLV,2004-11-17T00:00:00.000Z,19.9747625232,0.048727272723569,79.5854087524,74.9063702028035,True,discovery
XLV,2004-11-18T00:00:00.000Z,19.919354028,0.0558002936863011,79.6927906621,74.93150110156199,True,discovery
XLV,2004-11-19T00:00:00.000Z,19.6769418615,0.0506656804748539,78.8068677595,74.951110665321,True,discovery
XLV,2004-11-22T00:00:00.000Z,19.711572171,0.0583860171068111,79.1827171952,74.9683980418975,True,discovery
XLV,2004-11-23T00:00:00.000Z,19.6492376139,0.0354014598527547,79.3035255348,74.986190193607,True,discovery
XLV,2004-11-24T00:00:00.000Z,19.6977200472,0.0113798008565746,79.4914472325,75.0036979275225,True,discovery
XLV,2004-11-26T00:00:00.000Z,19.8154630995,0.0192376202368067,79.4310407136,75.0168675891335,True,discovery
XLV,2004-11-29T00:00:00.000Z,19.8085370376,0.0159857904107849,79.068617708,75.029614583116,True,discovery
XLV,2004-11-30T00:00:00.000Z,19.8777976566,0.0290426676227184,79.1223106763,75.04435033488149,True,discovery
XLV,2004-12-01T00:00:00.000Z,20.2102486279,0.0541907514456256,80.0216593377,75.0601422738445,True,discovery
XLV,2004-12-02T00:00:00.000Z,20.4041783611,0.0336842105252386,80.088774038,75.077956960622,True,discovery
XLV,2004-12-03T00:00:00.000Z,20.2656571231,0.0245098039221631,80.0350803985,75.09692571876451,True,discovery
XLV,2004-12-06T00:00:00.000Z,20.2241007517,0.016359206406521,80.0082335788,75.1169181410045,True,discovery
XLV,2004-12-07T00:00:00.000Z,20.0163188946,0.0062674094696177,79.2632522851,75.134145045,True,discovery
XLV,2004-12-08T00:00:00.000Z,20.3072134945,0.0205360250622219,79.7263503612,75.1543490742205,True,discovery
XLV,2004-12-09T00:00:00.000Z,20.4388086706,0.0300174520065745,80.0082335788,75.17437455884951,True,discovery
XLV,2004-12-10T00:00:00.000Z,20.4249565468,0.0239583333340227,80.088774038,75.19457117341351,True,discovery
XLV,2004-12-13T00:00:00.000Z,20.5219214134,0.0273925104022887,80.7867745717,75.2179931492795,True,discovery
XLV,2004-12-14T00:00:00.000Z,20.7019990229,0.0310451879951201,81.0686577893,75.23905314289,True,discovery
XLV,2004-12-15T00:00:00.000Z,20.76433358,0.0391681109214967,81.1290589389,75.2626647377725,True,discovery
XLV,2004-12-16T00:00:00.000Z,21.0552281798,0.0540915395286967,81.0820788501,75.28534670851151,True,discovery
XLV,2004-12-17T00:00:00.000Z,20.6349131873,0.0359228094592907,80.5437424292,75.3043445432245,True,discovery
XLV,2004-12-20T00:00:00.000Z,20.3847930274,0.0359736371069421,80.5639720984,75.3221533222915,True,discovery
XLV,2004-12-21T00:00:00.000Z,20.5793309295,0.0440228080729481,81.1843679516,75.347761751871,True,discovery
XLV,2004-12-22T00:00:00.000Z,20.7321821383,0.0551138189521367,81.3799286135,75.375869764422,True,discovery
XLV,2004-12-23T00:00:00.000Z,20.815555525,0.05674948547961,81.440617621,75.4106330051805,True,discovery
XLV,2004-12-27T00:00:00.000Z,20.7877643961,0.0490678058704836,81.2720314249,75.4493833184675,True,discovery
XLV,2004-12-28T00:00:00.000Z,21.0031456448,0.0603077655322261,81.7171010058,75.48552897615,True,discovery
XLV,2004-12-29T00:00:00.000Z,21.0448323381,0.0587104618761682,81.8384837414,75.526846912961,True,discovery
XLV,2004-12-30T00:00:00.000Z,21.0587279026,0.0419826242775007,81.6833817435,75.56543747447951,True,discovery
XLV,2004-12-31T00:00:00.000Z,20.975354516,0.0279930975308924,81.5080561456,75.5990161281995,True,discovery
XLV,2005-01-03T00:00:00.000Z,20.7321821383,0.0230204731268361,81.1236796183,75.630573655876,True,discovery
XLV,2005-01-04T00:00:00.000Z,20.5654353651,0.0168776163445145,80.1323921105,75.662518328117,True,discovery
XLV,2005-01-05T00:00:00.000Z,20.530696454,0.0256979098958485,79.5794293871,75.696379349275,True,discovery
XLV,2005-01-06T00:00:00.000Z,20.6835476628,0.018532043719436,79.9840355835,75.73289420811551,True,discovery
XLV,2005-01-07T00:00:00.000Z,20.6696520984,0.0112943680583523,79.8693976445,75.768537065525,True,discovery
XLV,2005-01-10T00:00:00.000Z,20.850294436,0.0208244207631684,80.2470293752,75.8012541164205,True,discovery
XLV,2005-01-11T00:00:00.000Z,20.7043910095,0.0088914479509143,79.6940666518,75.8311067575335,True,discovery
XLV,2005-01-12T00:00:00.000Z,20.8433466538,0.006827728604549,79.9570611178,75.85709520769551,True,discovery
XLV,2005-01-13T00:00:00.000Z,20.530696454,-0.0112518480354715,79.3164355954,75.878618920164,True,discovery
XLV,2005-01-14T00:00:00.000Z,20.6140698406,-0.0209524368690167,79.7345259902,75.9018014967965,True,discovery
XLV,2005-01-18T00:00:00.000Z,20.7808166139,0.0070707070718281,80.5639720984,75.926873712314,True,discovery
XLV,2005-01-19T00:00:00.000Z,20.6488087517,0.0129516019095765,79.7210411175,75.94487608767899,True,discovery
XLV,2005-01-20T00:00:00.000Z,20.5445920185,-0.0016880486114444,79.2355121982,75.958359235894,True,discovery
XLV,2005-01-21T00:00:00.000Z,20.4056363741,-0.0157506702392292,78.7499832789,75.970643116566,True,discovery
XLV,2005-01-24T00:00:00.000Z,20.2319418186,-0.0280373831819701,78.5948866758,75.983047926191,True,discovery
XLV,2005-01-25T00:00:00.000Z,20.370897463,-0.0200534759369415,78.8174164087,75.9974285601005,True,discovery
XLV,2005-01-26T00:00:00.000Z,20.4959575429,-0.0241481971547232,79.0534411294,76.01149533529251,True,discovery
XLV,2005-01-27T00:00:00.000Z,20.4542708496,-0.0280620666875466,79.1883080633,76.03158162085701,True,discovery
XLV,2005-01-28T00:00:00.000Z,20.2875240764,-0.0366215770376512,79.1883080633,76.0510703095095,True,discovery
XLV,2005-01-31T00:00:00.000Z,20.3222629875,-0.0311361377945637,79.6805824535,76.074447962737,True,discovery
XLV,2005-02-01T00:00:00.000Z,20.5168008896,-0.0103887399436893,80.186341042,76.0974660138705,True,discovery
XLV,2005-02-02T00:00:00.000Z,20.6001742762,0.0016891891896901,80.429100444,76.121697862014,True,discovery
XLV,2005-02-03T00:00:00.000Z,20.5376442362,0.0003384094745915,80.2200549095,76.151225663002,True,discovery
XLV,2005-02-04T00:00:00.000Z,20.7252343561,0.0020154517967425,81.0764754834,76.1825455797245,True,discovery
XLV,2005-02-07T00:00:00.000Z,20.7391299206,0.0033613445388072,80.9685782948,76.20808043096599,True,discovery
XLV,2005-02-08T00:00:00.000Z,20.7877643961,-0.0029990003302801,81.0629858903,76.233722118752,True,discovery
XLV,2005-02-09T00:00:00.000Z,20.5654353651,-0.0067114093979504,80.4560749098,76.256860462171,True,discovery
XLV,2005-02-10T00:00:00.000Z,20.6001742762,-0.0116666666653393,80.7460431672,76.28111662867249,True,discovery
XLV,2005-02-11T00:00:00.000Z,20.8086077427,0.0135363790177636,81.440617621,76.31375925201601,True,discovery
XLV,2005-02-14T00:00:00.000Z,20.8225033072,0.0101112234610503,81.3799286135,76.3493852067,True,discovery
XLV,2005-02-15T00:00:00.000Z,20.815555525,0.0016716817122943,81.6833817435,76.3894168220705,True,discovery
XLV,2005-02-16T00:00:00.000Z,20.7877643961,0.0067294751029431,81.737330675,76.425767392551,True,discovery
XLV,2005-02-17T00:00:00.000Z,20.7599732672,0.0104835982387019,81.0764754834,76.45911249881,True,discovery
XLV,2005-02-18T00:00:00.000Z,21.072623467,0.0326864147077803,81.1843679516,76.49060667644,True,discovery
XLV,2005-02-22T00:00:00.000Z,20.8225033072,0.029189560443332,79.9772901127,76.519285851557,True,discovery
XLV,2005-02-23T00:00:00.000Z,20.9197722582,0.0269440654834638,80.5504825053,76.5569729535835,True,discovery
XLV,2005-02-24T00:00:00.000Z,21.0795712492,0.0284745762708786,81.0832155595,76.6010752915375,True,discovery
XLV,2005-02-25T00:00:00.000Z,21.2532658047,0.0390625000018334,81.885687202,76.646135610125,True,discovery
XLV,2005-02-28T00:00:00.000Z,20.9336678227,0.0318493150700258,81.3462093512,76.686174561426,True,discovery
XLV,2005-03-01T00:00:00.000Z,21.1004145959,0.0382905982900934,81.7508202681,76.72976375610101,True,discovery
XLV,2005-03-02T00:00:00.000Z,21.1212579425,0.0294615645076714,81.7103562093,76.7729846213795,True,discovery
XLV,2005-03-03T00:00:00.000Z,21.1004145959,0.0242833052280504,81.7440754715,76.819494876805,True,discovery
XLV,2005-03-04T00:00:00.000Z,21.294952498,0.0368741542647408,82.7623374451,76.869270438253,True,discovery
XLV,2005-03-07T00:00:00.000Z,21.3435869735,0.029835735836589,82.8027967835,76.92050990647449,True,discovery
XLV,2005-03-08T00:00:00.000Z,21.2046313292,0.0224455611388798,82.4925988569,76.969036371147,True,discovery
XLV,2005-03-09T00:00:00.000Z,21.072623467,0.0137032085544246,81.5754892754,77.012346507771,True,discovery
XLV,2005-03-10T00:00:00.000Z,21.1490490714,0.0283783783780431,81.7575603442,77.0550398109495,True,discovery
XLV,2005-03-11T00:00:00.000Z,20.9823022982,0.0185497470495423,81.1843679516,77.08962157594699,True,discovery
XLV,2005-03-14T00:00:00.000Z,21.0170412093,0.0100166944938024,81.6901265401,77.125437340577,True,discovery
XLV,2005-03-15T00:00:00.000Z,20.7738688316,-0.0023356690059058,81.0157817554,77.15578977549,True,discovery
XLV,2005-03-16T00:00:00.000Z,20.5723831473,-0.011682242994089,80.3279527724,77.1827362719565,True,discovery
XLV,2005-03-17T00:00:00.000Z,20.6418609695,-0.0070187165786509,80.489794172,77.21098997948799,True,discovery
XLV,2005-03-18T00:00:00.000Z,20.6214136464,-0.0066743641244912,80.2518111541,77.2366593857745,True,discovery
XLV,2005-03-21T00:00:00.000Z,20.5377567959,-0.0253820636968913,79.9539282676,77.264292163109,True,discovery
XLV,2005-03-22T00:00:00.000Z,20.5447282002,-0.0133401398910548,79.1415286424,77.28490813434401,True,discovery
XLV,2005-03-23T00:00:00.000Z,20.7678131348,-0.0072638995073397,79.2092274829,77.300152249205,True,discovery
XLV,2005-03-24T00:00:00.000Z,20.774784539,-0.0144588666722321,79.3040070781,77.3153390515065,True,discovery
XLV,2005-03-28T00:00:00.000Z,20.7608417306,-0.0231693368268656,79.4190967316,77.3346536837215,True,discovery
XLV,2005-03-29T00:00:00.000Z,20.6911276885,-0.0115861270110053,78.891035892,77.34946883130449,True,discovery
XLV,2005-03-30T00:00:00.000Z,21.0187836863,-0.0038686874719446,80.0080897771,77.3736208189695,True,discovery
XLV,2005-03-31T00:00:00.000Z,20.8166129643,-0.0144236190396122,79.8591486724,77.394372128114,True,discovery
XLV,2005-04-01T00:00:00.000Z,20.6353564549,-0.0220402371188651,79.5003383189,77.41339577518801,True,discovery
XLV,2005-04-04T00:00:00.000Z,20.739927518,-0.0260636871602381,79.6357366768,77.4336608044955,True,discovery
XLV,2005-04-05T00:00:00.000Z,21.1582117704,-0.0086852881537745,80.0148611506,77.45511179323849,True,discovery
XLV,2005-04-06T00:00:00.000Z,21.1721545788,-0.0015315875996994,80.2924292397,77.4793834133325,True,discovery
XLV,2005-04-07T00:00:00.000Z,21.3882681093,0.0149788963293679,80.7257104841,77.5039221586805,True,discovery
XLV,2005-04-08T00:00:00.000Z,21.2348972167,0.0040591964683693,79.8862294272,77.5209980583115,True,discovery
XLV,2005-04-11T00:00:00.000Z,21.2139830041,0.0110417199508119,79.9471568941,77.5395781444835,True,discovery
XLV,2005-04-12T00:00:00.000Z,21.3534110882,0.0160046257487072,80.3601287572,77.562055739498,True,discovery
XLV,2005-04-13T00:00:00.000Z,21.4510107472,0.0325958501562295,79.4123300972,77.581093845911,True,discovery
XLV,2005-04-14T00:00:00.000Z,21.3673538967,0.0386426182959913,78.3765130604,77.5933867900275,True,discovery
XLV,2005-04-15T00:00:00.000Z,21.4719249598,0.0402126528962909,77.2797732956,77.59816346814499,True,discovery
XLV,2005-04-18T00:00:00.000Z,21.3255254714,0.0341446923607451,77.5167226221,77.60942287717799,True,discovery
XLV,2005-04-19T00:00:00.000Z,21.311582663,0.0376782077414843,78.1327970994,77.62396259957,True,discovery
XLV,2005-04-20T00:00:00.000Z,21.0466693031,0.0244316253789675,77.0428232921,77.6363511974165,True,discovery
XLV,2005-04-21T00:00:00.000Z,21.3394682798,0.0275260154398293,78.538996912,77.65512107298,True,discovery
XLV,2005-04-22T00:00:00.000Z,21.2558114293,0.0231543624145404,78.2411147025,77.67500055022549,True,discovery
XLV,2005-04-25T00:00:00.000Z,21.3046112588,0.026192075218151,78.7556375342,77.696486337454,True,discovery
XLV,2005-04-26T00:00:00.000Z,21.1721545788,0.0232479784350929,77.9906219521,77.71398045650649,True,discovery
XLV,2005-04-27T00:00:00.000Z,21.3324968756,0.0149253731320559,78.2952762121,77.732731274445,True,discovery
XLV,2005-04-28T00:00:00.000Z,21.2279258125,0.019758874746117,77.3136200078,77.7477067291275,True,discovery
XLV,2005-04-29T00:00:00.000Z,21.5416390019,0.0439189189186406,78.3629750525,77.77032803079001,True,discovery
XLV,2005-05-02T00:00:00.000Z,21.6322672566,0.043025210084536,78.8030276703,77.7954494953385,True,discovery
XLV,2005-05-03T00:00:00.000Z,21.6183244481,0.0217462932450505,78.9384253511,77.82281402540349,True,discovery
XLV,2005-05-04T00:00:00.000Z,21.8344379786,0.0312808692821067,79.547728455,77.848560167033,True,discovery
XLV,2005-05-05T00:00:00.000Z,21.8274665744,0.0205345501961904,79.5206477002,77.88103496295201,True,discovery
XLV,2005-05-06T00:00:00.000Z,21.7298669155,0.0233092580457954,79.2701549499,77.9112576902175,True,discovery
XLV,2005-05-09T00:00:00.000Z,21.8902092122,0.0318764377236138,79.7643690772,77.9470169875795,True,discovery
XLV,2005-05-10T00:00:00.000Z,21.7507811281,0.0186092066629854,78.9384253511,77.979346298072,True,discovery
XLV,2005-05-11T00:00:00.000Z,21.8414093828,0.0181995450098291,79.3717065955,78.010443311472,True,discovery
XLV,2005-05-12T00:00:00.000Z,21.813523766,0.020880913540207,78.4983734104,78.036074071896,True,discovery
XLV,2005-05-13T00:00:00.000Z,21.6671242776,0.0090909090901469,78.3426656712,78.05936021317899,True,discovery
XLV,2005-05-16T00:00:00.000Z,21.9250662333,0.0281137626692506,79.073829125,78.08540252565349,True,discovery
XLV,2005-05-17T00:00:00.000Z,21.9111234249,0.0281321557099036,79.6018899646,78.11331875246701,True,discovery
XLV,2005-05-18T00:00:00.000Z,21.9599232543,0.0433918516059681,80.4210616402,78.1481964228015,True,discovery
XLV,2005-05-19T00:00:00.000Z,21.9529518501,0.028748774911169,80.7595626123,78.18479992537951,True,discovery
XLV,2005-05-20T00:00:00.000Z,21.9390090417,0.0321416858007241,80.6444736358,78.2268256957875,True,discovery
XLV,2005-05-23T00:00:00.000Z,21.9808374669,0.0317408376940311,81.091292211,78.27625028380399,True,discovery
XLV,2005-05-24T00:00:00.000Z,22.0087230838,0.039512676987427,80.9017323436,78.324227255038,True,discovery
XLV,2005-05-25T00:00:00.000Z,21.8692949996,0.0251633986930985,80.8408048766,78.36730133974748,True,discovery
XLV,2005-05-26T00:00:00.000Z,21.9529518501,0.0341543513956068,81.274085444,78.413274859782,True,discovery
XLV,2005-05-27T00:00:00.000Z,21.883237808,0.0158576051743264,81.4094838018,78.46385721974849,True,discovery
XLV,2005-05-31T00:00:00.000Z,21.813523766,0.0083789880760047,80.8881943357,78.51113340062301,True,discovery
XLV,2005-06-01T00:00:00.000Z,21.8692949996,0.0116091583370632,81.5787342879,78.5581636781465,True,discovery
XLV,2005-06-02T00:00:00.000Z,21.8692949996,0.0015964240084478,81.7547561474,78.60404149779251,True,discovery
XLV,2005-06-03T00:00:00.000Z,21.7926095533,-0.0015969338897479,81.3417849614,78.6441225576705,True,discovery
XLV,2005-06-06T00:00:00.000Z,21.7995809575,0.0032082130217867,81.2673140705,78.6848975260935,True,discovery
XLV,2005-06-07T00:00:00.000Z,21.8065523618,-0.0038216560467303,81.3282415375,78.7234114231805,True,discovery
XLV,2005-06-08T00:00:00.000Z,21.6531814692,-0.0044871794868053,81.1793058488,78.762113641941,True,discovery
XLV,2005-06-09T00:00:00.000Z,21.7438097239,-0.0044685604847852,81.56519628,78.8022454987445,True,discovery
XLV,2005-06-10T00:00:00.000Z,21.6950098944,-0.0054330457046433,81.3756316736,78.83893047861051,True,discovery
XLV,2005-06-13T00:00:00.000Z,21.7856381491,0.005469755468312,81.6328957975,78.876901779096,True,discovery
XLV,2005-06-14T00:00:00.000Z,21.9738660627,0.0022257551644648,81.8224556649,78.914654657095,True,discovery
XLV,2005-06-15T00:00:00.000Z,21.8902092122,-0.0009545020715933,81.978162727,78.956251569864,True,discovery
XLV,2005-06-16T00:00:00.000Z,22.0296372964,0.0031746031756441,82.1880373918,78.9969652476065,True,discovery
XLV,2005-06-17T00:00:00.000Z,22.1384121163,0.0084480787579896,82.4910763251,79.03849438825401,True,discovery
XLV,2005-06-20T00:00:00.000Z,22.1104419177,0.0078140665184172,82.5182658893,79.0759610594975,True,discovery
XLV,2005-06-21T00:00:00.000Z,22.0754791696,0.0043056458991845,82.5658457575,79.1151983798115,True,discovery
XLV,2005-06-22T00:00:00.000Z,21.9985611237,-0.0004617242018679,82.6338172891,79.1523098312615,True,discovery
XLV,2005-06-23T00:00:00.000Z,21.8517175816,-0.0008037487262539,81.4714931554,79.1845426388355,True,discovery
XLV,2005-06-24T00:00:00.000Z,21.7468293372,-0.0093892846077126,80.8733390554,79.2141178797645,True,discovery
XLV,2005-06-27T00:00:00.000Z,21.6559261921,-0.0103874763823523,80.9888911349,79.242338296065,True,discovery
XLV,2005-06-28T00:00:00.000Z,21.8726952305,0.0027126045812106,81.668613248,79.27272444967349,True,discovery
XLV,2005-06-29T00:00:00.000Z,21.844725032,-0.0011234915254676,81.4511021718,79.3012566580415,True,discovery
XLV,2005-06-30T00:00:00.000Z,21.6978814898,-0.0078380903363888,81.0092814388,79.330445347888,True,discovery
XLV,2005-07-01T00:00:00.000Z,21.6699112913,-0.0056302693672323,81.2471834987,79.3596906569255,True,discovery
XLV,2005-07-05T00:00:00.000Z,21.7468293372,-0.0024198456109245,81.8997160475,79.39060328933901,True,discovery
XLV,2005-07-06T00:00:00.000Z,21.6069783447,-0.0091520206307168,81.2132001119,79.4203585415315,True,discovery
XLV,2005-07-07T00:00:00.000Z,21.599985795,-0.002456714006469,81.5326654267,79.450071647439,True,discovery
XLV,2005-07-08T00:00:00.000Z,21.8587101312,0.0052842813085189,82.4638867608,79.4891585326875,True,discovery
XLV,2005-07-11T00:00:00.000Z,21.9286356275,0.0107686391588281,82.8853158304,79.5323601093395,True,discovery
XLV,2005-07-12T00:00:00.000Z,21.9146505282,0.0059219003922237,83.1028269066,79.5749428375975,True,discovery
XLV,2005-07-13T00:00:00.000Z,21.7957771846,-0.0081045764815278,83.2183783064,79.6204788919185,True,discovery
XLV,2005-07-14T00:00:00.000Z,21.9286356275,0.0017554156256571,83.5446476396,79.6658729816355,True,discovery
XLV,2005-07-15T00:00:00.000Z,22.0335238719,0.0001764248520168,83.4970616539,79.7091554605465,True,discovery
XLV,2005-07-18T00:00:00.000Z,21.900665429,-0.0107391029695825,83.1639991779,79.751040277133,True,discovery
XLV,2005-07-19T00:00:00.000Z,21.9076579786,-0.0091714104971221,83.6194123139,79.7888784525615,True,discovery
XLV,2005-07-20T00:00:00.000Z,22.2223227118,0.0066518847030154,83.9048990001,79.827508364936,True,discovery
XLV,2005-07-21T00:00:00.000Z,21.9845760245,-0.0006357279060825,83.4154983989,79.863490501631,True,discovery
XLV,2005-07-22T00:00:00.000Z,21.956605826,0.0048000000003807,83.9728705316,79.8996497219065,True,discovery
XLV,2005-07-25T00:00:00.000Z,21.8237473831,0.0035369774925497,83.7349684718,79.93873487018051,True,discovery
XLV,2005-07-26T00:00:00.000Z,21.9286356275,0.0125928317718169,83.8369227104,79.981474896954,True,discovery
XLV,2005-07-27T00:00:00.000Z,22.1314195666,0.0118286444982431,84.1428010599,80.0242052155695,True,discovery
XLV,2005-07-28T00:00:00.000Z,22.3411960554,0.0227272727247758,84.6729836284,80.07105863943801,True,discovery
XLV,2005-07-29T00:00:00.000Z,22.1873599636,0.0225588140496617,84.1088129151,80.118403620916,True,discovery
XLV,2005-08-01T00:00:00.000Z,22.2992407577,0.0290416263334065,84.0476406438,80.1684540367,True,discovery
XLV,2005-08-02T00:00:00.000Z,22.3831513532,0.0292604501618776,84.5506329683,80.2189449605555,True,discovery
XLV,2005-08-03T00:00:00.000Z,22.4390917502,0.0385113268604775,84.7749426251,80.26915217120049,True,discovery
XLV,2005-08-04T00:00:00.000Z,22.2153301621,0.028488183878456,84.095220512,80.31910590200799,True,discovery
XLV,2005-08-05T00:00:00.000Z,22.0614940704,0.0092770313519348,83.5242512181,80.36694088255099,True,discovery
XLV,2005-08-08T00:00:00.000Z,21.9775834749,0.0022321428579266,83.3679185307,80.411585165135,True,discovery
XLV,2005-08-09T00:00:00.000Z,22.2293152614,0.0143586470975243,83.8709108552,80.462926755134,True,discovery
XLV,2005-08-10T00:00:00.000Z,22.1943525133,0.0182868142449914,83.8301295676,80.5144993926195,True,discovery
XLV,2005-08-11T00:00:00.000Z,22.3272109562,0.0181760204086822,84.1631920436,80.56211626974,True,discovery
XLV,2005-08-12T00:00:00.000Z,22.2013450629,0.0076166296401649,83.6466018782,80.6026667347275,True,discovery
XLV,2005-08-15T00:00:00.000Z,22.2153301621,0.0143678160885163,84.1631920436,80.644662539103,True,discovery
XLV,2005-08-16T00:00:00.000Z,22.0614940704,0.0070220236207023,83.0688387618,80.6812535079855,True,discovery
XLV,2005-08-17T00:00:00.000Z,22.1034493681,-0.0053492762769068,83.0620401812,80.716773245479,True,discovery
XLV,2005-08-18T00:00:00.000Z,22.1104419177,0.0057251908365087,83.0552463587,80.752125175449,True,discovery
XLV,2005-08-19T00:00:00.000Z,21.956605826,0.0,83.2455678706,80.783644109392,True,discovery
XLV,2005-08-22T00:00:00.000Z,21.956605826,0.0060877923744153,83.2455678706,80.8099100170195,True,discovery
XLV,2005-08-23T00:00:00.000Z,21.8167548335,-0.0051020408155122,83.0892297454,80.83295175746201,True,discovery
XLV,2005-08-24T00:00:00.000Z,21.7468293372,-0.0173775671390014,82.3483353611,80.852857818319,True,discovery
XLV,2005-08-25T00:00:00.000Z,21.7747995357,-0.0253521126754132,82.6474090125,80.87502881244201,True,discovery
XLV,2005-08-26T00:00:00.000Z,21.6978814898,-0.0220611408749407,82.083243737,80.89407783790699,True,discovery
XLV,2005-08-29T00:00:00.000Z,21.9146505282,-0.0172467858291185,82.7153853021,80.9133097409935,True,discovery
XLV,2005-08-30T00:00:00.000Z,21.8866803297,-0.022180568574363,82.2803638295,80.9272548714475,True,discovery
XLV,2005-08-31T00:00:00.000Z,22.1104419177,-0.014646307264066,83.3203379828,80.945426148958,True,discovery
XLV,2005-09-01T00:00:00.000Z,22.1174344674,-0.0044066729589737,83.2591602737,80.96614396134251,True,discovery
XLV,2005-09-02T00:00:00.000Z,22.1034493681,0.0019017432620891,83.1096207291,80.983765021226,True,discovery
XLV,2005-09-06T00:00:00.000Z,22.4530768494,0.0216353802065201,84.0816233508,81.0057091846695,True,discovery
XLV,2005-09-07T00:00:00.000Z,22.5999203916,0.0166719094062035,84.2243697527,81.0327966946355,True,discovery
XLV,2005-09-08T00:00:00.000Z,22.5859352923,0.0176433522341028,83.9456809674,81.0566115134965,True,discovery
XLV,2005-09-09T00:00:00.000Z,22.6628533382,0.015032884432294,84.6933739324,81.0835607554845,True,discovery
XLV,2005-09-12T00:00:00.000Z,22.5859352923,0.017322834644045,84.5234434041,81.1087207363425,True,discovery
XLV,2005-09-13T00:00:00.000Z,22.348188605,0.0059804847342157,84.0544392244,81.1318377288965,True,discovery
XLV,2005-09-14T00:00:00.000Z,22.2852556584,0.0101426307432288,83.7485608749,81.155237444731,True,discovery
XLV,2005-09-15T00:00:00.000Z,22.2712705591,0.0075925340070315,83.7077795873,81.178164789286,True,discovery
XLV,2005-09-16T00:00:00.000Z,22.4429726152,0.0150395319432217,84.3002851966,81.19955791858051,True,discovery
XLV,2005-09-19T00:00:00.000Z,22.2816637495,0.0148045616010048,84.0204191712,81.2192161442465,True,discovery
XLV,2005-09-20T00:00:00.000Z,22.1133414549,0.0071384270475174,83.3105268109,81.2355933763085,True,discovery
XLV,2005-09-21T00:00:00.000Z,22.0081400208,0.0087723948295979,82.5323710147,81.248214063488,True,discovery
XLV,2005-09-22T00:00:00.000Z,22.0572340234,0.0142735605906936,82.825880717,81.2660272056475,True,discovery
XLV,2005-09-23T00:00:00.000Z,22.0712608813,0.0136148828885402,82.8941441528,81.2818661746055,True,discovery
XLV,2005-09-26T00:00:00.000Z,22.0361937366,0.0155919483180437,82.9897072292,81.2967735428575,True,discovery
XLV,2005-09-27T00:00:00.000Z,21.9099520156,-0.0002144005259839,82.9692301097,81.311175823216,True,discovery
XLV,2005-09-28T00:00:00.000Z,21.9239788735,0.0017041663348729,83.051137905,81.3224976398825,True,discovery
XLV,2005-09-29T00:00:00.000Z,21.9730728761,-0.0062128582554485,83.7269094689,81.33578889828051,True,discovery
XLV,2005-09-30T00:00:00.000Z,21.987099734,-0.0058928504385128,83.9862929141,81.3500750681565,True,discovery
XLV,2005-10-03T00:00:00.000Z,22.0081400208,-0.004311967137471,83.6859497692,81.363094422752,True,discovery
XLV,2005-10-04T00:00:00.000Z,22.099314597,-0.0157556247089339,82.7439729217,81.3740955752145,True,discovery
XLV,2005-10-05T00:00:00.000Z,21.734616292,-0.0382879268867523,81.6586466815,81.37956894813,True,discovery
XLV,2005-10-06T00:00:00.000Z,21.5873342843,-0.0442134007326429,81.3651315185,81.3804727659645,True,discovery
XLV,2005-10-07T00:00:00.000Z,21.5662939974,-0.0483857581583369,81.6449975438,81.381798110616,True,discovery
XLV,2005-10-10T00:00:00.000Z,21.5382402817,-0.0463870544673516,80.9555761596,81.37937290330899,True,discovery
XLV,2005-10-11T00:00:00.000Z,21.3558911292,-0.044401695964656,80.8395366464,81.3772104294165,True,discovery
XLV,2005-10-12T00:00:00.000Z,21.4049851318,-0.0395001313915014,80.2047247822,81.3696485482985,True,discovery
XLV,2005-10-13T00:00:00.000Z,21.5101865659,-0.0341733531178813,80.156943244,81.3612408458115,True,discovery
XLV,2005-10-14T00:00:00.000Z,21.6083745711,-0.0371874999987634,81.0033576978,81.357840725583,True,discovery
XLV,2005-10-17T00:00:00.000Z,21.6013611421,-0.0305319483790912,81.3037008426,81.356818949068,True,discovery
XLV,2005-10-18T00:00:00.000Z,21.5733074264,-0.0244211861695073,80.4231546709,81.353316324331,True,discovery
XLV,2005-10-19T00:00:00.000Z,21.7837102946,-0.010197578077379,81.7610370571,81.36145954906401,True,discovery
XLV,2005-10-20T00:00:00.000Z,21.3348508423,-0.032750397458432,80.3207642954,81.3651662236055,True,discovery
XLV,2005-10-21T00:00:00.000Z,21.2015956924,-0.0394026056588741,80.6347565779,81.3684198285775,True,discovery
XLV,2005-10-24T00:00:00.000Z,21.376931416,-0.029917250160359,81.8839038695,81.37849235970249,True,discovery
XLV,2005-10-25T00:00:00.000Z,21.2436762661,-0.0304097311133135,81.7200828181,81.385857626917,True,discovery
XLV,2005-10-26T00:00:00.000Z,20.9771659663,-0.0431861804220417,81.4811764924,81.39479317612,True,discovery
XLV,2005-10-27T00:00:00.000Z,20.9000182479,-0.0488349824464996,80.6142794584,81.398079267823,True,discovery
XLV,2005-10-28T00:00:00.000Z,21.2156225503,-0.0350877193005595,81.7746916555,81.4103705481235,True,discovery
XLV,2005-10-31T00:00:00.000Z,21.3138105555,-0.0315487571709278,81.9999433827,81.421697635086,True,discovery
XLV,2005-11-01T00:00:00.000Z,21.250689695,-0.0384005077748068,82.2456776902,81.430106163045,True,discovery
XLV,2005-11-02T00:00:00.000Z,21.250689695,-0.0222652468531556,83.1057467424,81.4470296911695,True,discovery
XLV,2005-11-03T00:00:00.000Z,21.3839448449,-0.0094217024075973,83.4606932638,81.4681555964975,True,discovery
XLV,2005-11-04T00:00:00.000Z,21.496159708,-0.0032520325192846,83.3514810498,81.491163085352,True,discovery
XLV,2005-11-07T00:00:00.000Z,21.5382402817,0.0,83.4333936233,81.5153556200895,True,discovery
XLV,2005-11-08T00:00:00.000Z,21.4891462791,0.006239737274077,83.4333936233,81.5384355061625,True,discovery
XLV,2005-11-09T00:00:00.000Z,21.5101865659,0.0049148099590925,83.5426058373,81.560881329702,True,discovery
XLV,2005-11-10T00:00:00.000Z,21.7907237236,0.0130420606460353,84.1910675218,81.5858951269945,True,discovery
XLV,2005-11-11T00:00:00.000Z,21.7977371525,0.0087633885083269,84.4777608464,81.61234239091,True,discovery
XLV,2005-11-14T00:00:00.000Z,21.6504551447,0.0022727272729272,84.4299793082,81.6360893751835,True,discovery
XLV,2005-11-15T00:00:00.000Z,21.7626700078,0.0087776332880822,84.1228095468,81.65577171770751,True,discovery
XLV,2005-11-16T00:00:00.000Z,21.7205894342,-0.0028976175108078,84.2934578974,81.6750935049745,True,discovery
XLV,2005-11-17T00:00:00.000Z,21.8328042972,0.0233399079553311,85.0784409927,81.69938543539051,True,discovery
XLV,2005-11-18T00:00:00.000Z,21.9239788735,0.0340721137965547,85.4129103947,81.721067609947,True,discovery
XLV,2005-11-21T00:00:00.000Z,21.9660594471,0.0275590551157896,85.8429476512,81.745439456729,True,discovery
XLV,2005-11-22T00:00:00.000Z,21.8398177262,0.0280620666890554,86.2115487711,81.771182271133,True,discovery
XLV,2005-11-23T00:00:00.000Z,21.8959251577,0.0437980608474946,86.7098392245,81.80245109270649,True,discovery
XLV,2005-11-25T00:00:00.000Z,21.9239788735,0.0489932885921229,86.7780971995,81.83261136286801,True,discovery
XLV,2005-11-28T00:00:00.000Z,21.6925357184,0.0224793388442543,86.1637672329,81.85622711092749,True,discovery
XLV,2005-11-29T00:00:00.000Z,21.7135760052,0.0187561697923057,86.0681993784,81.879668464752,True,discovery
XLV,2005-11-30T00:00:00.000Z,21.5733074264,0.0151815181544865,85.6040413255,81.899271762662,True,discovery
XLV,2005-12-01T00:00:00.000Z,21.7907237236,0.0254125412563464,86.4777595154,81.92297390686399,True,discovery
XLV,2005-12-02T00:00:00.000Z,21.867871442,0.0226303706173003,86.5869717294,81.950526388094,True,discovery
XLV,2005-12-05T00:00:00.000Z,21.9099520156,0.0192495921699913,86.4026742412,81.97661791954201,True,discovery
XLV,2005-12-06T00:00:00.000Z,21.867871442,0.0153044610882195,86.5664952925,82.009563945441,True,discovery
XLV,2005-12-07T00:00:00.000Z,21.7766968657,0.0133812010428568,86.06137754,82.03711842061449,True,discovery
XLV,2005-12-08T00:00:00.000Z,21.8538445841,0.0159765242922067,86.0067687026,82.06173618633,True,discovery
XLV,2005-12-09T00:00:00.000Z,21.8818982998,0.0041841004161442,86.2320258906,82.083467879773,True,discovery
XLV,2005-12-12T00:00:00.000Z,21.8889117288,0.0041827541850847,86.3139336859,82.10830650144649,True,discovery
XLV,2005-12-13T00:00:00.000Z,22.1273683128,0.022027858763826,86.9009646945,82.13405722357851,True,discovery
XLV,2005-12-14T00:00:00.000Z,22.1904891733,0.0196583951025617,87.2422613957,82.1617167495105,True,discovery
XLV,2005-12-15T00:00:00.000Z,22.2536100338,0.0245398773000486,86.9897045672,82.187944894989,True,discovery
XLV,2005-12-16T00:00:00.000Z,22.3052078305,0.0216373273386865,86.7109805206,82.2076881103665,True,discovery
XLV,2005-12-19T00:00:00.000Z,22.5022254391,0.0263750740199324,86.2649350132,82.224998801515,True,discovery
XLV,2005-12-20T00:00:00.000Z,22.4740800664,0.02312752637875,86.3472836814,82.2442722256375,True,discovery
XLV,2005-12-21T00:00:00.000Z,22.5444434981,0.0322633540597137,86.484525972,82.26881740912049,True,discovery
XLV,2005-12-22T00:00:00.000Z,22.6922067045,0.0363666545745373,86.9374343831,82.29471677931501,True,discovery
XLV,2005-12-23T00:00:00.000Z,22.7203520772,0.0363243008167004,86.9854699053,82.3237222890835,True,discovery
XLV,2005-12-27T00:00:00.000Z,22.5374071549,0.0389475646124377,86.1002431666,82.345772872216,True,discovery
XLV,2005-12-28T00:00:00.000Z,22.5374071549,0.037940832477465,86.2923845693,82.37215588628551,True,discovery
XLV,2005-12-29T00:00:00.000Z,22.4600073801,0.041101715938786,85.9081017639,82.400056631243,True,discovery
XLV,2005-12-30T00:00:00.000Z,22.3192805168,0.0242560458250202,85.4414709766,82.42481501526599,True,discovery
XLV,2006-01-03T00:00:00.000Z,22.5936979002,0.0331914544186482,86.9442931694,82.45827742534249,True,discovery
XLV,2006-01-04T00:00:00.000Z,22.8188608815,0.0414838364434964,87.3560303344,82.49528793567652,True,discovery
XLV,2006-01-05T00:00:00.000Z,22.7625701362,0.0409138446132264,87.4109239567,82.53663491224799,True,discovery
XLV,2006-01-06T00:00:00.000Z,22.9103333426,0.052057319982516,88.1383224387,82.581280387027,True,discovery
XLV,2006-01-09T00:00:00.000Z,23.0158784901,0.0531729738228967,88.3647769873,82.626584236573,True,discovery
XLV,2006-01-10T00:00:00.000Z,22.9314423721,0.0479640320926633,88.4539789521,82.6717586476755,True,discovery
XLV,2006-01-11T00:00:00.000Z,22.8751516268,0.04505659807209,88.7353326129,82.72098013127999,True,discovery
XLV,2006-01-12T00:00:00.000Z,22.8540425973,0.0328405201299804,88.3853629535,82.762866497162,True,discovery
XLV,2006-01-13T00:00:00.000Z,22.839969911,0.0292684281372881,88.3030094818,82.805085801209,True,discovery
XLV,2006-01-17T00:00:00.000Z,22.7766428225,0.0235032782503867,88.0628380466,82.84789829984751,True,discovery
XLV,2006-01-18T00:00:00.000Z,22.7978222154,0.0220851735004417,87.7128635837,82.88828393438202,True,discovery
XLV,2006-01-19T00:00:00.000Z,22.9314423721,0.0190744215127358,88.0491108668,82.928455182963,True,discovery
XLV,2006-01-20T00:00:00.000Z,22.4951890959,0.0009392611149214,86.4433540397,82.959209806963,True,discovery
XLV,2006-01-23T00:00:00.000Z,22.4811164096,-0.0028089887650294,86.7521517667,82.98934201337599,True,discovery
XLV,2006-01-24T00:00:00.000Z,22.3755712621,-0.0139534883726053,86.8413640248,83.024117686364,True,discovery
XLV,2006-01-25T00:00:00.000Z,22.3474258895,-0.0164137503870037,86.9168491031,83.058966147409,True,discovery
XLV,2006-01-26T00:00:00.000Z,22.4600073801,-0.0034342803618903,87.3972022667,83.09415151495651,True,discovery
XLV,2006-01-27T00:00:00.000Z,22.7203520772,0.0081173899483031,88.2069384373,83.138124556657,True,discovery
XLV,2006-01-30T00:00:00.000Z,22.6148069297,0.0068922305758971,88.1383224387,83.1869336035485,True,discovery
XLV,2006-01-31T00:00:00.000Z,22.6077705866,0.0129255989942351,87.4932726249,83.23800110019499,True,discovery
XLV,2006-02-01T00:00:00.000Z,22.7484974498,0.0068514481464598,88.1040092927,83.290937533548,True,discovery
XLV,2006-02-02T00:00:00.000Z,22.5655525276,-0.0111008325619516,87.0815409497,83.33568125279952,True,discovery
XLV,2006-02-03T00:00:00.000Z,22.5233344686,-0.0105100463686012,86.6492178186,83.383713225432,True,discovery
XLV,2006-02-06T00:00:00.000Z,22.3192805168,-0.0257985257988797,86.875671681,83.42539659927701,True,discovery
XLV,2006-02-07T00:00:00.000Z,22.284098801,-0.0317945582400761,86.1071067565,83.464726559547,True,discovery
XLV,2006-02-08T00:00:00.000Z,22.5725888707,-0.0156489720784684,86.8893995471,83.5053953696115,True,discovery
XLV,2006-02-09T00:00:00.000Z,22.5936979002,-0.0123039064917173,86.7452936666,83.549168728184,True,discovery
XLV,2006-02-10T00:00:00.000Z,22.5444434981,-0.0135467980284842,86.9031212371,83.59220795330901,True,discovery
XLV,2006-02-13T00:00:00.000Z,22.5162981254,-0.0141712877408003,86.7452936666,83.639366321603,True,discovery
XLV,2006-02-14T00:00:00.000Z,22.7344247635,-0.0018535681192793,87.6648280615,83.685875586648,True,discovery
XLV,2006-02-15T00:00:00.000Z,22.8681152836,0.0030833238164529,87.9736257885,83.73172857723901,True,discovery
XLV,2006-02-16T00:00:00.000Z,23.0158784901,0.0036821110783127,88.6324034683,83.78019846782499,True,discovery
XLV,2006-02-17T00:00:00.000Z,23.0018058038,0.0225211135474445,88.3922217399,83.8244209342495,True,discovery
XLV,2006-02-21T00:00:00.000Z,22.88218797,0.0178403755886755,88.1726355847,83.867680873672,True,discovery
XLV,2006-02-22T00:00:00.000Z,23.0792055786,0.0314465408841571,88.7078878604,83.91486953822451,True,discovery
XLV,2006-02-23T00:00:00.000Z,22.9947694606,0.028967254407773,88.5775043562,83.9589352146195,True,discovery
XLV,2006-02-24T00:00:00.000Z,22.9947694606,0.023809523810478,88.8039589048,84.00826288238801,True,discovery
XLV,2006-02-27T00:00:00.000Z,23.1706780397,0.0198203778255665,88.8382720508,84.0555957096645,True,discovery
XLV,2006-02-28T00:00:00.000Z,22.8681152836,0.0112009956435814,87.9942117547,84.10307490138601,True,discovery
XLV,2006-03-01T00:00:00.000Z,22.8892243131,0.0124494242111083,88.776503859,84.15524409232499,True,discovery
XLV,2006-03-02T00:00:00.000Z,22.8470062541,0.0043303433344281,88.7696457589,84.20372317549449,True,discovery
XLV,2006-03-03T00:00:00.000Z,22.7696064793,0.0090427190493305,88.3579085939,84.24750326864101,True,discovery
XLV,2006-03-06T00:00:00.000Z,22.6499886455,0.0056232427341771,87.9530398224,84.285163159552,True,discovery
XLV,2006-03-07T00:00:00.000Z,22.6570249887,0.0151324085758848,87.8157975318,84.3204443341495,True,discovery
XLV,2006-03-08T00:00:00.000Z,22.8118245383,0.0236817177132746,88.0010801481,84.357227366711,True,discovery
XLV,2006-03-09T00:00:00.000Z,22.7344247635,0.007169576060904,87.4109239567,84.3888255254395,True,discovery
XLV,2006-03-10T00:00:00.000Z,22.8188608815,0.0099657427613037,88.2412515833,84.425523121638,True,discovery
XLV,2006-03-13T00:00:00.000Z,22.8047881952,0.0115480649199408,88.4059489197,84.46334884185349,True,discovery
XLV,2006-03-14T00:00:00.000Z,22.9666240879,0.0199999999996447,89.3323421009,84.503640125138,True,discovery
XLV,2006-03-15T00:00:00.000Z,23.0440238627,0.0136180748983392,89.730352086,84.545244466559,True,discovery
XLV,2006-03-16T00:00:00.000Z,23.0440238627,0.0076923076921058,89.9156347024,84.59038166839251,True,discovery
XLV,2006-03-17T00:00:00.000Z,23.0978800333,0.0035628248226662,89.990752652,84.632441760213,True,discovery
XLV,2006-03-20T00:00:00.000Z,23.1402355591,0.0060182125038692,89.8460791804,84.67289837537801,True,discovery
XLV,2006-03-21T00:00:00.000Z,22.9990504733,0.0051071385067378,89.2811339965,84.7125951205535,True,discovery
XLV,2006-03-22T00:00:00.000Z,23.2320058648,0.0066206908933506,89.8254113448,84.75538560692499,True,discovery
XLV,2006-03-23T00:00:00.000Z,23.1049392876,0.0047910820410166,89.6393918676,84.7969413585755,True,discovery
XLV,2006-03-24T00:00:00.000Z,23.0696430162,0.0032561124706333,89.7082910833,84.83958628474801,True,discovery
XLV,2006-03-27T00:00:00.000Z,22.8931616589,-0.011977050491337,89.5773883606,84.87964724515099,True,discovery
XLV,2006-03-28T00:00:00.000Z,22.6813840303,-0.0081655725005863,89.0262256379,84.91790021497249,True,discovery
XLV,2006-03-29T00:00:00.000Z,22.7449173189,-0.0063045821136634,89.5842744241,84.95765710810551,True,discovery
XLV,2006-03-30T00:00:00.000Z,22.7025617931,-0.0063222489368416,89.4258184913,84.99567392223749,True,discovery
XLV,2006-03-31T00:00:00.000Z,22.5754952159,-0.0085250161690966,89.446486327,85.0330155402375,True,discovery
XLV,2006-04-03T00:00:00.000Z,22.5613767074,-0.0039122288088918,89.3775871113,85.06896328883501,True,discovery
XLV,2006-04-04T00:00:00.000Z,22.5896137245,-0.0029752919561867,89.9494176697,85.10625499555799,True,discovery
XLV,2006-04-05T00:00:00.000Z,22.5190211816,-0.0128355956889112,90.2594434718,85.1449608834705,True,discovery
XLV,2006-04-06T00:00:00.000Z,22.3495990787,-0.016927003379379,90.162990357,85.182946606468,True,discovery
XLV,2006-04-07T00:00:00.000Z,22.0813474157,-0.0323203454208324,89.2466843886,85.2160109419655,True,discovery
XLV,2006-04-10T00:00:00.000Z,22.03899189,-0.0335805050520569,89.38448282,85.25557589028851,True,discovery
XLV,2006-04-11T00:00:00.000Z,21.7989772442,-0.0508410308468094,88.6266327844,85.2943423589335,True,discovery
XLV,2006-04-12T00:00:00.000Z,21.9472215842,-0.0475959530781135,88.7919851149,85.3333578288335,True,discovery
XLV,2006-04-13T00:00:00.000Z,21.8978068042,-0.0497403172870045,88.6748648534,85.3683890868605,True,discovery
XLV,2006-04-17T00:00:00.000Z,21.7495624641,-0.0583740831304061,88.6404152456,85.40433565222949,True,discovery
XLV,2006-04-18T00:00:00.000Z,21.9754586014,-0.0503355704709732,90.0458700955,85.449518595513,True,discovery
XLV,2006-04-19T00:00:00.000Z,21.8483920242,-0.0500306936773681,90.2181078005,85.494373217022,True,discovery
XLV,2006-04-20T00:00:00.000Z,22.0460511443,-0.0510483135809164,90.3421244597,85.536585259083,True,discovery
XLV,2006-04-21T00:00:00.000Z,21.9966363643,-0.0479682248676068,90.3558958976,85.5822987380115,True,discovery
XLV,2006-04-24T00:00:00.000Z,21.9119253128,-0.0501835985319333,90.1905545904,85.62558818383,True,discovery
XLV,2006-04-25T00:00:00.000Z,21.7777994813,-0.048720320688706,89.818514947,85.66236132476098,True,discovery
XLV,2006-04-26T00:00:00.000Z,21.7777994813,-0.0398381574860203,89.8391827827,85.6971306595225,True,discovery
XLV,2006-04-27T00:00:00.000Z,21.6577921584,-0.0477963997519854,90.273225244,85.7329826512095,True,discovery
XLV,2006-04-28T00:00:00.000Z,21.8766290413,-0.0363805970148719,90.5763649827,85.76977258459101,True,discovery
XLV,2006-05-01T00:00:00.000Z,21.6860291755,-0.0393996247654201,89.8391827827,85.80124526030652,True,discovery
XLV,2006-05-02T00:00:00.000Z,21.6860291755,-0.0387984981259096,90.5143621647,85.8363317628605,True,discovery
XLV,2006-05-03T00:00:00.000Z,21.4460145297,-0.0506249999998754,90.1767721292,85.871395627617,True,discovery
XLV,2006-05-04T00:00:00.000Z,21.5166070726,-0.0445141065819973,90.5005803925,85.90580146801001,True,discovery
XLV,2006-05-05T00:00:00.000Z,21.7283847013,-0.0277953253305576,91.2997654104,85.9427758000615,True,discovery
XLV,2006-05-08T00:00:00.000Z,21.721325447,-0.0163043478245363,91.1895312124,85.981645964129,True,discovery
XLV,2006-05-09T00:00:00.000Z,21.5660218526,-0.0214606021800209,91.3686542918,86.01862488293,True,discovery
XLV,2006-05-10T00:00:00.000Z,21.5448440898,-0.0116580310880234,91.3204332461,86.0565522068015,True,discovery
XLV,2006-05-11T00:00:00.000Z,21.502488564,-0.0202637504020175,90.2181078005,86.08845813225201,True,discovery
XLV,2006-05-12T00:00:00.000Z,21.453073784,-0.0203094777562242,89.0400074101,86.112944164003,True,discovery
XLV,2006-05-15T00:00:00.000Z,21.7566217184,0.0003245699453335,89.2191311785,86.1356749017535,True,discovery
XLV,2006-05-16T00:00:00.000Z,21.8130957527,-0.0073883713484667,89.0882291448,86.160571982902,True,discovery
XLV,2006-05-17T00:00:00.000Z,21.5871996155,-0.0119547657516714,87.3934101278,86.177300830322,True,discovery
XLV,2006-05-18T00:00:00.000Z,21.4954293097,-0.024975984633074,86.952482292,86.18931007694052,True,discovery
XLV,2006-05-19T00:00:00.000Z,21.3754219868,-0.0282413350483083,87.5656478328,86.20326360297899,True,discovery
XLV,2006-05-22T00:00:00.000Z,21.2836516811,-0.0286726804117477,86.8973648485,86.2172743246615,True,discovery
XLV,2006-05-23T00:00:00.000Z,21.184822121,-0.0272285251229893,86.2359727504,86.23083293232301,True,discovery
XLV,2006-05-24T00:00:00.000Z,21.2483554096,-0.0243111831456902,86.9249235703,86.248617957521,True,discovery
XLV,2006-05-25T00:00:00.000Z,21.4460145297,-0.0097783572374832,87.9996902941,86.26926185471551,True,discovery
XLV,2006-05-26T00:00:00.000Z,21.5660218526,-0.0141981284279958,88.4475097049,86.292348755402,True,discovery
XLV,2006-05-30T00:00:00.000Z,21.2836516811,-0.0185546874968972,86.8766970129,86.30591628024851,True,discovery
XLV,2006-05-31T00:00:00.000Z,21.4177775126,-0.012369791663061,87.8481204248,86.3269238729815,True,discovery
XLV,2006-06-01T00:00:00.000Z,21.721325447,0.0128373930232459,88.6886362913,86.34955109421999,True,discovery
XLV,2006-06-02T00:00:00.000Z,21.8060364985,0.013451443572094,88.8746557685,86.37858017925349,True,discovery
XLV,2006-06-05T00:00:00.000Z,21.4671922926,-0.0120207927230031,87.5794302939,86.401167129817,True,discovery
XLV,2006-06-06T00:00:00.000Z,21.502488564,-0.0100747481333016,87.365852095,86.4227201584985,True,discovery
XLV,2006-06-07T00:00:00.000Z,21.5730811069,0.0003273322427403,86.711350883,86.44004907356052,True,discovery
XLV,2006-06-08T00:00:00.000Z,21.6366143955,0.0042595019633233,86.6355656038,86.4569990622265,True,discovery
XLV,2006-06-09T00:00:00.000Z,21.5801403612,0.0036112935006977,86.3599838979,86.47335283298901,True,discovery
XLV,2006-06-12T00:00:00.000Z,21.2624739182,-0.0088845014807226,85.4230107829,86.488726210098,True,discovery
XLV,2006-06-13T00:00:00.000Z,21.2059998839,-0.0253082414001035,84.430925047,86.4976437902705,True,discovery
XLV,2006-06-14T00:00:00.000Z,21.2412961553,-0.0262135922329697,85.085426259,86.5126547028805,True,discovery
XLV,2006-06-15T00:00:00.000Z,21.4177775126,-0.0078482668395002,86.890479474,86.53353017374,True,discovery
XLV,2006-06-16T00:00:00.000Z,21.4747951095,-0.000959934314533,86.2604125917,86.55343041755101,True,discovery
XLV,2006-06-19T00:00:00.000Z,21.3118388945,-0.0029745888684332,85.5822292943,86.5647398741085,True,discovery
XLV,2006-06-20T00:00:00.000Z,21.2339033134,-0.0023373981328672,85.8728767086,86.577808456283,True,discovery
XLV,2006-06-21T00:00:00.000Z,21.3401791058,0.0073334099249291,86.5095401331,86.594808053303,True,discovery
XLV,2006-06-22T00:00:00.000Z,21.2197332078,-0.0013470313936421,86.1289265355,86.60504456922651,True,discovery
XLV,2006-06-23T00:00:00.000Z,21.2409883663,-0.0095601055905312,86.1150881926,86.614498161426,True,discovery
XLV,2006-06-26T00:00:00.000Z,21.1630527852,-0.0186853685929755,86.4956969461,86.6272482413195,True,discovery
XLV,2006-06-27T00:00:00.000Z,20.9434161477,-0.0159857687251164,85.748318474,86.6325229640275,True,discovery
XLV,2006-06-28T00:00:00.000Z,20.9434161477,-0.0221480200091226,86.3296133025,86.6415538135195,True,discovery
XLV,2006-06-29T00:00:00.000Z,21.3047538417,-0.0191780011913378,88.0735040162,86.6616491374785,True,discovery
XLV,2006-06-30T00:00:00.000Z,21.4251997397,-0.0174647400423363,88.0804256098,86.68330846115299,True,discovery
XLV,2006-07-03T00:00:00.000Z,21.4677100566,2.4118850427301552e-05,88.440279271,86.70697095957149,True,discovery
XLV,2006-07-05T00:00:00.000Z,21.4464548982,-0.002605915386641,87.9351019026,86.7251450431015,True,discovery
XLV,2006-07-06T00:00:00.000Z,21.5243904792,-0.0022570085125404,88.1911510376,86.7459987024335,True,discovery
XLV,2006-07-07T00:00:00.000Z,21.5456456377,-0.0042043896580657,87.6167729584,86.767529933171,True,discovery
XLV,2006-07-10T00:00:00.000Z,21.6235812188,0.0020130016243129,87.78285591,86.7937823576475,True,discovery
XLV,2006-07-11T00:00:00.000Z,21.6731765885,0.019315845930254,88.1703917931,86.820504913028,True,discovery
XLV,2006-07-12T00:00:00.000Z,21.5952410075,0.0183552355810168,87.2292426114,86.842180405321,True,discovery
XLV,2006-07-13T00:00:00.000Z,21.3685193171,0.005989425544931,85.8105975913,86.8562848571315,True,discovery
XLV,2006-07-14T00:00:00.000Z,21.2339033134,-0.0085851204258625,85.47842546,86.86883083388301,True,discovery
XLV,2006-07-17T00:00:00.000Z,21.3189239473,-0.0072583305873333,85.3538609973,86.8803444493445,True,discovery
XLV,2006-07-18T00:00:00.000Z,21.3189239473,0.0003324468073859,85.7898376549,86.89065909027451,True,discovery
XLV,2006-07-19T00:00:00.000Z,21.8219626978,0.027694361028238,86.980114378,86.905628197594,True,discovery
XLV,2006-07-20T00:00:00.000Z,21.8432178563,0.0235723771579443,86.3849763624,86.91912333056,True,discovery
XLV,2006-07-21T00:00:00.000Z,21.9424085958,0.0340567612666475,85.7759944678,86.93428343829049,True,discovery
XLV,2006-07-24T00:00:00.000Z,22.3675117653,0.0530353569039796,87.3399631951,86.96269002085852,True,discovery
XLV,2006-07-25T00:00:00.000Z,22.5588081915,0.0659524606618235,87.6513760819,86.99412124367551,True,discovery
XLV,2006-07-26T00:00:00.000Z,22.6650839839,0.0822056833545312,87.7690182591,87.024741347252,True,discovery
XLV,2006-07-27T00:00:00.000Z,22.5517231387,0.0767929634620103,87.6859736692,87.0583933348,True,discovery
XLV,2006-07-28T00:00:00.000Z,22.6721690367,0.0641835716648153,88.5648430417,87.0970198667765,True,discovery
XLV,2006-07-31T00:00:00.000Z,22.5942334556,0.0545634920608852,88.4748768583,87.138370627157,True,discovery
XLV,2006-08-01T00:00:00.000Z,22.5942334556,0.0524752475243004,88.0389057369,87.17778043962149,True,discovery
XLV,2006-08-02T00:00:00.000Z,22.7359345121,0.060125536832114,88.6340444445,87.21593387335501,True,discovery
XLV,2006-08-03T00:00:00.000Z,22.537553033,0.0470704410784157,88.8693287988,87.253762013136,True,discovery
XLV,2006-08-04T00:00:00.000Z,22.5446380859,0.0463663268670857,88.7170834982,87.2952316572725,True,discovery
XLV,2006-08-07T00:00:00.000Z,22.4737875576,0.0393184796818399,88.5094806738,87.328973875356,True,discovery
XLV,2006-08-08T00:00:00.000Z,22.4667025048,0.0366132723119625,88.1703917931,87.36822201284451,True,discovery
XLV,2006-08-09T00:00:00.000Z,22.4879576633,0.0413385826761536,87.8728220933,87.40441234042152,True,discovery
XLV,2006-08-10T00:00:00.000Z,22.4667025048,0.0513925729435631,88.1427102632,87.43570637239,True,discovery
XLV,2006-08-11T00:00:00.000Z,22.3604267124,0.0530530530526194,87.8935820298,87.4665738684485,True,discovery
XLV,2006-08-14T00:00:00.000Z,22.4100220822,0.0511797939519449,87.9627834326,87.49898190314951,True,discovery
XLV,2006-08-15T00:00:00.000Z,22.6013185085,0.0601528747121598,89.0146580421,87.54098379606799,True,discovery
XLV,2006-08-16T00:00:00.000Z,22.7996999875,0.0448051948048913,89.7551149206,87.5808859123935,True,discovery
XLV,2006-08-17T00:00:00.000Z,22.8563804101,0.046383392797952,89.9834832176,87.62080361156801,True,discovery
XLV,2006-08-18T00:00:00.000Z,22.8918056742,0.0432676783979733,90.4402191196,87.661776318715,True,discovery
XLV,2006-08-21T00:00:00.000Z,22.8138700932,0.0199556541015195,90.0526894646,87.696511032326,True,discovery
XLV,2006-08-22T00:00:00.000Z,22.8847206214,0.0144472361808014,90.0457623349,87.72943637768148,True,discovery
XLV,2006-08-23T00:00:00.000Z,22.8705505158,0.0090653329167433,89.7966347935,87.7616621464,True,discovery
XLV,2006-08-24T00:00:00.000Z,23.0264216779,0.0210493245363316,89.7205117972,87.79309773726949,True,discovery
XLV,2006-08-25T00:00:00.000Z,23.0405917836,0.016250000002365,89.831237917,87.82508695873801,True,discovery
XLV,2006-08-28T00:00:00.000Z,23.1893778929,0.0263405456294643,90.2602874448,87.8586753667755,True,discovery
XLV,2006-08-29T00:00:00.000Z,23.2956536852,0.0310442144885492,90.3640968153,87.889540513243,True,discovery
XLV,2006-08-30T00:00:00.000Z,23.3098237909,0.0252415082606163,90.4194598752,87.919249008387,True,discovery
XLV,2006-08-31T00:00:00.000Z,23.2389732626,0.0311222885897579,90.4056159961,87.9491271918265,True,discovery
XLV,2006-09-01T00:00:00.000Z,23.3594191606,0.036140791952193,90.9453916438,87.9832401023115,True,discovery
XLV,2006-09-05T00:00:00.000Z,23.2531433683,0.0346784363206478,91.1183968808,88.01736479722851,True,discovery
XLV,2006-09-06T00:00:00.000Z,23.1681227344,0.0312204351951579,90.3156505047,88.04355084478851,True,discovery
XLV,2006-09-07T00:00:00.000Z,22.9980814666,0.0226843100177349,89.9004441639,88.0659885136345,True,discovery
XLV,2006-09-08T00:00:00.000Z,23.18229284,0.0318511510555281,90.1564884547,88.087556217652,True,discovery
XLV,2006-09-11T00:00:00.000Z,23.3310789493,0.0434093789615259,90.2464546381,88.107730746987,True,discovery
XLV,2006-09-12T00:00:00.000Z,23.6003109566,0.0531141321518568,91.1322400679,88.129842751204,True,discovery
XLV,2006-09-13T00:00:00.000Z,23.5507155869,0.0420062695918801,91.4990104785,88.15344731759899,True,discovery
XLV,2006-09-14T00:00:00.000Z,23.4373547417,0.0279676817918479,91.5059272279,88.18015811757401,True,discovery
XLV,2006-09-15T00:00:00.000Z,23.5628522824,0.0309091754522872,91.7200046002,88.208417143683,True,discovery
XLV,2006-09-18T00:00:00.000Z,23.5557421881,0.029003239121861,91.845109679,88.2396224854505,True,discovery
XLV,2006-09-19T00:00:00.000Z,23.5912926593,0.0340767508065946,91.6157394787,88.26531238526701,True,discovery
XLV,2006-09-20T00:00:00.000Z,23.6837238843,0.0349142677386602,92.1022787683,88.29288892046151,True,discovery
XLV,2006-09-21T00:00:00.000Z,23.5344119054,0.0290269090436354,91.6574409399,88.31916275395498,True,discovery
XLV,2006-09-22T00:00:00.000Z,23.3850999266,0.0155768123122772,91.3794214676,88.3432273848305,True,discovery
XLV,2006-09-25T00:00:00.000Z,23.4775311516,0.0189638952030306,92.0814276901,88.373327635581,True,discovery
XLV,2006-09-26T00:00:00.000Z,23.4988614343,0.0133459182402109,92.845996878,88.40752377645798,True,discovery
XLV,2006-09-27T00:00:00.000Z,23.5628522824,0.0114698905130854,92.9572084203,88.4411496891065,True,discovery
XLV,2006-09-28T00:00:00.000Z,23.520191717,0.0090248612768202,92.9224533797,88.47419228757549,True,discovery
XLV,2006-09-29T00:00:00.000Z,23.5984027535,0.0154666682920305,92.845996878,88.503917448493,True,discovery
XLV,2006-10-02T00:00:00.000Z,23.4633109631,0.0044475336388172,92.4984673246,88.53019847813749,True,discovery
XLV,2006-10-03T00:00:00.000Z,23.5344119054,0.0120959361340986,92.6930831794,88.55871537119849,True,discovery
XLV,2006-10-04T00:00:00.000Z,23.7406046381,0.0247098960180307,93.7773733009,88.5940473351,True,discovery
XLV,2006-10-05T00:00:00.000Z,23.7406046381,0.0322863092983805,93.9580851934,88.632513086001,True,discovery
XLV,2006-10-06T00:00:00.000Z,23.6481734131,0.0200963975528833,93.8399265353,88.6699763002705,True,discovery
XLV,2006-10-09T00:00:00.000Z,23.5984027535,0.0114578414817811,93.8955319589,88.70703133020501,True,discovery
XLV,2006-10-10T00:00:00.000Z,23.4988614343,-0.0042986519324496,94.0206481586,88.74244739908251,True,discovery
XLV,2006-10-11T00:00:00.000Z,23.4917513401,-0.0025037135955563,93.9094366163,88.7770672326375,True,discovery
XLV,2006-10-12T00:00:00.000Z,23.6339532247,0.0083882539291095,94.7226543812,88.82017928871049,True,discovery
XLV,2006-10-13T00:00:00.000Z,23.5557421881,-0.0003017501537923,94.9659292389,88.8635470120585,True,discovery
XLV,2006-10-16T00:00:00.000Z,23.5912926593,0.0015092061594201,95.1118853958,88.909565930218,True,discovery
XLV,2006-10-17T00:00:00.000Z,23.6552835074,0.002712477396815,94.8130155404,88.956423653037,True,discovery
XLV,2006-10-18T00:00:00.000Z,23.9112468997,0.0096067247072926,94.9381206191,88.9963927902855,True,discovery
XLV,2006-10-19T00:00:00.000Z,23.889916617,0.0151057401828864,95.0910350128,89.03506781367749,True,discovery
XLV,2006-10-20T00:00:00.000Z,24.074779067,0.0294922468821914,95.1118853958,89.073572620873,True,discovery
XLV,2006-10-23T00:00:00.000Z,24.1387699151,0.0281647486369083,95.5497761084,89.11062988922149,True,discovery
XLV,2006-10-24T00:00:00.000Z,24.0605588786,0.0239031770058493,95.8347531225,89.1479797698975,True,discovery
XLV,2006-10-25T00:00:00.000Z,23.9183569939,0.0150875075410772,96.1614315977,89.1865170331255,True,discovery
XLV,2006-10-26T00:00:00.000Z,24.0107882189,0.020858524785978,96.4603021482,89.225141880802,True,discovery
XLV,2006-10-27T00:00:00.000Z,23.9112468997,0.0132570051230946,95.8556042006,89.26249308703751,True,discovery
XLV,2006-10-30T00:00:00.000Z,23.7761551093,0.013333333334413,95.7860941196,89.29990851022649,True,discovery
XLV,2006-10-31T00:00:00.000Z,23.6766137901,0.006042296075704,95.7721894621,89.338455267304,True,discovery
XLV,2006-11-01T00:00:00.000Z,23.5059715285,-0.0098831985611456,95.1257900533,89.37551989965199,True,discovery
XLV,2006-11-02T00:00:00.000Z,23.6339532247,-0.0044923629800412,95.0701839346,89.410625264991,True,discovery
XLV,2006-11-03T00:00:00.000Z,23.5130816227,-0.0057125676491007,94.9033655786,89.4529253226855,True,discovery
XLV,2006-11-06T00:00:00.000Z,23.797485392,0.0084362759878089,95.9737628586,89.49903337814501,True,discovery
XLV,2006-11-07T00:00:00.000Z,23.982347842,0.0205748865344719,96.3421434902,89.546537275472,True,discovery
XLV,2006-11-08T00:00:00.000Z,23.6197330362,0.0054479418859478,96.5506633074,89.5947063464935,True,discovery
XLV,2006-11-09T00:00:00.000Z,23.0651456862,-0.0240673886883018,96.0432625138,89.637936647729,True,discovery
XLV,2006-11-10T00:00:00.000Z,23.1006961573,-0.019317838816808,96.0849744009,89.677326827547,True,discovery
XLV,2006-11-13T00:00:00.000Z,23.1433567227,-0.0189873417734665,96.321292412,89.71824167741352,True,discovery
XLV,2006-11-14T00:00:00.000Z,23.335329267,-0.0135256988274907,97.0441490177,89.7659960593775,True,discovery
XLV,2006-11-15T00:00:00.000Z,23.4490907747,-0.0193279809680606,97.322178916,89.81208690749399,True,discovery
XLV,2006-11-16T00:00:00.000Z,23.5486320939,-0.0142857142857143,97.5724008895,89.864541207193,True,discovery
XLV,2006-11-17T00:00:00.000Z,23.6197330362,-0.0189013585351546,97.6001983883,89.9192961100415,True,discovery
XLV,2006-11-20T00:00:00.000Z,23.5628522824,-0.0238586156098921,97.655804507,89.97319677417148,True,discovery
XLV,2006-11-21T00:00:00.000Z,23.5273018112,-0.0221631205696676,97.7531120869,90.0314268008235,True,discovery
XLV,2006-11-22T00:00:00.000Z,23.5770724708,-0.0142687277051278,97.9477279417,90.0867184427965,True,discovery
XLV,2006-11-24T00:00:00.000Z,23.4775311516,-0.0222090612952159,97.5515498113,90.14074972352,True,discovery
XLV,2006-11-27T00:00:00.000Z,23.3211090785,-0.0246803449303768,96.2100801747,90.187284518208,True,discovery
XLV,2006-11-28T00:00:00.000Z,23.3708797381,-0.017045454546243,96.6271198092,90.236693648921,True,discovery
XLV,2006-11-29T00:00:00.000Z,23.5344119054,-0.0060060060091642,97.6349534289,90.286544275758,True,discovery
XLV,2006-11-30T00:00:00.000Z,23.6481734131,0.0060496067744992,97.6766555851,90.335059424741,True,discovery
XLV,2006-12-01T00:00:00.000Z,23.6268431304,-0.0003008423615127,97.4611886522,90.3792033506605,True,discovery
XLV,2006-12-04T00:00:00.000Z,23.5130816227,0.0,98.204896336,90.428266723641,True,discovery
XLV,2006-12-05T00:00:00.000Z,23.6055128478,-0.0080669256031787,98.6288830862,90.48054796114852,True,discovery
XLV,2006-12-06T00:00:00.000Z,23.6410633189,-0.014230655203087,98.5454794687,90.52973591919,True,discovery
XLV,2006-12-07T00:00:00.000Z,23.5912926593,-0.0012040939182679,98.1145462977,90.5774211288975,True,discovery
XLV,2006-12-08T00:00:00.000Z,23.6339532247,0.024660912453734,98.2952574952,90.6248776218495,True,discovery
XLV,2006-12-11T00:00:00.000Z,23.6837238843,0.0252385349354833,98.5802345092,90.67358743414148,True,discovery
XLV,2006-12-12T00:00:00.000Z,23.6908339785,0.0236559139782437,98.5037773124,90.72613526193,True,discovery
XLV,2006-12-13T00:00:00.000Z,23.6410633189,0.0131017672132167,98.608032008,90.775292902675,True,discovery
XLV,2006-12-14T00:00:00.000Z,23.7619349208,0.0133414190386238,99.4768558916,90.8288289533385,True,discovery
XLV,2006-12-15T00:00:00.000Z,23.8381053603,0.0122925724622018,99.4856490843,90.88446765579047,True,discovery
XLV,2006-12-18T00:00:00.000Z,23.8880505078,0.0113598858712236,99.2130672047,90.940767792702,True,discovery
XLV,2006-12-19T00:00:00.000Z,24.0093458658,0.0189490464927075,99.4017810163,90.99869771012447,True,discovery
XLV,2006-12-20T00:00:00.000Z,24.0236159079,0.0210952407837829,99.3458652434,91.05542163560102,True,discovery
XLV,2006-12-21T00:00:00.000Z,23.9594007184,0.0162161035079104,98.9824190096,91.11327911086548,True,discovery
XLV,2006-12-22T00:00:00.000Z,23.8595104235,0.0162699931876766,98.3743536751,91.1639446213245,True,discovery
XLV,2006-12-26T00:00:00.000Z,23.8737804656,0.0236983320664416,98.9544667145,91.2166872102985,True,discovery
XLV,2006-12-27T00:00:00.000Z,23.9879408026,0.0264029883091669,99.6044664325,91.2680478319565,True,discovery
XLV,2006-12-28T00:00:00.000Z,23.9594007184,0.0180581870797666,99.394795913,91.3163700510915,True,discovery
XLV,2006-12-29T00:00:00.000Z,23.8951855288,0.0104452936548227,98.9824190096,91.3617039726275,True,discovery
XLV,2007-01-03T00:00:00.000Z,23.9023205499,0.0116595102434802,98.8076865874,91.40578864230449,True,discovery
XLV,2007-01-04T00:00:00.000Z,24.1734513501,0.0280852054186919,99.0173675908,91.4516450843565,True,discovery
XLV,2007-01-05T00:00:00.000Z,24.03788595,0.0183166154867207,98.227573548,91.496377282114,True,discovery
XLV,2007-01-08T00:00:00.000Z,24.0664260342,0.0179925373728828,98.681884136,91.54065964607,True,discovery
XLV,2007-01-09T00:00:00.000Z,24.03788595,0.0189304289997838,98.598016068,91.585452767072,True,discovery
XLV,2007-01-10T00:00:00.000Z,24.0806960764,0.0189025867764307,98.9265032366,91.63154382783848,True,discovery
XLV,2007-01-11T00:00:00.000Z,24.3446918556,0.0279081099969316,99.3598473318,91.68045612269452,True,discovery
XLV,2007-01-12T00:00:00.000Z,24.4588521925,0.0324183696824262,100.1146920945,91.7358984549775,True,discovery
XLV,2007-01-16T00:00:00.000Z,24.515932361,0.0370063321729094,99.9189931795,91.7875720487545,True,discovery
XLV,2007-01-17T00:00:00.000Z,24.6586327822,0.0377367358503737,99.960926864,91.840247590618,True,discovery
XLV,2007-01-18T00:00:00.000Z,24.7299829928,0.0374139479216051,99.6254329253,91.89114232360951,True,discovery
XLV,2007-01-19T00:00:00.000Z,24.7371180139,0.0355436081241857,99.8211430231,91.94336010316847,True,discovery
XLV,2007-01-22T00:00:00.000Z,24.5872825716,0.0240713224354536,99.5136125622,91.991181077631,True,discovery
XLV,2007-01-23T00:00:00.000Z,24.4588521925,0.0181170181153653,99.8071616336,92.03891966844,True,discovery
XLV,2007-01-24T00:00:00.000Z,24.6443627401,0.0285884455020601,100.6109265819,92.09115934956448,True,discovery
XLV,2007-01-25T00:00:00.000Z,24.5587424874,0.0293062200979321,99.4297340103,92.142074597673,True,discovery
XLV,2007-01-26T00:00:00.000Z,24.4231770872,0.0230125523015356,99.3388801401,92.19184658427348,True,discovery
XLV,2007-01-29T00:00:00.000Z,24.3875019819,0.0166567519316493,99.2829643671,92.245128242187,True,discovery
XLV,2007-01-30T00:00:00.000Z,24.5087973399,0.0229303156601108,99.8001653474,92.3001691433495,True,discovery
XLV,2007-01-31T00:00:00.000Z,24.6229576769,0.0304568527924942,100.471142741,92.3591505327875,True,discovery
XLV,2007-02-01T00:00:00.000Z,24.8298732876,0.0388059701468559,101.0722229722,92.4213095714205,True,discovery
XLV,2007-02-02T00:00:00.000Z,24.7799281402,0.0250885478170452,101.2120068131,92.4771402550085,True,discovery
XLV,2007-02-05T00:00:00.000Z,24.7727931192,0.0305728702902012,101.2399695921,92.5322495639665,True,discovery
XLV,2007-02-06T00:00:00.000Z,24.7014429086,0.0263860065261705,101.2679218871,92.5868785511035,True,discovery
XLV,2007-02-07T00:00:00.000Z,24.7371180139,0.0290887503732415,101.4915849789,92.64255699651,True,discovery
XLV,2007-02-08T00:00:00.000Z,24.7157129507,0.0263703703699138,101.3587862413,92.69839815476448,True,discovery
XLV,2007-02-09T00:00:00.000Z,24.6443627401,0.0123094958965794,100.6039407797,92.752325283928,True,discovery
XLV,2007-02-12T00:00:00.000Z,24.5373374242,0.003208868146481,100.2614617376,92.80443667870252,True,discovery
XLV,2007-02-13T00:00:00.000Z,24.630092698,0.0046565774174514,101.1071715534,92.85860641024952,True,discovery
XLV,2007-02-14T00:00:00.000Z,24.7656580981,0.0043402777779819,101.7711526608,92.91458034864,True,discovery
XLV,2007-02-15T00:00:00.000Z,24.879818435,0.0060588574704489,101.9039506995,92.974904188224,True,discovery
XLV,2007-02-16T00:00:00.000Z,24.7799281402,0.001730602824304,101.8550207288,93.03160748104447,True,discovery
XLV,2007-02-20T00:00:00.000Z,24.7941981823,0.0084155542645856,102.0716868355,93.091082054576,True,discovery
XLV,2007-02-21T00:00:00.000Z,24.6800378454,0.0090431738643821,102.0297531509,93.148727918368,True,discovery
XLV,2007-02-22T00:00:00.000Z,24.6443627401,0.0,101.9528701863,93.2019934422475,True,discovery
XLV,2007-02-23T00:00:00.000Z,24.5373374242,-0.0008715862878965,101.5544858552,93.2538182154615,True,discovery
XLV,2007-02-26T00:00:00.000Z,24.637227719,0.0087642418934996,101.463621501,93.3042930515075,True,discovery
XLV,2007-02-27T00:00:00.000Z,23.8880505078,-0.0204798127528882,97.5006915643,93.33519434309852,True,discovery
XLV,2007-02-28T00:00:00.000Z,24.0307509289,-0.0195050946144037,98.5001561266,93.376604584729,True,discovery
XLV,2007-03-01T00:00:00.000Z,23.9451306762,-0.0275282526816793,98.2066070552,93.4224375829545,True,discovery
XLV,2007-03-02T00:00:00.000Z,23.7667551497,-0.0428160919544813,96.9205785249,93.4609448196865,True,discovery
XLV,2007-03-05T00:00:00.000Z,23.6097846864,-0.0472214224020164,95.9979969273,93.495493658599,True,discovery
XLV,2007-03-06T00:00:00.000Z,23.8595104235,-0.0368663594494785,97.6404754053,93.54672898498649,True,discovery
XLV,2007-03-07T00:00:00.000Z,23.8666454446,-0.0337954939348648,97.5426259478,93.59967970326552,True,discovery
XLV,2007-03-08T00:00:00.000Z,23.9451306762,-0.0320161522961153,98.3673678729,93.653688303466,True,discovery
XLV,2007-03-09T00:00:00.000Z,23.9950758237,-0.0291570438788248,98.3953208668,93.7111780835575,True,discovery
XLV,2007-03-12T00:00:00.000Z,23.9950758237,-0.0263462651985525,98.542100295,93.77270872128052,True,discovery
XLV,2007-03-13T00:00:00.000Z,23.6026496654,-0.0380924687402375,96.6270294535,93.8212192506965,True,discovery
XLV,2007-03-14T00:00:00.000Z,23.6954049391,-0.0379490150670807,97.3469263339,93.86795543089548,True,discovery
XLV,2007-03-15T00:00:00.000Z,23.6597298338,-0.0446557188151138,97.4797243726,93.91311650423398,True,discovery
XLV,2007-03-16T00:00:00.000Z,23.777008175,-0.0443254946928636,97.2080280369,93.964773159354,True,discovery
XLV,2007-03-19T00:00:00.000Z,23.9632136607,-0.0329587105692634,98.3798840506,94.017431977483,True,discovery
XLV,2007-03-20T00:00:00.000Z,24.0849634014,-0.0286048685940691,98.9202043491,94.068589817772,True,discovery
XLV,2007-03-21T00:00:00.000Z,24.3284628827,-0.0142453170008218,100.5481683209,94.126957380534,True,discovery
XLV,2007-03-22T00:00:00.000Z,24.4144038761,-0.009331093947332,100.4709801078,94.1914151296035,True,discovery
XLV,2007-03-23T00:00:00.000Z,24.2926541354,-0.0099718761074166,100.618343634,94.25767758729847,True,discovery
XLV,2007-03-26T00:00:00.000Z,24.3284628827,-0.0125324504778547,100.4850171352,94.32654591855948,True,discovery
XLV,2007-03-27T00:00:00.000Z,24.1565808959,0.0112412014539369,100.2464381925,94.394600281503,True,discovery
XLV,2007-03-28T00:00:00.000Z,23.9918606585,-0.0016183543541801,99.5166629334,94.46038367668052,True,discovery
XLV,2007-03-29T00:00:00.000Z,24.1064486497,0.0067369844700968,99.6219153773,94.5313781996525,True,discovery
XLV,2007-03-30T00:00:00.000Z,24.0992869003,0.0139914661679929,99.6429660065,94.60743840444998,True,discovery
XLV,2007-04-02T00:00:00.000Z,24.2281983904,0.0261931107044879,99.7552425778,94.680787486044,True,discovery
XLV,2007-04-03T00:00:00.000Z,24.4788596211,0.0259581687388681,100.8288590476,94.750479383912,True,discovery
XLV,2007-04-04T00:00:00.000Z,24.6220946101,0.031652926141362,100.9411356189,94.823882999048,True,discovery
XLV,2007-04-05T00:00:00.000Z,24.7939765969,0.0354496257372149,101.2148022182,94.9020458636675,True,discovery
XLV,2007-04-09T00:00:00.000Z,24.8011383464,0.0335928308217241,101.3551423187,94.979457191718,True,discovery
XLV,2007-04-10T00:00:00.000Z,24.8369470936,0.0350851681438939,101.4744324918,95.0542816535115,True,discovery
XLV,2007-04-11T00:00:00.000Z,24.7295208519,0.0477434187464096,101.0604250903,95.1289391462855,True,discovery
XLV,2007-04-12T00:00:00.000Z,25.0088290805,0.0554294870577503,101.5095201484,95.2059113060645,True,discovery
XLV,2007-04-13T00:00:00.000Z,25.3740783024,0.0724584972289457,101.9726515321,95.2832960789945,True,discovery
XLV,2007-04-16T00:00:00.000Z,25.6175777837,0.077409638553064,102.941005734,95.36925951529447,True,discovery
XLV,2007-04-17T00:00:00.000Z,25.6963570277,0.0723251643765285,103.2146723332,95.453684810448,True,discovery
XLV,2007-04-18T00:00:00.000Z,25.6891952782,0.0666071959530878,103.340985932,95.530022220027,True,discovery
XLV,2007-04-19T00:00:00.000Z,25.79662152,0.0603473653217938,103.3129118772,95.606184651364,True,discovery
XLV,2007-04-20T00:00:00.000Z,25.8968860123,0.0607216192426163,104.2882895047,95.68542470253249,True,discovery
XLV,2007-04-23T00:00:00.000Z,25.9255330101,0.0672169811334251,103.895333434,95.76522586018947,True,discovery
XLV,2007-04-24T00:00:00.000Z,25.9255330101,0.0656461583742589,103.9374339906,95.8439572749545,True,discovery
XLV,2007-04-25T00:00:00.000Z,26.004312254,0.076489771713248,104.8917616907,95.930332218616,True,discovery
XLV,2007-04-26T00:00:00.000Z,26.0329592519,0.0850746268683777,105.0110511621,96.01647319487648,True,discovery
XLV,2007-04-27T00:00:00.000Z,25.9470182584,0.076351752821248,104.9268493472,96.100255482647,True,discovery
XLV,2007-04-30T00:00:00.000Z,25.861077265,0.0731054977679885,104.056723462,96.1843928869,True,discovery
XLV,2007-05-01T00:00:00.000Z,25.9183712606,0.0697605675405772,104.3233771612,96.27695678474949,True,discovery
XLV,2007-05-02T00:00:00.000Z,26.083091498,0.0655354008206006,104.9338622472,96.37423396868552,True,discovery
XLV,2007-05-03T00:00:00.000Z,26.1403854936,0.0616637580003935,105.5022573023,96.4749759502105,True,discovery
XLV,2007-05-04T00:00:00.000Z,26.2836204826,0.0600808781067516,105.9022269747,96.5755378968095,True,discovery
XLV,2007-05-07T00:00:00.000Z,26.3409144782,0.0620848974871148,105.9232776039,96.670253712939,True,discovery
XLV,2007-05-08T00:00:00.000Z,26.2406499859,0.0565167243385442,105.7829375034,96.767243518644,True,discovery
XLV,2007-05-09T00:00:00.000Z,26.3265909793,0.064581523312341,106.0706418318,96.868716755464,True,discovery
XLV,2007-05-10T00:00:00.000Z,25.861077265,0.0340778923218167,104.9619370038,96.95682662450749,True,discovery
XLV,2007-05-11T00:00:00.000Z,25.9613417573,0.0231442280543625,105.8601264182,97.04787037618898,True,discovery
XLV,2007-05-14T00:00:00.000Z,25.9326947595,0.0123008107347488,105.6285603754,97.13716808677049,True,discovery
XLV,2007-05-15T00:00:00.000Z,25.9040477617,0.0080824972106401,105.6566344303,97.227021390576,True,discovery
XLV,2007-05-16T00:00:00.000Z,26.1976794892,0.0197936994714467,106.3793960876,97.31609415580552,True,discovery
XLV,2007-05-17T00:00:00.000Z,26.0974149969,0.0116601887835117,106.168880674,97.404564174884,True,discovery
XLV,2007-05-18T00:00:00.000Z,26.2048412387,0.0118915929217795,107.0951336176,97.4998453142875,True,discovery
XLV,2007-05-21T00:00:00.000Z,26.2621352343,0.0129834254157423,107.0389953319,97.59187006872448,True,discovery
XLV,2007-05-22T00:00:00.000Z,26.2478117354,0.0124309392279204,106.9547935171,97.682297392316,True,discovery
XLV,2007-05-23T00:00:00.000Z,26.3409144782,0.0129440925378914,106.9688305445,97.7735561275475,True,discovery
XLV,2007-05-24T00:00:00.000Z,26.2406499859,0.007977991744632,106.0004665187,97.861011056772,True,discovery
XLV,2007-05-25T00:00:00.000Z,26.226326487,0.0107645597585988,106.4425472733,97.952371834173,True,discovery
XLV,2007-05-29T00:00:00.000Z,26.2406499859,0.0146773746897894,106.828490444,98.04715017592648,True,discovery
XLV,2007-05-30T00:00:00.000Z,26.2478117354,0.0127106935651006,107.6986058035,98.144929653628,True,discovery
XLV,2007-05-31T00:00:00.000Z,26.305105731,0.0085118067011735,107.5863397578,98.243393442268,True,discovery
XLV,2007-06-01T00:00:00.000Z,26.3337527288,0.007397260275574,108.1196366307,98.3441777082585,True,discovery
XLV,2007-06-04T00:00:00.000Z,26.2836204826,0.0,108.1336736581,98.43977278633852,True,discovery
XLV,2007-06-05T00:00:00.000Z,26.2191647376,-0.0046220772137869,107.7056292292,98.5295253578815,True,discovery
XLV,2007-06-06T00:00:00.000Z,25.9756652562,-0.0100982532765913,106.5477997173,98.61234694038,True,discovery
XLV,2007-06-07T00:00:00.000Z,25.5889307859,-0.0280195865078013,104.6251185171,98.6832714373675,True,discovery
XLV,2007-06-08T00:00:00.000Z,25.6748717793,-0.007200221544986,105.9864287896,98.7629401339925,True,discovery
XLV,2007-06-11T00:00:00.000Z,25.6820335288,-0.010758620687294,106.168880674,98.843555725688,True,discovery
XLV,2007-06-12T00:00:00.000Z,25.4958280431,-0.0168461750871439,105.0110511621,98.919627807531,True,discovery
XLV,2007-06-13T00:00:00.000Z,25.7035187771,-0.0077412220068744,106.5828873738,99.003939685414,True,discovery
XLV,2007-06-14T00:00:00.000Z,25.7751362716,-0.0161290322592957,107.2635484746,99.091101238202,True,discovery
XLV,2007-06-15T00:00:00.000Z,25.9708668841,-0.0048490669598897,107.8709537509,99.1791545697325,True,discovery
XLV,2007-06-18T00:00:00.000Z,25.8196641659,-0.0146986989652567,107.74409915,99.26605458140598,True,discovery
XLV,2007-06-19T00:00:00.000Z,25.8196641659,-0.0168482518444312,108.0118949291,99.3540167566755,True,discovery
XLV,2007-06-20T00:00:00.000Z,25.574859765,-0.0256384028194015,106.5108453418,99.434542903404,True,discovery
XLV,2007-06-21T00:00:00.000Z,25.5676596356,-0.0293556567005277,107.1028050556,99.515329970463,True,discovery
XLV,2007-06-22T00:00:00.000Z,25.1788526459,-0.0404638353307001,106.0950654481,99.5902133132995,True,discovery
XLV,2007-06-25T00:00:00.000Z,25.1356518693,-0.0415870144162444,105.5876688909,99.66657340523048,True,discovery
XLV,2007-06-26T00:00:00.000Z,25.2652541992,-0.0371711747698365,104.5023991971,99.73958318039652,True,discovery
XLV,2007-06-27T00:00:00.000Z,25.4740579529,-0.0294787919960751,105.9893516364,99.818747496305,True,discovery
XLV,2007-06-28T00:00:00.000Z,25.4956583412,-0.0307714934917021,105.975265059,99.89739154840947,True,discovery
XLV,2007-06-29T00:00:00.000Z,25.4236570468,-0.0345600451015351,106.0104924255,99.97178281019752,True,discovery
XLV,2007-07-02T00:00:00.000Z,25.5676596356,-0.027239810720672,106.9689068137,100.0491322918735,True,discovery
XLV,2007-07-03T00:00:00.000Z,25.6108604122,-0.0232007514918143,107.3565029818,100.128385170643,True,discovery
XLV,2007-07-05T00:00:00.000Z,25.6036602828,-0.0143212876255867,107.2437462338,100.206003878811,True,discovery
XLV,2007-07-06T00:00:00.000Z,25.6612613183,0.0028266336333151,107.8075215174,100.285815938003,True,discovery
XLV,2007-07-09T00:00:00.000Z,25.5820598944,-0.0036148918560452,107.89209454,100.36719771330952,True,discovery
XLV,2007-07-10T00:00:00.000Z,25.3660560113,-0.0123034461872212,106.3558070154,100.438465354545,True,discovery
XLV,2007-07-11T00:00:00.000Z,25.4524575646,-0.0017010813858128,107.1098585626,100.5157274426585,True,discovery
XLV,2007-07-12T00:00:00.000Z,25.9276661075,0.0087204920207148,108.8011738428,100.60283620453448,True,discovery
XLV,2007-07-13T00:00:00.000Z,25.8628649425,0.0034036161817176,109.1253483483,100.68805580782548,True,discovery
XLV,2007-07-16T00:00:00.000Z,25.8916654603,-0.0030496257269135,109.1112512002,100.76938207943653,True,discovery
XLV,2007-07-17T00:00:00.000Z,25.8124640365,-0.0002788622405673,109.0548724738,100.849870399704,True,discovery
XLV,2007-07-18T00:00:00.000Z,25.7404627421,-0.0030674846617332,108.8575525692,100.9295458956515,True,discovery
XLV,2007-07-19T00:00:00.000Z,25.6036602828,0.0011261261279491,109.2803866746,101.01171784463448,True,discovery
XLV,2007-07-20T00:00:00.000Z,25.3660560113,-0.0078851027889658,108.1739768965,101.090095392494,True,discovery
XLV,2007-07-23T00:00:00.000Z,25.5604595061,0.0151558478683155,108.5051943383,101.1691559482885,True,discovery
XLV,2007-07-24T00:00:00.000Z,25.3012548463,0.0065883700912592,106.6236027945,101.2333870957565,True,discovery
XLV,2007-07-25T00:00:00.000Z,25.2868545875,0.0008549444280152,106.8420634883,101.297806987231,True,discovery
XLV,2007-07-26T00:00:00.000Z,24.7684452679,-0.0276992651231553,104.3121335043,101.350168022076,True,discovery
XLV,2007-07-27T00:00:00.000Z,24.178034654,-0.0516803162941185,102.2614064861,101.391997394712,True,discovery
XLV,2007-07-30T00:00:00.000Z,24.4804400904,-0.0370999716784931,103.8611156734,101.441199732286,True,discovery
XLV,2007-07-31T00:00:00.000Z,24.2140353012,-0.0529428330043644,102.6912835279,101.485108966844,True,discovery
XLV,2007-08-01T00:00:00.000Z,24.3796382782,-0.0480742198498529,103.1916265781,101.52745382782852,True,discovery
XLV,2007-08-02T00:00:00.000Z,24.588442032,-0.0396512935879719,104.0161539998,101.572704951633,True,discovery
XLV,2007-08-03T00:00:00.000Z,24.2500359484,-0.0549943883270305,101.3382293305,101.6038366713065,True,discovery
XLV,2007-08-06T00:00:00.000Z,24.7252444913,-0.0334928229640945,103.0365988225,101.644954587717,True,discovery
XLV,2007-08-07T00:00:00.000Z,24.8404465623,-0.0207209764405571,104.1359543889,101.690943756566,True,discovery
XLV,2007-08-08T00:00:00.000Z,25.1284517398,-0.0127298444159135,105.5876688909,101.7434269259565,True,discovery
XLV,2007-08-09T00:00:00.000Z,24.5380411259,-0.0535962232712502,102.458725686,101.7801611274075,True,discovery
XLV,2007-08-10T00:00:00.000Z,24.408438796,-0.0562360801764837,101.9795241297,101.812309867514,True,discovery
XLV,2007-08-13T00:00:00.000Z,24.4804400904,-0.0545050055611081,102.345968938,101.84486594659148,True,discovery
XLV,2007-08-14T00:00:00.000Z,24.2788364661,-0.0594142259426059,100.7814976879,101.86796627704253,True,discovery
XLV,2007-08-15T00:00:00.000Z,24.2212354306,-0.0590209790212985,99.3932048486,101.8826307905445,True,discovery
XLV,2007-08-16T00:00:00.000Z,24.22843556,-0.0537120359983781,100.1402134595,101.904053836839,True,discovery
XLV,2007-08-17T00:00:00.000Z,24.2860365955,-0.0425773488522959,101.9795241297,101.9350209868895,True,discovery
XLV,2007-08-20T00:00:00.000Z,24.4012386666,-0.0453521126732229,101.9301883396,101.965810981277,True,discovery
XLV,2007-08-21T00:00:00.000Z,24.4660398315,-0.0330108138854677,102.1345518853,102.000854790437,True,discovery
XLV,2007-08-22T00:00:00.000Z,24.588442032,-0.0276195899764157,103.3466649044,102.042237195286,True,discovery
XLV,2007-08-23T00:00:00.000Z,24.7468448796,-0.0008720930226489,103.2550588115,102.0839956614505,True,discovery
XLV,2007-08-24T00:00:00.000Z,24.8980475978,0.0297796307311057,104.5305941981,102.126779818148,True,discovery
XLV,2007-08-27T00:00:00.000Z,24.7252444913,0.0099999999998365,103.5580819571,102.1628595104825,True,discovery
XLV,2007-08-28T00:00:00.000Z,24.4732399609,0.0107047279181571,101.2818506041,102.186515446966,True,discovery
XLV,2007-08-29T00:00:00.000Z,24.6532431969,0.011222681632018,103.2691453889,102.22264486134152,True,discovery
XLV,2007-08-30T00:00:00.000Z,24.6532431969,0.0026354319161687,102.9943066735,102.2571915227045,True,discovery
XLV,2007-08-31T00:00:00.000Z,24.7684452679,0.0213776722064695,104.009099788,102.2956305595845,True,discovery
XLV,2007-09-04T00:00:00.000Z,24.9844491511,0.0104834012820866,105.0591315445,102.33570547221848,True,discovery
XLV,2007-09-05T00:00:00.000Z,24.934048245,0.0037681159420885,104.1500409662,102.3698447824695,True,discovery
XLV,2007-09-06T00:00:00.000Z,25.0132496688,-0.0045845272200967,104.3896530198,102.403931043121,True,discovery
XLV,2007-09-07T00:00:00.000Z,24.7468448796,0.0085093896708652,102.9379385178,102.43061974376847,True,discovery
XLV,2007-09-10T00:00:00.000Z,24.7684452679,0.01474926253616,102.7406080425,102.456043761446,True,discovery
XLV,2007-09-11T00:00:00.000Z,24.9556486333,0.0194117647046041,103.9386344842,102.4869713734325,True,discovery
XLV,2007-09-12T00:00:00.000Z,25.0636505749,0.0323250296568295,104.2064196926,102.518264832187,True,discovery
XLV,2007-09-13T00:00:00.000Z,25.1212516104,0.0371581450656708,104.9393311554,102.5552037389075,True,discovery
XLV,2007-09-14T00:00:00.000Z,24.9916492805,0.0315007429435529,104.9322769436,102.598814722752,True,discovery
XLV,2007-09-17T00:00:00.000Z,24.9700488922,0.0281648384251691,104.3685122307,102.6375216848595,True,discovery
XLV,2007-09-18T00:00:00.000Z,25.4164569174,0.0416051932719963,107.4410767092,102.686552301261,True,discovery
XLV,2007-09-19T00:00:00.000Z,25.5172587295,0.0429664508535032,108.0753172965,102.738545609818,True,discovery
XLV,2007-09-20T00:00:00.000Z,25.4884582117,0.0366032210795908,107.3142221083,102.78781077709851,True,discovery
XLV,2007-09-21T00:00:00.000Z,25.6128476479,0.0349944719221111,107.60225523,102.83479757156849,True,discovery
XLV,2007-09-24T00:00:00.000Z,25.5622722083,0.0266777789660379,107.4040021296,102.8786731667855,True,discovery
XLV,2007-09-25T00:00:00.000Z,25.4755714546,0.0303465942900591,107.1915852107,102.92190369549547,True,discovery
XLV,2007-09-26T00:00:00.000Z,25.6200727107,0.046860683408991,107.7580267875,102.9701210979445,True,discovery
XLV,2007-09-27T00:00:00.000Z,25.72122359,0.0433200769801473,108.3952669235,103.020621145086,True,discovery
XLV,2007-09-28T00:00:00.000Z,25.5405970199,0.0359933910485084,108.0341660207,103.0678908026435,True,discovery
XLV,2007-10-01T00:00:00.000Z,25.9307504114,0.0469268511175529,109.2520115519,103.121631973841,True,discovery
XLV,2007-10-02T00:00:00.000Z,25.7862491553,0.0320919624583635,109.1033162393,103.17410839499748,True,discovery
XLV,2007-10-03T00:00:00.000Z,25.8874000346,0.038234938034628,108.8838230755,103.221143230917,True,discovery
XLV,2007-10-04T00:00:00.000Z,25.8584997833,0.0337920952172126,109.0537584515,103.268983777753,True,discovery
XLV,2007-10-05T00:00:00.000Z,26.1908526724,0.0583511877908267,110.3494901156,103.3246658923075,True,discovery
XLV,2007-10-08T00:00:00.000Z,26.0102261023,0.0501355987817835,109.7618077673,103.3764660260625,True,discovery
XLV,2007-10-09T00:00:00.000Z,26.2269779864,0.0509435507680444,110.795554104,103.43371447036547,True,discovery
XLV,2007-10-10T00:00:00.000Z,26.2703283633,0.0481445344441735,110.6114648222,103.49185969942852,True,discovery
XLV,2007-10-11T00:00:00.000Z,26.0463514163,0.0368253867381755,110.0804278353,103.5503900702295,True,discovery
XLV,2007-10-12T00:00:00.000Z,26.1908526724,0.0479841637676825,110.6893509549,103.60906449143152,True,discovery
XLV,2007-10-15T00:00:00.000Z,25.909075223,0.0376061070146052,109.7547209017,103.6598157637775,True,discovery
XLV,2007-10-16T00:00:00.000Z,25.7139985272,0.0117066517479982,108.8838230755,103.70726089959,True,discovery
XLV,2007-10-17T00:00:00.000Z,25.7356737156,0.0085595003920815,109.216606962,103.758431839352,True,discovery
XLV,2007-10-18T00:00:00.000Z,25.7428987784,0.0099825797459653,108.8201007612,103.808493910221,True,discovery
XLV,2007-10-19T00:00:00.000Z,25.4322210778,-0.0070521861755894,105.9737396795,103.84327577066448,True,discovery
XLV,2007-10-22T00:00:00.000Z,25.4322210778,-0.0050876201239173,106.589739044,103.8850865981445,True,discovery
XLV,2007-10-23T00:00:00.000Z,25.7284486528,0.0099262620526747,107.4535606254,103.9289449805915,True,discovery
XLV,2007-10-24T00:00:00.000Z,25.5405970199,-0.0031020868557802,107.255307525,103.97223143787647,True,discovery
XLV,2007-10-25T00:00:00.000Z,25.6923233388,-0.0011235955046569,107.5102052787,104.015149948087,True,discovery
XLV,2007-10-26T00:00:00.000Z,25.7790240925,0.0093352192360354,108.7705323528,104.062203373192,True,discovery
XLV,2007-10-29T00:00:00.000Z,25.8874000346,-0.0016717748662198,109.1316445843,104.107288135641,True,discovery
XLV,2007-10-30T00:00:00.000Z,25.8584997833,0.0028019052931997,108.3740268601,104.149563304044,True,discovery
XLV,2007-10-31T00:00:00.000Z,26.0174511651,0.0050237231365908,109.49982244,104.197257781924,True,discovery
XLV,2007-11-01T00:00:00.000Z,25.6561980248,-0.0078234143587345,106.9366874571,104.233814054583,True,discovery
XLV,2007-11-02T00:00:00.000Z,25.5839473967,-0.0231724137923755,107.0570544246,104.26999361159052,True,discovery
XLV,2007-11-05T00:00:00.000Z,25.5694972711,-0.0169444444452955,106.2428019598,104.30363955857848,True,discovery
XLV,2007-11-06T00:00:00.000Z,25.7067734644,-0.0198347107421126,107.6730644099,104.34296907246,True,discovery
XLV,2007-11-07T00:00:00.000Z,25.1215433771,-0.0437293729379061,104.727577132,104.3635523252105,True,discovery
XLV,2007-11-08T00:00:00.000Z,25.2877198216,-0.0291262135941712,104.1965401452,104.387386355885,True,discovery
XLV,2007-11-09T00:00:00.000Z,25.2226942564,-0.036965517240309,102.766276987,104.40452334011952,True,discovery
XLV,2007-11-12T00:00:00.000Z,25.2877198216,-0.0239821528191175,101.7466845562,104.416841941065,True,discovery
XLV,2007-11-13T00:00:00.000Z,25.6200727107,-0.0036527114365604,104.8479440996,104.442080834826,True,discovery
XLV,2007-11-14T00:00:00.000Z,25.72122359,-0.0005614823128271,104.5576410479,104.46251332636052,True,discovery
XLV,2007-11-15T00:00:00.000Z,25.5622722083,-0.0070165590773155,103.049492465,104.4723996738245,True,discovery
XLV,2007-11-16T00:00:00.000Z,25.6778732132,0.0096590909086753,103.226504794,104.482472163729,True,discovery
XLV,2007-11-19T00:00:00.000Z,25.5333719571,0.0039772727277955,101.789166099,104.48521814626348,True,discovery
XLV,2007-11-20T00:00:00.000Z,25.5839473967,-0.0056163998867562,102.4122523291,104.4909397984735,True,discovery
XLV,2007-11-21T00:00:00.000Z,25.013167435,-0.0206506364940903,100.316422106,104.485063984109,True,discovery
XLV,2007-11-23T00:00:00.000Z,25.4177709522,-0.0106861642281053,102.0511514263,104.488525810034,True,discovery
XLV,2007-11-26T00:00:00.000Z,25.2226942564,-0.0215807174896839,99.7995489377,104.484503850824,True,discovery
XLV,2007-11-27T00:00:00.000Z,25.5478220827,-0.0131174993026002,100.9465959098,104.48792952168498,True,discovery
XLV,2007-11-28T00:00:00.000Z,26.1547273584,0.0114557138883713,104.1752993737,104.5032701607865,True,discovery
XLV,2007-11-29T00:00:00.000Z,26.3136787401,0.0113857261850984,104.2106933429,104.515467864197,True,discovery
XLV,2007-11-30T00:00:00.000Z,26.3498040542,0.0270346381303083,105.2586141189,104.532241181294,True,discovery
XLV,2007-12-03T00:00:00.000Z,26.1836276096,0.0234397062971349,104.5647180008,104.545789667654,True,discovery
XLV,2007-12-04T00:00:00.000Z,26.1764025468,0.0237355185072782,103.6300985684,104.5535817263185,True,discovery
XLV,2007-12-05T00:00:00.000Z,26.3859293682,0.0264193367067449,105.3648172679,104.57025704690348,True,discovery
XLV,2007-12-06T00:00:00.000Z,26.5665559383,0.0575208513071385,106.8729651428,104.594857521686,True,discovery
XLV,2007-12-07T00:00:00.000Z,26.5521058127,0.0500000000007909,106.8517250794,104.621343717807,True,discovery
XLV,2007-12-10T00:00:00.000Z,26.6026812524,0.0547121168726787,107.6801413628,104.65242631711598,True,discovery
XLV,2007-12-11T00:00:00.000Z,26.1908526724,0.0357142857154155,104.727577132,104.6885607449545,True,discovery
XLV,2007-12-12T00:00:00.000Z,26.205302798,0.0228426395938987,105.7613227606,104.72486657812448,True,discovery
XLV,2007-12-13T00:00:00.000Z,26.1908526724,0.0182584269662264,105.5418295969,104.761542690833,True,discovery
XLV,2007-12-14T00:00:00.000Z,25.7934742181,0.0090446579989444,104.20361639,104.7979578801585,True,discovery
XLV,2007-12-17T00:00:00.000Z,25.5189218314,-0.0061902082185798,102.7167191993,104.8315514915185,True,discovery
XLV,2007-12-18T00:00:00.000Z,25.7139985272,0.0070741369531404,103.290237729,104.859800303137,True,discovery
XLV,2007-12-19T00:00:00.000Z,25.6995484016,0.0045184975995891,103.290237729,104.888538362043,True,discovery
XLV,2007-12-20T00:00:00.000Z,25.8512747205,0.0335066435579554,103.9416416834,104.9164097310955,True,discovery
XLV,2007-12-21T00:00:00.000Z,26.0104717544,0.02331836270437,105.4323772095,104.951595012809,True,discovery
XLV,2007-12-24T00:00:00.000Z,26.0974875506,0.0346827854830786,106.2153020871,104.98996102176947,True,discovery
XLV,2007-12-26T00:00:00.000Z,26.0684822852,0.0203798273220545,106.4430688973,105.0390412189885,True,discovery
XLV,2007-12-27T00:00:00.000Z,25.8001835802,-0.0135556289056911,105.1049645996,105.077831410317,True,discovery
XLV,2007-12-28T00:00:00.000Z,25.6986651513,-0.0233723910242458,104.8416185449,105.11464088117852,True,discovery
XLV,2007-12-31T00:00:00.000Z,25.6043980387,-0.0282888637033786,104.0658076656,105.148929779322,True,discovery
XLV,2008-01-02T00:00:00.000Z,25.3360993337,-0.0323686346497404,103.1547503893,105.17280411101552,True,discovery
XLV,2008-01-03T00:00:00.000Z,25.4883769771,-0.026284191208853,103.1049331835,105.1937277551875,True,discovery
XLV,2008-01-04T00:00:00.000Z,25.2273295884,-0.0439097582515448,100.5781982699,105.19387790493248,True,discovery
XLV,2008-01-07T00:00:00.000Z,25.7276704167,-0.0315767509928002,100.4927904315,105.193986956551,True,discovery
XLV,2008-01-08T00:00:00.000Z,25.9379585909,-0.0231298875551426,98.8699888311,105.1852451825365,True,discovery
XLV,2008-01-09T00:00:00.000Z,26.4020428374,-0.0075420373268539,99.9091457651,105.182365825686,True,discovery
XLV,2008-01-10T00:00:00.000Z,26.3657862556,0.0066791862559079,100.5639595969,105.183953432708,True,discovery
XLV,2008-01-11T00:00:00.000Z,26.4455507355,0.0091679130499622,99.7525587967,105.18513291202449,True,discovery
XLV,2008-01-14T00:00:00.000Z,26.2425138777,0.0019724903937334,100.5568463103,105.18980756668952,True,discovery
XLV,2008-01-15T00:00:00.000Z,25.9452099072,0.0058827162179464,98.3432853335,105.18330916332452,True,discovery
XLV,2008-01-16T00:00:00.000Z,26.0104717544,0.019262174407195,97.4962946125,105.172014423498,True,discovery
XLV,2008-01-17T00:00:00.000Z,25.5101309261,-0.007928273033241,94.9695596988,105.142717926754,True,discovery
XLV,2008-01-18T00:00:00.000Z,25.1403137922,-0.0217604839066037,93.9944579319,105.107984538319,True,discovery
XLV,2008-01-22T00:00:00.000Z,24.2266479318,-0.0628451326391141,93.0407074128,105.067114064292,True,discovery
XLV,2008-01-23T00:00:00.000Z,24.4006795243,-0.0618901589060062,95.2756203491,105.036716454444,True,discovery
XLV,2008-01-24T00:00:00.000Z,24.3064124117,-0.0686301750475908,96.079907151,105.00974382774,True,discovery
XLV,2008-01-25T00:00:00.000Z,23.922092645,-0.082336578582428,94.6919749711,104.97790157714398,True,discovery
XLV,2008-01-28T00:00:00.000Z,24.2266479318,-0.060989319843739,96.257846079,104.951643206797,True,discovery
XLV,2008-01-29T00:00:00.000Z,24.291909779,-0.054740406321409,96.7347216945,104.925453557609,True,discovery
XLV,2008-01-30T00:00:00.000Z,24.0091084413,-0.0623052959491093,96.0229659822,104.89086335885,True,discovery
XLV,2008-01-31T00:00:00.000Z,24.436936106,-0.0354894104201748,97.7738786285,104.8636593903265,True,discovery
XLV,2008-02-01T00:00:00.000Z,24.5529571677,-0.0366998577524345,99.3468637348,104.8436887793405,True,discovery
XLV,2008-02-04T00:00:00.000Z,24.6399729639,-0.023282552457319,98.0941772401,104.817595106155,True,discovery
XLV,2008-02-05T00:00:00.000Z,24.1903913501,-0.0597519729420251,95.4677972385,104.773492644824,True,discovery
XLV,2008-02-06T00:00:00.000Z,24.2556531972,-0.0648588202423229,94.6990996458,104.727511475883,True,discovery
XLV,2008-02-07T00:00:00.000Z,24.1613860847,-0.0848667948347535,95.325437555,104.684451493705,True,discovery
XLV,2008-02-08T00:00:00.000Z,24.0091084413,-0.0893839383909687,94.713337607,104.6335593732865,True,discovery
XLV,2008-02-11T00:00:00.000Z,23.9365952777,-0.0948724979446929,95.197326509,104.584490750021,True,discovery
XLV,2008-02-12T00:00:00.000Z,24.2846584626,-0.0746062448218315,96.079907151,104.54025603904,True,discovery
XLV,2008-02-13T00:00:00.000Z,24.2484018809,-0.0653996646151288,97.0621229163,104.5052830363115,True,discovery
XLV,2008-02-14T00:00:00.000Z,24.146883452,-0.071647616390685,96.2080181969,104.46470624149,True,discovery
XLV,2008-02-15T00:00:00.000Z,24.168637401,-0.0525866969866268,96.1866662373,104.42097026144047,True,discovery
XLV,2008-02-19T00:00:00.000Z,24.4731926878,-0.0265359100094836,96.4571369667,104.37574465976247,True,discovery
XLV,2008-02-20T00:00:00.000Z,24.4006795243,0.0071834780028139,96.741834981,104.329942699794,True,discovery
XLV,2008-02-21T00:00:00.000Z,24.146883452,-0.0104011887065378,95.9375474675,104.280014049112,True,discovery
XLV,2008-02-22T00:00:00.000Z,24.1976426664,-0.0044749403349891,96.5283061321,104.2337408922555,True,discovery
XLV,2008-02-25T00:00:00.000Z,24.5094492695,0.024552894816364,97.7454133823,104.192114750008,True,discovery
XLV,2008-02-26T00:00:00.000Z,24.291909779,0.0026938042515711,98.4785210541,104.1596976702595,True,discovery
XLV,2008-02-27T00:00:00.000Z,24.4006795243,0.0044776119411586,98.3788752544,104.12229141444053,True,discovery
XLV,2008-02-28T00:00:00.000Z,24.1178781865,0.0045303533642631,97.4180007724,104.08123861642552,True,discovery
XLV,2008-02-29T00:00:00.000Z,23.7843176344,-0.0267062314509944,95.2471543912,104.02919121623,True,discovery
XLV,2008-03-03T00:00:00.000Z,23.777066318,-0.0316007088026327,95.019387581,103.972391173697,True,discovery
XLV,2008-03-04T00:00:00.000Z,23.8060715834,-0.0338434373171491,94.6563957265,103.9148287489595,True,discovery
XLV,2008-03-05T00:00:00.000Z,23.7625636853,-0.0176858513203933,95.2542683895,103.855624422819,True,discovery
XLV,2008-03-06T00:00:00.000Z,23.2839768061,-0.0400597907300294,93.2827022197,103.78684295725802,True,discovery
XLV,2008-03-07T00:00:00.000Z,23.015678101,-0.0474189675908333,92.321838414,103.71367818174252,True,discovery
XLV,2008-03-10T00:00:00.000Z,22.479080691,-0.0637269707053376,91.1047311638,103.634357684839,True,discovery
XLV,2008-03-11T00:00:00.000Z,22.6966201816,-0.0518024840924304,94.3788117105,103.57624941079798,True,discovery
XLV,2008-03-12T00:00:00.000Z,22.6966201816,-0.0653926545207824,93.4962310686,103.5115178297745,True,discovery
XLV,2008-03-13T00:00:00.000Z,22.6676149162,-0.0651913875588293,93.7026352429,103.445888553769,True,discovery
XLV,2008-03-14T00:00:00.000Z,22.2470385677,-0.0786786786823474,92.2506585722,103.3686488176125,True,discovery
XLV,2008-03-17T00:00:00.000Z,22.2180333023,-0.0807080708082985,91.3182600127,103.287308418887,True,discovery
XLV,2008-03-18T00:00:00.000Z,22.9141596721,-0.0637037037050416,95.1119193824,103.22226983264552,True,discovery
XLV,2008-03-19T00:00:00.000Z,22.6168557017,-0.0731054977720409,92.7560093984,103.145381511347,True,discovery
XLV,2008-03-20T00:00:00.000Z,22.6453026157,-0.0621852852888819,94.4656074726,103.079181402564,True,discovery
XLV,2008-03-24T00:00:00.000Z,22.9439379992,-0.0518110249202435,96.3537745341,103.028211276648,True,discovery
XLV,2008-03-25T00:00:00.000Z,22.9876407383,-0.0620906865130488,96.4467560689,102.987319464407,True,discovery
XLV,2008-03-26T00:00:00.000Z,22.7618432532,-0.0629866708595601,95.2666447715,102.93372054431649,True,discovery
XLV,2008-03-27T00:00:00.000Z,22.8783838907,-0.0623874278617521,94.9662558738,102.87770742031552,True,discovery
XLV,2008-03-28T00:00:00.000Z,22.8201135719,-0.0538092366403287,94.0579298779,102.82294181389447,True,discovery
XLV,2008-03-31T00:00:00.000Z,22.7035729345,-0.0454393822228849,94.3869331,102.7619620425255,True,discovery
XLV,2008-04-01T00:00:00.000Z,23.0677624265,-0.0298314300853437,97.7055310107,102.714171955206,True,discovery
XLV,2008-04-02T00:00:00.000Z,22.90751905,-0.0377446791358285,97.7698975058,102.6636666739805,True,discovery
XLV,2008-04-03T00:00:00.000Z,22.8346811516,-0.0390480819320857,98.0130677677,102.61501151706902,True,discovery
XLV,2008-04-04T00:00:00.000Z,23.0167758976,-0.0114757419114933,97.905789799,102.56448099141848,True,discovery
XLV,2008-04-07T00:00:00.000Z,23.2789923319,0.0114406462301259,97.9558605754,102.52170606758648,True,discovery
XLV,2008-04-08T00:00:00.000Z,23.1988706437,0.0320204354703965,97.855730466,102.4754706946385,True,discovery
XLV,2008-04-09T00:00:00.000Z,23.089613796,0.0173150720792603,97.1476639737,102.4307336872665,True,discovery
XLV,2008-04-10T00:00:00.000Z,23.2717085421,0.0253380616099934,97.2835562668,102.389213124146,True,discovery
XLV,2008-04-11T00:00:00.000Z,22.9657893687,0.0131542049572626,95.3953892053,102.343678074187,True,discovery
XLV,2008-04-14T00:00:00.000Z,22.863816311,0.0277240380297396,95.0735338426,102.289098985218,True,discovery
XLV,2008-04-15T00:00:00.000Z,22.8419649414,0.0280822172966772,95.2952590959,102.23569895540253,True,discovery
XLV,2008-04-16T00:00:00.000Z,22.9657893687,0.0022531787042954,97.8771862028,102.195032424289,True,discovery
XLV,2008-04-17T00:00:00.000Z,22.8201135719,0.0089870083127745,98.0202270705,102.150289025573,True,discovery
XLV,2008-04-18T00:00:00.000Z,23.0386272672,0.017368928919824,99.0429796098,102.108721408713,True,discovery
XLV,2008-04-21T00:00:00.000Z,22.9657893687,0.0009523809513765,99.093049671,102.067967925899,True,discovery
XLV,2008-04-22T00:00:00.000Z,22.725424304,-0.0114068441074562,98.6567677649,102.02221415713652,True,discovery
XLV,2008-04-23T00:00:00.000Z,22.7982622024,0.0015999999997751,98.499419735,101.97525078311148,True,discovery
XLV,2008-04-24T00:00:00.000Z,22.8711001008,-0.0003183699484543,98.9285530664,101.93811451336649,True,discovery
XLV,2008-04-25T00:00:00.000Z,23.1697354843,0.0153207788076266,99.8440276369,101.901785358738,True,discovery
XLV,2008-04-28T00:00:00.000Z,23.3081274913,0.0266281681101094,99.8654833737,101.85710690639252,True,discovery
XLV,2008-04-29T00:00:00.000Z,23.0531948468,-0.0006315124731501,99.4721129412,101.808840729357,True,discovery
XLV,2008-04-30T00:00:00.000Z,22.9293704195,0.0009538950705356,98.8856315798,101.757712631255,True,discovery
XLV,2008-05-01T00:00:00.000Z,23.3372626506,0.0220095693766577,100.9311466713,101.7170940022425,True,discovery
XLV,2008-05-02T00:00:00.000Z,23.3445464405,0.0142405063314787,101.2100805474,101.67885664213352,True,discovery
XLV,2008-05-05T00:00:00.000Z,23.2789923319,0.0,100.7237393084,101.63607340530253,True,discovery
XLV,2008-05-06T00:00:00.000Z,23.2352895929,0.0015698587124923,101.5963024053,101.60318503284648,True,discovery
XLV,2008-05-07T00:00:00.000Z,23.0313434773,-0.0025236593047777,99.7868090011,101.5595931061605,True,discovery
XLV,2008-05-08T00:00:00.000Z,23.0094921078,-0.0112676056347833,99.529331577,101.524121750073,True,discovery
XLV,2008-05-09T00:00:00.000Z,22.9220866297,-0.0019029495698311,99.3433685075,101.486628275169,True,discovery
XLV,2008-05-12T00:00:00.000Z,23.0968975859,0.010194329403699,100.4591133097,101.467363174196,True,discovery
XLV,2008-05-13T00:00:00.000Z,22.8783838907,0.0015943877592594,100.4734097437,101.45842319048398,True,discovery
XLV,2008-05-14T00:00:00.000Z,23.0677624265,0.004440215668745,100.6808278348,101.44252175129098,True,discovery
XLV,2008-05-15T00:00:00.000Z,23.002208318,0.0079795722981952,101.9396027765,101.438763347534,True,discovery
XLV,2008-05-16T00:00:00.000Z,23.089613796,0.0022130888359215,102.0325843113,101.4329681362,True,discovery
XLV,2008-05-19T00:00:00.000Z,23.2352895929,0.011734855696591,102.3115174722,101.42444495356202,True,discovery
XLV,2008-05-20T00:00:00.000Z,23.1697354843,0.0195512820511691,101.4818651337,101.425163132578,True,discovery
XLV,2008-05-21T00:00:00.000Z,22.9657893687,0.007348242809593,99.7653532643,101.408806904787,True,discovery
XLV,2008-05-22T00:00:00.000Z,23.2134382233,0.0149681528650222,99.7796504135,101.38702538491002,True,discovery
XLV,2008-05-23T00:00:00.000Z,22.8346811516,-0.0144608613649056,98.4422010992,101.3512980459515,True,discovery
XLV,2008-05-27T00:00:00.000Z,22.9293704195,-0.0162500000028477,99.1717240435,101.334863037739,True,discovery
XLV,2008-05-28T00:00:00.000Z,22.90751905,-0.0063191153229774,99.6294609712,101.32311272194652,True,discovery
XLV,2008-05-29T00:00:00.000Z,23.4028167592,0.0206480304970504,100.1301093724,101.31203342411852,True,discovery
XLV,2008-05-30T00:00:00.000Z,23.36639781,0.0012484394522271,100.3804389371,101.3100281303645,True,discovery
XLV,2008-06-02T00:00:00.000Z,23.089613796,-0.0109204368202127,99.3433685075,101.309778948659,True,discovery
XLV,2008-06-03T00:00:00.000Z,23.2425733827,-0.0015644555692426,98.7640457337,101.30289811003,True,discovery
XLV,2008-06-04T00:00:00.000Z,23.2498571725,0.0006269592441168,98.7139864007,101.286570421385,True,discovery
XLV,2008-06-05T00:00:00.000Z,23.4538032881,0.0183428210002767,100.6879764094,101.280359361734,True,discovery
XLV,2008-06-06T00:00:00.000Z,22.8856676805,-0.0053814498260057,97.4766564675,101.257069884645,True,discovery
XLV,2008-06-09T00:00:00.000Z,22.7618432532,-0.0069907848743742,97.71267887,101.228899954473,True,discovery
XLV,2008-06-10T00:00:00.000Z,22.543329558,-0.0239672027743647,97.226337631,101.1987563485705,True,discovery
XLV,2008-06-11T00:00:00.000Z,22.3175320729,-0.0245144858342893,95.7959074971,101.1550829150655,True,discovery
XLV,2008-06-12T00:00:00.000Z,22.128153537,-0.040732554468334,96.1606636052,101.118095823306,True,discovery
XLV,2008-06-13T00:00:00.000Z,22.4777754494,-0.0227992400272983,97.3765270734,101.0985692056525,True,discovery
XLV,2008-06-16T00:00:00.000Z,22.5506133478,-0.0233438485789387,97.4337457091,101.0693922072535,True,discovery
XLV,2008-06-17T00:00:00.000Z,22.4923430291,-0.0319749216307173,96.9617116323,101.03922923204748,True,discovery
XLV,2008-06-18T00:00:00.000Z,22.2374103846,-0.0402389185811702,96.0176227375,100.999271846795,True,discovery
XLV,2008-06-19T00:00:00.000Z,22.266545544,-0.0304471931477782,96.1392078684,100.95467222841452,True,discovery
XLV,2008-06-20T00:00:00.000Z,21.9550906904,-0.0542077188564407,94.5866361662,100.9068552044145,True,discovery
XLV,2008-06-23T00:00:00.000Z,22.1160946888,-0.0314690824027402,94.4931817245,100.857372847938,True,discovery
XLV,2008-06-24T00:00:00.000Z,22.196596688,-0.0319578653095865,94.3062836237,100.81421457346752,True,discovery
XLV,2008-06-25T00:00:00.000Z,22.4454210492,-0.0201723285612633,94.7519694056,100.774271380283,True,discovery
XLV,2008-06-26T00:00:00.000Z,21.9916825082,-0.0602976242355639,92.1784753982,100.715470584853,True,discovery
XLV,2008-06-27T00:00:00.000Z,22.1380497795,-0.0525689941807935,91.6752806836,100.652814889808,True,discovery
XLV,2008-06-30T00:00:00.000Z,22.3795557771,-0.0307522691879328,91.9987672619,100.5881120703405,True,discovery
XLV,2008-07-01T00:00:00.000Z,22.3795557771,-0.0371308973145962,92.2863097688,100.52488223446652,True,discovery
XLV,2008-07-02T00:00:00.000Z,22.2258701423,-0.0440427234714876,90.7048302937,100.45656382478153,True,discovery
XLV,2008-07-03T00:00:00.000Z,22.3210088686,-0.0482989648026407,90.7982797035,100.373349839753,True,discovery
XLV,2008-07-07T00:00:00.000Z,22.1746415973,-0.0310686187148403,89.8709590363,100.282328048452,True,discovery
XLV,2008-07-08T00:00:00.000Z,22.7601106824,-7.611733288581668e-05,91.4668126895,100.203091001358,True,discovery
XLV,2008-07-09T00:00:00.000Z,22.8698861358,0.0144857296682741,89.7056257969,100.11360785419252,True,discovery
XLV,2008-07-10T00:00:00.000Z,22.9942983164,0.0303244212348097,90.0722420979,100.026949054034,True,discovery
XLV,2008-07-11T00:00:00.000Z,22.5551965026,0.0192986262900767,89.0227121632,99.93610468879648,True,discovery
XLV,2008-07-14T00:00:00.000Z,22.7088821374,0.0102815640506885,88.2176007636,99.838402558677,True,discovery
XLV,2008-07-15T00:00:00.000Z,22.8186575909,0.0118863393631885,86.9739834825,99.731296141472,True,discovery
XLV,2008-07-16T00:00:00.000Z,22.9796615893,0.0216659758198389,89.1089766405,99.636670194571,True,discovery
XLV,2008-07-17T00:00:00.000Z,23.2065308598,0.0435806354444554,90.0003525175,99.540411899399,True,discovery
XLV,2008-07-18T00:00:00.000Z,23.1992124962,0.0418864682156017,90.5610619156,99.4477006277805,True,discovery
XLV,2008-07-21T00:00:00.000Z,22.7893841366,0.0379999999983966,90.6113816028,99.35633842041702,True,discovery
XLV,2008-07-22T00:00:00.000Z,23.1040737699,0.0446724023839675,91.6393409253,99.269266332786,True,discovery
XLV,2008-07-23T00:00:00.000Z,23.2065308598,0.045499505442021,92.1353456755,99.1781956105855,True,discovery
XLV,2008-07-24T00:00:00.000Z,23.1845757691,0.0329312031295729,90.2232004404,99.080502573951,True,discovery
XLV,2008-07-25T00:00:00.000Z,23.3236246768,0.060565723795956,90.2016355791,98.97753298132652,True,discovery
XLV,2008-07-28T00:00:00.000Z,23.1333472241,0.0449586776845019,88.8789437851,98.868870376141,True,discovery
XLV,2008-07-29T00:00:00.000Z,23.3675348582,0.044146500982426,90.7767148422,98.7723518111755,True,discovery
XLV,2008-07-30T00:00:00.000Z,23.3602164946,0.0438194898624157,92.3941333567,98.68087572318449,True,discovery
XLV,2008-07-31T00:00:00.000Z,23.3821715853,0.0520250246940543,91.1720859689,98.5879625485205,True,discovery
XLV,2008-08-01T00:00:00.000Z,23.2065308598,0.0396721311484136,90.6904561157,98.4969957137215,True,discovery
XLV,2008-08-04T00:00:00.000Z,23.404126676,0.0554455445561612,89.849394175,98.40015964978652,True,discovery
XLV,2008-08-05T00:00:00.000Z,24.1652364866,0.0617363344057266,92.27192984,98.31741879518049,True,discovery
XLV,2008-08-06T00:00:00.000Z,24.2603752129,0.060800000001896,92.6816701128,98.250958447347,True,discovery
XLV,2008-08-07T00:00:00.000Z,23.9676406704,0.0423297262915736,91.3014794501,98.1745171493775,True,discovery
XLV,2008-08-08T00:00:00.000Z,24.3701506664,0.0804672290747183,92.9979667267,98.102239179884,True,discovery
XLV,2008-08-11T00:00:00.000Z,24.4140608477,0.0750886239130057,93.9612379349,98.03576883193352,True,discovery
XLV,2008-08-12T00:00:00.000Z,24.3774690299,0.0683130211665759,92.9835975806,97.963135793443,True,discovery
XLV,2008-08-13T00:00:00.000Z,24.3701506664,0.0605095541418874,92.4228932144,97.881397597751,True,discovery
XLV,2008-08-14T00:00:00.000Z,24.3774690299,0.050457268997857,93.1201702434,97.8013402260465,True,discovery
XLV,2008-08-15T00:00:00.000Z,24.5970199368,0.0602523659296174,93.5730510217,97.72733534685447,True,discovery
XLV,2008-08-18T00:00:00.000Z,24.3628323028,0.0690430314732826,92.2934939824,97.64130370456652,True,discovery
XLV,2008-08-19T00:00:00.000Z,24.2018283044,0.0475134621466692,91.2870995212,97.563055764887,True,discovery
XLV,2008-08-20T00:00:00.000Z,24.0554610331,0.0365815200224766,91.7112254738,97.48632662013298,True,discovery
XLV,2008-08-21T00:00:00.000Z,23.9749590339,0.0340909090885073,91.8693737807,97.41445947923752,True,discovery
XLV,2008-08-22T00:00:00.000Z,24.3481955757,0.0439284593667441,93.1992447563,97.34209038096952,True,discovery
XLV,2008-08-25T00:00:00.000Z,23.9749590339,0.0363808921228321,91.3086643826,97.2749958172225,True,discovery
XLV,2008-08-26T00:00:00.000Z,23.9895957611,0.0266207328532863,91.5746413093,97.211886323043,True,discovery
XLV,2008-08-27T00:00:00.000Z,23.9456855797,0.0250626566425589,92.4660229371,97.1603850527935,True,discovery
XLV,2008-08-28T00:00:00.000Z,24.157918123,0.0331768388094328,93.5874309506,97.11958878476553,True,discovery
XLV,2008-08-29T00:00:00.000Z,23.923730489,0.03090507726178,92.5810307386,97.0582542179605,True,discovery
XLV,2008-09-02T00:00:00.000Z,23.8651835805,0.0196998123827791,92.0059521943,96.9954957736925,True,discovery
XLV,2008-09-03T00:00:00.000Z,23.9310488525,-0.0096910963081144,91.9268776814,96.93988269977451,True,discovery
XLV,2008-09-04T00:00:00.000Z,23.3455797675,-0.0377073906471808,89.1592963277,96.869546657443,True,discovery
XLV,2008-09-05T00:00:00.000Z,23.3089879496,-0.0274809160341525,89.4396481513,96.80779906770452,True,discovery
XLV,2008-09-08T00:00:00.000Z,23.7041795821,-0.0273273273282712,91.2870995212,96.752173303665,True,discovery
XLV,2008-09-09T00:00:00.000Z,23.3163063132,-0.0449640287762049,88.5770271001,96.6934763286355,True,discovery
XLV,2008-09-10T00:00:00.000Z,23.3163063132,-0.0435304713298349,88.9364534367,96.62790283868748,True,discovery
XLV,2008-09-11T00:00:00.000Z,23.6163592193,-0.0309309309334422,90.2232004404,96.580021096201,True,discovery
XLV,2008-09-12T00:00:00.000Z,23.6529510371,-0.0297208045638924,90.6401306777,96.52848877004052,True,discovery
XLV,2008-09-15T00:00:00.000Z,23.1699390419,-0.058018446891809,86.327014639,96.439247346367,True,discovery
XLV,2008-09-16T00:00:00.000Z,22.9137963172,-0.0594773205180033,87.7719099497,96.357053429401,True,discovery
XLV,2008-09-17T00:00:00.000Z,22.3210088686,-0.077713940126501,83.8254109308,96.2498874134605,True,discovery
XLV,2008-09-18T00:00:00.000Z,22.8040208638,-0.0520231213851204,86.312640461,96.1586270257615,True,discovery
XLV,2008-09-19T00:00:00.000Z,23.0180171327,-0.0399142246644471,89.7206656326,96.0890798610825,True,discovery
XLV,2008-09-22T00:00:00.000Z,22.4519400586,-0.0778807411499725,87.6894417127,96.0007029833065,True,discovery
XLV,2008-09-23T00:00:00.000Z,22.1358190951,-0.0767108688777945,85.6943677314,95.89480999624948,True,discovery
XLV,2008-09-24T00:00:00.000Z,22.4666433592,-0.0634838709691608,85.9690501593,95.790396621649,True,discovery
XLV,2008-09-25T00:00:00.000Z,22.7974676233,-0.0479509326462301,87.3135596966,95.688563713318,True,discovery
XLV,2008-09-26T00:00:00.000Z,22.8709841265,-0.0532717260629652,87.3569287801,95.60171047155848,True,discovery
XLV,2008-09-29T00:00:00.000Z,21.8711596838,-0.0857964357249285,80.511498771,95.4754613516105,True,discovery
XLV,2008-09-30T00:00:00.000Z,22.3857752057,-0.0619902365221614,83.8438573618,95.366971490435,True,discovery
XLV,2008-10-01T00:00:00.000Z,22.4004785064,-0.0639575120812184,83.8944571559,95.26542569426452,True,discovery
XLV,2008-10-02T00:00:00.000Z,22.1284674447,-0.0521345939968632,80.8512409685,95.1560983031105,True,discovery
XLV,2008-10-03T00:00:00.000Z,21.9079179353,-0.0601085734537025,79.7597296788,95.0384457628595,True,discovery
XLV,2008-10-06T00:00:00.000Z,20.8860385417,-0.118887938333377,75.6972926818,94.9004810376235,True,discovery
XLV,2008-10-07T00:00:00.000Z,20.2537966147,-0.1313462628841099,72.3071050321,94.742308354367,True,discovery
XLV,2008-10-08T00:00:00.000Z,19.8274008965,-0.149633709981106,70.4855146134,94.5675740413865,True,discovery
XLV,2008-10-09T00:00:00.000Z,18.5629170425,-0.2139805771869432,65.5628738884,94.364311900393,True,discovery
XLV,2008-10-10T00:00:00.000Z,17.9086201646,-0.2428589508129423,63.9725968141,94.151959539977,True,discovery
XLV,2008-10-13T00:00:00.000Z,20.4596428235,-0.1169746805763606,73.2612718549,93.99274107625352,True,discovery
XLV,2008-10-14T00:00:00.000Z,20.0405987556,-0.1253915990971458,72.176990553,93.829417936294,True,discovery
XLV,2008-10-15T00:00:00.000Z,18.7099500488,-0.161778476997061,65.0713330315,93.6344455631235,True,discovery
XLV,2008-10-16T00:00:00.000Z,19.628906338,-0.1392348544479847,67.7820362863,93.4575819926085,True,discovery
XLV,2008-10-17T00:00:00.000Z,19.4157084789,-0.1564995209201779,67.3772393793,93.2789435235875,True,discovery
XLV,2008-10-20T00:00:00.000Z,20.1582251606,-0.1021611001995088,71.4252221837,93.13317864315653,True,discovery
XLV,2008-10-21T00:00:00.000Z,19.9156207003,-0.1002989040189376,69.2928044584,92.977178713291,True,discovery
XLV,2008-10-22T00:00:00.000Z,19.0481259632,-0.1521596858660299,65.519504082,92.8104262895455,True,discovery
XLV,2008-10-23T00:00:00.000Z,19.0481259632,-0.1644630764281911,66.2785031619,92.6422730765295,True,discovery
XLV,2008-10-24T00:00:00.000Z,19.0260710123,-0.1681131468997436,62.9172304031,92.4540394305605,True,discovery
XLV,2008-10-27T00:00:00.000Z,18.0850597721,-0.1731092436997919,60.6836080297,92.2586946767255,True,discovery
XLV,2008-10-28T00:00:00.000Z,20.1361702097,-0.1004926108356163,67.7748113586,92.094784501967,True,discovery
XLV,2008-10-29T00:00:00.000Z,18.8716863557,-0.1575319986888581,67.2832705017,91.939484427808,True,discovery
XLV,2008-10-30T00:00:00.000Z,19.7465327431,-0.1076411960092833,69.6108617527,91.800057263509,True,discovery
XLV,2008-10-31T00:00:00.000Z,19.9597306022,-0.088926174493328,69.9939737565,91.6751793337975,True,discovery
XLV,2008-11-03T00:00:00.000Z,19.8750395905,-0.0484054910260504,70.19637221,91.556188905188,True,discovery
XLV,2008-11-04T00:00:00.000Z,20.1361702097,-0.0058076225034583,72.5817932429,91.45389433433851,True,discovery
XLV,2008-11-05T00:00:00.000Z,19.511279933,-0.0159436410828713,69.5313470677,91.32517296793152,True,discovery
XLV,2008-11-06T00:00:00.000Z,19.2319172211,0.0360396039624761,65.678533452,91.1731660994365,True,discovery
XLV,2008-11-07T00:00:00.000Z,19.4304117796,0.0849753694596822,67.8470960558,91.03894170486,True,discovery
XLV,2008-11-10T00:00:00.000Z,19.2907304236,-0.0571325907291688,66.9579824968,90.892442386949,True,discovery
XLV,2008-11-11T00:00:00.000Z,18.9452028588,-0.0546588407940612,64.8906194812,90.7332218758825,True,discovery
XLV,2008-11-12T00:00:00.000Z,18.526158791,-0.0098231827086993,62.0353475546,90.5632837837445,True,discovery
XLV,2008-11-13T00:00:00.000Z,19.5186315833,-0.0056179775276892,65.9026160858,90.403927471031,True,discovery
XLV,2008-11-14T00:00:00.000Z,18.7761149016,-0.03294206739842,62.6136330842,90.22026131777798,True,discovery
XLV,2008-11-17T00:00:00.000Z,18.4526422878,-0.0846097738869207,61.782349307,90.0387021781125,True,discovery
XLV,2008-11-18T00:00:00.000Z,18.5776203432,-0.0671834625309892,62.946145294,89.87609391839,True,discovery
XLV,2008-11-19T00:00:00.000Z,17.8277520111,-0.0640679274411404,58.9126174051,89.69716150718651,True,discovery
XLV,2008-11-20T00:00:00.000Z,17.3204881395,-0.0906985719769865,54.5393473187,89.493231056005,True,discovery
XLV,2008-11-21T00:00:00.000Z,17.3425430904,-0.0884853168482148,57.4813639179,89.3070711875595,True,discovery
XLV,2008-11-24T00:00:00.000Z,17.6880706552,-0.0219512195095112,61.4642920128,89.1384060150785,True,discovery
XLV,2008-11-25T00:00:00.000Z,17.8056970602,-0.115735669952639,61.9196937738,88.96760494819249,True,discovery
XLV,2008-11-26T00:00:00.000Z,18.0850597721,-0.0416828983257454,64.3123390115,88.8038560286685,True,discovery
XLV,2008-11-28T00:00:00.000Z,18.3203125822,-0.0722263588982913,65.1219321027,88.6484255981975,True,discovery
XLV,2008-12-01T00:00:00.000Z,17.379301342,-0.1292817679571075,59.3535591907,88.4642600629645,True,discovery
XLV,2008-12-02T00:00:00.000Z,17.8277520111,-0.1030079749063028,61.6377755754,88.290163256008,True,discovery
XLV,2008-12-03T00:00:00.000Z,18.2541477293,-0.0934647681659639,63.1196288566,88.122052225386,True,discovery
XLV,2008-12-04T00:00:00.000Z,17.9086201646,-0.0821401657863243,61.6594655385,87.95066181574099,True,discovery
XLV,2008-12-05T00:00:00.000Z,18.5188071406,-0.0370795107061725,63.5605699193,87.78582313467699,True,discovery
XLV,2008-12-08T00:00:00.000Z,18.6658401469,-0.0393492243691265,65.7797323173,87.62599472935199,True,discovery
XLV,2008-12-09T00:00:00.000Z,18.3717741344,-0.047637195120189,64.6954510154,87.45707937915851,True,discovery
XLV,2008-12-10T00:00:00.000Z,18.3203125822,-0.0329840900230709,65.136392801,87.2908669668915,True,discovery
XLV,2008-12-11T00:00:00.000Z,18.4305873369,-0.0051587301597797,63.5677999071,87.12161596256499,True,discovery
XLV,2008-12-12T00:00:00.000Z,18.4673455884,-0.0538606403022366,64.326793927,86.96701416024399,True,discovery
XLV,2008-12-15T00:00:00.000Z,18.4305873369,-0.0184025058704,63.4304561631,86.80906950315449,True,discovery
XLV,2008-12-16T00:00:00.000Z,19.1584007179,0.0382470119505116,66.4158418459,86.66786673375151,True,discovery
XLV,2008-12-17T00:00:00.000Z,19.0407743129,0.0249307479183968,65.7725023296,86.52045790345201,True,discovery
XLV,2008-12-18T00:00:00.000Z,19.1804556689,0.0758762886626296,64.543652356,86.37676265413349,True,discovery
XLV,2008-12-19T00:00:00.000Z,19.2965161724,0.1140861629871503,64.2684913985,86.236495919056,True,discovery
XLV,2008-12-22T00:00:00.000Z,19.1633857427,0.1049928284916836,63.4450006319,86.09819726639651,True,discovery
XLV,2008-12-23T00:00:00.000Z,19.1707818777,0.0838254918471907,62.7891297244,85.940248856466,True,discovery
XLV,2008-12-24T00:00:00.000Z,19.1042166628,0.072927198424739,63.15350488,85.78853522552299,True,discovery
XLV,2008-12-26T00:00:00.000Z,19.1190089328,0.0571714538812353,63.5178800356,85.6376114494865,True,discovery
XLV,2008-12-29T00:00:00.000Z,19.0894243928,0.0419813694307416,63.3356924578,85.4930366189145,True,discovery
XLV,2008-12-30T00:00:00.000Z,19.459231142,0.1196785623926952,64.8369159125,85.36062989841349,True,discovery
XLV,2008-12-31T00:00:00.000Z,19.6367383816,0.1014702453440949,65.7624266214,85.2138824346085,True,discovery
XLV,2009-01-02T00:00:00.000Z,20.0361296708,0.0976206595852029,67.7446281965,85.08882552859899,True,discovery
XLV,2009-01-05T00:00:00.000Z,19.939979916,0.1134291605232318,67.6644649335,84.9548198159035,True,discovery
XLV,2009-01-06T00:00:00.000Z,19.6145499767,0.0591691909625071,68.1162923127,84.8136324047965,True,discovery
XLV,2009-01-07T00:00:00.000Z,19.4370427371,0.04131625386967,66.0757892552,84.66177757072799,True,discovery
XLV,2009-01-08T00:00:00.000Z,19.5479847618,0.0640227023691533,66.3454290566,84.51717149215351,True,discovery
XLV,2009-01-09T00:00:00.000Z,19.3408929823,0.05570758662118,64.9243623061,84.366962024315,True,discovery
XLV,2009-01-12T00:00:00.000Z,19.0894243928,0.0357469376236827,63.364837369,84.21349656177051,True,discovery
XLV,2009-01-13T00:00:00.000Z,19.2521393625,0.042496295439067,63.4814403337,84.05896909793898,True,discovery
XLV,2009-01-14T00:00:00.000Z,18.9784823681,0.0297274862262828,61.4846659387,83.877864772579,True,discovery
XLV,2009-01-15T00:00:00.000Z,19.1116127978,-0.002442162098441,61.5065277193,83.6965479236465,True,discovery
XLV,2009-01-16T00:00:00.000Z,19.2743277674,0.012265964117949,61.9875000096,83.516420084856,True,discovery
XLV,2009-01-20T00:00:00.000Z,18.8083712635,-0.0193991431602593,58.71541257,83.32046819871101,True,discovery
XLV,2009-01-21T00:00:00.000Z,19.2077625526,-0.0045994633957266,61.2514658391,83.13694622502949,True,discovery
XLV,2009-01-22T00:00:00.000Z,19.2891200374,0.0065611732909929,60.3040882483,82.949188013941,True,discovery
XLV,2009-01-23T00:00:00.000Z,19.2891200374,0.0061728395041442,60.5664390891,82.766281889518,True,discovery
XLV,2009-01-26T00:00:00.000Z,19.1855741476,0.0042586140136497,60.9818260377,82.5847732383725,True,discovery
XLV,2009-01-27T00:00:00.000Z,19.5849654368,0.0243713733090327,61.6012630735,82.4158026077135,True,discovery
XLV,2009-01-28T00:00:00.000Z,19.8882069711,0.041844246419566,63.6854889634,82.2588623833175,True,discovery
XLV,2009-01-29T00:00:00.000Z,19.6071538417,0.0076016723693019,61.6158409947,82.0904652928115,True,discovery
XLV,2009-01-30T00:00:00.000Z,19.4000620622,-0.0120527306928818,60.3623897307,81.90289131045101,True,discovery
XLV,2009-02-02T00:00:00.000Z,19.5257963569,-0.025470653378918,60.1802021529,81.713691185863,True,discovery
XLV,2009-02-03T00:00:00.000Z,20.0287335358,0.0044510385754594,61.0255495989,81.52360403580849,True,discovery
XLV,2009-02-04T00:00:00.000Z,19.939979916,0.0165912518863076,60.7267648863,81.331772611885,True,discovery
XLV,2009-02-05T00:00:00.000Z,20.1100910206,0.034627092845525,61.6304138147,81.146640842134,True,discovery
XLV,2009-02-06T00:00:00.000Z,20.2728059902,0.0370790768067519,63.3867042508,80.97107726471299,True,discovery
XLV,2009-02-09T00:00:00.000Z,20.2136369104,0.0451242829841775,63.4741506444,80.793805252603,True,discovery
XLV,2009-02-10T00:00:00.000Z,19.5405886269,0.0236342502956854,60.5664390891,80.597417309864,True,discovery
XLV,2009-02-11T00:00:00.000Z,19.7846610813,0.0276603918542821,60.9235245553,80.402707515772,True,discovery
XLV,2009-02-12T00:00:00.000Z,20.0139412658,0.054559625876116,60.9672539465,80.2101832207985,True,discovery
XLV,2009-02-13T00:00:00.000Z,19.7106997315,0.031346749227201,60.311377209,80.0173119489445,True,discovery
XLV,2009-02-17T00:00:00.000Z,19.3704775222,0.0049884881050237,57.7316003787,79.80131421748149,True,discovery
XLV,2009-02-18T00:00:00.000Z,19.3630813872,0.0294927251237584,57.5931363621,79.583229496555,True,discovery
XLV,2009-02-19T00:00:00.000Z,19.3261007123,0.0061609549459982,56.9736993264,79.364479296645,True,discovery
XLV,2009-02-20T00:00:00.000Z,19.1264050678,-0.0084355828199788,56.4198476324,79.1385970227805,True,discovery
XLV,2009-02-23T00:00:00.000Z,18.7492021836,-0.0279907975456186,54.4012121855,78.9116690387025,True,discovery
XLV,2009-02-24T00:00:00.000Z,19.022859178,-0.0084811102523274,56.4635762948,78.6963402622915,True,discovery
XLV,2009-02-25T00:00:00.000Z,18.6382601588,-0.0483383685845647,56.019038605,78.47971861277901,True,discovery
XLV,2009-02-26T00:00:00.000Z,17.7063471509,-0.1097062104879795,55.108100716,78.2529635498105,True,discovery
XLV,2009-02-27T00:00:00.000Z,16.9963181925,-0.1331572991306542,53.8765105039,78.0199790536115,True,discovery
XLV,2009-03-02T00:00:00.000Z,16.2641008291,-0.1616469691202822,51.4497705103,77.773823766989,True,discovery
XLV,2009-03-03T00:00:00.000Z,16.2271201542,-0.1689393939384355,51.0635343029,77.51944342462099,True,discovery
XLV,2009-03-04T00:00:00.000Z,16.6930766581,-0.1665435745968531,52.2732620056,77.2706468130925,True,discovery
XLV,2009-03-05T00:00:00.000Z,16.2493085591,-0.1850890207737157,50.1380235939,77.009779343701,True,discovery
XLV,2009-03-06T00:00:00.000Z,16.4859848786,-0.1802133137183519,50.2254699875,76.75349736797,True,discovery
XLV,2009-03-09T00:00:00.000Z,16.1827433443,-0.2017511856956141,49.6351844217,76.502846523757,True,discovery
XLV,2009-03-10T00:00:00.000Z,16.767038008,-0.1705085986098182,52.5939084988,76.2669178141835,True,discovery
XLV,2009-03-11T00:00:00.000Z,16.4637964736,-0.1574564723738374,52.9364218738,76.0393889180565,True,discovery
XLV,2009-03-12T00:00:00.000Z,17.2699751869,-0.1271028037360125,55.0206484924,75.818633540301,True,discovery
XLV,2009-03-13T00:00:00.000Z,17.8468737156,-0.1082779009601223,55.450608261,75.59773927675,True,discovery
XLV,2009-03-16T00:00:00.000Z,17.654574206,-0.1043151970000371,55.2829993332,75.373503726554,True,discovery
XLV,2009-03-17T00:00:00.000Z,17.9282312004,-0.0744558991974814,56.9736993264,75.1564700285005,True,discovery
XLV,2009-03-18T00:00:00.000Z,17.9578157403,-0.0725744843395098,58.2490123709,74.95099824781751,True,discovery
XLV,2009-03-19T00:00:00.000Z,17.5214437763,-0.0933792575577046,57.5275510203,74.7448157742505,True,discovery
XLV,2009-03-20T00:00:00.000Z,17.5260565534,-0.0836722064981383,56.3115779274,74.532803731884,True,discovery
XLV,2009-03-23T00:00:00.000Z,18.1660739052,-0.0311014982232185,60.356381878,74.331145759227,True,discovery
XLV,2009-03-24T00:00:00.000Z,17.9279279139,-0.057558711540392,59.1671637008,74.1395982953935,True,discovery
XLV,2009-03-25T00:00:00.000Z,18.0470009096,-0.0317228777880771,59.7911343116,73.94999057260151,True,discovery
XLV,2009-03-26T00:00:00.000Z,18.2479365898,0.0305873048960563,61.0097165802,73.7689074673475,True,discovery
XLV,2009-03-27T00:00:00.000Z,18.0544429718,0.0622561173140969,59.9085906775,73.5894708832495,True,discovery
XLV,2009-03-30T00:00:00.000Z,17.9502541006,0.1036733164174135,57.8384739806,73.3978599351265,True,discovery
XLV,2009-03-31T00:00:00.000Z,18.0172326606,0.1103160936376423,58.3743523169,73.202849061344,True,discovery
XLV,2009-04-01T00:00:00.000Z,18.0097905984,0.0788778466227846,59.504842311,73.0132045443535,True,discovery
XLV,2009-04-02T00:00:00.000Z,18.0842112207,0.1129218917178114,61.2446227053,72.83461909971851,True,discovery
XLV,2009-04-03T00:00:00.000Z,17.7865287315,0.0788878470092617,61.8539138396,72.663800555229,True,discovery
XLV,2009-04-06T00:00:00.000Z,17.9576961628,0.1096818246904463,61.3694155061,72.4899515934175,True,discovery
XLV,2009-04-07T00:00:00.000Z,17.7567604826,0.0590278661101488,59.937954769,72.3167081864315,True,discovery
XLV,2009-04-08T00:00:00.000Z,17.8758334782,0.0857661844195067,60.5839464297,72.1471620099575,True,discovery
XLV,2009-04-09T00:00:00.000Z,17.9576961628,0.0398217697742648,62.9917410027,71.99058929685249,True,discovery
XLV,2009-04-13T00:00:00.000Z,18.0990953452,0.0141325384837305,63.0064256177,71.831861577913,True,discovery
XLV,2009-04-14T00:00:00.000Z,18.0172326606,0.0205418975483844,61.9199784575,71.6805690932095,True,discovery
XLV,2009-04-15T00:00:00.000Z,18.1214215319,0.0107757608288592,62.5806554672,71.5350959671275,True,discovery
XLV,2009-04-16T00:00:00.000Z,18.2032842164,0.0136691722228297,63.4982603861,71.39259343274851,True,discovery
XLV,2009-04-17T00:00:00.000Z,18.4116619589,0.0508073532047705,63.9240305366,71.2507820365875,True,discovery
XLV,2009-04-20T00:00:00.000Z,18.0544429718,0.0301486199585208,61.2446227053,71.1034809986455,True,discovery
XLV,2009-04-21T00:00:00.000Z,17.8832755405,-0.0155673904100461,62.4411780514,70.961695490385,True,discovery
XLV,2009-04-22T00:00:00.000Z,17.6897819225,-0.0132835201337103,62.0594566074,70.8226379782405,True,discovery
XLV,2009-04-23T00:00:00.000Z,17.7046660469,-0.0189690721696531,62.6687477417,70.6786476535015,True,discovery
XLV,2009-04-24T00:00:00.000Z,17.6823398602,-0.0309951060393397,63.615716752,70.548198108277,True,discovery
XLV,2009-04-27T00:00:00.000Z,17.8758334782,-0.0098928277033513,63.0137620526,70.41290570805049,True,discovery
XLV,2009-04-28T00:00:00.000Z,17.9428120383,-0.0004145937020327,62.8155623265,70.281869958867,True,discovery
XLV,2009-04-29T00:00:00.000Z,18.0097905984,-0.0004130524559565,64.1515943543,70.16153992682051,True,discovery
XLV,2009-04-30T00:00:00.000Z,17.9949064739,-0.0008264462831301,64.1736161382,70.047538090099,True,discovery
XLV,2009-05-01T00:00:00.000Z,17.965138225,-0.0065843621403681,64.5186363218,69.92458638850549,True,discovery
XLV,2009-05-04T00:00:00.000Z,18.2628207142,0.0267782426739899,66.7135458196,69.808152355016,True,discovery
XLV,2009-05-05T00:00:00.000Z,18.4711984567,0.0285951098205869,66.485982002,69.687776955448,True,discovery
XLV,2009-05-06T00:00:00.000Z,18.3595675232,0.0339480301708576,67.638493046,69.572912512664,True,discovery
XLV,2009-05-07T00:00:00.000Z,18.7316706348,0.0478767693625985,66.6988670772,69.4482101434235,True,discovery
XLV,2009-05-08T00:00:00.000Z,19.0442372485,0.0605055946959836,68.2551264878,69.328809047485,True,discovery
XLV,2009-05-11T00:00:00.000Z,18.7167865103,0.0341282894707672,66.9778167703,69.2125821291345,True,discovery
XLV,2009-05-12T00:00:00.000Z,19.0219110618,0.0557620817872339,66.7796163101,69.0954720327895,True,discovery
XLV,2009-05-13T00:00:00.000Z,18.9772586884,0.0472279260759662,65.0985633646,68.976570130687,True,discovery
XLV,2009-05-14T00:00:00.000Z,18.9995848751,0.0437448896162695,65.6564686235,68.85096889959351,True,discovery
XLV,2009-05-15T00:00:00.000Z,18.8507436305,0.0238480194009726,65.1205851486,68.71460115855301,True,discovery
XLV,2009-05-18T00:00:00.000Z,19.0367951862,0.054410552346277,66.9704796014,68.59359312671549,True,discovery
XLV,2009-05-19T00:00:00.000Z,18.8953960039,0.056595921765443,66.8897303685,68.47458949797951,True,discovery
XLV,2009-05-20T00:00:00.000Z,18.9698166262,0.0723601177961328,66.441938434,68.35755221927451,True,discovery
XLV,2009-05-21T00:00:00.000Z,18.7986491949,0.0617906683527391,65.4876271161,68.223630705655,True,discovery
XLV,2009-05-22T00:00:00.000Z,18.8209753816,0.064393939399552,65.3481497003,68.08696310359251,True,discovery
XLV,2009-05-26T00:00:00.000Z,18.9921428129,0.0624479600384151,67.0218654768,67.965565033726,True,discovery
XLV,2009-05-27T00:00:00.000Z,18.7986491949,0.0476980506050648,65.8253049922,67.8297017250535,True,discovery
XLV,2009-05-28T00:00:00.000Z,18.8953960039,0.049173553721312,66.7429099111,67.6936100849345,True,discovery
XLV,2009-05-29T00:00:00.000Z,19.222846742,0.0682382134011654,67.9247857807,67.568316025935,True,discovery
XLV,2009-06-01T00:00:00.000Z,19.3493617999,0.0770505385243145,69.5691323271,67.4540472214985,True,discovery
XLV,2009-06-02T00:00:00.000Z,19.4684347956,0.066014669927882,69.627859776,67.33658566916151,True,discovery
XLV,2009-06-03T00:00:00.000Z,19.4237824222,0.0515713134550004,68.7469619902,67.212455224004,True,discovery
XLV,2009-06-04T00:00:00.000Z,19.1558681819,0.0433725172280752,69.3929536509,67.0979525223465,True,discovery
XLV,2009-06-05T00:00:00.000Z,19.1930784931,0.0246324990064041,69.4076382659,66.98855521607,True,discovery
XLV,2009-06-08T00:00:00.000Z,18.9847007506,-0.0031262211829823,69.1213462653,66.8756058200275,True,discovery
XLV,2009-06-09T00:00:00.000Z,18.8879539416,0.0091451292242823,69.4737028837,66.7636274655425,True,discovery
XLV,2009-06-10T00:00:00.000Z,18.8060912571,-0.0113458528955806,69.2975249416,66.644118866469,True,discovery
XLV,2009-06-11T00:00:00.000Z,19.0070269373,0.0015686274497694,69.6058387261,66.53560473818649,True,discovery
XLV,2009-06-12T00:00:00.000Z,19.0740054974,0.003916960438306,69.7967020174,66.426715041727,True,discovery
XLV,2009-06-15T00:00:00.000Z,18.4860825812,-0.0193446506115538,68.1963990389,66.305366922236,True,discovery
XLV,2009-06-16T00:00:00.000Z,18.5605032035,-0.025019546517224,67.2714510784,66.17378702287499,True,discovery
XLV,2009-06-17T00:00:00.000Z,18.9847007506,0.0047262701814541,67.2053864606,66.046908801485,True,discovery
XLV,2009-06-18T00:00:00.000Z,19.3493617999,0.0200078462105846,67.697221229,65.9253651466585,True,discovery
XLV,2009-06-19T00:00:00.000Z,19.5053399822,0.0375926365758088,67.945481075,65.8054581636265,True,discovery
XLV,2009-06-22T00:00:00.000Z,19.1538250362,0.0176850374569537,65.9080010487,65.6892016872315,True,discovery
XLV,2009-06-23T00:00:00.000Z,19.093992705,0.0053627383230723,65.9596754911,65.5718018239305,True,discovery
XLV,2009-06-24T00:00:00.000Z,19.1912202433,0.020882939211744,66.5281061689,65.44800685716899,True,discovery
XLV,2009-06-25T00:00:00.000Z,19.722232183,0.0437586054787813,67.9750104878,65.3449967741075,True,discovery
XLV,2009-06-26T00:00:00.000Z,19.722232183,0.0259787453805626,67.7978340107,65.2393036769775,True,discovery
XLV,2009-06-29T00:00:00.000Z,19.8418968454,0.0254548470690412,68.4327012536,65.1303511810435,True,discovery
XLV,2009-06-30T00:00:00.000Z,19.6773579345,0.0107313783102491,67.8790386042,65.01654572067599,True,discovery
XLV,2009-07-01T00:00:00.000Z,19.7297112244,0.0157502177253769,68.1595647043,64.9257084710025,True,discovery
XLV,2009-07-02T00:00:00.000Z,19.2585316159,0.0053593725444929,66.2992552494,64.818345197501,True,discovery
XLV,2009-07-06T00:00:00.000Z,19.408112444,0.0112037238308229,66.2918767718,64.730677526706,True,discovery
XLV,2009-07-07T00:00:00.000Z,19.3333220299,0.0183632749275219,65.0073757341,64.6241512030715,True,discovery
XLV,2009-07-08T00:00:00.000Z,19.5128190236,0.0330827300792893,64.9630841985,64.50036329590101,True,discovery
XLV,2009-07-09T00:00:00.000Z,19.2660106573,0.0244558741054903,65.0885795893,64.387358985284,True,discovery
XLV,2009-07-10T00:00:00.000Z,19.1762621604,0.0089038240256231,64.9335547857,64.2835549205555,True,discovery
XLV,2009-07-13T00:00:00.000Z,19.5128190236,0.0230058403967541,66.5133381405,64.18627636046149,True,discovery
XLV,2009-07-14T00:00:00.000Z,19.6025675205,0.0603959727214158,66.8898309567,64.084157716762,True,discovery
XLV,2009-07-15T00:00:00.000Z,19.7745854728,0.0654121419009294,68.8461063896,63.9916036048095,True,discovery
XLV,2009-07-16T00:00:00.000Z,19.9017291767,0.0483035491655574,68.7353731215,63.932722976562,True,discovery
XLV,2009-07-17T00:00:00.000Z,19.8418968454,0.0254548470690412,69.4883513718,63.86094544661201,True,discovery
XLV,2009-07-20T00:00:00.000Z,19.8867710938,0.0195552147231519,70.2265682377,63.792606002021,True,discovery
XLV,2009-07-21T00:00:00.000Z,20.1784537086,0.053494728622794,70.5513858733,63.741106726545006,True,discovery
XLV,2009-07-22T00:00:00.000Z,20.1036632946,0.0528789659239581,70.5366237507,63.6949911969045,True,discovery
XLV,2009-07-23T00:00:00.000Z,20.5075315304,0.0685892439569886,72.0942620759,63.676976043875,True,discovery
XLV,2009-07-24T00:00:00.000Z,20.8665255178,0.0580204778131732,72.389544393,63.67738824067951,True,discovery
XLV,2009-07-27T00:00:00.000Z,20.851567435,0.057262040195098,72.6036272841,63.687978804033,True,discovery
XLV,2009-07-28T00:00:00.000Z,20.9936692217,0.0580474934062071,72.264048264,63.721484675911,True,discovery
XLV,2009-07-29T00:00:00.000Z,20.9787111389,0.0661345496042613,72.0868784308,63.762056083994494,True,discovery
XLV,2009-07-30T00:00:00.000Z,21.0086273045,0.0648218347219571,72.8398566812,63.75994900812601,True,discovery
XLV,2009-07-31T00:00:00.000Z,20.8440883936,0.0823300970875136,72.9432070424,63.763780090573,True,discovery
XLV,2009-08-03T00:00:00.000Z,20.9712320975,0.0805394990373336,74.1465020102,63.8091559354665,True,discovery
XLV,2009-08-04T00:00:00.000Z,21.0235853873,0.0874274661533034,74.3384383954,63.841937946012,True,discovery
XLV,2009-08-05T00:00:00.000Z,20.7244237311,0.0620927558460215,74.1243555043,63.875673526637,True,discovery
XLV,2009-08-06T00:00:00.000Z,20.574842903,0.0679347826065941,73.740482734,63.8872498293885,True,discovery
XLV,2009-08-07T00:00:00.000Z,20.6645913999,0.0776131045274026,74.7075468283,63.914323541238,True,discovery
XLV,2009-08-10T00:00:00.000Z,20.8291303108,0.0674587964767148,74.5525212865,63.9594886272605,True,discovery
XLV,2009-08-11T00:00:00.000Z,20.7992141452,0.0610454025192654,73.6223680355,63.99620795162849,True,discovery
XLV,2009-08-12T00:00:00.000Z,20.9113997662,0.0574886535530008,74.412260082,64.053683100023,True,discovery
XLV,2009-08-13T00:00:00.000Z,20.888962642,0.0496054114963941,74.9806870687,64.12516849521799,True,discovery
XLV,2009-08-14T00:00:00.000Z,20.888962642,0.0527704485492646,74.4048779133,64.1583188279915,True,discovery
XLV,2009-08-17T00:00:00.000Z,20.8066931866,0.0462579917303316,72.5741000859,64.1847729759125,True,discovery
XLV,2009-08-18T00:00:00.000Z,20.7917351038,0.0303928836201468,73.1499092413,64.2024682133555,True,discovery
XLV,2009-08-19T00:00:00.000Z,21.0834177185,0.0487351190448543,73.7921579146,64.221459134146,True,discovery
XLV,2009-08-20T00:00:00.000Z,21.2329985466,0.035375638219772,74.5525212865,64.2432398795285,True,discovery
XLV,2009-08-21T00:00:00.000Z,21.4498907473,0.0279569892458793,76.0141906809,64.2604018667185,True,discovery
XLV,2009-08-24T00:00:00.000Z,21.5994715754,0.0358680057377662,76.0068085123,64.2927791739415,True,discovery
XLV,2009-08-25T00:00:00.000Z,21.5994715754,0.0288564303506229,76.1544518855,64.34515876610901,True,discovery
XLV,2009-08-26T00:00:00.000Z,21.6069506168,0.0299465240614844,76.1618340541,64.3867324561005,True,discovery
XLV,2009-08-27T00:00:00.000Z,21.5994715754,0.0281238875027995,76.3316239333,64.433600663283,True,discovery
XLV,2009-08-28T00:00:00.000Z,21.4424117059,0.0287047003928322,76.316859596,64.490731863857,True,discovery
XLV,2009-08-31T00:00:00.000Z,21.4050164989,0.0206847360890976,75.6377000793,64.5587436264805,True,discovery
XLV,2009-09-01T00:00:00.000Z,21.0609805943,0.0017787264308679,73.9693299624,64.5990771958635,True,discovery
XLV,2009-09-02T00:00:00.000Z,21.1058548427,0.0184049079747201,73.6888075534,64.65445306820949,True,discovery
XLV,2009-09-03T00:00:00.000Z,21.0086273045,0.0210832424599825,74.3015275521,64.717048959435,True,discovery
XLV,2009-09-04T00:00:00.000Z,21.3077889606,0.0311255881257401,75.342413333,64.77903029963,True,discovery
XLV,2009-09-08T00:00:00.000Z,21.2105614224,0.0183123877909692,75.992044175,64.86442743347949,True,discovery
XLV,2009-09-09T00:00:00.000Z,21.4573697887,0.0316432937756874,76.575235499,64.974606874381,True,discovery
XLV,2009-09-10T00:00:00.000Z,21.6219086996,0.0339771101573231,77.3577453769,65.073988781676,True,discovery
XLV,2009-09-11T00:00:00.000Z,21.629387741,0.0354457572493942,77.3429810396,65.15338222681,True,discovery
XLV,2009-09-14T00:00:00.000Z,21.7116571965,0.0393841747242089,77.7194716412,65.232381116147,True,discovery
XLV,2009-09-15T00:00:00.000Z,21.51720212,0.0341480948956167,78.0442870622,65.3010408564005,True,discovery
XLV,2009-09-16T00:00:00.000Z,21.7116571965,0.0442446043154844,79.2254340476,65.371558366125,True,discovery
XLV,2009-09-17T00:00:00.000Z,21.6966991137,0.0290883291973038,79.107319349,65.47032716691649,True,discovery
XLV,2009-09-18T00:00:00.000Z,21.6048340481,0.0175121521665406,79.1577617075,65.557927097577,True,discovery
XLV,2009-09-21T00:00:00.000Z,21.8151731835,0.0170295709429653,78.9574937571,65.6371164220795,True,discovery
XLV,2009-09-22T00:00:00.000Z,21.7475641757,0.0068563066361615,79.4173683098,65.725905935936,True,discovery
XLV,2009-09-23T00:00:00.000Z,21.4395675846,-0.0074031436482973,78.7572258068,65.80188921537349,True,discovery
XLV,2009-09-24T00:00:00.000Z,21.4170312487,-0.0087897349083739,77.889398022,65.86243754389699,True,discovery
XLV,2009-09-25T00:00:00.000Z,21.4320554726,-0.0077509351196662,77.4740274583,65.9263304261115,True,discovery
XLV,2009-09-28T00:00:00.000Z,21.6649309439,0.0103775284726379,78.8610684477,65.994953804345,True,discovery
XLV,2009-09-29T00:00:00.000Z,21.6949793918,0.0135464923801811,78.6237138399,66.07023337400899,True,discovery
XLV,2009-09-30T00:00:00.000Z,21.5372250403,0.022612643502881,78.3196032486,66.140197420617,True,discovery
XLV,2009-10-01T00:00:00.000Z,21.2292284492,0.0058454683508197,76.3762623971,66.204926451787,True,discovery
XLV,2009-10-02T00:00:00.000Z,21.1465952175,0.0065672026544278,76.0202304854,66.2529483949845,True,discovery
XLV,2009-10-05T00:00:00.000Z,21.2818132331,-0.001219071934119,77.155082204,66.30986129435651,True,discovery
XLV,2009-10-06T00:00:00.000Z,21.4545918085,0.0115051356369229,78.2602645967,66.37844435556,True,discovery
XLV,2009-10-07T00:00:00.000Z,21.4696160325,0.0005707243674595,78.47536721,66.4494787346175,True,discovery
XLV,2009-10-08T00:00:00.000Z,21.4921523684,-0.0060011506385835,79.076171061,66.527634586763,True,discovery
XLV,2009-10-09T00:00:00.000Z,21.6949793918,0.0030325246181457,79.5582976082,66.611480426182,True,discovery
XLV,2009-10-12T00:00:00.000Z,21.8001489595,0.0040757719320598,79.8698255309,66.6950620294365,True,discovery
XLV,2009-10-13T00:00:00.000Z,21.5898098241,0.0033744026614181,79.7066442381,66.776005850449,True,discovery
XLV,2009-10-14T00:00:00.000Z,21.9203427512,0.0096116824621586,81.0788505645,66.8647216409825,True,discovery
XLV,2009-10-15T00:00:00.000Z,21.980439647,0.0130775899049473,81.3755438243,66.94741478054151,True,discovery
XLV,2009-10-16T00:00:00.000Z,21.965415423,0.0166898470081844,80.7673226418,67.0224392606435,True,discovery
XLV,2009-10-19T00:00:00.000Z,22.1532182225,0.0154958677685714,81.4348824762,67.090890532042,True,discovery
XLV,2009-10-20T00:00:00.000Z,21.9428790871,0.00898100172608,81.0046772496,67.1575915936225,True,discovery
XLV,2009-10-21T00:00:00.000Z,21.653662776,0.0099859845845857,80.2777787631,67.2183990258745,True,discovery
XLV,2009-10-22T00:00:00.000Z,21.7926368475,0.0175377060638504,81.0936852275,67.293488505736,True,discovery
XLV,2009-10-23T00:00:00.000Z,21.5672734882,0.0063091482649844,80.1665187907,67.3625939544065,True,discovery
XLV,2009-10-26T00:00:00.000Z,21.3343980169,-0.0152565880711041,79.2986910059,67.4344655979055,True,discovery
XLV,2009-10-27T00:00:00.000Z,21.4245433606,-0.0124653739612315,78.9352417627,67.512317619874,True,discovery
XLV,2009-10-28T00:00:00.000Z,21.2066921133,-0.0153470526672546,77.4443581323,67.582132208867,True,discovery
XLV,2009-10-29T00:00:00.000Z,21.3944949127,0.0077848549180894,79.105840387,67.6702380811085,True,discovery
XLV,2009-10-30T00:00:00.000Z,21.0864983216,-0.0028419182985195,76.8138849553,67.74677486728851,True,discovery
XLV,2009-11-02T00:00:00.000Z,21.1766436654,-0.0049417578543743,77.3776021488,67.8237253779845,True,discovery
XLV,2009-11-03T00:00:00.000Z,21.1841557773,-0.0126050420168262,77.6223740882,67.9182601855755,True,discovery
XLV,2009-11-04T00:00:00.000Z,21.4545918085,-0.0006997900650509,77.8226420385,68.0011160665725,True,discovery
XLV,2009-11-05T00:00:00.000Z,21.8076610715,0.0146801817561974,79.2541870169,68.0958665604155,True,discovery
XLV,2009-11-06T00:00:00.000Z,21.9053185272,0.0096952908597598,79.4618722988,68.190343726464,True,discovery
XLV,2009-11-09T00:00:00.000Z,22.2734120141,0.0217091660923611,81.2717011834,68.2917931021925,True,discovery
XLV,2009-11-10T00:00:00.000Z,22.4236542537,0.038622129439473,81.2865358464,68.39021946605699,True,discovery
XLV,2009-11-11T00:00:00.000Z,22.4537027016,0.0243317340633646,81.70190641,68.48030155329,True,discovery
XLV,2009-11-12T00:00:00.000Z,22.325996798,0.0157211209852738,80.8711652827,68.57657817473,True,discovery
XLV,2009-11-13T00:00:00.000Z,22.3710694698,0.0184678522572006,81.3087878408,68.6813101652805,True,discovery
XLV,2009-11-16T00:00:00.000Z,22.5964328292,0.0200067819604579,82.4881435484,68.792849872258,True,discovery
XLV,2009-11-17T00:00:00.000Z,22.656529725,0.0325231085249677,82.5845688579,68.90064496855301,True,discovery
XLV,2009-11-18T00:00:00.000Z,22.7842356286,0.0522116218533281,82.5326475374,69.0096743818085,True,discovery
XLV,2009-11-19T00:00:00.000Z,22.6715539489,0.0403309203723472,81.4571344707,69.1088079850885,True,discovery
XLV,2009-11-20T00:00:00.000Z,22.8293083005,0.0585161964487763,81.1678585424,69.1977137565465,True,discovery
XLV,2009-11-23T00:00:00.000Z,23.0396474359,0.0799295774668304,82.1988676202,69.2913373414255,True,discovery
XLV,2009-11-24T00:00:00.000Z,23.2199381233,0.0838008415153319,82.3249622556,69.400129957258,True,discovery
XLV,2009-11-25T00:00:00.000Z,23.3626682509,0.1016648955000321,82.6142381838,69.5085835254005,True,discovery
XLV,2009-11-27T00:00:00.000Z,23.1297927796,0.0811095505633978,81.2717011834,69.610105761585,True,discovery
XLV,2009-11-30T00:00:00.000Z,23.0471595478,0.0929818311365424,81.5461424487,69.7162795877835,True,discovery
XLV,2009-12-01T00:00:00.000Z,23.4528135946,0.107484923728446,82.5548995319,69.8403960835495,True,discovery
XLV,2009-12-02T00:00:00.000Z,23.4002288108,0.1046099290808013,82.5178128744,69.965019466111,True,discovery
XLV,2009-12-03T00:00:00.000Z,23.2875471311,0.0854341736706363,81.8725050344,70.089513494651,True,discovery
XLV,2009-12-04T00:00:00.000Z,23.2725229072,0.0671718911485834,82.3397969186,70.219113241082,True,discovery
XLV,2009-12-07T00:00:00.000Z,23.2424744593,0.0610425240080232,82.2137022831,70.35817569157,True,discovery
XLV,2009-12-08T00:00:00.000Z,23.0621837718,0.0354131534585124,81.3013705093,70.4823646626425,True,discovery
XLV,2009-12-09T00:00:00.000Z,23.2574986832,0.0371859296466994,81.6054811006,70.6102968751205,True,discovery
XLV,2009-12-10T00:00:00.000Z,23.4978862665,0.0465038474400747,82.0653556533,70.745083149807,True,discovery
XLV,2009-12-11T00:00:00.000Z,23.4978862665,0.052489905785751,82.4139702335,70.887770448455,True,discovery
XLV,2009-12-14T00:00:00.000Z,23.7157375139,0.0601074546710984,82.9776874271,71.04541003303899,True,discovery
XLV,2009-12-15T00:00:00.000Z,23.7232496258,0.0498670212735472,82.5919861894,71.2030522924715,True,discovery
XLV,2009-12-16T00:00:00.000Z,23.6030558342,0.0417771883288715,82.7180808248,71.3552763865675,True,discovery
XLV,2009-12-17T00:00:00.000Z,23.3852045868,0.0263765248918699,81.7241584045,71.5132070606205,True,discovery
XLV,2009-12-18T00:00:00.000Z,23.5139696982,0.0371573889993928,82.1841738865,71.6730005801155,True,discovery
XLV,2009-12-21T00:00:00.000Z,23.7330204921,0.039585614233446,83.019363749,71.839921476752,True,discovery
XLV,2009-12-22T00:00:00.000Z,23.8387691512,0.0346846329798788,83.3176458428,71.993540163472,True,discovery
XLV,2009-12-23T00:00:00.000Z,23.7632343947,0.0233978345900427,83.4817009944,72.146266559075,True,discovery
XLV,2009-12-24T00:00:00.000Z,23.7632343947,0.0171455648600655,83.8769247686,72.290547940456,True,discovery
XLV,2009-12-28T00:00:00.000Z,23.8840900051,0.0326114994927786,84.0558940249,72.4335743692755,True,discovery
XLV,2009-12-29T00:00:00.000Z,23.8538761025,0.0350028624146443,83.9365811874,72.57684227854651,True,discovery
XLV,2009-12-30T00:00:00.000Z,23.7858948216,0.0142021862603594,83.906752978,72.71150754680451,True,discovery
XLV,2009-12-31T00:00:00.000Z,23.4686488443,0.0029239044649178,83.1013913248,72.83576944157399,True,discovery
XLV,2010-01-04T00:00:00.000Z,23.8765365294,0.0252920324748766,84.5107742179,72.970685557562,True,discovery
XLV,2010-01-05T00:00:00.000Z,23.6423787843,0.0158923842754312,84.7344857882,73.11280009686601,True,discovery
XLV,2010-01-06T00:00:00.000Z,23.8840900051,0.0276053028227927,84.794142207,73.234988898511,True,discovery
XLV,2010-01-07T00:00:00.000Z,23.9671782372,0.0392414905004185,85.1520807195,73.3649134836045,True,discovery
XLV,2010-01-08T00:00:00.000Z,24.0049456155,0.0321378899116058,85.4354487086,73.4931350555895,True,discovery
XLV,2010-01-11T00:00:00.000Z,24.1409081772,0.0273650958816977,85.5547615461,73.615860280419,True,discovery
XLV,2010-01-12T00:00:00.000Z,23.9671782372,0.0199716674673435,84.7568569453,73.74010161175799,True,discovery
XLV,2010-01-13T00:00:00.000Z,24.2844242145,0.0239792964594369,85.4727339703,73.8782729117065,True,discovery
XLV,2010-01-14T00:00:00.000Z,24.5034750084,0.0328886385679418,85.703902593,74.01492066308701,True,discovery
XLV,2010-01-15T00:00:00.000Z,24.3372985441,0.0311079512355392,84.7419428406,74.141106165735,True,discovery
XLV,2010-01-19T00:00:00.000Z,24.9264696448,0.0659077004128492,85.8008442735,74.263887273576,True,discovery
XLV,2010-01-20T00:00:00.000Z,24.7149723266,0.0510761323508865,84.9283691492,74.379259550124,True,discovery
XLV,2010-01-21T00:00:00.000Z,24.1786755554,0.018777848502189,83.2952746858,74.4888888460225,True,discovery
XLV,2010-01-22T00:00:00.000Z,23.9143039077,0.0031685678073776,81.438468652,74.5963914154375,True,discovery
XLV,2010-01-25T00:00:00.000Z,23.9143039077,0.0063572790846053,81.8560635833,74.7027520012055,True,discovery
XLV,2010-01-26T00:00:00.000Z,23.778341346,0.0006357279084605,81.5130391755,74.7953584920695,True,discovery
XLV,2010-01-27T00:00:00.000Z,23.9445178103,0.002530044275796,81.9008058974,74.889830393468,True,discovery
XLV,2010-01-28T00:00:00.000Z,23.7934482973,-0.0025332488917247,80.961217302,74.9850365876905,True,discovery
XLV,2010-01-29T00:00:00.000Z,23.627271833,-0.0066687837388381,80.0812851254,75.0725397359815,True,discovery
XLV,2010-02-01T00:00:00.000Z,23.7632343947,0.0125523012574944,81.3266128669,75.16168149838549,True,discovery
XLV,2010-02-02T00:00:00.000Z,24.2542103119,0.0158177791839682,82.3109437763,75.25361606458401,True,discovery
XLV,2010-02-03T00:00:00.000Z,23.929410859,0.012140575079975,81.9008058974,75.35689698054449,True,discovery
XLV,2010-02-04T00:00:00.000Z,23.325132807,-0.0234029095511131,79.3728651527,75.441555416051,True,discovery
XLV,2010-02-05T00:00:00.000Z,23.2873654287,-0.0283643239839075,79.5369203042,75.52894273453501,True,discovery
XLV,2010-02-08T00:00:00.000Z,23.174063294,-0.0346129641286709,78.9627272737,75.61041263219501,True,discovery
XLV,2010-02-09T00:00:00.000Z,23.3553467096,-0.0325406758450755,79.9545152355,75.69210662461249,True,discovery
XLV,2010-02-10T00:00:00.000Z,23.2118306722,-0.0315159155376749,79.7979171363,75.77602740003101,True,discovery
XLV,2010-02-11T00:00:00.000Z,23.3704536609,-0.037636080869246,80.6331069989,75.865115123393,True,discovery
XLV,2010-02-12T00:00:00.000Z,23.3175793313,-0.048397040692941,80.5659935278,75.94718711926049,True,discovery
XLV,2010-02-16T00:00:00.000Z,23.5215231739,-0.0335195530729012,81.8336924263,76.035487500701,True,discovery
XLV,2010-02-17T00:00:00.000Z,23.7028065895,-0.0490909090913029,82.2214591482,76.124001614833,True,discovery
XLV,2010-02-18T00:00:00.000Z,23.8161087242,-0.0363691931563516,82.7061675506,76.203964723488,True,discovery
XLV,2010-02-19T00:00:00.000Z,23.8161087242,-0.0149953139645412,82.8776797545,76.2859232122505,True,discovery
XLV,2010-02-22T00:00:00.000Z,23.7481274434,-0.0069488313329701,82.8925938592,76.3621937163165,True,discovery
XLV,2010-02-23T00:00:00.000Z,23.5215231739,-0.0164245104233843,81.8858917927,76.438128839894,True,discovery
XLV,2010-02-24T00:00:00.000Z,23.6952531138,-0.003494282085995,82.6390540795,76.51004847785251,True,discovery
XLV,2010-02-25T00:00:00.000Z,23.7103600651,-0.0097791798128953,82.5271982943,76.5877953854725,True,discovery
XLV,2010-02-26T00:00:00.000Z,23.7179135408,-0.0031746031746298,82.5793976607,76.6667942922255,True,discovery
XLV,2010-03-01T00:00:00.000Z,23.9445178103,0.0134271099745382,83.4369586803,76.758486268804,True,discovery
XLV,2010-03-02T00:00:00.000Z,24.0276060424,0.0111252383959552,83.668127303,76.8485445622015,True,discovery
XLV,2010-03-03T00:00:00.000Z,23.929410859,-0.0133914668308389,83.7426978264,76.9416551255905,True,discovery
XLV,2010-03-04T00:00:00.000Z,23.8538761025,-0.003156565656592,83.9962376061,77.026783915614,True,discovery
XLV,2010-03-05T00:00:00.000Z,24.1862290311,0.0369170984459124,85.1968230336,77.11831937893949,True,discovery
XLV,2010-03-08T00:00:00.000Z,24.0427129937,0.0324359390207829,85.2117371383,77.21216837246101,True,discovery
XLV,2010-03-09T00:00:00.000Z,24.0276060424,0.0368318122537012,85.3534211328,77.31149734254451,True,discovery
XLV,2010-03-10T00:00:00.000Z,24.0427129937,0.0294307891313583,85.7337308024,77.413425248055,True,discovery
XLV,2010-03-11T00:00:00.000Z,24.231549885,0.0439310120429785,86.0916693149,77.5087742672455,True,discovery
XLV,2010-03-12T00:00:00.000Z,24.0502664694,0.029088558500572,86.0991263672,77.6101433741205,True,discovery
XLV,2010-03-15T00:00:00.000Z,24.208889458,0.0382248137354277,86.1214975243,77.7070363121865,True,discovery
XLV,2010-03-16T00:00:00.000Z,24.2768707389,0.0321130378936578,86.8075463399,77.8014501149825,True,discovery
XLV,2010-03-17T00:00:00.000Z,24.2844242145,0.0245379222415647,87.3220829517,77.89021486810549,True,discovery
XLV,2010-03-18T00:00:00.000Z,24.4506006788,0.0266412940059885,87.2773406376,77.9784622724135,True,discovery
XLV,2010-03-19T00:00:00.000Z,24.4415591685,0.0262616555686305,86.8376579173,78.068915752049,True,discovery
XLV,2010-03-22T00:00:00.000Z,24.6007135073,0.0359011911963167,87.3019102921,78.158460535255,True,discovery
XLV,2010-03-23T00:00:00.000Z,24.7219739558,0.0510362689110222,87.9159214975,78.251001951413,True,discovery
XLV,2010-03-24T00:00:00.000Z,24.4567167246,0.0321357027562845,87.4891088304,78.3428407642385,True,discovery
XLV,2010-03-25T00:00:00.000Z,24.3581926101,0.027322762843807,87.3468379413,78.4322064395265,True,discovery
XLV,2010-03-26T00:00:00.000Z,24.1763019372,0.0193266745665241,87.2944223506,78.5221909265715,True,discovery
XLV,2010-03-29T00:00:00.000Z,24.4339803904,0.0204415300394753,87.8485300238,78.61340438306,True,discovery
XLV,2010-03-30T00:00:00.000Z,24.4339803904,0.0169128105098317,87.908433556,78.70396304075301,True,discovery
XLV,2010-03-31T00:00:00.000Z,24.350613832,0.0176018948181326,87.6089158948,78.8010256250325,True,discovery
XLV,2010-04-01T00:00:00.000Z,24.4870318367,0.0265430964544015,88.2079512172,78.9057081257265,True,discovery
XLV,2010-04-05T00:00:00.000Z,24.4188228344,0.0096167866020335,88.926793604,79.0143151614435,True,discovery
XLV,2010-04-06T00:00:00.000Z,24.4036652783,0.015012959839207,89.1364559668,79.1215113351325,True,discovery
XLV,2010-04-07T00:00:00.000Z,24.2975623858,0.0112352576000964,88.6272759428,79.2249203094715,True,discovery
XLV,2010-04-08T00:00:00.000Z,24.2066170493,0.0068172030187669,88.9342815456,79.34005171195601,True,discovery
XLV,2010-04-09T00:00:00.000Z,24.3127199419,0.003349767443074,89.5183409849,79.457845039425,True,discovery
XLV,2010-04-12T00:00:00.000Z,24.2445109395,0.0080766036562274,89.6606118739,79.57350756795,True,discovery
XLV,2010-04-13T00:00:00.000Z,24.2672472736,0.002410594492624,89.7280033477,79.6822725322495,True,discovery
XLV,2010-04-14T00:00:00.000Z,24.1838807152,-0.0038303957993646,90.7463633957,79.79701517917451,True,discovery
XLV,2010-04-15T00:00:00.000Z,24.1156717129,-0.0069490015538123,90.821242811,79.9089578869615,True,discovery
XLV,2010-04-16T00:00:00.000Z,23.9716749302,-0.0195874839596581,89.3760700958,80.0164430444195,True,discovery
XLV,2010-04-19T00:00:00.000Z,24.1687231592,-0.0111627906967419,89.7130274646,80.124210358221,True,discovery
XLV,2010-04-20T00:00:00.000Z,24.2217746054,-0.0154035736316165,90.5142372083,80.2452852680155,True,discovery
XLV,2010-04-21T00:00:00.000Z,23.7973630354,-0.037400367869212,90.3495024946,80.3655733966295,True,discovery
XLV,2010-04-22T00:00:00.000Z,23.524527026,-0.038115897121315,90.6190683897,80.4936318599075,True,discovery
XLV,2010-04-23T00:00:00.000Z,23.7594691452,-0.024579962663229,91.2106157705,80.62486951776751,True,discovery
XLV,2010-04-26T00:00:00.000Z,23.50936947,-0.0275862068951825,90.8661704602,80.753757472122,True,discovery
XLV,2010-04-27T00:00:00.000Z,23.2365334606,-0.0490074441686329,88.7171312412,80.8726753543995,True,discovery
XLV,2010-04-28T00:00:00.000Z,23.3881090214,-0.0428039702205425,89.3910459788,80.987063893591,True,discovery
XLV,2010-04-29T00:00:00.000Z,23.7064176989,-0.0264550264541355,90.4992613252,81.1051110454335,True,discovery
XLV,2010-04-30T00:00:00.000Z,23.4032665774,-0.0442587434249873,88.9642333117,81.205701680044,True,discovery
XLV,2010-05-03T00:00:00.000Z,23.516948248,-0.0369335816274274,90.1173763072,81.3126116959725,True,discovery
XLV,2010-05-04T00:00:00.000Z,23.3805302433,-0.0419254658401573,87.9982888544,81.40516138338549,True,discovery
XLV,2010-05-05T00:00:00.000Z,23.4563180237,-0.0346225826584003,87.4741329473,81.4913992069335,True,discovery
XLV,2010-05-06T00:00:00.000Z,22.8272794467,-0.0569818409483157,84.5688131315,81.5614863432245,True,discovery
XLV,2010-05-07T00:00:00.000Z,22.5241283252,-0.0735660847891223,83.3108374569,81.62535741175549,True,discovery
XLV,2010-05-10T00:00:00.000Z,23.1304305681,-0.0459518599562633,86.9799288064,81.699785745408,True,discovery
XLV,2010-05-11T00:00:00.000Z,23.0849578999,-0.0487195502798619,86.7328267359,81.7715021571225,True,discovery
XLV,2010-05-12T00:00:00.000Z,23.2744273508,-0.0376057662171809,87.9458732637,81.84821338702051,True,discovery
XLV,2010-05-13T00:00:00.000Z,23.0243276756,-0.0452545568828678,86.8526338004,81.92115631470251,True,discovery
XLV,2010-05-14T00:00:00.000Z,22.7135977761,-0.0524818210560268,85.2801660792,81.9871227529445,True,discovery
XLV,2010-05-17T00:00:00.000Z,22.7135977761,-0.0602069614317253,85.3250937283,82.04954893818,True,discovery
XLV,2010-05-18T00:00:00.000Z,22.5317071032,-0.0697747183983463,84.1644627913,82.1056552169245,True,discovery
XLV,2010-05-19T00:00:00.000Z,22.478655657,-0.0554140127390729,83.6852345334,82.1533488795405,True,discovery
XLV,2010-05-20T00:00:00.000Z,21.7738292996,-0.0744201030892174,80.525323208,82.1842833036035,True,discovery
XLV,2010-05-21T00:00:00.000Z,21.8268807458,-0.0813397129199088,81.7009300281,82.22216617622249,True,discovery
XLV,2010-05-24T00:00:00.000Z,21.7738292996,-0.0738233397801119,80.652618214,82.2567268536225,True,discovery
XLV,2010-05-25T00:00:00.000Z,21.6828839631,-0.0668623613816741,80.7349855708,82.286864047335,True,discovery
XLV,2010-05-26T00:00:00.000Z,21.5464659584,-0.0787427090114427,80.2482693714,82.3153427877595,True,discovery
XLV,2010-05-27T00:00:00.000Z,21.9860350846,-0.0725703324792015,82.9364403804,82.36191314948401,True,discovery
XLV,2010-05-28T00:00:00.000Z,21.8799321921,-0.0650906735716564,81.8956165078,82.399329931613,True,discovery
XLV,2010-06-01T00:00:00.000Z,21.6374112949,-0.0799226554942069,80.5178352664,82.4270156726015,True,discovery
XLV,2010-06-02T00:00:00.000Z,22.1072955332,-0.0544570502401187,82.6144588947,82.46806357750849,True,discovery
XLV,2010-06-03T00:00:00.000Z,22.2361347598,-0.0520193861060009,82.8990006728,82.51968808044299,True,discovery
XLV,2010-06-04T00:00:00.000Z,21.5843598486,-0.0544488711851154,79.9861914178,82.5538694913255,True,discovery
XLV,2010-06-07T00:00:00.000Z,21.5540447365,-0.0430686406458921,78.9902951944,82.5798601777245,True,discovery
XLV,2010-06-08T00:00:00.000Z,21.6070961827,-0.0658584534738788,79.8364325872,82.60627973422801,True,discovery
XLV,2010-06-09T00:00:00.000Z,21.5085720683,-0.068286277082915,79.4096199201,82.623256880424,True,discovery
XLV,2010-06-10T00:00:00.000Z,21.9178260822,-0.0582872028665989,81.7308817942,82.65187724683351,True,discovery
XLV,2010-06-11T00:00:00.000Z,22.0997167551,-0.0401579986841419,82.1277426953,82.6817437008825,True,discovery
XLV,2010-06-14T00:00:00.000Z,22.1376106453,-0.0253586920257111,82.0004476893,82.71093676905849,True,discovery
XLV,2010-06-15T00:00:00.000Z,22.5165495472,-0.0086753420062469,83.8649451301,82.74860337504249,True,discovery
XLV,2010-06-16T00:00:00.000Z,22.5999161056,0.0030272452099429,83.834993364,82.7861940438825,True,discovery
XLV,2010-06-17T00:00:00.000Z,22.6302312177,0.0067430883329002,83.9697763115,82.8278544250435,True,discovery
XLV,2010-06-18T00:00:00.000Z,22.5099181164,0.033806125999781,84.0605900664,82.8783107255635,True,discovery
XLV,2010-06-21T00:00:00.000Z,22.4718302685,0.0295484054827257,83.819836564,82.92896587061648,True,discovery
XLV,2010-06-22T00:00:00.000Z,22.2509207506,0.0219112331797679,82.4355039253,82.9696357524825,True,discovery
XLV,2010-06-23T00:00:00.000Z,22.1595099156,0.0219816678127837,82.179703329,83.00382220246249,True,discovery
XLV,2010-06-24T00:00:00.000Z,21.9995409543,0.0210278101650061,80.8179413312,83.02795168824349,True,discovery
XLV,2010-06-25T00:00:00.000Z,22.0985693589,0.0051184433149031,81.1565009439,83.05085801546798,True,discovery
XLV,2010-06-28T00:00:00.000Z,22.060481511,0.0082518225977494,80.9007003476,83.06857279032148,True,discovery
XLV,2010-06-29T00:00:00.000Z,21.6567503231,0.0008937773533266,78.4028827604,83.07387229892551,True,discovery
XLV,2010-06-30T00:00:00.000Z,21.4815462227,-0.028305104509969,77.6580516124,83.07356519878151,True,discovery
XLV,2010-07-01T00:00:00.000Z,21.2987245527,-0.0421570662898981,77.3119684527,83.069903605734,True,discovery
XLV,2010-07-02T00:00:00.000Z,21.3520475398,-0.0107629927609396,76.8906498235,83.0582296846135,True,discovery
XLV,2010-07-06T00:00:00.000Z,21.458693514,-0.0044238203857176,77.3947274692,83.04966672521451,True,discovery
XLV,2010-07-07T00:00:00.000Z,21.877659841,0.0125219814829458,79.8323566808,83.05303970008099,True,discovery
XLV,2010-07-08T00:00:00.000Z,22.060481511,0.0256599759829438,80.6223291105,83.061363876848,True,discovery
XLV,2010-07-09T00:00:00.000Z,22.1138044981,0.0089415079381049,81.2242128664,83.070398099631,True,discovery
XLV,2010-07-12T00:00:00.000Z,22.0757166502,-0.0010859915159076,81.2768776951,83.0829963590725,True,discovery
XLV,2010-07-13T00:00:00.000Z,22.243303181,0.004774342515706,82.5032158478,83.10606544820149,True,discovery
XLV,2010-07-14T00:00:00.000Z,22.243303181,-0.0121353569572109,82.4956923009,83.1311737724145,True,discovery
XLV,2010-07-15T00:00:00.000Z,22.3118613072,-0.0127458348541665,82.5182629417,83.1494597448845,True,discovery
XLV,2010-07-16T00:00:00.000Z,21.8471895627,-0.0346015755414621,80.246151763,83.1575719345,True,discovery
XLV,2010-07-19T00:00:00.000Z,21.9462179673,-0.0250423011840859,80.7201352208,83.169574594361,True,discovery
XLV,2010-07-20T00:00:00.000Z,21.8852774106,-0.0261016949172228,81.6154373078,83.1957704689145,True,discovery
XLV,2010-07-21T00:00:00.000Z,21.5272516402,-0.032523108527115,80.5546171879,83.21844240242699,True,discovery
XLV,2010-07-22T00:00:00.000Z,21.6643678927,-0.0223444482655922,82.3527449089,83.24443071595151,True,discovery
XLV,2010-07-23T00:00:00.000Z,21.6567503231,-0.0155817174509269,83.0674818691,83.26846680231351,True,discovery
XLV,2010-07-26T00:00:00.000Z,21.969070676,-0.0058600482590899,83.9326897682,83.2957534151045,True,discovery
XLV,2010-07-27T00:00:00.000Z,21.9919233848,-0.0031077348046919,83.9251662213,83.31999839090601,True,discovery
XLV,2010-07-28T00:00:00.000Z,21.694838171,0.0017587055921024,83.3834708409,83.33912425706949,True,discovery
XLV,2010-07-29T00:00:00.000Z,21.6796030319,0.0092198581585671,82.9771993057,83.3546611259435,True,discovery
XLV,2010-07-30T00:00:00.000Z,21.7633962973,0.0218168812620798,82.9621522118,83.37093866581199,True,discovery
XLV,2010-08-02T00:00:00.000Z,22.1747450547,0.0385301462712885,84.8355154022,83.38972199000051,True,discovery
XLV,2010-08-03T00:00:00.000Z,22.3575667247,0.0418885338994921,84.4292438669,83.4049904902135,True,discovery
XLV,2010-08-04T00:00:00.000Z,22.5784762426,0.0320334261842132,84.9935098881,83.42612142644501,True,discovery
XLV,2010-08-05T00:00:00.000Z,22.5860938122,0.0238259668510825,84.9032273247,83.44346315068749,True,discovery
XLV,2010-08-06T00:00:00.000Z,22.6317992297,0.0234240440917576,84.557144165,83.46122548526449,True,discovery
XLV,2010-08-09T00:00:00.000Z,22.6927397863,0.0279503105551233,85.008556982,83.484879376359,True,discovery
XLV,2010-08-10T00:00:00.000Z,22.7460627734,0.0226027397239025,84.5496206181,83.50215905331201,True,discovery
XLV,2010-08-11T00:00:00.000Z,22.1595099156,-0.003767123287317,82.2323681577,83.512488300147,True,discovery
XLV,2010-08-12T00:00:00.000Z,22.2509207506,-0.0027313076108238,81.728290512,83.5246362976775,True,discovery
XLV,2010-08-13T00:00:00.000Z,22.1671274852,0.014644351465977,81.4875370097,83.53739777391249,True,discovery
XLV,2010-08-16T00:00:00.000Z,22.0528639414,0.0048594238086443,81.4499192749,83.5574255796255,True,discovery
XLV,2010-08-17T00:00:00.000Z,22.3575667247,0.0215802297242642,82.4505510192,83.5741491327865,True,discovery
XLV,2010-08-18T00:00:00.000Z,22.3270964464,0.0371549893859357,82.6010219582,83.60308481780099,True,discovery
XLV,2010-08-19T00:00:00.000Z,21.9157476889,0.0116033755263502,81.1640244908,83.62201692951099,True,discovery
XLV,2010-08-20T00:00:00.000Z,21.8395719931,0.0084417868457853,80.9007003476,83.638408560808,True,discovery
XLV,2010-08-23T00:00:00.000Z,21.9386003977,-0.0013869625506411,80.5922349227,83.652256525229,True,discovery
XLV,2010-08-24T00:00:00.000Z,21.4663110836,-0.0239002424664357,79.3959909577,83.652965544933,True,discovery
XLV,2010-08-25T00:00:00.000Z,21.6796030319,-0.0007022471880138,79.7044563826,83.654178465352,True,discovery
XLV,2010-08-26T00:00:00.000Z,21.5424867794,-0.006324666198834,79.1702845492,83.643671382181,True,discovery
XLV,2010-08-27T00:00:00.000Z,21.7633962973,0.0,80.396622702,83.639221816459,True,discovery
XLV,2010-08-30T00:00:00.000Z,21.4891637923,-0.0309172105793698,79.2304729248,83.626864649033,True,discovery
XLV,2010-08-31T00:00:00.000Z,21.4053705269,-0.0425894378187425,79.2304729248,83.61866118724349,True,discovery
XLV,2010-09-01T00:00:00.000Z,21.9005125498,-0.030026990551331,81.6003902139,83.620119199109,True,discovery
XLV,2010-09-02T00:00:00.000Z,22.0147760935,-0.0252951096125971,82.3602684558,83.619479823646,True,discovery
XLV,2010-09-03T00:00:00.000Z,22.2204504722,-0.0181756984199551,83.4286121226,83.62370003996949,True,discovery
XLV,2010-09-07T00:00:00.000Z,22.0909517893,-0.0265189660951962,82.4881687539,83.623477646052,True,discovery
XLV,2010-09-08T00:00:00.000Z,22.2128329027,-0.0234427327494926,83.0674818691,83.631529383044,True,discovery
XLV,2010-09-09T00:00:00.000Z,22.4489775597,0.0130629082142388,83.4511827635,83.64294600414951,True,discovery
XLV,2010-09-10T00:00:00.000Z,22.6775046472,0.0191715166029027,83.8725013926,83.65131417301149,True,discovery
XLV,2010-09-13T00:00:00.000Z,22.7308276343,0.0254295532642356,84.8054212144,83.6637164678055,True,discovery
XLV,2010-09-14T00:00:00.000Z,22.8070033301,0.0341968911930867,84.7527563857,83.674409058815,True,discovery
XLV,2010-09-15T00:00:00.000Z,23.0202952784,0.0296422487232403,85.0762689046,83.693431897421,True,discovery
XLV,2010-09-16T00:00:00.000Z,22.9288844434,0.0269532582727314,85.0536982637,83.710969676496,True,discovery
XLV,2010-09-17T00:00:00.000Z,22.924291049,0.0460191171397181,85.085394967,83.7236221536715,True,discovery
XLV,2010-09-20T00:00:00.000Z,23.2305608024,0.0636912119770234,86.3863717591,83.742964948095,True,discovery
XLV,2010-09-21T00:00:00.000Z,23.2477884761,0.059675095706527,86.2124039323,83.76466444258449,True,discovery
XLV,2010-09-22T00:00:00.000Z,23.2841580093,0.0846837129407303,85.788830093,83.7819096084565,True,discovery
XLV,2010-09-23T00:00:00.000Z,23.1616501079,0.0683613567010092,85.0929587856,83.796305890969,True,discovery
XLV,2010-09-24T00:00:00.000Z,23.4755766052,0.0897338290418967,86.8477646912,83.8240378618785,True,discovery
XLV,2010-09-27T00:00:00.000Z,23.299471497,0.0705806749422912,86.4317546705,83.84816922972801,True,discovery
XLV,2010-09-28T00:00:00.000Z,23.4908900929,0.0931504976157917,86.7343074128,83.8715139885255,True,discovery
XLV,2010-09-29T00:00:00.000Z,23.4066659107,0.0934950124448901,86.5830310416,83.892359292566,True,discovery
XLV,2010-09-30T00:00:00.000Z,23.34541196,0.0659755979187435,86.3258612106,83.9091001614835,True,discovery
XLV,2010-10-01T00:00:00.000Z,23.34541196,0.0604428526026608,86.6889245015,83.92958485304399,True,discovery
XLV,2010-10-04T00:00:00.000Z,23.1157096449,0.0402898750329143,86.0384361054,83.946186629447,True,discovery
XLV,2010-10-05T00:00:00.000Z,23.5444872998,0.0657977765903248,87.7705505554,83.9764185902015,True,discovery
XLV,2010-10-06T00:00:00.000Z,23.4526063737,0.0558133884331928,87.7629867368,84.004312654453,True,discovery
XLV,2010-10-07T00:00:00.000Z,23.4985468367,0.0467535447531546,87.657093277,84.02750130209299,True,discovery
XLV,2010-10-08T00:00:00.000Z,23.5598007874,0.0389062268501811,88.1487414833,84.0516567802955,True,discovery
XLV,2010-10-11T00:00:00.000Z,23.5751142751,0.0371428024699813,88.2319434874,84.07540799276049,True,discovery
XLV,2010-10-12T00:00:00.000Z,23.628711482,0.0360287644986456,88.5042409555,84.098544573695,True,discovery
XLV,2010-10-13T00:00:00.000Z,23.7971598464,0.0337469419312328,89.1925484444,84.1242278457925,True,discovery
XLV,2010-10-14T00:00:00.000Z,23.7512193834,0.0358645856509038,88.8446127907,84.148768003809,True,discovery
XLV,2010-10-15T00:00:00.000Z,23.8507570533,0.0404141616558482,89.0261444361,84.17436496109951,True,discovery
XLV,2010-10-18T00:00:00.000Z,24.0728026245,0.0362557679629063,89.4648459125,84.20618223403798,True,discovery
XLV,2010-10-19T00:00:00.000Z,23.6210547381,0.0160559901163819,88.2924540359,84.225090633128,True,discovery
XLV,2010-10-20T00:00:00.000Z,23.8431003094,0.0240052614261057,89.1547293516,84.247191850945,True,discovery
XLV,2010-10-21T00:00:00.000Z,23.9043542601,0.0320661157016044,89.3513886341,84.2699780830805,True,discovery
XLV,2010-10-22T00:00:00.000Z,23.912011004,0.0185909980461704,89.5177926424,84.29180664269501,True,discovery
XLV,2010-10-25T00:00:00.000Z,24.0421756492,0.03187643772502,89.782526292,84.31354203061198,True,discovery
XLV,2010-10-26T00:00:00.000Z,23.9732649547,0.0205345501976443,89.7976539291,84.33475649252699,True,discovery
XLV,2010-10-27T00:00:00.000Z,23.8277868218,0.0179914949316848,89.5404840981,84.358674628291,True,discovery
XLV,2010-10-28T00:00:00.000Z,23.9656082108,0.0265660872407238,89.5556117352,84.37908901711549,True,discovery
XLV,2010-10-29T00:00:00.000Z,23.8660705409,0.0223023942259874,89.6236861022,84.3986879346615,True,discovery
XLV,2010-11-01T00:00:00.000Z,23.8660705409,0.0324610798252327,89.6539413765,84.423247927341,True,discovery
XLV,2010-11-02T00:00:00.000Z,24.0957728561,0.0234146341468513,90.364940321,84.44606840757851,True,discovery
XLV,2010-11-03T00:00:00.000Z,24.1110863437,0.0280770486447266,90.7280036118,84.4750665798915,True,discovery
XLV,2010-11-04T00:00:00.000Z,24.2267031757,0.0309872922806768,92.4752456989,84.520966434957,True,discovery
XLV,2010-11-05T00:00:00.000Z,24.0804593684,0.0220994475164855,92.8231813526,84.57788999846001,True,discovery
XLV,2010-11-08T00:00:00.000Z,24.0192054177,0.0188372848342479,92.6492135257,84.631855748172,True,discovery
XLV,2010-11-09T00:00:00.000Z,23.9196677478,0.0123136746589691,91.9835974926,84.68420853975749,True,discovery
XLV,2010-11-10T00:00:00.000Z,23.912011004,0.0048262548279423,92.3542246019,84.73647563328,True,discovery
XLV,2010-11-11T00:00:00.000Z,23.9809216985,0.009671179883107,92.0062889482,84.79170099151101,True,discovery
XLV,2010-11-12T00:00:00.000Z,23.6823086888,-0.0070626003243237,90.9170990758,84.845880061263,True,discovery
XLV,2010-11-15T00:00:00.000Z,23.6899654327,-0.0159033078853215,90.7885141603,84.89318956773,True,discovery
XLV,2010-11-16T00:00:00.000Z,23.34541196,-0.0116693679074116,89.3740800898,84.92850524929749,True,discovery
XLV,2010-11-17T00:00:00.000Z,23.3836956792,-0.0192678227343985,89.4194630012,84.9660985348165,True,discovery
XLV,2010-11-18T00:00:00.000Z,23.7129356642,-0.0080076873785085,90.7355674304,85.02291204620501,True,discovery
XLV,2010-11-19T00:00:00.000Z,23.7339917097,-0.0074447646528024,90.9851734428,85.08015331189802,True,discovery
XLV,2010-11-22T00:00:00.000Z,23.7435626395,-0.0124203821674491,90.9095352572,85.1398873518155,True,discovery
XLV,2010-11-23T00:00:00.000Z,23.3990091669,-0.0239540083040468,89.593430828,85.188081929778,True,discovery
XLV,2010-11-24T00:00:00.000Z,23.6172263662,-0.0088367609285205,90.9170990758,85.24367783947551,True,discovery
XLV,2010-11-26T00:00:00.000Z,23.4143226545,-0.0230031948887307,89.8581644776,85.28980312686899,True,discovery
XLV,2010-11-29T00:00:00.000Z,23.391352423,-0.0198909207565803,90.1304619457,85.3376254689585,True,discovery
XLV,2010-11-30T00:00:00.000Z,23.1769635956,-0.0288739172256722,89.6236861022,85.37657543733802,True,discovery
XLV,2010-12-01T00:00:00.000Z,23.6210547381,-0.0197013028316219,91.529768379,85.423116983492,True,discovery
XLV,2010-12-02T00:00:00.000Z,23.8048165902,-0.0127024452210143,92.7021602556,85.473096947017,True,discovery
XLV,2010-12-03T00:00:00.000Z,23.8048165902,-0.0174141146007501,92.9517662681,85.523467379585,True,discovery
XLV,2010-12-06T00:00:00.000Z,23.6516817135,-0.0178060413358505,92.8534366268,85.573271593423,True,discovery
XLV,2010-12-07T00:00:00.000Z,23.6669952012,-0.0146636914242156,92.9063833567,85.62837405124301,True,discovery
XLV,2010-12-08T00:00:00.000Z,23.6899654327,-0.0096030729825302,93.2467551919,85.68141255680501,True,discovery
XLV,2010-12-09T00:00:00.000Z,23.7282491519,-0.0076849183479072,93.6098184827,85.73682565774699,True,discovery
XLV,2010-12-10T00:00:00.000Z,23.957951467,-0.000957854405631,94.1544134189,85.794700736538,True,discovery
XLV,2010-12-13T00:00:00.000Z,23.9962351862,0.013255738767921,94.2149239674,85.84859056297351,True,discovery
XLV,2010-12-14T00:00:00.000Z,24.2374226171,0.0231092436987825,94.2981259715,85.901740556316,True,discovery
XLV,2010-12-15T00:00:00.000Z,24.1646835506,0.035093473270197,93.8669883137,85.9523620087525,True,discovery
XLV,2010-12-16T00:00:00.000Z,24.333131915,0.0406024885383935,94.4115832499,86.00443873697151,True,discovery
XLV,2010-12-17T00:00:00.000Z,24.3747233475,0.0279082983512293,94.5120005051,86.051014624329,True,discovery
XLV,2010-12-20T00:00:00.000Z,24.3670268766,0.0266720901668335,94.740106701,86.09865647214251,True,discovery
XLV,2010-12-21T00:00:00.000Z,24.3054551094,0.0236650446452055,95.3407863502,86.1485932982295,True,discovery
XLV,2010-12-22T00:00:00.000Z,24.3727992298,0.0416167221421286,95.6373244049,86.198111266242,True,discovery
XLV,2010-12-23T00:00:00.000Z,24.3593304057,0.0314221504249994,95.5004606874,86.24515522310449,True,discovery
XLV,2010-12-27T00:00:00.000Z,24.3131515803,0.0383879960596362,95.5384783867,86.29235198320201,True,discovery
XLV,2010-12-28T00:00:00.000Z,24.3285445221,0.04006575088743,95.6753421042,86.3401212061015,True,discovery
XLV,2010-12-29T00:00:00.000Z,24.336240993,0.0500185191480424,95.743773963,86.38480234421701,True,discovery
XLV,2010-12-30T00:00:00.000Z,24.2515798131,0.0266933497251071,95.5917031657,86.42615044528698,True,discovery
XLV,2010-12-31T00:00:00.000Z,24.2438833422,0.018444450111023,95.6145137853,86.4678363110255,True,discovery
XLV,2011-01-03T00:00:00.000Z,24.4651568806,0.0277397764396911,96.6029739676,86.516662891277,True,discovery
XLV,2011-01-04T00:00:00.000Z,24.5440457074,0.0377294098876128,96.5497491885,86.56290208575902,True,discovery
XLV,2011-01-05T00:00:00.000Z,24.5979210037,0.0393343470341684,97.0515828195,86.608580392369,True,discovery
XLV,2011-01-06T00:00:00.000Z,24.6979751254,0.0425500702212344,96.861494323,86.655442319832,True,discovery
XLV,2011-01-07T00:00:00.000Z,24.6825821836,0.0402192772669696,96.6714058264,86.70206515925749,True,discovery
XLV,2011-01-10T00:00:00.000Z,24.6133139455,0.0273546959723456,96.5497491885,86.748341793447,True,discovery
XLV,2011-01-11T00:00:00.000Z,24.7364574799,0.0308474345227993,96.8919084824,86.79355868574001,True,discovery
XLV,2011-01-12T00:00:00.000Z,24.8672974853,0.0259877000187145,97.7663155667,86.8428480957935,True,discovery
XLV,2011-01-13T00:00:00.000Z,24.7364574799,0.0236615525339998,97.6066412296,86.8928367224675,True,discovery
XLV,2011-01-14T00:00:00.000Z,24.7672433636,0.0178403441906462,98.3137704369,86.943365818566,True,discovery
XLV,2011-01-18T00:00:00.000Z,24.8596010144,0.0198926428820258,98.4810483139,86.9911370921155,True,discovery
XLV,2011-01-19T00:00:00.000Z,24.6902786545,0.0132659507266525,97.5153987512,87.03303180603751,True,discovery
XLV,2011-01-20T00:00:00.000Z,24.7518504218,0.0183660544676391,97.3861385735,87.07682611919101,True,discovery
XLV,2011-01-21T00:00:00.000Z,24.7730157167,0.0164206205092218,97.6066412296,87.120187917611,True,discovery
XLV,2011-01-24T00:00:00.000Z,24.7441539509,0.0157977883131776,98.1616996396,87.16340471088449,True,discovery
XLV,2011-01-25T00:00:00.000Z,24.7441539509,0.0177271288412161,98.2149244187,87.20617627360849,True,discovery
XLV,2011-01-26T00:00:00.000Z,24.7133680672,0.0158177791832319,98.5951014119,87.2505117639295,True,discovery
XLV,2011-01-27T00:00:00.000Z,24.7749398345,0.0180265654677804,98.8384146875,87.29097202038851,True,discovery
XLV,2011-01-28T00:00:00.000Z,24.3285445221,0.0031735956829677,97.1124111385,87.322427862026,True,discovery
XLV,2011-01-31T00:00:00.000Z,24.3824198184,0.0057142857125886,97.8423509654,87.36475926637401,True,discovery
XLV,2011-02-01T00:00:00.000Z,24.8211186599,0.0145497443992386,99.4086801773,87.4132375299375,True,discovery
XLV,2011-02-02T00:00:00.000Z,24.7364574799,0.0078394481005219,99.2185916807,87.45675930229949,True,discovery
XLV,2011-02-03T00:00:00.000Z,24.7691674813,0.0069618272850879,99.4390943367,87.50220726151,True,discovery
XLV,2011-02-04T00:00:00.000Z,24.8826904271,0.0074789654116231,99.7204253117,87.54771404612,True,discovery
XLV,2011-02-07T00:00:00.000Z,24.8442080726,0.0065481758674095,100.3439155805,87.59338054517,True,discovery
XLV,2011-02-08T00:00:00.000Z,24.9154004284,0.0122732958092883,100.8001279723,87.6430503327305,True,discovery
XLV,2011-02-09T00:00:00.000Z,24.8596010144,0.0049782202888211,100.5720217764,87.7023247854065,True,discovery
XLV,2011-02-10T00:00:00.000Z,24.8672974853,0.0,100.6100394757,87.758419752891,True,discovery
XLV,2011-02-11T00:00:00.000Z,24.9211727816,0.0074673304312102,101.210719125,87.81197704189,True,discovery
XLV,2011-02-14T00:00:00.000Z,25.0058339615,0.0096333126136538,101.4540324006,87.8744260373345,True,discovery
XLV,2011-02-15T00:00:00.000Z,24.9519586652,0.0037151702775319,101.1346837263,87.92951257443,True,discovery
XLV,2011-02-16T00:00:00.000Z,25.0827986706,0.0158977556143726,101.7733810749,87.9983880355325,True,discovery
XLV,2011-02-17T00:00:00.000Z,25.1905492632,0.0177238805957562,102.0775226694,88.07140498414302,True,discovery
XLV,2011-02-18T00:00:00.000Z,25.2521210304,0.0193398058265883,102.2904217856,88.1600130274135,True,discovery
XLV,2011-02-22T00:00:00.000Z,24.8672974853,0.0049766718492114,100.2374660224,88.244646170241,True,discovery
XLV,2011-02-23T00:00:00.000Z,24.6287068873,-0.004665629862677,99.6215792935,88.3078544226765,True,discovery
XLV,2011-02-24T00:00:00.000Z,24.7133680672,0.0,99.5531474347,88.3719560261705,True,discovery
XLV,2011-02-25T00:00:00.000Z,24.8672974853,0.0037278657957178,100.6176430156,88.43531487492999,True,discovery
XLV,2011-02-28T00:00:00.000Z,25.1436007907,0.033502056313299,101.2411332844,88.50725737235,True,discovery
XLV,2011-03-01T00:00:00.000Z,24.946186312,0.0231218434346929,99.5531474347,88.5786222791275,True,discovery
XLV,2011-03-02T00:00:00.000Z,25.0212269033,0.0080620155014723,99.7660465509,88.6508270432405,True,discovery
XLV,2011-03-03T00:00:00.000Z,25.5368904538,0.0323584318631884,101.4844465601,88.7374269620845,True,discovery
XLV,2011-03-04T00:00:00.000Z,25.5022563347,0.0295968305738762,100.7240925737,88.82262125228601,True,discovery
XLV,2011-03-07T00:00:00.000Z,25.3059963267,0.0170120630982482,99.9333244279,88.91966125838549,True,discovery
XLV,2011-03-08T00:00:00.000Z,25.444532803,0.024163568774087,100.8077315122,89.01519526580601,True,discovery
XLV,2011-03-09T00:00:00.000Z,25.4830151575,0.0227816819854518,100.6632642548,89.11524849601001,True,discovery
XLV,2011-03-10T00:00:00.000Z,25.0847227883,0.0090557275545009,98.8003969882,89.205575553097,True,discovery
XLV,2011-03-11T00:00:00.000Z,25.1674598505,0.0120705663885445,99.4847155759,89.30175778411949,True,discovery
XLV,2011-03-14T00:00:00.000Z,25.044316316,0.0049413218021152,98.8840359267,89.381495761851,True,discovery
XLV,2011-03-15T00:00:00.000Z,24.7518504218,-0.0101569713728021,97.751108487,89.460773221747,True,discovery
XLV,2011-03-16T00:00:00.000Z,24.3208480512,-0.0252930289949621,95.9414659995,89.53789137541251,True,discovery
XLV,2011-03-17T00:00:00.000Z,24.6056174746,-0.0190242405668755,97.2112571567,89.6108753667225,True,discovery
XLV,2011-03-18T00:00:00.000Z,24.7173163568,-0.0187861289349228,97.5635443656,89.6841980851865,True,discovery
XLV,2011-03-21T00:00:00.000Z,24.9241315625,-0.0129885908397614,99.0755654821,89.77964495550799,True,discovery
XLV,2011-03-22T00:00:00.000Z,24.9106015958,0.0017414079887692,98.7319243193,89.8783531011325,True,discovery
XLV,2011-03-23T00:00:00.000Z,24.8951387766,0.0108179406462214,99.0144737199,89.974243306796,True,discovery
XLV,2011-03-24T00:00:00.000Z,25.1889323399,0.0192431995269464,99.9613960352,90.0770021873715,True,discovery
XLV,2011-03-25T00:00:00.000Z,25.2585150259,0.0157322097759622,100.2668548467,90.16968205263402,True,discovery
XLV,2011-03-28T00:00:00.000Z,25.2507836163,0.0042628272096829,100.0224877975,90.259155778145,True,discovery
XLV,2011-03-29T00:00:00.000Z,25.3976803979,0.0180987217947143,100.6944971826,90.3526260256115,True,discovery
XLV,2011-03-30T00:00:00.000Z,25.5832342273,0.0224612216727819,101.3894159786,90.440248379854,True,discovery
XLV,2011-03-31T00:00:00.000Z,25.5986970464,0.0024202865541447,101.2519595135,90.5273332106015,True,discovery
XLV,2011-04-01T00:00:00.000Z,25.7301310089,0.0089354710896674,101.6796018495,90.6158823382915,True,discovery
XLV,2011-04-04T00:00:00.000Z,25.8847592001,0.0228705823682331,101.7636030226,90.7043974030725,True,discovery
XLV,2011-04-05T00:00:00.000Z,25.7687880567,0.0127436120053958,101.748330082,90.79403987066252,True,discovery
XLV,2011-04-06T00:00:00.000Z,25.8229079236,0.0133380121621897,102.069061834,90.892207660206,True,discovery
XLV,2011-04-07T00:00:00.000Z,25.7765194663,0.0275784063407178,101.8094218443,90.99035625278252,True,discovery
XLV,2011-04-08T00:00:00.000Z,25.7610566471,0.0235858843175309,101.4581442112,91.09355726718252,True,discovery
XLV,2011-04-11T00:00:00.000Z,25.9079534287,0.0344843557237874,101.1526853998,91.19353818946202,True,discovery
XLV,2011-04-12T00:00:00.000Z,25.8770277905,0.045458313197829,100.3966748415,91.2910180619315,True,discovery
XLV,2011-04-13T00:00:00.000Z,25.8538335618,0.0630317457422855,100.3890383712,91.4009488399855,True,discovery
XLV,2011-04-14T00:00:00.000Z,25.9929989339,0.0563847446922303,100.4654030741,91.514985597294,True,discovery
XLV,2011-04-15T00:00:00.000Z,26.2249412206,0.060994682514764,100.8319536478,91.6325855232695,True,discovery
XLV,2011-04-18T00:00:00.000Z,25.9311476574,0.0404032570753687,99.7017560455,91.74664105437952,True,discovery
XLV,2011-04-19T00:00:00.000Z,26.147627125,0.0496585971415706,100.2744913169,91.861039873618,True,discovery
XLV,2011-04-20T00:00:00.000Z,26.4027636405,0.0605590062151846,101.641419498,91.970085187704,True,discovery
XLV,2011-04-21T00:00:00.000Z,26.480077736,0.0512584407579193,102.1606994774,92.0777770395385,True,discovery
XLV,2011-04-25T00:00:00.000Z,26.5110033743,0.0495867768598312,102.0537888934,92.18192491967348,True,discovery
XLV,2011-04-26T00:00:00.000Z,26.8202597566,0.0621555419486807,102.9319829762,92.290200446079,True,discovery
XLV,2011-04-27T00:00:00.000Z,27.1217847293,0.067884322677852,103.6039923614,92.395704328647,True,discovery
XLV,2011-04-28T00:00:00.000Z,27.2609501014,0.0655787246910986,103.9399970539,92.502925852412,True,discovery
XLV,2011-04-29T00:00:00.000Z,27.2454872823,0.0643310178215337,104.184364103,92.61125635821853,True,discovery
XLV,2011-05-02T00:00:00.000Z,27.5238180264,0.0697115384635844,104.0239982271,92.730145590539,True,discovery
XLV,2011-05-03T00:00:00.000Z,27.4542353403,0.0606332138563581,103.6498111831,92.8447939703505,True,discovery
XLV,2011-05-04T00:00:00.000Z,27.4302679707,0.0644764476444987,102.9625288574,92.9515294280985,True,discovery
XLV,2011-05-05T00:00:00.000Z,27.2532186918,0.0553892215559819,102.0308794826,93.058910739572,True,discovery
XLV,2011-05-06T00:00:00.000Z,27.4465039308,0.0647870425905763,102.4814312294,93.15955417117448,True,discovery
XLV,2011-05-09T00:00:00.000Z,27.6011321219,0.0714285714288487,102.8785276843,93.25860940025048,True,discovery
XLV,2011-05-10T00:00:00.000Z,27.7712231322,0.0719188302012279,103.7567217671,93.357729560245,True,discovery
XLV,2011-05-11T00:00:00.000Z,27.7248346749,0.0714072303573583,102.6647065163,93.45142726172,True,discovery
XLV,2011-05-12T00:00:00.000Z,27.9799711903,0.0822368421076806,103.1534406145,93.550277110588,True,discovery
XLV,2011-05-13T00:00:00.000Z,27.8949256851,0.0731707317049712,102.3592477048,93.6471873525835,True,discovery
XLV,2011-05-16T00:00:00.000Z,27.9413141425,0.0654481132088016,101.7101477306,93.74092733017751,True,discovery
XLV,2011-05-17T00:00:00.000Z,27.9413141425,0.0775193798461271,101.69487479,93.82522412711648,True,discovery
XLV,2011-05-18T00:00:00.000Z,28.1577936101,0.0768775872277167,102.603614754,93.916095981552,True,discovery
XLV,2011-05-19T00:00:00.000Z,28.0959423336,0.0641288433345204,102.8479818031,94.005368341127,True,discovery
XLV,2011-05-20T00:00:00.000Z,27.8640000469,0.0522627737236036,102.0308794826,94.0910066019165,True,discovery
XLV,2011-05-23T00:00:00.000Z,27.5779378933,0.0402449693788011,100.8472265883,94.172457014033,True,discovery
XLV,2011-05-24T00:00:00.000Z,27.5006237977,0.0253675410780678,100.7632254152,94.251230356199,True,discovery
XLV,2011-05-25T00:00:00.000Z,27.5392808455,0.0153933865476401,101.0992301078,94.33397840364748,True,discovery
XLV,2011-05-26T00:00:00.000Z,27.5779378933,0.0116279069775973,101.5650547952,94.430641836835,True,discovery
XLV,2011-05-27T00:00:00.000Z,27.5934007124,0.0127695800223774,101.9545147797,94.53177295817352,True,discovery
XLV,2011-05-31T00:00:00.000Z,27.9181199138,0.0143258426945636,103.0159841494,94.639415193872,True,discovery
XLV,2011-06-01T00:00:00.000Z,27.5315494359,0.0028161081392972,100.7021336529,94.735676265762,True,discovery
XLV,2011-06-02T00:00:00.000Z,27.4696981595,0.0014374700546897,100.5952230689,94.8263996260105,True,discovery
XLV,2011-06-03T00:00:00.000Z,27.2068302345,-0.0017021276578226,99.5948454616,94.9113687435275,True,discovery
XLV,2011-06-06T00:00:00.000Z,27.0444706338,-0.014647887323414,98.5410125622,94.9982536838845,True,discovery
XLV,2011-06-07T00:00:00.000Z,27.0993636416,-0.0181792717082743,98.4799207999,95.086149786146,True,discovery
XLV,2011-06-08T00:00:00.000Z,27.1295161389,-0.0231069042312348,98.0675514045,95.173526368555,True,discovery
XLV,2011-06-09T00:00:00.000Z,27.4155782925,-0.0111544896850178,98.8159254924,95.2706260412285,True,discovery
XLV,2011-06-10T00:00:00.000Z,26.9091709665,-0.038270240398647,97.4413608411,95.359310563521,True,discovery
XLV,2011-06-13T00:00:00.000Z,27.0444706338,-0.03048780487536,97.5177255439,95.4510477684945,True,discovery
XLV,2011-06-14T00:00:00.000Z,27.2764129205,-0.0237963475378796,98.7548337302,95.5428388236355,True,discovery
XLV,2011-06-15T00:00:00.000Z,26.9053052617,-0.037078029884936,96.9984455645,95.631678686834,True,discovery
XLV,2011-06-16T00:00:00.000Z,26.9516937191,-0.0428336079062452,97.2122667325,95.72158765587253,True,discovery
XLV,2011-06-17T00:00:00.000Z,27.0134754128,-0.0385275178866478,97.5006351234,95.80108888042,True,discovery
XLV,2011-06-20T00:00:00.000Z,27.2853970808,-0.0207652514041813,97.9994577352,95.879284826817,True,discovery
XLV,2011-06-21T00:00:00.000Z,27.4563192721,-0.0044099969211094,99.3424416901,95.9588539746545,True,discovery
XLV,2011-06-22T00:00:00.000Z,27.2931662713,-0.0075437389321093,98.7438545559,96.0401324036645,True,discovery
XLV,2011-06-23T00:00:00.000Z,27.2620895093,-0.0100653077237233,98.4599093769,96.1170945412035,True,discovery
XLV,2011-06-24T00:00:00.000Z,26.9435526982,-0.0230033586105842,97.3164544668,96.18642089972,True,discovery
XLV,2011-06-27T00:00:00.000Z,27.0833981275,-0.0184827738420373,98.1836383919,96.2579765847165,True,discovery
XLV,2011-06-28T00:00:00.000Z,27.4640884626,-0.0162629665823439,99.4652287946,96.33127562261753,True,discovery
XLV,2011-06-29T00:00:00.000Z,27.5184727962,-0.0004749692613721,100.3170643316,96.409097162347,True,discovery
XLV,2011-06-30T00:00:00.000Z,27.6039338918,0.0048866839206087,101.2763385851,96.49009751074952,True,discovery
XLV,2011-07-01T00:00:00.000Z,27.9380090839,0.0268748267658471,102.7728064205,96.5786930515335,True,discovery
XLV,2011-07-05T00:00:00.000Z,27.8603171787,0.0301668520692122,102.6883902862,96.6667080281295,True,discovery
XLV,2011-07-06T00:00:00.000Z,27.9380090839,0.0309470529784914,102.8111773907,96.7488320562875,True,discovery
XLV,2011-07-07T00:00:00.000Z,27.9224707028,0.0292284816227521,103.8778903606,96.837159488429,True,discovery
XLV,2011-07-08T00:00:00.000Z,27.7981636546,0.013955035272944,103.1411677339,96.9239211766335,True,discovery
XLV,2011-07-11T00:00:00.000Z,27.4174733195,0.0188895582711485,101.2763385851,97.004838075631,True,discovery
XLV,2011-07-12T00:00:00.000Z,27.4174733195,0.0137921977009904,100.8389095255,97.0747937998025,True,discovery
XLV,2011-07-13T00:00:00.000Z,27.5262419867,0.0091591613211075,101.1765740628,97.148517896764,True,discovery
XLV,2011-07-14T00:00:00.000Z,27.4796268436,0.0213460347806404,100.4782224062,97.21723747173098,True,discovery
XLV,2011-07-15T00:00:00.000Z,27.3397814144,0.0143993805860509,101.0614611523,97.28962962228452,True,discovery
XLV,2011-07-18T00:00:00.000Z,27.137782461,0.0046016681045453,100.2326481973,97.359163557218,True,discovery
XLV,2011-07-19T00:00:00.000Z,27.3786273669,0.0034168564900822,101.8595773312,97.4350168213665,True,discovery
XLV,2011-07-20T00:00:00.000Z,27.2853970808,-0.0062252405213573,101.798183779,97.5138155597345,True,discovery
XLV,2011-07-21T00:00:00.000Z,27.697164178,0.0148021633944619,103.2102354801,97.591013984358,True,discovery
XLV,2011-07-22T00:00:00.000Z,27.6505490349,0.0142490738087952,103.2793032264,97.668595566806,True,discovery
XLV,2011-07-25T00:00:00.000Z,27.3630889859,0.015570934256492,102.7037386743,97.7438287937925,True,discovery
XLV,2011-07-26T00:00:00.000Z,27.1416670563,0.0021514629931476,102.3200289729,97.81468523124047,True,discovery
XLV,2011-07-27T00:00:00.000Z,26.6716310303,-0.0288543140027804,100.2249740033,97.87465038382,True,discovery
XLV,2011-07-28T00:00:00.000Z,26.6483234587,-0.0316205533622548,99.9333546303,97.931795952194,True,discovery
XLV,2011-07-29T00:00:00.000Z,26.5084780295,-0.039684773430986,99.2503513618,97.982084966781,True,discovery
XLV,2011-08-01T00:00:00.000Z,26.0578649798,-0.0672969966633548,98.8282706902,98.03200325627851,True,discovery
XLV,2011-08-02T00:00:00.000Z,25.4984832629,-0.0847741215812751,96.3034608551,98.06838983837348,True,discovery
XLV,2011-08-03T00:00:00.000Z,25.5450984059,-0.0856507230280405,96.825306049,98.105192139056,True,discovery
XLV,2011-08-04T00:00:00.000Z,24.5273344488,-0.1215915414555182,92.2898573785,98.125179155769,True,discovery
XLV,2011-08-05T00:00:00.000Z,24.7137950211,-0.1109558412499526,92.151721886,98.140164118441,True,discovery
XLV,2011-08-08T00:00:00.000Z,23.4474169675,-0.1448002266925302,86.1505021563,98.124159686052,True,discovery
XLV,2011-08-09T00:00:00.000Z,24.3020279239,-0.1136299234905872,90.1564314388,98.127352880034,True,discovery
XLV,2011-08-10T00:00:00.000Z,23.2764947762,-0.1543889359307882,86.1735247384,98.109307872266,True,discovery
XLV,2011-08-11T00:00:00.000Z,24.3408738765,-0.1142210913184583,90.0413185284,98.1105261952625,True,discovery
XLV,2011-08-12T00:00:00.000Z,24.5817187824,-0.1008809320818971,90.6475798566,98.116061674055,True,discovery
XLV,2011-08-15T00:00:00.000Z,24.9934858795,-0.0790151732029539,92.5661283635,98.13111425719651,True,discovery
XLV,2011-08-16T00:00:00.000Z,24.970178308,-0.0879682179323477,91.7756863787,98.141874258579,True,discovery
XLV,2011-08-17T00:00:00.000Z,24.9934858795,-0.0839977220970243,91.8370799309,98.15278995135098,True,discovery
XLV,2011-08-18T00:00:00.000Z,24.1699516852,-0.1273492286117032,87.8771958126,98.140351228809,True,discovery
XLV,2011-08-19T00:00:00.000Z,24.1077981611,-0.1281258780550218,86.4421215294,98.118921818397,True,discovery
XLV,2011-08-22T00:00:00.000Z,24.09225978,-0.1195343554810436,86.5111892756,98.08910153628048,True,discovery
XLV,2011-08-23T00:00:00.000Z,24.8769480218,-0.0834406755414945,89.3583152599,98.071777205817,True,discovery
XLV,2011-08-24T00:00:00.000Z,25.1644080708,-0.0565103408107189,90.6168830805,98.061615553591,True,discovery
XLV,2011-08-25T00:00:00.000Z,24.7371025926,-0.0717201166167935,89.2355281555,98.0478752069055,True,discovery
XLV,2011-08-26T00:00:00.000Z,25.0478702131,-0.0550996483002366,90.5324669462,98.038766418627,True,discovery
XLV,2011-08-29T00:00:00.000Z,25.6849438352,-0.0143112701247432,93.1340187216,98.04440506749398,True,discovery
XLV,2011-08-30T00:00:00.000Z,25.7704049308,0.0106642291267435,93.3795929305,98.05671753676752,True,discovery
XLV,2011-08-31T00:00:00.000Z,25.9490963126,0.0158150851596128,93.793999408,98.07174496300598,True,discovery
XLV,2011-09-01T00:00:00.000Z,25.7781741213,0.0509977827028487,92.8117025724,98.088933075419,True,discovery
XLV,2011-09-02T00:00:00.000Z,25.2110232139,0.0201194592888496,90.4403766178,98.094037643502,True,discovery
XLV,2011-09-06T00:00:00.000Z,25.273176738,0.0778661365143396,89.7803959315,98.0892617860075,True,discovery
XLV,2011-09-07T00:00:00.000Z,25.879173598,0.0648976982101541,92.3128799606,98.0959003185965,True,discovery
XLV,2011-09-08T00:00:00.000Z,25.5994827395,0.0997997329767725,91.3536057072,98.0981206708465,True,discovery
XLV,2011-09-09T00:00:00.000Z,24.8381020693,0.0204277050743051,88.9592571705,98.094949802559,True,discovery
XLV,2011-09-12T00:00:00.000Z,24.9235631649,0.0139064475322512,89.5348217226,98.088038415793,True,discovery
XLV,2011-09-13T00:00:00.000Z,25.1799464518,0.0074603668011326,90.3559604835,98.0905273958225,True,discovery
XLV,2011-09-14T00:00:00.000Z,25.4207913577,0.0180460485360502,91.6068541101,98.09790935664452,True,discovery
XLV,2011-09-15T00:00:00.000Z,25.6538670731,0.0264221324221785,93.1877380798,98.1157296165325,True,discovery
XLV,2011-09-16T00:00:00.000Z,25.7916303593,0.067094824814772,93.7364080045,98.12676281466,True,discovery
XLV,2011-09-19T00:00:00.000Z,25.5494920973,0.0598019747206237,92.8030550282,98.127267288523,True,discovery
XLV,2011-09-20T00:00:00.000Z,25.7838194476,0.0702117477997741,92.6950637747,98.125983776056,True,discovery
XLV,2011-09-21T00:00:00.000Z,25.0886483083,0.0085098978505917,89.9644277943,98.1115387318935,True,discovery
XLV,2011-09-22T00:00:00.000Z,24.5809390493,-0.0231862803948502,87.0563776118,98.082288703169,True,discovery
XLV,2011-09-23T00:00:00.000Z,24.5887499609,-0.0059971708952033,87.5809065572,98.0539594599955,True,discovery
XLV,2011-09-26T00:00:00.000Z,24.9949173682,-0.0021140657648532,89.6635950168,98.034228342666,True,discovery
XLV,2011-09-27T00:00:00.000Z,25.3776520404,-0.0119638881350742,90.6663709418,98.01678813028052,True,discovery
XLV,2011-09-28T00:00:00.000Z,24.9402409864,-0.0322138494381132,88.8150923111,97.989788971999,True,discovery
XLV,2011-09-29T00:00:00.000Z,25.1042701317,-0.0325570559653661,89.5170354586,97.9658835194345,True,discovery
XLV,2011-09-30T00:00:00.000Z,24.7840227529,-0.0385656239158751,87.2800737797,97.9329489467645,True,discovery
XLV,2011-10-03T00:00:00.000Z,23.9951206734,-0.0482290040425498,84.7962749501,97.88487240526548,True,discovery
XLV,2011-10-04T00:00:00.000Z,24.2528807588,-0.0403707056606743,86.6552672418,97.845588738949,True,discovery
XLV,2011-10-05T00:00:00.000Z,24.6434263427,-0.0477506459246249,88.2597087218,97.813186749053,True,discovery
XLV,2011-10-06T00:00:00.000Z,24.9402409864,-0.0257521513152604,89.8564365409,97.7857650000065,True,discovery
XLV,2011-10-07T00:00:00.000Z,24.9168082514,0.0031687679630434,89.2547709859,97.7538522329115,True,discovery
XLV,2011-10-10T00:00:00.000Z,25.4870048039,0.0226067852045128,92.239957778,97.7375497183645,True,discovery
XLV,2011-10-11T00:00:00.000Z,25.4479502455,0.0106435410501375,92.3325217095,97.7215199349785,True,discovery
XLV,2011-10-12T00:00:00.000Z,25.4635720688,0.001682902412361,93.1424561105,97.70885550501,True,discovery
XLV,2011-10-13T00:00:00.000Z,25.4401393338,-0.0083312094309596,92.9573282474,97.694923276432,True,discovery
XLV,2011-10-14T00:00:00.000Z,25.6822775958,-0.004239854634105,94.5463424055,97.689696472631,True,discovery
XLV,2011-10-17T00:00:00.000Z,25.2370556302,-0.0122286762457018,92.7413457405,97.675330632407,True,discovery
XLV,2011-10-18T00:00:00.000Z,25.4245175104,-0.0139351711615185,94.5540560664,97.665086042901,True,discovery
XLV,2011-10-19T00:00:00.000Z,25.3776520404,0.0115193026164104,93.435575227,97.64951517309348,True,discovery
XLV,2011-10-20T00:00:00.000Z,25.3542193053,0.0314585319319613,93.844399258,97.633479255286,True,discovery
XLV,2011-10-21T00:00:00.000Z,25.8619285644,0.051778907245165,95.6262549401,97.62730305837152,True,discovery
XLV,2011-10-24T00:00:00.000Z,26.2524741483,0.0503125000004975,96.7987314062,97.62793968627052,True,discovery
XLV,2011-10-25T00:00:00.000Z,25.7213321542,0.013542628500575,94.9165981316,97.619773930986,True,discovery
XLV,2011-10-26T00:00:00.000Z,26.065012268,0.0450986533054489,95.8808057518,97.614718417333,True,discovery
XLV,2011-10-27T00:00:00.000Z,26.6976961139,0.0634723086487158,99.2208209482,97.6219909442405,True,discovery
XLV,2011-10-28T00:00:00.000Z,26.7211288489,0.0781594705312049,99.1976799653,97.62994613791902,True,discovery
XLV,2011-10-31T00:00:00.000Z,26.2134195899,0.092447916669955,96.8064450672,97.62240951107052,True,discovery
XLV,2011-11-01T00:00:00.000Z,25.7135212425,0.0602254428340442,94.1066637307,97.60053758815452,True,discovery
XLV,2011-11-02T00:00:00.000Z,25.8853612994,0.0503961965121741,95.641682262,97.5911690057085,True,discovery
XLV,2011-11-03T00:00:00.000Z,26.1665541198,0.0491700595061896,97.3849696393,97.5911631610375,True,discovery
XLV,2011-11-04T00:00:00.000Z,25.9244158578,0.0404388714731704,96.7910177453,97.587085043616,True,discovery
XLV,2011-11-07T00:00:00.000Z,26.2290414132,0.0291143119801371,97.3926833003,97.5832399619195,True,discovery
XLV,2011-11-08T00:00:00.000Z,26.549288792,0.0432780847131195,98.642296376,97.585376821706,True,discovery
XLV,2011-11-09T00:00:00.000Z,25.7838194476,0.0125766871173738,95.0014484022,97.5674085566575,True,discovery
XLV,2011-11-10T00:00:00.000Z,26.1509322965,0.0279398219236808,95.8962330737,97.55269764858848,True,discovery
XLV,2011-11-11T00:00:00.000Z,26.6117760854,0.0361922141107924,97.7012297387,97.5556417415895,True,discovery
XLV,2011-11-14T00:00:00.000Z,26.4321251168,0.0473537604430336,96.7755904234,97.5503079388795,True,discovery
XLV,2011-11-15T00:00:00.000Z,26.4946124103,0.0420890937050142,97.253837403,97.539533725008,True,discovery
XLV,2011-11-16T00:00:00.000Z,25.9869031512,0.0240073868863084,95.7111052107,97.521996292658,True,discovery
XLV,2011-11-17T00:00:00.000Z,25.7135212425,0.0141712877400603,94.1915140012,97.4957583909805,True,discovery
XLV,2011-11-18T00:00:00.000Z,25.6588448608,-0.0078526125031354,94.0912364087,97.4676124464655,True,discovery
XLV,2011-11-21T00:00:00.000Z,25.1667574251,-0.0413567390664513,92.3016670657,97.42740120389148,True,discovery
XLV,2011-11-22T00:00:00.000Z,25.2292447185,-0.0191314910421406,91.9391250005,97.38309618903251,True,discovery
XLV,2011-11-23T00:00:00.000Z,24.8621318697,-0.0461492358389094,89.9104321676,97.32978824098848,True,discovery
XLV,2011-11-25T00:00:00.000Z,24.7684009295,-0.0722644821549048,89.7407316264,97.275441701742,True,discovery
XLV,2011-11-28T00:00:00.000Z,25.4323284221,-0.0482315112541757,92.3402353705,97.23108928296948,True,discovery
XLV,2011-11-29T00:00:00.000Z,25.5416811856,-0.0256257449355755,92.6024998432,97.18683162018247,True,discovery
XLV,2011-11-30T00:00:00.000Z,26.4633687636,0.0291616038903543,96.4130483582,97.163223443342,True,discovery
XLV,2011-12-01T00:00:00.000Z,26.5024233219,0.0238382619181098,96.3976210362,97.13634464314852,True,discovery
XLV,2011-12-02T00:00:00.000Z,26.1743650315,0.0002985074635444,96.3127707657,97.10752088363,True,discovery
XLV,2011-12-05T00:00:00.000Z,26.2212305016,0.0114492316983372,97.3618286564,97.082877917984,True,discovery
XLV,2011-12-06T00:00:00.000Z,26.330583265,0.0038713519949264,97.3926833003,97.0686540043735,True,discovery
XLV,2011-12-07T00:00:00.000Z,26.525856057,-0.0008826125318679,97.7552253655,97.0593222347335,True,discovery
XLV,2011-12-08T00:00:00.000Z,26.0337686213,0.0096940321121921,95.6108276182,97.039610635651,True,discovery
XLV,2011-12-09T00:00:00.000Z,26.4165032935,0.0101553166055019,97.2306964201,97.02267590267353,True,discovery
XLV,2011-12-12T00:00:00.000Z,26.1040668264,-0.0190783680642249,95.8113828032,96.99552715026748,True,discovery
XLV,2011-12-13T00:00:00.000Z,26.0572013563,-0.0141843971622889,94.9165981316,96.972344403752,True,discovery
XLV,2011-12-14T00:00:00.000Z,26.041579533,-0.0170990566038202,93.9061085457,96.943044713726,True,discovery
XLV,2011-12-15T00:00:00.000Z,26.330583265,0.0132251277422461,94.245509628,96.9068500290655,True,discovery
XLV,2011-12-16T00:00:00.000Z,26.243390058,0.0206066221153802,94.3844558029,96.87515184521148,True,discovery
XLV,2011-12-19T00:00:00.000Z,26.243390058,0.0227814307452722,93.3753284689,96.84236186541652,True,discovery
XLV,2011-12-20T00:00:00.000Z,26.7932366021,0.0646280786009338,96.2008850041,96.819327632876,True,discovery
XLV,2011-12-21T00:00:00.000Z,26.966045516,0.0688407765225904,96.387185435,96.797947238777,True,discovery
XLV,2011-12-22T00:00:00.000Z,27.1584918065,0.0923637582181204,97.24106241,96.790150565886,True,discovery
XLV,2011-12-23T00:00:00.000Z,27.3352281957,0.1036331442431885,98.1104644208,96.7832793101105,True,discovery
XLV,2011-12-27T00:00:00.000Z,27.3980678007,0.0772929377906204,98.1880896003,96.77979957847847,True,discovery
XLV,2011-12-28T00:00:00.000Z,27.0995796768,0.0609943597635349,96.89951162,96.7755415941435,True,discovery
XLV,2011-12-29T00:00:00.000Z,27.2959534425,0.0314617797279539,97.900876436,96.785338646326,True,discovery
XLV,2011-12-30T00:00:00.000Z,27.2488237387,0.0281634780236574,97.4196003229,96.786380362157,True,discovery
XLV,2012-01-03T00:00:00.000Z,27.6022965171,0.0545545797913926,98.9721039137,96.7934231598975,True,discovery
XLV,2012-01-04T00:00:00.000Z,27.4687623564,0.0475771667055775,99.1273542728,96.793682103851,True,discovery
XLV,2012-01-05T00:00:00.000Z,27.5473118627,0.0462097092743607,99.3912798832,96.7969788816705,True,discovery
XLV,2012-01-06T00:00:00.000Z,27.5944415665,0.0402846757218229,99.1351167907,96.7975820970245,True,discovery
XLV,2012-01-09T00:00:00.000Z,27.6415712703,0.0617583520998394,99.3757548473,96.794653891085,True,discovery
XLV,2012-01-10T00:00:00.000Z,27.8457999867,0.0541062031306653,100.2373943402,96.79450658855248,True,discovery
XLV,2012-01-11T00:00:00.000Z,27.8693648386,0.0676254019704962,100.2917319659,96.7958528093945,True,discovery
XLV,2012-01-12T00:00:00.000Z,27.9557692955,0.0728615446163782,100.5323700225,96.795042173594,True,discovery
XLV,2012-01-13T00:00:00.000Z,27.8300900854,0.0686790350075958,100.0122813195,96.7881565002985,True,discovery
XLV,2012-01-17T00:00:00.000Z,28.0028989993,0.0635122935739493,100.4004072172,96.783898738817,True,discovery
XLV,2012-01-18T00:00:00.000Z,28.1599980119,0.0730320263374566,101.5104472847,96.783052965993,True,discovery
XLV,2012-01-19T00:00:00.000Z,28.1599980119,0.0730320263374566,102.0460610235,96.78446525599747,True,discovery
XLV,2012-01-20T00:00:00.000Z,28.1599980119,0.0510114335978684,102.4264244032,96.78785572760349,True,discovery
XLV,2012-01-23T00:00:00.000Z,28.0343188018,0.0396154966498945,102.1624987928,96.78832291239748,True,discovery
XLV,2012-01-24T00:00:00.000Z,28.0421737525,0.0325379609551257,102.0460610235,96.7895061082935,True,discovery
XLV,2012-01-25T00:00:00.000Z,28.2464024689,0.0333333333336991,102.8999379984,96.79671507722948,True,discovery
XLV,2012-01-26T00:00:00.000Z,28.1207232588,0.0263761467909622,102.3720867776,96.80281208411849,True,discovery
XLV,2012-01-27T00:00:00.000Z,28.13643316,0.0382608695620341,102.3255116698,96.81245626826,True,discovery
XLV,2012-01-30T00:00:00.000Z,28.0971584069,0.0293525179872455,101.9761983619,96.8203920682135,True,discovery
XLV,2012-01-31T00:00:00.000Z,28.1207232588,0.0319976938623478,101.9373857721,96.8277519817035,True,discovery
XLV,2012-02-01T00:00:00.000Z,28.3956465309,0.0287421741632443,102.8300753368,96.8377425901485,True,discovery
XLV,2012-02-02T00:00:00.000Z,28.285677222,0.0297397769510232,102.9930882139,96.85419925099048,True,discovery
XLV,2012-02-03T00:00:00.000Z,28.4506311853,0.0327915597391963,104.4369165533,96.87501137717248,True,discovery
XLV,2012-02-06T00:00:00.000Z,28.2935321727,0.0253344719629589,104.3670538917,96.888639549141,True,discovery
XLV,2012-02-07T00:00:00.000Z,28.3956465309,0.0272804774094095,104.6309795022,96.900990949265,True,discovery
XLV,2012-02-08T00:00:00.000Z,28.3956465309,0.0197461212988179,104.9414802203,96.9154294058995,True,discovery
XLV,2012-02-09T00:00:00.000Z,28.2464024689,0.0135287485912771,105.0734430256,96.9261367061465,True,discovery
XLV,2012-02-10T00:00:00.000Z,28.1285782094,0.0061815116612733,104.2971912302,96.9296027004905,True,discovery
XLV,2012-02-13T00:00:00.000Z,28.3406618764,0.01834603443371,105.0734430256,96.935269930349,True,discovery
XLV,2012-02-14T00:00:00.000Z,28.4584861359,0.0162692847126786,104.9414802203,96.9390555109355,True,discovery
XLV,2012-02-15T00:00:00.000Z,28.4035014815,0.0086471408661712,104.4524415892,96.941197727746,True,discovery
XLV,2012-02-16T00:00:00.000Z,28.5606004941,0.0142259414233876,105.6090567644,96.9509939556525,True,discovery
XLV,2012-02-17T00:00:00.000Z,28.4663410865,0.0108786610876372,105.8885074107,96.965623848419,True,discovery
XLV,2012-02-21T00:00:00.000Z,28.2621123701,0.0081255253573477,105.9350825184,96.985144863598,True,discovery
XLV,2012-02-22T00:00:00.000Z,28.2621123701,0.0078431372525245,105.5935317285,97.0007053660935,True,discovery
XLV,2012-02-23T00:00:00.000Z,28.285677222,0.0013904338134118,106.0592828057,97.0166091417005,True,discovery
XLV,2012-02-24T00:00:00.000Z,28.4270663334,0.010893854748353,106.2921583443,97.02928632458652,True,discovery
XLV,2012-02-27T00:00:00.000Z,28.4820509878,0.0122836404257291,106.4706962573,97.04831627329148,True,discovery
XLV,2012-02-28T00:00:00.000Z,28.5920202966,0.0176125244600704,106.7811969754,97.066455055096,True,discovery
XLV,2012-02-29T00:00:00.000Z,28.4192113828,0.0106145251405151,106.3620210059,97.08646892160152,True,discovery
XLV,2012-03-01T00:00:00.000Z,28.5684554447,0.0060857538007437,106.9131597807,97.112483981852,True,discovery
XLV,2012-03-02T00:00:00.000Z,28.521325741,0.0083310191638867,106.5871340266,97.136945278035,True,discovery
XLV,2012-03-05T00:00:00.000Z,28.4584861359,0.000276090556615,106.1524330212,97.154689369371,True,discovery
XLV,2012-03-06T00:00:00.000Z,28.0893034563,-0.0072182121042156,104.5999294304,97.16344910750747,True,discovery
XLV,2012-03-07T00:00:00.000Z,28.2149826663,-0.0063623789795876,105.329606118,97.1799427406845,True,discovery
XLV,2012-03-08T00:00:00.000Z,28.5291806916,0.0047026279382189,106.3775460418,97.207594337952,True,discovery
XLV,2012-03-09T00:00:00.000Z,28.647004951,0.0141824249137947,106.7889594934,97.237723008343,True,discovery
XLV,2012-03-12T00:00:00.000Z,28.647004951,0.0184306059744872,106.7967220113,97.2662104678605,True,discovery
XLV,2012-03-13T00:00:00.000Z,29.0554623839,0.0252217294930303,108.7218264639,97.30199432620398,True,discovery
XLV,2012-03-14T00:00:00.000Z,29.0476074332,0.0207010764552522,108.6053886946,97.3352486957785,True,discovery
XLV,2012-03-15T00:00:00.000Z,29.094737137,0.0243362831850226,109.2341526489,97.366339538276,True,discovery
XLV,2012-03-16T00:00:00.000Z,29.0919800493,0.0186053355324153,109.3846601095,97.409752170559,True,discovery
XLV,2012-03-19T00:00:00.000Z,29.0840853465,0.0217008662308539,109.8134666887,97.455843388658,True,discovery
XLV,2012-03-20T00:00:00.000Z,28.9340859921,0.023776482564372,109.4938108751,97.5053382157255,True,discovery
XLV,2012-03-21T00:00:00.000Z,28.9222439378,0.0233574744539757,109.3144917602,97.5592056117155,True,discovery
XLV,2012-03-22T00:00:00.000Z,28.823560152,0.0190160880992322,108.5270469511,97.60944124247152,True,discovery
XLV,2012-03-23T00:00:00.000Z,28.9104018835,0.0170026531908469,108.8778886977,97.6634929289375,True,discovery
XLV,2012-03-26T00:00:00.000Z,29.4156628667,0.0327789553954489,110.4059994163,97.721443298557,True,discovery
XLV,2012-03-27T00:00:00.000Z,29.4709257868,0.0307395378529622,110.062954153,97.78455126511648,True,discovery
XLV,2012-03-28T00:00:00.000Z,29.4077681639,0.0347848069316341,109.5172003249,97.84454863902148,True,discovery
XLV,2012-03-29T00:00:00.000Z,29.4709257868,0.0315897491849677,109.3300847267,97.897424894004,True,discovery
XLV,2012-03-30T00:00:00.000Z,29.6919774669,0.0410447865057397,109.7822807557,97.96134406996,True,discovery
XLV,2012-04-02T00:00:00.000Z,29.7946086041,0.0469498785641482,110.5853185312,98.0282093289535,True,discovery
XLV,2012-04-03T00:00:00.000Z,29.7788191984,0.0601480113142878,110.1331225023,98.091371765848,True,discovery
XLV,2012-04-04T00:00:00.000Z,29.6169777897,0.0496897389582502,109.0416148462,98.146582551403,True,discovery
XLV,2012-04-05T00:00:00.000Z,29.6130304383,0.0379909173844281,108.9870394634,98.1948055402695,True,discovery
XLV,2012-04-09T00:00:00.000Z,29.2419794037,0.0207691677966925,107.7629915919,98.2399012254495,True,discovery
XLV,2012-04-10T00:00:00.000Z,28.9104018835,0.009194571402858,105.954207476,98.277372715945,True,discovery
XLV,2012-04-11T00:00:00.000Z,29.0130330207,-0.0014602886933753,106.8118206344,98.324849546783,True,discovery
XLV,2012-04-12T00:00:00.000Z,29.170927078,0.0042454320922504,108.2073911376,98.3749683105115,True,discovery
XLV,2012-04-13T00:00:00.000Z,28.878823072,-0.0074210694526406,106.9209714,98.4122470235385,True,discovery
XLV,2012-04-16T00:00:00.000Z,28.8867177749,-0.007055630935129,106.8508030507,98.444915717134,True,discovery
XLV,2012-04-17T00:00:00.000Z,29.3130317295,0.007871878392337,108.433489152,98.4807014699685,True,discovery
XLV,2012-04-18T00:00:00.000Z,29.2182952951,0.0098226466554911,108.0670544389,98.5071727100605,True,discovery
XLV,2012-04-19T00:00:00.000Z,29.281452918,0.0124198171128253,107.373167429,98.5305965957745,True,discovery
XLV,2012-04-20T00:00:00.000Z,29.4393469753,0.0213640098604293,107.5524865439,98.5543031415405,True,discovery
XLV,2012-04-23T00:00:00.000Z,29.2104005923,0.0103768432555486,106.648094486,98.5681541621675,True,discovery
XLV,2012-04-24T00:00:00.000Z,29.3130317295,-0.0034889962420728,107.0535116154,98.587715881575,True,discovery
XLV,2012-04-25T00:00:00.000Z,29.6209251411,0.005089740152214,108.5192504679,98.623930440989,True,discovery
XLV,2012-04-26T00:00:00.000Z,29.6130304383,0.0069798657707038,109.2755093439,98.666113440081,True,discovery
XLV,2012-04-27T00:00:00.000Z,29.628819844,0.0053576212142856,109.4548284588,98.707504712061,True,discovery
XLV,2012-04-30T00:00:00.000Z,29.6130304383,-0.0026588673215857,109.0494113294,98.750360656677,True,discovery
XLV,2012-05-01T00:00:00.000Z,29.7235562784,-0.0023847376766755,109.7277053729,98.79369187778,True,discovery
XLV,2012-05-02T00:00:00.000Z,29.6682933583,-0.0037115588554276,109.400253076,98.83952990217352,True,discovery
XLV,2012-05-03T00:00:00.000Z,29.5577675182,-0.0019992003208576,108.5660293674,98.87306216235449,True,discovery
XLV,2012-05-04T00:00:00.000Z,29.170927078,-0.0149293521722183,106.8118206344,98.89813034663148,True,discovery
XLV,2012-05-07T00:00:00.000Z,29.2340847009,-0.0002699783995813,106.889785467,98.916528096566,True,discovery
XLV,2012-05-08T00:00:00.000Z,29.2419794037,0.011469142543786,106.4609788878,98.932436474873,True,discovery
XLV,2012-05-09T00:00:00.000Z,29.0446118322,0.0010884353758351,105.8294637439,98.948065100221,True,discovery
XLV,2012-05-10T00:00:00.000Z,29.2498741066,0.0027063599449173,106.0477652751,98.966703781732,True,discovery
XLV,2012-05-11T00:00:00.000Z,29.2182952951,0.0117550574084559,105.7281094615,98.994219459023,True,discovery
XLV,2012-05-14T00:00:00.000Z,29.1235588608,0.0081989614654591,104.5586369728,99.0173458707355,True,discovery
XLV,2012-05-15T00:00:00.000Z,28.9498753978,-0.0123889038517475,103.958307762,99.04088565273648,True,discovery
XLV,2012-05-16T00:00:00.000Z,28.997243615,-0.0075655228297001,103.5606871158,99.0645477348645,True,discovery
XLV,2012-05-17T00:00:00.000Z,28.7288237177,-0.0188730115902235,102.024779914,99.093154330159,True,discovery
XLV,2012-05-18T00:00:00.000Z,28.476193226,-0.0327165459922769,101.1515737891,99.11478566885953,True,discovery
XLV,2012-05-21T00:00:00.000Z,28.7525078262,-0.0156756756776798,102.8901895556,99.16778732974498,True,discovery
XLV,2012-05-22T00:00:00.000Z,28.6735607976,-0.0218152437387242,103.0695086705,99.2223762636675,True,discovery
XLV,2012-05-23T00:00:00.000Z,28.5472455518,-0.0362473347535736,103.1240840534,99.307244173153,True,discovery
XLV,2012-05-24T00:00:00.000Z,28.823560152,-0.0266595574520782,103.3267926181,99.37309597904952,True,discovery
XLV,2012-05-25T00:00:00.000Z,28.7525078262,-0.0295763389299307,102.991543838,99.4571860745475,True,discovery
XLV,2012-05-29T00:00:00.000Z,28.8472442606,-0.0258597707281444,104.2389811592,99.5281743877015,True,discovery
XLV,2012-05-30T00:00:00.000Z,28.6814555005,-0.0350597609565747,102.7264634072,99.5885688054545,True,discovery
XLV,2012-05-31T00:00:00.000Z,28.5393508489,-0.0380521554026015,102.5003653927,99.63823999060048,True,discovery
XLV,2012-06-01T00:00:00.000Z,28.0340898657,-0.0515491452986699,99.9197294343,99.6789602058785,True,discovery
XLV,2012-06-04T00:00:00.000Z,28.0972474886,-0.0368064952659574,99.8729505348,99.719139558898,True,discovery
XLV,2012-06-05T00:00:00.000Z,28.2551415459,-0.0334863624093509,100.6292094108,99.782899626889,True,discovery
XLV,2012-06-06T00:00:00.000Z,28.6972449062,-0.0186285097181578,102.8901895556,99.86513996702,True,discovery
XLV,2012-06-07T00:00:00.000Z,28.7130343119,-0.0114161456939286,102.9525614217,99.94734682775052,True,discovery
XLV,2012-06-08T00:00:00.000Z,28.8867177749,-0.0124156545213319,103.7711921638,100.01941121227,True,discovery
XLV,2012-06-11T00:00:00.000Z,28.6340872833,-0.0199945960535887,102.4535864932,100.07859472933347,True,discovery
XLV,2012-06-12T00:00:00.000Z,28.9025071806,-0.0075901328287708,103.6308554651,100.15057136588148,True,discovery
XLV,2012-06-13T00:00:00.000Z,28.8709283692,-0.0027270248149667,102.9681543882,100.2127498030915,True,discovery
XLV,2012-06-14T00:00:00.000Z,29.3051370266,0.0106180234124297,104.0596620443,100.267378019705,True,discovery
XLV,2012-06-15T00:00:00.000Z,29.4146049765,0.0238708436356023,105.1186271793,100.326073190949,True,discovery
XLV,2012-06-18T00:00:00.000Z,29.6130305363,0.0399223766069272,105.322375823,100.383715073024,True,discovery
XLV,2012-06-19T00:00:00.000Z,29.8828892975,0.0393141870661442,106.3411190415,100.4513621553695,True,discovery
XLV,2012-06-20T00:00:00.000Z,29.8035190736,0.0394076718959361,106.168716343,100.5300038539955,True,discovery
XLV,2012-06-21T00:00:00.000Z,29.3907939094,0.0295492031295752,103.7864245089,100.6000339968825,True,discovery
XLV,2012-06-22T00:00:00.000Z,29.6963692714,0.0302811004191456,104.5857461112,100.66139832763548,True,discovery
XLV,2012-06-25T00:00:00.000Z,29.3352347526,0.0202669947930249,102.9087380437,100.719173989318,True,discovery
XLV,2012-06-26T00:00:00.000Z,29.4225419989,0.0199429010654494,103.4259461393,100.791507434162,True,discovery
XLV,2012-06-27T00:00:00.000Z,29.7400228945,0.0369077292462214,104.3584880086,100.865625765592,True,discovery
XLV,2012-06-28T00:00:00.000Z,29.6050935139,0.0373429189277119,104.0607015293,100.934149470821,True,discovery
XLV,2012-06-29T00:00:00.000Z,30.1646535924,0.0759990332094486,106.6545784934,101.0093880927375,True,discovery
XLV,2012-07-02T00:00:00.000Z,30.259897861,0.076970186253207,106.9758744315,101.078328774496,True,discovery
XLV,2012-07-03T00:00:00.000Z,30.2559293498,0.0708114592400732,107.6811581982,101.14805252546448,True,discovery
XLV,2012-07-05T00:00:00.000Z,30.0654408125,0.0476769080367154,107.1952960478,101.2200137305625,True,discovery
XLV,2012-07-06T00:00:00.000Z,29.8670152527,0.0401901425068731,106.1765528293,101.2874211758355,True,discovery
XLV,2012-07-09T00:00:00.000Z,30.0257557005,0.0394311992963674,106.0433325623,101.3678156996755,True,discovery
XLV,2012-07-10T00:00:00.000Z,29.8828892975,0.0436124260516703,105.1186271793,101.458126947513,True,discovery
XLV,2012-07-11T00:00:00.000Z,29.8590782304,0.0330964730437666,105.1343001519,101.5458939154865,True,discovery
XLV,2012-07-12T00:00:00.000Z,29.9305114319,0.0367006924457053,104.6249285426,101.62070058311548,True,discovery
XLV,2012-07-13T00:00:00.000Z,30.2638663722,0.032715402242609,106.380301473,101.6992702357715,True,discovery
XLV,2012-07-16T00:00:00.000Z,30.319425529,0.0307609282267391,106.1295339115,101.7858424437735,True,discovery
XLV,2012-07-17T00:00:00.000Z,30.7083396261,0.0369874028413728,106.8583271371,101.872548902166,True,discovery
XLV,2012-07-18T00:00:00.000Z,30.7559617604,0.0292164674643105,107.649812253,101.97439759453248,True,discovery
XLV,2012-07-19T00:00:00.000Z,30.7559617604,0.0319573901473828,107.9319257597,102.09007584858053,True,discovery
XLV,2012-07-20T00:00:00.000Z,30.3591106409,0.0329462597875012,106.9445284864,102.1915221548035,True,discovery
XLV,2012-07-23T00:00:00.000Z,30.0019446334,0.01028999064523,105.8630933775,102.279539078082,True,discovery
XLV,2012-07-24T00:00:00.000Z,29.668589693,0.0113636363646434,104.9540609671,102.355027200213,True,discovery
XLV,2012-07-25T00:00:00.000Z,29.811456096,0.0132182357701975,104.977570426,102.4336411974135,True,discovery
XLV,2012-07-26T00:00:00.000Z,30.0971889021,0.0120096076881652,106.7094338975,102.505988578011,True,discovery
XLV,2012-07-27T00:00:00.000Z,30.8194579395,0.0410187667547761,108.6763919579,102.587707929253,True,discovery
XLV,2012-07-30T00:00:00.000Z,30.6607174917,0.0164452045762919,108.6763919579,102.66537760849,True,discovery
XLV,2012-07-31T00:00:00.000Z,30.4702289544,0.0069508196744803,107.9162527871,102.7401722311885,True,discovery
XLV,2012-08-01T00:00:00.000Z,30.4861029992,0.0076075550923879,107.8222149516,102.806551593919,True,discovery
XLV,2012-08-02T00:00:00.000Z,30.1924331707,0.00422386483511,107.0777487534,102.8782336089835,True,discovery
XLV,2012-08-03T00:00:00.000Z,30.5495991783,0.02285410576935,109.2014365397,102.95147051135,True,discovery
XLV,2012-08-06T00:00:00.000Z,30.5575362007,0.017710811528089,109.4130216697,103.03135774356348,True,discovery
XLV,2012-08-07T00:00:00.000Z,30.4861029992,0.0201859229773495,109.9615757105,103.111943625826,True,discovery
XLV,2012-08-08T00:00:00.000Z,30.5972213126,0.0247208931402471,110.0947959775,103.18428633101298,True,discovery
XLV,2012-08-09T00:00:00.000Z,30.5813472678,0.0217448952511494,110.1888338131,103.2512368430475,True,discovery
XLV,2012-08-10T00:00:00.000Z,30.7083396261,0.0146865984812927,110.3690729979,103.328499217379,True,discovery
XLV,2012-08-13T00:00:00.000Z,30.6289694022,0.0102094240837091,110.3142175938,103.400666276589,True,discovery
XLV,2012-08-14T00:00:00.000Z,30.7083396261,0.0,110.3298905664,103.45621162468,True,discovery
XLV,2012-08-15T00:00:00.000Z,30.7797728276,0.0007741935493839,110.4552743471,103.51249959658898,True,discovery
XLV,2012-08-16T00:00:00.000Z,30.7004026037,-0.0018064516119777,111.270268922,103.584818715863,True,discovery
XLV,2012-08-17T00:00:00.000Z,30.5416621559,0.0060130718965814,111.4191621616,103.67138120801748,True,discovery
XLV,2012-08-20T00:00:00.000Z,30.605158335,0.0201058201050228,111.4269986479,103.750307789947,True,discovery
XLV,2012-08-21T00:00:00.000Z,30.5019770439,0.0280898876395403,111.0900297371,103.818833090436,True,discovery
XLV,2012-08-22T00:00:00.000Z,30.5257881111,0.0239616613425281,111.1370486549,103.89056324498398,True,discovery
XLV,2012-08-23T00:00:00.000Z,30.4861029992,0.0129219409282725,110.2280162445,103.954739909705,True,discovery
XLV,2012-08-24T00:00:00.000Z,30.748024738,-0.0023177955186696,110.8941175797,104.01599901572348,True,discovery
XLV,2012-08-27T00:00:00.000Z,30.7797728276,0.0038829924946219,110.9176270386,104.09557990890548,True,discovery
XLV,2012-08-28T00:00:00.000Z,30.7321506932,0.0085959885366131,110.8079162305,104.1701383246895,True,discovery
XLV,2012-08-29T00:00:00.000Z,30.8353319843,0.0114553501675556,110.8941175797,104.23610276389452,True,discovery
XLV,2012-08-30T00:00:00.000Z,30.7321506932,0.0178759200839688,110.0947959775,104.302698791665,True,discovery
XLV,2012-08-31T00:00:00.000Z,30.8273949619,0.0090932709780797,110.6198405594,104.369528807447,True,discovery
XLV,2012-09-04T00:00:00.000Z,30.890891141,0.0109090909067586,110.5179662375,104.443563112581,True,discovery
XLV,2012-09-05T00:00:00.000Z,30.8988281634,0.0135381411068129,110.4239284019,104.52472518458453,True,discovery
XLV,2012-09-06T00:00:00.000Z,31.3909235516,0.0259403372251045,112.6651634827,104.6175948199545,True,discovery
XLV,2012-09-07T00:00:00.000Z,31.3750495068,0.0259538022327654,113.1040067153,104.72160651820252,True,discovery
XLV,2012-09-10T00:00:00.000Z,31.2639311934,0.0180925303700818,112.461414839,104.824217967395,True,discovery
XLV,2012-09-11T00:00:00.000Z,31.2798052381,0.0212490282436095,112.7748742909,104.9385401780115,True,discovery
XLV,2012-09-12T00:00:00.000Z,31.2956792829,0.0191263892464184,113.1510256331,105.055591648045,True,discovery
XLV,2012-09-13T00:00:00.000Z,31.6131601785,0.0270758122734651,114.8750526183,105.16826573428402,True,discovery
XLV,2012-09-14T00:00:00.000Z,31.4861678203,0.0255946225443082,115.3844242275,105.2821753562055,True,discovery
XLV,2012-09-17T00:00:00.000Z,31.6687193352,0.0369022869006583,114.9925999127,105.375073113978,True,discovery
XLV,2012-09-18T00:00:00.000Z,31.7719006263,0.0381224066390701,114.8985620772,105.467577819183,True,discovery
XLV,2012-09-19T00:00:00.000Z,31.8036487159,0.0426749934971941,114.9612539675,105.560820235192,True,discovery
XLV,2012-09-20T00:00:00.000Z,31.9385780965,0.0462818512746694,114.9690904538,105.648856544179,True,discovery
XLV,2012-09-21T00:00:00.000Z,32.056442879,0.0515100234307155,114.9216405293,105.736501330324,True,discovery
XLV,2012-09-24T00:00:00.000Z,32.1441813392,0.0454063834375206,114.7483166045,105.821466786519,True,discovery
XLV,2012-09-25T00:00:00.000Z,32.120172906,0.0435480822391929,113.5271707704,105.91104850228,True,discovery
XLV,2012-09-26T00:00:00.000Z,31.9567400833,0.0398471751074342,112.8890235925,105.989340138142,True,discovery
XLV,2012-09-27T00:00:00.000Z,32.1401932274,0.0423170810602711,113.9526022222,106.080046235237,True,discovery
XLV,2012-09-28T00:00:00.000Z,32.0006093134,0.041274645333581,113.4247520875,106.17258700501652,True,discovery
XLV,2012-10-01T00:00:00.000Z,32.1920386811,0.0442672409033129,113.7241297759,106.2716771111675,True,discovery
XLV,2012-10-02T00:00:00.000Z,32.335610707,0.046768465157112,113.8423051792,106.36966108892352,True,discovery
XLV,2012-10-03T00:00:00.000Z,32.6068023113,0.055276340541714,114.3071284321,106.4692744520695,True,discovery
XLV,2012-10-04T00:00:00.000Z,32.8062079028,0.0450857824833847,115.126477895,106.5780301992,True,discovery
XLV,2012-10-05T00:00:00.000Z,32.8381127974,0.0466314257219866,115.1343562552,106.6726975554555,True,discovery
XLV,2012-10-08T00:00:00.000Z,32.8141841264,0.0495859885121314,114.7404382442,106.7644638195015,True,discovery
XLV,2012-10-09T00:00:00.000Z,32.4153729436,0.0363035414337182,113.6059543726,106.8462882793145,True,discovery
XLV,2012-10-10T00:00:00.000Z,32.1760862338,0.0281319009867619,112.8811452323,106.920141683372,True,discovery
XLV,2012-10-11T00:00:00.000Z,32.2000149048,0.0185636210675046,112.9441721141,106.99392209594102,True,discovery
XLV,2012-10-12T00:00:00.000Z,32.1521575629,0.0211518196307973,112.5738891837,107.0722939837595,True,discovery
XLV,2012-10-15T00:00:00.000Z,32.614778535,0.0298736172368185,113.5114140499,107.150346671829,True,discovery
XLV,2012-10-16T00:00:00.000Z,32.9657323759,0.0375750813160913,114.661654642,107.23655694342452,True,discovery
XLV,2012-10-17T00:00:00.000Z,32.9657323759,0.0365393188178129,115.1816264166,107.317604555939,True,discovery
XLV,2012-10-18T00:00:00.000Z,32.9737085996,0.0324100371648492,114.8822487282,107.396379028216,True,discovery
XLV,2012-10-19T00:00:00.000Z,32.3834680489,0.0102015426706694,112.9678071947,107.46426166477352,True,discovery
XLV,2012-10-22T00:00:00.000Z,32.4073967199,0.0081885856081518,112.9835639152,107.53350390039598,True,discovery
XLV,2012-10-23T00:00:00.000Z,31.9766806424,-0.0044673565120564,111.4157702314,107.5937039773165,True,discovery
XLV,2012-10-24T00:00:00.000Z,32.032514208,0.0023711468848977,111.1006358226,107.64802018472852,True,discovery
XLV,2012-10-25T00:00:00.000Z,32.287753365,0.00459114033808,111.4236485916,107.703679767857,True,discovery
XLV,2012-10-26T00:00:00.000Z,32.1601337865,0.0049850448639177,111.3606217099,107.757821026294,True,discovery
XLV,2012-10-31T00:00:00.000Z,31.9279459159,-0.0082036669940711,111.3606217099,107.814562728246,True,discovery
XLV,2012-11-01T00:00:00.000Z,32.1920386811,-0.0044400592028688,112.5266190224,107.875193787272,True,discovery
XLV,2012-11-02T00:00:00.000Z,32.0165617607,-0.0181017612510703,111.5260672745,107.925271887221,True,discovery
XLV,2012-11-05T00:00:00.000Z,32.032514208,-0.0235837588145614,111.7545397209,107.973814280708,True,discovery
XLV,2012-11-06T00:00:00.000Z,32.0644191026,-0.0235608452767498,112.6290377053,108.0248273472185,True,discovery
XLV,2012-11-07T00:00:00.000Z,31.5300121176,-0.0391346621282242,110.076448994,108.0643970982245,True,discovery
XLV,2012-11-08T00:00:00.000Z,31.1551296057,-0.0388779527569438,108.752884477,108.097931215492,True,discovery
XLV,2012-11-09T00:00:00.000Z,31.2428680659,-0.0290034705003892,108.8474247997,108.1276686494985,True,discovery
XLV,2012-11-12T00:00:00.000Z,31.4023925391,-0.0247708694563709,108.9340867621,108.160478649421,True,discovery
XLV,2012-11-13T00:00:00.000Z,31.2827491842,-0.0270404366176408,108.5559254715,108.1916307184295,True,discovery
XLV,2012-11-14T00:00:00.000Z,30.9078666723,-0.0523355343611564,107.0905504706,108.217202478973,True,discovery
XLV,2012-11-15T00:00:00.000Z,30.8201282121,-0.0650858940227449,106.9093481856,108.2420622910405,True,discovery
XLV,2012-11-16T00:00:00.000Z,31.0514386981,-0.0580691991299263,107.4371983203,108.26509790595802,True,discovery
XLV,2012-11-19T00:00:00.000Z,31.3784638681,-0.0483792936630536,109.611625741,108.2981905935935,True,discovery
XLV,2012-11-20T00:00:00.000Z,31.5539407886,-0.0256157635447626,109.6588959023,108.3243004903385,True,discovery
XLV,2012-11-21T00:00:00.000Z,31.5300121176,-0.0270735909423183,109.8637332681,108.35178388722052,True,discovery
XLV,2012-11-23T00:00:00.000Z,31.9208470768,-0.0017460713394362,111.3606217099,108.385432098259,True,discovery
XLV,2012-11-26T00:00:00.000Z,31.7788702957,-0.0079183266930903,111.1242709033,108.416346051674,True,discovery
XLV,2012-11-27T00:00:00.000Z,31.5858456832,-0.0217391304333014,110.5570289674,108.443763981383,True,discovery
XLV,2012-11-28T00:00:00.000Z,31.8331086166,-0.0101686507920335,111.4472836723,108.4795144435935,True,discovery
XLV,2012-11-29T00:00:00.000Z,32.056442879,0.0040245922314723,111.9672554468,108.51398350569949,True,discovery
XLV,2012-11-30T00:00:00.000Z,32.0963239973,-0.0029732408297644,111.9908905275,108.54923055723548,True,discovery
XLV,2012-12-03T00:00:00.000Z,32.0244582221,0.0002466367706508,111.4394053121,108.58416537585,True,discovery
XLV,2012-12-04T00:00:00.000Z,32.0923358854,0.0018675298795327,111.2818381077,108.6125292825665,True,discovery
XLV,2012-12-05T00:00:00.000Z,32.2000149048,0.0042288557221672,111.4787971132,108.640480731079,True,discovery
XLV,2012-12-06T00:00:00.000Z,32.1840624575,0.0207437389323079,111.8569584037,108.6700901105055,True,discovery
XLV,2012-12-07T00:00:00.000Z,32.287753365,0.0363543266753985,112.1957278932,108.703101091329,True,discovery
XLV,2012-12-10T00:00:00.000Z,32.4233491672,0.0377840183817321,112.2429980545,108.734019667573,True,discovery
XLV,2012-12-11T00:00:00.000Z,32.7663267845,0.0434340868677993,113.0071989958,108.76759487083052,True,discovery
XLV,2012-12-12T00:00:00.000Z,32.7184694425,0.0458949515544861,113.0623475174,108.800553127131,True,discovery
XLV,2012-12-13T00:00:00.000Z,32.4393016145,0.0495483870963018,112.369051818,108.828492401344,True,discovery
XLV,2012-12-14T00:00:00.000Z,32.311682036,0.0483954451336259,111.9514987264,108.85643978994648,True,discovery
XLV,2012-12-17T00:00:00.000Z,32.566921193,0.0488055484202969,113.2671848831,108.8882099154585,True,discovery
XLV,2012-12-18T00:00:00.000Z,32.8221603501,0.0460091509918587,114.5277225183,108.927912857917,True,discovery
XLV,2012-12-19T00:00:00.000Z,32.4712065092,0.0290697674418973,113.6768596145,108.9655349908835,True,discovery
XLV,2012-12-20T00:00:00.000Z,32.5190638511,0.0313685808242336,114.3307635128,109.0141891612955,True,discovery
XLV,2012-12-21T00:00:00.000Z,32.2469868859,0.0102171414284628,113.3001400639,109.054041831025,True,discovery
XLV,2012-12-24T00:00:00.000Z,32.1186725884,0.0106927115261861,112.9510115421,109.08690915852652,True,discovery
XLV,2012-12-26T00:00:00.000Z,32.0063975781,0.013314568149229,112.4749271942,109.1153389970305,True,discovery
XLV,2012-12-27T00:00:00.000Z,31.9582797166,0.0039321041971605,112.3241671507,109.1429762227275,True,discovery
XLV,2012-12-28T00:00:00.000Z,31.6455136165,-0.01281892891395,111.1101520635,109.15491785072552,True,discovery
XLV,2012-12-31T00:00:00.000Z,31.9827396295,-0.0035388590858427,112.9986199769,109.176884007137,True,discovery
XLV,2013-01-02T00:00:00.000Z,32.6118806694,0.0183429316188905,115.89479976,109.2101872426925,True,discovery
XLV,2013-01-03T00:00:00.000Z,32.6559887091,0.01756347140678,115.6329533687,109.2414287089885,True,discovery
XLV,2013-01-04T00:00:00.000Z,32.8003422938,0.0186436991030867,116.1407766731,109.2730652589105,True,discovery
XLV,2013-01-07T00:00:00.000Z,32.9045976605,0.0223879506806043,115.8233871078,109.304713140074,True,discovery
XLV,2013-01-08T00:00:00.000Z,32.9126173041,0.0193529705221719,115.4901280643,109.33559132159448,True,discovery
XLV,2013-01-09T00:00:00.000Z,33.2735012658,0.0262203665085909,115.7837134122,109.3718746539,True,discovery
XLV,2013-01-10T00:00:00.000Z,33.50607093,0.0225763525574655,116.7041431515,109.411005926169,True,discovery
XLV,2013-01-11T00:00:00.000Z,33.4980512864,0.0238269655391443,116.6962084123,109.442456971149,True,discovery
XLV,2013-01-14T00:00:00.000Z,33.5301298607,0.0336267487864907,116.616861021,109.475226505489,True,discovery
XLV,2013-01-15T00:00:00.000Z,33.4900316428,0.0364682224059751,116.6962084123,109.51112154592602,True,discovery
XLV,2013-01-16T00:00:00.000Z,33.4178548504,0.0261287719633411,116.6803389341,109.547872816963,True,discovery
XLV,2013-01-17T00:00:00.000Z,33.7145816634,0.0271895970216744,117.4341391516,109.58613210894252,True,discovery
XLV,2013-01-18T00:00:00.000Z,33.8268566737,0.0417493006955533,117.695985543,109.6216854440015,True,discovery
XLV,2013-01-22T00:00:00.000Z,33.9230923968,0.0431755524122354,118.3307646735,109.66267365485751,True,discovery
XLV,2013-01-23T00:00:00.000Z,33.8829941788,0.0507336483463929,118.5211984127,109.71007157269,True,discovery
XLV,2013-01-24T00:00:00.000Z,34.0995245558,0.0616729088647145,118.5529373692,109.757901062219,True,discovery
XLV,2013-01-25T00:00:00.000Z,34.3641727944,0.0736657479351339,119.2194554563,109.815183381541,True,discovery
XLV,2013-01-28T00:00:00.000Z,34.2438781405,0.0715181932246746,119.0766301519,109.88079549492048,True,discovery
XLV,2013-01-29T00:00:00.000Z,34.6127817457,0.0937658388218689,119.5447797607,109.944460290552,True,discovery
XLV,2013-01-30T00:00:00.000Z,34.508526379,0.0789734331317348,119.0766301519,109.9988064856235,True,discovery
XLV,2013-01-31T00:00:00.000Z,34.4122906559,0.055207180620814,118.783044804,110.05811685264352,True,discovery
XLV,2013-02-01T00:00:00.000Z,34.6849585381,0.0621316306504784,120.0049946303,110.1238878105415,True,discovery
XLV,2013-02-04T00:00:00.000Z,34.3000156456,0.045721271393057,118.6560889779,110.175000809671,True,discovery
XLV,2013-02-05T00:00:00.000Z,34.6769388945,0.0538630270543494,119.8542345868,110.2339367104105,True,discovery
XLV,2013-02-06T00:00:00.000Z,34.6689192509,0.053362573099928,119.9415167173,110.296778456852,True,discovery
XLV,2013-02-07T00:00:00.000Z,34.5406049534,0.0380814654123093,119.7828219346,110.3579301338055,True,discovery
XLV,2013-02-08T00:00:00.000Z,34.7972335484,0.0385351842983161,120.4493400217,110.426936361484,True,discovery
XLV,2013-02-11T00:00:00.000Z,34.725056756,0.0366291596818397,120.4255358043,110.4937964824285,True,discovery
XLV,2013-02-12T00:00:00.000Z,34.6849585381,0.0344415211691007,120.6239042826,110.554319751502,True,discovery
XLV,2013-02-13T00:00:00.000Z,34.6608996073,0.0349616858230628,120.7270558913,110.611577484239,True,discovery
XLV,2013-02-14T00:00:00.000Z,34.7314724709,0.0393088552924958,120.8381422392,110.668494053141,True,discovery
XLV,2013-02-15T00:00:00.000Z,34.8132728356,0.032588011418001,120.6953169348,110.726723581168,True,discovery
XLV,2013-02-19T00:00:00.000Z,35.0298032126,0.0355618776673174,121.5998771958,110.78608444028252,True,discovery
XLV,2013-02-20T00:00:00.000Z,34.8012433702,0.0258865248229207,120.0843420216,110.8395048850105,True,discovery
XLV,2013-02-21T00:00:00.000Z,34.6448603201,0.0224852071006371,119.3543460215,110.893446468281,True,discovery
XLV,2013-02-22T00:00:00.000Z,34.7972335484,0.0204609595496934,120.5207526739,110.96199112847847,True,discovery
XLV,2013-02-25T00:00:00.000Z,34.4122906559,0.0014002333706064,118.2276130648,111.01868026646753,True,discovery
XLV,2013-02-26T00:00:00.000Z,34.5005067354,0.0074941451971961,119.0369564562,111.0815601543095,True,discovery
XLV,2013-02-27T00:00:00.000Z,34.8774299843,0.0076459684906105,120.5366221522,111.155095946351,True,discovery
XLV,2013-02-28T00:00:00.000Z,34.8453514099,0.0097606321174283,120.2985799782,111.22635001986652,True,discovery
XLV,2013-03-01T00:00:00.000Z,35.1099996485,0.0202749941750934,120.6953169348,111.301186057233,True,discovery
XLV,2013-03-04T00:00:00.000Z,35.3024710947,0.0178034682071679,121.3380308045,111.38508302639153,True,discovery
XLV,2013-03-05T00:00:00.000Z,35.6072175512,0.0381108253449933,122.4250900655,111.477416937909,True,discovery
XLV,2013-03-06T00:00:00.000Z,35.6793943436,0.0289084181319996,122.5917195873,111.5725721002665,True,discovery
XLV,2013-03-07T00:00:00.000Z,35.6553354128,0.0284524635671876,122.813892283,111.67651766211152,True,discovery
XLV,2013-03-08T00:00:00.000Z,35.7194925615,0.0341304852561348,123.3375850657,111.78744771849448,True,discovery
XLV,2013-03-11T00:00:00.000Z,35.9039443642,0.0318045632639347,123.8057346745,111.892025444089,True,discovery
XLV,2013-03-12T00:00:00.000Z,36.064337236,0.0385681293312383,123.5280188049,111.994317994761,True,discovery
XLV,2013-03-13T00:00:00.000Z,36.0723568796,0.0399999999993081,123.7025830658,112.097210489823,True,discovery
XLV,2013-03-14T00:00:00.000Z,36.104435454,0.0416473854705135,124.3611664137,112.202382358801,True,discovery
XLV,2013-03-15T00:00:00.000Z,36.0275671701,0.0373175856648733,124.1974886149,112.30841208268548,True,discovery
XLV,2013-03-18T00:00:00.000Z,35.7939880403,0.0281707269905724,123.5120632141,112.40477749296,True,discovery
XLV,2013-03-19T00:00:00.000Z,35.8181513985,0.0225050703572446,123.2251409533,112.5072708806905,True,discovery
XLV,2013-03-20T00:00:00.000Z,36.1161661504,0.0377837873840438,124.0859077357,112.6151985924055,True,discovery
XLV,2013-03-21T00:00:00.000Z,35.9148048316,0.0366560724957869,123.0258893833,112.7307293921505,True,discovery
XLV,2013-03-22T00:00:00.000Z,36.1886562252,0.0399865890161827,124.0141771705,112.851435525329,True,discovery
XLV,2013-03-25T00:00:00.000Z,36.0839483394,0.0485773440720778,123.4961230885,112.96577009371752,True,discovery
XLV,2013-03-26T00:00:00.000Z,36.5027798826,0.0580360503848926,124.4844108757,113.073741200318,True,discovery
XLV,2013-03-27T00:00:00.000Z,36.688032296,0.0519132950023852,124.4844108757,113.181400447588,True,discovery
XLV,2013-03-28T00:00:00.000Z,37.0577316774,0.0634914035296954,124.8669738901,113.2868793562195,True,discovery
XLV,2013-04-01T00:00:00.000Z,37.1068638392,0.0568745146878779,124.3728299965,113.396475573736,True,discovery
XLV,2013-04-02T00:00:00.000Z,37.6465121738,0.0663987819099696,124.9865248321,113.503253920571,True,discovery
XLV,2013-04-03T00:00:00.000Z,37.4209874966,0.0509382667374096,123.7192848469,113.6070095728645,True,discovery
XLV,2013-04-04T00:00:00.000Z,37.5901310045,0.0535529455040411,124.2213988033,113.70781825665952,True,discovery
XLV,2013-04-05T00:00:00.000Z,37.3807152329,0.048390508745028,123.6634944073,113.8005425927995,True,discovery
XLV,2013-04-08T00:00:00.000Z,37.4129330439,0.047409421605985,124.5003510013,113.896432468691,True,discovery
XLV,2013-04-09T00:00:00.000Z,37.5337498352,0.0453934936637514,124.9307343925,113.989380545446,True,discovery
XLV,2013-04-10T00:00:00.000Z,38.1660243764,0.058276050566155,126.4609864502,114.090841895982,True,discovery
XLV,2013-04-11T00:00:00.000Z,38.5325019767,0.0682002871426259,126.8754297158,114.2062869220165,True,discovery
XLV,2013-04-12T00:00:00.000Z,38.6049920515,0.0692589862175221,126.5645972666,114.3161811777935,True,discovery
XLV,2013-04-15T00:00:00.000Z,37.9042546619,0.0520903196971207,123.6316141561,114.41979555835547,True,discovery
XLV,2013-04-16T00:00:00.000Z,38.4519574492,0.0742574257416477,125.4567585373,114.52994962034548,True,discovery
XLV,2013-04-17T00:00:00.000Z,38.2747594886,0.0685855633019318,123.6236440933,114.626275400769,True,discovery
XLV,2013-04-18T00:00:00.000Z,37.8076012288,0.0468331846563196,122.8505480017,114.720224633131,True,discovery
XLV,2013-04-19T00:00:00.000Z,38.3391951106,0.0675039246452169,123.9185364169,114.8065444227485,True,discovery
XLV,2013-04-22T00:00:00.000Z,38.5727742405,0.0658802581799049,124.4684707501,114.8940074043415,True,discovery
XLV,2013-04-23T00:00:00.000Z,38.8144078231,0.0756696428566441,125.7516508609,114.984359867655,True,discovery
XLV,2013-04-24T00:00:00.000Z,38.1458882445,0.0450132391884823,125.8313514889,115.0775401448605,True,discovery
XLV,2013-04-25T00:00:00.000Z,38.2989228469,0.0439077936342644,126.3414355082,115.178364558255,True,discovery
XLV,2013-04-26T00:00:00.000Z,38.2868411677,0.0331674237646224,126.1182737498,115.2787392641925,True,discovery
XLV,2013-04-29T00:00:00.000Z,38.4116851854,0.0351638810505343,126.9631004066,115.38796163032902,True,discovery
XLV,2013-04-30T00:00:00.000Z,38.1217248863,0.0126230209668858,127.265962793,115.49861994353452,True,discovery
XLV,2013-05-01T00:00:00.000Z,37.7190022485,0.0079638398619779,126.150154001,115.60624607082651,True,discovery
XLV,2013-05-02T00:00:00.000Z,38.1378337918,0.0145703878295724,127.3217532326,115.7109533296245,True,discovery
XLV,2013-05-03T00:00:00.000Z,38.3955762799,0.0271493212657092,128.6129034062,115.823370177098,True,discovery
XLV,2013-05-06T00:00:00.000Z,38.1458882445,0.0195909580181794,128.939675981,115.93377692131747,True,discovery
XLV,2013-05-07T00:00:00.000Z,38.2667050358,0.0195278969945236,129.5932211306,116.04349396570552,True,discovery
XLV,2013-05-08T00:00:00.000Z,38.3794673744,0.005592487074236,130.1830057778,116.154749365796,True,discovery
XLV,2013-05-09T00:00:00.000Z,38.4277940909,-0.0027173913041855,129.816382889,116.269108637809,True,discovery
XLV,2013-05-10T00:00:00.000Z,38.8063533704,0.0052159399134541,130.2387962174,116.39098715200848,True,discovery
XLV,2013-05-13T00:00:00.000Z,39.1285314806,0.0322991925212714,130.3424070338,116.517928882342,True,discovery
XLV,2013-05-14T00:00:00.000Z,39.5231996655,0.0278592375359629,131.6893476471,116.65148776844752,True,discovery
XLV,2013-05-15T00:00:00.000Z,39.7326154371,0.0380892255883207,132.3986832363,116.77993401514152,True,discovery
XLV,2013-05-16T00:00:00.000Z,39.3218383467,0.0400511291032799,131.7770183379,116.8954371470415,True,discovery
XLV,2013-05-17T00:00:00.000Z,39.5473630238,0.0315126050433429,133.0522283859,117.0173163291815,True,discovery
XLV,2013-05-20T00:00:00.000Z,39.2735116301,0.018166631863991,133.0442583231,117.14295635686148,True,discovery
XLV,2013-05-21T00:00:00.000Z,39.7003976261,0.0228263125135896,133.2355398303,117.27002298125498,True,discovery
XLV,2013-05-22T00:00:00.000Z,39.7003976261,0.0407516891895716,132.2472520431,117.39587049770348,True,discovery
XLV,2013-05-23T00:00:00.000Z,39.6842887206,0.03617245005135,131.8646890287,117.50918676014852,True,discovery
XLV,2013-05-24T00:00:00.000Z,39.5634719293,0.0333438518996185,131.7531081495,117.62088719254751,True,discovery
XLV,2013-05-28T00:00:00.000Z,39.966194567,0.0404697001471536,132.5421443667,117.73379003582852,True,discovery
XLV,2013-05-29T00:00:00.000Z,39.3379472522,0.0319036551868376,131.6813775843,117.84172294386252,True,discovery
XLV,2013-05-30T00:00:00.000Z,39.6198530986,0.0503950459128486,132.1675514151,117.9516165318725,True,discovery
XLV,2013-05-31T00:00:00.000Z,38.7499722011,0.0160506863772533,130.2706764686,118.051124549226,True,discovery
XLV,2013-06-03T00:00:00.000Z,38.9593879727,0.014684287811957,130.9879821206,118.15449337186,True,discovery
XLV,2013-06-04T00:00:00.000Z,38.7177543901,0.0149915540551726,130.3583471594,118.254635654825,True,discovery
XLV,2013-06-05T00:00:00.000Z,38.1539426973,-0.0029467480514588,128.5332027782,118.34502529698052,True,discovery
XLV,2013-06-06T00:00:00.000Z,38.7096999373,0.0086044071346407,129.696831947,118.4371581121055,True,discovery
XLV,2013-06-07T00:00:00.000Z,39.0640958585,0.0165583735068124,131.3466349467,118.536795476031,True,discovery
XLV,2013-06-10T00:00:00.000Z,39.1204770278,0.0080946450804524,131.3466349467,118.636393657525,True,discovery
XLV,2013-06-11T00:00:00.000Z,38.9593879727,-0.0043227665721077,129.9917242706,118.7309021301925,True,discovery
XLV,2013-06-12T00:00:00.000Z,38.5647197878,-0.0242510698984895,128.9157657926,118.819795715881,True,discovery
XLV,2013-06-13T00:00:00.000Z,39.1607492916,-0.0143928643812868,130.8764012414,118.9230376408655,True,discovery
XLV,2013-06-14T00:00:00.000Z,39.0963136695,-0.00573535436496,130.055484773,119.018844476832,True,discovery
XLV,2013-06-17T00:00:00.000Z,39.1849126498,-0.0091649694514872,131.0597126859,119.11955490506853,True,discovery
XLV,2013-06-18T00:00:00.000Z,39.5151452128,0.0061525840871026,132.0958208499,119.2259944281655,True,discovery
XLV,2013-06-19T00:00:00.000Z,38.8868978979,-0.0204909717998689,130.2706764686,119.32287722261,True,discovery
XLV,2013-06-20T00:00:00.000Z,37.8881457564,-0.0456482045033367,127.0428010346,119.40761724789547,True,discovery
XLV,2013-06-21T00:00:00.000Z,38.2563953363,-0.0359813273800415,127.4485728719,119.491760909458,True,discovery
XLV,2013-06-24T00:00:00.000Z,37.9368166928,-0.0411150780550007,125.8381395314,119.5683617759275,True,discovery
XLV,2013-06-25T00:00:00.000Z,38.1309910585,-0.0459188954160605,127.0479675633,119.65148197173448,True,discovery
XLV,2013-06-26T00:00:00.000Z,38.6811517612,-0.0166962319306905,128.3058682322,119.729685495482,True,discovery
XLV,2013-06-27T00:00:00.000Z,38.8186919369,-0.0202212047507138,129.0590062123,119.809460492967,True,discovery
XLV,2013-06-28T00:00:00.000Z,38.5193397898,-0.0059518084323542,128.530207205,119.889804454797,True,discovery
XLV,2013-07-01T00:00:00.000Z,38.6245175712,-0.0085953712038456,129.2833451852,119.97234680926849,True,discovery
XLV,2013-07-02T00:00:00.000Z,38.5436115855,-0.0044977506403244,129.1631635926,120.052407499066,True,discovery
XLV,2013-07-03T00:00:00.000Z,38.4869773955,0.008728709922384,129.2192483358,120.12412847765349,True,discovery
XLV,2013-07-05T00:00:00.000Z,39.0128663026,0.0078317932143894,130.6133548096,120.200273130564,True,discovery
XLV,2013-07-08T00:00:00.000Z,39.231312464,0.0042805702224799,131.3584806836,120.2821025344185,True,discovery
XLV,2013-07-09T00:00:00.000Z,39.3405355446,0.005625149116756,132.3039092118,120.3691292700915,True,discovery
XLV,2013-07-10T00:00:00.000Z,39.6034799982,0.0165323958875158,132.3519818489,120.4560829094985,True,discovery
XLV,2013-07-11T00:00:00.000Z,40.113187708,0.0401524483704367,134.1547057375,120.552010985917,True,discovery
XLV,2013-07-12T00:00:00.000Z,40.3559056651,0.030519241718298,134.2107904807,120.648456735674,True,discovery
XLV,2013-07-15T00:00:00.000Z,40.396358658,0.0332523674607765,134.7235652757,120.74833297903,True,discovery
XLV,2013-07-16T00:00:00.000Z,40.1617312995,0.0249284375961211,134.2188025869,120.85179113811247,True,discovery
XLV,2013-07-17T00:00:00.000Z,40.2669090809,0.0190247021503158,134.5633231522,120.960162635911,True,discovery
XLV,2013-07-18T00:00:00.000Z,40.3801774608,0.0384005833229665,135.30043692,121.0669018094,True,discovery
XLV,2013-07-19T00:00:00.000Z,40.9141569664,0.0798669649725165,135.5408001052,121.1774820494885,True,discovery
XLV,2013-07-22T00:00:00.000Z,41.1164219307,0.0747594374550555,135.8051996088,121.287887398653,True,discovery
XLV,2013-07-23T00:00:00.000Z,40.9707911564,0.0799744081894939,135.5167637867,121.39625969169047,True,discovery
XLV,2013-07-24T00:00:00.000Z,40.9060663679,0.0727774241467398,135.020013204,121.49982411555,True,discovery
XLV,2013-07-25T00:00:00.000Z,41.1083313321,0.0627483790008196,135.3485095571,121.60093427386052,True,discovery
XLV,2013-07-26T00:00:00.000Z,41.3753210849,0.0658607753232853,135.4927274682,121.70272612992548,True,discovery
XLV,2013-07-29T00:00:00.000Z,41.2539621063,0.070993488762342,135.0760979472,121.8044044284405,True,discovery
XLV,2013-07-30T00:00:00.000Z,41.2620527049,0.0682865521579136,135.0760979472,121.9117551463135,True,discovery
XLV,2013-07-31T00:00:00.000Z,41.2782339021,0.0709487825377721,135.1722432213,122.0232106362585,True,discovery
XLV,2013-08-01T00:00:00.000Z,41.5371330563,0.0792516291798126,136.7346039248,122.142162795312,True,discovery
XLV,2013-08-02T00:00:00.000Z,41.5533142534,0.0651182082109842,136.9669550037,122.264128124412,True,discovery
XLV,2013-08-05T00:00:00.000Z,41.4966800634,0.0577438647121169,136.7666523494,122.38040431590952,True,discovery
XLV,2013-08-06T00:00:00.000Z,41.3025056978,0.0498714652975613,135.9894780508,122.4870434329535,True,discovery
XLV,2013-08-07T00:00:00.000Z,41.334868092,0.0437180796707434,135.5488122114,122.58887936192748,True,discovery
XLV,2013-08-08T00:00:00.000Z,41.334868092,0.0304558289631107,136.045562794,122.69469593225652,True,discovery
XLV,2013-08-09T00:00:00.000Z,41.1892373178,0.0206495589422657,135.6529695916,122.808121744241,True,discovery
XLV,2013-08-12T00:00:00.000Z,41.0193347478,0.0154215902248564,135.4927274682,122.920667562006,True,discovery
XLV,2013-08-13T00:00:00.000Z,41.1730561207,0.0251813053988683,135.8933327767,123.0430553747325,True,discovery
XLV,2013-08-14T00:00:00.000Z,40.8494321779,0.0144665461118371,135.1962795398,123.1635335933185,True,discovery
XLV,2013-08-15T00:00:00.000Z,40.1617312995,-0.0054097375255981,133.3054224833,123.272942462777,True,discovery
XLV,2013-08-16T00:00:00.000Z,39.9756475324,-0.0229385010858401,132.8647566439,123.380463137447,True,discovery
XLV,2013-08-19T00:00:00.000Z,40.0484629195,-0.0259740259743419,132.0154733897,123.483737395846,True,discovery
XLV,2013-08-20T00:00:00.000Z,40.1617312995,-0.0197472353856075,132.6644539896,123.584426570682,True,discovery
XLV,2013-08-21T00:00:00.000Z,39.9190133424,-0.0241297468356568,131.8472191601,123.68603233011,True,discovery
XLV,2013-08-22T00:00:00.000Z,40.1779124966,-0.0226333398936451,133.0490350858,123.7925048069345,True,discovery
XLV,2013-08-23T00:00:00.000Z,40.283090278,-0.0263981228002749,133.4977130314,123.896848183565,True,discovery
XLV,2013-08-26T00:00:00.000Z,40.339724468,-0.0221612080784935,133.0009624488,124.011470750839,True,discovery
XLV,2013-08-27T00:00:00.000Z,39.6843859838,-0.0382352941183813,130.861730101,124.122014978959,True,discovery
XLV,2013-08-28T00:00:00.000Z,39.8542885538,-0.0344962759714281,131.3264322589,124.234410016255,True,discovery
XLV,2013-08-29T00:00:00.000Z,39.9756475324,-0.0375925204511237,131.5347470194,124.34741331754152,True,discovery
XLV,2013-08-30T00:00:00.000Z,39.8219261595,-0.0416666666668672,131.1181174984,124.460224277676,True,discovery
XLV,2013-09-03T00:00:00.000Z,40.0808253138,-0.0341197114428627,131.7110133551,124.58332659209852,True,discovery
XLV,2013-09-04T00:00:00.000Z,40.5419894322,-0.0184133202756391,132.8006597945,124.712783150143,True,discovery
XLV,2013-09-05T00:00:00.000Z,40.5986236222,-0.0178117048338298,132.9689140241,124.840441728662,True,discovery
XLV,2013-09-06T00:00:00.000Z,40.6148048194,-0.0174202387920372,133.0330108735,124.95754865432453,True,discovery
XLV,2013-09-09T00:00:00.000Z,40.865613375,-0.0078570025539206,134.3069357548,125.080788853587,True,discovery
XLV,2013-09-10T00:00:00.000Z,41.1245125292,0.0025641025639899,135.30043692,125.2079723718465,True,discovery
XLV,2013-09-11T00:00:00.000Z,41.3995928806,0.0055020632725417,135.7250785471,125.3297946560325,True,discovery
XLV,2013-09-12T00:00:00.000Z,41.3308227928,0.0117845117847301,135.3645337694,125.45099597036298,True,discovery
XLV,2013-09-13T00:00:00.000Z,41.4319552749,0.0316277195803014,135.6689938039,125.5765557945455,True,discovery
XLV,2013-09-16T00:00:00.000Z,41.8041228091,0.0457397287990903,136.4541802087,125.7015902772275,True,discovery
XLV,2013-09-17T00:00:00.000Z,41.8283946048,0.0444444444441671,137.0631002778,125.8270695013825,True,discovery
XLV,2013-09-18T00:00:00.000Z,42.087293759,0.0479452054778319,138.6494972998,125.960362535244,True,discovery
XLV,2013-09-19T00:00:00.000Z,41.9497535833,0.0508715038490956,138.4171462208,126.0952512397875,True,discovery
XLV,2013-09-20T00:00:00.000Z,41.871218143,0.0421451872728153,137.4540509984,126.226112304241,True,discovery
XLV,2013-09-23T00:00:00.000Z,41.5787532899,0.0321639428097104,136.8179878524,126.352808257937,True,discovery
XLV,2013-09-24T00:00:00.000Z,41.3675286737,0.0254787115989183,136.4959305633,126.476003118735,True,discovery
XLV,2013-09-25T00:00:00.000Z,41.0466297376,0.0343269454731163,136.1014103841,126.5955315311895,True,discovery
XLV,2013-09-26T00:00:00.000Z,41.1888001523,0.0334847678110856,136.6247534789,126.71744030831152,True,discovery
XLV,2013-09-27T00:00:00.000Z,41.1888001523,0.030347291283193,135.9967417651,126.832388022158,True,discovery
XLV,2013-09-30T00:00:00.000Z,41.0994358916,0.0320805610201564,135.2721128646,126.943436848894,True,discovery
XLV,2013-10-01T00:00:00.000Z,41.6193734084,0.0383861380736159,136.342953351,127.063306356559,True,discovery
XLV,2013-10-02T00:00:00.000Z,41.521885124,0.0241698965818815,136.2141304353,127.18461951510348,True,discovery
XLV,2013-10-03T00:00:00.000Z,41.1522420457,0.0136363840471989,134.9581070077,127.29307412572648,True,discovery
XLV,2013-10-04T00:00:00.000Z,41.6112493847,0.0245340232393298,135.9806389007,127.40033870763853,True,discovery
XLV,2013-10-07T00:00:00.000Z,41.1481800338,0.0069145336497717,134.8051297954,127.505980058543,True,discovery
XLV,2013-10-08T00:00:00.000Z,40.5551263038,-0.0138454218757172,133.2351005109,127.6005017435335,True,discovery
XLV,2013-10-09T00:00:00.000Z,40.4820100905,-0.0221640534665735,133.3317176976,127.700659631702,True,discovery
XLV,2013-10-10T00:00:00.000Z,41.4243968396,0.0022640257434289,136.2060790031,127.816934969007,True,discovery
XLV,2013-10-11T00:00:00.000Z,41.6193734084,0.0045235165045069,137.0836851159,127.93997875861552,True,discovery
XLV,2013-10-14T00:00:00.000Z,41.9199622852,0.0027710060232333,137.6311825074,128.066513835399,True,discovery
XLV,2013-10-15T00:00:00.000Z,41.6518695032,-0.0042202217720244,136.6328049112,128.1941270996375,True,discovery
XLV,2013-10-16T00:00:00.000Z,42.5048919915,0.0099221925479755,138.5409943492,128.321838971499,True,discovery
XLV,2013-10-17T00:00:00.000Z,42.8623490343,0.0217544889551699,139.4669090555,128.4396995179765,True,discovery
XLV,2013-10-18T00:00:00.000Z,42.6917445366,0.0195964299581088,140.4089266261,128.5635793842635,True,discovery
XLV,2013-10-21T00:00:00.000Z,42.4723958967,0.0214927706121741,140.4169780584,128.68496039119,True,discovery
XLV,2013-10-22T00:00:00.000Z,42.870473058,0.0363315003938227,141.2301727134,128.811994319218,True,discovery
XLV,2013-10-23T00:00:00.000Z,42.7900452233,0.0424740227600946,140.5538524063,128.937312940928,True,discovery
XLV,2013-10-24T00:00:00.000Z,42.789232821,0.0388560157805575,141.0208354755,129.0634985512445,True,discovery
XLV,2013-10-25T00:00:00.000Z,42.8461009869,0.0402366863922221,141.6649500537,129.1883025857555,True,discovery
XLV,2013-10-28T00:00:00.000Z,42.9923334134,0.0460565329118511,141.8903901561,129.3142734944745,True,discovery
XLV,2013-10-29T00:00:00.000Z,43.2766742429,0.039820417723192,142.6472247856,129.4444253132975,True,discovery
XLV,2013-10-30T00:00:00.000Z,43.0410775556,0.0365877519063289,141.9386987495,129.5706377649835,True,discovery
XLV,2013-10-31T00:00:00.000Z,42.870473058,0.0417530352390493,141.5361271381,129.6949167060035,True,discovery
XLV,2013-11-01T00:00:00.000Z,43.1507518756,0.0369972666926472,141.8742872917,129.817117446704,True,discovery
XLV,2013-11-04T00:00:00.000Z,43.1873099822,0.0495557749267405,142.3734760898,129.940504899438,True,discovery
XLV,2013-11-05T00:00:00.000Z,43.0410775556,0.0612980769231894,141.922595885,130.0584640554955,True,discovery
XLV,2013-11-06T00:00:00.000Z,42.9435892712,0.0608067429259808,142.6472247856,130.17909418736,True,discovery
XLV,2013-11-07T00:00:00.000Z,42.5617601574,0.0274563639925524,140.8437039665,130.2905480203465,True,discovery
XLV,2013-11-08T00:00:00.000Z,43.1873099822,0.0376732383357685,142.7438419723,130.4081699529265,True,discovery
XLV,2013-11-11T00:00:00.000Z,43.2929222903,0.0327519379850378,142.767996269,130.526626783512,True,discovery
XLV,2013-11-12T00:00:00.000Z,43.2685502192,0.038814121317551,142.4781447088,130.64129360825248,True,discovery
XLV,2013-11-13T00:00:00.000Z,43.5122709302,0.0237003058118923,143.6214480852,130.764017697919,True,discovery
XLV,2013-11-14T00:00:00.000Z,43.8737899847,0.0235974222875792,144.3380255535,130.89179260166648,True,discovery
XLV,2013-11-15T00:00:00.000Z,44.1296967313,0.0336822074222624,144.9660372673,131.01659781485148,True,discovery
XLV,2013-11-18T00:00:00.000Z,43.9347201625,0.034429992349775,144.4587970369,131.1456113551465,True,discovery
XLV,2013-11-19T00:00:00.000Z,43.9834643047,0.0259617206741389,144.14479118,131.2670641381125,True,discovery
XLV,2013-11-20T00:00:00.000Z,44.1134486839,0.0309278350535462,143.6939109752,131.385826109402,True,discovery
XLV,2013-11-21T00:00:00.000Z,44.2929896076,0.0351433453572458,144.8533172161,131.5111785858095,True,discovery
XLV,2013-11-22T00:00:00.000Z,44.8852309352,0.0475919605595724,145.5779461166,131.636821616284,True,discovery
XLV,2013-11-25T00:00:00.000Z,45.0639594566,0.0481859410439515,145.4330203365,131.761859038945,True,discovery
XLV,2013-11-26T00:00:00.000Z,44.9339750774,0.0382954758768667,145.4732774976,131.88610590502,True,discovery
XLV,2013-11-27T00:00:00.000Z,44.91772703,0.0436013590035186,145.8275405157,132.011608328142,True,discovery
XLV,2013-11-29T00:00:00.000Z,44.8933549589,0.0471859010784232,145.7309233289,132.1360722335905,True,discovery
XLV,2013-12-02T00:00:00.000Z,44.9096030063,0.0407606137610445,145.3525060142,132.2593581789875,True,discovery
XLV,2013-12-03T00:00:00.000Z,44.5196498688,0.0308502633562761,144.7244943004,132.3749812645105,True,discovery
XLV,2013-12-04T00:00:00.000Z,44.3652934185,0.0307663269161744,144.708391436,132.4981015115825,True,discovery
XLV,2013-12-05T00:00:00.000Z,44.2840531815,0.0312145289448122,144.0723282899,132.6216914229245,True,discovery
XLV,2013-12-06T00:00:00.000Z,44.8608588641,0.0540179423547704,145.6826147356,132.747500733233,True,discovery
XLV,2013-12-09T00:00:00.000Z,44.9502231248,0.0408201655376683,146.0529806181,132.8866275709995,True,discovery
XLV,2013-12-10T00:00:00.000Z,44.7714946034,0.0341527491072435,145.5296375232,133.0190909763345,True,discovery
XLV,2013-12-11T00:00:00.000Z,43.9997123521,0.0168982350736481,143.8951967809,133.135883849478,True,discovery
XLV,2013-12-12T00:00:00.000Z,43.6828754278,0.0039208364434406,143.4201622795,133.2514917609845,True,discovery
XLV,2013-12-13T00:00:00.000Z,43.7153715226,-0.0036107767793764,143.404059415,133.36503547338552,True,discovery
XLV,2013-12-16T00:00:00.000Z,43.7966117596,-0.0075478645078418,144.2977683923,133.47983416132448,True,discovery
XLV,2013-12-17T00:00:00.000Z,43.5853871434,-0.0079511834332376,143.8388367553,133.58690289477352,True,discovery
XLV,2013-12-18T00:00:00.000Z,44.6658822954,0.0155153306245383,146.2945235849,133.70541691476149,True,discovery
XLV,2013-12-19T00:00:00.000Z,44.568394011,0.0103130755058387,146.1254435081,133.821974670887,True,discovery
XLV,2013-12-20T00:00:00.000Z,44.7918046627,0.0112617156692085,146.9710451779,133.940141971448,True,discovery
XLV,2013-12-23T00:00:00.000Z,44.9631082318,0.0017350316569035,147.7562506957,134.05989455155398,True,discovery
XLV,2013-12-24T00:00:00.000Z,44.8815351037,-0.0040481208287009,148.0800467856,134.18265469145751,True,discovery
XLV,2013-12-26T00:00:00.000Z,45.215984929,0.0062760940049089,148.8328726944,134.3083061396005,True,discovery
XLV,2013-12-27T00:00:00.000Z,45.175198365,0.005732065089314,148.8247777922,134.430624196493,True,discovery
XLV,2013-12-30T00:00:00.000Z,45.2486141803,0.0079134032581269,148.8004930855,134.553639218846,True,discovery
XLV,2013-12-31T00:00:00.000Z,45.2241422418,0.0070038302377306,149.5047495809,134.68360265068,True,discovery
XLV,2014-01-02T00:00:00.000Z,44.9712655446,0.0101441875021686,148.0719518833,134.80783670533,True,discovery
XLV,2014-01-03T00:00:00.000Z,45.0773106112,0.0160489684128424,148.0476671766,134.92764550253452,True,discovery
XLV,2014-01-06T00:00:00.000Z,44.8896924165,0.0136762376406187,147.6186373575,135.0506092424055,True,discovery
XLV,2014-01-07T00:00:00.000Z,45.3628165597,0.011189212786153,148.5252664091,135.1731646885985,True,discovery
XLV,2014-01-08T00:00:00.000Z,45.7625248876,0.0180711397259303,148.5576460181,135.29847230324648,True,discovery
XLV,2014-01-09T00:00:00.000Z,46.1051320258,0.0297876457825181,148.654784845,135.419324173093,True,discovery
XLV,2014-01-10T00:00:00.000Z,46.2845929077,0.0519294430226191,149.0595299573,135.542199768501,True,discovery
XLV,2014-01-13T00:00:00.000Z,45.9093565182,0.050969197164687,147.0762789071,135.653246293586,True,discovery
XLV,2014-01-14T00:00:00.000Z,46.488525728,0.0634365924115807,148.6790695518,135.7747774913625,True,discovery
XLV,2014-01-15T00:00:00.000Z,46.447739164,0.0605327055652629,149.4804648741,135.8972471915725,True,discovery
XLV,2014-01-16T00:00:00.000Z,46.5619415434,0.0682924850525443,149.2861872202,136.025081703439,True,discovery
XLV,2014-01-17T00:00:00.000Z,46.5129976665,0.0413540554037197,148.654784845,136.1472486336475,True,discovery
XLV,2014-01-21T00:00:00.000Z,46.7821889894,0.0496718588929545,149.0919095663,136.2743907094425,True,discovery
XLV,2014-01-22T00:00:00.000Z,46.8229755534,0.04534693134147,149.1890483933,136.3978341964025,True,discovery
XLV,2014-01-23T00:00:00.000Z,46.4966830409,0.0341074020326599,147.9667181541,136.5130141152105,True,discovery
XLV,2014-01-24T00:00:00.000Z,45.4036031238,0.0116321337693496,144.8097062782,136.6047577143505,True,discovery
XLV,2014-01-27T00:00:00.000Z,45.0365240471,-0.0039689698716459,144.0973548806,136.6908673401745,True,discovery
XLV,2014-01-28T00:00:00.000Z,45.6401651954,0.0102925243768323,144.9554145186,136.7828214264345,True,discovery
XLV,2014-01-29T00:00:00.000Z,45.2241422418,-0.0005408328839086,143.5630913323,136.88247881231553,True,discovery
XLV,2014-01-30T00:00:00.000Z,46.0480308361,0.0182178932193983,145.0849329546,136.980619684402,True,discovery
XLV,2014-01-31T00:00:00.000Z,45.6483225082,0.0150553237806603,144.2349682187,137.08367630502897,True,discovery
XLV,2014-02-03T00:00:00.000Z,44.7510180986,-0.0072385088678943,140.9889124181,137.17436812711102,True,discovery
XLV,2014-02-04T00:00:00.000Z,45.1915129906,0.0067236053056372,141.9764904921,137.26465789748698,True,discovery
XLV,2014-02-05T00:00:00.000Z,44.9386362934,-0.0093508361797102,141.7984026427,137.35130755695,True,discovery
XLV,2014-02-06T00:00:00.000Z,45.1915129906,-0.0124777183602192,143.6683250615,137.440890927953,True,discovery
XLV,2014-02-07T00:00:00.000Z,45.9664577079,-0.0030077848561935,145.4492035556,137.5389801882865,True,discovery
XLV,2014-02-10T00:00:00.000Z,46.3498514102,0.0014099400772551,145.7163353297,137.63585468739402,True,discovery
XLV,2014-02-11T00:00:00.000Z,46.9779644969,0.0232764747699385,147.3110310722,137.74181847400598,True,discovery
XLV,2014-02-12T00:00:00.000Z,46.9779644969,0.0105281628366462,147.3838851924,137.843922397935,True,discovery
XLV,2014-02-13T00:00:00.000Z,47.3124143223,0.0186160871091478,148.1448060035,137.9483166139875,True,discovery
XLV,2014-02-14T00:00:00.000Z,47.4837178914,0.0197967764540234,148.9623911304,138.0623777996345,True,discovery
XLV,2014-02-18T00:00:00.000Z,47.9242127833,0.0303402314965479,149.1404789798,138.17147142837052,True,discovery
XLV,2014-02-19T00:00:00.000Z,47.630549522,0.0181342632939263,148.1529009058,138.2691714158685,True,discovery
XLV,2014-02-20T00:00:00.000Z,48.0628871012,0.0264808362378832,149.0271503483,138.369608787705,True,discovery
XLV,2014-02-21T00:00:00.000Z,47.9731566602,0.0317543859634297,148.8571574012,138.465928469058,True,discovery
XLV,2014-02-24T00:00:00.000Z,48.3320784241,0.064498742364456,149.6828374303,138.5634276273205,True,discovery
XLV,2014-02-25T00:00:00.000Z,48.2097187318,0.0704582503165967,149.6261731146,138.6624765784485,True,discovery
XLV,2014-02-26T00:00:00.000Z,48.2097187318,0.0563002680949757,149.6342680168,138.7594539374455,True,discovery
XLV,2014-02-27T00:00:00.000Z,48.4870673675,0.0721500721507135,150.4194735347,138.85983926995002,True,discovery
XLV,2014-02-28T00:00:00.000Z,48.4870673675,0.0529672276341486,150.7999339402,138.9553922014155,True,discovery
XLV,2014-03-03T00:00:00.000Z,48.1281456037,0.054324517512216,149.739501746,139.042096293964,True,discovery
XLV,2014-03-04T00:00:00.000Z,49.0417646389,0.0958804228955458,151.8441763299,139.142432083924,True,discovery
XLV,2014-03-05T00:00:00.000Z,48.9194049467,0.0824909747296005,151.9817896681,139.237079890335,True,discovery
XLV,2014-03-06T00:00:00.000Z,48.6175843725,0.0818660373910882,152.3298704647,139.333507951043,True,discovery
XLV,2014-03-07T00:00:00.000Z,48.4952246803,0.0731046931397756,152.3946296827,139.429303400305,True,discovery
XLV,2014-03-10T00:00:00.000Z,48.6991575007,0.0594498669043697,152.3136806602,139.5296355433905,True,discovery
XLV,2014-03-11T00:00:00.000Z,48.6012697469,0.0485744456174144,151.5608547513,139.6281163720035,True,discovery
XLV,2014-03-12T00:00:00.000Z,48.5931124341,0.034380968918025,151.6013292626,139.727357477569,True,discovery
XLV,2014-03-13T00:00:00.000Z,47.9323700962,0.0203160270888915,149.9013997909,139.81415375468998,True,discovery
XLV,2014-03-14T00:00:00.000Z,47.6713360861,0.007586206896037,149.4804648741,139.903149191139,True,discovery
XLV,2014-03-17T00:00:00.000Z,48.1363029165,0.01374334306746,150.8323135492,139.9964730018095,True,discovery
XLV,2014-03-18T00:00:00.000Z,48.6502136238,0.0151489361710075,151.9089355479,140.104664297206,True,discovery
XLV,2014-03-19T00:00:00.000Z,48.5033819932,0.0183250556619516,151.0994453233,140.20522161321952,True,discovery
XLV,2014-03-20T00:00:00.000Z,48.5033819932,0.0091649694508053,151.9817896681,140.313338825763,True,discovery
XLV,2014-03-21T00:00:00.000Z,47.6261853597,-0.0072326135000378,151.3945935541,140.4276457796425,True,discovery
XLV,2014-03-24T00:00:00.000Z,47.0940949423,-0.025614116383265,150.768525686,140.5330042483375,True,discovery
XLV,2014-03-25T00:00:00.000Z,47.5115812698,-0.0144812598033163,151.484031821,140.633691232709,True,discovery
XLV,2014-03-26T00:00:00.000Z,47.5279532826,-0.0141416599626476,150.3945111155,140.728930613553,True,discovery
XLV,2014-03-27T00:00:00.000Z,47.4215351991,-0.021975595272116,150.0774118057,140.8293590512285,True,discovery
XLV,2014-03-28T00:00:00.000Z,47.2414430579,-0.0256898257046357,150.8173101952,140.9388667732415,True,discovery
XLV,2014-03-31T00:00:00.000Z,47.8799515587,-0.0051569417829577,152.0531844283,141.044750689176,True,discovery
XLV,2014-04-01T00:00:00.000Z,48.1787407931,-0.0175977323033651,153.0613976185,141.1597802534035,True,discovery
XLV,2014-04-02T00:00:00.000Z,48.3956699633,-0.0107060783746374,153.5736349651,141.27234986479948,True,discovery
XLV,2014-04-03T00:00:00.000Z,48.2892518798,-0.0067533691140302,153.3703661768,141.37872259143398,True,discovery
XLV,2014-04-04T00:00:00.000Z,47.4870232505,-0.0207897053049339,151.5572085848,141.485155252015,True,discovery
XLV,2014-04-07T00:00:00.000Z,47.0122348781,-0.0346396674845093,149.8822737689,141.5993526156865,True,discovery
XLV,2014-04-08T00:00:00.000Z,46.6274925763,-0.040611637944416,150.5002108854,141.714610805754,True,discovery
XLV,2014-04-09T00:00:00.000Z,47.6261853597,-0.0198984388108768,152.1182304406,141.8460112603,True,discovery
XLV,2014-04-10T00:00:00.000Z,46.0381001139,-0.0395196394106573,148.9228450879,141.955385647923,True,discovery
XLV,2014-04-11T00:00:00.000Z,45.6042417736,-0.0433613672745941,147.5812710849,142.0517626621865,True,discovery
XLV,2014-04-14T00:00:00.000Z,45.8580079727,-0.0473300774210279,148.7439685542,142.150187473896,True,discovery
XLV,2014-04-15T00:00:00.000Z,46.3491683579,-0.0472977422811216,149.7684432474,142.256378654108,True,discovery
XLV,2014-04-16T00:00:00.000Z,46.5783765377,-0.0396880666129606,151.3376782934,142.366650319649,True,discovery
XLV,2014-04-17T00:00:00.000Z,46.5701905313,-0.0398568384813048,151.5490778332,142.478579890852,True,discovery
XLV,2014-04-21T00:00:00.000Z,47.126838968,-0.0104847026468455,152.0775766829,142.5928715325875,True,discovery
XLV,2014-04-22T00:00:00.000Z,47.6425573725,0.0116460976874483,152.7686905633,142.703648211356,True,discovery
XLV,2014-04-23T00:00:00.000Z,47.4051631863,-0.0022398345972888,152.4109374958,142.808910495417,True,discovery
XLV,2014-04-24T00:00:00.000Z,47.3314891285,-0.0041336548395388,152.7199060541,142.91099047962848,True,discovery
XLV,2014-04-25T00:00:00.000Z,46.9794908524,-0.0093215950273239,151.4677703179,143.0065694219735,True,discovery
XLV,2014-04-28T00:00:00.000Z,47.2578150707,0.0003465603872416,151.9474846584,143.095533316578,True,discovery
XLV,2014-04-29T00:00:00.000Z,47.536139289,-0.0071807146521126,152.6548600418,143.1877536643835,True,discovery
XLV,2014-04-30T00:00:00.000Z,47.5770693211,-0.0124883187500444,153.1101821277,143.2796867486435,True,discovery
XLV,2014-05-01T00:00:00.000Z,47.6834874046,-0.0147158322064777,153.1264436307,143.3742249538625,True,discovery
XLV,2014-05-02T00:00:00.000Z,47.2741870836,-0.021020511950085,152.9069133393,143.465942904798,True,discovery
XLV,2014-05-05T00:00:00.000Z,47.5852553276,0.0020686088614527,153.1996203945,143.55543882217052,True,discovery
XLV,2014-05-06T00:00:00.000Z,47.1677690001,0.0033083754134064,151.8661771431,143.63706570736,True,discovery
XLV,2014-05-07T00:00:00.000Z,47.2987451028,0.0143960674145533,152.7605598117,143.7218425083745,True,discovery
XLV,2014-05-08T00:00:00.000Z,47.0449789038,-0.0122035063591677,152.5979447811,143.8072484133465,True,discovery
XLV,2014-05-09T00:00:00.000Z,47.3314891285,0.0280938833574824,152.825605824,143.8962763764465,True,discovery
XLV,2014-05-12T00:00:00.000Z,47.8144635074,0.0484652665594691,154.3135333546,143.991101495434,True,discovery
XLV,2014-05-13T00:00:00.000Z,47.8881375652,0.0442699036056812,154.4517561307,144.0858966387465,True,discovery
XLV,2014-05-14T00:00:00.000Z,47.9208815908,0.0339102790531971,153.7199884927,144.179116091474,True,discovery
XLV,2014-05-15T00:00:00.000Z,47.437907212,0.0184534270661902,152.3702837381,144.2655870204285,True,discovery
XLV,2014-05-16T00:00:00.000Z,47.6016273404,0.0221480049218774,152.8987825878,144.354219717261,True,discovery
XLV,2014-05-19T00:00:00.000Z,47.8963235716,0.0163279485840859,153.4598044436,144.437845719855,True,discovery
XLV,2014-05-20T00:00:00.000Z,47.593441334,-0.0010309278344565,152.4922450111,144.515472169892,True,discovery
XLV,2014-05-21T00:00:00.000Z,47.9945556486,0.0124330858219749,153.7769037534,144.600523426912,True,discovery
XLV,2014-05-22T00:00:00.000Z,48.2810658734,0.0200622621933994,154.150918324,144.691330628278,True,discovery
XLV,2014-05-23T00:00:00.000Z,48.3056238927,0.0282279142714942,154.7688554405,144.7874308444235,True,discovery
XLV,2014-05-27T00:00:00.000Z,48.5675760981,0.0277152260518294,155.7201533699,144.885803797303,True,discovery
XLV,2014-05-28T00:00:00.000Z,48.428413989,0.0187704494589966,155.6063228485,144.9855705635875,True,discovery
XLV,2014-05-29T00:00:00.000Z,48.8131562908,0.0259807295266043,156.4112672503,145.090163262498,True,discovery
XLV,2014-05-30T00:00:00.000Z,48.9441323935,0.0264377682404661,156.6633205478,145.1940132013535,True,discovery
XLV,2014-06-02T00:00:00.000Z,49.0096204449,0.0367099567091666,156.8421970816,145.30224278906252,True,discovery
XLV,2014-06-03T00:00:00.000Z,49.0996665155,0.0318252193347299,156.7608895662,145.419520124477,True,discovery
XLV,2014-06-04T00:00:00.000Z,49.2388286247,0.0439083651506944,157.077988876,145.5405862856375,True,discovery
XLV,2014-06-05T00:00:00.000Z,49.2961306696,0.0422291450324705,158.1024635693,145.6710212365355,True,discovery
XLV,2014-06-06T00:00:00.000Z,49.2470146311,0.0468070297534373,158.8586234619,145.80199208389698,True,discovery
XLV,2014-06-09T00:00:00.000Z,48.993248432,0.0351089588368642,159.0212384925,145.937862180559,True,discovery
XLV,2014-06-10T00:00:00.000Z,49.1569685605,0.028077384009385,159.0374999956,146.067804505108,True,discovery
XLV,2014-06-11T00:00:00.000Z,49.0996665155,0.0252991452977366,158.4846088913,146.1927389844075,True,discovery
XLV,2014-06-12T00:00:00.000Z,48.8540863229,0.0194738640258897,157.3625651797,146.314546998062,True,discovery
XLV,2014-06-13T00:00:00.000Z,48.8131562908,0.0289905090596431,157.8422795202,146.449449745158,True,discovery
XLV,2014-06-16T00:00:00.000Z,48.9113883678,0.027515047291007,157.9723715447,146.58267944158698,True,discovery
XLV,2014-06-17T00:00:00.000Z,48.8868303486,0.0206802256026874,158.4114321275,146.7170628671275,True,discovery
XLV,2014-06-18T00:00:00.000Z,49.2797586568,0.0354317165461057,159.5741295968,146.85934292761948,True,discovery
XLV,2014-06-19T00:00:00.000Z,49.2552006375,0.026266416510448,159.7530061306,146.99955289149702,True,discovery
XLV,2014-06-20T00:00:00.000Z,49.8578298723,0.0326580196683001,160.0755449131,147.13592731709002,True,discovery
XLV,2014-06-23T00:00:00.000Z,49.6688499634,0.0282208563070853,160.0265271899,147.27121538291902,True,discovery
XLV,2014-06-24T00:00:00.000Z,49.7017160345,0.0233517920290935,159.0625119659,147.401362888381,True,discovery
XLV,2014-06-25T00:00:00.000Z,50.2440062078,0.0374902266923791,159.7814385736,147.528735402475,True,discovery
XLV,2014-06-26T00:00:00.000Z,50.30973835,0.0306593994923058,159.667063886,147.650568537305,True,discovery
XLV,2014-06-27T00:00:00.000Z,50.1782740656,0.0252153141091107,159.9775094666,147.7718306919025,True,discovery
XLV,2014-06-30T00:00:00.000Z,49.9810776389,0.0198217653020222,159.8958132612,147.8944870893615,True,discovery
XLV,2014-07-01T00:00:00.000Z,50.6137495078,0.0308369302635087,160.9660335523,148.0209722881035,True,discovery
XLV,2014-07-02T00:00:00.000Z,50.9999258433,0.0357664320575767,161.1294259632,148.144348516876,True,discovery
XLV,2014-07-03T00:00:00.000Z,51.2053387877,0.0387293706862348,161.9218791558,148.268642411266,True,discovery
XLV,2014-07-07T00:00:00.000Z,50.8191624522,0.0319237182776794,161.3581753383,148.3821858014585,True,discovery
XLV,2014-07-08T00:00:00.000Z,50.3426044211,0.0275416722157713,160.3206335294,148.4917032380015,True,discovery
XLV,2014-07-09T00:00:00.000Z,50.5562338833,0.0284652484434198,161.0395601372,148.6096307836955,True,discovery
XLV,2014-07-10T00:00:00.000Z,50.5233678122,0.0289961500298696,160.4023297349,148.72755249310802,True,discovery
XLV,2014-07-11T00:00:00.000Z,50.6301825433,0.0363551210160995,160.6229094895,148.848187387739,True,discovery
XLV,2014-07-14T00:00:00.000Z,50.7945128989,0.0405906267625113,161.4317019232,148.9748388454345,True,discovery
XLV,2014-07-15T00:00:00.000Z,50.3590374567,0.0295973828837996,161.1294259632,149.09736220785598,True,discovery
XLV,2014-07-16T00:00:00.000Z,50.1947071011,0.0267531509646636,161.7258082628,149.2260075403445,True,discovery
XLV,2014-07-17T00:00:00.000Z,50.4575535048,0.0239001748405982,159.8876436407,149.34908519422498,True,discovery
XLV,2014-07-18T00:00:00.000Z,50.4575535048,0.0244106785017255,161.5215677492,149.474978266216,True,discovery
XLV,2014-07-21T00:00:00.000Z,50.2522227256,0.0079103493736119,161.2192917891,149.600004072985,True,discovery
XLV,2014-07-22T00:00:00.000Z,50.6876981678,0.0205128205132747,161.9218791558,149.7348229337255,True,discovery
XLV,2014-07-23T00:00:00.000Z,51.0985240566,0.0281038188124211,162.2813424597,149.86632645152048,True,discovery
XLV,2014-07-24T00:00:00.000Z,50.9917093255,0.0148814390836518,162.2895120802,150.00374836294452,True,discovery
XLV,2014-07-25T00:00:00.000Z,50.8027294166,0.0097991180786969,161.5297373697,150.14522154723852,True,discovery
XLV,2014-07-28T00:00:00.000Z,50.8520285233,0.0134272146710181,161.5950943341,150.286538430421,True,discovery
XLV,2014-07-29T00:00:00.000Z,50.8931111122,0.0182475752101467,160.900676588,150.4100114183455,True,discovery
XLV,2014-07-30T00:00:00.000Z,51.0985240566,0.0095779220767924,160.9251854496,150.529218920014,True,discovery
XLV,2014-07-31T00:00:00.000Z,50.0468097811,-0.0186885774133965,157.7472030585,150.6297990227695,True,discovery
XLV,2014-08-01T00:00:00.000Z,50.08789237,-0.0218228498073802,157.2651954465,150.732960975446,True,discovery
XLV,2014-08-04T00:00:00.000Z,50.3015218322,-0.0101859337112626,158.4007727019,150.8322598672095,True,discovery
XLV,2014-08-05T00:00:00.000Z,49.8167472834,-0.0104455687930121,156.8648840399,150.9192497421315,True,discovery
XLV,2014-08-06T00:00:00.000Z,49.79209773,-0.0151145782548571,156.9139017631,151.0017746178165,True,discovery
XLV,2014-08-07T00:00:00.000Z,49.1512093434,-0.0271588876240483,156.0642612267,151.08001103365802,True,discovery
XLV,2014-08-08T00:00:00.000Z,52.6843119876,0.0405712431027334,157.8697473666,151.163208906924,True,discovery
XLV,2014-08-11T00:00:00.000Z,49.7099325523,-0.0213523131673438,158.327246117,151.2520758754775,True,discovery
XLV,2014-08-12T00:00:00.000Z,49.6688499634,-0.0137053352914745,158.1066663624,151.337505029912,True,discovery
XLV,2014-08-13T00:00:00.000Z,50.2686557611,0.0014732362089702,159.1768866535,151.425064712911,True,discovery
XLV,2014-08-14T00:00:00.000Z,50.8602450411,0.0079807978851311,159.9284917434,151.5152552208475,True,discovery
XLV,2014-08-15T00:00:00.000Z,50.9095441477,0.0089578390449904,159.8958132612,151.60149816322553,True,discovery
XLV,2014-08-18T00:00:00.000Z,51.3039370011,0.0209287115764578,161.2356310302,151.697982824629,True,discovery
XLV,2014-08-19T00:00:00.000Z,51.6408142299,0.018803695897666,162.0771019461,151.80068769866898,True,discovery
XLV,2014-08-20T00:00:00.000Z,51.6325977121,0.010451841131623,162.5100918349,151.903866721385,True,discovery
XLV,2014-08-21T00:00:00.000Z,51.7065463721,0.0140186915884092,162.9839298263,152.0069189900675,True,discovery
XLV,2014-08-22T00:00:00.000Z,51.7558454788,0.0187611191986185,162.7306715895,152.11095936859,True,discovery
XLV,2014-08-25T00:00:00.000Z,52.1502383321,0.0255291646468964,163.5558032643,152.2155022609835,True,discovery
XLV,2014-08-26T00:00:00.000Z,52.339218241,0.0284145947692582,163.6620083314,152.329593782808,True,discovery
XLV,2014-08-27T00:00:00.000Z,52.2981356521,0.0234764431585388,163.596651367,152.4338578297815,True,discovery
XLV,2014-08-28T00:00:00.000Z,52.2817026165,0.0446560499095787,163.5067855411,152.537551776142,True,discovery
XLV,2014-08-29T00:00:00.000Z,52.4706825254,0.0475721784777505,163.972453912,152.645023322158,True,discovery
XLV,2014-09-02T00:00:00.000Z,52.4460329721,0.0426331264301274,163.8907577066,152.746369870265,True,discovery
XLV,2014-09-03T00:00:00.000Z,52.6843119876,0.0575622629050196,163.8008918806,152.84368420190052,True,discovery
XLV,2014-09-04T00:00:00.000Z,52.4213834188,0.0528052805298024,163.5639728849,152.9366738799885,True,discovery
XLV,2014-09-05T00:00:00.000Z,52.7253945765,0.0727181544634758,164.2992387337,153.0358760884725,True,discovery
XLV,2014-09-08T00:00:00.000Z,52.7336110943,0.0009357454779252,163.8744184655,153.1345242249,True,discovery
XLV,2014-09-09T00:00:00.000Z,52.5939302921,0.0580165289253959,162.8368766566,153.230239053307,True,discovery
XLV,2014-09-10T00:00:00.000Z,52.9636735921,0.0663358147234713,163.4495981973,153.323220458213,True,discovery
XLV,2014-09-11T00:00:00.000Z,52.8157762721,0.0506701536461429,163.6374994698,153.413518224979,True,discovery
XLV,2014-09-12T00:00:00.000Z,52.4295999365,0.0308562197081789,162.6816538663,153.49976139262802,True,discovery
XLV,2014-09-15T00:00:00.000Z,52.2899191343,0.0271142672697133,162.5591095581,153.5851905529305,True,discovery
XLV,2014-09-16T00:00:00.000Z,53.0047561809,0.0331518257509853,163.7845526395,153.6749756135495,True,discovery
XLV,2014-09-17T00:00:00.000Z,53.0458387698,0.0272076372313758,164.0051323942,153.766346658876,True,discovery
XLV,2014-09-18T00:00:00.000Z,53.4402316231,0.0350095480587524,164.8792817922,153.863980537766,True,discovery
XLV,2014-09-19T00:00:00.000Z,53.498421002,0.0346546956937519,164.7315668832,153.96401590068,True,discovery
XLV,2014-09-22T00:00:00.000Z,53.209819779,0.028092948472759,163.459349999,154.05777069349497,True,discovery
XLV,2014-09-23T00:00:00.000Z,52.8964813083,0.0143094835242709,162.5236550002,154.1500273270465,True,discovery
XLV,2014-09-24T00:00:00.000Z,53.820005222,0.0282921111695173,163.7958718845,154.240593612791,True,discovery
XLV,2014-09-25T00:00:00.000Z,52.9377100544,0.0122293920103502,161.1529439056,154.3160934292285,True,discovery
XLV,2014-09-26T00:00:00.000Z,53.102625039,0.015701906812823,162.4333686407,154.400612084816,True,discovery
XLV,2014-09-29T00:00:00.000Z,52.9871845498,0.0098436307579945,162.1378860095,154.491825530959,True,discovery
XLV,2014-09-30T00:00:00.000Z,52.6985833268,0.0048154329391194,161.7110777645,154.58328010838397,True,discovery
XLV,2014-10-01T00:00:00.000Z,52.1461181284,-0.010215448183639,159.5195815832,154.663857719225,True,discovery
XLV,2014-10-02T00:00:00.000Z,52.0389233884,-0.0072958782362625,159.5442051358,154.74008990294251,True,discovery
XLV,2014-10-03T00:00:00.000Z,53.1108707882,0.007311016158271,161.3006852212,154.82739914527198,True,discovery
XLV,2014-10-06T00:00:00.000Z,52.8634983113,0.0024630821653333,161.1119046512,154.9014860506035,True,discovery
XLV,2014-10-07T00:00:00.000Z,52.0224318899,-0.0108662425307629,158.6249258388,154.963983462257,True,discovery
XLV,2014-10-08T00:00:00.000Z,53.3499975159,0.0072941300630933,161.3991794316,155.0361241335255,True,discovery
XLV,2014-10-09T00:00:00.000Z,52.2450671191,-0.0108056568185191,158.1981175938,155.088333468016,True,discovery
XLV,2014-10-10T00:00:00.000Z,51.9234828992,-0.0096532691058672,156.3923904032,155.129895186104,True,discovery
XLV,2014-10-13T00:00:00.000Z,50.6948662639,-0.0305040225115534,153.8233330821,155.1548474880425,True,discovery
XLV,2014-10-14T00:00:00.000Z,50.3155617994,-0.0507349637138607,154.0613607572,155.18103040286752,True,discovery
XLV,2014-10-15T00:00:00.000Z,49.9032743379,-0.0592424307877872,153.0189636972,155.202122755926,True,discovery
XLV,2014-10-16T00:00:00.000Z,49.6476561118,-0.0709685455341593,152.8876380834,155.2190371984385,True,discovery
XLV,2014-10-17T00:00:00.000Z,50.4392480378,-0.0571824907521221,154.6933652739,155.2521442653915,True,discovery
XLV,2014-10-20T00:00:00.000Z,51.0494334808,-0.0406012707273372,156.1954019824,155.2928829394205,True,discovery
XLV,2014-10-21T00:00:00.000Z,52.4017363545,-0.0093530787221259,159.289761759,155.351238561428,True,discovery
XLV,2014-10-22T00:00:00.000Z,52.1378723791,-0.0312547878054161,158.1570783394,155.3993976210795,True,discovery
XLV,2014-10-23T00:00:00.000Z,53.0284132959,0.0017133956381338,159.9956369335,155.4565875756565,True,discovery
XLV,2014-10-24T00:00:00.000Z,53.7705307266,0.0125776397515089,161.2268145634,155.5194477242485,True,discovery
XLV,2014-10-27T00:00:00.000Z,53.8282509712,0.0158730158725366,161.00520259,155.579176087412,True,discovery
XLV,2014-10-28T00:00:00.000Z,54.2240469342,0.0289469566561235,162.8519690349,155.658054538051,True,discovery
XLV,2014-10-29T00:00:00.000Z,54.2487841819,0.040322580643924,162.6057335089,155.7276878578365,True,discovery
XLV,2014-10-30T00:00:00.000Z,55.2465198387,0.0616384091261774,163.6481305689,155.7985261863105,True,discovery
XLV,2014-10-31T00:00:00.000Z,55.4691550679,0.0444030430061024,165.5195205664,155.87969285304152,True,discovery
XLV,2014-11-03T00:00:00.000Z,55.5351210618,0.0505381375777946,165.6098069259,155.964467963446,True,discovery
XLV,2014-11-04T00:00:00.000Z,55.543366811,0.0676810905063356,165.0352573653,156.044184702441,True,discovery
XLV,2014-11-05T00:00:00.000Z,55.4856465664,0.0400309119014206,166.0776544253,156.128627732601,True,discovery
XLV,2014-11-06T00:00:00.000Z,55.8237222848,0.068497474748036,166.7424903454,156.2225065935575,True,discovery
XLV,2014-11-07T00:00:00.000Z,55.2712570864,0.0644751468945004,166.8984395119,156.332950259726,True,discovery
XLV,2014-11-10T00:00:00.000Z,55.831968034,0.1013337670792544,167.4237419673,156.4495821951595,True,discovery
XLV,2014-11-11T00:00:00.000Z,56.0381117648,0.1137332022290613,167.5878989846,156.5627446174895,True,discovery
XLV,2014-11-12T00:00:00.000Z,55.9556542725,0.1212822207540678,167.4073262656,156.68196579215598,True,discovery
XLV,2014-11-13T00:00:00.000Z,55.9144255263,0.1262248795872267,167.5961068355,156.7945216615605,True,discovery
XLV,2014-11-14T00:00:00.000Z,55.4526635695,0.0993951283322633,167.6371460898,156.911532550916,True,discovery
XLV,2014-11-17T00:00:00.000Z,55.724773294,0.0915845582293959,167.7438481511,157.045307229581,True,discovery
XLV,2014-11-18T00:00:00.000Z,56.6235599601,0.0805664830844379,168.7123745533,157.17898664988698,True,discovery
XLV,2014-11-19T00:00:00.000Z,56.3102214893,0.0800253044440018,168.4415154747,157.312202214047,True,discovery
XLV,2014-11-20T00:00:00.000Z,56.0710947617,0.0573783237454561,168.7369981059,157.437545579269,True,discovery
XLV,2014-11-21T00:00:00.000Z,56.334958737,0.0476920717676938,169.6398617012,157.558498869997,True,discovery
XLV,2014-11-24T00:00:00.000Z,56.6235599601,0.0519301470596842,170.1159170514,157.68049677860552,True,discovery
XLV,2014-11-25T00:00:00.000Z,56.6977717031,0.0456204379562785,169.9927992884,157.7939056196865,True,discovery
XLV,2014-11-26T00:00:00.000Z,57.0440931708,0.0515275877801635,170.4278153843,157.909125270646,True,discovery
XLV,2014-11-28T00:00:00.000Z,57.3986603877,0.0389552238816757,170.0666699462,158.0187345903595,True,discovery
XLV,2014-12-01T00:00:00.000Z,57.2584826508,0.032258064517292,168.8847394215,158.118346331815,True,discovery
XLV,2014-12-02T00:00:00.000Z,57.8934053414,0.0424647364498527,169.9763835867,158.2225258548495,True,discovery
XLV,2014-12-03T00:00:00.000Z,57.984108583,0.0439429928744727,170.633011656,158.3349264086005,True,discovery
XLV,2014-12-04T00:00:00.000Z,57.9098968399,0.0436914846184388,170.444231086,158.442011812289,True,discovery
XLV,2014-12-05T00:00:00.000Z,58.3716587968,0.0456425406210105,170.7232980155,158.5513425153605,True,discovery
XLV,2014-12-08T00:00:00.000Z,58.5778025275,0.0598239594212812,169.5824067451,158.65084036193448,True,discovery
XLV,2014-12-09T00:00:00.000Z,58.3304300506,0.0447496677007428,169.467496833,158.75004698052652,True,discovery
XLV,2014-12-10T00:00:00.000Z,57.4316433846,0.024867569158091,166.7506981963,158.835629131424,True,discovery
XLV,2014-12-11T00:00:00.000Z,57.5965583692,0.0293250810491627,167.5961068355,158.921512297928,True,discovery
XLV,2014-12-12T00:00:00.000Z,56.7142632016,0.0143046748271389,164.8875160497,158.9919502084755,True,discovery
XLV,2014-12-15T00:00:00.000Z,56.1947810001,0.0133828996269924,163.7548326301,159.062026862896,True,discovery
XLV,2014-12-16T00:00:00.000Z,55.543366811,-0.0032554010052748,162.4415764916,159.1150138637045,True,discovery
XLV,2014-12-17T00:00:00.000Z,56.5823312139,-0.0007281199950878,165.6262226276,159.18323602850202,True,discovery
XLV,2014-12-18T00:00:00.000Z,58.1325320691,0.0323619856502654,169.721939389,159.2701963731235,True,discovery
XLV,2014-12-19T00:00:00.000Z,58.2724871708,0.039260735294287,170.4400614978,159.360423532199,True,discovery
XLV,2014-12-22T00:00:00.000Z,57.7179840263,0.0245500364304278,171.224092383,159.45497559081298,True,discovery
XLV,2014-12-23T00:00:00.000Z,56.3937974125,-0.0040577199272159,171.4551751703,159.554447192908,True,discovery
XLV,2014-12-24T00:00:00.000Z,56.8076057293,0.0019371841767459,171.4716810837,159.6537989520135,True,discovery
XLV,2014-12-26T00:00:00.000Z,57.2131378798,0.0029634042650805,172.0246291817,159.7644150989675,True,discovery
XLV,2014-12-29T00:00:00.000Z,57.4117658718,0.0002283238669942,172.2557119689,159.87829133444149,True,discovery
XLV,2014-12-30T00:00:00.000Z,57.1634808818,-0.0016591737084509,171.33138082,159.9807866707955,True,discovery
XLV,2014-12-31T00:00:00.000Z,56.5924254046,-0.022471988461001,169.6312717425,160.06939835176848,True,discovery
XLV,2015-01-02T00:00:00.000Z,56.799329563,-0.0204328228708401,169.5404892189,160.16160357124647,True,discovery
XLV,2015-01-05T00:00:00.000Z,56.5096637412,-0.0241795129176475,166.4786422881,160.2340878343465,True,discovery
XLV,2015-01-06T00:00:00.000Z,56.3193119155,-0.035159989001589,164.9105805176,160.301667769164,True,discovery
XLV,2015-01-07T00:00:00.000Z,57.6434985292,-0.0159497959634347,166.9655667326,160.38265297439702,True,discovery
XLV,2015-01-08T00:00:00.000Z,58.6283623232,0.0051076645987617,169.9283781832,160.474874706208,True,discovery
XLV,2015-01-09T00:00:00.000Z,58.1069638441,0.0117586824910722,168.5666403299,160.56573535228,True,discovery
XLV,2015-01-12T00:00:00.000Z,58.1317923431,0.00929281174179,167.24616726,160.6515791295515,True,discovery
XLV,2015-01-13T00:00:00.000Z,57.8752311867,0.020470476376871,166.7757487288,160.7313713222195,True,discovery
XLV,2015-01-14T00:00:00.000Z,57.784193357,0.0282839852493983,165.768888013,160.799949840143,True,discovery
XLV,2015-01-15T00:00:00.000Z,57.1634808818,0.0291684527571551,164.2503439826,160.8558945719635,True,discovery
XLV,2015-01-16T00:00:00.000Z,58.2393825054,0.0292856666727958,166.4043656779,160.9200482255275,True,discovery
XLV,2015-01-20T00:00:00.000Z,58.2393825054,0.0018380488944296,166.7592428154,160.9869926087205,True,discovery
XLV,2015-01-21T00:00:00.000Z,58.3552488341,0.0014202528039934,167.6010443975,161.067211787784,True,discovery
XLV,2015-01-22T00:00:00.000Z,59.0504468063,0.0230857470592327,170.0934373169,161.168267605524,True,discovery
XLV,2015-01-23T00:00:00.000Z,58.7111239866,0.0410918696811566,169.1608532113,161.26157081715348,True,discovery
XLV,2015-01-26T00:00:00.000Z,59.017342141,0.0388986013990777,169.5569951323,161.34876464061202,True,discovery
XLV,2015-01-27T00:00:00.000Z,58.5952576579,0.0241573846378382,167.3204438701,161.440752634523,True,discovery
XLV,2015-01-28T00:00:00.000Z,57.7510886916,0.0059103358805876,165.1746751316,161.5287196547565,True,discovery
XLV,2015-01-29T00:00:00.000Z,58.2393825054,0.0188214854484578,166.7014721186,161.6185071725785,True,discovery
XLV,2015-01-30T00:00:00.000Z,57.3290042085,0.0130155016088095,164.6052211202,161.69269106194253,True,discovery
XLV,2015-02-02T00:00:00.000Z,57.6517746956,0.0150080139881667,166.6437014218,161.76922117758448,True,discovery
XLV,2015-02-03T00:00:00.000Z,58.0407545134,0.0270943175173012,169.0535647744,161.8567436122905,True,discovery
XLV,2015-02-04T00:00:00.000Z,57.3124518758,0.0176340925789377,168.4098341528,161.93840489964,True,discovery
XLV,2015-02-05T00:00:00.000Z,58.2807633371,0.0110552763825946,170.1099432303,162.02511116297498,True,discovery
XLV,2015-02-06T00:00:00.000Z,57.7510886916,-0.0149632975719816,169.6395246992,162.111254098992,True,discovery
XLV,2015-02-09T00:00:00.000Z,57.0724430521,-0.0178037316624493,168.880252684,162.1920558321415,True,discovery
XLV,2015-02-10T00:00:00.000Z,58.032478347,-0.0017084282472117,170.6793972417,162.2881139667605,True,discovery
XLV,2015-02-11T00:00:00.000Z,58.0904115114,0.0037180037174426,170.778432722,162.38226870707848,True,discovery
XLV,2015-02-12T00:00:00.000Z,58.2973156698,0.0088799770835226,172.4207711026,162.4810982623825,True,discovery
XLV,2015-02-13T00:00:00.000Z,58.5290483272,0.0238888084548885,173.1305253777,162.5811999786325,True,discovery
XLV,2015-02-17T00:00:00.000Z,58.9511328103,0.0122211169535324,173.4028729484,162.682582125221,True,discovery
XLV,2015-02-18T00:00:00.000Z,59.017342141,0.0133579650424326,173.4193788618,162.7851444528335,True,discovery
XLV,2015-02-19T00:00:00.000Z,59.116656137,0.0130477946390843,173.2955845115,162.8856242734185,True,discovery
XLV,2015-02-20T00:00:00.000Z,59.7373686122,0.0116327960760953,174.335457054,162.997970672973,True,discovery
XLV,2015-02-23T00:00:00.000Z,60.0104821013,0.0221313786293131,174.3106981839,163.10572136483398,True,discovery
XLV,2015-02-24T00:00:00.000Z,59.9359966043,0.0155658392935624,174.8058755852,163.2167610188545,True,discovery
XLV,2015-02-25T00:00:00.000Z,59.9111681053,0.0224576271186101,174.6573223648,163.3259196015585,True,discovery
XLV,2015-02-26T00:00:00.000Z,60.076691432,0.0402694181718215,174.4509984476,163.4266069270235,True,discovery
XLV,2015-02-27T00:00:00.000Z,59.7870256102,0.0265738240726796,173.8567855662,163.523632074201,True,discovery
XLV,2015-03-02T00:00:00.000Z,60.3249764221,0.0522592752998802,174.9544288055,163.629804275765,True,discovery
XLV,2015-03-03T00:00:00.000Z,59.7787494439,0.0368934826296394,174.2364215738,163.7391349649435,True,discovery
XLV,2015-03-04T00:00:00.000Z,60.0684152657,0.0349351204907555,173.5019084286,163.84215059414748,True,discovery
XLV,2015-03-05T00:00:00.000Z,60.2835955904,0.0518411552351427,173.6917322095,163.94331023297698,True,discovery
XLV,2015-03-06T00:00:00.000Z,59.1001038044,0.0140585061070817,171.2488512531,164.03709326418698,True,discovery
XLV,2015-03-09T00:00:00.000Z,59.4642551231,0.0296646603607524,171.9586055282,164.12800177306102,True,discovery
XLV,2015-03-10T00:00:00.000Z,58.8021618163,0.0303074245940546,169.169106168,164.203092712281,True,discovery
XLV,2015-03-11T00:00:00.000Z,58.7690571509,0.0126925270965627,168.772964247,164.2731132563135,True,discovery
XLV,2015-03-12T00:00:00.000Z,59.5470167865,0.0250747969794318,170.9187329856,164.349106154392,True,discovery
XLV,2015-03-13T00:00:00.000Z,59.4311504578,0.0194491766039814,169.8706074864,164.4204275775815,True,discovery
XLV,2015-03-16T00:00:00.000Z,60.7470609052,0.0378959276016321,172.1401705753,164.4990720942065,True,discovery
XLV,2015-03-17T00:00:00.000Z,60.5732614121,0.0275164958580165,171.6284872607,164.573897927771,True,discovery
XLV,2015-03-18T00:00:00.000Z,61.359497214,0.039685878557599,173.6917264324,164.658145574525,True,discovery
XLV,2015-03-19T00:00:00.000Z,61.7153723665,0.0439591208182952,172.8994425905,164.7388383396465,True,discovery
XLV,2015-03-20T00:00:00.000Z,62.1610025428,0.0405714879464078,174.4186551104,164.8255416708185,True,discovery
XLV,2015-03-23T00:00:00.000Z,61.9867193581,0.0329315344186709,174.0787870024,164.90542328798398,True,discovery
XLV,2015-03-24T00:00:00.000Z,61.4472714055,0.0252148105783156,173.1006300088,164.9766333207185,True,discovery
XLV,2015-03-25T00:00:00.000Z,60.3268795039,0.0069387964172114,170.5640533982,165.034347395247,True,discovery
XLV,2015-03-26T00:00:00.000Z,60.1857931163,0.0018160401596598,170.1578695618,165.08994924307797,True,discovery
XLV,2015-03-27T00:00:00.000Z,60.6173514784,0.0138880611591813,170.5474744661,165.150263570952,True,discovery
XLV,2015-03-30T00:00:00.000Z,61.2314922244,0.0150272052484035,172.6281304441,165.22659139727398,True,discovery
XLV,2015-03-31T00:00:00.000Z,60.1691947177,0.0065315062197215,171.1194476234,165.29297723779,True,discovery
XLV,2015-04-01T00:00:00.000Z,59.5633531709,-0.0084081141905602,170.5143166019,165.355686963076,True,discovery
XLV,2015-04-02T00:00:00.000Z,59.7459355549,-0.0089188448405292,171.1277370894,165.4192684878855,True,discovery
XLV,2015-04-06T00:00:00.000Z,59.8372267469,0.012472447509392,172.2799728701,165.482797704252,True,discovery
XLV,2015-04-07T00:00:00.000Z,59.9783131345,0.008644823858229,171.8240522374,165.54315293478598,True,discovery
XLV,2015-04-08T00:00:00.000Z,60.48456429,0.0286112350589402,172.4043148608,165.60479678452452,True,discovery
XLV,2015-04-09T00:00:00.000Z,60.9410202499,0.0369575964682078,173.1669457372,165.67049887726097,True,discovery
XLV,2015-04-10T00:00:00.000Z,61.463869804,0.0321905801657989,174.1119448666,165.74574604176448,True,discovery
XLV,2015-04-13T00:00:00.000Z,61.1319018332,0.0286171706638531,173.3244455921,165.81346107685698,True,discovery
XLV,2015-04-14T00:00:00.000Z,61.2314922244,0.0079745639045152,173.656024234,165.88340587859696,True,discovery
XLV,2015-04-15T00:00:00.000Z,61.3891770106,0.013469897104418,174.4352340425,165.9556945014765,True,discovery
XLV,2015-04-16T00:00:00.000Z,61.3559802135,-5.731794847896321e-05,174.3854972462,166.0281429214015,True,discovery
XLV,2015-04-17T00:00:00.000Z,60.8248314601,-0.0144298069063162,172.3794464626,166.085209985953,True,discovery
XLV,2015-04-20T00:00:00.000Z,61.1982954274,-0.0154873164205667,173.9544450117,166.1493350811955,True,discovery
XLV,2015-04-21T00:00:00.000Z,61.6049561917,-0.0061587896625813,173.7472083605,166.208461727219,True,discovery
XLV,2015-04-22T00:00:00.000Z,61.7045465829,0.0041869259857318,174.6010233634,166.2746759673445,True,discovery
XLV,2015-04-23T00:00:00.000Z,61.9369241625,0.0266886779465513,175.0403650639,166.348274625017,True,discovery
XLV,2015-04-24T00:00:00.000Z,61.73774338,0.0257859900707977,175.4465489003,166.4203095688325,True,discovery
XLV,2015-04-27T00:00:00.000Z,60.6173514784,0.0,174.7170758881,166.49188329959853,True,discovery
XLV,2015-04-28T00:00:00.000Z,60.9161226521,-0.0051504472754679,175.2724701133,166.5651311027175,True,discovery
XLV,2015-04-29T00:00:00.000Z,60.3600763009,0.0031724137923994,174.5512865671,166.630729025937,True,discovery
XLV,2015-04-30T00:00:00.000Z,59.5127280553,-0.0008499373004529,172.8022092311,166.6890929422765,True,discovery
XLV,2015-05-01T00:00:00.000Z,60.3185803046,0.0095846645362813,174.6756285578,166.7538420437515,True,discovery
XLV,2015-05-04T00:00:00.000Z,60.7003434711,0.014424410540462,175.1729965207,166.83026880815152,True,discovery
XLV,2015-05-05T00:00:00.000Z,59.9368171381,-0.0006918500076343,173.1669457372,166.8884956980915,True,discovery
XLV,2015-05-06T00:00:00.000Z,59.7044395585,-0.0128979143796028,172.4540516571,166.9446694974315,True,discovery
XLV,2015-05-07T00:00:00.000Z,59.9866123337,-0.0156611739069393,173.142077339,167.00077048834748,True,discovery
XLV,2015-05-08T00:00:00.000Z,60.9576186485,-0.0082365649464369,175.4216805021,167.06647217855948,True,discovery
XLV,2015-05-11T00:00:00.000Z,60.9908154456,-0.0023079011672981,174.5844444313,167.12794684031502,True,discovery
XLV,2015-05-12T00:00:00.000Z,60.6007530798,-0.0103008945509359,174.0622080703,167.19060919381798,True,discovery
XLV,2015-05-13T00:00:00.000Z,60.667146674,-0.0117615249423416,174.0953659345,167.25311055182,True,discovery
XLV,2015-05-14T00:00:00.000Z,61.5053658004,0.0024347355609051,175.910758999,167.328160963875,True,discovery
XLV,2015-05-15T00:00:00.000Z,61.6298537895,0.0132350934655376,176.1014167181,167.4040421202175,True,discovery
XLV,2015-05-18T00:00:00.000Z,61.9950185574,0.0130187144010434,176.6485214772,167.498548712311,True,discovery
XLV,2015-05-19T00:00:00.000Z,62.2854905319,0.0110467465975032,176.5904952149,167.595175211153,True,discovery
XLV,2015-05-20T00:00:00.000Z,62.3684825246,0.0107599193004035,176.4661532242,167.6855021137645,True,discovery
XLV,2015-05-21T00:00:00.000Z,62.3767817239,0.0071017017287777,176.9801001191,167.7860781941605,True,discovery
XLV,2015-05-22T00:00:00.000Z,62.227396137,0.0079311735446201,176.5573373507,167.8842953720985,True,discovery
XLV,2015-05-26T00:00:00.000Z,61.5966569924,0.0161555312153311,174.6590496258,167.977269314094,True,discovery
XLV,2015-05-27T00:00:00.000Z,62.3103881297,0.0228882833788164,176.3169428353,168.06950529143748,True,discovery
XLV,2015-05-28T00:00:00.000Z,62.3518841261,0.0329987625474605,176.1179956502,168.15845903910352,True,discovery
XLV,2015-05-29T00:00:00.000Z,62.1941993399,0.0450571058027846,175.0237861319,168.243044637951,True,discovery
XLV,2015-06-01T00:00:00.000Z,62.4431753181,0.0352228948819934,175.3802331719,168.32406137054303,True,discovery
XLV,2015-06-02T00:00:00.000Z,62.0365145538,0.0220125786163987,175.2061543849,168.40044968375048,True,discovery
XLV,2015-06-03T00:00:00.000Z,62.1527033436,0.0369703683195989,175.6703644836,168.47932243986253,True,discovery
XLV,2015-06-04T00:00:00.000Z,61.7211449815,0.0337781484578543,174.186550061,168.5440770350165,True,discovery
XLV,2015-06-05T00:00:00.000Z,61.6962473836,0.0285002767015656,173.8881292833,168.6031321717025,True,discovery
XLV,2015-06-08T00:00:00.000Z,61.3891770106,0.0070796460174813,172.7690513669,168.6544269693625,True,discovery
XLV,2015-06-09T00:00:00.000Z,61.3725786121,0.0062593550145351,172.793919765,168.70347691905602,True,discovery
XLV,2015-06-10T00:00:00.000Z,62.1278057458,0.0251985757336903,174.874575743,168.7641964398235,True,discovery
XLV,2015-06-11T00:00:00.000Z,62.5510649086,0.0310533515730249,175.4465489003,168.82365016800352,True,discovery
XLV,2015-06-12T00:00:00.000Z,61.7792393764,0.0044528403731276,174.0207607401,168.875443930047,True,discovery
XLV,2015-06-15T00:00:00.000Z,61.8539321698,0.0036358739559134,173.3327350581,168.9241243485025,True,discovery
XLV,2015-06-16T00:00:00.000Z,62.1610025428,0.0026773761708984,174.2860236536,168.978020539065,True,discovery
XLV,2015-06-17T00:00:00.000Z,62.2190969377,-0.0010659560297754,174.5678654992,169.030997597001,True,discovery
XLV,2015-06-18T00:00:00.000Z,63.0988120605,0.0117099135065847,176.3252323013,169.09316996997447,True,discovery
XLV,2015-06-19T00:00:00.000Z,63.050187052,0.0107957690263775,175.6041067815,169.152186044479,True,discovery
XLV,2015-06-22T00:00:00.000Z,63.5415304724,0.0211182600748196,176.5037435886,169.2168848979975,True,discovery
XLV,2015-06-23T00:00:00.000Z,63.6664482912,0.033602331682633,176.6370231156,169.278573819907,True,discovery
XLV,2015-06-24T00:00:00.000Z,63.0252034882,0.0114718489156591,175.3542076683,169.335972765921,True,discovery
XLV,2015-06-25T00:00:00.000Z,63.3749733807,0.0164083133804089,174.7877696786,169.39572723103095,True,discovery
XLV,2015-06-26T00:00:00.000Z,63.2833669803,0.0175123669403243,174.8460794717,169.452709637403,True,discovery
XLV,2015-06-29T00:00:00.000Z,61.7343860278,-0.0113509488697406,171.1559025681,169.4903016528945,True,discovery
XLV,2015-06-30T00:00:00.000Z,61.950910247,-0.0013799019402638,171.5057613265,169.5344221901955,True,discovery
XLV,2015-07-01T00:00:00.000Z,62.6171386136,0.0074724870362026,172.9051963599,169.5861526242045,True,discovery
XLV,2015-07-02T00:00:00.000Z,62.3256637032,0.009794353651106,172.696947099,169.630714596502,True,discovery
XLV,2015-07-06T00:00:00.000Z,62.3006801395,0.0097969128031709,172.1554990206,169.671466429634,True,discovery
XLV,2015-07-07T00:00:00.000Z,62.6004829045,0.0197315871116963,173.2717150591,169.7134285959685,True,discovery
XLV,2015-07-08T00:00:00.000Z,61.5261896632,0.0025029264628244,170.372885347,169.74163518828746,True,discovery
XLV,2015-07-09T00:00:00.000Z,61.8593038465,-0.0043217669781965,170.5977945488,169.77732741103648,True,discovery
XLV,2015-07-10T00:00:00.000Z,62.6920893049,0.0022545482879638,172.830226626,169.8288602691655,True,discovery
XLV,2015-07-13T00:00:00.000Z,63.2250719982,0.0234032117648945,174.7294598856,169.883528209171,True,discovery
XLV,2015-07-14T00:00:00.000Z,63.8579889466,0.0323998282162323,175.5291370475,169.9554091748805,True,discovery
XLV,2015-07-15T00:00:00.000Z,63.9412674924,0.0286395791054725,175.4541673136,170.020513168245,True,discovery
XLV,2015-07-16T00:00:00.000Z,64.2410702574,0.0324976320650329,176.8202824653,170.093925150524,True,discovery
XLV,2015-07-17T00:00:00.000Z,64.0994967295,0.0158590096441202,176.986881874,170.1703041710715,True,discovery
XLV,2015-07-20T00:00:00.000Z,64.3076930941,0.019944525161565,177.1118314305,170.258265420308,True,discovery
XLV,2015-07-21T00:00:00.000Z,64.0245460383,0.0076015727400491,176.395453973,170.34252166449403,True,discovery
XLV,2015-07-22T00:00:00.000Z,64.1661195662,0.0078482668408732,176.0039453624,170.41603796520002,True,discovery
XLV,2015-07-23T00:00:00.000Z,63.9329396378,0.0144027484142903,175.0459987622,170.485708435755,True,discovery
XLV,2015-07-24T00:00:00.000Z,62.3339915578,-0.0164257555840965,173.2134052661,170.55865083289152,True,discovery
XLV,2015-07-27T00:00:00.000Z,62.2756965757,-0.0159231477824762,172.2138088136,170.61272397980147,True,discovery
XLV,2015-07-28T00:00:00.000Z,63.3999569445,0.0269796303789262,174.3546112159,170.693506447912,True,discovery
XLV,2015-07-29T00:00:00.000Z,63.5082190541,0.0251377873366343,175.5707868997,170.7893984303945,True,discovery
XLV,2015-07-30T00:00:00.000Z,63.4166126537,0.0127676552745954,175.6124367519,170.8983439487435,True,discovery
XLV,2015-07-31T00:00:00.000Z,63.7830382553,0.0233832175304242,175.3042278457,171.00455828418598,True,discovery
XLV,2015-08-03T00:00:00.000Z,63.7330711278,0.0229915786648344,174.7044699743,171.11298581557148,True,discovery
XLV,2015-08-04T00:00:00.000Z,63.6997597095,0.0175601968866119,174.3629411864,171.2203623310865,True,discovery
XLV,2015-08-05T00:00:00.000Z,64.2327424028,0.0439902544658772,175.0126788804,171.32195889911898,True,discovery
XLV,2015-08-06T00:00:00.000Z,62.8336628328,0.0157512116320903,173.554934054,171.408756559477,True,discovery
XLV,2015-08-07T00:00:00.000Z,62.7254007232,0.0005313496275103,173.1967453252,171.478291477308,True,discovery
XLV,2015-08-10T00:00:00.000Z,63.2333998528,0.0001317175977313,175.4541673136,171.56477692217902,True,discovery
XLV,2015-08-11T00:00:00.000Z,62.7004171595,-0.018127282211596,173.8131631375,171.63386455319903,True,discovery
XLV,2015-08-12T00:00:00.000Z,62.7420564324,-0.0187548840839375,174.0297423689,171.6978791922265,True,discovery
XLV,2015-08-13T00:00:00.000Z,62.6004829045,-0.0255379828873728,173.8464830193,171.762085594373,True,discovery
XLV,2015-08-14T00:00:00.000Z,62.7753678507,-0.020657398986888,174.3962610681,171.819807054539,True,discovery
XLV,2015-08-17T00:00:00.000Z,63.4082847991,-0.013986013985666,175.3958575205,171.883757674597,True,discovery
XLV,2015-08-18T00:00:00.000Z,63.3166783987,-0.0110561914671999,174.871069383,171.9398723686675,True,discovery
XLV,2015-08-19T00:00:00.000Z,63.0585149066,-0.0172615184943087,173.4966242609,171.97975788714,True,discovery
XLV,2015-08-20T00:00:00.000Z,61.5928124999,-0.0366028396497571,169.9397268843,172.001407486932,True,discovery
XLV,2015-08-21T00:00:00.000Z,59.710717364,-0.042084168336429,164.6252057456,171.9993572288335,True,discovery
XLV,2015-08-24T00:00:00.000Z,57.170721716,-0.0819737897832195,157.8529397803,171.9582336556085,True,discovery
XLV,2015-08-25T00:00:00.000Z,56.5960997497,-0.1073164324189692,155.9620364911,171.90433138633705,True,discovery
XLV,2015-08-26T00:00:00.000Z,59.011177579,-0.0708103855230007,162.1678644666,171.8806785111105,True,discovery
XLV,2015-08-27T00:00:00.000Z,60.1354379477,-0.0517399868693327,165.8996912224,171.873058257386,True,discovery
XLV,2015-08-28T00:00:00.000Z,59.7939959098,-0.062540801671023,165.9663309859,171.8649504173925,True,discovery
XLV,2015-08-31T00:00:00.000Z,58.7030469594,-0.0789232980521777,164.5502360116,171.8506649661225,True,discovery
XLV,2015-09-01T00:00:00.000Z,57.1623938614,-0.102627794483266,159.7438430695,171.8114036472925,True,discovery
XLV,2015-09-02T00:00:00.000Z,58.3366213577,-0.0917930766232235,162.7759523085,171.78709767838598,True,discovery
XLV,2015-09-03T00:00:00.000Z,57.9202286285,-0.0781974817762036,162.975871599,171.7632577956255,True,discovery
XLV,2015-09-04T00:00:00.000Z,57.1957052798,-0.0881571959627952,160.4269006453,171.72183042608546,True,discovery
XLV,2015-09-08T00:00:00.000Z,58.7946533598,-0.0701962333724405,164.4835962481,171.7020408299525,True,discovery
XLV,2015-09-09T00:00:00.000Z,57.8869172102,-0.0767698233499023,162.2345042301,171.6695283605735,True,discovery
XLV,2015-09-10T00:00:00.000Z,58.4448834673,-0.0684895142021665,163.1424710078,171.6370414071065,True,discovery
XLV,2015-09-11T00:00:00.000Z,58.8196369235,-0.0603964347490395,163.8838383767,171.60588101373298,True,discovery
XLV,2015-09-14T00:00:00.000Z,58.6364241227,-0.0659326081185814,163.2507606235,171.5721708204085,True,discovery
XLV,2015-09-15T00:00:00.000Z,59.4775374356,-0.0619910690843319,165.3082633214,171.546573060094,True,discovery
XLV,2015-09-16T00:00:00.000Z,59.6440945273,-0.0580034197036369,166.7160283252,171.529819851989,True,discovery
XLV,2015-09-17T00:00:00.000Z,60.1854050752,-0.045562599050351,166.349509626,171.5171437030115,True,discovery
XLV,2015-09-18T00:00:00.000Z,59.2699423422,-0.0377133315304244,163.5951465912,171.485237518034,True,discovery
XLV,2015-09-21T00:00:00.000Z,58.4842457436,-0.0205402258513049,164.4995423648,171.454570171578,True,discovery
XLV,2015-09-22T00:00:00.000Z,58.1248313422,0.01668878050796,162.37253749,171.41421170359797,True,discovery
XLV,2015-09-23T00:00:00.000Z,58.066322021,0.025977448583951,162.1213164418,171.3712017957295,True,discovery
XLV,2015-09-24T00:00:00.000Z,57.4728703349,-0.0260680655294603,161.5602561008,171.33109104250798,True,discovery
XLV,2015-09-25T00:00:00.000Z,55.9014771378,-0.0704070836497821,161.5100118911,171.29130361779852,True,discovery
XLV,2015-09-28T00:00:00.000Z,53.7366322547,-0.1013038778046815,157.3564905608,171.24433257962102,True,discovery
XLV,2015-09-29T00:00:00.000Z,54.2297822473,-0.0762015763030797,157.4988491548,171.1938462912175,True,discovery
XLV,2015-09-30T00:00:00.000Z,55.3581762984,-0.0315630161916352,160.4381354188,171.17159938806302,True,discovery
XLV,2015-10-01T00:00:00.000Z,55.9181940867,-0.0414564164792993,160.8903333056,171.1572768914405,True,discovery
XLV,2015-10-02T00:00:00.000Z,57.0800220356,-0.0145062720364775,163.2936813334,171.16153741564952,True,discovery
XLV,2015-10-05T00:00:00.000Z,57.2304745758,0.0006079004678745,166.1994714576,171.1644036597995,True,discovery
XLV,2015-10-06T00:00:00.000Z,55.8847601889,-0.0494924794112248,165.6300370817,171.143944148263,True,discovery
XLV,2015-10-07T00:00:00.000Z,56.7791169553,-0.0191373164834004,166.986630742,171.12667699448397,True,discovery
XLV,2015-10-08T00:00:00.000Z,56.9462864444,-0.0256412013164243,168.4939570312,171.11302631772503,True,discovery
XLV,2015-10-09T00:00:00.000Z,57.2053991524,-0.0274438581319271,168.5944454505,171.098722669126,True,discovery
XLV,2015-10-12T00:00:00.000Z,57.3558516926,-0.0218391972099173,168.7535521144,171.0851320242795,True,discovery
XLV,2015-10-13T00:00:00.000Z,56.6370228896,-0.0477577698820432,167.690049677,171.063459126756,True,discovery
XLV,2015-10-14T00:00:00.000Z,56.5283627218,-0.0522387309287406,166.8861423227,171.036611278525,True,discovery
XLV,2015-10-15T00:00:00.000Z,57.7904923641,-0.0397922504319382,169.4485970144,171.027197359497,True,discovery
XLV,2015-10-16T00:00:00.000Z,58.3087177801,-0.01621774079938,170.2190082289,171.030136041929,True,discovery
XLV,2015-10-19T00:00:00.000Z,58.5176796414,0.0005716735742233,170.3027485783,171.033947338726,True,discovery
XLV,2015-10-20T00:00:00.000Z,57.5982474517,-0.0090595340810509,170.0850236699,171.051979245635,True,discovery
XLV,2015-10-21T00:00:00.000Z,57.0800220356,-0.0169857492445154,169.0298952674,171.072575819384,True,discovery
XLV,2015-10-22T00:00:00.000Z,56.7373245831,-0.0127981384523498,171.8435710073,171.09696584075752,True,discovery
XLV,2015-10-23T00:00:00.000Z,57.9493033787,0.0366327751206287,173.7779730785,171.116213815234,True,discovery
XLV,2015-10-26T00:00:00.000Z,58.1749821889,0.0825944936996272,173.3341492266,171.14005135971746,True,discovery
XLV,2015-10-27T00:00:00.000Z,59.2448669188,0.0924784217024896,172.9824397592,171.1687327222135,True,discovery
XLV,2015-10-28T00:00:00.000Z,59.7380169115,0.0791182243701658,174.96708604,171.2096894087695,True,discovery
XLV,2015-10-29T00:00:00.000Z,60.005488094,0.0730941704047656,174.9252158653,171.25547104803098,True,discovery
XLV,2015-10-30T00:00:00.000Z,59.6293567436,0.0446624688828958,174.121308511,171.304825870673,True,discovery
XLV,2015-11-02T00:00:00.000Z,60.8998448604,0.0641156710965245,176.1813211063,171.35371064781498,True,discovery
XLV,2015-11-03T00:00:00.000Z,60.6825245246,0.085851032007344,176.6921372377,171.40337511992652,True,discovery
XLV,2015-11-04T00:00:00.000Z,60.4150533421,0.0640365081701153,176.1729470714,171.446234633296,True,discovery
XLV,2015-11-05T00:00:00.000Z,60.2228084297,0.0575370614991561,175.9803442677,171.47566916805002,True,discovery
XLV,2015-11-06T00:00:00.000Z,59.9720541962,0.0483635301001816,175.8882298834,171.5093060514105,True,discovery
XLV,2015-11-09T00:00:00.000Z,59.5123381013,0.0375983678223059,174.2469190351,171.5327556709245,True,discovery
XLV,2015-11-10T00:00:00.000Z,59.913544875,0.0578512396703261,174.6488727123,171.5693978151355,True,discovery
XLV,2015-11-11T00:00:00.000Z,59.3200931889,0.0493863669966754,173.9622018472,171.61333544871349,True,discovery
XLV,2015-11-12T00:00:00.000Z,58.2920008312,0.0086780445465031,171.5337317145,171.637496746693,True,discovery
XLV,2015-11-13T00:00:00.000Z,58.1499067655,-0.002723623853279,169.6077036783,171.66250915948353,True,discovery
XLV,2015-11-16T00:00:00.000Z,58.8770940429,0.0061419797179673,172.1869064398,171.6902251845735,True,discovery
XLV,2015-11-17T00:00:00.000Z,59.1278482765,0.0265563778842867,172.0612959157,171.70526384028005,True,discovery
XLV,2015-11-18T00:00:00.000Z,60.2813177509,0.0560843461711244,174.7912313062,171.737170826047,True,discovery
XLV,2015-11-19T00:00:00.000Z,59.2699423422,0.0446375957574562,174.6404986773,171.75982360328203,True,discovery
XLV,2015-11-20T00:00:00.000Z,59.7798092838,0.0315880571184368,175.2769253328,171.78801060644997,True,discovery
XLV,2015-11-23T00:00:00.000Z,59.6293567436,0.0249999999996131,175.0759484942,171.818989085501,True,discovery
XLV,2015-11-24T00:00:00.000Z,59.8132431816,0.0095936794588298,175.3104214725,171.842144206655,True,discovery
XLV,2015-11-25T00:00:00.000Z,60.1392236852,0.0067161046590209,175.2852993677,171.8646785398835,True,discovery
XLV,2015-11-27T00:00:00.000Z,60.2562423275,0.0041788549925163,175.4862762063,171.880006065402,True,discovery
XLV,2015-11-30T00:00:00.000Z,59.4371118312,-0.0032239977571221,174.7577351665,171.888142114346,True,discovery
XLV,2015-12-01T00:00:00.000Z,60.4401287655,-0.0075487235797365,176.4241681196,171.90324859020205,True,discovery
XLV,2015-12-02T00:00:00.000Z,59.9302618239,-0.0123966942145764,174.6237506074,171.90927044893,True,discovery
XLV,2015-12-03T00:00:00.000Z,58.6179813349,-0.0297454344205257,172.1785324049,171.903685188397,True,discovery
XLV,2015-12-04T00:00:00.000Z,59.9971296195,-0.0037473976402718,175.5365204159,171.9096905052065,True,discovery
XLV,2015-12-07T00:00:00.000Z,59.6627906414,-0.0051567944260877,174.4730179785,171.9105021041795,True,discovery
XLV,2015-12-08T00:00:00.000Z,59.7965262327,0.0047752808991685,173.3006530869,171.902975991688,True,discovery
XLV,2015-12-09T00:00:00.000Z,59.1947160721,-0.0119977678569965,171.9524334615,171.8894515471715,True,discovery
XLV,2015-12-10T00:00:00.000Z,59.6377152181,0.0053543750881941,172.3962573134,171.8791778415005,True,discovery
XLV,2015-12-11T00:00:00.000Z,58.7600754006,0.0080298250656283,169.0550173722,171.8551690005305,True,discovery
XLV,2015-12-14T00:00:00.000Z,59.1445652254,0.0171050740272231,169.9091689361,171.8299427011835,True,discovery
XLV,2015-12-15T00:00:00.000Z,59.913544875,0.0176036342986765,171.6928383784,171.8172247852065,True,discovery
XLV,2015-12-16T00:00:00.000Z,60.6908829991,0.0264348317782638,174.2050488604,171.8207404873655,True,discovery
XLV,2015-12-17T00:00:00.000Z,60.0389219918,-0.0040210759841323,171.5504797844,171.81003422524,True,discovery
XLV,2015-12-18T00:00:00.000Z,59.1719943951,-0.0016525736862452,168.5120030765,171.796349984357,True,discovery
XLV,2015-12-21T00:00:00.000Z,59.7092348039,-0.0011805738550444,169.9020880934,171.786067397183,True,discovery
XLV,2015-12-22T00:00:00.000Z,60.1121651104,0.0080968233294218,171.4438187485,171.7974409600855,True,discovery
XLV,2015-12-23T00:00:00.000Z,60.7585324772,0.0158040133809496,173.5668576834,171.82141042726752,True,discovery
XLV,2015-12-24T00:00:00.000Z,60.8172931469,0.011274995255166,173.2804159223,171.833218841951,True,discovery
XLV,2015-12-28T00:00:00.000Z,60.5318841798,0.004574494552811,172.8844523114,171.84828806607598,True,discovery
XLV,2015-12-29T00:00:00.000Z,61.2705897418,0.0308473587311415,174.7294742429,171.86123458441398,True,discovery
XLV,2015-12-30T00:00:00.000Z,61.0103639188,0.0094347110925663,173.4910348643,171.870547322432,True,discovery
XLV,2015-12-31T00:00:00.000Z,60.4647291287,0.0089181540099139,171.7555347826,171.86086636418298,True,discovery
XLV,2016-01-04T00:00:00.000Z,59.3734595484,0.012888164967397,169.3544822142,171.8431415623015,True,discovery
XLV,2016-01-05T00:00:00.000Z,59.6588685156,-0.0056379547829245,169.6409214479,171.819252893989,True,discovery
XLV,2016-01-06T00:00:00.000Z,59.1719943951,-0.0082261697956755,167.5010380525,171.78636414923952,True,discovery
XLV,2016-01-07T00:00:00.000Z,57.9715978568,-0.0305189697608559,163.4824252702,171.73827312554647,True,discovery
XLV,2016-01-08T00:00:00.000Z,57.0985821926,-0.0354108274959352,161.6879476723,171.69389259691698,True,discovery
XLV,2016-01-11T00:00:00.000Z,56.4186373003,-0.0539772173703766,161.8480205957,171.6523433520865,True,discovery
XLV,2016-01-12T00:00:00.000Z,57.1405540995,-0.0275615933107441,163.1538605632,171.615375282572,True,discovery
XLV,2016-01-13T00:00:00.000Z,55.4448890594,-0.0625531044467151,159.0847009197,171.54765813494998,True,discovery
XLV,2016-01-14T00:00:00.000Z,56.9306945649,-0.0497859092851747,161.6963682176,171.500542737921,True,discovery
XLV,2016-01-15T00:00:00.000Z,56.1332283331,-0.0750961996395337,158.2253722667,171.439098016245,True,discovery
XLV,2016-01-19T00:00:00.000Z,56.1248339517,-0.0651925102958141,158.4359912086,171.375639286841,True,discovery
XLV,2016-01-20T00:00:00.000Z,56.2339609098,-0.0496524329682438,156.4056212383,171.296267528682,True,discovery
XLV,2016-01-21T00:00:00.000Z,56.066073282,-0.0610150428801349,157.2818027766,171.223556281378,True,discovery
XLV,2016-01-22T00:00:00.000Z,56.955877709,-0.0525066331515969,160.5084866523,171.1640771403355,True,discovery
XLV,2016-01-25T00:00:00.000Z,56.4270316817,-0.0712904117150199,158.0821522286,171.0886531727925,True,discovery
XLV,2016-01-26T00:00:00.000Z,56.8551451324,-0.0651483781912112,160.2388885092,171.01928789100552,True,discovery
XLV,2016-01-27T00:00:00.000Z,56.2087777656,-0.0714186659275123,158.4949704097,170.94514051509353,True,discovery
XLV,2016-01-28T00:00:00.000Z,54.8992542693,-0.1039868475128018,159.3205932922,170.87346336038453,True,discovery
XLV,2016-01-29T00:00:00.000Z,55.7974530777,-0.0854430379736462,163.2044065818,170.817309223081,True,discovery
XLV,2016-02-01T00:00:00.000Z,55.8813968915,-0.075801749271783,163.1454273807,170.7611088737535,True,discovery
XLV,2016-02-02T00:00:00.000Z,55.0755362784,-0.072387954191829,160.2051953759,170.70023761832,True,discovery
XLV,2016-02-03T00:00:00.000Z,55.436494678,-0.0707752919667912,161.1656169087,170.636293477805,True,discovery
XLV,2016-02-04T00:00:00.000Z,55.1342969481,-0.0682366293087859,161.4183621665,170.574649246835,True,discovery
XLV,2016-02-05T00:00:00.000Z,54.0598161306,-0.0674775557482957,158.3433180317,170.4933607201765,True,discovery
XLV,2016-02-08T00:00:00.000Z,53.3211105686,-0.0661570126427686,156.2118551816,170.39921817076498,True,discovery
XLV,2016-02-09T00:00:00.000Z,53.7163180443,-0.0478976342802527,156.2202757269,170.30308680489802,True,discovery
XLV,2016-02-10T00:00:00.000Z,54.1941262328,-0.0515645658872913,156.0854888713,170.209928869814,True,discovery
XLV,2016-02-11T00:00:00.000Z,53.3211105686,-0.0383043149121413,154.0551197435,170.103842117965,True,discovery
XLV,2016-02-12T00:00:00.000Z,54.0346329864,-0.0508699498685817,157.231256758,170.0172419689195,True,discovery
XLV,2016-02-16T00:00:00.000Z,55.0503531342,-0.0192911619562322,159.8850503717,169.9526561746225,True,discovery
XLV,2016-02-17T00:00:00.000Z,55.7470867893,-0.0067304816032967,162.4967303068,169.89176168336752,True,discovery
XLV,2016-02-18T00:00:00.000Z,55.4029171525,-0.0147783251233716,161.8311668679,169.8250525351035,True,discovery
XLV,2016-02-19T00:00:00.000Z,55.3441564828,-0.0128761790676673,161.7553474187,169.767994543511,True,discovery
XLV,2016-02-22T00:00:00.000Z,56.1332283331,-0.0144436256448033,164.0974292107,169.726211431279,True,discovery
XLV,2016-02-23T00:00:00.000Z,55.7135092638,-0.0126450461176997,162.0249455618,169.670625772393,True,discovery
XLV,2016-02-24T00:00:00.000Z,55.8981856543,-0.0168315369852896,162.7663158127,169.60734894894605,True,discovery
XLV,2016-02-25T00:00:00.000Z,56.5949193094,0.0068697729989837,164.7377057394,169.55811525548648,True,discovery
XLV,2016-02-26T00:00:00.000Z,56.4941867328,0.0290519877679267,164.3585941713,169.5095971859915,True,discovery
XLV,2016-02-29T00:00:00.000Z,55.5953163739,-0.0036226869265613,163.0696079315,169.4544683959765,True,discovery
XLV,2016-03-01T00:00:00.000Z,56.7879900813,0.0162235241105417,166.9028752025,169.40942897699398,True,discovery
XLV,2016-03-02T00:00:00.000Z,56.8809998271,0.0327815881732609,167.6526777934,169.36718528237049,True,discovery
XLV,2016-03-03T00:00:00.000Z,56.7208350302,0.0231677771053169,168.3098080498,169.3254917152335,True,discovery
XLV,2016-03-04T00:00:00.000Z,56.586524928,0.0263398294761432,168.857412244,169.28682630037903,True,discovery
XLV,2016-03-07T00:00:00.000Z,57.0404930734,0.0551366459626714,168.9922108943,169.24945658872952,True,discovery
XLV,2016-03-08T00:00:00.000Z,56.3437594183,0.056687657430001,167.1471872778,169.200292024523,True,discovery
XLV,2016-03-09T00:00:00.000Z,56.4438204444,0.0507760490555331,167.9728227975,169.157369451757,True,discovery
XLV,2016-03-10T00:00:00.000Z,56.47739797,0.0421313506816554,168.1076088106,169.124612247681,True,discovery
XLV,2016-03-11T00:00:00.000Z,57.5770619317,0.0798173803530317,170.8203824679,169.097129445844,True,discovery
XLV,2016-03-14T00:00:00.000Z,57.3336248714,0.0610532856923506,170.6013429807,169.06954618249648,True,discovery
XLV,2016-03-15T00:00:00.000Z,56.4438204444,0.025312595303486,170.3233242924,169.04604387329903,True,discovery
XLV,2016-03-16T00:00:00.000Z,56.3095103423,0.0100888420434546,171.3090192557,169.025687803718,True,discovery
XLV,2016-03-17T00:00:00.000Z,55.6547485941,0.0045454545454135,172.3958205785,169.011636134686,True,discovery
XLV,2016-03-18T00:00:00.000Z,56.3067368386,0.0173926285442467,173.0694675723,168.9986316501295,True,discovery
XLV,2016-03-21T00:00:00.000Z,56.6352770446,0.0089438773861498,173.3150343249,168.994274071449,True,discovery
XLV,2016-03-22T00:00:00.000Z,57.1996922703,0.0266754513606926,173.2218860669,168.99094285536702,True,discovery
XLV,2016-03-23T00:00:00.000Z,56.7953350937,0.0160497058875646,172.0787105219,168.98749115114202,True,discovery
XLV,2016-03-24T00:00:00.000Z,56.7700627701,0.0030946852268223,172.0024881492,168.983533993063,True,discovery
XLV,2016-03-28T00:00:00.000Z,56.6100047211,0.0020500868319031,172.1041128987,168.96968167884148,True,discovery
XLV,2016-03-29T00:00:00.000Z,57.267085133,0.0300703164967479,173.6960928398,168.960929398539,True,discovery
XLV,2016-03-30T00:00:00.000Z,57.2755092409,0.0085848990059702,174.4582225719,168.963116707698,True,discovery
XLV,2016-03-31T00:00:00.000Z,57.0986029761,0.0038255858663076,174.0348213992,168.9666271394035,True,discovery
XLV,2016-04-01T00:00:00.000Z,57.7472592802,0.0180960708609718,175.2203396018,168.9712987191445,True,discovery
XLV,2016-04-04T00:00:00.000Z,58.4380361235,0.0327200017646573,174.6529837241,168.97172431026902,True,discovery
XLV,2016-04-05T00:00:00.000Z,57.6798664174,0.0112091132027427,172.9085725863,168.954641011694,True,discovery
XLV,2016-04-06T00:00:00.000Z,59.2305761896,0.0512357854907776,174.7969384292,168.9506051699325,True,discovery
XLV,2016-04-07T00:00:00.000Z,58.5812459569,0.037868193465137,172.7053357894,168.93161313093648,True,discovery
XLV,2016-04-08T00:00:00.000Z,58.4211879078,0.0344171298194813,173.1710796198,168.9142834134575,True,discovery
XLV,2016-04-11T00:00:00.000Z,57.974710192,0.0069063659547565,172.7646178812,168.901335464522,True,discovery
XLV,2016-04-12T00:00:00.000Z,58.4464602314,0.0194098203714854,174.3735372565,168.8992643024115,True,discovery
XLV,2016-04-13T00:00:00.000Z,58.9940272413,0.0451813285638964,176.1348878284,168.905708344195,True,discovery
XLV,2016-04-14T00:00:00.000Z,59.0277236727,0.0482727218524232,176.1433516179,168.930645589444,True,discovery
XLV,2016-04-15T00:00:00.000Z,58.9856031335,0.0598485236846997,175.9485904656,168.9528597351395,True,discovery
XLV,2016-04-18T00:00:00.000Z,59.5331701434,0.0573010173551413,177.1849269706,168.97425838819302,True,discovery
XLV,2016-04-19T00:00:00.000Z,59.7437728396,0.0548862115135777,177.7438072037,168.99949268871651,True,discovery
XLV,2016-04-20T00:00:00.000Z,60.0638889377,0.0500736377018444,177.9131778344,169.0282810827855,True,discovery
XLV,2016-04-21T00:00:00.000Z,60.4177014672,0.0637792939776458,176.9562869502,169.046703942241,True,discovery
XLV,2016-04-22T00:00:00.000Z,60.5440630849,0.066478706040602,176.9562869502,169.079620950257,True,discovery
XLV,2016-04-25T00:00:00.000Z,60.3081880652,0.0653273809518266,176.6514381059,169.1098891680425,True,discovery
XLV,2016-04-26T00:00:00.000Z,60.0807371534,0.0491320976764475,176.9139442925,169.130307756375,True,discovery
XLV,2016-04-27T00:00:00.000Z,60.0133442906,0.047801147226552,177.2780760754,169.14305083732398,True,discovery
XLV,2016-04-28T00:00:00.000Z,59.7269246239,0.0460312776636611,175.6691439981,169.143750872077,True,discovery
XLV,2016-04-29T00:00:00.000Z,58.7925225817,0.018100656455888,174.7207296053,169.1400836835355,True,discovery
XLV,2016-05-02T00:00:00.000Z,59.1288129669,0.0118206717614559,176.1094846049,169.1365296942335,True,discovery
XLV,2016-05-03T00:00:00.000Z,58.9476946482,0.0219804293863195,174.5767749002,169.12447915936448,True,discovery
XLV,2016-05-04T00:00:00.000Z,58.3797412972,-0.0143647917534422,173.6029445819,169.1069347251215,True,discovery
XLV,2016-05-05T00:00:00.000Z,58.6233664961,0.0007190106408967,173.5690775689,169.09280284310097,True,discovery
XLV,2016-05-06T00:00:00.000Z,58.2779780745,-0.00245133381276,174.2041793279,169.08380401292848,True,discovery
XLV,2016-05-09T00:00:00.000Z,58.9434825943,0.0167102586471175,174.348134033,169.0803146892825,True,discovery
XLV,2016-05-10T00:00:00.000Z,59.4405049571,0.0170077832218478,176.5159463434,169.096827394669,True,discovery
XLV,2016-05-11T00:00:00.000Z,58.7244557903,-0.0045694702261533,174.8646843104,169.110081772153,True,discovery
XLV,2016-05-12T00:00:00.000Z,58.3790673686,-0.0109890109890854,174.9154907575,169.112886169861,True,discovery
XLV,2016-05-13T00:00:00.000Z,58.2442816431,-0.0125678377607192,173.3912439955,169.10198845534,True,discovery
XLV,2016-05-16T00:00:00.000Z,59.0361477806,-0.0083486627976102,175.1017881203,169.099435212182,True,discovery
XLV,2016-05-17T00:00:00.000Z,58.4211879078,-0.0221376198545558,173.4674655214,169.09025140056053,True,discovery
XLV,2016-05-18T00:00:00.000Z,58.6654870354,-0.0232819074327749,173.5182719686,169.08432041053203,True,discovery
XLV,2016-05-19T00:00:00.000Z,58.1684646725,-0.0372281093136434,172.9170363758,169.07709088647903,True,discovery
XLV,2016-05-20T00:00:00.000Z,58.7076075746,-0.030332544872728,174.0094181756,169.07207458295505,True,discovery
XLV,2016-05-23T00:00:00.000Z,58.4717325549,-0.0304511803325044,173.7723152126,169.073161488748,True,discovery
XLV,2016-05-24T00:00:00.000Z,59.3141433395,-0.0127593942787803,176.0247992895,169.0873017585695,True,discovery
XLV,2016-05-25T00:00:00.000Z,59.6848040846,-0.0054744525552371,177.2187939836,169.0961248919195,True,discovery
XLV,2016-05-26T00:00:00.000Z,59.6932281925,-0.000564174894525,177.2695995839,169.11340707415147,True,discovery
XLV,2016-05-27T00:00:00.000Z,59.9627996435,0.0199052024034815,178.031729316,169.13341700888702,True,discovery
XLV,2016-05-31T00:00:00.000Z,60.1060094769,0.0165265707354387,177.6930007566,169.15264959757351,True,discovery
XLV,2016-06-01T00:00:00.000Z,60.3250362809,0.0233654876737754,178.0571325395,169.1709539549305,True,discovery
XLV,2016-06-02T00:00:00.000Z,61.1000542027,0.0465968646837848,178.5990860405,169.1869700975305,True,discovery
XLV,2016-06-03T00:00:00.000Z,60.8978756144,0.0387986779717148,178.065596329,169.20294273226054,True,discovery
XLV,2016-06-06T00:00:00.000Z,61.227089749,0.0506042208727623,178.9716807661,169.2303180147865,True,discovery
XLV,2016-06-07T00:00:00.000Z,60.8466570387,0.0322881234809162,179.2511145316,169.276874953023,True,discovery
XLV,2016-06-08T00:00:00.000Z,61.0579336634,0.0272108843534781,179.8354098435,169.3529259735125,True,discovery
XLV,2016-06-09T00:00:00.000Z,60.9568443693,0.0380146320465135,179.589843091,169.46161049006596,True,discovery
XLV,2016-06-10T00:00:00.000Z,60.4682461143,0.0357864357871482,177.8877746109,169.571239180665,True,discovery
XLV,2016-06-13T00:00:00.000Z,59.9880719671,0.0299392536882043,176.5159463434,169.642979590049,True,discovery
XLV,2016-06-14T00:00:00.000Z,60.0807371534,0.0176940639264282,176.1687539946,169.69432490390997,True,discovery
XLV,2016-06-15T00:00:00.000Z,59.667955869,0.0213410237937585,175.9231872421,169.744109185191,True,discovery
XLV,2016-06-16T00:00:00.000Z,59.8785585651,0.0206777713950965,176.4482004622,169.80359900744403,True,discovery
XLV,2016-06-17T00:00:00.000Z,59.2595669144,0.0187576249097018,175.7948509594,169.8838540468935,True,discovery
XLV,2016-06-20T00:00:00.000Z,59.6317366181,0.0157412144980648,176.9269810138,169.95460919042,True,discovery
XLV,2016-06-21T00:00:00.000Z,59.4245057603,0.0162945950764401,177.4291999606,170.026875832228,True,discovery
XLV,2016-06-22T00:00:00.000Z,59.5979030087,0.0047840136133439,177.139787095,170.11044026447652,True,discovery
XLV,2016-06-23T00:00:00.000Z,60.3760760255,0.0115820425567645,179.4465982054,170.185255274263,True,discovery
XLV,2016-06-24T00:00:00.000Z,58.6082699329,-0.0181755668515899,173.0028360254,170.2390969332395,True,discovery
XLV,2016-06-27T00:00:00.000Z,57.8385553184,-0.0354260364380812,169.9043803344,170.27290647987252,True,discovery
XLV,2016-06-28T00:00:00.000Z,58.9635228319,-0.0190078605274748,172.9687802426,170.318331189202,True,discovery
XLV,2016-06-29T00:00:00.000Z,60.0884903454,-0.0039211901075125,175.9140223649,170.381647497909,True,discovery
XLV,2016-06-30T00:00:00.000Z,60.6509741021,-0.0073499132932054,178.314468151,170.446678522057,True,discovery
XLV,2016-07-01T00:00:00.000Z,61.0358314094,0.0022653630132112,178.6890085564,170.506543423213,True,discovery
XLV,2016-07-05T00:00:00.000Z,60.9766225929,-0.0040907898305601,177.4036649333,170.5618141997495,True,discovery
XLV,2016-07-06T00:00:00.000Z,61.6617531838,0.013395906772357,178.4676953393,170.63617694349,True,discovery
XLV,2016-07-07T00:00:00.000Z,61.5687107579,0.0083654500546286,178.3570319209,170.70546439127048,True,discovery
XLV,2016-07-08T00:00:00.000Z,62.32996697,0.0225261431248162,181.0128475581,170.798665941611,True,discovery
XLV,2016-07-11T00:00:00.000Z,62.1607989229,0.0279907706501136,181.6512658017,170.8963156884105,True,discovery
XLV,2016-07-12T00:00:00.000Z,62.4653014077,0.0412953668849136,182.9706660588,171.0033677382005,True,discovery
XLV,2016-07-13T00:00:00.000Z,62.4399262007,0.0392669790531439,182.9451301803,171.1105433296465,True,discovery
XLV,2016-07-14T00:00:00.000Z,62.7105950761,0.0509928514021842,183.9665968163,171.24359386092397,True,discovery
XLV,2016-07-15T00:00:00.000Z,62.6598446619,0.046448781725034,183.7197477207,171.37469835375347,True,discovery
XLV,2016-07-18T00:00:00.000Z,62.685219869,0.0578075934903192,184.2134595316,171.49357497431748,True,discovery
XLV,2016-07-19T00:00:00.000Z,62.5498854313,0.0489361702123269,184.0261884777,171.60925425017803,True,discovery
XLV,2016-07-20T00:00:00.000Z,63.1165983892,0.0621308091949937,184.7922852626,171.716747269824,True,discovery
XLV,2016-07-21T00:00:00.000Z,63.3026832411,0.0621629293208383,184.0942881261,171.8062213531665,True,discovery
XLV,2016-07-22T00:00:00.000Z,63.4295592765,0.0505743905866018,184.9199765723,171.9026710506195,True,discovery
XLV,2016-07-25T00:00:00.000Z,63.3618920576,0.0811083850477478,184.4177448573,171.98982662119602,True,discovery
XLV,2016-07-26T00:00:00.000Z,63.251932827,0.093594618309525,184.5028723971,172.0698711980255,True,discovery
XLV,2016-07-27T00:00:00.000Z,63.5395185071,0.0776072299520802,184.3070942073,172.14843444180948,True,discovery
XLV,2016-07-28T00:00:00.000Z,63.4803096906,0.0564470720715928,184.5199002885,172.22726618268004,True,discovery
XLV,2016-07-29T00:00:00.000Z,63.607185726,0.0487413708957666,184.8178211411,172.31290504000052,True,discovery
XLV,2016-08-01T00:00:00.000Z,64.0131890391,0.0487804878044384,184.6646067212,172.401797361993,True,discovery
XLV,2016-08-02T00:00:00.000Z,63.7678953707,0.0457761131907135,183.481405761,172.471961405726,True,discovery
XLV,2016-08-03T00:00:00.000Z,63.5902689212,0.0312757201640296,184.0176685734,172.54095470744846,True,discovery
XLV,2016-08-04T00:00:00.000Z,63.4972264953,0.0313229839257684,184.2134595316,172.610508262215,True,discovery
XLV,2016-08-05T00:00:00.000Z,63.6494777377,0.0211697652324298,185.720117223,172.68868372998048,True,discovery
XLV,2016-08-08T00:00:00.000Z,63.1081399869,0.0152401687303764,185.609466573,172.77158158650852,True,discovery
XLV,2016-08-09T00:00:00.000Z,63.2603912293,0.0127285037241811,185.720117223,172.84096431758698,True,discovery
XLV,2016-08-10T00:00:00.000Z,63.0447019692,0.0096857220259369,185.2604611949,172.898376758169,True,discovery
XLV,2016-08-11T00:00:00.000Z,63.4126424717,0.0111950364168615,186.1201935068,172.96230697957003,True,discovery
XLV,2016-08-12T00:00:00.000Z,63.251932827,0.009449244062043,185.958471951,173.027187140529,True,discovery
XLV,2016-08-15T00:00:00.000Z,63.3618920576,0.0107947645396173,186.4947339122,173.08482537989,True,discovery
XLV,2016-08-16T00:00:00.000Z,62.7951790997,0.0039215686281217,185.5328597886,173.1378635995065,True,discovery
XLV,2016-08-17T00:00:00.000Z,62.922055135,-0.0030822835698522,185.8818515471,173.19666631468698,True,discovery
XLV,2016-08-18T00:00:00.000Z,62.9474303421,-0.0056119722073542,186.2989565736,173.2472544920235,True,discovery
XLV,2016-08-19T00:00:00.000Z,62.896679928,-0.0084011201493154,186.0265579799,173.2939265957345,True,discovery
XLV,2016-08-22T00:00:00.000Z,63.0235559633,-0.0053397410227654,186.018050844,173.3431521145975,True,discovery
XLV,2016-08-23T00:00:00.000Z,63.0827647798,-0.0026745119024692,186.3925912493,173.3952133495055,True,discovery
XLV,2016-08-24T00:00:00.000Z,62.093131704,-0.0227635782751229,185.4392242617,173.442968321397,True,discovery
XLV,2016-08-25T00:00:00.000Z,61.5687107579,-0.0301132578277744,185.311532952,173.4982913909815,True,discovery
XLV,2016-08-26T00:00:00.000Z,61.8055460239,-0.0283244680854283,184.9625275739,173.54985966528952,True,discovery
XLV,2016-08-29T00:00:00.000Z,61.9408804616,-0.0323731501055853,185.8733444112,173.6094153781095,True,discovery
XLV,2016-08-30T00:00:00.000Z,61.7294204027,-0.0319671043892824,185.5669028031,173.67958123355248,True,discovery
XLV,2016-08-31T00:00:00.000Z,61.5433355508,-0.0321894120771296,185.0391479778,173.75673845505,True,discovery
XLV,2016-09-01T00:00:00.000Z,61.382625906,-0.0333022512322883,185.0476551137,173.8210421984195,True,discovery
XLV,2016-09-02T00:00:00.000Z,61.4502931249,-0.034551495015605,185.8818515471,173.8901449765765,True,discovery
XLV,2016-09-06T00:00:00.000Z,61.6702115862,-0.0227851494434551,186.4436630064,173.9484071350775,True,discovery
XLV,2016-09-07T00:00:00.000Z,61.6702115862,-0.0251370504070402,186.426635115,174.00733781726598,True,discovery
XLV,2016-09-08T00:00:00.000Z,61.7209620003,-0.020996847118838,186.0010229526,174.06095830536503,True,discovery
XLV,2016-09-09T00:00:00.000Z,60.4860352562,-0.0461517940496818,181.5491231389,174.09332417858852,True,discovery
XLV,2016-09-12T00:00:00.000Z,61.382625906,-0.0295533565134321,184.153867019,174.137541406321,True,discovery
XLV,2016-09-13T00:00:00.000Z,60.5621608774,-0.0441863569612925,181.5065593689,174.168647706327,True,discovery
XLV,2016-09-14T00:00:00.000Z,60.5621608774,-0.03556034482766,181.4384597205,174.198408623898,True,discovery
XLV,2016-09-15T00:00:00.000Z,61.1880826518,-0.0275574674012115,183.2515717884,174.24087780700748,True,discovery
XLV,2016-09-16T00:00:00.000Z,61.2291075949,-0.0272977425426493,182.5468125259,174.271491029039,True,discovery
XLV,2016-09-19T00:00:00.000Z,61.0083397683,-0.0300228909039658,182.581041872,174.311277485362,True,discovery
XLV,2016-09-20T00:00:00.000Z,61.1951433139,-0.0290115754570359,182.5895921504,174.3633327840895,True,discovery
XLV,2016-09-21T00:00:00.000Z,61.8065003721,-0.0202315864270533,184.6428986285,174.4088646751525,True,discovery
XLV,2016-09-22T00:00:00.000Z,62.273509236,0.0029049514342402,185.8064226253,174.46553169838649,True,discovery
XLV,2016-09-23T00:00:00.000Z,62.0782146202,0.0082753700057722,184.7883389143,174.5229701275235,True,discovery
XLV,2016-09-26T00:00:00.000Z,61.3564736487,-0.0072658912361415,183.2911418884,174.579663669658,True,discovery
XLV,2016-09-27T00:00:00.000Z,61.7895182316,-0.002443656416764,184.4290133391,174.6398274497865,True,discovery
XLV,2016-09-28T00:00:00.000Z,61.6961164588,-0.0005395149295545,185.3444355335,174.721274540593,True,discovery
XLV,2016-09-29T00:00:00.000Z,60.6092594664,-0.0151775342697989,183.6675697313,174.790066544569,True,discovery
XLV,2016-09-30T00:00:00.000Z,61.2291075949,-0.0025010059252775,185.053554962,174.856870127487,True,discovery
XLV,2016-10-03T00:00:00.000Z,61.1781611734,-0.0044284890707825,184.6086701379,174.9088882338745,True,discovery
XLV,2016-10-04T00:00:00.000Z,61.0592861899,-0.009906328851265,183.6675697313,174.96947368360898,True,discovery
XLV,2016-10-05T00:00:00.000Z,61.2970361569,-0.0060511455969044,184.4803440975,175.04931538871404,True,discovery
XLV,2016-10-06T00:00:00.000Z,61.0677772601,-0.0105828671334841,184.6086701379,175.12284829893647,True,discovery
XLV,2016-10-07T00:00:00.000Z,61.0253219088,0.0089158869533398,183.975564548,175.185507027934,True,discovery
XLV,2016-10-10T00:00:00.000Z,61.3055272272,-0.0012560342224209,184.9337800555,175.24234163979452,True,discovery
XLV,2016-10-11T00:00:00.000Z,59.7686435114,-0.0131025272959854,182.5981432842,175.28893027660396,True,discovery
XLV,2016-10-12T00:00:00.000Z,59.488438193,-0.0177292664073464,182.8377067859,175.33869654897651,True,discovery
XLV,2016-10-13T00:00:00.000Z,59.5139114038,-0.0273610673099061,182.2388177091,175.3762432663075,True,discovery
XLV,2016-10-14T00:00:00.000Z,59.1148311019,-0.0345305782829359,182.3329272365,175.4204527281685,True,discovery
XLV,2016-10-17T00:00:00.000Z,58.9195364861,-0.0342379958237339,181.6998353352,175.47017423093152,True,discovery
XLV,2016-10-18T00:00:00.000Z,59.6242953171,-0.0256694879974762,182.8377067859,175.53759035379,True,discovery
XLV,2016-10-19T00:00:00.000Z,59.4035274905,-0.0388789668907499,183.3253584015,175.60601253855802,True,discovery
XLV,2016-10-20T00:00:00.000Z,59.6837328089,-0.0415871284414925,182.9831470717,175.683423083654,True,discovery
XLV,2016-10-21T00:00:00.000Z,59.1912507342,-0.0465052660367683,183.0686934876,175.781354424741,True,discovery
XLV,2016-10-24T00:00:00.000Z,59.0808668209,-0.0370882922775047,183.8472385076,175.8921508789175,True,discovery
XLV,2016-10-25T00:00:00.000Z,58.9110454158,-0.0465851312355419,183.2312480186,175.99906701603203,True,discovery
XLV,2016-10-26T00:00:00.000Z,58.5544204652,-0.0509221029446478,182.8633713096,176.097614569764,True,discovery
XLV,2016-10-27T00:00:00.000Z,58.8261347133,-0.0294200056030796,182.375706861,176.2140695994705,True,discovery
XLV,2016-10-28T00:00:00.000Z,57.5524741753,-0.0600471501875399,181.8367116539,176.314771316652,True,discovery
XLV,2016-10-31T00:00:00.000Z,57.1958492247,-0.0650936849411468,181.8452756209,176.432870833423,True,discovery
XLV,2016-11-01T00:00:00.000Z,56.8901706956,-0.0682797941877942,180.5277353939,176.5433295543495,True,discovery
XLV,2016-11-02T00:00:00.000Z,56.5929832367,-0.0767419310153787,179.4412066791,176.6585074815535,True,discovery
XLV,2016-11-03T00:00:00.000Z,56.0580458108,-0.0820355951054603,178.6198820345,176.765197877843,True,discovery
XLV,2016-11-04T00:00:00.000Z,56.4486350424,-0.0749965214970874,178.4231109904,176.8547709995335,True,discovery
XLV,2016-11-07T00:00:00.000Z,57.8921169855,-0.0556786703595224,182.3585926156,176.97615320146852,True,discovery
XLV,2016-11-08T00:00:00.000Z,58.0534473203,-0.0286972581329012,183.1799181158,177.0908583495015,True,discovery
XLV,2016-11-09T00:00:00.000Z,60.0997952513,0.0102769055108919,185.1219999657,177.22399349728147,True,discovery
XLV,2016-11-10T00:00:00.000Z,60.762098731,0.0209730346696772,185.5839862021,177.35531046183098,True,discovery
XLV,2016-11-11T00:00:00.000Z,59.8535542139,0.0124964090775563,185.1562156233,177.4650695070385,True,discovery
XLV,2016-11-14T00:00:00.000Z,59.6667506683,0.0126819426418312,185.301655909,177.57585064968,True,discovery
XLV,2016-11-15T00:00:00.000Z,59.8365720734,0.0035602392476263,186.747523032,177.7085622879605,True,discovery
XLV,2016-11-16T00:00:00.000Z,59.5818399658,0.0030017152656216,186.3967477352,177.83471794209296,True,discovery
XLV,2016-11-17T00:00:00.000Z,59.8195899329,0.0022762839655992,187.3549623872,177.9644009431965,True,discovery
XLV,2016-11-18T00:00:00.000Z,59.1827596639,-0.0001434514424796,186.9357429422,178.107363067749,True,discovery
XLV,2016-11-21T00:00:00.000Z,59.3950364202,0.0053176200046689,188.3473807191,178.2680406954365,True,discovery
XLV,2016-11-22T00:00:00.000Z,58.5374383247,-0.0063418852689345,188.7152702612,178.43051566810797,True,discovery
XLV,2016-11-23T00:00:00.000Z,58.7666972215,0.0036252900227431,188.8179309224,178.59417787836347,True,discovery
XLV,2016-11-25T00:00:00.000Z,58.9959561184,0.0028868360283682,189.5194806604,178.77149968294802,True,discovery
XLV,2016-11-28T00:00:00.000Z,58.5544204652,0.0174092652706494,188.6297110122,178.928491954219,True,discovery
XLV,2016-11-29T00:00:00.000Z,58.9365186266,0.0304334916868109,188.9976005543,179.074054705132,True,discovery
XLV,2016-11-30T00:00:00.000Z,58.3761079899,0.0261194029852844,188.5441645963,179.20429187657948,True,discovery
XLV,2016-12-01T00:00:00.000Z,57.9515544772,0.0240060015005354,187.8511779697,179.3343919320885,True,discovery
XLV,2016-12-02T00:00:00.000Z,58.0874116013,0.0362011511665827,187.9452755194,179.46534157259197,True,discovery
XLV,2016-12-05T00:00:00.000Z,57.9855187582,0.0272262334535744,189.0745958363,179.59022740572,True,discovery
XLV,2016-12-06T00:00:00.000Z,58.146849093,0.0044001173348662,189.67347208,179.72847003831103,True,discovery
XLV,2016-12-07T00:00:00.000Z,57.6458759481,-0.0070206230811978,192.154549137,179.8754112049325,True,discovery
XLV,2016-12-08T00:00:00.000Z,57.7562598614,-0.0389940661212038,192.6250865072,180.0148481087715,True,discovery
XLV,2016-12-09T00:00:00.000Z,58.4610186924,-0.037870318614028,193.7886233371,180.1619982546005,True,discovery
XLV,2016-12-12T00:00:00.000Z,58.7412240108,-0.0185841963390316,193.5661869138,180.314481149512,True,discovery
XLV,2016-12-13T00:00:00.000Z,59.2167239449,-0.0075423367010848,194.8580497842,180.4542570224205,True,discovery
XLV,2016-12-14T00:00:00.000Z,58.9110454158,-0.0154675748548008,193.2496409632,180.5822418382695,True,discovery
XLV,2016-12-15T00:00:00.000Z,59.2931435772,-0.0048453755165284,194.045288251,180.7109192392755,True,discovery
XLV,2016-12-16T00:00:00.000Z,59.3401976921,-0.0080139673531319,193.6679304349,180.83497183023,True,discovery
XLV,2016-12-19T00:00:00.000Z,59.0928757989,-0.0015187508238961,194.0896263595,180.960458907556,True,discovery
XLV,2016-12-20T00:00:00.000Z,59.0502340932,-0.0058052380768089,194.8383383058,181.098914662696,True,discovery
XLV,2016-12-21T00:00:00.000Z,58.7176287885,0.0030782089028307,194.2961730761,181.23053141408897,True,discovery
XLV,2016-12-22T00:00:00.000Z,58.7943838588,0.0004711280131268,193.9605425146,181.359796082609,True,discovery
XLV,2016-12-23T00:00:00.000Z,59.2378575984,0.0041003061212283,194.2445400545,181.476916870542,True,discovery
XLV,2016-12-27T00:00:00.000Z,59.3572543744,0.0137109018041965,194.726469771,181.5975425044935,True,discovery
XLV,2016-12-28T00:00:00.000Z,58.9052522937,-0.0005305086494519,193.117151526,181.71151164066148,True,discovery
XLV,2016-12-29T00:00:00.000Z,59.0075923874,0.01081751454909,193.0741321836,181.820337205301,True,discovery
XLV,2016-12-30T00:00:00.000Z,58.7943838588,0.0145436889347221,192.3684395798,181.92020030030747,True,discovery
XLV,2017-01-03T00:00:00.000Z,59.5619345619,0.0253845526931175,193.84005944,182.024053259646,True,discovery
XLV,2017-01-04T00:00:00.000Z,60.0309933249,0.0352756103679894,194.9932520007,182.132444348025,True,discovery
XLV,2017-01-05T00:00:00.000Z,60.3380136062,0.0376832889035045,194.8383383058,182.2405266092195,True,discovery
XLV,2017-01-06T00:00:00.000Z,60.5085804291,0.0496601783547772,195.5354301393,182.3578102073065,True,discovery
XLV,2017-01-09T00:00:00.000Z,60.7644306635,0.0520838920199961,194.8899850969,182.472247692045,True,discovery
XLV,2017-01-10T00:00:00.000Z,60.9776391921,0.0430478386451236,194.8899850969,182.586177053036,True,discovery
XLV,2017-01-11T00:00:00.000Z,60.3635986296,0.0276190128163096,195.4407640058,182.694900408866,True,discovery
XLV,2017-01-12T00:00:00.000Z,60.4232970176,0.0203755458309833,194.9502197494,182.7973603947535,True,discovery
XLV,2017-01-13T00:00:00.000Z,60.4829954057,0.0266834509353046,195.3977317545,182.90417494653,True,discovery
XLV,2017-01-17T00:00:00.000Z,60.1759751244,0.0148892687069381,194.7092544608,183.00161952082505,True,discovery
XLV,2017-01-18T00:00:00.000Z,60.0992200541,0.0127910319062023,195.1395511558,183.1040523579835,True,discovery
XLV,2017-01-19T00:00:00.000Z,59.7154447025,0.0105354307974225,194.4166561507,183.2115927758055,True,discovery
XLV,2017-01-20T00:00:00.000Z,59.5619345619,0.0086655112643987,195.1309495249,183.313262831284,True,discovery
XLV,2017-01-23T00:00:00.000Z,59.3146126687,0.0101670297748284,194.6231899583,183.42285210212853,True,discovery
XLV,2017-01-24T00:00:00.000Z,58.9052522937,0.0018856977082413,195.8710607007,183.536352007533,True,discovery
XLV,2017-01-25T00:00:00.000Z,59.4595944682,0.0037431615319929,197.5664305394,183.660361070824,True,discovery
XLV,2017-01-26T00:00:00.000Z,58.9990640463,-0.0060344827582605,197.3598838229,183.775292803656,True,discovery
XLV,2017-01-27T00:00:00.000Z,59.4851794916,0.009845084696497,197.0500693419,183.8798687112235,True,discovery
XLV,2017-01-30T00:00:00.000Z,59.1952158926,0.0031796502383658,195.8280284495,183.9782920953815,True,discovery
XLV,2017-01-31T00:00:00.000Z,60.1418617598,0.0229184798370551,195.8108131393,184.07760320875,True,discovery
XLV,2017-02-01T00:00:00.000Z,60.6620905697,0.018470790377983,195.888263102,184.171119889407,True,discovery
XLV,2017-02-02T00:00:00.000Z,60.6450338874,0.0102287256713657,196.0173598558,184.2624876526675,True,discovery
XLV,2017-02-03T00:00:00.000Z,60.9094124629,0.0094699646632265,197.3684845932,184.35976418646152,True,discovery
XLV,2017-02-06T00:00:00.000Z,60.9776391921,0.007751937984227,197.0156387216,184.46006094531847,True,discovery
XLV,2017-02-07T00:00:00.000Z,61.0373375801,0.0044912280691198,197.0242524008,184.5604007725715,True,discovery
XLV,2017-02-08T00:00:00.000Z,60.9435258275,-0.0005594405597195,197.2824329996,184.66355574704,True,discovery
XLV,2017-02-09T00:00:00.000Z,61.1652626973,0.0132805877366446,198.4528408704,184.7712502299295,True,discovery
XLV,2017-02-10T00:00:00.000Z,61.2846594734,0.0142554693026615,199.2359713887,184.881039706496,True,discovery
XLV,2017-02-13T00:00:00.000Z,61.6599064838,0.0194585448390189,200.3203268052,185.0042956205315,True,discovery
XLV,2017-02-14T00:00:00.000Z,62.1460219291,0.0327380952386293,201.1206726337,185.13629533567348,True,discovery
XLV,2017-02-15T00:00:00.000Z,62.8197608796,0.0452674897120299,202.1705974299,185.2666008997985,True,discovery
XLV,2017-02-16T00:00:00.000Z,62.7344774681,0.050556983719048,201.9984813337,185.403709431966,True,discovery
XLV,2017-02-17T00:00:00.000Z,62.8197608796,0.0546964490267569,202.316896585,185.54727919198152,True,discovery
XLV,2017-02-21T00:00:00.000Z,63.1011961374,0.0638389647733157,203.5217350762,185.697042479518,True,discovery
XLV,2017-02-22T00:00:00.000Z,63.0073843848,0.0696394961632091,203.3410053008,185.8427266093825,True,discovery
XLV,2017-02-23T00:00:00.000Z,63.4679148067,0.0674125071714661,203.4787028249,185.988379453342,True,discovery
XLV,2017-02-24T00:00:00.000Z,63.7749350879,0.0809482509392367,203.7368834237,186.1244841387435,True,discovery
XLV,2017-02-27T00:00:00.000Z,64.0819553692,0.0772759856637756,204.0552995356,186.27043721486956,True,discovery
XLV,2017-02-28T00:00:00.000Z,63.954030252,0.0803918743709641,203.504519766,186.413382359912,True,discovery
XLV,2017-03-01T00:00:00.000Z,64.5936558379,0.0740215541693734,206.3530821654,186.57819155076152,True,discovery
XLV,2017-03-02T00:00:00.000Z,64.3889756504,0.0614368058485861,205.0535904496,186.727950562408,True,discovery
XLV,2017-03-03T00:00:00.000Z,64.6448258848,0.065954155534424,205.1826742945,186.88652660627343,True,discovery
XLV,2017-03-06T00:00:00.000Z,64.3975039916,0.0572668720261355,204.571660733,187.0417935500955,True,discovery
XLV,2017-03-07T00:00:00.000Z,63.9455019108,0.0486713286709943,203.9606334021,187.197011535227,True,discovery
XLV,2017-03-08T00:00:00.000Z,64.2013521452,0.0518373620236602,203.5819705893,187.3448742972955,True,discovery
XLV,2017-03-09T00:00:00.000Z,64.5510141322,0.0591939546607618,203.8401511881,187.495213477173,True,discovery
XLV,2017-03-10T00:00:00.000Z,64.7983360254,0.0593976575573569,204.5544445623,187.63786170353697,True,discovery
XLV,2017-03-13T00:00:00.000Z,64.7471659785,0.0564987475634564,204.6577123267,187.77505629525248,True,discovery
XLV,2017-03-14T00:00:00.000Z,64.5083724265,0.046196403873048,203.8745688995,187.9080811418305,True,discovery
XLV,2017-03-15T00:00:00.000Z,65.3185648353,0.0510498147382534,205.6387879306,188.0461164349035,True,discovery
XLV,2017-03-16T00:00:00.000Z,64.6874675905,0.0297311973931204,205.2343081767,188.183822972004,True,discovery
XLV,2017-03-17T00:00:00.000Z,64.3325512926,0.0254736133781079,204.8755448649,188.317915033631,True,discovery
XLV,2017-03-20T00:00:00.000Z,64.226328972,0.0223905356006659,204.6508196508,188.4481737016825,True,discovery
XLV,2017-03-21T00:00:00.000Z,63.7333923529,0.0100187675384697,202.023205855,188.5679617493125,True,discovery
XLV,2017-03-22T00:00:00.000Z,63.7505111797,0.0117942809744577,202.4985978508,188.685596334736,True,discovery
XLV,2017-03-23T00:00:00.000Z,63.553644671,0.0013507591128698,202.2825117586,188.800753320871,True,discovery
XLV,2017-03-24T00:00:00.000Z,63.5878823247,-0.0029330137763713,202.1355749446,188.9122541463765,True,discovery
XLV,2017-03-27T00:00:00.000Z,63.7590705932,-0.00503862240376,201.9281271101,189.02394556647204,True,discovery
XLV,2017-03-28T00:00:00.000Z,63.8018676603,-0.0023792494562178,203.3975229091,189.151494307963,True,discovery
XLV,2017-03-29T00:00:00.000Z,63.8189864871,-0.0119929634071813,203.5876665694,189.286852909093,True,discovery
XLV,2017-03-30T00:00:00.000Z,63.8275459006,-0.008719345883809,204.235924846,189.42718876335,True,discovery
XLV,2017-03-31T00:00:00.000Z,63.6477982187,-0.0154231626809042,203.7605458153,189.566375556216,True,discovery
XLV,2017-04-03T00:00:00.000Z,63.6991546992,-0.0108443534161059,203.4061620311,189.70116536406047,True,discovery
XLV,2017-04-04T00:00:00.000Z,63.6649170455,-0.0043878749390597,203.5358085003,189.83987015176496,True,discovery
XLV,2017-04-05T00:00:00.000Z,63.4680505368,-0.011421902871166,202.9307700352,189.969889096872,True,discovery
XLV,2017-04-06T00:00:00.000Z,63.5793229113,-0.0150530744398528,203.5012399116,190.100249296627,True,discovery
XLV,2017-04-07T00:00:00.000Z,63.6905952858,-0.0170952034812403,203.2937929414,190.23101932585897,True,discovery
XLV,2017-04-10T00:00:00.000Z,63.5707634978,-0.0181691733208931,203.4148002887,190.3508603362755,True,discovery
XLV,2017-04-11T00:00:00.000Z,63.4851693636,-0.0158615544682332,203.1727855941,190.501710084119,True,discovery
XLV,2017-04-12T00:00:00.000Z,63.4851693636,-0.0280685204324816,202.2825117586,190.66360074124,True,discovery
XLV,2017-04-13T00:00:00.000Z,63.3225405086,-0.0211003326106471,200.9687048607,190.8036003643305,True,discovery
XLV,2017-04-17T00:00:00.000Z,63.553644671,-0.0121075039921445,202.7492646325,190.9377765756685,True,discovery
XLV,2017-04-18T00:00:00.000Z,62.8603321837,-0.0212684861514584,202.1442132023,191.056925300925,True,discovery
XLV,2017-04-19T00:00:00.000Z,63.048639279,-0.0107440236369097,201.7725511741,191.1723430140135,True,discovery
XLV,2017-04-20T00:00:00.000Z,63.4423722965,-0.0048335123514762,203.4148002887,191.3023986907905,True,discovery
XLV,2017-04-21T00:00:00.000Z,63.0657581058,-0.0076767676775368,202.7665420121,191.4238929241545,True,discovery
XLV,2017-04-24T00:00:00.000Z,63.6905952858,0.0016152914257392,204.9965522122,191.55709052561104,True,discovery
XLV,2017-04-25T00:00:00.000Z,63.9644965153,0.0032219089799891,206.1893517629,191.68297304663503,True,discovery
XLV,2017-04-26T00:00:00.000Z,64.3154324657,0.0080493694657086,206.0596923284,191.8050151792685,True,discovery
XLV,2017-04-27T00:00:00.000Z,64.4523830805,0.0099248927045876,206.2325715743,191.92132470684604,True,discovery
XLV,2017-04-28T00:00:00.000Z,64.623571349,0.0124715032854259,205.7831090452,192.0355146011705,True,discovery
XLV,2017-05-01T00:00:00.000Z,64.7690813772,0.0176169983861367,206.3017078874,192.147190156526,True,discovery
XLV,2017-05-02T00:00:00.000Z,64.9488290591,0.0196183821559519,206.3795083883,192.260488959864,True,discovery
XLV,2017-05-03T00:00:00.000Z,64.6321307624,0.0151922559831303,206.1288416066,192.370065870239,True,discovery
XLV,2017-05-04T00:00:00.000Z,65.0601014336,0.0250842886040258,206.3708571655,192.481789213678,True,discovery
XLV,2017-05-05T00:00:00.000Z,65.0258637799,0.0227517501345224,207.1833426009,192.5937445003695,True,discovery
XLV,2017-05-08T00:00:00.000Z,64.623571349,0.0146485687410118,207.1487748765,192.7090169341215,True,discovery
XLV,2017-05-09T00:00:00.000Z,64.7006060698,0.0177729904414172,206.9586173867,192.81921013819348,True,discovery
XLV,2017-05-10T00:00:00.000Z,64.5122989745,0.0161790481335459,207.3302794149,192.9337728109815,True,discovery
XLV,2017-05-11T00:00:00.000Z,64.5465366281,0.0167183497364746,206.9067593176,193.045792245584,True,discovery
XLV,2017-05-12T00:00:00.000Z,64.4352642536,0.0175723168410919,206.561013791,193.15706184350253,True,discovery
XLV,2017-05-15T00:00:00.000Z,64.8546755114,0.0204713804713339,207.7019544082,193.27297211410095,True,discovery
XLV,2017-05-16T00:00:00.000Z,64.6064525221,0.0277777777772032,207.5117977827,193.38644199730896,True,discovery
XLV,2017-05-17T00:00:00.000Z,63.7590705932,0.0112679880537347,203.8296950935,193.4822674391705,True,discovery
XLV,2017-05-18T00:00:00.000Z,64.0415312362,0.0094441446309703,204.6508196508,193.5881145086195,True,discovery
XLV,2017-05-19T00:00:00.000Z,64.221278918,0.0183224755700466,205.9819047926,193.69793568971556,True,discovery
XLV,2017-05-22T00:00:00.000Z,64.3924671865,0.0110200241896072,207.0277666649,193.812007225382,True,discovery
XLV,2017-05-23T00:00:00.000Z,64.6064525221,0.0100361300685989,207.485868316,193.92083598084704,True,discovery
XLV,2017-05-24T00:00:00.000Z,64.7690813772,0.0070535001337654,207.9698994338,194.032638145151,True,discovery
XLV,2017-05-25T00:00:00.000Z,65.0772202604,0.0096945551124087,208.9638902718,194.148857010395,True,discovery
XLV,2017-05-26T00:00:00.000Z,64.9573884725,0.0051655629135261,208.9206834255,194.267158121548,True,discovery
XLV,2017-05-30T00:00:00.000Z,64.8632349248,0.0014536804536668,208.7391650577,194.3802529793025,True,discovery
XLV,2017-05-31T00:00:00.000Z,65.1200173275,0.0026357406419785,208.6873061243,194.493897150169,True,discovery
XLV,2017-06-01T00:00:00.000Z,65.8390080551,0.0186730234399468,210.3468464479,194.61315771284757,True,discovery
XLV,2017-06-02T00:00:00.000Z,66.2669787263,0.018550190763716,211.0469627936,194.7407282278725,True,discovery
XLV,2017-06-05T00:00:00.000Z,66.078671631,0.0161906015529997,210.8913868576,194.865775904425,True,discovery
XLV,2017-06-06T00:00:00.000Z,65.9160427759,0.0199999999987618,210.2171999787,194.9853671214505,True,discovery
XLV,2017-06-07T00:00:00.000Z,66.0957904578,0.0215636989009786,210.6061523516,195.10826509330897,True,discovery
XLV,2017-06-08T00:00:00.000Z,65.9074833625,0.0216266418989576,210.7098693541,195.2317241858595,True,discovery
XLV,2017-06-09T00:00:00.000Z,66.3525728606,0.0279803739572566,210.3900662594,195.35171156091,True,discovery
XLV,2017-06-12T00:00:00.000Z,66.2669787263,0.0284272051014,210.3468464479,195.476249671841,True,discovery
XLV,2017-06-13T00:00:00.000Z,66.4039293411,0.0238880823546432,211.3754179755,195.6065690969585,True,discovery
XLV,2017-06-14T00:00:00.000Z,66.7206276378,0.0327239003716666,211.1074729498,195.737293823838,True,discovery
XLV,2017-06-15T00:00:00.000Z,66.6521523304,0.0453752181498792,210.7012302322,195.861433252943,True,discovery
XLV,2017-06-16T00:00:00.000Z,66.7615613206,0.0424729083126993,210.7471295112,195.98733438648352,True,discovery
XLV,2017-06-19T00:00:00.000Z,67.4576208478,0.0503936076067914,212.5016228227,196.124646760708,True,discovery
XLV,2017-06-20T00:00:00.000Z,67.6810473627,0.0510708832863211,211.0684928282,196.2547509492805,True,discovery
XLV,2017-06-21T00:00:00.000Z,68.5403801124,0.0608906299096723,211.0163810316,196.380423596703,True,discovery
XLV,2017-06-22T00:00:00.000Z,69.2536262946,0.0692389767161134,210.9208386846,196.502809475094,True,discovery
XLV,2017-06-23T00:00:00.000Z,69.1505063646,0.0625915810156174,211.1727285813,196.62653994242552,True,discovery
XLV,2017-06-26T00:00:00.000Z,69.0817597447,0.0634934896427688,211.3116875818,196.7530932655715,True,discovery
XLV,2017-06-27T00:00:00.000Z,68.4544468374,0.0553659082338942,209.6093199639,196.89339424969648,True,discovery
XLV,2017-06-28T00:00:00.000Z,68.8153665923,0.0567467487948512,211.4854097836,197.0300519635195,True,discovery
XLV,2017-06-29T00:00:00.000Z,68.188053685,0.0356786303331622,209.626694616,197.170652639755,True,discovery
XLV,2017-06-30T00:00:00.000Z,68.0935270825,0.0275634771843775,210.0175435133,197.313548058719,True,discovery
XLV,2017-07-03T00:00:00.000Z,68.2138336675,0.0323124237185528,210.3736561346,197.44915848045,True,discovery
XLV,2017-07-05T00:00:00.000Z,68.6177200598,0.0409866425550622,210.8600465104,197.5907246503725,True,discovery
XLV,2017-07-06T00:00:00.000Z,67.7326073277,0.02476431340881,208.931844894,197.7224786654825,True,discovery
XLV,2017-07-07T00:00:00.000Z,68.0763404276,0.0329075994780592,210.2867950337,197.860964679899,True,discovery
XLV,2017-07-10T00:00:00.000Z,67.9474405151,0.0240362594205751,210.512619478,197.9903132841465,True,discovery
XLV,2017-07-11T00:00:00.000Z,67.8701005676,0.0241918655733699,210.3562788768,198.113062565404,True,discovery
XLV,2017-07-12T00:00:00.000Z,68.3341402525,0.0290677213013255,211.9370560664,198.2488061511645,True,discovery
XLV,2017-07-13T00:00:00.000Z,68.3942935449,0.0250846846972971,212.2931652136,198.3938162677905,True,discovery
XLV,2017-07-14T00:00:00.000Z,68.8583332297,0.0330999198400043,213.2833223543,198.5380878128665,True,discovery
XLV,2017-07-17T00:00:00.000Z,68.6091267323,0.0276740893285538,213.2572655875,198.6776519631365,True,discovery
XLV,2017-07-18T00:00:00.000Z,68.6606866973,0.0178343949042374,213.3701782439,198.82616500569952,True,discovery
XLV,2017-07-19T00:00:00.000Z,69.2192529846,0.0227272727275749,214.5253615747,198.973524038763,True,discovery
XLV,2017-07-20T00:00:00.000Z,69.6746993419,0.0165496489462098,214.6209030532,199.1235852033395,True,discovery
XLV,2017-07-21T00:00:00.000Z,69.5973593944,0.0049633949612657,214.4298200962,199.277396455164,True,discovery
XLV,2017-07-24T00:00:00.000Z,69.571579412,0.0060892257994449,214.3777065625,199.426883267489,True,discovery
XLV,2017-07-25T00:00:00.000Z,69.0731664172,-0.0001243935813411,214.8988418998,199.5783341262985,True,discovery
XLV,2017-07-26T00:00:00.000Z,68.8411465747,0.0056490082845681,214.9075274887,199.732993941002,True,discovery
XLV,2017-07-27T00:00:00.000Z,68.3685135624,-0.006493506494667,214.7077589428,199.88186383543848,True,discovery
XLV,2017-07-28T00:00:00.000Z,68.7122466623,0.0076874606176846,214.4558768631,200.04115250333305,True,discovery
XLV,2017-07-31T00:00:00.000Z,68.6520933698,0.0082029278146107,214.3342786177,200.198635362492,True,discovery
XLV,2017-08-01T00:00:00.000Z,68.4974134749,0.0041572184431426,214.8119860102,200.3615012039975,True,discovery
XLV,2017-08-02T00:00:00.000Z,68.3427335799,-0.0040075140890772,214.9162130777,200.5244176332035,True,discovery
XLV,2017-08-03T00:00:00.000Z,68.4544468374,0.0106571936055501,214.4993048079,200.688414980567,True,discovery
XLV,2017-08-04T00:00:00.000Z,68.2997669425,0.0032819994949289,214.8901563108,200.84867722819152,True,discovery
XLV,2017-08-07T00:00:00.000Z,68.4458535099,0.0073352725433306,215.2896934027,201.00849890319748,True,discovery
XLV,2017-08-08T00:00:00.000Z,68.1279003925,0.0037984299823339,214.7598724765,201.16738253022152,True,discovery
XLV,2017-08-09T00:00:00.000Z,68.20524034,-0.0018863179082038,214.7511868875,201.325794997221,True,discovery
XLV,2017-08-10T00:00:00.000Z,67.3545009178,-0.0152029149393492,211.7199163426,201.465158386396,True,discovery
XLV,2017-08-11T00:00:00.000Z,67.5435541228,-0.0190939722940156,212.0325975449,201.6091651340275,True,discovery
XLV,2017-08-14T00:00:00.000Z,67.9990004801,-0.0088927855703601,214.1345100718,201.7655208278385,True,discovery
XLV,2017-08-15T00:00:00.000Z,67.9990004801,-0.0096370463074034,214.1084533049,201.924184560058,True,discovery
XLV,2017-08-16T00:00:00.000Z,68.188053685,-0.0148975791436152,214.48193363,202.0874106699385,True,discovery
XLV,2017-08-17T00:00:00.000Z,67.3373142629,-0.0335471139606967,211.1379818827,202.2338742012475,True,discovery
XLV,2017-08-18T00:00:00.000Z,67.027954473,-0.0369181380408342,210.8079295024,202.38527517179,True,discovery
XLV,2017-08-21T00:00:00.000Z,67.3287209354,-0.0322381422925285,210.9729556925,202.542933916857,True,discovery
XLV,2017-08-22T00:00:00.000Z,68.1450870475,-0.0134361781548341,213.1790952869,202.715729983119,True,discovery
XLV,2017-08-23T00:00:00.000Z,67.6294873977,-0.017600798901355,212.4147634589,202.8856882454615,True,discovery
XLV,2017-08-24T00:00:00.000Z,67.8271339302,-0.0079185520350076,211.9196848885,203.033493706826,True,discovery
XLV,2017-08-25T00:00:00.000Z,67.8443205851,-0.0126313156585551,212.4147634589,203.1796679335415,True,discovery
XLV,2017-08-28T00:00:00.000Z,68.20524034,-0.0065089498056961,212.4234490479,203.3161751789525,True,discovery
XLV,2017-08-29T00:00:00.000Z,68.3341402525,-0.002383640697029,212.6666455386,203.451588475635,True,discovery
XLV,2017-08-30T00:00:00.000Z,68.6864666798,0.0050295485985814,213.6741738572,203.59417826680453,True,discovery
XLV,2017-08-31T00:00:00.000Z,69.8551592193,0.0204619633436979,214.9596410224,203.7424681923715,True,discovery
XLV,2017-09-01T00:00:00.000Z,69.8035992544,0.022018117765556,215.2636366358,203.8850487603905,True,discovery
XLV,2017-09-05T00:00:00.000Z,69.502832792,0.0154425612056561,213.717601802,204.0216530307245,True,discovery
XLV,2017-09-06T00:00:00.000Z,69.8379725643,0.0251009081734194,214.4471912741,204.157114175159,True,discovery
XLV,2017-09-07T00:00:00.000Z,70.611372039,0.03527781277517,214.4211345073,204.29454113298448,True,discovery
XLV,2017-09-08T00:00:00.000Z,70.9293251564,0.0530747639710484,214.1692524276,204.423650491527,True,discovery
XLV,2017-09-11T00:00:00.000Z,71.4792981162,0.058269720101558,216.4535623225,204.5623419518335,True,discovery
XLV,2017-09-12T00:00:00.000Z,71.6339780111,0.0534563376716659,217.1831517947,204.70416805619504,True,discovery
XLV,2017-09-13T00:00:00.000Z,71.3675848587,0.0495387337286792,217.2873788621,204.84300754720348,True,discovery
XLV,2017-09-14T00:00:00.000Z,71.4621114612,0.0480151228736451,217.2178941505,204.98594846289495,True,discovery
XLV,2017-09-15T00:00:00.000Z,71.234177746,0.057870788666827,217.5084913743,205.12850291699505,True,discovery
XLV,2017-09-18T00:00:00.000Z,71.2169276727,0.0624959128267503,217.9711082547,205.275637635287,True,discovery
XLV,2017-09-19T00:00:00.000Z,70.65630029,0.0494228808801036,218.1893237644,205.4273283642605,True,discovery
XLV,2017-09-20T00:00:00.000Z,70.7253005833,0.0378635298242626,218.2678813478,205.5789413934025,True,discovery
XLV,2017-09-21T00:00:00.000Z,70.3630490437,0.0404196712289877,217.683063782,205.72198373313097,True,discovery
XLV,2017-09-22T00:00:00.000Z,70.3630490437,0.0373879149325353,217.726706884,205.86224990715095,True,discovery
XLV,2017-09-25T00:00:00.000Z,70.1560481639,0.0340740029358876,217.2815472443,205.9878848976875,True,discovery
XLV,2017-09-26T00:00:00.000Z,70.0439226874,0.0269580803210169,217.4124765501,206.111821847902,True,discovery
XLV,2017-09-27T00:00:00.000Z,70.0180475774,0.0246422552281746,218.2591527275,206.234174494854,True,discovery
XLV,2017-09-28T00:00:00.000Z,70.078422834,0.0202653626177766,218.521011339,206.35894861698,True,discovery
XLV,2017-09-29T00:00:00.000Z,70.4924245936,0.0091226672649817,219.2891299329,206.4811040177235,True,discovery
XLV,2017-10-02T00:00:00.000Z,71.208302636,0.0201236525996395,220.2405495549,206.616058560682,True,discovery
XLV,2017-10-03T00:00:00.000Z,71.1910525627,0.0242899419042716,220.7118950556,206.749391594705,True,discovery
XLV,2017-10-04T00:00:00.000Z,71.536054029,0.0243145870699004,220.9737536672,206.8859207108665,True,discovery
XLV,2017-10-05T00:00:00.000Z,71.5878042489,0.0138282571447654,222.2830467249,207.0268878126935,True,discovery
XLV,2017-10-06T00:00:00.000Z,71.4929288457,0.007945989730725,222.0299167338,207.1628457048335,True,discovery
XLV,2017-10-09T00:00:00.000Z,71.0444269396,-0.0060838758642124,221.6633146776,207.299681412841,True,discovery
XLV,2017-10-10T00:00:00.000Z,71.208302636,-0.0059423668337117,222.2481322434,207.441119361485,True,discovery
XLV,2017-10-11T00:00:00.000Z,71.3463032225,-0.0002981975114071,222.5972770588,207.5828830465065,True,discovery
XLV,2017-10-12T00:00:00.000Z,71.2686778926,-0.0027067989546464,222.2655894842,207.7205786450725,True,discovery
XLV,2017-10-13T00:00:00.000Z,71.0875521228,-0.0020583605768963,222.5361767161,207.867673771023,True,discovery
XLV,2017-10-16T00:00:00.000Z,70.7770508032,-0.0061765774496983,222.8329498092,208.016467859151,True,discovery
XLV,2017-10-17T00:00:00.000Z,71.7258048354,0.0151367187499251,222.9900649761,208.1695759861325,True,discovery
XLV,2017-10-18T00:00:00.000Z,71.8293052753,0.0156097560971086,223.2082804858,208.3164170913615,True,discovery
XLV,2017-10-19T00:00:00.000Z,72.2691821448,0.0270899730328082,223.2693808285,208.4577977355005,True,discovery
XLV,2017-10-20T00:00:00.000Z,72.3468074747,0.0281931846041514,224.4215587193,208.605713837568,True,discovery
XLV,2017-10-23T00:00:00.000Z,72.1656817049,0.0286451930175009,223.5486966808,208.7457801702755,True,discovery
XLV,2017-10-24T00:00:00.000Z,71.6826796521,0.0233961334806109,223.9414845981,208.8910376677815,True,discovery
XLV,2017-10-25T00:00:00.000Z,71.5791792123,0.0222961320533008,222.8329498092,209.030752491343,True,discovery
XLV,2017-10-26T00:00:00.000Z,70.8633011698,0.0112000000008447,223.1209942819,209.1691536427235,True,discovery
XLV,2017-10-27T00:00:00.000Z,70.8460510965,0.0050165178022845,224.9452759424,209.3191289236885,True,discovery
XLV,2017-10-30T00:00:00.000Z,70.0870478707,-0.0157461240303898,224.1073283854,209.462676906843,True,discovery
XLV,2017-10-31T00:00:00.000Z,69.9576723208,-0.0173249333659412,224.4564732008,209.611413000543,True,discovery
XLV,2017-11-01T00:00:00.000Z,70.130173054,-0.0196527610319415,224.7532462939,209.75948147623347,True,discovery
XLV,2017-11-02T00:00:00.000Z,69.8110466977,-0.0248192771079063,224.8405324978,209.91160085796895,True,discovery
XLV,2017-11-03T00:00:00.000Z,70.3889241537,-0.0154421522495284,225.5911938509,210.063902079599,True,discovery
XLV,2017-11-06T00:00:00.000Z,70.1732982373,-0.0122617457811379,225.9403386663,210.22048782313897,True,discovery
XLV,2017-11-07T00:00:00.000Z,70.3199238604,-0.0124757751935358,225.7832234993,210.370048637132,True,discovery
XLV,2017-11-08T00:00:00.000Z,70.4837995569,-0.012088974854243,226.1672827963,210.5130528984165,True,discovery
XLV,2017-11-09T00:00:00.000Z,70.4924245936,-0.0108919278700494,225.3467924801,210.6529874417025,True,discovery
XLV,2017-11-10T00:00:00.000Z,70.0352976508,-0.0148022324665545,225.276963517,210.794121912578,True,discovery
XLV,2017-11-13T00:00:00.000Z,70.104297944,-0.0095052400681491,225.4864504063,210.942414022362,True,discovery
XLV,2017-11-14T00:00:00.000Z,69.8196717343,-0.0265752765754847,224.9627331831,211.08817362258097,True,discovery
XLV,2017-11-15T00:00:00.000Z,69.6212958912,-0.030739673391485,223.8367411535,211.22791601283848,True,discovery
XLV,2017-11-16T00:00:00.000Z,70.3457989704,-0.0266141544337151,225.7395803974,211.37652711554648,True,discovery
XLV,2017-11-17T00:00:00.000Z,70.0697977974,-0.0314735336192447,225.0762052482,211.5150657188215,True,discovery
XLV,2017-11-20T00:00:00.000Z,69.7765465511,-0.0331062507462986,225.4602645451,211.657288847939,True,discovery
XLV,2017-11-21T00:00:00.000Z,70.3889241537,-0.0180483696295817,226.9354013902,211.806844592886,True,discovery
XLV,2017-11-22T00:00:00.000Z,70.3630490437,-0.016989998795502,226.7346431213,211.95410564349447,True,discovery
XLV,2017-11-24T00:00:00.000Z,70.5269247402,-0.0047468354429888,227.2583603444,212.09813324086448,True,discovery
XLV,2017-11-27T00:00:00.000Z,70.5872999968,-0.0036523009496683,227.1448882794,212.237677825318,True,discovery
XLV,2017-11-28T00:00:00.000Z,71.1048021962,0.0145212896878976,229.4492440611,212.38332241159748,True,discovery
XLV,2017-11-29T00:00:00.000Z,71.4584286991,0.0214523486633186,229.3095861349,212.5242669791035,True,discovery
XLV,2017-11-30T00:00:00.000Z,71.9931809718,0.0265649981551521,231.3171688234,212.669999836071,True,discovery
XLV,2017-12-01T00:00:00.000Z,71.8465553486,0.0291574005431303,230.8370947023,212.814192902914,True,discovery
XLV,2017-12-04T00:00:00.000Z,70.9668016097,0.0082097782136598,230.5577788499,212.9553973142385,True,discovery
XLV,2017-12-05T00:00:00.000Z,70.8460510965,0.0095870206488657,229.7285599134,213.0864314384245,True,discovery
XLV,2017-12-06T00:00:00.000Z,70.7856758399,0.0066233288367123,229.7722030153,213.218587426997,True,discovery
XLV,2017-12-07T00:00:00.000Z,70.8029259132,0.0045276554088486,230.4966785073,213.353677305409,True,discovery
XLV,2017-12-08T00:00:00.000Z,71.5964292856,0.0156613238708236,231.7535998427,213.493760887504,True,discovery
XLV,2017-12-11T00:00:00.000Z,71.8983055686,0.02660098522161,232.4518894735,213.63574383719347,True,discovery
XLV,2017-12-12T00:00:00.000Z,72.1829317782,0.0296505905509594,232.8621346316,213.78253191152143,True,discovery
XLV,2017-12-13T00:00:00.000Z,72.4330578413,0.0374305126633263,232.8359487704,213.91494624454648,True,discovery
XLV,2017-12-14T00:00:00.000Z,71.6999297255,0.0298562933609904,231.8845291485,214.04910093804105,True,discovery
XLV,2017-12-15T00:00:00.000Z,72.4852789882,0.0304137567433167,233.8059891583,214.19221751236,True,discovery
XLV,2017-12-18T00:00:00.000Z,72.5112562713,0.0348432356114289,235.2886056518,214.345802236954,True,discovery
XLV,2017-12-19T00:00:00.000Z,72.4246653276,0.037951416448515,234.3849991498,214.4979240656925,True,discovery
XLV,2017-12-20T00:00:00.000Z,72.1908697796,0.0255998461059769,234.2621788486,214.651325106989,True,discovery
XLV,2017-12-21T00:00:00.000Z,72.0263469865,0.0236387985655224,234.7446871749,214.805847786923,True,discovery
XLV,2017-12-22T00:00:00.000Z,71.7925514384,0.0179452982369809,234.6832770242,214.9564919492325,True,discovery
XLV,2017-12-26T00:00:00.000Z,71.8098696272,0.0173199659210003,234.4025449071,215.1052161121345,True,discovery
XLV,2017-12-27T00:00:00.000Z,71.9310969484,0.0116208009399982,234.5165923297,215.2584262292855,True,discovery
XLV,2017-12-28T00:00:00.000Z,72.0350060809,0.0080687106097432,234.999100656,215.40522779291248,True,discovery
XLV,2017-12-29T00:00:00.000Z,71.5933922679,-0.005553146818955,234.1130399114,215.549621451586,True,discovery
XLV,2018-01-02T00:00:00.000Z,72.3986880445,0.007684887510905,235.7886597354,215.70418702593847,True,discovery
XLV,2018-01-03T00:00:00.000Z,73.0914155942,0.0299381391905593,237.2800491075,215.867333173222,True,discovery
XLV,2018-01-04T00:00:00.000Z,73.1953247267,0.0331602622000768,238.2801572747,216.0486179303205,True,discovery
XLV,2018-01-05T00:00:00.000Z,73.8187795215,0.0428491166554678,239.8680483121,216.23546518262705,True,discovery
XLV,2018-01-08T00:00:00.000Z,73.550347596,0.0388037873769251,240.3066922451,216.42558608505948,True,discovery
XLV,2018-01-09T00:00:00.000Z,74.4162570332,0.039385033244488,240.850610722,216.61916126394647,True,discovery
XLV,2018-01-10T00:00:00.000Z,74.2863706176,0.0332144830133929,240.4821498183,216.8119313774875,True,discovery
XLV,2018-01-11T00:00:00.000Z,74.6067571093,0.0335789260894501,242.2367255502,217.00612739069297,True,discovery
XLV,2018-01-12T00:00:00.000Z,75.1782573379,0.0378998150625464,243.8158437089,217.2072682763905,True,discovery
XLV,2018-01-16T00:00:00.000Z,75.5505983959,0.0537053339541908,242.9824202363,217.401000753342,True,discovery
XLV,2018-01-17T00:00:00.000Z,76.2779623231,0.0523234977893569,245.2984602024,217.6086903252775,True,discovery
XLV,2018-01-18T00:00:00.000Z,76.2952805119,0.0521853355628278,244.8861349054,217.816090189649,True,discovery
XLV,2018-01-19T00:00:00.000Z,76.5810306262,0.0573888091826098,246.0002904952,218.02841259962352,True,discovery
XLV,2018-01-22T00:00:00.000Z,77.0832580997,0.0677701811189772,248.0005068296,218.25376128359548,True,discovery
XLV,2018-01-23T00:00:00.000Z,76.7109170418,0.0650396729987992,248.5268795492,218.47888948178348,True,discovery
XLV,2018-01-24T00:00:00.000Z,76.9360534954,0.0716439512727622,248.4303778839,218.704572406496,True,discovery
XLV,2018-01-25T00:00:00.000Z,77.5941446677,0.0805498613286583,248.5356524278,218.9301766671915,True,discovery
XLV,2018-01-26T00:00:00.000Z,79.2653498815,0.1019622005536944,251.4131566282,219.171378522362,True,discovery
XLV,2018-01-29T00:00:00.000Z,79.0488725222,0.097367472051338,249.7463096829,219.4086975119835,True,discovery
XLV,2018-01-30T00:00:00.000Z,77.3863264028,0.0809143686504341,247.1846291142,219.63977713325096,True,discovery
XLV,2018-01-31T00:00:00.000Z,76.2866214175,0.0537017103211907,247.3074494155,219.862568057166,True,discovery
XLV,2018-02-01T00:00:00.000Z,76.3125987006,0.0440706077480268,247.0267172984,220.0869805776465,True,discovery
XLV,2018-02-02T00:00:00.000Z,75.2388709985,0.0279190819827672,241.64894268,220.286362535176,True,discovery
XLV,2018-02-05T00:00:00.000Z,71.9051196653,-0.0259237536654562,231.5425864641,220.42700146605296,True,discovery
XLV,2018-02-06T00:00:00.000Z,72.7017563475,-0.011537555922389,236.1044833671,220.593691172828,True,discovery
XLV,2018-02-07T00:00:00.000Z,72.6151654038,-0.0242029322785806,234.8236430828,220.742826627181,True,discovery
XLV,2018-02-08T00:00:00.000Z,70.0953689415,-0.0564168317991169,226.0156729085,220.84195823290895,True,discovery
XLV,2018-02-09T00:00:00.000Z,71.0911647943,-0.0471216341684656,229.4107769498,220.958713656016,True,discovery
XLV,2018-02-12T00:00:00.000Z,71.757915061,-0.0454964293934981,232.7795623551,221.09144860992,True,discovery
XLV,2018-02-13T00:00:00.000Z,71.8098696272,-0.0495128939826239,233.3585723466,221.229325926427,True,discovery
XLV,2018-02-14T00:00:00.000Z,72.6238244982,-0.0479055511396819,236.5080357854,221.380357565917,True,discovery
XLV,2018-02-15T00:00:00.000Z,73.4291202748,-0.0375666780155944,239.5259060444,221.5460895541975,True,discovery
XLV,2018-02-16T00:00:00.000Z,73.9573250314,-0.0342605156047922,239.5960890736,221.7134257915325,True,discovery
XLV,2018-02-20T00:00:00.000Z,73.1433701605,-0.0511121096374017,238.0959268228,221.872051139819,True,discovery
XLV,2018-02-21T00:00:00.000Z,72.8403018575,-0.050457162207967,236.9115882038,222.0206923678335,True,discovery
XLV,2018-02-22T00:00:00.000Z,72.7277336306,-0.0546989307821932,237.2186389569,222.1710416882355,True,discovery
XLV,2018-02-23T00:00:00.000Z,73.8880522765,-0.047762526503404,240.9997496592,222.341247349598,True,discovery
XLV,2018-02-26T00:00:00.000Z,74.8232344686,-0.0560410749405744,243.7982979516,222.5235874422815,True,discovery
XLV,2018-02-27T00:00:00.000Z,74.0439159752,-0.063314711359032,240.7541090567,222.692824190977,True,discovery
XLV,2018-02-28T00:00:00.000Z,72.8576200462,-0.0585207564063429,238.3152487893,222.8515953659685,True,discovery
XLV,2018-03-01T00:00:00.000Z,71.6973014003,-0.0601589103295536,234.8499617188,222.9873354025215,True,discovery
XLV,2018-03-02T00:00:00.000Z,72.4246653276,-0.0509474639731989,236.0606189738,223.130079508477,True,discovery
XLV,2018-03-05T00:00:00.000Z,73.0827564999,-0.0286569225453022,238.788984237,223.3048759541945,True,discovery
XLV,2018-03-06T00:00:00.000Z,72.9788473674,0.0149325626199903,239.3943128645,223.478593420263,True,discovery
XLV,2018-03-07T00:00:00.000Z,73.3511884254,0.0089328251548126,239.3065840779,223.6452168166895,True,discovery
XLV,2018-03-08T00:00:00.000Z,73.8447568046,0.0169329835436227,240.4646040609,223.81240100366952,True,discovery
XLV,2018-03-09T00:00:00.000Z,74.9098254124,0.0686843730706094,244.6492671816,223.99821799799756,True,discovery
XLV,2018-03-12T00:00:00.000Z,74.5894389206,0.049208282582261,244.3422164285,224.18007958297105,True,discovery
XLV,2018-03-13T00:00:00.000Z,74.6846889587,0.0407867744653951,242.7630982698,224.34907562296095,True,discovery
XLV,2018-03-14T00:00:00.000Z,74.3210069951,0.0349692511758696,241.5173495001,224.512058953334,True,discovery
XLV,2018-03-15T00:00:00.000Z,74.1997796739,0.0217002503873788,241.2541631403,224.67463394374695,True,discovery
XLV,2018-03-16T00:00:00.000Z,74.1994921919,0.0104913679234748,241.5145246332,224.8387700362915,True,discovery
XLV,2018-03-19T00:00:00.000Z,73.0003435888,-0.0129396438039598,238.2467679359,224.9782696437315,True,discovery
XLV,2018-03-20T00:00:00.000Z,73.1046173803,-0.0005298194506893,238.6519345345,225.116294502436,True,discovery
XLV,2018-03-21T00:00:00.000Z,72.7917960056,-0.0006659205228841,238.1939201187,225.2528071687415,True,discovery
XLV,2018-03-22T00:00:00.000Z,70.6976306914,-0.0279137385128944,232.2397327135,225.3629198324155,True,discovery
XLV,2018-03-23T00:00:00.000Z,69.2291081266,-0.0630540934069496,227.2896538351,225.446337339833,True,discovery
XLV,2018-03-26T00:00:00.000Z,70.6628727608,-0.0556025375987444,233.5080803264,225.5603283946945,True,discovery
XLV,2018-03-27T00:00:00.000Z,69.8286824282,-0.0569288305660634,229.5356860664,225.65605649372952,True,discovery
XLV,2018-03-28T00:00:00.000Z,70.2023301814,-0.0364449163054769,228.8574724122,225.74860962355103,True,discovery
XLV,2018-03-29T00:00:00.000Z,70.7323886219,-0.0134581463953951,231.7817182977,225.850641125162,True,discovery
XLV,2018-04-02T00:00:00.000Z,69.124834335,-0.045562253932052,226.7787916021,225.9289977184235,True,discovery
XLV,2018-04-03T00:00:00.000Z,70.1762617335,-0.0397699116125153,229.6854215485,226.023918675005,True,discovery
XLV,2018-04-04T00:00:00.000Z,71.1755522361,-0.0247098330043717,232.1428450486,226.130897252692,True,discovery
XLV,2018-04-05T00:00:00.000Z,71.1234153403,-0.0303713291212138,233.9749027117,226.238263652137,True,discovery
XLV,2018-04-06T00:00:00.000Z,69.4115872619,-0.0600336399567348,228.7605847474,226.32672411173303,True,discovery
XLV,2018-04-09T00:00:00.000Z,70.0980563898,-0.0642341508087868,229.8880048478,226.421082230814,True,discovery
XLV,2018-04-10T00:00:00.000Z,71.2798260277,-0.0443710656735609,233.5433122045,226.53419459841348,True,discovery
XLV,2018-04-11T00:00:00.000Z,70.6976306914,-0.0533852162054904,232.3190044393,226.63992597770348,True,discovery
XLV,2018-04-12T00:00:00.000Z,71.1755522361,-0.0423225530193285,234.2303338282,226.75451920893556,True,discovery
XLV,2018-04-13T00:00:00.000Z,71.1407943056,-0.0412263403172342,233.5433122045,226.8741891701385,True,discovery
XLV,2018-04-16T00:00:00.000Z,71.7056106766,-0.0336104930320837,235.463449563,226.9940793690355,True,discovery
XLV,2018-04-17T00:00:00.000Z,72.2617375651,-0.0101178431140058,237.9825288499,227.13585854020505,True,discovery
XLV,2018-04-18T00:00:00.000Z,72.3225639435,-0.0106977297033326,238.1586882406,227.2765642638415,True,discovery
XLV,2018-04-19T00:00:00.000Z,71.7143001593,-0.0148024352389535,236.8374928104,227.4088834472205,True,discovery
XLV,2018-04-20T00:00:00.000Z,71.3319629235,0.0089724680430793,234.8292757566,227.5287295934515,True,discovery
XLV,2018-04-23T00:00:00.000Z,71.6100263677,0.0343918664493843,234.7940438784,227.65804058837352,True,discovery
XLV,2018-04-24T00:00:00.000Z,71.0712784445,0.0057796360060604,231.6319828156,227.764766527283,True,discovery
XLV,2018-04-25T00:00:00.000Z,71.3927893019,0.0223992035838318,232.2045008353,227.8732259340695,True,discovery
XLV,2018-04-26T00:00:00.000Z,72.2964954956,0.0298304245569736,234.5650366705,227.994269723038,True,discovery
XLV,2018-04-27T00:00:00.000Z,72.5919379051,0.0262899262902065,234.7852359089,228.1085106222505,True,discovery
XLV,2018-04-30T00:00:00.000Z,71.4796841282,0.0340666247645193,232.9796021543,228.21194280695403,True,discovery
XLV,2018-05-01T00:00:00.000Z,71.4449261977,0.018078256562281,233.3935767225,228.312494078795,True,discovery
XLV,2018-05-02T00:00:00.000Z,70.4630146603,-0.0100109876694234,231.8257581453,228.405336541584,True,discovery
XLV,2018-05-03T00:00:00.000Z,69.8286824282,-0.018204031765139,231.3148959123,228.495060129926,True,discovery
XLV,2018-05-04T00:00:00.000Z,70.3848093166,0.0140210315466191,234.309605554,228.59398134982249,True,discovery
XLV,2018-05-07T00:00:00.000Z,70.280535525,0.0026031982140171,235.1023228121,228.696388448617,True,discovery
XLV,2018-05-08T00:00:00.000Z,69.7504770845,-0.0214555650375138,235.1023228121,228.79975096219653,True,discovery
XLV,2018-05-09T00:00:00.000Z,70.1501932856,-0.0077433628319115,237.374778952,228.914736324144,True,discovery
XLV,2018-05-10T00:00:00.000Z,71.0886574098,-0.0012208521545677,239.5943872747,229.0382140510185,True,discovery
XLV,2018-05-11T00:00:00.000Z,72.1487742909,0.0141688042021292,240.325448746,229.165303657305,True,discovery
XLV,2018-05-14T00:00:00.000Z,72.6266958356,0.0128453708197842,240.43995235,229.293964624341,True,discovery
XLV,2018-05-15T00:00:00.000Z,71.6882317114,-0.0079365079366289,238.7840540775,229.41560551041297,True,discovery
XLV,2018-05-16T00:00:00.000Z,72.0879479124,-0.0032440225886252,239.7881626044,229.54287493034653,True,discovery
XLV,2018-05-17T00:00:00.000Z,72.1140163603,0.0055737307637682,239.5855793051,229.666742896821,True,discovery
XLV,2018-05-18T00:00:00.000Z,72.2964954956,0.0135217444266102,238.9866373768,229.78709501831648,True,discovery
XLV,2018-05-21T00:00:00.000Z,72.3660113566,0.0105569712405662,240.7834631618,229.918515810086,True,discovery
XLV,2018-05-22T00:00:00.000Z,72.2269796345,0.0162611566204271,240.1140574772,230.044635315918,True,discovery
XLV,2018-05-23T00:00:00.000Z,72.4615956656,0.0149707887050094,240.7746551923,230.172060124866,True,discovery
XLV,2018-05-24T00:00:00.000Z,72.1748427387,-0.001682692308473,240.2814088984,230.2996678069755,True,discovery
XLV,2018-05-25T00:00:00.000Z,72.0705689472,-0.0071821881733146,239.7088908786,230.424456326931,True,discovery
XLV,2018-05-29T00:00:00.000Z,71.3319629235,-0.0020666180398204,236.9519964144,230.55061672729,True,discovery
XLV,2018-05-30T00:00:00.000Z,72.4007692872,0.0133787399661529,240.1140574772,230.69102402695148,True,discovery
XLV,2018-05-31T00:00:00.000Z,71.6100263677,0.0162782093972235,238.643126565,230.81356710941748,True,discovery
XLV,2018-06-01T00:00:00.000Z,72.4355272177,0.0373320059730533,240.9860464611,230.94795507519848,True,discovery
XLV,2018-06-04T00:00:00.000Z,72.7049011793,0.0329629629635555,242.1310825006,231.0862008195515,True,discovery
XLV,2018-06-05T00:00:00.000Z,72.5571799745,0.0323936696340363,242.3072418913,231.2420471195945,True,discovery
XLV,2018-06-06T00:00:00.000Z,73.3739913419,0.0519496698640533,244.3330748842,231.4096728465035,True,discovery
XLV,2018-06-07T00:00:00.000Z,73.4695756509,0.0473182212312077,244.3066509756,231.576341322919,True,discovery
XLV,2018-06-08T00:00:00.000Z,73.8953602998,0.0394817259498991,245.0289044774,231.7355903688715,True,discovery
XLV,2018-06-11T00:00:00.000Z,74.0343920219,0.0261351318789879,245.3547993502,231.900290548328,True,discovery
XLV,2018-06-12T00:00:00.000Z,73.9909446088,0.0187843981817397,245.6718862534,232.0690515551525,True,discovery
XLV,2018-06-13T00:00:00.000Z,74.008323574,0.0323636363628014,244.8879769648,232.231417622682,True,discovery
XLV,2018-06-14T00:00:00.000Z,74.3906608098,0.031943105110971,245.5045348323,232.396823051604,True,discovery
XLV,2018-06-15T00:00:00.000Z,74.5349062215,0.0335703096760637,245.192380392,232.559451725871,True,discovery
XLV,2018-06-18T00:00:00.000Z,73.8197339409,0.0210693261804466,244.6880695746,232.714521204458,True,discovery
XLV,2018-06-19T00:00:00.000Z,74.0116094308,0.0227399305744644,243.7502284054,232.858474141373,True,discovery
XLV,2018-06-20T00:00:00.000Z,74.168598468,0.0268821822998197,244.1660636408,233.002986276398,True,discovery
XLV,2018-06-21T00:00:00.000Z,73.7412394223,0.017659613274394,242.6354360722,233.147575447749,True,discovery
XLV,2018-06-22T00:00:00.000Z,74.0726607231,0.0262947297477436,243.0778139822,233.2907285612895,True,discovery
XLV,2018-06-25T00:00:00.000Z,73.3923748952,0.0183404400341058,239.7688272155,233.4174670248305,True,discovery
XLV,2018-06-26T00:00:00.000Z,73.1656129525,0.0257058680828186,240.2996807075,233.54811916623004,True,discovery
XLV,2018-06-27T00:00:00.000Z,72.5463784169,0.002011154455036,238.3089801125,233.65739625518,True,discovery
XLV,2018-06-28T00:00:00.000Z,72.6423161618,0.0144154365870421,239.6715040753,233.769838016583,True,discovery
XLV,2018-06-29T00:00:00.000Z,72.7905835859,0.0049016881886274,240.0165588451,233.883483916498,True,discovery
XLV,2018-07-02T00:00:00.000Z,73.0173455285,0.0042974317292512,240.5297172206,234.0000430318485,True,discovery
XLV,2018-07-03T00:00:00.000Z,73.1917777921,0.0087461753312769,239.6803516335,234.11090233314448,True,discovery
XLV,2018-07-05T00:00:00.000Z,73.9505581386,0.0078579178555706,241.6356619956,234.229225101849,True,discovery
XLV,2018-07-06T00:00:00.000Z,75.0145949463,0.0210293755164907,243.6794479398,234.356675722726,True,discovery
XLV,2018-07-09T00:00:00.000Z,75.5640565765,0.0225818815948652,245.8736423733,234.49470452785351,True,discovery
XLV,2018-07-10T00:00:00.000Z,75.8518698114,0.0245491013009515,246.7583981933,234.64008119991,True,discovery
XLV,2018-07-11T00:00:00.000Z,75.2500785021,0.017017405304895,244.9534963206,234.77621514709296,True,discovery
XLV,2018-07-12T00:00:00.000Z,76.0873533672,0.0280918374150334,247.1742334287,234.92567857801495,True,discovery
XLV,2018-07-13T00:00:00.000Z,76.2268991781,0.0246837216972013,247.3688797091,235.07546059381,True,discovery
XLV,2018-07-16T00:00:00.000Z,75.7646536796,0.0164989468752465,247.1476907541,235.219903283943,True,discovery
XLV,2018-07-17T00:00:00.000Z,76.1832911122,0.0320179584119371,248.1474648307,235.3680355514015,True,discovery
XLV,2018-07-18T00:00:00.000Z,76.2443424045,0.0301673344340334,248.6694707645,235.5149372555595,True,discovery
XLV,2018-07-19T00:00:00.000Z,75.8169833587,0.0222248353716862,247.7316295953,235.6523926557615,True,discovery
XLV,2018-07-20T00:00:00.000Z,75.6687159347,0.0261383796570298,247.4485077329,235.786075719148,True,discovery
XLV,2018-07-23T00:00:00.000Z,75.8257049719,0.0236665489221894,247.9085807593,235.9207498546085,True,discovery
XLV,2018-07-24T00:00:00.000Z,76.514712413,0.0425430778368802,249.1560864655,236.05511505331148,True,discovery
XLV,2018-07-25T00:00:00.000Z,77.4915330889,0.0591250447011006,251.2795004334,236.20136297180952,True,discovery
XLV,2018-07-26T00:00:00.000Z,77.2734927595,0.0651598942049849,250.6867140341,236.346479968592,True,discovery
XLV,2018-07-27T00:00:00.000Z,76.7153095161,0.0560691559617678,248.9879828597,236.48017922167352,True,discovery
XLV,2018-07-30T00:00:00.000Z,76.758917582,0.0545171339561658,247.6873918043,236.605629795401,True,discovery
XLV,2018-07-31T00:00:00.000Z,77.5613059944,0.0622312470141277,248.9083548359,236.73884362215952,True,discovery
XLV,2018-08-01T00:00:00.000Z,77.5787492207,0.0599380362239747,248.4925196005,236.8686253365815,True,discovery
XLV,2018-08-02T00:00:00.000Z,77.8665624556,0.0529543578245959,249.8461960051,237.003691567561,True,discovery
XLV,2018-08-03T00:00:00.000Z,78.3288079541,0.0441809091973703,250.9167505473,237.14332499541695,True,discovery
XLV,2018-08-06T00:00:00.000Z,78.4683537649,0.038434903047585,251.8368966,237.286468075988,True,discovery
XLV,2018-08-07T00:00:00.000Z,78.4770753781,0.0346096355070399,252.6685670708,237.43346400719952,True,discovery
XLV,2018-08-08T00:00:00.000Z,78.5991779626,0.0445062586932256,252.5623963724,237.57416819546495,True,discovery
XLV,2018-08-09T00:00:00.000Z,78.5119618308,0.0318661164608888,252.2173416026,237.717511420074,True,discovery
XLV,2018-08-10T00:00:00.000Z,78.1718189169,0.0255148741424702,250.5274579865,237.850441287016,True,discovery
XLV,2018-08-13T00:00:00.000Z,78.1979837564,0.0321169563724303,249.5896168173,237.9842246220565,True,discovery
XLV,2018-08-14T00:00:00.000Z,78.5642915099,0.0312535775619533,251.1821772932,238.12453053711295,True,discovery
XLV,2018-08-15T00:00:00.000Z,78.4334673122,0.0287119652247245,249.3064949549,238.24633663217548,True,discovery
XLV,2018-08-16T00:00:00.000Z,79.2009692719,0.0446336132524545,251.3237382244,238.3824186813705,True,discovery
XLV,2018-08-17T00:00:00.000Z,79.4451744409,0.049907791609137,252.2084940444,238.5211787855885,True,discovery
XLV,2018-08-20T00:00:00.000Z,79.7068228362,0.0511847250973571,252.7481950946,238.661153529592,True,discovery
XLV,2018-08-21T00:00:00.000Z,79.7068228362,0.0417189102923121,253.340981494,238.80365577457303,True,discovery
XLV,2018-08-22T00:00:00.000Z,79.7853173548,0.0296004501971656,253.1905730046,238.9416526703415,True,discovery
XLV,2018-08-23T00:00:00.000Z,79.7591525153,0.032167042889289,252.854365793,239.07622280597505,True,discovery
XLV,2018-08-24T00:00:00.000Z,80.1429034951,0.0446793997263434,254.3761458034,239.21918741749548,True,discovery
XLV,2018-08-27T00:00:00.000Z,80.43071673,0.0478354732409755,256.3845415147,239.3702737110875,True,discovery
XLV,2018-08-28T00:00:00.000Z,80.4743247959,0.0375576295957462,256.5084073295,239.5260817853345,True,discovery
XLV,2018-08-29T00:00:00.000Z,80.9976215866,0.0440697020800608,257.8886264087,239.689140099793,True,discovery
XLV,2018-08-30T00:00:00.000Z,80.9365702944,0.039426523298117,256.8446145411,239.845930920467,True,discovery
XLV,2018-08-31T00:00:00.000Z,80.919127068,0.0330698140512735,256.8534620993,240.005384565048,True,discovery
XLV,2018-09-04T00:00:00.000Z,80.2737276928,0.0230076692230487,256.4110841893,240.16825628022704,True,discovery
XLV,2018-09-05T00:00:00.000Z,80.5964273804,0.0270060013333708,255.7209746498,240.318163251489,True,discovery
XLV,2018-09-06T00:00:00.000Z,80.5964273804,0.025410563692541,254.9512370864,240.46753841068,True,discovery
XLV,2018-09-07T00:00:00.000Z,80.7185299649,0.0281048655853912,254.4557738272,240.6125159570905,True,discovery
XLV,2018-09-10T00:00:00.000Z,80.5092112486,0.0299007028886555,254.8981517372,240.75232970882556,True,discovery
XLV,2018-09-11T00:00:00.000Z,80.4394383432,0.0286638411775743,255.7386697662,240.89734984205003,True,discovery
XLV,2018-09-12T00:00:00.000Z,80.8406325494,0.0289742451150742,255.8006026736,241.040061053696,True,discovery
XLV,2018-09-13T00:00:00.000Z,81.8436180649,0.0434782608695099,257.3135351257,241.1909042879275,True,discovery
XLV,2018-09-14T00:00:00.000Z,81.5732480564,0.0299526483868637,257.3577729167,241.33044693220552,True,discovery
XLV,2018-09-17T00:00:00.000Z,81.2767132083,0.0230541222961564,255.995248954,241.46387524630103,True,discovery
XLV,2018-09-18T00:00:00.000Z,81.7476803199,0.0256045519201539,257.3843155913,241.59421098014047,True,discovery
XLV,2018-09-19T00:00:00.000Z,81.6342993486,0.0241820768136877,257.6585898955,241.7283184561065,True,discovery
XLV,2018-09-20T00:00:00.000Z,82.4279661478,0.0331219938782509,259.7466136307,241.8742626300105,True,discovery
XLV,2018-09-21T00:00:00.000Z,82.5388178513,0.0348507381076645,259.5100299244,242.02316998006552,True,discovery
XLV,2018-09-24T00:00:00.000Z,82.7051738012,0.0319712687506594,258.6479294106,242.167548612042,True,discovery
XLV,2018-09-25T00:00:00.000Z,82.4512620883,0.0251215635076687,258.4079632882,242.3071050359465,True,discovery
XLV,2018-09-26T00:00:00.000Z,82.6351291907,0.0268508546083519,257.634739116,242.436510732313,True,discovery
XLV,2018-09-27T00:00:00.000Z,83.0553968535,0.0254053789060939,258.3546374832,242.5660244723615,True,discovery
XLV,2018-09-28T00:00:00.000Z,83.3093085664,0.0293160219585457,258.3813003857,242.69362030113203,True,discovery
XLV,2018-10-01T00:00:00.000Z,83.7208206529,0.0346233787537724,259.2789514362,242.825835314461,True,discovery
XLV,2018-10-02T00:00:00.000Z,83.6245093135,0.0417419461760033,259.1278616554,242.9620519769955,True,discovery
XLV,2018-10-03T00:00:00.000Z,83.4669089399,0.0356154937979056,259.270063802,243.089372350214,True,discovery
XLV,2018-10-04T00:00:00.000Z,82.6526403433,0.0255124579306109,257.2436832129,243.1991477380195,True,discovery
XLV,2018-10-05T00:00:00.000Z,82.556329004,0.0227679944109384,255.8038864785,243.306242174663,True,discovery
XLV,2018-10-08T00:00:00.000Z,82.5213066987,0.02499211480146,255.8038864785,243.4139507128125,True,discovery
XLV,2018-10-09T00:00:00.000Z,82.6613959197,0.0276227385753227,255.4306058436,243.517380306156,True,discovery
XLV,2018-10-10T00:00:00.000Z,80.7089024031,-0.0016295041508922,247.3428587553,243.58067821481148,True,discovery
XLV,2018-10-11T00:00:00.000Z,78.5287639025,-0.0405022925522597,241.8947390134,243.61813918534295,True,discovery
XLV,2018-10-12T00:00:00.000Z,79.7370334329,-0.0225100099266665,245.254264727,243.67182754732949,True,discovery
XLV,2018-10-15T00:00:00.000Z,79.1854321256,-0.0257303845117402,243.8766814318,243.7162154512085,True,discovery
XLV,2018-10-16T00:00:00.000Z,81.3568150498,-0.0047813622181135,249.2092619295,243.791696561299,True,discovery
XLV,2018-10-17T00:00:00.000Z,81.7858382889,0.0018563145823411,249.2537001004,243.859021763124,True,discovery
XLV,2018-10-18T00:00:00.000Z,80.8577472003,-0.019049589852605,245.6542082644,243.9008925589085,True,discovery
XLV,2018-10-19T00:00:00.000Z,80.1222787905,-0.0292776068728483,245.5208937519,243.93709624129448,True,discovery
XLV,2018-10-22T00:00:00.000Z,79.4656105674,-0.0391700190557243,244.4188271157,243.95985013531248,True,discovery
XLV,2018-10-23T00:00:00.000Z,79.0365873283,-0.0414144632054643,243.1745583329,243.97418946575152,True,discovery
XLV,2018-10-24T00:00:00.000Z,76.4274255887,-0.0751218478484405,235.8067096118,243.9489699602005,True,discovery
XLV,2018-10-25T00:00:00.000Z,77.4168057114,-0.0678895214003469,240.0372234734,243.946745328476,True,discovery
XLV,2018-10-26T00:00:00.000Z,76.5412480807,-0.0812401471356067,235.815597246,243.914639686955,True,discovery
XLV,2018-10-29T00:00:00.000Z,76.7338707594,-0.0834553440710685,234.509115024,243.86810604353053,True,discovery
XLV,2018-10-30T00:00:00.000Z,77.5568949323,-0.072557847346561,237.9841799817,243.84311484225748,True,discovery
XLV,2018-10-31T00:00:00.000Z,77.661961848,-0.069547886289641,240.5260433523,243.819252758007,True,discovery
XLV,2018-11-01T00:00:00.000Z,78.6425863945,-0.0485169491518254,243.0856819913,243.8102504934365,True,discovery
XLV,2018-11-02T00:00:00.000Z,78.1522741213,-0.0533460600275312,241.6458852569,243.78847846724497,True,discovery
XLV,2018-11-05T00:00:00.000Z,78.8439646496,-0.044562334216624,242.9790303813,243.76337108500357,True,discovery
XLV,2018-11-06T00:00:00.000Z,79.2467211597,-0.0413091833498326,244.5165910915,243.743319642715,True,discovery
XLV,2018-11-07T00:00:00.000Z,81.5757044575,0.0107398568013075,249.7514076135,243.749924791363,True,discovery
XLV,2018-11-08T00:00:00.000Z,81.6194823391,0.0393577879366264,249.2981382712,243.75373722058,True,discovery
XLV,2018-11-09T00:00:00.000Z,81.3830817787,0.020643461073645,246.8629265105,243.73098606999156,True,discovery
XLV,2018-11-12T00:00:00.000Z,80.279879164,0.0138213180003115,242.2502443799,243.6935057434765,True,discovery
XLV,2018-11-13T00:00:00.000Z,79.7195222803,-0.0201248385706568,241.7969750376,243.6665674730935,True,discovery
XLV,2018-11-14T00:00:00.000Z,79.0803652099,-0.0330799700241892,240.1438750833,243.6307496014325,True,discovery
XLV,2018-11-15T00:00:00.000Z,79.7808113145,-0.0133188955058595,242.6501879173,243.608866954527,True,discovery
XLV,2018-11-16T00:00:00.000Z,80.5863243348,0.0057917167522576,243.2812099428,243.617028290841,True,discovery
XLV,2018-11-19T00:00:00.000Z,79.5619219068,0.0012119876599741,239.1662353254,243.6551465351475,True,discovery
XLV,2018-11-20T00:00:00.000Z,78.8176979206,-0.0027694693698095,234.7401935122,243.648325085873,True,discovery
XLV,2018-11-21T00:00:00.000Z,78.3711635289,0.0254324664899792,235.5400805869,243.6519072733935,True,discovery
XLV,2018-11-23T00:00:00.000Z,78.4849860209,0.0137977833066638,233.9669693401,243.69166375555156,True,discovery
XLV,2018-11-26T00:00:00.000Z,79.2467211597,0.0353466026076232,237.7442138593,243.733330940099,True,discovery
XLV,2018-11-27T00:00:00.000Z,80.0697453326,0.0434732998633635,238.544100934,243.76215363299352,True,discovery
XLV,2018-11-28T00:00:00.000Z,81.9959721203,0.0572363964786741,244.0366588467,243.815544065494,True,discovery
XLV,2018-11-29T00:00:00.000Z,82.2673949858,0.0593010146564896,243.5034007969,243.85052089055148,True,discovery
XLV,2018-11-30T00:00:00.000Z,83.9397100606,0.0673569360947476,244.9876357021,243.87782953884,True,discovery
XLV,2018-12-03T00:00:00.000Z,83.5369535504,0.0688998431541794,248.2316221716,243.92100720433,True,discovery
XLV,2018-12-04T00:00:00.000Z,81.6720157969,0.0358689616874099,240.1883132541,243.9314691364865,True,discovery
XLV,2018-12-06T00:00:00.000Z,81.3655706261,0.0267373770850409,239.8239202535,243.946030796735,True,discovery
XLV,2018-12-07T00:00:00.000Z,79.2904990412,-0.0280133090053861,234.2513736333,243.93119447011705,True,discovery
XLV,2018-12-10T00:00:00.000Z,79.596944212,-0.024780090110068,234.6957553414,243.899674498528,True,discovery
XLV,2018-12-11T00:00:00.000Z,79.8421003486,-0.0189349112422444,234.7490811464,243.854428414502,True,discovery
XLV,2018-12-12T00:00:00.000Z,80.5250353006,0.0030537681316034,235.9311364901,243.83031355166895,True,discovery
XLV,2018-12-13T00:00:00.000Z,80.6038354874,0.0110928061509287,235.8511477826,243.81799304663548,True,discovery
XLV,2018-12-14T00:00:00.000Z,77.889606832,-0.0150575730744213,231.4962070428,243.8012242732555,True,discovery
XLV,2018-12-17T00:00:00.000Z,76.3398698256,-0.0431299385429364,226.9546259855,243.755694308314,True,discovery
XLV,2018-12-18T00:00:00.000Z,75.6744460262,-0.0609517601050191,226.7057722289,243.6952782482735,True,discovery
XLV,2018-12-19T00:00:00.000Z,74.6850659035,-0.0612963574335573,223.3106959787,243.6148601638445,True,discovery
XLV,2018-12-20T00:00:00.000Z,73.6343967466,-0.0657631637404785,219.675653606,243.516705511485,True,discovery
XLV,2018-12-21T00:00:00.000Z,72.7233790318,-0.0720645737895334,215.2010853103,243.390387917732,True,discovery
XLV,2018-12-24T00:00:00.000Z,70.9818177052,-0.0956000465324916,209.5148414276,243.214715788962,True,discovery
XLV,2018-12-26T00:00:00.000Z,74.0779267302,-0.0652240793544468,220.1005533099,243.093507473369,True,discovery
XLV,2018-12-27T00:00:00.000Z,74.8959328079,-0.0646163229720365,221.7903333317,242.9886436486785,True,discovery
XLV,2018-12-28T00:00:00.000Z,74.9838904506,-0.085517391749588,221.5042330105,242.8885780662305,True,discovery
XLV,2018-12-31T00:00:00.000Z,76.0921567494,-0.0750630093181616,223.4443508133,242.79952900459548,True,discovery
XLV,2019-01-02T00:00:00.000Z,74.9399116292,-0.1072174114599947,223.6768073242,242.7103404180505,True,discovery
XLV,2019-01-03T00:00:00.000Z,73.4182444095,-0.1211285390578089,218.3392482079,242.61080281941048,True,discovery
XLV,2019-01-04T00:00:00.000Z,75.6083897142,-0.074243619721336,225.6526876671,242.5458065850735,True,discovery
XLV,2019-01-07T00:00:00.000Z,75.8986499353,-0.0671896067185737,227.4318740392,242.491996354676,True,discovery
XLV,2019-01-08T00:00:00.000Z,76.4879661418,-0.0353451287769518,229.5686858128,242.4786411201725,True,discovery
XLV,2019-01-09T00:00:00.000Z,76.8310009485,-0.034749364952166,230.6415620171,242.4954006610825,True,discovery
XLV,2019-01-10T00:00:00.000Z,76.9805289412,-0.0358403823910697,231.4551598053,242.485136058477,True,discovery
XLV,2019-01-11T00:00:00.000Z,77.2356061052,-0.0408497702996409,231.5445661557,242.4951804589235,True,discovery
XLV,2019-01-14T00:00:00.000Z,76.3824169705,-0.0523724273339312,230.13194582,242.5015528259625,True,discovery
XLV,2019-01-15T00:00:00.000Z,77.7545561975,-0.0017338723353848,232.7694331556,242.506491400252,True,discovery
XLV,2019-01-16T00:00:00.000Z,77.6138239691,0.016687926589479,233.3326931628,242.53926090805552,True,discovery
XLV,2019-01-17T00:00:00.000Z,78.2998935826,0.0346939778784904,235.1029388999,242.56634849481247,True,discovery
XLV,2019-01-18T00:00:00.000Z,79.2322445958,0.0608847115188377,238.2321611624,242.59679507538152,True,discovery
XLV,2019-01-22T00:00:00.000Z,78.6869072107,0.0686161724321221,235.0135325495,242.60198822457053,True,discovery
XLV,2019-01-23T00:00:00.000Z,78.7748648535,0.0832123850990733,235.5052674765,242.635711638216,True,discovery
XLV,2019-01-24T00:00:00.000Z,78.1151825328,0.1004956629488713,235.630436367,242.664423795812,True,discovery
XLV,2019-01-25T00:00:00.000Z,78.2119359398,0.0558062218001391,237.62419798,242.6848282246895,True,discovery
XLV,2019-01-28T00:00:00.000Z,77.323563748,0.0324133881385337,235.8181897027,242.7023241510065,True,discovery
XLV,2019-01-29T00:00:00.000Z,77.7017816118,0.0362463343108419,235.5052674765,242.708698819248,True,discovery
XLV,2019-01-30T00:00:00.000Z,78.7660690892,0.0351404461908759,239.2335122864,242.7371498196575,True,discovery
XLV,2019-01-31T00:00:00.000Z,79.7511946881,0.064201877935299,241.3345615198,242.76650537944147,True,discovery
XLV,2019-02-01T00:00:00.000Z,79.8215608023,0.0872169641797022,241.4507897753,242.7838466840685,True,discovery
XLV,2019-02-04T00:00:00.000Z,79.5928709311,0.0526989297346676,243.1495104321,242.808800795026,True,discovery
XLV,2019-02-05T00:00:00.000Z,79.4785259955,0.0471665314633615,244.1687428261,242.8454570451045,True,discovery
XLV,2019-02-06T00:00:00.000Z,79.8391523308,0.0438132474693768,243.8468799648,242.8905450661455,True,discovery
XLV,2019-02-07T00:00:00.000Z,78.9595759033,0.0277046365207032,241.5223148555,242.924186421031,True,discovery
XLV,2019-02-08T00:00:00.000Z,79.1091038959,0.0276508226687539,241.8173558117,242.97511328601152,True,discovery
XLV,2019-02-11T00:00:00.000Z,79.0123504889,0.0230042136431214,241.9514653373,243.0238481085215,True,discovery
XLV,2019-02-12T00:00:00.000Z,80.0942294948,0.0485951174565941,245.0628063297,243.0763369568175,True,discovery
XLV,2019-02-13T00:00:00.000Z,80.2701447803,0.0323529411756953,245.8585228479,243.1317033915125,True,discovery
XLV,2019-02-14T00:00:00.000Z,80.4548558301,0.0366047144144203,245.3131441107,243.19337110129447,True,discovery
XLV,2019-02-15T00:00:00.000Z,81.6686713002,0.043024039541589,247.9863939864,243.266335187614,True,discovery
XLV,2019-02-19T00:00:00.000Z,81.4751644861,0.0283081705149483,248.4155444681,243.349284119228,True,discovery
XLV,2019-02-20T00:00:00.000Z,81.3784110791,0.0342052313886598,248.9162200301,243.437290739817,True,discovery
XLV,2019-02-21T00:00:00.000Z,80.6659541727,0.0240062527903655,248.0310971616,243.50589819785495,True,discovery
XLV,2019-02-22T00:00:00.000Z,81.4047983719,0.0421123747322578,249.5688863877,243.578231015733,True,discovery
XLV,2019-02-25T00:00:00.000Z,81.5191433075,0.0422852001802585,249.9086305191,243.652262554268,True,discovery
XLV,2019-02-26T00:00:00.000Z,81.2288830864,0.0505061995218891,249.7298178184,243.7140377486,True,discovery
XLV,2019-02-27T00:00:00.000Z,80.8506652225,0.0405252433777116,249.6225301979,243.764178463216,True,discovery
XLV,2019-02-28T00:00:00.000Z,80.6131795871,0.0234505862646035,249.1576171761,243.8083393053665,True,discovery
XLV,2019-03-01T00:00:00.000Z,81.7566289429,0.0251461343324457,250.7132876723,243.859705981978,True,discovery
XLV,2019-03-04T00:00:00.000Z,80.6483626442,0.0103581267215233,249.8013428986,243.91479242608352,True,discovery
XLV,2019-03-05T00:00:00.000Z,80.6043838228,0.0127085865840375,249.4615987673,243.963159606898,True,discovery
XLV,2019-03-06T00:00:00.000Z,79.4257514099,-0.0006640106234856,247.9506314462,244.0049848676035,True,discovery
XLV,2019-03-07T00:00:00.000Z,78.8012521463,-0.0129998898309896,245.876404118,244.0394337013095,True,discovery
XLV,2019-03-08T00:00:00.000Z,78.6341326251,-0.0041216442018201,245.384669191,244.0624397314555,True,discovery
XLV,2019-03-11T00:00:00.000Z,79.5313005812,0.0053368912616627,248.9430419352,244.10658465374547,True,discovery
XLV,2019-03-12T00:00:00.000Z,80.1118210234,0.0139151731051774,249.881808614,244.152120420854,True,discovery
XLV,2019-03-13T00:00:00.000Z,80.9738059224,0.0109817702617027,251.5358260956,244.20839250684,True,discovery
XLV,2019-03-14T00:00:00.000Z,80.8418694583,0.0071225071234741,251.3748946649,244.2667225257715,True,discovery
XLV,2019-03-15T00:00:00.000Z,81.2120831766,0.0094118290150078,252.6114738967,244.345019913183,True,discovery
XLV,2019-03-18T00:00:00.000Z,81.0884861373,-0.0071041337352893,253.5274161077,244.41208670633551,True,discovery
XLV,2019-03-19T00:00:00.000Z,81.7329564137,0.0031640553195075,253.5902748869,244.48682244794497,True,discovery
XLV,2019-03-20T00:00:00.000Z,81.1679413769,-0.0025863088183846,252.8269897111,244.546027164195,True,discovery
XLV,2019-03-21T00:00:00.000Z,81.4857623351,0.0101630008695472,255.6825742512,244.613784622948,True,discovery
XLV,2019-03-22T00:00:00.000Z,80.0025978635,-0.0172250350893814,250.7616298235,244.65605656260905,True,discovery
XLV,2019-03-25T00:00:00.000Z,79.9584560638,-0.0191450398075566,250.573053486,244.687256455618,True,discovery
XLV,2019-03-26T00:00:00.000Z,80.5058143807,-0.0089016206825213,252.4408572104,244.727927486792,True,discovery
XLV,2019-03-27T00:00:00.000Z,79.8348590245,-0.0125639807069553,251.1208228475,244.75838707864253,True,discovery
XLV,2019-03-28T00:00:00.000Z,80.0379113033,-0.0071361567270578,252.0726843609,244.791976503696,True,discovery
XLV,2019-03-29T00:00:00.000Z,81.0002025378,-0.0092521721465336,253.6621134917,244.8319276398875,True,discovery
XLV,2019-04-01T00:00:00.000Z,81.1237995771,0.005895183948092,256.670355067,244.89083953039847,True,discovery
XLV,2019-04-02T00:00:00.000Z,80.9384040182,0.0041439457701744,256.7960726254,244.947297219364,True,discovery
XLV,2019-04-03T00:00:00.000Z,80.8324636988,0.0177110353245542,257.2001647773,245.0073361412905,True,discovery
XLV,2019-04-04T00:00:00.000Z,80.6647248597,0.0236477551135905,257.8826315227,245.07330895103095,True,discovery
XLV,2019-04-05T00:00:00.000Z,81.2209115366,0.0328963876772554,259.1308272809,245.15021194540847,True,discovery
XLV,2019-04-08T00:00:00.000Z,81.2032548167,0.0210225939131092,259.328383444,245.2260235444245,True,discovery
XLV,2019-04-09T00:00:00.000Z,80.9913741779,0.0109790682980865,257.9993692555,245.30284321034097,True,discovery
XLV,2019-04-10T00:00:00.000Z,81.0178592577,0.0005440442720725,258.8793921641,245.3818511012505,True,discovery
XLV,2019-04-11T00:00:00.000Z,80.0202545834,-0.0101632344774486,258.8075535593,245.47704473296952,True,discovery
XLV,2019-04-12T00:00:00.000Z,79.2875007076,-0.0236982280680436,260.5586195509,245.57833942718648,True,discovery
XLV,2019-04-15T00:00:00.000Z,79.6053216658,-0.0182906913441284,260.3880028646,245.688734540947,True,discovery
XLV,2019-04-16T00:00:00.000Z,77.9720750751,-0.0460142579397703,260.5586195509,245.793170118325,True,discovery
XLV,2019-04-17T00:00:00.000Z,75.7296716479,-0.0670002175335162,259.9210519335,245.89269258376697,True,discovery
XLV,2019-04-18T00:00:00.000Z,75.8532686872,-0.0691224268693355,260.4329019926,245.992208507627,True,discovery
XLV,2019-04-22T00:00:00.000Z,75.8974104869,-0.0513131758996657,260.6573976325,246.097093737622,True,discovery
XLV,2019-04-23T00:00:00.000Z,77.0980674401,-0.0357734349124707,263.0011321136,246.203921088212,True,discovery
XLV,2019-04-24T00:00:00.000Z,77.0097838406,-0.0434258142345819,262.4174434497,246.29761106576152,True,discovery
XLV,2019-04-25T00:00:00.000Z,77.8043362361,-0.0254340373767913,262.255806589,246.37952188684,True,discovery
XLV,2019-04-26T00:00:00.000Z,78.5812319116,-0.0181998676374748,263.4770628703,246.463115210225,True,discovery
XLV,2019-04-29T00:00:00.000Z,78.4399781524,-0.0316076294279046,263.8901348478,246.557798402861,True,discovery
XLV,2019-04-30T00:00:00.000Z,78.8019409104,-0.0286211774941989,264.0248322318,246.6420513968765,True,discovery
XLV,2019-05-01T00:00:00.000Z,78.6606871512,-0.0281413612564912,262.0402907746,246.715408452204,True,discovery
XLV,2019-05-02T00:00:00.000Z,78.9961648293,-0.0227173438179796,261.4745617619,246.78704280724295,True,discovery
XLV,2019-05-03T00:00:00.000Z,79.5964933058,-0.0132428587063053,264.0338120574,246.8664745433765,True,discovery
XLV,2019-05-06T00:00:00.000Z,80.0025978635,-0.0150000000006279,262.94725316,246.937863455354,True,discovery
XLV,2019-05-07T00:00:00.000Z,78.4664632323,-0.0337029789086379,258.5561184426,246.9919858995905,True,discovery
XLV,2019-05-08T00:00:00.000Z,78.6342020713,-0.0291039895362487,258.1969254187,247.0457279880195,True,discovery
XLV,2019-05-09T00:00:00.000Z,78.4664632323,-0.0314917729100266,257.4156805916,247.093263487181,True,discovery
XLV,2019-05-10T00:00:00.000Z,78.4929483121,-0.0190864960284298,258.7087754778,247.1410269322425,True,discovery
XLV,2019-05-13T00:00:00.000Z,77.0186122006,-0.0286159670408493,252.2073817448,247.1456663387995,True,discovery
XLV,2019-05-14T00:00:00.000Z,77.4070600383,-0.0276145059337712,254.4882574467,247.1646740558625,True,discovery
XLV,2019-05-15T00:00:00.000Z,77.636597397,-0.004302536232066,255.978908496,247.199628684044,True,discovery
XLV,2019-05-16T00:00:00.000Z,78.2457542336,0.0332245278627161,258.3495824538,247.2529396372915,True,discovery
XLV,2019-05-17T00:00:00.000Z,78.0780153945,0.0293296089384664,256.6793348926,247.29179453757504,True,discovery
XLV,2019-05-20T00:00:00.000Z,78.0427019547,0.0282656740729023,254.9821478546,247.3242426788455,True,discovery
XLV,2019-05-21T00:00:00.000Z,78.7754558305,0.0217565555933449,257.2809832077,247.3614166148585,True,discovery
XLV,2019-05-22T00:00:00.000Z,79.225702188,0.0287745041849054,256.4907585551,247.38928665489752,True,discovery
XLV,2019-05-23T00:00:00.000Z,78.9520230295,0.0147509361164306,253.3567994214,247.3968861690045,True,discovery
XLV,2019-05-24T00:00:00.000Z,79.0667917089,0.0061790810030342,253.9315082596,247.40320087494848,True,discovery
XLV,2019-05-28T00:00:00.000Z,77.9367616353,-0.0064153066963164,251.5698141274,247.39823796372352,True,discovery
XLV,2019-05-29T00:00:00.000Z,77.1863510396,-0.0205019045487341,249.8816069149,247.386559290285,True,discovery
XLV,2019-05-30T00:00:00.000Z,77.6101123172,-0.0133557800223712,250.5640736604,247.38674236865447,True,discovery
XLV,2019-05-31T00:00:00.000Z,77.0539256404,-0.0245864997762476,247.1876592356,247.374732580746,True,discovery
XLV,2019-06-03T00:00:00.000Z,77.2393211993,-0.0296140195202323,246.5590714437,247.3516170514985,True,discovery
XLV,2019-06-04T00:00:00.000Z,78.519433392,-0.018538953872855,251.9110475001,247.3646398142245,True,discovery
XLV,2019-06-05T00:00:00.000Z,79.1109335086,0.0082133213318413,254.0931451204,247.37848684870448,True,discovery
XLV,2019-06-06T00:00:00.000Z,79.5170380663,0.0112271247338342,255.7454330304,247.39617154363447,True,discovery
XLV,2019-06-07T00:00:00.000Z,80.3469039016,0.0239648964900196,258.3046833258,247.4239539847905,True,discovery
XLV,2019-06-10T00:00:00.000Z,80.5852696202,0.026656169160325,259.4900203048,247.4546991788445,True,discovery
XLV,2019-06-11T00:00:00.000Z,80.452844221,0.0445896377807395,259.4271615256,247.4858821214495,True,discovery
XLV,2019-06-12T00:00:00.000Z,80.8412920587,0.0443658759123624,258.9691904201,247.516456244585,True,discovery
XLV,2019-06-13T00:00:00.000Z,80.7441800993,0.0400272913354144,260.0377896663,247.54476446389955,True,discovery
XLV,2019-06-14T00:00:00.000Z,80.5587845404,0.0295610966940713,259.7504352471,247.56159393256152,True,discovery
XLV,2019-06-17T00:00:00.000Z,80.9207472983,0.0364088647673317,259.8492133287,247.5782979625575,True,discovery
XLV,2019-06-18T00:00:00.000Z,81.6093593744,0.0457013574667146,262.5701004849,247.6017053329385,True,discovery
XLV,2019-06-19T00:00:00.000Z,82.3421132502,0.0452762523821421,263.1627689744,247.633296105105,True,discovery
XLV,2019-06-20T00:00:00.000Z,82.7040760081,0.0439046133266947,265.6771201418,247.6774143953175,True,discovery
XLV,2019-06-21T00:00:00.000Z,83.0999396683,0.0525371799181149,265.2924244132,247.72182109643697,True,discovery
XLV,2019-06-24T00:00:00.000Z,82.6655113055,0.0455149313487943,264.9675765465,247.7680541059205,True,discovery
XLV,2019-06-25T00:00:00.000Z,82.3286076773,0.0563514052912712,262.3687936135,247.805141888556,True,discovery
XLV,2019-06-26T00:00:00.000Z,81.2912991378,0.0531823054583053,262.1071106098,247.84339857246897,True,discovery
XLV,2019-06-27T00:00:00.000Z,81.8587157748,0.054742910823728,263.0365364505,247.8840904960355,True,discovery
XLV,2019-06-28T00:00:00.000Z,82.1335582083,0.0659230860164861,264.3900692281,247.92734749334497,True,discovery
XLV,2019-07-01T00:00:00.000Z,82.5413889162,0.0686446700278362,266.7903340204,247.98229615007895,True,discovery
XLV,2019-07-02T00:00:00.000Z,82.9846831639,0.0568680844856293,267.4851475129,248.033154212015,True,discovery
XLV,2019-07-03T00:00:00.000Z,83.6939539601,0.0579315683463879,269.6237293016,248.0944839939395,True,discovery
XLV,2019-07-05T00:00:00.000Z,83.1176714382,0.0452812813386969,269.3169285386,248.16109239186247,True,discovery
XLV,2019-07-08T00:00:00.000Z,82.4970594914,0.0267609016077741,267.8370660351,248.21335614408147,True,discovery
XLV,2019-07-09T00:00:00.000Z,82.576852456,0.0247139811678533,268.1709374536,248.265917881872,True,discovery
XLV,2019-07-10T00:00:00.000Z,82.8605607745,0.029927053254775,269.4522818164,248.3144462228005,True,discovery
XLV,2019-07-11T00:00:00.000Z,82.8782925444,0.0251975250991893,270.0839304459,248.367315725408,True,discovery
XLV,2019-07-12T00:00:00.000Z,81.9562405093,0.0150111179345606,271.2930863939,248.4305415103245,True,discovery
XLV,2019-07-15T00:00:00.000Z,82.1335582083,0.0195481309317702,271.3833219125,248.495418303446,True,discovery
XLV,2019-07-16T00:00:00.000Z,81.7257275005,0.0099477603590656,270.5080373829,248.5597847947805,True,discovery
XLV,2019-07-17T00:00:00.000Z,81.7434592704,0.0016431926071711,268.6672328054,248.6113477713915,True,discovery
XLV,2019-07-18T00:00:00.000Z,82.204485288,-0.0016714164449703,269.6507999571,248.66769526924847,True,discovery
XLV,2019-07-19T00:00:00.000Z,81.3533603324,-0.0163319118100988,268.1528903499,248.71206496381703,True,discovery
XLV,2019-07-22T00:00:00.000Z,81.1849085183,-0.0230449162495663,268.811609635,248.760483703715,True,discovery
XLV,2019-07-23T00:00:00.000Z,81.6902639607,-0.0117975117966169,270.7336261792,248.81780151560105,True,discovery
XLV,2019-07-24T00:00:00.000Z,81.7345933854,-0.0072151626106483,272.0059469902,248.8916128344875,True,discovery
XLV,2019-07-25T00:00:00.000Z,81.3356285625,0.0005453157369876,270.7065555236,248.96612617971303,True,discovery
XLV,2019-07-26T00:00:00.000Z,81.628202766,-0.0028159861368234,272.5202894457,249.049708194549,True,discovery
XLV,2019-07-29T00:00:00.000Z,81.9651063942,-0.0020509499134663,272.0239940939,249.1326751358005,True,discovery
XLV,2019-07-30T00:00:00.000Z,81.6104709961,-0.0112781954886307,271.3562512569,249.2527420983085,True,discovery
XLV,2019-07-31T00:00:00.000Z,80.8036754653,-0.0262820512827935,268.387502698,249.3852059167315,True,discovery
XLV,2019-08-01T00:00:00.000Z,80.9100660848,-0.0332627118635976,266.0504027686,249.4891866069395,True,discovery
XLV,2019-08-02T00:00:00.000Z,80.7238825007,-0.0288000000009606,264.0471742578,249.59003907106955,True,discovery
XLV,2019-08-05T00:00:00.000Z,78.8265831207,-0.0444922084899599,256.1064486291,249.62452500456752,True,discovery
XLV,2019-08-06T00:00:00.000Z,79.8461598904,-0.033068499033128,259.6978222657,249.676745615394,True,discovery
XLV,2019-08-07T00:00:00.000Z,79.8727575452,-0.0360582067194925,259.8512226471,249.7477306873075,True,discovery
XLV,2019-08-08T00:00:00.000Z,80.9366637396,-0.0234274711168769,264.9495294428,249.844873865762,True,discovery
XLV,2019-08-09T00:00:00.000Z,81.0341884741,-0.0112505408919454,263.1448190727,249.938503825547,True,discovery
XLV,2019-08-12T00:00:00.000Z,80.2451247133,-0.0229922279783705,259.9414581657,250.02233832471097,True,discovery
XLV,2019-08-13T00:00:00.000Z,81.2912991378,-0.005315686699728,263.9840093948,250.163224823626,True,discovery
XLV,2019-08-14T00:00:00.000Z,79.0304984746,-0.0331887201742437,256.1786370439,250.2439318914785,True,discovery
XLV,2019-08-15T00:00:00.000Z,79.3053409082,-0.0352674719590174,256.8554034327,250.349130922412,True,discovery
XLV,2019-08-16T00:00:00.000Z,80.2805882531,-0.0131865736696895,260.64529521,250.479811823342,True,discovery
XLV,2019-08-19T00:00:00.000Z,81.051920244,-0.0016380910778512,263.7854912541,250.608818379704,True,discovery
XLV,2019-08-20T00:00:00.000Z,80.3603812177,-0.0162795745603145,261.7642156395,250.71500924114,True,discovery
XLV,2019-08-21T00:00:00.000Z,80.9543955095,-0.0095455038507521,263.8937738763,250.81904970056505,True,discovery
XLV,2019-08-22T00:00:00.000Z,80.5554306866,-0.0095923261390975,263.8125619096,250.92988308382849,True,discovery
XLV,2019-08-23T00:00:00.000Z,78.6935948464,-0.0359509069189298,257.0358744697,251.0001673042705,True,discovery
XLV,2019-08-26T00:00:00.000Z,79.5181221471,-0.0298539751212127,259.8782933027,251.0769758153265,True,discovery
XLV,2019-08-27T00:00:00.000Z,79.0482302445,-0.0313959804462156,258.8586319436,251.122511936977,True,discovery
XLV,2019-08-28T00:00:00.000Z,79.6245127665,-0.0145929339477431,260.6813894174,251.179428192708,True,discovery
XLV,2019-08-29T00:00:00.000Z,80.2273929434,-0.0084374315142011,264.0110800504,251.2651689604075,True,discovery
XLV,2019-08-30T00:00:00.000Z,80.3249176778,-0.0049423393739336,263.8937738763,251.37338660788956,True,discovery
XLV,2019-09-03T00:00:00.000Z,79.8550257753,0.0130469013609946,262.3507465098,251.4761554652505,True,discovery
XLV,2019-09-04T00:00:00.000Z,79.908221085,0.0007772596037827,265.3285186206,251.602078682937,True,discovery
XLV,2019-09-05T00:00:00.000Z,80.6972848459,0.0103230103234308,268.7394212202,251.7325248494515,True,discovery
XLV,2019-09-06T00:00:00.000Z,80.9189319697,-0.0002190820461421,268.9469629127,251.86085361430105,True,discovery
XLV,2019-09-09T00:00:00.000Z,80.1741976336,-0.0106126914663293,269.0823161905,252.0104340186265,True,discovery
XLV,2019-09-10T00:00:00.000Z,80.4047106424,0.0019887305262491,269.0191513275,252.181828807703,True,discovery
XLV,2019-09-11T00:00:00.000Z,81.2026402882,-0.0010906314764351,270.9321443199,252.358789126368,True,discovery
XLV,2019-09-12T00:00:00.000Z,81.1760426334,0.0271483060364294,271.8705937124,252.5483072482295,True,discovery
XLV,2019-09-13T00:00:00.000Z,81.1317132086,0.0230296254890844,271.6901226754,252.71803679231,True,discovery
XLV,2019-09-16T00:00:00.000Z,80.9543955095,0.0083931529534349,270.8509323533,252.8795709494065,True,discovery
XLV,2019-09-17T00:00:00.000Z,81.0785178989,0.0003281557650938,271.5367222939,253.0170712666425,True,discovery
XLV,2019-09-18T00:00:00.000Z,81.0696520139,0.0088261253300747,271.6991462272,253.158049993794,True,discovery
XLV,2019-09-19T00:00:00.000Z,81.4508850669,0.0061329536744145,271.6810991235,253.29151731090096,True,discovery
XLV,2019-09-20T00:00:00.000Z,81.9026019053,0.016723530706963,270.4030203841,253.4023743019635,True,discovery
XLV,2019-09-23T00:00:00.000Z,81.4663815256,0.0352352270170415,270.339562521,253.55313054829804,True,discovery
XLV,2019-09-24T00:00:00.000Z,80.7185751604,0.015096596610761,268.2182568092,253.69510223107648,True,discovery
XLV,2019-09-25T00:00:00.000Z,80.3268670643,0.0161754009652728,269.8047033885,253.8728688798525,True,discovery
XLV,2019-09-26T00:00:00.000Z,79.8817442279,0.0032305561750101,269.242648029,254.0456033432905,True,discovery
XLV,2019-09-27T00:00:00.000Z,79.5256459587,-0.0087469748044173,267.7921825851,254.21081885048403,True,discovery
XLV,2019-09-30T00:00:00.000Z,80.237842497,-0.0010840369752916,269.0341436214,254.3763338861405,True,discovery
XLV,2019-10-01T00:00:00.000Z,79.4544263049,-0.0050165843227856,265.8340542358,254.5262484184065,True,discovery
XLV,2019-10-02T00:00:00.000Z,78.2971069301,-0.0201620575833645,261.138172361,254.67445824499748,True,discovery
XLV,2019-10-03T00:00:00.000Z,79.0004010117,-0.0210277686224558,263.2776088908,254.856073159524,True,discovery
XLV,2019-10-04T00:00:00.000Z,80.237842497,-0.008416936013874,266.8403146375,255.056745871567,True,discovery
XLV,2019-10-07T00:00:00.000Z,79.9707687951,-0.0025373355082352,265.6890076914,255.26863743013047,True,discovery
XLV,2019-10-08T00:00:00.000Z,78.4484486945,-0.0243301907595996,261.5642465852,255.47808039502647,True,discovery
XLV,2019-10-09T00:00:00.000Z,79.0182059252,-0.0269010263120402,264.0481686579,255.7223158117645,True,discovery
XLV,2019-10-10T00:00:00.000Z,79.4099140212,-0.0217567715166411,265.8340542358,256.0039118758055,True,discovery
XLV,2019-10-11T00:00:00.000Z,80.0686958192,-0.0131023658611379,268.5899385792,256.246358802152,True,discovery
XLV,2019-10-14T00:00:00.000Z,80.0330859922,-0.0113805990582919,268.2907800814,256.4788610359005,True,discovery
XLV,2019-10-15T00:00:00.000Z,81.4930888958,0.0051132039366696,270.9469449256,256.726074595476,True,discovery
XLV,2019-10-16T00:00:00.000Z,81.386259415,0.0039053751093653,270.5118052924,256.9614118678715,True,discovery
XLV,2019-10-17T00:00:00.000Z,81.9916264726,0.0066388647005599,271.3095612866,257.1995756376835,True,discovery
XLV,2019-10-18T00:00:00.000Z,81.6889429438,-0.0026086956522705,270.1219927044,257.458489360166,True,discovery
XLV,2019-10-21T00:00:00.000Z,81.5999183765,0.0016391651181664,271.9532053273,257.68999194846697,True,discovery
XLV,2019-10-22T00:00:00.000Z,81.7779675111,0.0131245174805778,271.0647952429,257.9081565544855,True,discovery
XLV,2019-10-23T00:00:00.000Z,82.2854075446,0.024382134544501,271.8534858281,258.119580554562,True,discovery
XLV,2019-10-24T00:00:00.000Z,81.8669920784,0.0248523347817262,272.2976908703,258.32786119882803,True,discovery
XLV,2019-10-25T00:00:00.000Z,81.9560166457,0.0305608418228022,273.4127361803,258.53764908070303,True,discovery
XLV,2019-10-28T00:00:00.000Z,82.8017500349,0.0319538444468501,274.9538557145,258.754695528497,True,discovery
XLV,2019-10-29T00:00:00.000Z,83.9768743231,0.0569187675063624,274.8722670332,258.978397134563,True,discovery
XLV,2019-10-30T00:00:00.000Z,84.4487045297,0.0785673678223111,275.7153500725,259.1931267191476,True,discovery
XLV,2019-10-31T00:00:00.000Z,84.3507775057,0.0677259409506996,274.9810519415,259.401368513041,True,discovery
XLV,2019-11-01T00:00:00.000Z,84.4576069865,0.0525907023192675,277.5284318774,259.6134959779285,True,discovery
XLV,2019-11-04T00:00:00.000Z,84.1994357413,0.0528776577981215,278.6434771874,259.81555255805347,True,discovery
XLV,2019-11-05T00:00:00.000Z,83.6029711405,0.0657058556514373,278.3352532806,260.032161161709,True,discovery
XLV,2019-11-06T00:00:00.000Z,83.8878497558,0.0616268589445032,278.3987111438,260.24662838004554,True,discovery
XLV,2019-11-07T00:00:00.000Z,84.0748013471,0.05874439461872,279.3777753184,260.4653650748025,True,discovery
XLV,2019-11-08T00:00:00.000Z,84.6890708614,0.0577051367569803,280.0667464043,260.677577816924,True,discovery
XLV,2019-11-11T00:00:00.000Z,84.341875049,0.0538375973309328,279.5318872719,260.89614630477,True,discovery
XLV,2019-11-12T00:00:00.000Z,84.8493150825,0.0411841817775662,280.1211388584,261.11922566167954,True,discovery
XLV,2019-11-13T00:00:00.000Z,84.9472421066,0.0437541019478737,280.2117929487,261.324117064991,True,discovery
XLV,2019-11-14T00:00:00.000Z,84.9561445633,0.0361563517914926,280.6197363548,261.52054293916603,True,discovery
XLV,2019-11-15T00:00:00.000Z,86.7633432792,0.0621185701826385,282.6503879763,261.726540930171,True,discovery
XLV,2019-11-18T00:00:00.000Z,86.4695622072,0.0596770674234203,282.8588923839,261.92508783993003,True,discovery
XLV,2019-11-19T00:00:00.000Z,87.0571243513,0.0645547572392704,282.7773037026,262.1181306443125,True,discovery
XLV,2019-11-20T00:00:00.000Z,86.9413924138,0.0565833603810783,281.7257162558,262.3075248257676,True,discovery
XLV,2019-11-21T00:00:00.000Z,87.163953832,0.0647020443663957,281.2724458046,262.506275480513,True,discovery
XLV,2019-11-22T00:00:00.000Z,87.4755398175,0.0673473821410961,281.8979590273,262.706678496591,True,discovery
XLV,2019-11-25T00:00:00.000Z,88.4993223414,0.0688098053978152,284.0827226022,262.91733478291553,True,discovery
XLV,2019-11-26T00:00:00.000Z,88.4281026875,0.0530054065512601,284.7263666429,263.1156525844815,True,discovery
XLV,2019-11-27T00:00:00.000Z,88.8821279807,0.0524984187228212,285.9955239064,263.31633758977404,True,discovery
XLV,2019-11-29T00:00:00.000Z,88.5705419952,0.0500263852246631,284.9348710505,263.51444622447303,True,discovery
XLV,2019-12-02T00:00:00.000Z,88.1788338991,0.0440602930319209,282.5144068409,263.68708628874555,True,discovery
XLV,2019-12-03T00:00:00.000Z,87.9829798511,0.0449355043355019,280.6197363548,263.848107248179,True,discovery
XLV,2019-12-04T00:00:00.000Z,88.8020058701,0.0621872005106456,282.3512294785,264.015282295421,True,discovery
XLV,2019-12-05T00:00:00.000Z,88.8020058701,0.0585800700411949,282.8588923839,264.1894212715325,True,discovery
XLV,2019-12-06T00:00:00.000Z,89.3895680142,0.0632147395169946,285.4425339559,264.3687895093735,True,discovery
XLV,2019-12-09T00:00:00.000Z,88.7663960432,0.0481446441710626,284.5450584624,264.54197164909,True,discovery
XLV,2019-12-10T00:00:00.000Z,88.9622500913,0.05478150728349,284.2277691466,264.714461405731,True,discovery
XLV,2019-12-11T00:00:00.000Z,89.0423722018,0.0494176896445546,285.0345905497,264.89152170749,True,discovery
XLV,2019-12-12T00:00:00.000Z,89.8703006776,0.0579543072725312,287.4913163954,265.08319020358647,True,discovery
XLV,2019-12-13T00:00:00.000Z,89.8079834805,0.0571099235039431,287.6635591669,265.2679415610595,True,discovery
XLV,2019-12-16T00:00:00.000Z,90.7783512639,0.046275395033821,289.6398183342,265.4671339382375,True,discovery
XLV,2019-12-17T00:00:00.000Z,90.6804242399,0.0486976217435894,289.7032761974,265.668342325388,True,discovery
XLV,2019-12-18T00:00:00.000Z,90.8050586341,0.0430514367517589,289.7214070154,265.877196203234,True,discovery
XLV,2019-12-19T00:00:00.000Z,91.1611569033,0.0485357362281007,290.9089755977,266.1023590606325,True,discovery
XLV,2019-12-20T00:00:00.000Z,91.8039142791,0.0532325605151307,292.1781328611,266.336326378983,True,discovery
XLV,2019-12-23T00:00:00.000Z,92.1704148132,0.0536707176142599,292.6245123239,266.5547337309265,True,discovery
XLV,2019-12-24T00:00:00.000Z,92.0542073268,0.0401684995020241,292.6336221088,266.76849279840053,True,discovery
XLV,2019-12-26T00:00:00.000Z,91.9916340649,0.0402986298370928,294.1913953361,266.98177064460305,True,discovery
XLV,2019-12-27T00:00:00.000Z,92.0184511771,0.0352863198446489,294.1185170565,267.19548875656096,True,discovery
XLV,2019-12-30T00:00:00.000Z,91.4695942797,0.0327315631043232,292.4969753345,267.39491626375,True,discovery
XLV,2019-12-31T00:00:00.000Z,91.6495462653,0.0393599258771262,293.207538561,267.5933168760165,True,discovery
XLV,2020-01-02T00:00:00.000Z,91.8924814458,0.0444347486447531,295.9495838325,267.80511342074453,True,discovery
XLV,2020-01-03T00:00:00.000Z,91.0916951099,0.0257842063066611,293.7085767335,268.00952135585646,True,discovery
XLV,2020-01-06T00:00:00.000Z,91.6585438646,0.0321674940392513,294.829080283,268.2052538860155,True,discovery
XLV,2020-01-07T00:00:00.000Z,91.478591879,0.0233698843299943,294.0000898521,268.4214461861585,True,discovery
XLV,2020-01-08T00:00:00.000Z,92.0724334314,0.037244244844536,295.5669728643,268.64641578305,True,discovery
XLV,2020-01-09T00:00:00.000Z,92.4683277998,0.0394108479147252,297.5711255544,268.87206712477,True,discovery
XLV,2020-01-10T00:00:00.000Z,92.4953205976,0.0387787107465471,296.7148057687,269.100037039376,True,discovery
XLV,2020-01-13T00:00:00.000Z,92.1714070235,0.0256047473809504,298.7553975986,269.3334506055645,True,discovery
XLV,2020-01-14T00:00:00.000Z,92.7292581789,0.0325280068117139,298.2999083508,269.55663957986,True,discovery
XLV,2020-01-15T00:00:00.000Z,93.5300445148,0.0303122188560198,298.9740324375,269.7681579667125,True,discovery
XLV,2020-01-16T00:00:00.000Z,94.0159148759,0.0367829182975121,301.4610037302,269.99148262223645,True,discovery
XLV,2020-01-17T00:00:00.000Z,94.0159148759,0.0353598829194987,302.3993115806,270.21747835625297,True,discovery
XLV,2020-01-21T00:00:00.000Z,94.114888468,0.0324012075431776,301.8071755585,270.437101076432,True,discovery
XLV,2020-01-22T00:00:00.000Z,94.2318572586,0.0264470529232405,301.8436146983,270.650665013519,True,discovery
XLV,2020-01-23T00:00:00.000Z,93.7549844968,0.0171917386594324,302.1897865266,270.864972028932,True,discovery
XLV,2020-01-24T00:00:00.000Z,92.1894022221,0.0014686443914513,299.5023999649,271.072487182479,True,discovery
XLV,2020-01-27T00:00:00.000Z,91.4875894782,-0.0054792437575834,294.7015432936,271.2515979381265,True,discovery
XLV,2020-01-28T00:00:00.000Z,91.9374694422,-0.0008800597474103,297.7897603934,271.4465089722969,True,discovery
XLV,2020-01-29T00:00:00.000Z,91.6855366624,0.0023608105447552,297.5437961996,271.6314348555405,True,discovery
XLV,2020-01-30T00:00:00.000Z,91.0197143157,-0.0068721774985859,298.5094334048,271.8220420082415,True,discovery
XLV,2020-01-31T00:00:00.000Z,89.2021992611,-0.0292764124155987,293.0891113566,271.98469446727,True,discovery
XLV,2020-02-03T00:00:00.000Z,90.0119831963,-0.0118530225208495,295.2663499608,272.1614209574065,True,discovery
XLV,2020-02-04T00:00:00.000Z,91.5955606696,-0.0006871502900268,299.7665837286,272.3580893660865,True,discovery
XLV,2020-02-05T00:00:00.000Z,93.3590901285,0.0205567030588682,303.2283020115,272.57094388798146,True,discovery
XLV,2020-02-06T00:00:00.000Z,93.440068522,0.014853904036532,304.2485979264,272.7771812170455,True,discovery
XLV,2020-02-07T00:00:00.000Z,92.7112629803,0.0026272258434907,302.6270562045,272.9782292808195,True,discovery
XLV,2020-02-10T00:00:00.000Z,93.2061309407,0.007684824902574,304.8862828733,273.191381662241,True,discovery
XLV,2020-02-11T00:00:00.000Z,93.7639820961,0.0172784068729032,305.4146504007,273.401069599893,True,discovery
XLV,2020-02-12T00:00:00.000Z,93.8809508867,0.0124199495436281,307.382363951,273.61853074540903,True,discovery
XLV,2020-02-13T00:00:00.000Z,93.440068522,-0.0009620009620091,307.0544116926,273.83367864271304,True,discovery
XLV,2020-02-14T00:00:00.000Z,93.5120493162,-0.0053593645327505,307.5463400801,274.0612088892405,True,discovery
XLV,2020-02-18T00:00:00.000Z,93.1791381429,-0.0089003732411105,306.7537887891,274.2876050243765,True,discovery
XLV,2020-02-19T00:00:00.000Z,93.6110229083,-0.0053537284897418,308.2204641668,274.5085382849235,True,discovery
XLV,2020-02-20T00:00:00.000Z,93.0081837566,-0.0129857729392075,306.9542040581,274.728573039414,True,discovery
XLV,2020-02-21T00:00:00.000Z,93.0621693522,-0.0073896353171883,303.7931086787,274.9547579905945,True,discovery
XLV,2020-02-24T00:00:00.000Z,90.128951987,-0.022350185438192,293.7176865185,275.1323617960935,True,discovery
XLV,2020-02-25T00:00:00.000Z,87.3936818059,-0.0447482297396796,284.8174266175,275.269370526223,True,discovery
XLV,2020-02-26T00:00:00.000Z,87.3846842066,-0.049520454100189,283.7698013476,275.394675655572,True,discovery
XLV,2020-02-27T00:00:00.000Z,84.4154764442,-0.079293424926654,271.0252121956,275.488764807826,True,discovery
XLV,2020-02-28T00:00:00.000Z,83.3267669314,-0.0845195729533623,269.8864890763,275.565755965974,True,discovery
XLV,2020-03-02T00:00:00.000Z,87.2317250188,-0.0220899737744392,281.5743431735,275.6937331393615,True,discovery
XLV,2020-03-03T00:00:00.000Z,85.0633035924,-0.0549780087958712,273.5121834883,275.769546144534,True,discovery
XLV,2020-03-04T00:00:00.000Z,89.9669951999,-0.0177799607076428,285.0087321015,275.9111931305785,True,discovery
XLV,2020-03-05T00:00:00.000Z,87.879552167,-0.0586931380110702,275.5345557483,276.013955170047,True,discovery
XLV,2020-03-06T00:00:00.000Z,87.4116770044,-0.0645161290328104,270.9796632709,276.082448570363,True,discovery
XLV,2020-03-09T00:00:00.000Z,82.8678893681,-0.106172360248092,249.8176328204,276.0490829416895,True,discovery
XLV,2020-03-10T00:00:00.000Z,85.7111307405,-0.0804131672944187,262.7444176715,276.09602103294003,True,discovery
XLV,2020-03-11T00:00:00.000Z,82.4360046026,-0.1208137414843345,249.9360600248,276.07604379176604,True,discovery
XLV,2020-03-12T00:00:00.000Z,76.2816466952,-0.1874640598042055,226.022874518,275.948309093719,True,discovery
XLV,2020-03-13T00:00:00.000Z,81.5722350718,-0.1270101107364426,245.3447284075,275.925624701182,True,discovery
XLV,2020-03-16T00:00:00.000Z,73.5283813155,-0.2137015298758727,218.4981921452,275.765295293606,True,discovery
XLV,2020-03-17T00:00:00.000Z,78.1441497461,-0.1613557358058224,230.2953636619,275.6808338157375,True,discovery
XLV,2020-03-18T00:00:00.000Z,75.5528411535,-0.1929065743944442,218.6348389195,275.54121265311653,True,discovery
XLV,2020-03-19T00:00:00.000Z,74.0052540774,-0.2043145980458039,219.0994379522,275.377154605377,True,discovery
XLV,2020-03-20T00:00:00.000Z,71.1620127049,-0.2353282413223938,209.7123137931,275.1552504487405,True,discovery
XLV,2020-03-23T00:00:00.000Z,67.4837788234,-0.2512530398319319,204.3503512245,274.898275039711,True,discovery
XLV,2020-03-24T00:00:00.000Z,72.6838823912,-0.1683165088223452,222.8651621451,274.7210774338075,True,discovery
XLV,2020-03-25T00:00:00.000Z,73.6515538378,-0.1571571779824864,226.20149441,274.5546348043335,True,discovery
XLV,2020-03-26T00:00:00.000Z,78.5441730207,-0.0695524525929913,239.4093372498,274.45454568295446,True,discovery
XLV,2020-03-27T00:00:00.000Z,76.8620525623,-0.0775826856983684,232.278385321,274.321091657459,True,discovery
XLV,2020-03-30T00:00:00.000Z,80.4614285971,-0.0776127770056237,239.8217959089,274.220011688672,True,discovery
XLV,2020-03-31T00:00:00.000Z,80.1087259203,-0.0582457706538295,236.2471541966,274.1024952834195,True,discovery
XLV,2020-04-01T00:00:00.000Z,77.0610130466,-0.1434524085707638,225.6148865392,273.931323649472,True,discovery
XLV,2020-04-02T00:00:00.000Z,79.195316424,-0.0988197541846492,230.8210313921,273.772578304008,True,discovery
XLV,2020-04-03T00:00:00.000Z,78.4808674121,-0.1021695258386412,227.4846991272,273.594187954772,True,discovery
XLV,2020-04-06T00:00:00.000Z,82.5957319745,-0.0032842322360965,242.7640010107,273.4796223591165,True,discovery
XLV,2020-04-07T00:00:00.000Z,81.9174575961,-0.0442611491835963,243.0114762061,273.368217618081,True,discovery
XLV,2020-04-08T00:00:00.000Z,85.2907421714,0.0346297419745396,251.1689919088,273.29922469489253,True,discovery
XLV,2020-04-09T00:00:00.000Z,85.7610124071,0.1242679743107393,254.9911088166,273.262336270908,True,discovery
XLV,2020-04-13T00:00:00.000Z,85.0103887617,0.0421485777222327,252.6630088296,273.21511576200703,True,discovery
XLV,2020-04-14T00:00:00.000Z,87.8320101759,0.1945320786952336,260.1147619377,273.200506889443,True,discovery
XLV,2020-04-15T00:00:00.000Z,87.3798272569,0.11818770235274,254.5878159055,273.15149562283,True,discovery
XLV,2020-04-16T00:00:00.000Z,89.2880391749,0.1817959167610168,255.8160261349,273.0966240834025,True,discovery
XLV,2020-04-17T00:00:00.000Z,91.1419891426,0.2315610598036346,262.7270001121,273.0728333463985,True,discovery
XLV,2020-04-20T00:00:00.000Z,90.4184964722,0.2706006060727126,258.098297382,273.01520618680047,True,discovery
XLV,2020-04-21T00:00:00.000Z,87.6692243251,0.299115518627429,250.2615828587,272.91992945840104,True,discovery
XLV,2020-04-22T00:00:00.000Z,89.0076857651,0.2245862884159359,255.8160261349,272.8598242589,True,discovery
XLV,2020-04-23T00:00:00.000Z,89.4960433176,0.2151277013746881,255.7976946389,272.79795804482654,True,discovery
XLV,2020-04-24T00:00:00.000Z,90.698849882,0.154749568221906,259.3631706033,272.747512488761,True,discovery
XLV,2020-04-27T00:00:00.000Z,91.8654818129,0.1951994352276642,263.1027957793,272.712606815428,True,discovery
XLV,2020-04-28T00:00:00.000Z,90.0115318452,0.1186916938291127,261.8929170459,272.665605968688,True,discovery
XLV,2020-04-29T00:00:00.000Z,90.6084132982,0.131067961165006,268.7488965353,272.652433841802,True,discovery
XLV,2020-04-30T00:00:00.000Z,90.1924050128,0.1704025349142404,266.2466473366,272.6311268915705,True,discovery
XLV,2020-05-01T00:00:00.000Z,88.4741099208,0.1171634121280951,259.1981871397,272.583781663242,True,discovery
XLV,2020-05-04T00:00:00.000Z,88.4288916289,0.1267573173543472,259.9131154821,272.535093240867,True,discovery
XLV,2020-05-05T00:00:00.000Z,90.3461472052,0.0938355414429017,262.314541453,272.5059014963825,True,discovery
XLV,2020-05-06T00:00:00.000Z,89.4508250257,0.0919629057183857,260.5363863448,272.4645253799315,True,discovery
XLV,2020-05-07T00:00:00.000Z,89.4417813673,0.0486692821544227,263.6802379021,272.429258438546,True,discovery
XLV,2020-05-08T00:00:00.000Z,89.9030079446,0.0482969524407934,268.0431339408,272.40944437329904,True,discovery
XLV,2020-05-11T00:00:00.000Z,91.4494735274,0.0757446808501247,268.0981284287,272.3964022378245,True,discovery
XLV,2020-05-12T00:00:00.000Z,90.0567501371,0.0253294892914843,262.7544973561,272.3475732773765,True,discovery
XLV,2020-05-13T00:00:00.000Z,89.0800350322,0.0194576692203949,258.10746313,272.277990622557,True,discovery
XLV,2020-05-14T00:00:00.000Z,90.0567501371,0.008609338600148,261.1963201994,272.2271909672695,True,discovery
XLV,2020-05-15T00:00:00.000Z,90.8164174409,-0.0035721373294872,262.3970331848,272.1972386197035,True,discovery
XLV,2020-05-18T00:00:00.000Z,91.5670410864,0.0127025405089888,270.3895654238,272.2189344329795,True,discovery
XLV,2020-05-19T00:00:00.000Z,90.4637147641,0.0318753868362895,267.6123437857,272.23676028061897,True,discovery
XLV,2020-05-20T00:00:00.000Z,90.5722386647,0.0175777281046156,272.158554784,272.3170208113935,True,discovery
XLV,2020-05-21T00:00:00.000Z,89.9030079446,0.0045472918345204,270.279576448,272.369929582305,True,discovery
XLV,2020-05-22T00:00:00.000Z,90.0929247706,-0.0066806261842163,270.7928583349,272.424637760744,True,discovery
XLV,2020-05-26T00:00:00.000Z,89.9301389198,-0.0210671392007899,274.1291905998,272.470536066529,True,discovery
XLV,2020-05-27T00:00:00.000Z,90.8616357328,0.0094443886263595,278.2079484511,272.545851713421,True,discovery
XLV,2020-05-28T00:00:00.000Z,92.0463549804,0.0158698472896507,277.6946665642,272.6346177554135,True,discovery
XLV,2020-05-29T00:00:00.000Z,93.1587249611,0.0328887997595699,278.9320425416,272.7093579211476,True,discovery
XLV,2020-06-01T00:00:00.000Z,92.2362718064,0.0425227435344395,280.0594295432,272.828761883644,True,discovery
XLV,2020-06-02T00:00:00.000Z,92.7698476508,0.0490897934140939,282.3783637823,272.956376685392,True,discovery
XLV,2020-06-03T00:00:00.000Z,92.5889744832,0.0248248248251909,286.1363204543,273.0838318116135,True,discovery
XLV,2020-06-04T00:00:00.000Z,91.8564381545,0.0268931351735308,285.3847291199,273.19182800094245,True,discovery
XLV,2020-06-05T00:00:00.000Z,93.3395981286,0.0435793731040898,292.6989960083,273.3465019027865,True,discovery
XLV,2020-06-08T00:00:00.000Z,93.9816978735,0.0453676692487681,296.2369747287,273.5082179070485,True,discovery
XLV,2020-06-09T00:00:00.000Z,93.0049827686,0.0170094936712121,294.0280294654,273.6592952448275,True,discovery
XLV,2020-06-10T00:00:00.000Z,92.8602842345,0.031130749145755,292.3873605769,273.8360526753635,True,discovery
XLV,2020-06-11T00:00:00.000Z,87.6963553002,-0.0155329949241694,275.5315500408,273.914318959054,True,discovery
XLV,2020-06-12T00:00:00.000Z,88.2661057781,-0.0198835107448799,278.8312193138,274.014181895905,True,discovery
XLV,2020-06-15T00:00:00.000Z,88.4650662624,-0.0258912567216182,281.4342917403,274.1179464075195,True,discovery
XLV,2020-06-16T00:00:00.000Z,90.6445879317,-0.01007407407464,286.8512487967,274.23214725125104,True,discovery
XLV,2020-06-17T00:00:00.000Z,90.5541513479,0.0009997000900949,285.6597015593,274.340976889666,True,discovery
XLV,2020-06-18T00:00:00.000Z,90.246666963,-0.0035946080885256,285.769690535,274.458071609792,True,discovery
XLV,2020-06-19T00:00:00.000Z,91.1148581674,0.0134795292227236,284.1439086544,274.55214855996104,True,discovery
XLV,2020-06-22T00:00:00.000Z,90.7665027772,0.0074764806261435,285.9667603234,274.638285255477,True,discovery
XLV,2020-06-23T00:00:00.000Z,91.1570330573,0.0136427470505093,287.2832643067,274.729966762447,True,discovery
XLV,2020-06-24T00:00:00.000Z,88.7775229785,-0.0229372136820078,279.9550323442,274.78433034321546,True,discovery
XLV,2020-06-25T00:00:00.000Z,89.6494045341,-0.0260406883771812,282.956293173,274.854016052443,True,discovery
XLV,2020-06-26T00:00:00.000Z,88.5595525896,-0.0493692069467509,276.2356784336,274.8805337230115,True,discovery
XLV,2020-06-29T00:00:00.000Z,89.3587773489,-0.031196994426875,280.295666242,274.92265908565946,True,discovery
XLV,2020-06-30T00:00:00.000Z,90.8845700712,-0.0203220941646522,283.8861316507,274.983639130536,True,discovery
XLV,2020-07-01T00:00:00.000Z,91.5838917356,-0.0108553178519368,285.8746971078,275.0587579543085,True,discovery
XLV,2020-07-02T00:00:00.000Z,92.2741313004,0.0045472386507896,287.4489780947,275.1383192333125,True,discovery
XLV,2020-07-06T00:00:00.000Z,93.2095875528,-0.0013928769611893,291.8864250871,275.239255627612,True,discovery
XLV,2020-07-07T00:00:00.000Z,92.401280694,-0.0168162228950923,288.8759579367,275.325229921678,True,discovery
XLV,2020-07-08T00:00:00.000Z,92.4103627935,-0.0063934206254243,291.0854751113,275.428642195314,True,discovery
XLV,2020-07-09T00:00:00.000Z,91.6837948305,-0.0126694572787329,289.4283372303,275.52408606886047,True,discovery
XLV,2020-07-10T00:00:00.000Z,91.4658244416,0.0429831904472706,292.3835664514,275.6449126170715,True,discovery
XLV,2020-07-13T00:00:00.000Z,91.9835041152,0.0421158076968468,289.8518280221,275.7451482402396,True,discovery
XLV,2020-07-14T00:00:00.000Z,93.8090061223,0.0604073459239731,293.608007219,275.8669750361895,True,discovery
XLV,2020-07-15T00:00:00.000Z,95.0260074603,0.0483362507191422,296.3054594363,276.0095414204455,True,discovery
XLV,2020-07-16T00:00:00.000Z,94.8716117682,0.0476782163604265,295.3295893508,276.1410186490925,True,discovery
XLV,2020-07-17T00:00:00.000Z,96.170352002,0.0656388234418523,296.185777256,276.2927772641935,True,discovery
XLV,2020-07-20T00:00:00.000Z,96.1521878029,0.0552854906084057,298.5794208618,276.4799835066975,True,discovery
XLV,2020-07-21T00:00:00.000Z,96.0886131062,0.0586351811093119,299.2146570495,276.659668747491,True,discovery
XLV,2020-07-22T00:00:00.000Z,96.9514125622,0.0635648102023871,300.9178265383,276.830056306995,True,discovery
XLV,2020-07-23T00:00:00.000Z,96.5154717844,0.0871611253196822,297.3273611296,276.988248074186,True,discovery
XLV,2020-07-24T00:00:00.000Z,95.4528661385,0.0647350825647987,295.4124462449,277.1574890724845,True,discovery
XLV,2020-07-27T00:00:00.000Z,96.170352002,0.0859399035998944,297.5667254901,277.3250818566455,True,discovery
XLV,2020-07-28T00:00:00.000Z,96.0613668076,0.0750076227266385,295.6794295702,277.4743087333175,True,discovery
XLV,2020-07-29T00:00:00.000Z,97.0694798562,0.0680523633456666,299.3159265867,277.627938673355,True,discovery
XLV,2020-07-30T00:00:00.000Z,96.3974044904,0.0525585085278585,298.2479932856,277.777724739376,True,discovery
XLV,2020-07-31T00:00:00.000Z,95.8433964187,0.0386811023631334,300.6048116052,277.926014072774,True,discovery
XLV,2020-08-03T00:00:00.000Z,96.8333452682,0.0388775211921978,302.6946465995,278.0869282793095,True,discovery
XLV,2020-08-04T00:00:00.000Z,96.40648659,0.0433457833692134,303.8638494378,278.2496997200655,True,discovery
XLV,2020-08-05T00:00:00.000Z,96.8515094673,0.0480589680588547,305.7511453577,278.427845483332,True,discovery
XLV,2020-08-06T00:00:00.000Z,96.3338297937,0.0507181773158138,307.7949487442,278.6070542004165,True,discovery
XLV,2020-08-07T00:00:00.000Z,96.642621178,0.0565981531135197,308.0159004617,278.7918097265105,True,discovery
XLV,2020-08-10T00:00:00.000Z,96.3156655946,0.0470971563985473,308.9365326178,278.977224960459,True,discovery
XLV,2020-08-11T00:00:00.000Z,95.7071649256,0.020234291799503,306.3863815454,279.1476684138345,True,discovery
XLV,2020-08-12T00:00:00.000Z,97.3146965437,0.02408487049565,310.6581147497,279.33389530668154,True,discovery
XLV,2020-08-13T00:00:00.000Z,97.1875471502,0.0244112578972361,310.0965291345,279.5096086737815,True,discovery
XLV,2020-08-14T00:00:00.000Z,96.9968230599,0.0085938237793161,310.105735456,279.6857760158955,True,discovery
XLV,2020-08-17T00:00:00.000Z,97.5689953308,0.0147350524233966,311.090811863,279.862653324848,True,discovery
XLV,2020-08-18T00:00:00.000Z,97.5417490322,0.0151228733460222,311.762873337,280.0465624318255,True,discovery
XLV,2020-08-19T00:00:00.000Z,97.2238755483,0.0028103044494085,310.4647819969,280.211244182423,True,discovery
XLV,2020-08-20T00:00:00.000Z,96.9150841641,0.0041403971022662,311.4314457608,280.37518402529,True,discovery
XLV,2020-08-21T00:00:00.000Z,97.014987259,0.0163653663184235,312.5362043481,280.5461887806275,True,discovery
XLV,2020-08-24T00:00:00.000Z,96.5699643817,0.004155255454318,315.703178965,280.7327111197335,True,discovery
XLV,2020-08-25T00:00:00.000Z,97.2238755483,0.0121017301682619,316.8079375523,280.91986193090304,True,discovery
XLV,2020-08-26T00:00:00.000Z,97.1058082544,0.0003742514975233,319.9841184908,281.1194487913355,True,discovery
XLV,2020-08-27T00:00:00.000Z,97.8687046155,0.0152628603734503,320.6837989295,281.3252083496235,True,discovery
XLV,2020-08-28T00:00:00.000Z,98.0866750044,0.0234056666345594,322.7552212806,281.5383787617345,True,discovery
XLV,2020-08-31T00:00:00.000Z,98.3228095924,0.0153817295072749,321.5860184424,281.745249889203,True,discovery
XLV,2020-09-01T00:00:00.000Z,97.4418459372,0.0107395195470945,324.6148982359,281.9652256986085,True,discovery
XLV,2020-09-02T00:00:00.000Z,99.3944973378,0.0262565641411978,329.310122232,282.198524369887,True,discovery
XLV,2020-09-03T00:00:00.000Z,96.6880316756,0.0036768171955638,317.9771403906,282.37411560992047,True,discovery
XLV,2020-09-04T00:00:00.000Z,95.9977921108,-0.0066723052348954,315.3809577104,282.5371338799595,True,discovery
XLV,2020-09-08T00:00:00.000Z,94.4175067913,-0.0197076850539505,306.7638407294,282.6623245023275,True,discovery
XLV,2020-09-09T00:00:00.000Z,96.0886131062,0.0039855760109133,312.8216003165,282.82007027488703,True,discovery
XLV,2020-09-10T00:00:00.000Z,94.6173129811,-0.0277181521229809,307.3898705956,282.9475298327285,True,discovery
XLV,2020-09-11T00:00:00.000Z,94.9896790621,-0.0226147089061037,307.5463780621,283.064848110028,True,discovery
XLV,2020-09-14T00:00:00.000Z,96.3519939928,-0.006647940074303,311.5971595489,283.199202074558,True,discovery
XLV,2020-09-15T00:00:00.000Z,96.4791433863,-0.0111700642279338,313.1714405358,283.33508165770496,True,discovery
XLV,2020-09-16T00:00:00.000Z,96.3156655946,-0.0125698324026899,311.9285871251,283.470050238078,True,discovery
XLV,2020-09-17T00:00:00.000Z,95.9977921108,-0.0126109294716489,309.1851032999,283.60340372037297,True,discovery
XLV,2020-09-18T00:00:00.000Z,95.8524785182,-0.010964295755042,305.6399550885,283.7285048140415,True,discovery
XLV,2020-09-21T00:00:00.000Z,94.08906356,-0.0301595019663166,302.2383067149,283.8279402002235,True,discovery
XLV,2020-09-22T00:00:00.000Z,93.8884472198,-0.027767610551259,305.3164287486,283.940227882047,True,discovery
XLV,2020-09-23T00:00:00.000Z,92.921841217,-0.0442487435008985,298.2358237101,284.004194330818,True,discovery
XLV,2020-09-24T00:00:00.000Z,92.4567760647,-0.047875943501962,299.0307741452,284.076622909232,True,discovery
XLV,2020-09-25T00:00:00.000Z,93.9431607671,-0.0401103076189922,303.865182024,284.1748099736189,True,discovery
XLV,2020-09-28T00:00:00.000Z,94.7912207508,-0.033597369402645,308.9121929261,284.294197985501,True,discovery
XLV,2020-09-29T00:00:00.000Z,94.6726747316,-0.03712398858344,307.2298559587,284.3928906833175,True,discovery
XLV,2020-09-30T00:00:00.000Z,96.1864162077,-0.0128838869730475,309.5592456058,284.50236911551195,True,discovery
XLV,2020-10-01T00:00:00.000Z,95.8581349237,-0.0355790562739242,311.5466216937,284.61190313230946,True,discovery
XLV,2020-10-02T00:00:00.000Z,94.9827181664,-0.0176372760893667,308.5886665862,284.7063300842535,True,discovery
XLV,2020-10-05T00:00:00.000Z,96.9341680212,0.0097541400672969,314.060883535,284.8280274668515,True,discovery
XLV,2020-10-06T00:00:00.000Z,95.648399659,0.0130367016619148,309.5962200447,284.92146368908647,True,discovery
XLV,2020-10-07T00:00:00.000Z,97.4539467209,0.0142091093893821,314.9852445061,285.03549924731146,True,discovery
XLV,2020-10-08T00:00:00.000Z,97.9281307977,0.034991670258712,317.7768146388,285.161260758886,True,discovery
XLV,2020-10-09T00:00:00.000Z,98.8126664796,0.0402463452371568,320.61460282,285.301165662442,True,discovery
XLV,2020-10-12T00:00:00.000Z,99.4874668967,0.0325418579726983,325.7725370386,285.45907137095446,True,discovery
XLV,2020-10-13T00:00:00.000Z,98.7305961586,0.0233361604723751,323.6465068051,285.6067113196975,True,discovery
XLV,2020-10-14T00:00:00.000Z,98.1561039116,0.0191084005456239,321.6129126688,285.75229100636903,True,discovery
XLV,2020-10-15T00:00:00.000Z,97.4448277963,0.0150736350668341,321.2154374512,285.89233050082,True,discovery
XLV,2020-10-16T00:00:00.000Z,98.4114337992,0.0266968086851724,321.0213216473,286.017689189894,True,discovery
XLV,2020-10-19T00:00:00.000Z,96.8520977002,0.0293661562317286,316.14069572,286.1298497848265,True,discovery
XLV,2020-10-20T00:00:00.000Z,96.979762644,0.0329254079254608,317.4070702503,286.242739734663,True,discovery
XLV,2020-10-21T00:00:00.000Z,96.4964596426,0.0384690873403188,316.8062356191,286.356770463498,True,discovery
XLV,2020-10-22T00:00:00.000Z,97.9554875714,0.0594733208396978,318.5440342448,286.4716557704005,True,discovery
XLV,2020-10-23T00:00:00.000Z,98.3202445536,0.0465928945839015,319.6255365809,286.581927825533,True,discovery
XLV,2020-10-26T00:00:00.000Z,97.225973607,0.0256854256851573,313.7188699757,286.666948146568,True,discovery
XLV,2020-10-27T00:00:00.000Z,96.5602921145,0.0199383548447475,312.6373676395,286.7363579967725,True,discovery
XLV,2020-10-28T00:00:00.000Z,93.4963334639,-0.0279673871827303,301.9517548138,286.7546172290875,True,discovery
XLV,2020-10-29T00:00:00.000Z,92.7303438013,-0.0326293759511348,305.0206332378,286.784850233089,True,discovery
XLV,2020-10-30T00:00:00.000Z,92.7029870276,-0.0240015360984526,301.8408314973,286.78674937192454,True,discovery
XLV,2020-11-02T00:00:00.000Z,94.3717502212,-0.0264346190028637,305.2239926515,286.800872777279,True,discovery
XLV,2020-11-03T00:00:00.000Z,95.7487078291,0.0010487177041915,310.6130171129,286.844901985051,True,discovery
XLV,2020-11-04T00:00:00.000Z,99.9981266718,0.026106484514027,317.5549680057,286.923458751588,True,discovery
XLV,2020-11-05T00:00:00.000Z,100.198743012,0.0231865164361262,323.748186512,287.031250751515,True,discovery
XLV,2020-11-06T00:00:00.000Z,100.2352187102,0.0143964562568879,323.6742376343,287.152109939862,True,discovery
XLV,2020-11-09T00:00:00.000Z,101.1744679394,0.0169569202566153,327.741425907,287.317309352929,True,discovery
XLV,2020-11-10T00:00:00.000Z,101.4662735251,0.0277085065110458,327.2607582021,287.4646643419725,True,discovery
XLV,2020-11-11T00:00:00.000Z,101.3386085814,0.0324228911190911,329.691827556,287.6254044987545,True,discovery
XLV,2020-11-12T00:00:00.000Z,100.9647326746,0.0361220288228951,326.4935385961,287.765325024711,True,discovery
XLV,2020-11-13T00:00:00.000Z,102.2413821123,0.038917716826631,331.0136637447,287.9549477866515,True,discovery
XLV,2020-11-16T00:00:00.000Z,102.0681225458,0.0538555691560329,335.1455572854,288.15434382327453,True,discovery
XLV,2020-11-17T00:00:00.000Z,101.4024410533,0.0456041372831057,333.3430533918,288.3222261715905,True,discovery
XLV,2020-11-18T00:00:00.000Z,99.5148236703,0.0312795312789639,329.3313267773,288.4527412954195,True,discovery
XLV,2020-11-19T00:00:00.000Z,99.4418722739,0.0151740830386513,330.7178682339,288.585087646957,True,discovery
XLV,2020-11-20T00:00:00.000Z,99.21389916,0.0090892227786598,328.4531838548,288.71421828520846,True,discovery
XLV,2020-11-23T00:00:00.000Z,98.9585692725,0.017820296379889,330.4220727232,288.84189723445803,True,discovery
XLV,2020-11-24T00:00:00.000Z,99.2503748582,0.0278590990643456,335.7463919166,288.9935559420375,True,discovery
XLV,2020-11-25T00:00:00.000Z,98.885617876,0.0576416658539968,335.2287497728,289.1327878711465,True,discovery
XLV,2020-11-27T00:00:00.000Z,99.7975103315,0.0762120169137228,336.1623543536,289.27832758445146,True,discovery
XLV,2020-11-30T00:00:00.000Z,100.0710780682,0.0794806216805756,334.6741331902,289.413966550002,True,discovery
XLV,2020-12-01T00:00:00.000Z,100.9100191273,0.0692820562379612,338.3346026356,289.5718706192345,True,discovery
XLV,2020-12-02T00:00:00.000Z,101.6668898654,0.0618095238095874,339.0463605834,289.72600010131754,True,discovery
XLV,2020-12-03T00:00:00.000Z,101.5392249216,0.0154112712016893,338.9539244863,289.8859987034585,True,discovery
XLV,2020-12-04T00:00:00.000Z,102.6243769436,0.024208227156198,341.8749051549,290.0764076858395,True,discovery
XLV,2020-12-07T00:00:00.000Z,101.9951711493,0.0175582241625906,341.1723908169,290.3136812073315,True,discovery
XLV,2020-12-08T00:00:00.000Z,102.7702797365,0.0157728706619522,342.1707006656,290.600447577572,True,discovery
XLV,2020-12-09T00:00:00.000Z,102.4146416789,0.0093466343135721,339.1018222416,290.877107682042,True,discovery
XLV,2020-12-10T00:00:00.000Z,102.2413821123,0.008908485556863,338.9908989251,291.2169361156895,True,discovery
XLV,2020-12-11T00:00:00.000Z,101.8401494319,0.0086705202312711,338.5934237075,291.56047078884546,True,discovery
XLV,2020-12-14T00:00:00.000Z,101.0741597693,-0.0114163396355299,337.077471715,291.837986431553,True,discovery
XLV,2020-12-15T00:00:00.000Z,102.1684307159,0.0009827570802529,341.6345713024,292.1785983706235,True,discovery
XLV,2020-12-16T00:00:00.000Z,101.8675062056,0.0045863309351255,342.1707006656,292.464408213444,True,discovery
XLV,2020-12-17T00:00:00.000Z,102.9617771522,0.0346375881981162,344.0841278758,292.8071560740815,True,discovery
XLV,2020-12-18T00:00:00.000Z,103.0438474732,0.0362219165522026,342.7160736386,293.16583812592,True,discovery
XLV,2020-12-21T00:00:00.000Z,102.0173675236,0.0282568106619709,341.4906951858,293.62420343774704,True,discovery
XLV,2020-12-22T00:00:00.000Z,101.7060318719,0.0277637663882788,340.9151386398,294.0150570425885,True,discovery
XLV,2020-12-23T00:00:00.000Z,101.7792873193,0.0254801300721843,341.221483253,294.4714841587295,True,discovery
XLV,2020-12-24T00:00:00.000Z,102.0723091092,0.0322260334884698,342.5489765768,295.05411466902353,True,discovery
XLV,2020-12-28T00:00:00.000Z,102.3287031753,0.0253632864726993,345.4917414976,295.554849734474,True,discovery
XLV,2020-12-29T00:00:00.000Z,102.8140205148,0.0274099420087254,344.8326364207,296.1865219558515,True,discovery
XLV,2020-12-30T00:00:00.000Z,102.7957066529,0.018686821605109,345.3246444358,296.761668359721,True,discovery
XLV,2020-12-31T00:00:00.000Z,103.876224503,0.0217311126614083,347.0791635841,297.403889983044,True,discovery
XLV,2021-01-04T00:00:00.000Z,103.4275348873,0.0185968522721933,342.3540300048,298.020162943307,True,discovery
XLV,2021-01-05T00:00:00.000Z,104.1784032238,0.0151428571503442,344.7119552094,298.69516115038846,True,discovery
XLV,2021-01-06T00:00:00.000Z,105.6068844493,0.0354106303200685,346.7728189709,299.4072734891205,True,discovery
XLV,2021-01-07T00:00:00.000Z,106.9804240892,0.0409665553455209,351.9249783747,300.05257257026847,True,discovery
XLV,2021-01-08T00:00:00.000Z,107.4932122215,0.0495883250612039,353.9301431157,300.691215813797,True,discovery
XLV,2021-01-11T00:00:00.000Z,107.9968434228,0.0562928746813917,351.5443684008,301.251890969552,True,discovery
XLV,2021-01-12T00:00:00.000Z,106.8247562634,0.0489453998183022,351.6186337615,301.8485922117545,True,discovery
XLV,2021-01-13T00:00:00.000Z,107.1177780532,0.0597939008119825,352.5655171114,302.412310817767,True,discovery
XLV,2021-01-14T00:00:00.000Z,106.7789716087,0.0451268641447626,351.3308554885,302.9877293242265,True,discovery
XLV,2021-01-15T00:00:00.000Z,107.1086211223,0.051450311408643,348.7687005418,303.6034983942395,True,discovery
XLV,2021-01-19T00:00:00.000Z,107.9144310444,0.0481018687631906,351.5072357204,304.206929415881,True,discovery
XLV,2021-01-20T00:00:00.000Z,108.509631555,0.0530432841535886,356.3716168512,304.85136400450097,True,discovery
XLV,2021-01-21T00:00:00.000Z,107.9968434228,0.0586123328247687,356.6965278046,305.4210266384705,True,discovery
XLV,2021-01-22T00:00:00.000Z,107.6763508401,0.0587017196356622,355.4340166714,305.983139340797,True,discovery
XLV,2021-01-25T00:00:00.000Z,108.381434522,0.0648672964469467,356.835775356,306.511473258033,True,discovery
XLV,2021-01-26T00:00:00.000Z,107.9785295609,0.0578631021796649,356.2787851502,307.017911639701,True,discovery
XLV,2021-01-27T00:00:00.000Z,104.7003482869,0.0231767337805219,347.5711715993,307.4924524535495,True,discovery
XLV,2021-01-28T00:00:00.000Z,106.2295557527,0.0332205201274891,350.5603523705,307.94468040571354,True,discovery
XLV,2021-01-29T00:00:00.000Z,105.3321765213,0.024674861927499,343.5422757772,308.389452705072,True,discovery
XLV,2021-02-01T00:00:00.000Z,105.7350814824,0.0178949224261257,349.2607085569,308.856676117182,True,discovery
XLV,2021-02-02T00:00:00.000Z,106.0372602031,0.0252324037176725,354.1993550485,309.314037891864,True,discovery
XLV,2021-02-03T00:00:00.000Z,105.2863918667,0.0106354926607943,354.4778501514,309.795935655711,True,discovery
XLV,2021-02-04T00:00:00.000Z,105.7259245514,0.0011272002078344,358.5067459735,310.337161471285,True,discovery
XLV,2021-02-05T00:00:00.000Z,105.918220101,-0.0099289566034467,359.9177878282,310.8576702797515,True,discovery
XLV,2021-02-08T00:00:00.000Z,106.0464171341,-0.0134594088082393,362.5170754553,311.39126718383346,True,discovery
XLV,2021-02-09T00:00:00.000Z,106.2020849599,-0.016618619637554,362.2757130328,311.905829895981,True,discovery
