ticker,date,etf_close,etf_momentum_20d,spy_close,spy_200dma,eligible,research_partition,momentum_signal,positive_regime,group_A,group_B,group_C,group_D
XLI,1999-01-22T00:00:00.000Z,14.3915579358,0.0107388316147039,75.9222532054,68.79354290947,True,discovery,False,True,True,False,True,False
XLI,1999-01-25T00:00:00.000Z,14.6300920452,0.0097087378659537,76.6965750127,68.838755908347,True,discovery,False,True,True,False,True,False
XLI,1999-01-26T00:00:00.000Z,14.6300920452,-0.0033333333313123,78.0903542659,68.888254642999,True,discovery,False,True,True,False,True,False
XLI,1999-01-27T00:00:00.000Z,14.7463009703,-0.0008288437675249,77.1804933111,68.934162344481,True,discovery,False,True,True,False,True,False
XLI,1999-01-28T00:00:00.000Z,14.764649748,-0.0134859011010272,78.4775151695,68.983680340443,True,discovery,False,True,True,False,True,False
XLI,1999-01-29T00:00:00.000Z,14.8625098954,-0.0024630541873739,79.0775817389,69.03524039764801,True,discovery,False,True,True,False,True,False
XLI,1999-02-01T00:00:00.000Z,14.8808586731,-0.0093648208420644,78.6129886545,69.0885022301675,True,discovery,False,True,True,False,True,False
XLI,1999-02-02T00:00:00.000Z,14.764649748,-0.0033030553241643,78.1290703562,69.13484075718,True,discovery,False,True,True,False,True,False
XLI,1999-02-03T00:00:00.000Z,14.9114399692,-0.0137540453040346,78.9227173775,69.1852431839365,True,discovery,False,True,True,False,True,False
XLI,1999-02-04T00:00:00.000Z,14.9297887468,-0.0332673267350068,77.7419094526,69.228112671865,True,discovery,False,True,True,False,True,False
XLI,1999-02-05T00:00:00.000Z,14.8808586731,-0.0279664402693592,76.8514393742,69.2655715377975,True,discovery,False,True,True,False,True,False
XLI,1999-02-08T00:00:00.000Z,14.9297887468,-0.0321173671680318,77.0063037357,69.30715851362851,True,discovery,False,True,True,False,True,False
XLI,1999-02-09T00:00:00.000Z,14.7279521927,-0.0360288230545741,75.2834048832,69.3437724272915,True,discovery,False,True,True,False,True,False
XLI,1999-02-10T00:00:00.000Z,14.7829985256,-0.0210611583673817,75.767388844,69.389226843028,True,discovery,False,True,True,False,True,False
XLI,1999-02-11T00:00:00.000Z,14.9848350798,0.0182876143034866,77.5096129104,69.44387135237551,True,discovery,False,True,True,False,True,False
XLI,1999-02-12T00:00:00.000Z,14.8992074507,0.0171189979078165,76.5804267416,69.4915700790295,True,discovery,False,True,True,False,True,False
XLI,1999-02-16T00:00:00.000Z,14.9726025613,0.0049261083747478,76.1158336573,69.53071723735951,True,discovery,False,True,True,False,True,False
XLI,1999-02-17T00:00:00.000Z,14.9726025613,0.0069930069946531,76.0384014765,69.5656441483695,True,discovery,False,True,True,False,True,False
XLI,1999-02-18T00:00:00.000Z,14.9726025613,0.0094845360843121,76.6384680459,69.6044336741475,True,discovery,False,True,True,False,True,False
XLI,1999-02-19T00:00:00.000Z,15.0704627088,0.0266666666709356,76.9675876453,69.647264639455,True,discovery,False,True,True,False,True,False
XLI,1999-02-22T00:00:00.000Z,15.302880559,0.0633234169132601,79.0195404346,69.7043801094455,True,discovery,True,True,True,True,True,True
XLI,1999-02-23T00:00:00.000Z,15.2906480406,0.0451505016755326,78.9808243443,69.76398515947551,True,discovery,False,True,True,False,True,False
XLI,1999-02-24T00:00:00.000Z,15.2539504853,0.0426421404713364,77.5870450911,69.8111590025745,True,discovery,False,True,True,False,True,False
XLI,1999-02-25T00:00:00.000Z,14.9481375245,0.013687266698714,76.8514393742,69.85580474301351,True,discovery,False,True,True,False,True,False
XLI,1999-02-26T00:00:00.000Z,14.9970675982,0.0157415078695979,76.5417106513,69.895260407743,True,discovery,False,True,True,False,True,False
XLI,1999-03-01T00:00:00.000Z,14.9848350798,0.0082304526799916,76.754616317,69.9349183188805,True,discovery,False,True,True,False,True,False
XLI,1999-03-02T00:00:00.000Z,14.8625098954,-0.001233045626135,76.0771175669,69.97291362515449,True,discovery,False,True,True,False,True,False
XLI,1999-03-03T00:00:00.000Z,14.7768822664,0.0008285004120505,76.4836036845,70.0148579052245,True,discovery,False,True,True,False,True,False
XLI,1999-03-04T00:00:00.000Z,15.0643464496,0.0102543068084526,77.4515059436,70.0629832768355,True,discovery,False,True,True,False,True,False
XLI,1999-03-05T00:00:00.000Z,15.3946244472,0.0311347808253235,79.0098143333,70.11660033854551,True,discovery,False,True,True,False,True,False
XLI,1999-03-08T00:00:00.000Z,15.4802520763,0.0402794903417447,79.5228496094,70.16952445318249,True,discovery,False,True,True,False,True,False
XLI,1999-03-09T00:00:00.000Z,15.5597634461,0.0421958213866238,79.3292691575,70.223684527726,True,discovery,False,True,True,False,True,False
XLI,1999-03-10T00:00:00.000Z,15.52918215,0.0544019933536406,80.0261587841,70.282670630648,True,discovery,True,True,True,True,True,True
XLI,1999-03-11T00:00:00.000Z,15.5475309276,0.0517170045492492,80.9166288625,70.3515713946275,True,discovery,True,True,True,True,True,True
XLI,1999-03-12T00:00:00.000Z,15.5964610014,0.040816326528978,80.1423070552,70.4161212512455,True,discovery,False,True,True,False,True,False
XLI,1999-03-15T00:00:00.000Z,15.5597634461,0.0443349753727313,81.2844032259,70.484848354151,True,discovery,False,True,True,False,True,False
XLI,1999-03-16T00:00:00.000Z,15.4557870394,0.0322712418313231,80.974674503,70.5553809265785,True,discovery,False,True,True,False,True,False
XLI,1999-03-17T00:00:00.000Z,15.4252057433,0.0302287581699292,80.6262296897,70.622638040373,True,discovery,False,True,True,False,True,False
XLI,1999-03-18T00:00:00.000Z,15.4619032986,0.0326797385622661,81.923247212,70.69609259777499,True,discovery,False,True,True,False,True,False
XLI,1999-03-19T00:00:00.000Z,15.5558062264,0.0322049512996436,80.5340228295,70.76796735424651,True,discovery,False,True,True,False,True,False
XLI,1999-03-22T00:00:00.000Z,15.4453072082,0.0093071790406307,80.6892691385,70.834485403998,True,discovery,False,True,True,False,True,False
XLI,1999-03-23T00:00:00.000Z,15.0769771476,-0.0139739592744962,78.3605745025,70.88284373366301,True,discovery,False,True,True,False,True,False
XLI,1999-03-24T00:00:00.000Z,15.0401441415,-0.0140164571798001,78.8068747288,70.93381687310101,True,discovery,False,True,True,False,True,False
XLI,1999-03-25T00:00:00.000Z,15.2058926688,0.017243294950795,80.4175880977,70.991789643142,True,discovery,False,True,True,False,True,False
XLI,1999-03-26T00:00:00.000Z,15.2427256748,0.0163804073690703,79.8354144386,71.0490554070535,True,discovery,False,True,True,False,True,False
XLI,1999-03-29T00:00:00.000Z,15.4882790486,0.0335968975380087,81.4460663299,71.1207950126905,True,discovery,False,True,True,False,True,False
XLI,1999-03-30T00:00:00.000Z,15.4821402142,0.0416908263248172,81.01913898,71.1872375227625,True,discovery,False,True,True,False,True,False
XLI,1999-03-31T00:00:00.000Z,15.3102528526,0.036094933733944,79.7189797068,71.256091324908,True,discovery,False,True,True,False,True,False
XLI,1999-04-01T00:00:00.000Z,15.4698625456,0.0269189305594315,80.3205305892,71.3228738794415,True,discovery,False,True,True,False,True,False
XLI,1999-04-05T00:00:00.000Z,15.8074984344,0.0268193607850624,82.2222978753,71.39217005022,True,discovery,False,True,True,False,True,False
XLI,1999-04-06T00:00:00.000Z,15.7215547536,0.0155877744180554,82.0282399889,71.46202916613251,True,discovery,False,True,True,False,True,False
XLI,1999-04-07T00:00:00.000Z,15.7522489254,0.0123707201569471,82.6880368025,71.5368866634425,True,discovery,False,True,True,False,True,False
XLI,1999-04-08T00:00:00.000Z,15.8381926062,0.0198986948066675,83.7359493887,71.61534961481401,True,discovery,False,True,True,False,True,False
XLI,1999-04-09T00:00:00.000Z,15.8443314405,0.0190898808487409,83.7553837426,71.689872124996,True,discovery,False,True,True,False,True,False
XLI,1999-04-12T00:00:00.000Z,16.2310780041,0.0406898079405984,84.6480500198,71.7642435517535,True,discovery,False,True,True,False,True,False
XLI,1999-04-13T00:00:00.000Z,16.353854691,0.0510349175712587,84.104687938,71.8364749699535,True,discovery,True,True,True,True,True,True
XLI,1999-04-14T00:00:00.000Z,16.7099070829,0.0811424251837182,82.6880368025,71.900180964805,True,discovery,True,True,True,True,True,True
XLI,1999-04-15T00:00:00.000Z,17.139625487,0.1111440438611113,82.3775441843,71.96108492226399,True,discovery,True,True,True,True,True,True
XLI,1999-04-16T00:00:00.000Z,17.2378468365,0.1148593095948804,81.6789357935,72.020899015773,True,discovery,True,True,True,True,True,True
XLI,1999-04-19T00:00:00.000Z,17.3790400264,0.117205998420433,80.4175880977,72.070368757844,True,discovery,True,True,True,True,True,True
XLI,1999-04-20T00:00:00.000Z,17.2685410082,0.1180445151024276,81.4266891066,72.12421123250901,True,discovery,True,True,True,True,True,True
XLI,1999-04-21T00:00:00.000Z,17.3237905173,0.1490228013018946,83.7553837426,72.186140072562,True,discovery,True,True,True,True,True,True
XLI,1999-04-22T00:00:00.000Z,17.3299293516,0.1522448979582473,84.5509925113,72.2527200549945,True,discovery,True,True,True,True,True,True
XLI,1999-04-23T00:00:00.000Z,17.4649837072,0.1485668146951531,84.3375574016,72.31563709050499,True,discovery,True,True,True,True,True,True
XLI,1999-04-26T00:00:00.000Z,17.4465672042,0.1445831655321001,84.8226735522,72.383383210858,True,discovery,True,True,True,True,True,True
XLI,1999-04-27T00:00:00.000Z,17.532510885,0.1319857312736614,85.2302236788,72.4512444090065,True,discovery,True,True,True,True,True,True
XLI,1999-04-28T00:00:00.000Z,17.7535089213,0.1467089611432876,84.0658763608,72.5131875738805,True,discovery,True,True,True,True,True,True
XLI,1999-04-29T00:00:00.000Z,17.8210360991,0.1639935846045557,83.4254567705,72.567891027844,True,discovery,True,True,True,True,True,True
XLI,1999-04-30T00:00:00.000Z,17.6123157314,0.1384920634869741,82.7462827337,72.6198717101595,True,discovery,True,True,True,True,True,True
XLI,1999-05-03T00:00:00.000Z,17.9560904547,0.1359223301027994,84.2599342471,72.676921175353,True,discovery,True,True,True,True,True,True
XLI,1999-05-04T00:00:00.000Z,18.0358953011,0.147208121828412,83.0567753518,72.727474014818,True,discovery,True,True,True,True,True,True
XLI,1999-05-05T00:00:00.000Z,18.0358953011,0.1449727201820492,83.7165721654,72.78132583835101,True,discovery,True,True,True,True,True,True
XLI,1999-05-06T00:00:00.000Z,18.0727283072,0.1410852713159498,83.2022715717,72.8389509792795,True,discovery,True,True,True,True,True,True
XLI,1999-05-07T00:00:00.000Z,18.4165030304,0.1623401782245745,83.8330068972,72.8997297968355,True,discovery,True,True,True,True,True,True
XLI,1999-05-10T00:00:00.000Z,18.1648108223,0.1191376701973545,83.415763191,72.9655362853595,True,discovery,True,True,True,True,True,True
XLI,1999-05-11T00:00:00.000Z,18.4717525395,0.1295045045047111,84.2599342471,73.0358521931325,True,discovery,True,True,True,True,True,True
XLI,1999-05-12T00:00:00.000Z,18.2937263436,0.0947832476172649,84.9197310606,73.106967610284,True,discovery,True,True,True,True,True,True
XLI,1999-05-13T00:00:00.000Z,18.1095613132,0.0565902578755688,85.2884124794,73.185886720326,True,discovery,True,True,True,True,True,True
XLI,1999-05-14T00:00:00.000Z,17.8824244425,0.0373931623893506,83.0761525751,73.255090401833,True,discovery,False,True,True,False,True,False
XLI,1999-05-17T00:00:00.000Z,17.8394526021,0.026492405506898,83.3284563927,73.3203643857665,True,discovery,False,True,True,False,True,False
XLI,1999-05-18T00:00:00.000Z,17.6123157314,0.0199075719851931,83.1732100836,73.392360562221,True,discovery,False,True,True,False,True,False
XLI,1999-05-19T00:00:00.000Z,17.8824244425,0.0322466335899254,83.7747609659,73.4688063346725,True,discovery,False,True,True,False,True,False
XLI,1999-05-20T00:00:00.000Z,17.9253962829,0.0343606092799808,83.2702104615,73.5559957971815,True,discovery,False,True,True,False,True,False
XLI,1999-05-21T00:00:00.000Z,17.7166759153,0.0144112478041558,82.8044715343,73.636338446929,True,discovery,False,True,True,False,True,False
XLI,1999-05-24T00:00:00.000Z,17.5632050567,0.0066854327922984,81.4266891066,73.708350016867,True,discovery,False,True,True,False,True,False
XLI,1999-05-25T00:00:00.000Z,17.5079555476,-0.0014005602255754,80.1070954795,73.773186816818,True,discovery,False,True,True,False,True,False
XLI,1999-05-26T00:00:00.000Z,17.3790400264,-0.0210926694300261,80.9997617567,73.844409620993,True,discovery,False,True,True,False,True,False
XLI,1999-05-27T00:00:00.000Z,17.0905148122,-0.0409920771630608,79.8354144386,73.91480963795499,True,discovery,False,True,True,False,True,False
XLI,1999-05-28T00:00:00.000Z,17.2685410082,-0.0195189961639798,80.8541990914,73.984727826952,True,discovery,False,True,True,False,True,False
XLI,1999-06-01T00:00:00.000Z,17.2746798425,-0.0379487179527792,80.5728344067,74.05727680548449,True,discovery,False,True,True,False,True,False
XLI,1999-06-02T00:00:00.000Z,17.5079555476,-0.0292716133403034,80.6504575613,74.13405924546501,True,discovery,False,True,True,False,True,False
XLI,1999-06-03T00:00:00.000Z,17.6859817435,-0.0194009530305189,81.0967621345,74.2061515860965,True,discovery,False,True,True,False,True,False
XLI,1999-06-04T00:00:00.000Z,17.8701467739,-0.0112092391285101,82.7268483797,74.2802418048735,True,discovery,False,True,True,False,True,False
XLI,1999-06-07T00:00:00.000Z,18.0420341355,-0.0203333333305387,82.94034062,74.35626485067151,True,discovery,False,True,True,False,True,False
XLI,1999-06-08T00:00:00.000Z,17.8824244425,-0.01554579249751,82.1252974974,74.4302313242935,True,discovery,False,True,True,False,True,False
XLI,1999-06-09T00:00:00.000Z,17.9008409456,-0.0309072781631933,82.0476743429,74.5065014241155,True,discovery,False,True,True,False,True,False
XLI,1999-06-10T00:00:00.000Z,17.6859817435,-0.0332214765152325,81.2908200208,74.5768723122055,True,discovery,False,True,True,False,True,False
XLI,1999-06-11T00:00:00.000Z,17.6614264062,-0.0247457627078661,80.611645984,74.6430782609765,True,discovery,False,True,True,False,True,False
XLI,1999-06-14T00:00:00.000Z,17.8701467739,-0.0006865774067424,80.6892691385,74.7115949983575,True,discovery,False,True,True,False,True,False
XLI,1999-06-15T00:00:00.000Z,17.9253962829,0.0048176187194153,81.2326312203,74.79859446341601,True,discovery,False,True,True,False,True,False
XLI,1999-06-16T00:00:00.000Z,18.177088491,0.0320669222726401,82.785094311,74.8945098476305,True,discovery,False,True,True,False,True,False
XLI,1999-06-17T00:00:00.000Z,18.3182816809,0.0243734981127126,83.5613258563,75.0169939290555,True,discovery,False,True,True,False,True,False
XLI,1999-06-18T00:00:00.000Z,18.458547293,0.0297427739775326,83.6575599384,75.12746180744651,True,discovery,False,True,True,False,True,False
XLI,1999-06-21T00:00:00.000Z,18.2126791971,0.0279964076879486,83.852202935,75.2411141376265,True,discovery,False,True,True,False,True,False
XLI,1999-06-22T00:00:00.000Z,18.1204786612,0.031729607591606,83.2682739452,75.35425000086201,True,discovery,False,True,True,False,True,False
XLI,1999-06-23T00:00:00.000Z,18.1819456852,0.0384962216614941,82.8594950009,75.4678414440645,True,discovery,False,True,True,False,True,False
XLI,1999-06-24T00:00:00.000Z,17.9913979109,0.0352354263279093,82.2366374117,75.562168147485,True,discovery,False,True,True,False,True,False
XLI,1999-06-25T00:00:00.000Z,17.8807572678,0.0462386571898869,82.0322716082,75.6631637132385,True,discovery,False,True,True,False,True,False
XLI,1999-06-28T00:00:00.000Z,17.9114907798,0.0372324315814922,83.0347023492,75.77532398577749,True,discovery,False,True,True,False,True,False
XLI,1999-06-29T00:00:00.000Z,18.0098380181,0.0425569783233452,83.8132743356,75.8815714867765,True,discovery,False,True,True,False,True,False
XLI,1999-06-30T00:00:00.000Z,18.3233198403,0.0465710739602471,85.3314897091,75.990026580698,True,discovery,False,True,True,False,True,False
XLI,1999-07-01T00:00:00.000Z,18.3356132451,0.0367314357224615,85.9737829464,76.0997704679685,True,discovery,False,True,True,False,True,False
XLI,1999-07-02T00:00:00.000Z,18.4216670786,0.0308626622756962,86.8302121315,76.210912491908,True,discovery,False,True,True,False,True,False
XLI,1999-07-06T00:00:00.000Z,18.4401071858,0.0220636457790941,86.8107764833,76.331186167227,True,discovery,False,True,True,False,True,False
XLI,1999-07-07T00:00:00.000Z,18.3048797331,0.0236240500810382,86.9275622812,76.4506525962245,True,discovery,False,True,True,False,True,False
XLI,1999-07-08T00:00:00.000Z,18.3724934594,0.026348064609553,86.9956399929,76.5706523562635,True,discovery,False,True,True,False,True,False
XLI,1999-07-09T00:00:00.000Z,18.3909335666,0.0398593549017478,87.511491271,76.69062648555699,True,discovery,False,True,True,False,True,False
XLI,1999-07-12T00:00:00.000Z,18.2311193043,0.0322563356434228,87.1222052778,76.7959199810045,True,discovery,False,True,True,False,True,False
XLI,1999-07-13T00:00:00.000Z,18.163505578,0.0164161384800969,86.8107764833,76.907759916767,True,discovery,False,True,True,False,True,False
XLI,1999-07-14T00:00:00.000Z,18.2557061139,0.0184269193153125,87.2973553233,77.0224186316955,True,discovery,False,True,True,False,True,False
XLI,1999-07-15T00:00:00.000Z,18.3847868642,0.011426382905207,87.8520691779,77.1369567786515,True,discovery,False,True,True,False,True,False
XLI,1999-07-16T00:00:00.000Z,18.4093736738,0.0049727367712104,88.3289918567,77.2546513089335,True,discovery,False,True,True,False,True,False
XLI,1999-07-19T00:00:00.000Z,18.427813781,-0.0016650016662823,87.7450628669,77.37926626090099,True,discovery,False,True,True,False,True,False
XLI,1999-07-20T00:00:00.000Z,18.4093736738,0.0107998650045577,85.9445678112,77.503947034292,True,discovery,False,True,True,False,True,False
XLI,1999-07-21T00:00:00.000Z,18.3909335666,0.0149253731348226,85.8472743415,77.6222567582175,True,discovery,False,True,True,False,True,False
XLI,1999-07-22T00:00:00.000Z,18.3233198403,0.0077755240031918,84.7183449612,77.7411923023245,True,discovery,False,True,True,False,True,False
XLI,1999-07-23T00:00:00.000Z,18.2311193043,0.0133242227528505,84.5529177227,77.85959028757901,True,discovery,False,True,True,False,True,False
XLI,1999-07-26T00:00:00.000Z,18.0958918516,0.0120316259864128,83.9300601336,77.97940796962399,True,discovery,False,True,True,False,True,False
XLI,1999-07-27T00:00:00.000Z,18.3356132451,0.0236787920399295,84.6307749214,78.10436940032899,True,discovery,False,True,True,False,True,False
XLI,1999-07-28T00:00:00.000Z,18.2311193043,0.012286689418173,84.9032751166,78.224712115036,True,discovery,False,True,True,False,True,False
XLI,1999-07-29T00:00:00.000Z,17.8623171606,-0.0251593425055038,83.7159241859,78.33468039798,True,discovery,False,True,True,False,True,False
XLI,1999-07-30T00:00:00.000Z,17.6533292792,-0.0372108615501219,82.6843449554,78.440551804813,True,discovery,False,True,True,False,True,False
XLI,1999-08-02T00:00:00.000Z,17.7025028983,-0.0390390390419894,82.878987952,78.5445022893835,True,discovery,False,True,True,False,True,False
XLI,1999-08-03T00:00:00.000Z,17.7086496007,-0.0396666666700975,82.4897019588,78.62981698282151,True,discovery,False,True,True,False,True,False
XLI,1999-08-04T00:00:00.000Z,17.573422148,-0.0399597045031296,81.3607725785,78.709390394501,True,discovery,False,True,True,False,True,False
XLI,1999-08-05T00:00:00.000Z,17.6717693864,-0.0381398460991959,82.1004159656,78.791504368218,True,discovery,False,True,True,False,True,False
XLI,1999-08-06T00:00:00.000Z,17.5058084217,-0.0481283422450879,81.2050581812,78.8672121281825,True,discovery,False,True,True,False,True,False
XLI,1999-08-09T00:00:00.000Z,17.4504881001,-0.0428186109240085,81.0298508328,78.94320150630351,True,discovery,False,True,True,False,True,False
XLI,1999-08-10T00:00:00.000Z,17.2906738379,-0.0480541455145746,80.1344930485,79.009794225801,True,discovery,False,True,True,False,True,False
XLI,1999-08-11T00:00:00.000Z,17.5980089576,-0.036026936027373,81.1077080315,79.08549775483999,True,discovery,False,True,True,False,True,False
XLI,1999-08-12T00:00:00.000Z,17.5303952313,-0.046472751585917,81.0590566252,79.1585460821945,True,discovery,False,True,True,False,True,False
XLI,1999-08-13T00:00:00.000Z,17.837730351,-0.0310517529237595,82.9373521995,79.2429153122505,True,discovery,False,True,True,False,True,False
XLI,1999-08-16T00:00:00.000Z,17.9053440774,-0.0283522348233568,83.3072025445,79.32971262148101,True,discovery,False,True,True,False,True,False
XLI,1999-08-17T00:00:00.000Z,18.1512121732,-0.014023372287098,83.852202935,79.4112279832335,True,discovery,False,True,True,False,True,False
XLI,1999-08-18T00:00:00.000Z,17.9791045061,-0.0223930481293199,83.2487809941,79.4878931180775,True,discovery,False,True,True,False,True,False
XLI,1999-08-19T00:00:00.000Z,17.7516765175,-0.0311975847052965,82.5675591574,79.555363869247,True,discovery,False,True,True,False,True,False
XLI,1999-08-20T00:00:00.000Z,17.929930887,-0.0165205664157418,83.4044953913,79.6295275538655,True,discovery,False,True,True,False,True,False
XLI,1999-08-23T00:00:00.000Z,18.3171731379,0.0122282608734993,85.0005679634,79.708005694167,True,discovery,False,True,True,False,True,False
XLI,1999-08-24T00:00:00.000Z,18.3233198403,-0.0006704659743672,85.311996758,79.78331405122249,True,discovery,False,True,True,False,True,False
XLI,1999-08-25T00:00:00.000Z,18.5261610193,0.0161834120042432,86.1879188942,79.861940671687,True,discovery,False,True,True,False,True,False
XLI,1999-08-26T00:00:00.000Z,18.427813781,0.0316586373041987,85.1562823607,79.9379173617635,True,discovery,False,True,True,False,True,False
XLI,1999-08-27T00:00:00.000Z,18.2188258995,0.0320334261801991,84.1247031302,80.0097008681025,True,discovery,False,True,True,False,True,False
XLI,1999-08-30T00:00:00.000Z,17.7578232199,0.0031250000024183,82.5675591574,80.076013964374,True,discovery,False,True,True,False,True,False
XLI,1999-08-31T00:00:00.000Z,17.7947034343,0.0048594238149362,82.2561303628,80.1411558016385,True,discovery,False,True,True,False,True,False
XLI,1999-09-01T00:00:00.000Z,17.8438770534,0.015389996502803,83.2682739452,80.2079820269775,True,discovery,False,True,True,False,True,False
XLI,1999-09-02T00:00:00.000Z,17.6902094936,0.0010434782616726,82.2852794752,80.26728839283,True,discovery,False,True,True,False,True,False
XLI,1999-09-03T00:00:00.000Z,18.1204786612,0.0351123595490776,84.6891391689,80.338614057151,True,discovery,False,True,True,False,True,False
XLI,1999-09-07T00:00:00.000Z,18.3233198403,0.0500176118394648,84.3777103743,80.406260210186,True,discovery,True,True,True,True,True,True
XLI,1999-09-08T00:00:00.000Z,18.3847868642,0.0632776395273722,83.9689887329,80.4687756752855,True,discovery,True,True,True,True,True,True
XLI,1999-09-09T00:00:00.000Z,18.2495594115,0.0370241005939833,83.9300601336,80.528395302626,True,discovery,False,True,True,False,True,False
XLI,1999-09-10T00:00:00.000Z,18.2003857924,0.0382187938298019,84.6307749214,80.5830290346525,True,discovery,False,True,True,False,True,False
XLI,1999-09-13T00:00:00.000Z,18.0651583397,0.0127498277092887,84.0565587728,80.6371069957325,True,discovery,False,True,True,False,True,False
XLI,1999-09-14T00:00:00.000Z,17.9053440774,0.0,83.5018455411,80.688411390654,True,discovery,False,True,True,False,True,False
XLI,1999-09-15T00:00:00.000Z,17.929930887,-0.0121909922096948,82.1782731642,80.7303967289285,True,discovery,False,True,True,False,True,False
XLI,1999-09-16T00:00:00.000Z,17.7701166247,-0.0116239316217942,82.4994148,80.7844066694655,True,discovery,False,True,True,False,True,False
XLI,1999-09-17T00:00:00.000Z,18.0612281382,0.0174378808894379,83.5390413506,80.8389841231625,True,discovery,False,True,True,False,True,False
XLI,1999-09-20T00:00:00.000Z,18.079701948,0.0083531309709949,83.421930545,80.89403737010349,True,discovery,False,True,True,False,True,False
XLI,1999-09-21T00:00:00.000Z,17.8457003561,-0.0257393855618734,81.6652684605,80.946288523596,True,discovery,False,True,True,False,True,False
XLI,1999-09-22T00:00:00.000Z,17.7902789264,-0.0290908480857077,81.5773878873,80.9887424001805,True,discovery,False,True,True,False,True,False
XLI,1999-09-23T00:00:00.000Z,17.6486463839,-0.0473662424981533,79.8695694408,81.02092070218501,True,discovery,False,False,True,False,False,False
XLI,1999-09-24T00:00:00.000Z,17.2730122494,-0.0626662253766997,79.7914955704,81.05434880955849,True,discovery,False,False,True,False,False,False
XLI,1999-09-27T00:00:00.000Z,17.4946979681,-0.0397461359691611,80.3184654645,81.089736304097,True,discovery,False,False,True,False,False,False
XLI,1999-09-28T00:00:00.000Z,17.279170186,-0.0269544880570499,80.1623177237,81.129697284838,True,discovery,False,False,True,False,False,False
XLI,1999-09-29T00:00:00.000Z,17.3776971721,-0.0234342912057867,79.2059415422,81.1641527793575,True,discovery,False,False,True,False,False,False
XLI,1999-09-30T00:00:00.000Z,17.7040678136,-0.0078351380353947,80.4160865337,81.215077892918,True,discovery,False,False,True,False,False,False
XLI,1999-10-01T00:00:00.000Z,17.463908285,-0.012792454983751,80.2403915941,81.25605623507799,True,discovery,False,False,True,False,False,False
XLI,1999-10-04T00:00:00.000Z,17.7718051165,-0.0192419610551782,81.6652684605,81.304641481393,True,discovery,False,True,True,False,True,False
XLI,1999-10-05T00:00:00.000Z,17.5870670176,-0.040181191460769,81.5871945901,81.3470962268735,True,discovery,False,True,True,False,True,False
XLI,1999-10-06T00:00:00.000Z,17.8395424194,-0.0296573710006794,82.8363765168,81.394249572799,True,discovery,False,True,True,False,True,False
XLI,1999-10-07T00:00:00.000Z,17.8580162293,-0.0214549389040741,82.3679332943,81.433930984795,True,discovery,False,True,True,False,True,False
XLI,1999-10-08T00:00:00.000Z,18.0981757579,-0.005615816920907,83.617115221,81.4782127084275,True,discovery,False,True,True,False,True,False
XLI,1999-10-11T00:00:00.000Z,18.1289654411,0.0035320532596592,83.4804572166,81.5139712978955,True,discovery,False,True,True,False,True,False
XLI,1999-10-12T00:00:00.000Z,17.7533313066,-0.0084897989194113,82.1922383546,81.5449340627375,True,discovery,False,True,True,False,True,False
XLI,1999-10-13T00:00:00.000Z,17.2545384395,-0.0376684356318234,80.0647541168,81.56622730865,True,discovery,False,False,True,False,False,False
XLI,1999-10-14T00:00:00.000Z,17.0759582772,-0.0390632409544875,80.0452069181,81.581421824562,True,discovery,False,False,True,False,False,False
XLI,1999-10-15T00:00:00.000Z,16.8357987486,-0.0678486191649495,77.9957965507,81.5894665758665,True,discovery,False,False,True,False,False,False
XLI,1999-10-18T00:00:00.000Z,16.5094281072,-0.0868528610325738,78.5617990079,81.600341339457,True,discovery,False,False,True,False,False,False
XLI,1999-10-19T00:00:00.000Z,16.5217439804,-0.0741890959324241,79.3230523478,81.61589364593651,True,discovery,False,False,True,False,False,False
XLI,1999-10-20T00:00:00.000Z,16.663376523,-0.063343717547212,80.1037910521,81.630993921615,True,discovery,False,False,True,False,False,False
XLI,1999-10-21T00:00:00.000Z,16.4847963607,-0.0659455687356128,80.5722342746,81.6391445517185,True,discovery,False,False,True,False,False,False
XLI,1999-10-22T00:00:00.000Z,16.9220098615,-0.0203208556117472,81.2553519096,81.6526465745155,True,discovery,False,False,True,False,False,False
XLI,1999-10-25T00:00:00.000Z,16.8973781149,-0.0341429074276764,80.8454928211,81.66119559509251,True,discovery,False,False,True,False,False,False
XLI,1999-10-26T00:00:00.000Z,16.7926931922,-0.0281539558070997,79.8305325056,81.6684447970585,True,discovery,False,False,True,False,False,False
XLI,1999-10-27T00:00:00.000Z,16.8481146219,-0.0304748405358478,81.2748991084,81.689981354374,True,discovery,False,False,True,False,False,False
XLI,1999-10-28T00:00:00.000Z,17.229906693,-0.0267826086971806,84.0465215083,81.72808615001449,True,discovery,False,True,True,False,True,False
XLI,1999-10-29T00:00:00.000Z,17.3222757425,-0.0081100141038674,85.5689619815,81.7804818377655,True,discovery,False,True,True,False,True,False
XLI,1999-11-01T00:00:00.000Z,16.878904305,-0.0502425502444318,84.6711124717,81.818612300994,True,discovery,False,True,True,False,True,False
XLI,1999-11-02T00:00:00.000Z,17.0882741505,-0.028361344538054,84.0660112447,81.8512007122135,True,discovery,False,True,True,False,True,False
XLI,1999-11-03T00:00:00.000Z,16.9712733545,-0.0486710390035444,84.6320755365,81.883522157663,True,discovery,False,True,True,False,True,False
XLI,1999-11-04T00:00:00.000Z,16.9220098615,-0.0524137930989374,85.2761562363,81.9294207249405,True,discovery,False,True,True,False,True,False
XLI,1999-11-05T00:00:00.000Z,17.0143789109,-0.0598843143915714,86.1154790745,81.980386854286,True,discovery,False,True,True,False,True,False
XLI,1999-11-08T00:00:00.000Z,17.0390106574,-0.0601222826112832,86.1935529449,82.027871743947,True,discovery,False,True,True,False,True,False
XLI,1999-11-09T00:00:00.000Z,17.0513265307,-0.0395421435997773,85.383517177,82.0643375585025,True,discovery,False,True,True,False,True,False
XLI,1999-11-10T00:00:00.000Z,16.9835892278,-0.015703069233062,86.0178580053,82.1085243819735,True,discovery,False,True,True,False,True,False
XLI,1999-11-11T00:00:00.000Z,17.0513265307,-0.0014424810660782,86.5058484266,82.148666048259,True,discovery,False,True,True,False,True,False
XLI,1999-11-12T00:00:00.000Z,17.1683273267,0.0197512801777612,87.2865871308,82.1897110752185,True,discovery,False,True,True,False,True,False
XLI,1999-11-15T00:00:00.000Z,17.2606963761,0.0455054084261319,87.4915116783,82.23410369033749,True,discovery,False,True,True,False,True,False
XLI,1999-11-16T00:00:00.000Z,17.6671201938,0.0693253820394974,88.2234735759,82.284575706436,True,discovery,True,True,True,True,True,True
XLI,1999-11-17T00:00:00.000Z,17.7841209898,0.067257945306167,88.4576951871,82.332250595484,True,discovery,True,True,True,True,True,True
XLI,1999-11-18T00:00:00.000Z,17.8395424194,0.0821815465024327,89.0822861505,82.3889524789735,True,discovery,True,True,True,True,True,True
XLI,1999-11-19T00:00:00.000Z,17.630172574,0.0418486171734937,89.0042122801,82.44971634350298,True,discovery,False,True,True,False,True,False
XLI,1999-11-22T00:00:00.000Z,17.5501193978,0.0386297376114472,88.9846650813,82.509608150231,True,discovery,False,True,True,False,True,False
XLI,1999-11-23T00:00:00.000Z,17.3776971721,0.0348368170134689,88.2039263771,82.57421075770051,True,discovery,False,True,True,False,True,False
XLI,1999-11-24T00:00:00.000Z,17.3838551088,0.031798245615187,88.6723695996,82.6387356614785,True,discovery,False,True,True,False,True,False
XLI,1999-11-26T00:00:00.000Z,17.2976439959,0.0039313795545694,88.3405843815,82.69289051883399,True,discovery,False,True,True,False,True,False
XLI,1999-11-29T00:00:00.000Z,17.0143789109,-0.0177746178491189,88.0282888998,82.750129829625,True,discovery,False,True,True,False,True,False
XLI,1999-11-30T00:00:00.000Z,16.9343257347,0.0032834731863242,86.9937813855,82.804519568266,True,discovery,False,True,True,False,True,False
XLI,1999-12-01T00:00:00.000Z,17.0698003406,-0.0010810810815238,87.6964462193,82.86280979198,True,discovery,False,True,True,False,True,False
XLI,1999-12-02T00:00:00.000Z,17.0328527208,0.0036284470241989,88.2234735759,82.92073481963,True,discovery,False,True,True,False,True,False
XLI,1999-12-03T00:00:00.000Z,17.3099598692,0.0229257641896687,89.8434776559,82.985114269683,True,discovery,False,True,True,False,True,False
XLI,1999-12-06T00:00:00.000Z,17.2606963761,0.0144770177324662,89.1798497573,83.03591581629651,True,discovery,False,True,True,False,True,False
XLI,1999-12-07T00:00:00.000Z,16.9343257347,-0.0061438380904195,88.4576951871,83.0833001705105,True,discovery,False,True,True,False,True,False
XLI,1999-12-08T00:00:00.000Z,17.229906693,0.0104730949805269,87.8916308954,83.13482309953199,True,discovery,False,True,True,False,True,False
XLI,1999-12-09T00:00:00.000Z,16.7680614457,-0.0126903553312045,88.3210371827,83.19217108857451,True,discovery,False,True,True,False,True,False
XLI,1999-12-10T00:00:00.000Z,17.0759582772,0.0014445648234848,88.613842928,83.252531749958,True,discovery,False,True,True,False,True,False
XLI,1999-12-13T00:00:00.000Z,17.1744852633,0.0003586800555943,88.7699906688,83.31260862171699,True,discovery,False,True,True,False,True,False
XLI,1999-12-14T00:00:00.000Z,17.1744852633,-0.0049946485889974,87.9111780942,83.37177892435349,True,discovery,False,True,True,False,True,False
XLI,1999-12-15T00:00:00.000Z,17.0143789109,-0.0369466713159662,88.3796213167,83.43125901251449,True,discovery,False,True,True,False,True,False
XLI,1999-12-16T00:00:00.000Z,17.1683273267,-0.0346260387821916,88.7699906688,83.4878514361405,True,discovery,False,True,True,False,True,False
XLI,1999-12-17T00:00:00.000Z,17.6885331868,-0.0084648601993165,89.3384009242,83.539494369095,True,discovery,False,True,True,False,True,False
XLI,1999-12-20T00:00:00.000Z,17.1553352008,-0.0269332232119079,88.6926937983,83.5853435900395,True,discovery,False,True,True,False,True,False
XLI,1999-12-21T00:00:00.000Z,17.3971342875,-0.0087170409974064,90.0427772784,83.63891113064399,True,discovery,False,True,True,False,True,False
XLI,1999-12-22T00:00:00.000Z,17.3227345685,-0.003162824340629,90.2775693965,83.69016818370599,True,discovery,False,True,True,False,True,False
XLI,1999-12-23T00:00:00.000Z,17.552133702,0.0096801654262992,91.7156235351,83.744163157069,True,discovery,False,True,True,False,True,False
XLI,1999-12-27T00:00:00.000Z,17.7257330463,0.02474840218133,91.5884632545,83.8013939380655,True,discovery,False,True,True,False,True,False
XLI,1999-12-28T00:00:00.000Z,17.9117323438,0.0527408868463088,91.5297940261,83.8526208920665,True,discovery,True,True,True,True,True,True
XLI,1999-12-29T00:00:00.000Z,18.0481318285,0.0657720957568277,91.9211142229,83.907353090666,True,discovery,True,True,True,True,True,True
XLI,1999-12-30T00:00:00.000Z,18.085331688,0.0594928661810172,91.8134817593,83.963289351014,True,discovery,True,True,True,True,True,True
XLI,1999-12-31T00:00:00.000Z,18.3581306576,0.0778071623423133,91.9602462426,84.013474346167,True,discovery,True,True,True,True,True,True
XLI,2000-01-03T00:00:00.000Z,17.8807324608,0.0329736519271537,91.06020979,84.0661052809695,True,discovery,False,True,True,False,True,False
XLI,2000-01-04T00:00:00.000Z,17.3909343109,0.007545346489052,87.4991959993,84.1001549152735,True,discovery,False,True,True,False,True,False
XLI,2000-01-05T00:00:00.000Z,17.3413344983,0.0240345420287979,87.6557240781,84.1466306631515,True,discovery,False,True,True,False,True,False
XLI,2000-01-06T00:00:00.000Z,17.5459337255,0.0183417727171089,86.2469713697,84.183831146356,True,discovery,False,True,True,False,True,False
XLI,2000-01-07T00:00:00.000Z,18.2155311962,0.0863230228006584,91.2558698884,84.23802255530948,True,discovery,True,True,True,True,True,True
XLI,2000-01-10T00:00:00.000Z,18.2155311962,0.0667355178843209,91.5689260458,84.2966901133455,True,discovery,True,True,True,True,True,True
XLI,2000-01-11T00:00:00.000Z,17.9799320862,0.0468978726612059,90.4732294949,84.3418259291705,True,discovery,False,True,True,False,True,False
XLI,2000-01-12T00:00:00.000Z,17.7691328824,0.0346238976006285,89.5731930423,84.38459619948199,True,discovery,False,True,True,False,True,False
XLI,2000-01-13T00:00:00.000Z,18.1039316178,0.0640371718888894,90.7862856523,84.4399327292095,True,discovery,True,True,True,True,True,True
XLI,2000-01-14T00:00:00.000Z,17.9799320862,0.0472733740483737,92.018915471,84.4984246536185,True,discovery,False,True,True,False,True,False
XLI,2000-01-18T00:00:00.000Z,17.9613321564,0.0154223624264999,91.2950019081,84.5437881737825,True,discovery,False,True,True,False,True,False
XLI,2000-01-19T00:00:00.000Z,17.9055323672,0.0437296711267416,92.038510282,84.593839525248,True,discovery,False,True,True,False,True,False
XLI,2000-01-20T00:00:00.000Z,17.7877328121,0.0224518888079543,90.6297575736,84.63354812910349,True,discovery,False,True,True,False,True,False
XLI,2000-01-21T00:00:00.000Z,17.5645336552,0.0139584824638308,90.4340974752,84.66703886953599,True,discovery,False,True,True,False,True,False
XLI,2000-01-24T00:00:00.000Z,17.0623355521,-0.027905333802476,87.8709213851,84.6876165577485,True,discovery,False,True,True,False,True,False
XLI,2000-01-25T00:00:00.000Z,16.9631359268,-0.0430220356759339,88.8688166881,84.70872039109,True,discovery,False,True,True,False,True,False
XLI,2000-01-26T00:00:00.000Z,17.0995354116,-0.0453444098320916,88.1644403339,84.72901915306952,True,discovery,False,True,True,False,True,False
XLI,2000-01-27T00:00:00.000Z,17.1925350603,-0.0474063895548967,87.8122521568,84.754640229841,True,discovery,False,True,True,False,True,False
XLI,2000-01-28T00:00:00.000Z,16.7399367699,-0.0743914981107422,85.0730107793,84.768117562816,True,discovery,False,True,True,False,True,False
XLI,2000-01-31T00:00:00.000Z,16.8577363249,-0.081729145558666,87.3817999403,84.79663188354999,True,discovery,False,True,True,False,True,False
XLI,2000-02-01T00:00:00.000Z,16.7399367699,-0.0638002773880191,88.2427043732,84.8357574649275,True,discovery,False,True,True,False,True,False
XLI,2000-02-02T00:00:00.000Z,16.752336723,-0.0367201426032499,88.3209684126,84.8702288614575,True,discovery,False,True,True,False,True,False
XLI,2000-02-03T00:00:00.000Z,16.7399367699,-0.0346800143010305,89.6514570816,84.8997092281525,True,discovery,False,True,True,False,True,False
XLI,2000-02-04T00:00:00.000Z,16.8081365123,-0.0420494699650972,89.2796740935,84.9233526360635,True,discovery,False,True,True,False,True,False
XLI,2000-02-07T00:00:00.000Z,16.5167376129,-0.0932607215788685,89.1427408258,84.94737855318449,True,discovery,False,True,True,False,True,False
XLI,2000-02-08T00:00:00.000Z,16.5849373553,-0.0895166780115731,90.3558334358,84.9750443526025,True,discovery,False,True,True,False,True,False
XLI,2000-02-09T00:00:00.000Z,16.4113380111,-0.0872413793099882,88.4579016803,84.99118274261,True,discovery,False,True,True,False,True,False
XLI,2000-02-10T00:00:00.000Z,16.1323390649,-0.0921144452198462,88.63402457,85.014023483656,True,discovery,False,True,True,False,True,False
XLI,2000-02-11T00:00:00.000Z,15.7913403529,-0.127739726028695,86.8339516648,85.03106595812751,True,discovery,False,True,True,False,True,False
XLI,2000-02-14T00:00:00.000Z,16.0455393927,-0.1075862069014538,87.3426679206,85.054047884062,True,discovery,False,True,True,False,True,False
XLI,2000-02-15T00:00:00.000Z,16.3245383389,-0.0911287538834795,88.330732008,85.07440187286652,True,discovery,False,True,True,False,True,False
XLI,2000-02-16T00:00:00.000Z,16.2873384794,-0.0903739612212963,87.0296117632,85.0942660549235,True,discovery,False,True,True,False,True,False
XLI,2000-02-17T00:00:00.000Z,16.3555382218,-0.0805158591839066,86.5795647358,85.1085810177755,True,discovery,False,True,True,False,True,False
XLI,2000-02-18T00:00:00.000Z,15.9959395801,-0.0893046240732737,84.7208226022,85.116173772928,True,discovery,False,False,True,False,False,False
XLI,2000-02-22T00:00:00.000Z,16.2563385965,-0.0472383720938366,84.5055676928,85.119536576906,True,discovery,False,False,True,False,False,False
XLI,2000-02-23T00:00:00.000Z,16.1323390649,-0.0489766081864279,85.5034629958,85.12997507593002,True,discovery,False,True,True,False,True,False
XLI,2000-02-24T00:00:00.000Z,15.9835396269,-0.0652646845564547,83.78165413,85.12758367534451,True,discovery,False,False,True,False,False,False
XLI,2000-02-25T00:00:00.000Z,15.7045406808,-0.0865488640436737,83.478361568,85.1203768278815,True,discovery,False,False,True,False,False,False
XLI,2000-02-28T00:00:00.000Z,15.7541404934,-0.0588888888918958,85.229538858,85.12008245977451,True,discovery,False,True,True,False,True,False
XLI,2000-02-29T00:00:00.000Z,15.9277398377,-0.0551673409333335,86.0513112713,85.1349582532555,True,discovery,False,True,True,False,True,False
XLI,2000-03-01T00:00:00.000Z,15.8409401656,-0.0537037037031397,86.6774235861,85.15170308922251,True,discovery,False,True,True,False,True,False
XLI,2000-03-02T00:00:00.000Z,15.8967399548,-0.0510732790503974,86.7360928145,85.16951750287699,True,discovery,False,True,True,False,True,False
XLI,2000-03-03T00:00:00.000Z,16.3307383155,-0.024444444445918,88.3601004323,85.192444200209,True,discovery,False,True,True,False,True,False
XLI,2000-03-06T00:00:00.000Z,16.2625385731,-0.0324603467374707,87.4991959993,85.21358912789799,True,discovery,False,True,True,False,True,False
XLI,2000-03-07T00:00:00.000Z,15.6177410086,-0.0544294294290816,85.8066885637,85.228600213045,True,discovery,False,True,True,False,True,False
XLI,2000-03-08T00:00:00.000Z,15.7789403997,-0.0485981308420456,85.6991230942,85.249962382983,True,discovery,False,True,True,False,True,False
XLI,2000-03-09T00:00:00.000Z,15.9463397674,-0.028333962982512,88.2035723535,85.290444767353,True,discovery,False,True,True,False,True,False
XLI,2000-03-10T00:00:00.000Z,15.9835396269,-0.009223674099669,87.7339881174,85.32411589915651,True,discovery,False,True,True,False,True,False
XLI,2000-03-13T00:00:00.000Z,15.7417405403,-0.0031409501341596,86.7752248341,85.358814951134,True,discovery,False,True,True,False,True,False
XLI,2000-03-14T00:00:00.000Z,15.6549408681,-0.0243431221001959,85.5425950155,85.38225693075451,True,discovery,False,True,True,False,True,False
XLI,2000-03-15T00:00:00.000Z,16.2873384794,-0.0022787694651894,87.538328019,85.417084398816,True,discovery,False,True,True,False,True,False
XLI,2000-03-16T00:00:00.000Z,17.1925350603,0.0555767034647729,91.6275952742,85.4719700873805,True,discovery,True,True,True,True,True,True
XLI,2000-03-17T00:00:00.000Z,17.1413288337,0.048044313873611,92.2315551092,85.527644052254,True,discovery,False,True,True,False,True,False
XLI,2000-03-20T00:00:00.000Z,17.2407348726,0.0778194545101063,91.7607857935,85.572813739323,True,discovery,True,True,True,True,True,True
XLI,2000-03-21T00:00:00.000Z,17.6072946411,0.083103340680346,93.6438630564,85.626331351505,True,discovery,True,True,True,True,True,True
XLI,2000-03-22T00:00:00.000Z,17.5327401119,0.0868070675533303,94.2126804391,85.6867682662135,True,discovery,True,True,True,True,True,True
XLI,2000-03-23T00:00:00.000Z,17.9427900224,0.1225792559867413,95.8211422679,85.75563560583849,True,discovery,True,True,True,True,True,True
XLI,2000-03-24T00:00:00.000Z,18.0484089387,0.1492478070858549,96.3900173983,85.831131592726,True,discovery,True,True,True,True,True,True
XLI,2000-03-27T00:00:00.000Z,17.8247453512,0.1314324230298349,95.3700172142,85.904923448877,True,discovery,True,True,True,True,True,True
XLI,2000-03-28T00:00:00.000Z,17.7750423317,0.1159802026416545,94.8207863458,85.9755810349135,True,discovery,True,True,True,True,True,True
XLI,2000-03-29T00:00:00.000Z,17.9987059193,0.1362145006005251,94.9188344127,86.0440120508755,True,discovery,True,True,True,True,True,True
XLI,2000-03-30T00:00:00.000Z,18.1167505905,0.1396519438584431,93.3300168459,86.09673666355,True,discovery,True,True,True,True,True,True
XLI,2000-03-31T00:00:00.000Z,18.1416021002,0.1108868288570428,94.3892478064,86.1508762733005,True,discovery,True,True,True,True,True,True
XLI,2000-04-03T00:00:00.000Z,18.2223695068,0.1205119929395139,94.9384786747,86.207280866982,True,discovery,True,True,True,True,True,True
XLI,2000-04-04T00:00:00.000Z,18.0173445516,0.1536460069147418,94.2323247011,86.2591814758125,True,discovery,True,True,True,True,True,True
XLI,2000-04-05T00:00:00.000Z,17.9490028998,0.1375290383973602,93.6438630564,86.3110594213685,True,discovery,True,True,True,True,True,True
XLI,2000-04-06T00:00:00.000Z,18.1043248356,0.1353279247574852,94.4578539603,86.3690512161655,True,discovery,True,True,True,True,True,True
XLI,2000-04-07T00:00:00.000Z,18.3776914426,0.1497885869829913,95.0561710037,86.4331488841255,True,discovery,True,True,True,True,True,True
XLI,2000-04-10T00:00:00.000Z,18.4087558298,0.1694231513136839,94.6834497548,86.49640477485849,True,discovery,True,True,True,True,True,True
XLI,2000-04-11T00:00:00.000Z,18.6262065399,0.189797310436,94.4088343207,86.553275434716,True,discovery,True,True,True,True,True,True
XLI,2000-04-12T00:00:00.000Z,18.296924036,0.1233832991892258,91.8196030841,86.5933070784585,True,discovery,True,True,True,True,True,True
XLI,2000-04-13T00:00:00.000Z,18.3466270555,0.0671275056966418,90.5446317278,86.61937278855198,True,discovery,True,True,True,True,True,True
XLI,2000-04-14T00:00:00.000Z,17.1413288337,0.0,85.3661692546,86.616334720093,True,discovery,False,False,True,False,False,False
XLI,2000-04-17T00:00:00.000Z,17.5638044991,0.0187387387421311,88.3477082543,86.623922200707,True,discovery,False,True,True,False,True,False
XLI,2000-04-18T00:00:00.000Z,17.6321461508,0.001411432602598,90.681910571,86.64327787114549,True,discovery,False,True,True,False,True,False
XLI,2000-04-19T00:00:00.000Z,17.6942749251,0.0092133238825777,89.8384777542,86.6578324485105,True,discovery,False,True,True,False,True,False
XLI,2000-04-20T00:00:00.000Z,17.8433839835,-0.0055401662046927,90.2700162936,86.67420433001399,True,discovery,False,True,True,False,True,False
XLI,2000-04-24T00:00:00.000Z,17.8620226158,-0.0103270223726116,89.2892468858,86.683093108088,True,discovery,False,True,True,False,True,False
XLI,2000-04-25T00:00:00.000Z,18.7939542305,0.0543743464607053,92.9965263734,86.712464713566,True,discovery,True,True,True,True,True,True
XLI,2000-04-26T00:00:00.000Z,18.5143747461,0.0415938483072682,91.9470842763,86.73814625253101,True,discovery,False,True,True,False,True,False
XLI,2000-04-27T00:00:00.000Z,18.5330133784,0.0296858819459382,91.6430934645,86.759874943237,True,discovery,False,True,True,False,True,False
XLI,2000-04-28T00:00:00.000Z,18.4087558298,0.0161179698225311,91.0742183342,86.77598568901851,True,discovery,False,True,True,False,True,False
XLI,2000-05-01T00:00:00.000Z,18.8312314951,0.0380136986298689,92.3100166618,86.79589081304401,True,discovery,False,True,True,False,True,False
XLI,2000-05-02T00:00:00.000Z,18.6386322947,0.0228435049429034,90.4661701752,86.8094963495855,True,discovery,False,True,True,False,True,False
XLI,2000-05-03T00:00:00.000Z,18.0173445516,0.0,88.3477082543,86.821512051801,True,discovery,False,True,True,False,True,False
XLI,2000-05-04T00:00:00.000Z,18.0484089387,0.0055382485286192,89.0146314516,86.8373488373515,True,discovery,False,True,True,False,True,False
XLI,2000-05-05T00:00:00.000Z,18.3652656877,0.0144131777610889,90.0934489264,86.8642243571775,True,discovery,False,True,True,False,True,False
XLI,2000-05-08T00:00:00.000Z,18.3590528103,-0.0010141987832484,89.4167274504,86.888543405816,True,discovery,False,True,True,False,True,False
XLI,2000-05-09T00:00:00.000Z,18.209943752,-0.010799865001097,88.7007852411,86.9123970313535,True,discovery,False,True,True,False,True,False
XLI,2000-05-10T00:00:00.000Z,18.0297703064,-0.0320213475686714,86.7000156492,86.92274323499248,True,discovery,False,False,True,False,False,False
XLI,2000-05-11T00:00:00.000Z,18.4708846041,0.0095076400687745,88.6811409791,86.941632564305,True,discovery,False,True,True,False,True,False
XLI,2000-05-12T00:00:00.000Z,18.6945481916,0.0189637656582601,89.6423238726,86.97126456273851,True,discovery,False,True,True,False,True,False
XLI,2000-05-15T00:00:00.000Z,19.0051920632,0.1087350489324741,91.1919106631,87.01380239127701,True,discovery,True,True,True,True,True,True
XLI,2000-05-16T00:00:00.000Z,19.1853655087,0.0923240183915214,92.074632004,87.059780611537,True,discovery,True,True,True,True,True,True
XLI,2000-05-17T00:00:00.000Z,19.0548950827,0.0806906272062319,91.1134491105,87.10289934729549,True,discovery,True,True,True,True,True,True
XLI,2000-05-18T00:00:00.000Z,18.9679147986,0.0719803370802887,89.9954008594,87.14607248869999,True,discovery,True,True,True,True,True,True
XLI,2000-05-19T00:00:00.000Z,18.4460330944,0.0337743732611077,88.5830929122,87.178485873433,True,discovery,False,True,True,False,True,False
XLI,2000-05-22T00:00:00.000Z,18.1229634679,0.0146086956506918,87.9161697149,87.2120414311015,True,discovery,False,True,True,False,True,False
XLI,2000-05-23T00:00:00.000Z,18.0484089387,-0.0396694214882189,86.6215540966,87.23999994742051,True,discovery,False,False,True,False,False,False
XLI,2000-05-24T00:00:00.000Z,18.3093497909,-0.0110738255010846,88.0338620438,87.27949679239698,True,discovery,False,True,True,False,True,False
XLI,2000-05-25T00:00:00.000Z,17.980067287,-0.0298357358358383,86.523448282,87.3065754936495,True,discovery,False,False,True,False,False,False
XLI,2000-05-26T00:00:00.000Z,17.8806612481,-0.0286871414115408,86.6215540966,87.3343879810065,True,discovery,False,False,True,False,False,False
XLI,2000-05-30T00:00:00.000Z,18.2037308745,-0.0333223358633384,89.4461699911,87.36693206996452,True,discovery,False,True,True,False,True,False
XLI,2000-05-31T00:00:00.000Z,18.3279884232,-0.0166666666624638,89.6423238726,87.39860767660501,True,discovery,False,True,True,False,True,False
XLI,2000-06-01T00:00:00.000Z,18.4708846041,0.0251724137927817,91.2115549251,87.43540443655549,True,discovery,False,True,True,False,True,False
XLI,2000-06-02T00:00:00.000Z,18.6075679076,0.0309810671289163,92.8003724919,87.4831623940445,True,discovery,False,True,True,False,True,False
XLI,2000-06-05T00:00:00.000Z,18.5827163979,0.0118403247683827,92.3492474381,87.53207083544801,True,discovery,False,True,True,False,True,False
XLI,2000-06-06T00:00:00.000Z,18.4460330944,0.004737732659672,91.937295413,87.5747348355565,True,discovery,False,True,True,False,True,False
XLI,2000-06-07T00:00:00.000Z,18.3590528103,0.0081883316242326,92.5747766973,87.612605879226,True,discovery,False,True,True,False,True,False
XLI,2000-06-08T00:00:00.000Z,18.067047571,0.0020675396284315,92.2119108472,87.64710544967201,True,discovery,False,True,True,False,True,False
XLI,2000-06-09T00:00:00.000Z,18.1353892228,-0.01816347124087,92.0157569656,87.676244640029,True,discovery,False,True,True,False,True,False
XLI,2000-06-12T00:00:00.000Z,18.1540278551,-0.0289132602168405,90.9369394909,87.70514792568,True,discovery,False,True,True,False,True,False
XLI,2000-06-13T00:00:00.000Z,18.2285823843,-0.0408630271305575,92.6434493866,87.74774165696199,True,discovery,False,True,True,False,True,False
XLI,2000-06-14T00:00:00.000Z,18.1913051197,-0.0518134714998899,92.8003724919,87.79890572363449,True,discovery,False,True,True,False,True,False
XLI,2000-06-15T00:00:00.000Z,18.3652656877,-0.0361917182963719,92.9965263734,87.8526077036875,True,discovery,False,True,True,False,True,False
XLI,2000-06-16T00:00:00.000Z,18.04266824,-0.0487795610864031,92.2344500267,87.897438584095,True,discovery,False,True,True,False,True,False
XLI,2000-06-19T00:00:00.000Z,17.8621170395,-0.0316553728333747,93.4141704995,87.95308303921651,True,discovery,False,True,True,False,True,False
XLI,2000-06-20T00:00:00.000Z,17.3080116312,-0.0449679125681332,93.079945308,87.99503706991202,True,discovery,False,True,True,False,True,False
XLI,2000-06-21T00:00:00.000Z,17.3764965693,-0.0372283435998208,93.0406212922,88.0383516245015,True,discovery,False,True,True,False,True,False
XLI,2000-06-22T00:00:00.000Z,16.996716458,-0.0716919687422431,91.6249567248,88.076631464461,True,discovery,False,True,True,False,True,False
XLI,2000-06-23T00:00:00.000Z,17.1772676584,-0.0446494229296039,90.8384764096,88.111173545841,True,discovery,False,True,True,False,True,False
XLI,2000-06-26T00:00:00.000Z,17.5881772871,-0.0163575584225712,92.0083180605,88.1480612615365,True,discovery,False,True,True,False,True,False
XLI,2000-06-27T00:00:00.000Z,17.6691140321,-0.0293685314337895,91.3299976641,88.184428455993,True,discovery,False,True,True,False,True,False
XLI,2000-06-28T00:00:00.000Z,17.8870206534,-0.0240598018515666,91.5856327091,88.224847391833,True,discovery,False,True,True,False,True,False
XLI,2000-06-29T00:00:00.000Z,17.5757254802,-0.0484632513865254,90.7205043623,88.2675585478235,True,discovery,False,True,True,False,True,False
XLI,2000-06-30T00:00:00.000Z,17.6068549975,-0.0537798875741988,91.4086456957,88.31210470230201,True,discovery,False,True,True,False,True,False
XLI,2000-07-03T00:00:00.000Z,17.8434393291,-0.0397830464056129,92.6670142,88.357744566549,True,discovery,False,True,True,False,True,False
XLI,2000-07-05T00:00:00.000Z,17.6877917425,-0.0411059303656022,90.9957724726,88.39561377618698,True,discovery,False,True,True,False,True,False
XLI,2000-07-06T00:00:00.000Z,17.6379845148,-0.0392758985417515,91.7036047563,88.445805457666,True,discovery,False,True,True,False,True,False
XLI,2000-07-07T00:00:00.000Z,17.7251471633,-0.0189239778307106,93.1782264049,88.50380965025401,True,discovery,False,True,True,False,True,False
XLI,2000-07-10T00:00:00.000Z,17.7438248737,-0.0215911742664846,93.0209303419,88.5695664547595,True,discovery,False,True,True,False,True,False
XLI,2000-07-11T00:00:00.000Z,18.0862495642,-0.0037335125538523,93.2175504207,88.636696729011,True,discovery,False,True,True,False,True,False
XLI,2000-07-12T00:00:00.000Z,18.1547345024,-0.004051213656834,93.8271016075,88.704239909726,True,discovery,False,True,True,False,True,False
XLI,2000-07-13T00:00:00.000Z,18.297930282,0.0058613255947497,94.2399748305,88.77462819526001,True,discovery,False,True,True,False,True,False
XLI,2000-07-14T00:00:00.000Z,18.484707386,0.0065036738553689,95.1641181434,88.854419078266,True,discovery,False,True,True,False,True,False
XLI,2000-07-17T00:00:00.000Z,18.5905477449,0.0303657694977379,95.0068220803,88.927372755999,True,discovery,False,True,True,False,True,False
XLI,2000-07-18T00:00:00.000Z,18.6403549726,0.0435691878728046,94.2301532643,88.99732156435,True,discovery,False,True,True,False,True,False
XLI,2000-07-19T00:00:00.000Z,18.484707386,0.0679856115117722,93.4731854656,89.0563611493755,True,discovery,True,True,True,True,True,True
XLI,2000-07-20T00:00:00.000Z,18.7088399107,0.0766750268724436,94.7708779858,89.122279566354,True,discovery,True,True,True,True,True,True
XLI,2000-07-21T00:00:00.000Z,18.6777103934,0.098901098900711,92.922649245,89.17271092999499,True,discovery,True,True,True,True,True,True
XLI,2000-07-24T00:00:00.000Z,18.5407405171,0.0793765857186976,92.3917460897,89.22282999397201,True,discovery,True,True,True,True,True,True
XLI,2000-07-25T00:00:00.000Z,18.5780959379,0.0562831858379124,92.6867051504,89.268177943619,True,discovery,True,True,True,True,True,True
XLI,2000-07-26T00:00:00.000Z,18.3477375097,0.0384073291036055,91.7822527879,89.30968692147549,True,discovery,False,True,True,False,True,False
XLI,2000-07-27T00:00:00.000Z,18.2232194405,0.0187956839551193,91.4676606618,89.35606403301149,True,discovery,False,True,True,False,True,False
XLI,2000-07-28T00:00:00.000Z,17.6068549975,0.0017711654255792,89.4031208918,89.4027558668865,True,discovery,False,True,True,False,True,False
XLI,2000-07-31T00:00:00.000Z,17.8807947499,0.0155586987249509,89.9733480628,89.45239657261,True,discovery,False,True,True,False,True,False
XLI,2000-08-01T00:00:00.000Z,18.0177646261,0.0097697138867001,90.5238842835,89.515037011274,True,discovery,False,True,True,False,True,False
XLI,2000-08-02T00:00:00.000Z,17.9368278811,0.0140795494556633,90.9760815223,89.577108423846,True,discovery,False,True,True,False,True,False
XLI,2000-08-03T00:00:00.000Z,17.9679573984,0.0187080833030055,91.6052657745,89.6385194909795,True,discovery,False,True,True,False,True,False
XLI,2000-08-04T00:00:00.000Z,18.1920899231,0.026343519492284,92.096844914,89.698484760289,True,discovery,False,True,True,False,True,False
XLI,2000-08-07T00:00:00.000Z,18.7275176211,0.0554385964921257,93.1979173553,89.76161317569249,True,discovery,True,True,True,True,True,True
XLI,2000-08-08T00:00:00.000Z,18.8893911112,0.0444061962182442,93.5518334971,89.82309558363,True,discovery,False,True,True,False,True,False
XLI,2000-08-09T00:00:00.000Z,19.0574905047,0.0497256515748361,92.7653531819,89.88269488543399,True,discovery,False,True,True,False,True,False
XLI,2000-08-10T00:00:00.000Z,19.007683277,0.0387887036436136,92.3130980582,89.94510771319702,True,discovery,False,True,True,False,True,False
XLI,2000-08-11T00:00:00.000Z,19.2255898982,0.0400808352942134,92.7456622316,90.002461528813,True,discovery,False,True,True,False,True,False
XLI,2000-08-14T00:00:00.000Z,19.4185929056,0.0445411922264185,93.9253827044,90.05185583479351,True,discovery,False,True,True,False,True,False
XLI,2000-08-15T00:00:00.000Z,19.1757826705,0.0287241148941121,93.8467346729,90.09324469825049,True,discovery,False,True,True,False,True,False
XLI,2000-08-16T00:00:00.000Z,19.1446531532,0.0357022566502638,93.5125094814,90.137451683299,True,discovery,False,True,True,False,True,False
XLI,2000-08-17T00:00:00.000Z,19.182008574,0.0252911813644514,94.4956098754,90.18959967645247,True,discovery,False,True,True,False,True,False
XLI,2000-08-18T00:00:00.000Z,19.1259754428,0.0239999999977726,94.1810177493,90.23734438751652,True,discovery,False,True,True,False,True,False
XLI,2000-08-21T00:00:00.000Z,19.3999151952,0.0463398253865634,94.6922299542,90.284424756106,True,discovery,False,True,True,False,True,False
XLI,2000-08-22T00:00:00.000Z,19.356333871,0.0418900804313517,94.5349338912,90.3265220301895,True,discovery,False,True,True,False,True,False
XLI,2000-08-23T00:00:00.000Z,19.262945319,0.0498812351558959,94.9084830985,90.3700966809575,True,discovery,False,True,True,False,True,False
XLI,2000-08-24T00:00:00.000Z,19.4684001334,0.0683293474550748,95.2034421591,90.419196305868,True,discovery,True,True,True,True,True,True
XLI,2000-08-25T00:00:00.000Z,19.5555627819,0.1106789250366802,95.1641181434,90.4649276065585,True,discovery,True,True,True,True,True,True
XLI,2000-08-28T00:00:00.000Z,19.8170507274,0.1082869080811315,95.4885217687,90.509840973269,True,discovery,True,True,True,True,True,True
XLI,2000-08-29T00:00:00.000Z,19.6925326581,0.0929509329683428,95.5081554633,90.5509488149315,True,discovery,True,True,True,True,True,True
XLI,2000-08-30T00:00:00.000Z,19.5057555541,0.0874696285987766,94.5938909724,90.586460711402,True,discovery,True,True,True,True,True,True
XLI,2000-08-31T00:00:00.000Z,19.6489513338,0.0935550935550242,95.8522594767,90.624604640906,True,discovery,True,True,True,True,True,True
XLI,2000-09-01T00:00:00.000Z,19.8232766308,0.0896646132794642,95.9505984586,90.6620691572635,True,discovery,True,True,True,True,True,True
XLI,2000-09-05T00:00:00.000Z,19.8232766308,0.0585106382954581,95.1837512088,90.692576482555,True,discovery,True,True,True,True,True,True
XLI,2000-09-06T00:00:00.000Z,19.9228910863,0.0547132498350999,94.1023697178,90.71806726974351,True,discovery,True,True,True,True,True,True
XLI,2000-09-07T00:00:00.000Z,19.8045989204,0.0392028748756687,94.9084830985,90.7476863598295,True,discovery,False,True,True,False,True,False
XLI,2000-09-08T00:00:00.000Z,19.5742404922,0.0298067474580425,94.2596657809,90.7779650568485,True,discovery,False,True,True,False,True,False
XLI,2000-09-11T00:00:00.000Z,19.4746260368,0.0129533678768065,94.1220027832,90.80521322276648,True,discovery,False,True,True,False,True,False
XLI,2000-09-12T00:00:00.000Z,19.4185929056,0.0,93.4338614499,90.83067960810853,True,discovery,False,True,True,False,True,False
XLI,2000-09-13T00:00:00.000Z,19.4746260368,0.0155844155847542,93.6796170437,90.858936248828,True,discovery,False,True,True,False,True,False
XLI,2000-09-14T00:00:00.000Z,19.4559483264,0.016260162600437,94.1515052328,90.8947248680645,True,discovery,False,True,True,False,True,False
XLI,2000-09-15T00:00:00.000Z,18.9674421499,-0.0111858162961533,92.0970456237,90.9167278650865,True,discovery,False,True,True,False,True,False
XLI,2000-09-18T00:00:00.000Z,18.7489232312,-0.0197141428277816,91.2493768462,90.931857381438,True,discovery,False,True,True,False,True,False
XLI,2000-09-19T00:00:00.000Z,18.5366477101,-0.0444985184942248,92.0773040543,90.94302651343,True,discovery,False,True,True,False,True,False
XLI,2000-09-20T00:00:00.000Z,18.6302986753,-0.0375089208802994,91.3972304525,90.954113416906,True,discovery,False,True,True,False,True,False
XLI,2000-09-21T00:00:00.000Z,18.692732652,-0.0296015306879146,90.0075150509,90.961862516225,True,discovery,False,False,True,False,False,False
XLI,2000-09-22T00:00:00.000Z,18.5553779031,-0.046897650759377,91.6436278977,90.9806225012365,True,discovery,False,True,True,False,True,False
XLI,2000-09-25T00:00:00.000Z,19.0985535012,-0.0233697841272557,90.9931426796,90.993983028721,True,discovery,False,False,True,False,False,False
XLI,2000-09-26T00:00:00.000Z,19.1235270919,-0.0349963092409659,89.8300730609,91.0000641793855,True,discovery,False,False,True,False,False,False
XLI,2000-09-27T00:00:00.000Z,18.9674421499,-0.0368205817295803,90.3031743227,91.007730097655,True,discovery,False,False,True,False,False,False
XLI,2000-09-28T00:00:00.000Z,19.2171780571,-0.0147944793114841,91.4662439414,91.02550542689102,True,discovery,False,True,True,False,True,False
XLI,2000-09-29T00:00:00.000Z,19.0798233082,-0.0289648040718074,90.5988916281,91.036601778448,True,discovery,False,False,True,False,False,False
XLI,2000-10-02T00:00:00.000Z,18.8862779801,-0.0472675969846556,90.7368504793,91.04643607750052,True,discovery,False,False,True,False,False,False
XLI,2000-10-03T00:00:00.000Z,19.2546384432,-0.0286853782142397,89.8892397355,91.049190271557,True,discovery,False,False,True,False,False,False
XLI,2000-10-04T00:00:00.000Z,19.3919931921,-0.0266476332124846,90.6383167333,91.058918386232,True,discovery,False,False,True,False,False,False
XLI,2000-10-05T00:00:00.000Z,19.4107233852,-0.0198880844183257,90.9537175745,91.0634730877125,True,discovery,False,False,True,False,False,False
XLI,2000-10-06T00:00:00.000Z,18.8862779801,-0.0351463195915132,88.9824623171,91.0569975523155,True,discovery,False,False,True,False,False,False
XLI,2000-10-09T00:00:00.000Z,19.004902536,-0.0241197699977597,88.3122355296,91.039980612288,True,discovery,False,False,True,False,False,False
XLI,2000-10-10T00:00:00.000Z,18.7489232312,-0.0344860040918247,86.8535066392,91.01630582921148,True,discovery,False,False,True,False,False,False
XLI,2000-10-11T00:00:00.000Z,18.4180231542,-0.054255361854107,86.1241131771,90.98927742496652,True,discovery,False,False,True,False,False,False
XLI,2000-10-12T00:00:00.000Z,17.9997155096,-0.0748476914293619,83.9754739634,90.94954922366898,True,discovery,False,False,True,False,False,False
XLI,2000-10-13T00:00:00.000Z,18.5553779031,-0.0217248189578462,86.7746564289,90.924355097017,True,discovery,False,False,True,False,False,False
XLI,2000-10-16T00:00:00.000Z,18.811357208,0.0033300033303302,87.1689074803,90.90039840320549,True,discovery,False,False,True,False,False,False
XLI,2000-10-17T00:00:00.000Z,18.2993985982,-0.012798922200519,85.0005266973,90.870099987742,True,discovery,False,False,True,False,False,False
XLI,2000-10-18T00:00:00.000Z,17.9684985212,-0.0355227882082971,84.6851258561,90.856029637026,True,discovery,False,False,True,False,False,False
XLI,2000-10-19T00:00:00.000Z,18.2806684052,-0.0220440881743372,87.878559373,90.8571438135005,True,discovery,False,False,True,False,False,False
XLI,2000-10-20T00:00:00.000Z,18.3805627681,-0.0094212651401076,88.253068855,90.867174300927,True,discovery,False,False,True,False,False,False
XLI,2000-10-23T00:00:00.000Z,18.5928382892,-0.0264792415806897,88.6473199065,90.8541315510175,True,discovery,False,False,True,False,False,False
XLI,2000-10-24T00:00:00.000Z,18.8862779801,-0.0124061377725916,88.0559433293,90.83656663743498,True,discovery,False,False,True,False,False,False
XLI,2000-10-25T00:00:00.000Z,18.5366477101,-0.0227123107267402,85.9861543259,90.81413126159,True,discovery,False,False,True,False,False,False
XLI,2000-10-26T00:00:00.000Z,18.6302986753,-0.0305393112379042,86.2227049568,90.79737882116252,True,discovery,False,False,True,False,False,False
XLI,2000-10-27T00:00:00.000Z,18.6240552776,-0.0238874345552311,87.8588178035,90.78274148191848,True,discovery,False,False,True,False,False,False
XLI,2000-10-30T00:00:00.000Z,18.830087401,-0.0029752066108106,88.6473199065,90.765883504096,True,discovery,False,False,True,False,False,False
XLI,2000-10-31T00:00:00.000Z,19.510617748,0.0132944228246676,90.175052193,90.7602837555205,True,discovery,False,False,True,False,False,False
XLI,2000-11-01T00:00:00.000Z,19.5293479411,0.0070830650382012,89.869498166,90.74943869494052,True,discovery,False,False,True,False,False,False
XLI,2000-11-02T00:00:00.000Z,19.491887555,0.0041814088114762,90.0173517724,90.74637666593452,True,discovery,False,False,True,False,False,False
XLI,2000-11-03T00:00:00.000Z,19.335802613,0.0238016528917794,90.0666236918,90.74453929701752,True,discovery,False,False,True,False,False,False
XLI,2000-11-06T00:00:00.000Z,19.510617748,0.0266097240457852,90.6974253741,90.7586718169625,True,discovery,False,False,True,False,False,False
XLI,2000-11-07T00:00:00.000Z,19.5917819179,0.0449550449541231,90.6777418384,90.767716442714,True,discovery,False,False,True,False,False,False
XLI,2000-11-08T00:00:00.000Z,19.4606705666,0.0566101694883709,88.6670614759,90.770229548424,True,discovery,True,False,True,True,False,False
XLI,2000-11-09T00:00:00.000Z,19.5917819179,0.088449531741259,88.3319190653,90.77282788296648,True,discovery,True,False,True,True,False,False
XLI,2000-11-10T00:00:00.000Z,19.142257285,0.0316285329765206,86.1832798517,90.7783792283285,True,discovery,False,False,True,False,False,False
XLI,2000-11-13T00:00:00.000Z,18.7863836172,-0.0013275804889495,85.5130530642,90.769035493948,True,discovery,False,False,True,False,False,False
XLI,2000-11-14T00:00:00.000Z,19.160987478,0.0470829068603788,87.7602840576,90.76662339237,True,discovery,False,False,True,False,False,False
XLI,2000-11-15T00:00:00.000Z,19.1984478641,0.0684503127208349,88.0362597936,90.765199849275,True,discovery,True,False,True,True,False,False
XLI,2000-11-16T00:00:00.000Z,19.2983422269,0.0556693989050487,86.6563811134,90.750224469434,True,discovery,True,False,True,True,False,False
XLI,2000-11-17T00:00:00.000Z,19.2171780571,0.0455163043458044,86.1931165731,90.734791681832,True,discovery,False,False,True,False,False,False
XLI,2000-11-20T00:00:00.000Z,18.9424685592,0.0188045668209297,84.9611015921,90.7138834856635,True,discovery,False,False,True,False,False,False
XLI,2000-11-21T00:00:00.000Z,19.179717671,0.0155371900810306,85.3947777487,90.689078207228,True,discovery,False,False,True,False,False,False
XLI,2000-11-22T00:00:00.000Z,18.8675477871,0.0178511283256306,83.3545090025,90.663561243839,True,discovery,False,False,True,False,False,False
XLI,2000-11-24T00:00:00.000Z,19.179717671,0.02949061661735,85.0596353381,90.64568929767952,True,discovery,False,False,True,False,False,False
XLI,2000-11-27T00:00:00.000Z,19.2171780571,0.0318471337557386,85.8087123359,90.640563101035,True,discovery,False,False,True,False,False,False
XLI,2000-11-28T00:00:00.000Z,18.9736855476,0.0076259946935972,84.3302999098,90.625501260981,True,discovery,False,False,True,False,False,False
XLI,2000-11-29T00:00:00.000Z,19.1297704896,-0.0195199999979007,84.1725994892,90.604710598387,True,discovery,False,False,True,False,False,False
XLI,2000-11-30T00:00:00.000Z,18.848817594,-0.0348465473170154,83.4432060271,90.5867785697065,True,discovery,False,False,True,False,False,False
XLI,2000-12-01T00:00:00.000Z,19.0111459337,-0.0246636771294467,83.4037809219,90.570899650637,True,discovery,False,False,True,False,False,False
XLI,2000-12-04T00:00:00.000Z,19.5293479411,0.0100096867957202,84.1134328146,90.567862701699,True,discovery,False,False,True,False,False,False
XLI,2000-12-05T00:00:00.000Z,20.2410952765,0.0374400000007626,86.8731901749,90.57970081410951,True,discovery,False,False,True,False,False,False
XLI,2000-12-06T00:00:00.000Z,19.8415178251,0.0127469725952711,85.4834646805,90.579600822533,True,discovery,False,False,True,False,False,False
XLI,2000-12-07T00:00:00.000Z,19.7853272459,0.0166827077303903,84.3105583403,90.5822453435845,True,discovery,False,False,True,False,False,False
XLI,2000-12-08T00:00:00.000Z,20.1224707206,0.0270873167598468,84.507683866,90.58739195507452,True,discovery,False,False,True,False,False,False
XLI,2000-12-11T00:00:00.000Z,20.3472330371,0.0629484670569247,87.4448832164,90.59846867686647,True,discovery,True,False,True,True,False,False
XLI,2000-12-12T00:00:00.000Z,20.0475499485,0.0671319375244381,87.0703157006,90.603563699013,True,discovery,True,False,True,True,False,False
XLI,2000-12-13T00:00:00.000Z,19.6979196784,0.0280221570530481,85.8777157319,90.599565159742,True,discovery,False,False,True,False,False,False
XLI,2000-12-14T00:00:00.000Z,19.2796120339,0.0042276422747578,84.7836596021,90.58980299368,True,discovery,False,False,True,False,False,False
XLI,2000-12-15T00:00:00.000Z,18.9661747402,-0.0172122290502751,82.874746475,90.56237622389352,True,discovery,False,False,True,False,False,False
XLI,2000-12-18T00:00:00.000Z,19.3172840908,0.005209195304459,83.9821164183,90.5447908259885,True,discovery,False,False,True,False,False,False
XLI,2000-12-19T00:00:00.000Z,18.9849841697,0.0022444598689512,82.2716348368,90.527115557354,True,discovery,False,False,True,False,False,False
XLI,2000-12-20T00:00:00.000Z,18.3580031866,-0.0428428873925731,79.8888316286,90.498064100026,True,discovery,False,False,True,False,False,False
XLI,2000-12-21T00:00:00.000Z,18.4645899537,-0.0213571916153041,80.4425166002,90.4592588212595,True,discovery,False,False,True,False,False,False
XLI,2000-12-22T00:00:00.000Z,18.9097464517,-0.0140758703506986,82.8550011197,90.434863886271,True,discovery,False,False,True,False,False,False
XLI,2000-12-26T00:00:00.000Z,19.122919986,-0.0049048861815158,83.744822859,90.41971187639552,True,discovery,False,False,True,False,False,False
XLI,2000-12-27T00:00:00.000Z,19.4364104776,0.024387719973494,84.3578603286,90.413788202961,True,discovery,False,False,True,False,False,False
XLI,2000-12-28T00:00:00.000Z,19.71855192,0.0307782798920717,84.6148992431,90.39917105908152,True,discovery,False,False,True,False,False,False
XLI,2000-12-29T00:00:00.000Z,19.5931557234,0.0394899110083668,83.0131968259,90.35609906684,True,discovery,False,False,True,False,False,False
XLI,2001-01-02T00:00:00.000Z,18.7216521568,-0.0152275816465555,81.5103376171,90.3024929793795,True,discovery,False,False,True,False,False,False
XLI,2001-01-03T00:00:00.000Z,19.5367274349,0.0003778668812834,85.4256813454,90.270817457139,True,discovery,False,False,True,False,False,False
XLI,2001-01-04T00:00:00.000Z,19.6934726807,-0.0270549882958058,84.5061207116,90.225128745415,True,discovery,False,False,True,False,False,False
XLI,2001-01-05T00:00:00.000Z,19.122919986,-0.0362168784381482,81.7476311763,90.162803499101,True,discovery,False,False,True,False,False,False
XLI,2001-01-08T00:00:00.000Z,18.9661747402,-0.0414020195632471,82.3804140011,90.095599857767,True,discovery,False,False,True,False,False,False
XLI,2001-01-09T00:00:00.000Z,19.0226030287,-0.0546586801974585,82.1628657971,90.02446409976099,True,discovery,False,False,True,False,False,False
XLI,2001-01-10T00:00:00.000Z,19.2044275138,-0.0561651562753655,83.6064307241,89.96564616731051,True,discovery,False,False,True,False,False,False
XLI,2001-01-11T00:00:00.000Z,19.4364104776,-0.0304844967325159,83.6855285772,89.9099698784675,True,discovery,False,False,True,False,False,False
XLI,2001-01-12T00:00:00.000Z,19.3799821891,-0.0161406633030715,83.527332871,89.853012370759,True,discovery,False,False,True,False,False,False
XLI,2001-01-16T00:00:00.000Z,19.5618066742,0.0146369460030526,84.0612142714,89.80666835788651,True,discovery,False,False,True,False,False,False
XLI,2001-01-17T00:00:00.000Z,19.5367274349,0.0300826446300044,84.446825797,89.7569562478395,True,discovery,False,False,True,False,False,False
XLI,2001-01-18T00:00:00.000Z,19.6621236315,0.0178513469636361,85.2872309945,89.7087000094385,True,discovery,False,False,True,False,False,False
XLI,2001-01-19T00:00:00.000Z,19.4552199071,0.024768824308555,84.802766136,89.661552216613,True,discovery,False,False,True,False,False,False
XLI,2001-01-22T00:00:00.000Z,19.4176010481,0.057718579233793,85.3663288476,89.62016454556901,True,discovery,True,False,True,True,False,False
XLI,2001-01-23T00:00:00.000Z,19.6746632512,0.0655348047551698,86.0386605989,89.578068578762,True,discovery,True,False,True,True,False,False
XLI,2001-01-24T00:00:00.000Z,19.5618066742,0.0344827586221485,86.2957577295,89.534266512391,True,discovery,False,False,True,False,False,False
XLI,2001-01-25T00:00:00.000Z,19.5555368644,0.0226229508211466,86.0782095254,89.491240311244,True,discovery,False,False,True,False,False,False
XLI,2001-01-26T00:00:00.000Z,19.2295067531,-0.0106451612934626,85.9793663171,89.449092971226,True,discovery,False,False,True,False,False,False
XLI,2001-01-29T00:00:00.000Z,19.3110142809,-0.0206677265528126,86.4381376617,89.422185644114,True,discovery,False,False,True,False,False,False
XLI,2001-01-30T00:00:00.000Z,19.6245047725,0.0015999999970683,87.1974751531,89.4054498612405,True,discovery,False,False,True,False,False,False
XLI,2001-01-31T00:00:00.000Z,19.6683934413,0.0505693235068533,86.7039051826,89.41213854088049,True,discovery,True,False,True,True,False,False
XLI,2001-02-01T00:00:00.000Z,19.4113312382,-0.0064184852410847,87.2797305925,89.40679865257151,True,discovery,False,False,True,False,False,False
XLI,2001-02-02T00:00:00.000Z,19.3486331399,-0.0175103470267055,85.2991266788,89.3798847331105,True,discovery,False,False,True,False,False,False
XLI,2001-02-05T00:00:00.000Z,19.4426802874,0.0167213114751356,85.9255753475,89.360320221077,True,discovery,False,False,True,False,False,False
XLI,2001-02-06T00:00:00.000Z,19.5367274349,0.0300826446300044,85.6724660143,89.33733246968052,True,discovery,False,False,True,False,False,False
XLI,2001-02-07T00:00:00.000Z,19.3674425694,0.0181278839799017,85.2295199353,89.31703383492801,True,discovery,False,False,True,False,False,False
XLI,2001-02-08T00:00:00.000Z,19.3423633301,0.0071825008165893,84.2360464709,89.2732314354155,True,discovery,False,False,True,False,False,False
XLI,2001-02-09T00:00:00.000Z,18.8846672124,-0.0283870967757071,83.4260850879,89.2306264394735,True,discovery,False,False,True,False,False,False
XLI,2001-02-12T00:00:00.000Z,19.1041105565,-0.0142348754456111,84.3815934812,89.194318939557,True,discovery,False,False,True,False,False,False
XLI,2001-02-13T00:00:00.000Z,19.3047444711,-0.0131410256415138,83.6918532416,89.157407114094,True,discovery,False,False,True,False,False,False
XLI,2001-02-14T00:00:00.000Z,19.1041105565,-0.0221437740707373,83.565298575,89.11368352366,True,discovery,False,False,True,False,False,False
XLI,2001-02-15T00:00:00.000Z,19.4301406677,-0.0117984693895599,84.3752593251,89.0832289694095,True,discovery,False,False,True,False,False,False
XLI,2001-02-16T00:00:00.000Z,18.8595879731,-0.0306155333552734,82.5148765547,89.0540648109115,True,discovery,False,False,True,False,False,False
XLI,2001-02-20T00:00:00.000Z,18.9285558812,-0.0251856635476528,81.2429862408,89.0152065848575,True,discovery,False,False,True,False,False,False
XLI,2001-02-21T00:00:00.000Z,18.6965729175,-0.0497131931160419,79.4901803473,88.96219024196199,True,discovery,False,False,True,False,False,False
XLI,2001-02-22T00:00:00.000Z,18.5210182422,-0.0532051282038632,79.6104059201,88.9131586343105,True,discovery,False,False,True,False,False,False
XLI,2001-02-23T00:00:00.000Z,18.4959390028,-0.0541840333480668,79.0725411518,88.86501741386401,True,discovery,False,False,True,False,False,False
XLI,2001-02-26T00:00:00.000Z,18.8658577829,-0.0189109879347985,80.7557459969,88.8352960656025,True,discovery,False,False,True,False,False,False
XLI,2001-02-27T00:00:00.000Z,18.8219691141,-0.0253246753218809,80.0090616308,88.791935668861,True,discovery,False,False,True,False,False,False
XLI,2001-02-28T00:00:00.000Z,18.489669193,-0.0578274760385421,78.4334292332,88.735891195664,True,discovery,False,False,True,False,False,False
XLI,2001-03-01T00:00:00.000Z,18.3580031866,-0.0666241632094069,78.8447387021,88.674155335859,True,discovery,False,False,True,False,False,False
XLI,2001-03-02T00:00:00.000Z,18.4645899537,-0.0487726098165223,78.2182856039,88.60487360385851,True,discovery,False,False,True,False,False,False
XLI,2001-03-05T00:00:00.000Z,18.6965729175,-0.0337005832755878,78.9333282976,88.54397299979401,True,discovery,False,False,True,False,False,False
XLI,2001-03-06T00:00:00.000Z,18.9661747402,-0.0245082231542328,79.7812598139,88.4929022945665,True,discovery,False,False,True,False,False,False
XLI,2001-03-07T00:00:00.000Z,19.1918878941,-0.0176508344065847,80.350764989,88.4517406549505,True,discovery,False,False,True,False,False,False
XLI,2001-03-08T00:00:00.000Z,19.3110142809,-0.0029135642611459,80.4393545845,88.4143565792985,True,discovery,False,False,True,False,False,False
XLI,2001-03-09T00:00:00.000Z,18.9034766419,-0.0226904376011289,78.0600898977,88.371549258304,True,discovery,False,False,True,False,False,False
XLI,2001-03-12T00:00:00.000Z,17.8689580197,-0.0537848605578322,74.7189972157,88.30497493416351,True,discovery,False,False,True,False,False,False
XLI,2001-03-13T00:00:00.000Z,17.894037259,-0.063340991140165,75.9465927318,88.25209065641249,True,discovery,False,False,True,False,False,False
XLI,2001-03-14T00:00:00.000Z,17.5178486691,-0.0925625203003881,74.446900601,88.19121738893449,True,discovery,False,False,True,False,False,False
XLI,2001-03-15T00:00:00.000Z,17.4363411413,-0.0872989826073088,74.4658828202,88.11631595307999,True,discovery,False,False,True,False,False,False
XLI,2001-03-16T00:00:00.000Z,16.9844069789,-0.1258731848949351,72.9760032526,88.03298434998,True,discovery,False,False,True,False,False,False
XLI,2001-03-19T00:00:00.000Z,17.3239693546,-0.0814237628462667,74.4607746007,87.94923044835801,True,discovery,False,False,True,False,False,False
XLI,2001-03-20T00:00:00.000Z,16.9718305946,-0.1033742509930953,72.4620398887,87.84753878534201,True,discovery,False,False,True,False,False,False
XLI,2001-03-21T00:00:00.000Z,16.5316571446,-0.115792117756171,71.2310766771,87.741947931537,True,discovery,False,False,True,False,False,False
XLI,2001-03-22T00:00:00.000Z,16.0851955024,-0.1315166751604398,70.5077259312,87.634800084128,True,discovery,False,False,True,False,False,False
XLI,2001-03-23T00:00:00.000Z,16.4058933017,-0.1130002483671469,72.6397089471,87.53512474537702,True,discovery,False,False,True,False,False,False
XLI,2001-03-26T00:00:00.000Z,16.7014383324,-0.1147267977638329,73.5661056945,87.4418957196135,True,discovery,False,False,True,False,False,False
XLI,2001-03-27T00:00:00.000Z,16.9718305946,-0.0982967567465624,75.0699126052,87.3571664978115,True,discovery,False,False,True,False,False,False
XLI,2001-03-28T00:00:00.000Z,16.6637091796,-0.098755688614012,72.9950381808,87.267456991261,True,discovery,False,False,True,False,False,False
XLI,2001-03-29T00:00:00.000Z,16.6637091796,-0.0922918462197844,73.2742277019,87.1706108828375,True,discovery,False,False,True,False,False,False
XLI,2001-03-30T00:00:00.000Z,16.7203029089,-0.0944666006217199,74.0419947606,87.07681899418101,True,discovery,False,False,True,False,False,False
XLI,2001-04-02T00:00:00.000Z,16.6008272581,-0.1120925031901638,72.4620398887,86.9741465617575,True,discovery,False,False,True,False,False,False
XLI,2001-04-03T00:00:00.000Z,15.9091261224,-0.1611842482564707,70.0445247021,86.86319693513451,True,discovery,False,False,True,False,False,False
XLI,2001-04-04T00:00:00.000Z,15.9845844281,-0.167117663655486,70.3364026948,86.747808096111,True,discovery,False,False,True,False,False,False
XLI,2001-04-05T00:00:00.000Z,16.9152368653,-0.1240627437145857,73.0013846373,86.64741529275749,True,discovery,False,False,True,False,False,False
XLI,2001-04-06T00:00:00.000Z,16.5756744896,-0.1231414832518358,71.8909768165,86.541667070379,True,discovery,False,False,True,False,False,False
XLI,2001-04-09T00:00:00.000Z,16.8712195203,-0.0558364118545705,72.6904672749,86.44699462312948,True,discovery,False,False,True,False,False,False
XLI,2001-04-10T00:00:00.000Z,17.3679866996,-0.0293980923246048,74.0166140104,86.36288531113351,True,discovery,False,False,True,False,False,False
XLI,2001-04-11T00:00:00.000Z,17.1730527432,-0.0196825496334028,74.0673761453,86.2731806015575,True,discovery,False,False,True,False,False,False
XLI,2001-04-12T00:00:00.000Z,17.5126151189,0.0043744256310365,75.4125527328,86.19359337690099,True,discovery,False,False,True,False,False,False
XLI,2001-04-16T00:00:00.000Z,17.4811741582,0.0292484265077457,74.6194042894,86.10876223480251,True,discovery,False,False,True,False,False,False
XLI,2001-04-17T00:00:00.000Z,17.7012608832,0.0217785843923707,75.6727079603,86.03352325279249,True,discovery,False,False,True,False,False,False
XLI,2001-04-18T00:00:00.000Z,18.4621321325,0.0878103001083556,78.6803255888,85.969881652258,True,discovery,True,False,True,True,False,False
XLI,2001-04-19T00:00:00.000Z,18.525014054,0.1205781666026821,79.7272828032,85.90518299527399,True,discovery,True,False,True,True,False,False
XLI,2001-04-20T00:00:00.000Z,18.4747085168,0.1485535574649041,78.9975849662,85.84519205774201,True,discovery,True,False,True,True,False,False
XLI,2001-04-23T00:00:00.000Z,18.1917398704,0.1088539670384756,77.5635713114,85.7744918905175,True,discovery,True,False,True,True,False,False
XLI,2001-04-24T00:00:00.000Z,18.0093822982,0.0783132530126253,77.1447914713,85.6943247158495,True,discovery,True,False,True,True,False,False
XLI,2001-04-25T00:00:00.000Z,18.4306911718,0.0859577621322811,78.1536737533,85.6199884329065,True,discovery,True,False,True,True,False,False
XLI,2001-04-26T00:00:00.000Z,18.6885070497,0.1215094339607649,78.502660972,85.54641398566301,True,discovery,True,False,True,True,False,False
XLI,2001-04-27T00:00:00.000Z,18.8268472768,0.1298113207501334,79.8097683377,85.47632731931398,True,discovery,True,False,True,True,False,False
XLI,2001-04-30T00:00:00.000Z,18.6319133204,0.1143286949952608,80.3681480145,85.406968185234,True,discovery,True,False,True,True,False,False
XLI,2001-05-01T00:00:00.000Z,18.8016945083,0.1325757575801611,80.6156096943,85.3342256429885,True,discovery,True,False,True,True,False,False
XLI,2001-05-02T00:00:00.000Z,18.8079827004,0.1822134387330312,80.4696684772,85.26153987497301,True,discovery,True,False,True,True,False,False
XLI,2001-05-03T00:00:00.000Z,18.5313022461,0.1593233674266196,79.4480926475,85.18762957188899,True,discovery,True,False,True,True,False,False
XLI,2001-05-04T00:00:00.000Z,18.8142708925,0.1122676579892114,80.7996156916,85.124261723019,True,discovery,True,False,True,True,False,False
XLI,2001-05-07T00:00:00.000Z,18.8834410061,0.1392261001474148,80.1016463304,85.05091556474201,True,discovery,True,False,True,True,False,False
XLI,2001-05-08T00:00:00.000Z,18.9148819668,0.1211330600044058,80.0635764741,84.9866202008875,True,discovery,True,False,True,True,False,False
XLI,2001-05-09T00:00:00.000Z,18.8079827004,0.0829109341057454,79.7272828032,84.92329788445498,True,discovery,True,False,True,True,False,False
XLI,2001-05-10T00:00:00.000Z,19.0154930411,0.1072867081613984,79.9620515698,84.859674616552,True,discovery,True,False,True,True,False,False
XLI,2001-05-11T00:00:00.000Z,18.921170159,0.0804308797136672,79.4100234258,84.7978134697415,True,discovery,True,False,True,True,False,False
XLI,2001-05-14T00:00:00.000Z,19.009204849,0.0874100719420631,79.5686531145,84.738318432005,True,discovery,True,False,True,True,False,False
XLI,2001-05-15T00:00:00.000Z,19.0846631547,0.0781527531077159,79.9366746267,84.6909862006795,True,discovery,True,False,True,True,False,False
XLI,2001-05-16T00:00:00.000Z,19.7009059847,0.067098092642253,81.8211915212,84.65022541797151,True,discovery,True,False,True,True,False,False
XLI,2001-05-17T00:00:00.000Z,20.0278919762,0.0811269517971291,81.9480933686,84.60734646339701,True,discovery,True,False,True,True,False,False
XLI,2001-05-18T00:00:00.000Z,20.0907738976,0.0874744724297234,82.3224664136,84.5640783878535,True,discovery,True,False,True,True,False,False
XLI,2001-05-21T00:00:00.000Z,20.2857078541,0.1151054268925162,83.5343902555,84.5237240102585,True,discovery,True,False,True,True,False,False
XLI,2001-05-22T00:00:00.000Z,20.2228259326,0.1229050279320924,83.4265233362,84.48037240236948,True,discovery,True,False,True,True,False,False
XLI,2001-05-23T00:00:00.000Z,19.9147045176,0.0805185943363113,82.0115490512,84.42444056084899,True,discovery,True,False,True,True,False,False
XLI,2001-05-24T00:00:00.000Z,19.889551749,0.0642664872108806,82.2526693506,84.36794474011649,True,discovery,True,False,True,True,False,False
XLI,2001-05-25T00:00:00.000Z,19.5940067183,0.0407481629940962,81.2818562904,84.310527255659,True,discovery,False,False,True,False,False,False
XLI,2001-05-29T00:00:00.000Z,19.5437011812,0.04893688829057,80.6346446224,84.25213498848,True,discovery,False,False,True,False,False,False
XLI,2001-05-30T00:00:00.000Z,19.1475450761,0.0183946488252599,79.5052018735,84.1859326866895,True,discovery,False,False,True,False,False,False
XLI,2001-05-31T00:00:00.000Z,19.4116491462,0.0320962888692555,79.917635257,84.1158939494525,True,discovery,False,False,True,False,False,False
XLI,2001-06-01T00:00:00.000Z,19.3550554169,0.044451985071549,80.4125636928,84.048723094552,True,discovery,False,False,True,False,False,False
XLI,2001-06-04T00:00:00.000Z,19.4808192597,0.0354278074876506,80.7996156916,83.98515862560299,True,discovery,False,False,True,False,False,False
XLI,2001-06-05T00:00:00.000Z,19.6883296005,0.0426240426276118,81.7260175151,83.9213106638015,True,discovery,False,False,True,False,False,False
XLI,2001-06-06T00:00:00.000Z,19.4619546833,0.0289228723425416,81.0470824475,83.8556409872925,True,discovery,False,False,True,False,False,False
XLI,2001-06-07T00:00:00.000Z,19.5499893733,0.0394516883984703,81.3389604402,83.78887463972251,True,discovery,False,False,True,False,False,False
XLI,2001-06-08T00:00:00.000Z,19.3110380719,0.0155423280459365,80.583881853,83.7191193795315,True,discovery,False,False,True,False,False,False
XLI,2001-06-11T00:00:00.000Z,18.9777638883,0.0029910269198167,80.0128137047,83.6446410325625,True,discovery,False,False,True,False,False,False
XLI,2001-06-12T00:00:00.000Z,19.1035277311,0.0049619583169973,79.8732189442,83.56798991648799,True,discovery,False,False,True,False,False,False
XLI,2001-06-13T00:00:00.000Z,19.0343576176,-0.0026359143303825,79.1879424961,83.4881090382515,True,discovery,False,False,True,False,False,False
XLI,2001-06-14T00:00:00.000Z,18.9085937747,-0.0402170443641179,77.4112880793,83.3977228698045,True,discovery,False,False,True,False,False,False
XLI,2001-06-15T00:00:00.000Z,18.81104505,-0.0607576138140764,77.5359316744,83.30786175086,True,discovery,False,False,True,False,False,False
XLI,2001-06-18T00:00:00.000Z,18.7858376194,-0.0649520165251515,77.1605037688,83.220694814842,True,discovery,False,False,True,False,False,False
XLI,2001-06-19T00:00:00.000Z,18.5904800326,-0.0835675951607167,77.4977542155,83.12892228853599,True,discovery,False,False,True,False,False,False
XLI,2001-06-20T00:00:00.000Z,18.6724041819,-0.0766669186525834,77.90500017,83.03869429709299,True,discovery,False,False,True,False,False,False
XLI,2001-06-21T00:00:00.000Z,18.7543283312,-0.0582673062196075,78.7894888593,82.9567229853455,True,discovery,False,False,True,False,False,False
XLI,2001-06-22T00:00:00.000Z,18.5904800326,-0.0653142782096793,78.1722544725,82.877072409119,True,discovery,False,False,True,False,False,False
XLI,2001-06-25T00:00:00.000Z,18.3447075848,-0.0637592479915406,77.4532116196,82.7897960517245,True,discovery,False,False,True,False,False,False
XLI,2001-06-26T00:00:00.000Z,18.3951224459,-0.0587697654937986,77.3450380166,82.705222912903,True,discovery,False,False,True,False,False,False
XLI,2001-06-27T00:00:00.000Z,18.3573113,-0.0412707620198461,77.3004954208,82.621115376091,True,discovery,False,False,True,False,False,False
XLI,2001-06-28T00:00:00.000Z,18.4203298764,-0.051068266396833,77.7268310591,82.542580224137,True,discovery,False,False,True,False,False,False
XLI,2001-06-29T00:00:00.000Z,18.2123685744,-0.0590381591727325,78.013173773,82.4642480077835,True,discovery,False,False,True,False,False,False
XLI,2001-07-02T00:00:00.000Z,18.4770465952,-0.0515262038581972,78.9867470177,82.388424216708,True,discovery,False,False,True,False,False,False
XLI,2001-07-03T00:00:00.000Z,18.5904800326,-0.055761437875975,78.9676579701,82.32277727844001,True,discovery,False,False,True,False,False,False
XLI,2001-07-05T00:00:00.000Z,18.445537307,-0.052225862861153,77.4277580714,82.25366918456601,True,discovery,False,False,True,False,False,False
XLI,2001-07-06T00:00:00.000Z,18.1052369945,-0.0739004176019216,75.7542310214,82.1720538194015,True,discovery,False,False,True,False,False,False
XLI,2001-07-09T00:00:00.000Z,18.1619537132,-0.0595040180865297,76.1678370222,82.09590685225001,True,discovery,False,False,True,False,False,False
XLI,2001-07-10T00:00:00.000Z,17.8846719772,-0.0575985620610394,75.2515353746,82.02212695386851,True,discovery,False,False,True,False,False,False
XLI,2001-07-11T00:00:00.000Z,17.7019181057,-0.0733691517676194,75.3278909287,81.9405482690235,True,discovery,False,False,True,False,False,False
XLI,2001-07-12T00:00:00.000Z,18.1304444251,-0.0474885052944579,77.115961173,81.87116236149049,True,discovery,False,False,True,False,False,False
XLI,2001-07-13T00:00:00.000Z,18.2753871507,-0.0334877691881689,77.7840975657,81.8109324840145,True,discovery,False,False,True,False,False,False
XLI,2001-07-16T00:00:00.000Z,17.9665961265,-0.044891122277122,76.8105243209,81.7434692340055,True,discovery,False,False,True,False,False,False
XLI,2001-07-17T00:00:00.000Z,18.3321038695,-0.0241529687998277,77.5295671738,81.67378585016749,True,discovery,False,False,True,False,False,False
XLI,2001-07-18T00:00:00.000Z,18.3888205882,-0.010847457625966,77.0014230693,81.6057985073735,True,discovery,False,False,True,False,False,False
XLI,2001-07-19T00:00:00.000Z,18.3384057271,-0.0178872764078104,77.6759239627,81.5404938747905,True,discovery,False,False,True,False,False,False
XLI,2001-07-20T00:00:00.000Z,18.4329335917,-0.0171370967716995,77.2114057748,81.477104704987,True,discovery,False,False,True,False,False,False
XLI,2001-07-23T00:00:00.000Z,18.2312741473,-0.0193220338942351,75.6905949236,81.4023660959385,True,discovery,False,False,True,False,False,False
XLI,2001-07-24T00:00:00.000Z,17.7460311091,-0.032634833394458,74.9588275238,81.322391645685,True,discovery,False,False,True,False,False,False
XLI,2001-07-25T00:00:00.000Z,17.8657664043,-0.0287769784167968,75.7860439797,81.256409553998,True,discovery,False,False,True,False,False,False
XLI,2001-07-26T00:00:00.000Z,18.0422184181,-0.0171644352896058,76.5814474773,81.1977556137365,True,discovery,False,False,True,False,False,False
XLI,2001-07-27T00:00:00.000Z,18.2123685744,-0.0112897707801877,76.8741559644,81.14785886036249,True,discovery,False,False,True,False,False,False
XLI,2001-07-30T00:00:00.000Z,18.1745574285,-0.0020761245713613,76.8996088763,81.1017363388585,True,discovery,False,False,True,False,False,False
XLI,2001-07-31T00:00:00.000Z,18.1745574285,-0.0163710777662152,77.2177702754,81.06794782041851,True,discovery,False,False,True,False,False,False
XLI,2001-08-01T00:00:00.000Z,18.2753871507,-0.0169491525419169,77.7013775109,81.0225814258285,True,discovery,False,False,True,False,False,False
XLI,2001-08-02T00:00:00.000Z,18.3005945813,-0.0078578749584591,78.0195389099,80.9768345829765,True,discovery,False,False,True,False,False,False
XLI,2001-08-03T00:00:00.000Z,18.3888205882,0.0156630699607052,77.5932032715,80.9397979658475,True,discovery,False,False,True,False,False,False
XLI,2001-08-06T00:00:00.000Z,17.991803557,-0.0093684940996372,76.549634519,80.899120509162,True,discovery,False,False,True,False,False,False
XLI,2001-08-07T00:00:00.000Z,18.1241425674,0.013389711061253,76.8487024162,80.843971224378,True,discovery,False,False,True,False,False,False
XLI,2001-08-08T00:00:00.000Z,17.9602942688,0.0145959416124969,75.4233406211,80.7798225832085,True,discovery,False,False,True,False,False,False
XLI,2001-08-09T00:00:00.000Z,17.9665961265,-0.009037191519319,75.6460523278,80.71481624531499,True,discovery,False,False,True,False,False,False
XLI,2001-08-10T00:00:00.000Z,18.3005945813,0.0013793103474164,75.9069472203,80.65407126477,True,discovery,False,False,True,False,False,False
XLI,2001-08-13T00:00:00.000Z,18.1304444251,0.0091196071557666,75.9260362679,80.60377067448,True,discovery,False,False,True,False,False,False
XLI,2001-08-14T00:00:00.000Z,18.1430481403,-0.0103128222786551,75.894218219,80.55212824079099,True,discovery,False,False,True,False,False,False
XLI,2001-08-15T00:00:00.000Z,18.1052369945,-0.0154215215891537,75.2388063733,80.48902818364,True,discovery,False,False,True,False,False,False
XLI,2001-08-16T00:00:00.000Z,18.0989351369,-0.0130584192412166,75.4997012658,80.42329009043651,True,discovery,False,False,True,False,False,False
XLI,2001-08-17T00:00:00.000Z,17.8783701195,-0.0300854700876103,74.2906866768,80.3438682628555,True,discovery,False,False,True,False,False,False
XLI,2001-08-20T00:00:00.000Z,17.8657664043,-0.0200483926711249,74.9779165714,80.2694103548825,True,discovery,False,False,True,False,False,False
XLI,2001-08-21T00:00:00.000Z,17.8405589737,0.0053267045469973,73.6989064746,80.1878181283935,True,discovery,False,False,True,False,False,False
XLI,2001-08-22T00:00:00.000Z,17.8090496855,-0.0031746031777483,74.4624919233,80.109797469551,True,discovery,False,False,True,False,False,False
XLI,2001-08-23T00:00:00.000Z,17.8657664043,-0.0097799510964229,74.1952369845,80.027286527603,True,discovery,False,False,True,False,False,False
XLI,2001-08-24T00:00:00.000Z,18.1934630014,-0.0010380622884259,75.7351375195,79.9525735060085,True,discovery,False,False,True,False,False,False
XLI,2001-08-27T00:00:00.000Z,18.1871611438,0.0006934812773069,75.2833489692,79.885654943475,True,discovery,False,False,True,False,False,False
XLI,2001-08-28T00:00:00.000Z,17.8405589737,-0.018377253812863,74.1825130738,79.8149079135175,True,discovery,False,False,True,False,False,False
XLI,2001-08-29T00:00:00.000Z,17.7208236786,-0.030344827582969,73.5207367275,79.7515951978965,True,discovery,False,False,True,False,False,False
XLI,2001-08-30T00:00:00.000Z,17.3931270814,-0.0495867768595493,72.1080994794,79.6845704299725,True,discovery,False,False,True,False,False,False
XLI,2001-08-31T00:00:00.000Z,17.5506735223,-0.045579163812052,72.6362486744,79.6089502530565,True,discovery,False,False,True,False,False,False
XLI,2001-09-04T00:00:00.000Z,17.3868252237,-0.0336252189161226,72.1717304865,79.529627606521,True,discovery,False,False,True,False,False,False
XLI,2001-09-05T00:00:00.000Z,17.4309382272,-0.0382475660640008,72.3499002337,79.45809520212251,True,discovery,False,False,True,False,False,False
XLI,2001-09-06T00:00:00.000Z,17.1284490606,-0.0463157894715038,70.4854744353,79.3795569914335,True,discovery,False,False,True,False,False,False
XLI,2001-09-07T00:00:00.000Z,16.6999227412,-0.0705015783947916,69.1810152445,79.3006565596955,True,discovery,False,False,True,False,False,False
XLI,2001-09-10T00:00:00.000Z,16.668413453,-0.0891873278241901,70.0273258386,79.223819300145,True,discovery,False,False,True,False,False,False
XLI,2001-09-17T00:00:00.000Z,15.1244583316,-0.1657977059480393,66.3684697496,79.13888910388049,True,discovery,False,False,True,False,False,False
XLI,2001-09-18T00:00:00.000Z,14.9101951719,-0.1781868704420768,66.2093890501,79.0446378724405,True,discovery,False,False,True,False,False,False
XLI,2001-09-19T00:00:00.000Z,14.5383855713,-0.197006613295564,64.8731073561,78.9399598475415,True,discovery,False,False,True,False,False,False
XLI,2001-09-20T00:00:00.000Z,13.706540363,-0.2426880222883838,62.811422763,78.8323654618075,True,discovery,False,False,True,False,False,False
XLI,2001-09-21T00:00:00.000Z,13.7196356232,-0.2326126189637418,62.1362842742,78.7221838857325,True,discovery,False,False,True,False,False,False
XLI,2001-09-24T00:00:00.000Z,14.6372311792,-0.1807107040380279,64.3207617632,78.62657166441299,True,discovery,False,False,True,False,False,False
XLI,2001-09-25T00:00:00.000Z,14.7321548574,-0.1742324397392656,64.9914369849,78.534509944728,True,discovery,False,False,True,False,False,False
XLI,2001-09-26T00:00:00.000Z,14.4726968036,-0.1873403096076729,64.7614912129,78.43775023671951,True,discovery,False,False,True,False,False,False
XLI,2001-09-27T00:00:00.000Z,14.630902934,-0.1810649147142896,65.323578039,78.33000217604001,True,discovery,False,False,True,False,False,False
XLI,2001-09-28T00:00:00.000Z,14.9789564207,-0.1766847015575123,66.7096393974,78.2361330496245,True,discovery,False,False,True,False,False,False
XLI,2001-10-01T00:00:00.000Z,14.8460632713,-0.1837063984908375,66.6010510019,78.1475855129325,True,discovery,False,False,True,False,False,False
XLI,2001-10-02T00:00:00.000Z,15.1371625511,-0.151530926053677,67.4377989862,78.0622360885335,True,discovery,False,False,True,False,False,False
XLI,2001-10-03T00:00:00.000Z,15.5042007735,-0.1250857717057946,68.5683600034,77.96785347246849,True,discovery,False,False,True,False,False,False
XLI,2001-10-04T00:00:00.000Z,15.5231855091,-0.1075103725482287,68.6258488417,77.875631138174,True,discovery,False,False,True,False,False,False
XLI,2001-10-05T00:00:00.000Z,15.5105290187,-0.1162430889622428,68.4917148193,77.788701133611,True,discovery,False,False,True,False,False,False
XLI,2001-10-08T00:00:00.000Z,15.3270099075,-0.1184698925593537,68.0445967274,77.7050058192375,True,discovery,False,False,True,False,False,False
XLI,2001-10-09T00:00:00.000Z,15.2700557006,-0.1239682281260146,67.680516933,77.6290346715275,True,discovery,False,False,True,False,False,False
XLI,2001-10-10T00:00:00.000Z,15.54849849,-0.0922413094735067,69.1879356679,77.5550637677755,True,discovery,False,False,True,False,False,False
XLI,2001-10-11T00:00:00.000Z,16.0104603906,-0.0412853616920662,70.2610129567,77.495010658375,True,discovery,False,False,True,False,False,False
XLI,2001-10-12T00:00:00.000Z,15.8585825054,-0.0485847648238079,69.941644716,77.445274723812,True,discovery,False,False,True,False,False,False
XLI,2001-10-15T00:00:00.000Z,15.9661626741,0.0556518669327417,69.8138993359,77.39213163749051,True,discovery,True,False,True,True,False,False
XLI,2001-10-16T00:00:00.000Z,15.9281932028,0.0682752988249635,70.2546243144,77.329129753464,True,discovery,True,False,True,True,False,False
XLI,2001-10-17T00:00:00.000Z,15.5548267352,0.0699143078105275,68.7599835028,77.254205556683,True,discovery,True,False,True,True,False,False
XLI,2001-10-18T00:00:00.000Z,15.491544283,0.1302300852532061,68.6130715571,77.1754816128255,True,discovery,True,False,True,True,False,False
XLI,2001-10-19T00:00:00.000Z,15.4029488501,0.122693726942245,68.5683600034,77.095248916627,True,discovery,True,False,True,True,False,False
XLI,2001-10-22T00:00:00.000Z,15.725689356,0.0743623000466602,69.9224832602,77.0297953487985,True,discovery,True,False,True,True,False,False
XLI,2001-10-23T00:00:00.000Z,15.6434221682,0.0618556701053321,69.5647927469,76.9700676244475,True,discovery,True,False,True,True,False,False
XLI,2001-10-24T00:00:00.000Z,15.7193611107,0.0861390467870437,69.3795585285,76.889837010363,True,discovery,True,False,True,True,False,False
XLI,2001-10-25T00:00:00.000Z,15.9661626741,0.0912629757796463,70.6250927511,76.8204318705605,True,discovery,True,False,True,True,False,False
XLI,2001-10-26T00:00:00.000Z,16.2635901991,0.0857625686542966,70.4654086307,76.7640207578325,True,discovery,True,False,True,True,False,False
XLI,2001-10-29T00:00:00.000Z,15.6624069038,0.0549872122718304,68.6322330128,76.695279852891,True,discovery,True,False,True,True,False,False
XLI,2001-10-30T00:00:00.000Z,15.3206816623,0.0121237458196328,67.8082674229,76.62350686101999,True,discovery,False,False,True,False,False,False
XLI,2001-10-31T00:00:00.000Z,15.2447427197,-0.0167346938800914,67.5783216509,76.543366315654,True,discovery,False,False,True,False,False,False
XLI,2001-11-01T00:00:00.000Z,15.5611549804,0.0024459845099282,69.3092968768,76.471485157152,True,discovery,False,False,True,False,False,False
XLI,2001-11-02T00:00:00.000Z,15.8016282985,0.0187678498553494,69.7819605956,76.40275829577499,True,discovery,False,False,True,False,False,False
XLI,2001-11-05T00:00:00.000Z,16.0357733714,0.0462427745644751,70.695353764,76.335928993238,True,discovery,False,False,True,False,False,False
XLI,2001-11-06T00:00:00.000Z,16.2635901991,0.0650642353885428,71.7939817896,76.272664773201,True,discovery,True,False,True,True,False,False
XLI,2001-11-07T00:00:00.000Z,16.2256207278,0.0435490435449756,71.6981700399,76.204719468428,True,discovery,False,False,True,False,False,False
XLI,2001-11-08T00:00:00.000Z,16.3964833486,0.0241106719346211,71.9217265309,76.1403142704025,True,discovery,False,False,True,False,False,False
XLI,2001-11-09T00:00:00.000Z,16.3395291417,0.0303272146887172,71.9983768249,76.073474510289,True,discovery,False,False,True,False,False,False
XLI,2001-11-12T00:00:00.000Z,16.1496817853,0.0114942528737791,71.5576473752,76.0010694441705,True,discovery,False,False,True,False,False,False
XLI,2001-11-13T00:00:00.000Z,16.5483612337,0.0389352403630427,73.1672658634,75.93542698483999,True,discovery,False,False,True,False,False,False
XLI,2001-11-14T00:00:00.000Z,16.6306284215,0.0691619202588416,73.237527515,75.871223574788,True,discovery,True,False,True,True,False,False
XLI,2001-11-15T00:00:00.000Z,16.7128956093,0.0788398692853544,73.3716615374,75.80818505088949,True,discovery,True,False,True,True,False,False
XLI,2001-11-16T00:00:00.000Z,16.8457887588,0.0936729663093463,73.0459046544,75.741223885853,True,discovery,True,False,True,True,False,False
XLI,2001-11-19T00:00:00.000Z,16.9976666439,0.0808853118680414,73.9465205383,75.674969112779,True,discovery,True,False,True,True,False,False
XLI,2001-11-20T00:00:00.000Z,16.7698498162,0.0720064724897475,73.3269499837,75.6080843367845,True,discovery,True,False,True,True,False,False
XLI,2001-11-21T00:00:00.000Z,16.8014910423,0.0688405797143629,72.8415089804,75.53589322872399,True,discovery,True,False,True,True,False,False
XLI,2001-11-23T00:00:00.000Z,17.0039948891,0.0650019817650706,73.8890361712,75.478842776186,True,discovery,True,False,True,True,False,False
XLI,2001-11-26T00:00:00.000Z,17.0862620769,0.0505836575890557,74.0487202915,75.419458500906,True,discovery,True,False,True,True,False,False
XLI,2001-11-27T00:00:00.000Z,16.972353663,0.0836363636346455,73.7293520508,75.3597429310885,True,discovery,True,False,True,True,False,False
XLI,2001-11-28T00:00:00.000Z,16.7065673641,0.0904584882283849,72.3943902497,75.2955672826605,True,discovery,True,False,True,True,False,False
XLI,2001-11-29T00:00:00.000Z,16.8014910423,0.1021170610238173,73.3716615374,75.24124535799301,True,discovery,True,False,True,True,False,False
XLI,2001-11-30T00:00:00.000Z,16.7698498162,0.0776738511583754,72.8478976226,75.1883544206665,True,discovery,True,False,True,True,False,False
XLI,2001-12-03T00:00:00.000Z,16.6243001763,0.052062474971525,72.4135568153,75.128514237337,True,discovery,True,False,True,True,False,False
XLI,2001-12-04T00:00:00.000Z,16.8268040231,0.0493291239143358,73.6399295821,75.0782546190395,True,discovery,False,False,True,False,False,False
XLI,2001-12-05T00:00:00.000Z,17.1875140003,0.0568093385217689,74.9876641967,75.035366447148,True,discovery,True,False,True,True,False,False
XLI,2001-12-06T00:00:00.000Z,17.3963460924,0.0721528861200455,74.9493361754,74.9882368313995,True,discovery,True,False,True,True,False,False
XLI,2001-12-07T00:00:00.000Z,17.2064987359,0.0494017753733249,74.4511229973,74.9479180636125,True,discovery,False,False,True,False,False,False
XLI,2001-12-10T00:00:00.000Z,16.940712437,0.0367931835786945,73.0586768291,74.906996516554,True,discovery,False,False,True,False,False,False
XLI,2001-12-11T00:00:00.000Z,16.8647734944,0.0442789968623964,72.9117706321,74.874104467978,True,discovery,False,False,True,False,False,False
XLI,2001-12-12T00:00:00.000Z,16.9470406822,0.0240917782050895,72.9948044584,74.8410264606695,True,discovery,False,False,True,False,False,False
XLI,2001-12-13T00:00:00.000Z,16.8268040231,0.0117960426165486,71.5768088309,74.803547799065,True,discovery,False,False,True,False,False,False
XLI,2001-12-14T00:00:00.000Z,16.6559414024,-0.0034078000743513,72.2602562273,74.761070350217,True,discovery,False,False,True,False,False,False
XLI,2001-12-17T00:00:00.000Z,16.9090712109,0.0037565740023268,73.007581743,74.726062950778,True,discovery,False,False,True,False,False,False
XLI,2001-12-18T00:00:00.000Z,17.3140789046,0.0186150409540799,73.4419225504,74.701105417364,True,discovery,False,False,True,False,False,False
XLI,2001-12-19T00:00:00.000Z,17.4786132801,0.0422641509416095,73.9592978228,74.6766782129675,True,discovery,False,False,True,False,False,False
XLI,2001-12-20T00:00:00.000Z,17.3773613567,0.034274952916391,73.2311388728,74.65174247931199,True,discovery,False,False,True,False,False,False
XLI,2001-12-21T00:00:00.000Z,17.6401923652,0.0374145887627748,73.6736331513,74.6254440035805,True,discovery,False,False,True,False,False,False
XLI,2001-12-24T00:00:00.000Z,17.6592491088,0.0335349551189818,73.5326348244,74.594200878633,True,discovery,False,False,True,False,False,False
XLI,2001-12-26T00:00:00.000Z,17.7227715876,0.0442141343210353,73.9364124908,74.56212911614199,True,discovery,False,False,True,False,False,False
XLI,2001-12-27T00:00:00.000Z,17.7164193397,0.0604464073074655,74.3850538438,74.5318576124385,True,discovery,True,False,True,True,False,False
XLI,2001-12-28T00:00:00.000Z,17.8180553058,0.0605044076707634,74.3465999878,74.513290162889,True,discovery,True,False,True,True,False,False
XLI,2001-12-31T00:00:00.000Z,17.59572663,0.0492477167566633,73.2570396693,74.505980375157,True,discovery,False,False,True,False,False,False
XLI,2002-01-02T00:00:00.000Z,17.59572663,0.0584341261525636,74.0453674331,74.4964742486635,True,discovery,True,False,True,True,False,False
XLI,2002-01-03T00:00:00.000Z,17.5893743821,0.0453187876885674,74.884969355,74.4986645924335,True,discovery,False,True,True,False,True,False
XLI,2002-01-04T00:00:00.000Z,17.59572663,0.0237505336544237,75.3848906345,74.503259631505,True,discovery,False,True,True,False,True,False
XLI,2002-01-07T00:00:00.000Z,17.4750339203,0.0045232388159013,74.8529266113,74.5126442482985,True,discovery,False,True,True,False,True,False
XLI,2002-01-08T00:00:00.000Z,17.4242159372,0.0126531960186502,74.679875927,74.51373975493,True,discovery,False,True,True,False,True,False
XLI,2002-01-09T00:00:00.000Z,17.328932219,0.0229163787204187,74.0710048326,74.5217845796495,True,discovery,False,False,True,False,False,False
XLI,2002-01-10T00:00:00.000Z,17.1510692784,0.0169759637800688,74.3978747868,74.537618570198,True,discovery,False,False,True,False,False,False
XLI,2002-01-11T00:00:00.000Z,16.8715703716,-0.004453303205867,73.6672271663,74.5534160763735,True,discovery,False,False,True,False,False,False
XLI,2002-01-14T00:00:00.000Z,16.6810029352,-0.0086648116718922,73.2057648702,74.556246355989,True,discovery,False,False,True,False,False,False
XLI,2002-01-15T00:00:00.000Z,16.7000596788,0.0026488011295262,73.801820149,74.5574249282615,True,discovery,False,False,True,False,False,False
XLI,2002-01-16T00:00:00.000Z,16.1347096174,-0.0457956314596882,72.3084776777,74.543617753624,True,discovery,False,False,True,False,False,False
XLI,2002-01-17T00:00:00.000Z,16.2045843441,-0.0640804842471423,72.8532575165,74.5429088503025,True,discovery,False,False,True,False,False,False
XLI,2002-01-18T00:00:00.000Z,16.3125725581,-0.0667124275429548,72.5199822182,74.539137622884,True,discovery,False,False,True,False,False,False
XLI,2002-01-22T00:00:00.000Z,16.4078562763,-0.0557912712119668,72.0200660661,74.52902797941151,True,discovery,False,False,True,False,False,False
XLI,2002-01-23T00:00:00.000Z,16.3252770538,-0.074540871447299,72.5712563763,74.5295740618495,True,discovery,False,False,True,False,False,False
XLI,2002-01-24T00:00:00.000Z,16.4713787551,-0.0672661870491456,72.7955773733,74.5433293252055,True,discovery,False,False,True,False,False,False
XLI,2002-01-25T00:00:00.000Z,16.7000596788,-0.0577060931889207,72.7763504453,74.555529063958,True,discovery,False,False,True,False,False,False
XLI,2002-01-28T00:00:00.000Z,16.687355183,-0.0580853352457068,72.9750340427,74.555397310985,True,discovery,False,False,True,False,False,False
XLI,2002-01-29T00:00:00.000Z,16.052130395,-0.0991087343984824,70.6805428647,74.549345141226,True,discovery,False,False,True,False,False,False
XLI,2002-01-30T00:00:00.000Z,16.2299933356,-0.0776173285206353,71.6996065834,74.5443908377685,True,discovery,False,False,True,False,False,False
XLI,2002-01-31T00:00:00.000Z,16.4840832509,-0.0631768953039253,72.5392085053,74.53700381024301,True,discovery,False,False,True,False,False,False
XLI,2002-02-01T00:00:00.000Z,16.3570382932,-0.0700613940058095,72.1995227355,74.527664543194,True,discovery,False,False,True,False,False,False
XLI,2002-02-04T00:00:00.000Z,15.6328820348,-0.1115523465710948,70.4049470686,74.502626514873,True,discovery,False,False,True,False,False,False
XLI,2002-02-05T00:00:00.000Z,15.4169056069,-0.1177753544162887,69.9691221722,74.479375104287,True,discovery,False,False,True,False,False,False
XLI,2002-02-06T00:00:00.000Z,15.5312460687,-0.108640174991093,69.6678896175,74.449351012573,True,discovery,False,False,True,False,False,False
XLI,2002-02-07T00:00:00.000Z,15.7154612573,-0.0931085043965338,69.232064721,74.402109708234,True,discovery,False,False,True,False,False,False
XLI,2002-02-08T00:00:00.000Z,15.8107449755,-0.0781481481500399,70.5587663385,74.3562671259105,True,discovery,False,False,True,False,False,False
XLI,2002-02-11T00:00:00.000Z,16.1537663611,-0.0425451807205974,71.4240107873,74.318399255016,True,discovery,False,False,True,False,False,False
XLI,2002-02-12T00:00:00.000Z,16.0140169077,-0.0399847677079736,71.1996853039,74.2865798249785,True,discovery,False,False,True,False,False,False
XLI,2002-02-13T00:00:00.000Z,16.1855276005,-0.0308101939871014,71.955970324,74.260635719242,True,discovery,False,False,True,False,False,False
XLI,2002-02-14T00:00:00.000Z,16.2426978314,0.0066929133873934,71.8213779822,74.22897424038649,True,discovery,False,False,True,False,False,False
XLI,2002-02-15T00:00:00.000Z,16.1283573695,-0.0047040376341248,71.0715034336,74.19181845269449,True,discovery,False,False,True,False,False,False
XLI,2002-02-19T00:00:00.000Z,16.0838916344,-0.0140186915880688,69.70634796,74.141301350806,True,discovery,False,False,True,False,False,False
XLI,2002-02-20T00:00:00.000Z,16.318924806,-0.0054200541985764,70.8792258212,74.09385673983951,True,discovery,False,False,True,False,False,False
XLI,2002-02-21T00:00:00.000Z,16.2554023271,-0.0042801556426717,69.4115258768,74.03783632075199,True,discovery,False,False,True,False,False,False
XLI,2002-02-22T00:00:00.000Z,16.4142085242,-0.0034708831452436,70.2703547268,73.98683975200001,True,discovery,False,False,True,False,False,False
XLI,2002-02-25T00:00:00.000Z,16.8461613801,0.0087485736045285,71.4304167724,73.94675137262449,True,discovery,False,False,True,False,False,False
XLI,2002-02-26T00:00:00.000Z,16.9096838589,0.0133231823414707,71.283007974,73.8991683340365,True,discovery,False,False,True,False,False,False
XLI,2002-02-27T00:00:00.000Z,17.1129557911,0.0660862683018344,71.5586037701,73.856453121235,True,discovery,True,False,True,True,False,False
XLI,2002-02-28T00:00:00.000Z,16.8969793631,0.0410958904115499,71.2381442873,73.812325960301,True,discovery,False,False,True,False,False,False
XLI,2002-03-01T00:00:00.000Z,17.2908187317,0.0489402697451164,72.8981218441,73.7781801555055,True,discovery,False,False,True,False,False,False
XLI,2002-03-04T00:00:00.000Z,17.8815777847,0.0932038835009505,74.1863702464,73.7493017488885,True,discovery,True,True,True,True,True,True
XLI,2002-03-05T00:00:00.000Z,17.6592491088,0.1296221048357655,73.9492283064,73.7219977732915,True,discovery,True,True,True,True,True,True
XLI,2002-03-06T00:00:00.000Z,18.1928379308,0.1800576843810732,74.8272892118,73.698290953778,True,discovery,True,True,True,True,True,True
XLI,2002-03-07T00:00:00.000Z,17.9768615029,0.1574642126834002,74.6670594705,73.671942877997,True,discovery,True,True,True,True,True,True
XLI,2002-03-08T00:00:00.000Z,18.0975542126,0.1515763945008925,74.9811084817,73.6377424627995,True,discovery,True,True,True,True,True,True
XLI,2002-03-11T00:00:00.000Z,18.1356676999,0.1470470068300167,75.141338223,73.60370868707149,True,discovery,True,True,True,True,True,True
XLI,2002-03-12T00:00:00.000Z,18.0975542126,0.1203303185182154,75.0964738954,73.5675787244805,True,discovery,True,True,True,True,True,True
XLI,2002-03-13T00:00:00.000Z,17.8498165452,0.1146370487855108,74.3722373873,73.5217679601395,True,discovery,True,True,True,True,True,True
XLI,2002-03-14T00:00:00.000Z,17.8688732889,0.1040031397152603,74.2696877891,73.475983782404,True,discovery,True,True,True,True,True,True
XLI,2002-03-15T00:00:00.000Z,17.8825496786,0.1009593273372282,74.9753299563,73.4408026869295,True,discovery,True,True,True,True,True,True
XLI,2002-03-18T00:00:00.000Z,17.812471999,0.1044194762626473,74.9881821352,73.40448025085249,True,discovery,True,True,True,True,True,True
XLI,2002-03-19T00:00:00.000Z,18.0035929432,0.1193555236777503,75.4895167378,73.37551855308949,True,discovery,True,True,True,True,True,True
XLI,2002-03-20T00:00:00.000Z,17.8061013009,0.0911320146749625,74.0690675188,73.3426906675715,True,discovery,True,True,True,True,True,True
XLI,2002-03-21T00:00:00.000Z,17.4493422051,0.0734488051402786,74.1012063218,73.31567068981299,True,discovery,True,True,True,True,True,True
XLI,2002-03-22T00:00:00.000Z,17.3474110348,0.0568533358903142,73.9405219483,73.28578512326949,True,discovery,True,True,True,True,True,True
XLI,2002-03-25T00:00:00.000Z,17.0734710148,0.0134932599522947,73.0214073319,73.248829341465,True,discovery,False,False,True,False,False,False
XLI,2002-03-26T00:00:00.000Z,17.1817728832,0.0160907221312003,73.445611507,73.212059320542,True,discovery,False,True,True,False,True,False
XLI,2002-03-27T00:00:00.000Z,17.2964454497,0.0107222656822048,73.6384346834,73.17162140638351,True,discovery,False,True,True,False,True,False
XLI,2002-03-28T00:00:00.000Z,17.353781733,0.0270345580759585,73.6062958805,73.1344174735485,True,discovery,False,True,True,False,True,False
XLI,2002-04-01T00:00:00.000Z,17.3474110348,0.0032729683873353,73.6384346834,73.09591484476451,True,discovery,False,True,True,False,True,False
XLI,2002-04-02T00:00:00.000Z,17.1817728832,-0.039135523158296,73.2335113476,73.0591629922375,True,discovery,False,True,True,False,True,False
XLI,2002-04-03T00:00:00.000Z,16.946057052,-0.0403863183766177,72.7193194243,73.0226955208355,True,discovery,False,False,True,False,False,False
XLI,2002-04-04T00:00:00.000Z,17.079841713,-0.061177713011763,72.4172321594,72.9854155869115,True,discovery,False,False,True,False,False,False
XLI,2002-04-05T00:00:00.000Z,17.1562900906,-0.0456459773118699,72.4300894802,72.951626321832,True,discovery,False,False,True,False,False,False
XLI,2002-04-08T00:00:00.000Z,17.2900747516,-0.0446181540065679,72.5843451933,72.927491607402,True,discovery,False,False,True,False,False,False
XLI,2002-04-09T00:00:00.000Z,17.2773333553,-0.0473285218279959,72.0765819303,72.9001948586815,True,discovery,False,False,True,False,False,False
XLI,2002-04-10T00:00:00.000Z,17.6786873381,-0.0231449437630844,72.8928617613,72.878856648644,True,discovery,False,True,True,False,True,False
XLI,2002-04-11T00:00:00.000Z,17.1116952037,-0.0413517606542847,71.0803368864,72.8467695619985,True,discovery,False,False,True,False,False,False
XLI,2002-04-12T00:00:00.000Z,17.0862124111,-0.0438002365983637,71.6138102919,72.815313612608,True,discovery,False,False,True,False,False,False
XLI,2002-04-15T00:00:00.000Z,16.9078328632,-0.0545065906662315,71.0674847075,72.776703591849,True,discovery,False,False,True,False,False,False
XLI,2002-04-16T00:00:00.000Z,17.2072556758,-0.0339771101525929,72.7578823884,72.7496317314285,True,discovery,False,True,True,False,True,False
XLI,2002-04-17T00:00:00.000Z,17.0862124111,-0.0509554140106516,72.6036266753,72.725383806707,True,discovery,False,False,True,False,False,False
XLI,2002-04-18T00:00:00.000Z,16.9587984483,-0.0475849731663141,72.2886865888,72.70010204956799,True,discovery,False,False,True,False,False,False
XLI,2002-04-19T00:00:00.000Z,16.8632379762,-0.0335889010606196,72.5522063904,72.676360604416,True,discovery,False,False,True,False,False,False
XLI,2002-04-22T00:00:00.000Z,16.5956686543,-0.0433345574732713,71.3438618299,72.64444575827001,True,discovery,False,False,True,False,False,False
XLI,2002-04-23T00:00:00.000Z,16.5638151636,-0.0298507462693559,71.0353459046,72.609556618928,True,discovery,False,False,True,False,False,False
XLI,2002-04-24T00:00:00.000Z,16.4236598045,-0.0441230997437561,70.3219117855,72.56623244276699,True,discovery,False,False,True,False,False,False
XLI,2002-04-25T00:00:00.000Z,16.2261681622,-0.0618784530389486,70.3604741069,72.523196523451,True,discovery,False,False,True,False,False,False
XLI,2002-04-26T00:00:00.000Z,16.0605300106,-0.0745227606465022,69.023578834,72.48117562726401,True,discovery,False,False,True,False,False,False
XLI,2002-04-29T00:00:00.000Z,15.7101416129,-0.0943811972066341,68.6829292476,72.44581911839501,True,discovery,False,False,True,False,False,False
XLI,2002-04-30T00:00:00.000Z,16.1560904827,-0.0596959584713688,69.3256667416,72.411608266992,True,discovery,False,False,True,False,False,False
XLI,2002-05-01T00:00:00.000Z,16.2070560678,-0.0436090225550599,70.1740795909,72.3862209880735,True,discovery,False,False,True,False,False,False
XLI,2002-05-02T00:00:00.000Z,16.2643923511,-0.0477433793358481,69.9041311289,72.3591021890745,True,discovery,False,False,True,False,False,False
XLI,2002-05-03T00:00:00.000Z,16.2707630492,-0.0516152989209003,69.145700886,72.3192508876395,True,discovery,False,False,True,False,False,False
XLI,2002-05-06T00:00:00.000Z,15.8120727831,-0.0854826823905563,67.789524131,72.269278020466,True,discovery,False,False,True,False,False,False
XLI,2002-05-07T00:00:00.000Z,15.8248141794,-0.0840707964608685,67.5517093301,72.222983945512,True,discovery,False,False,True,False,False,False
XLI,2002-05-08T00:00:00.000Z,16.4809960878,-0.0677477477481492,70.0648155024,72.185660187155,True,discovery,False,False,True,False,False,False
XLI,2002-05-09T00:00:00.000Z,16.2006853697,-0.0532390171257266,69.2549649745,72.146927896681,True,discovery,False,False,True,False,False,False
XLI,2002-05-10T00:00:00.000Z,15.9585988403,-0.0659955257297075,67.9502085045,72.09829931939,True,discovery,False,False,True,False,False,False
XLI,2002-05-13T00:00:00.000Z,16.0605300106,-0.0501130369252796,69.332095402,72.05890276752599,True,discovery,False,False,True,False,False,False
XLI,2002-05-14T00:00:00.000Z,16.4172891064,-0.045908922624483,70.8425272274,72.034662429045,True,discovery,False,False,True,False,False,False
XLI,2002-05-15T00:00:00.000Z,16.4809960878,-0.0354213273684238,70.566150105,72.012699041951,True,discovery,False,False,True,False,False,False
XLI,2002-05-16T00:00:00.000Z,16.582927258,-0.0221637866294518,70.9325104765,71.98843137443501,True,discovery,False,False,True,False,False,False
XLI,2002-05-17T00:00:00.000Z,16.7294533153,-0.0079335096313543,71.279589366,71.9619220838785,True,discovery,False,False,True,False,False,False
XLI,2002-05-20T00:00:00.000Z,16.5956686543,0.0,70.5083011596,71.9300928098545,True,discovery,False,False,True,False,False,False
XLI,2002-05-21T00:00:00.000Z,16.3408407287,-0.0134615384618634,69.8655636656,71.894922583801,True,discovery,False,False,True,False,False,False
XLI,2002-05-22T00:00:00.000Z,16.4109184083,-0.0007757951852187,70.0198238778,71.858932851813,True,discovery,False,False,True,False,False,False
XLI,2002-05-23T00:00:00.000Z,16.716711919,0.0302316450745752,70.7653967999,71.82425294825799,True,discovery,False,False,True,False,False,False
XLI,2002-05-24T00:00:00.000Z,16.5319616729,0.0293534311749894,69.8591395043,71.78345095123,True,discovery,False,False,True,False,False,False
XLI,2002-05-28T00:00:00.000Z,16.3472114269,0.0405515004063925,69.4799218119,71.742884543932,True,discovery,False,False,True,False,False,False
XLI,2002-05-29T00:00:00.000Z,16.1624611808,0.000394321764094,68.9657350305,71.70496504648949,True,discovery,False,False,True,False,False,False
XLI,2002-05-30T00:00:00.000Z,16.0923835013,-0.0070754716970363,68.7729118541,71.664586093679,True,discovery,False,False,True,False,False,False
XLI,2002-05-31T00:00:00.000Z,16.2261681622,-0.0023501762669549,68.9143147455,71.632040964301,True,discovery,False,False,True,False,False,False
XLI,2002-06-03T00:00:00.000Z,15.6145811408,-0.0403288958493106,67.0825141732,71.589223273528,True,discovery,False,False,True,False,False,False
XLI,2002-06-04T00:00:00.000Z,15.487167178,-0.0205479452034434,67.2496220652,71.5459366477525,True,discovery,False,False,True,False,False,False
XLI,2002-06-05T00:00:00.000Z,15.7483658017,-0.0048309178757698,67.8795073802,71.50570400331401,True,discovery,False,False,True,False,False,False
XLI,2002-06-06T00:00:00.000Z,15.3724946115,-0.0672593737899474,66.4976204827,71.4587210146325,True,discovery,False,False,True,False,False,False
XLI,2002-06-07T00:00:00.000Z,15.3724946115,-0.0511207235558661,66.4204900552,71.414629433042,True,discovery,False,False,True,False,False,False
XLI,2002-06-10T00:00:00.000Z,15.4935378761,-0.0291417165663435,66.6775863383,71.37051885840451,True,discovery,False,False,True,False,False,False
XLI,2002-06-11T00:00:00.000Z,15.3087876301,-0.0468068226891547,65.5335142418,71.32673299622951,True,discovery,False,False,True,False,False,False
XLI,2002-06-12T00:00:00.000Z,15.3024169319,-0.0679084206457316,65.9320134162,71.28150348045351,True,discovery,False,False,True,False,False,False
XLI,2002-06-13T00:00:00.000Z,15.2641927431,-0.0738306919204194,65.2699944402,71.2393589202815,True,discovery,False,False,True,False,False,False
XLI,2002-06-14T00:00:00.000Z,15.1877443654,-0.0841336918924812,65.1735831733,71.1929143765315,True,discovery,False,False,True,False,False,False
XLI,2002-06-17T00:00:00.000Z,15.6145811408,-0.0666412795139209,66.9218297997,71.1565473406075,True,discovery,False,False,True,False,False,False
XLI,2002-06-18T00:00:00.000Z,15.761107198,-0.0502879078682835,67.4681553841,71.1152124299305,True,discovery,False,False,True,False,False,False
XLI,2002-06-19T00:00:00.000Z,15.6400639333,-0.0428849902544611,65.8934459529,71.068262914849,True,discovery,False,False,True,False,False,False
XLI,2002-06-20T00:00:00.000Z,15.5190206687,-0.0543478260880824,65.0514611213,71.02260765508649,True,discovery,False,False,True,False,False,False
XLI,2002-06-21T00:00:00.000Z,15.1295098137,-0.0949470274412043,64.0381019062,70.97519448098,True,discovery,False,False,True,False,False,False
XLI,2002-06-24T00:00:00.000Z,15.3402627997,-0.0720845412528079,64.3735175939,70.9365215715525,True,discovery,False,False,True,False,False,False
XLI,2002-06-25T00:00:00.000Z,15.0145536395,-0.0815220255368481,62.9286579051,70.887983617706,True,discovery,False,False,True,False,False,False
XLI,2002-06-26T00:00:00.000Z,15.0081671854,-0.0714182068242942,63.0318638733,70.84228428464002,True,discovery,False,False,True,False,False,False
XLI,2002-06-27T00:00:00.000Z,15.2444659879,-0.0526906106439423,64.1348563322,70.8012090651325,True,discovery,False,False,True,False,False,False
XLI,2002-06-28T00:00:00.000Z,15.2316930797,-0.0612883505556598,63.8316938399,70.7679401621555,True,discovery,False,False,True,False,False,False
XLI,2002-07-01T00:00:00.000Z,14.8932110112,-0.0461984937729198,62.5867951904,70.73496906188501,True,discovery,False,False,True,False,False,False
XLI,2002-07-02T00:00:00.000Z,14.6632986629,-0.0531968503749562,61.258044554,70.69112265546201,True,discovery,False,False,True,False,False,False
XLI,2002-07-03T00:00:00.000Z,14.6824580252,-0.0676837069904063,61.6063588108,70.667312100768,True,discovery,False,False,True,False,False,False
XLI,2002-07-05T00:00:00.000Z,15.2891711668,-0.0054202942857216,64.0574520174,70.6565524156045,True,discovery,False,False,True,False,False,False
XLI,2002-07-08T00:00:00.000Z,15.0337130019,-0.0220381673997505,63.2576220507,70.6484749890775,True,discovery,False,False,True,False,False,False
XLI,2002-07-09T00:00:00.000Z,14.6569122087,-0.0539983620326356,61.6644084994,70.6427399177595,True,discovery,False,False,True,False,False,False
XLI,2002-07-10T00:00:00.000Z,14.2992707779,-0.0659436185668351,59.4197240041,70.62915711640899,True,discovery,False,False,True,False,False,False
XLI,2002-07-11T00:00:00.000Z,14.3184301403,-0.0643027043361198,59.9034929094,70.60707077214,True,discovery,False,False,True,False,False,False
XLI,2002-07-12T00:00:00.000Z,14.2737249614,-0.0648883172775534,59.2455639731,70.578341407081,True,discovery,False,False,True,False,False,False
XLI,2002-07-15T00:00:00.000Z,14.1651552414,-0.0673298877962164,59.5616250345,70.55234207618899,True,discovery,False,False,True,False,False,False
XLI,2002-07-16T00:00:00.000Z,13.8713783518,-0.1116394204417761,58.4134814561,70.5177915932745,True,discovery,False,False,True,False,False,False
XLI,2002-07-17T00:00:00.000Z,14.037426159,-0.1093629411529365,58.5295859933,70.476891326254,True,discovery,False,False,True,False,False,False
XLI,2002-07-18T00:00:00.000Z,13.6286930952,-0.1286037478285172,56.6332151099,70.427052146794,True,discovery,False,False,True,False,False,False
XLI,2002-07-19T00:00:00.000Z,13.2071871232,-0.1489677470539548,54.6400846401,70.36306357506349,True,discovery,False,False,True,False,False,False
XLI,2002-07-22T00:00:00.000Z,12.7856811511,-0.154917686789669,53.0210700805,70.285327125449,True,discovery,False,False,True,False,False,False
XLI,2002-07-23T00:00:00.000Z,12.4982907157,-0.1852622814294666,51.5697633648,70.2000466980645,True,discovery,False,False,True,False,False,False
XLI,2002-07-24T00:00:00.000Z,13.1688683984,-0.122926414292091,54.6465361823,70.1308208048795,True,discovery,False,False,True,False,False,False
XLI,2002-07-25T00:00:00.000Z,13.1816413067,-0.1217021276573232,54.1821173882,70.0615084081835,True,discovery,False,False,True,False,False,False
XLI,2002-07-26T00:00:00.000Z,13.3923942927,-0.1214914118126568,55.2141564294,69.9991766056655,True,discovery,False,False,True,False,False,False
XLI,2002-07-29T00:00:00.000Z,14.2290197826,-0.0658280922451299,57.9039108975,69.9427564818135,True,discovery,False,False,True,False,False,False
XLI,2002-07-30T00:00:00.000Z,14.3950675898,-0.0334476843862203,58.6585936148,69.884744385104,True,discovery,False,False,True,False,False,False
XLI,2002-07-31T00:00:00.000Z,14.3695217733,-0.0200348432064125,58.8005004504,69.829038663776,True,discovery,False,False,True,False,False,False
XLI,2002-08-01T00:00:00.000Z,14.0501990672,-0.0430622009553737,57.2653372326,69.76629585325949,True,discovery,False,False,True,False,False,False
XLI,2002-08-02T00:00:00.000Z,13.5392827375,-0.114452798664445,55.9817383608,69.6949314234915,True,discovery,False,False,True,False,False,False
XLI,2002-08-05T00:00:00.000Z,13.092230949,-0.1291418861497909,54.0337596555,69.621300304255,True,discovery,False,False,True,False,False,False
XLI,2002-08-06T00:00:00.000Z,13.5392827375,-0.0762527233080239,55.8527300942,69.55749859694049,True,discovery,False,False,True,False,False,False
XLI,2002-08-07T00:00:00.000Z,13.8777648059,-0.0294774452870317,56.8267194469,69.49879039415801,True,discovery,False,False,True,False,False,False
XLI,2002-08-08T00:00:00.000Z,14.2801114156,-0.0026761819783684,58.6650406418,69.442503181066,True,discovery,False,False,True,False,False,False
XLI,2002-08-09T00:00:00.000Z,14.3886811356,0.0080536912761646,58.8843517923,69.38910097629301,True,discovery,False,False,True,False,False,False
XLI,2002-08-12T00:00:00.000Z,14.2226333285,0.0040577096488156,58.4521861936,69.3344641146185,True,discovery,False,False,True,False,False,False
XLI,2002-08-13T00:00:00.000Z,13.8905377142,0.0013812154721821,57.387893312,69.268278117423,True,discovery,False,False,True,False,False,False
XLI,2002-08-14T00:00:00.000Z,14.1907010579,0.0109190172873485,59.4842252348,69.2133722004435,True,discovery,False,False,True,False,False,False
XLI,2002-08-15T00:00:00.000Z,14.3056572321,0.0496719775088652,60.3098568547,69.17176031965299,True,discovery,False,False,True,False,False,False
XLI,2002-08-16T00:00:00.000Z,14.2928843238,0.0822050290097611,60.1292504418,69.1333652347475,True,discovery,True,False,True,True,False,False
XLI,2002-08-19T00:00:00.000Z,14.6313663922,0.144355644356203,61.5354060381,69.1031506566835,True,discovery,True,False,True,True,False,False
XLI,2002-08-20T00:00:00.000Z,14.5611153969,0.165048543686757,60.8839286439,69.06102381551901,True,discovery,True,False,True,True,False,False
XLI,2002-08-21T00:00:00.000Z,14.6058205758,0.109117361790523,61.7611635705,69.02091983039351,True,discovery,True,False,True,True,False,False
XLI,2002-08-22T00:00:00.000Z,14.8165735618,0.1240310077523496,62.361037013,68.9792482466385,True,discovery,True,False,True,True,False,False
XLI,2002-08-23T00:00:00.000Z,14.4717050392,0.0805913209326816,61.0193832924,68.9253752541525,True,discovery,True,False,True,True,False,False
XLI,2002-08-26T00:00:00.000Z,14.6505257546,0.0296229802502234,61.4451025091,68.8741099164985,True,discovery,False,False,True,False,False,False
XLI,2002-08-27T00:00:00.000Z,14.5227966722,0.00887311446113,60.7355760714,68.818179164201,True,discovery,False,False,True,False,False,False
XLI,2002-08-28T00:00:00.000Z,14.2417926908,-0.0088888888938066,59.4068202749,68.75522138145101,True,discovery,False,False,True,False,False,False
XLI,2002-08-29T00:00:00.000Z,14.1332229708,0.0059090909105921,59.4326219282,68.69459625421601,True,discovery,False,False,True,False,False,False
XLI,2002-08-30T00:00:00.000Z,14.145995879,0.0448113207518428,59.2004128537,68.6247619891675,True,discovery,False,False,True,False,False,False
XLI,2002-09-03T00:00:00.000Z,13.6542389117,0.0429268292691498,56.9428246291,68.543288474738,True,discovery,False,False,True,False,False,False
XLI,2002-09-04T00:00:00.000Z,13.7883544482,0.0183962264123593,57.75555768,68.46520795545099,True,discovery,False,False,True,False,False,False
XLI,2002-09-05T00:00:00.000Z,13.5456691916,-0.0239300506201699,57.2653372326,68.386305118342,True,discovery,False,False,True,False,False,False
XLI,2002-09-06T00:00:00.000Z,13.7181034529,-0.0393559928451291,58.0522686302,68.3068338588015,True,discovery,False,False,True,False,False,False
XLI,2002-09-09T00:00:00.000Z,13.8330596271,-0.0386151797557942,58.4779878469,68.2325890481175,True,discovery,False,False,True,False,False,False
XLI,2002-09-10T00:00:00.000Z,13.986334526,-0.0166142792999165,59.148809547,68.1641255509505,True,discovery,False,False,True,False,False,False
XLI,2002-09-11T00:00:00.000Z,13.986334526,0.0068965517225492,58.7811451791,68.08858609599001,True,discovery,False,False,True,False,False,False
XLI,2002-09-12T00:00:00.000Z,13.7947409023,-0.0279027902838928,57.6975028313,68.006830008689,True,discovery,False,False,True,False,False,False
XLI,2002-09-13T00:00:00.000Z,13.462645288,-0.0589285714331525,57.8394090219,67.9273802935445,True,discovery,False,False,True,False,False,False
XLI,2002-09-16T00:00:00.000Z,13.5967608246,-0.0487042001760861,57.9813152124,67.855314918358,True,discovery,False,False,True,False,False,False
XLI,2002-09-17T00:00:00.000Z,13.3157568432,-0.0899170667820438,56.6525652211,67.7717194367765,True,discovery,False,False,True,False,False,False
XLI,2002-09-18T00:00:00.000Z,13.2965974809,-0.086842105259959,56.0849398138,67.6879046477325,True,discovery,False,False,True,False,False,False
XLI,2002-09-19T00:00:00.000Z,13.0347528619,-0.1075644949728508,54.633633098,67.599005029146,True,discovery,False,False,True,False,False,False
XLI,2002-09-20T00:00:00.000Z,13.0839988096,-0.1169349137959205,54.6517589514,67.50406417599251,True,discovery,False,False,True,False,False,False
XLI,2002-09-23T00:00:00.000Z,12.9173236655,-0.1074083094901114,54.2047004255,67.4001493571365,True,discovery,False,False,True,False,False,False
XLI,2002-09-24T00:00:00.000Z,12.6416686196,-0.1371184330616431,53.3300092074,67.29205272229649,True,discovery,False,False,True,False,False,False
XLI,2002-09-25T00:00:00.000Z,12.8852707532,-0.1127555494965101,54.6517589514,67.193055902067,True,discovery,False,False,True,False,False,False
XLI,2002-09-26T00:00:00.000Z,13.1352834693,-0.0776945182058991,55.5458870178,67.1054919530105,True,discovery,False,False,True,False,False,False
XLI,2002-09-27T00:00:00.000Z,12.6352580371,-0.1059889125640256,53.6150937813,67.0090085687565,True,discovery,False,False,True,False,False,False
XLI,2002-09-30T00:00:00.000Z,12.5134569703,-0.1154064318033299,52.9930945497,66.90900001921301,True,discovery,False,False,True,False,False,False
XLI,2002-10-01T00:00:00.000Z,13.0583564798,-0.0436408382593482,55.5394065565,66.828813007841,True,discovery,False,False,True,False,False,False
XLI,2002-10-02T00:00:00.000Z,12.6096157073,-0.085487992445239,53.8742616936,66.73688303517251,True,discovery,False,False,True,False,False,False
XLI,2002-10-03T00:00:00.000Z,12.5070463878,-0.0766756362575334,53.3300092074,66.6384951724945,True,discovery,False,False,True,False,False,False
XLI,2002-10-04T00:00:00.000Z,12.1801066822,-0.1121143878219455,52.3516584698,66.5330438520915,True,discovery,False,False,True,False,False,False
XLI,2002-10-07T00:00:00.000Z,11.8531669765,-0.1431276018445869,51.2696339586,66.4195955327705,True,discovery,False,False,True,False,False,False
XLI,2002-10-08T00:00:00.000Z,11.942915131,-0.1461011383076367,52.0730543571,66.313805110192,True,discovery,False,False,True,False,False,False
XLI,2002-10-09T00:00:00.000Z,11.5390484357,-0.1749769452282583,50.6022805691,66.198448347281,True,discovery,False,False,True,False,False,False
XLI,2002-10-10T00:00:00.000Z,11.9365045485,-0.1347061439544815,52.2415087703,66.09199271701051,True,discovery,False,False,True,False,False,False
XLI,2002-10-11T00:00:00.000Z,12.4878146404,-0.0724100373103434,54.528658696,65.9949539480365,True,discovery,False,False,True,False,False,False
XLI,2002-10-14T00:00:00.000Z,12.4172982333,-0.0867458512005339,54.833174935,65.8971945534925,True,discovery,False,False,True,False,False,False
XLI,2002-10-15T00:00:00.000Z,13.019892985,-0.0222190793722018,57.4701952575,65.812812529841,True,discovery,False,False,True,False,False,False
XLI,2002-10-16T00:00:00.000Z,12.6993638618,-0.0449162742542142,56.0771785815,65.726913224402,True,discovery,False,False,True,False,False,False
XLI,2002-10-17T00:00:00.000Z,13.0968199745,0.0047616639346819,57.1915911448,65.64264434296051,True,discovery,False,False,True,False,False,False
XLI,2002-10-18T00:00:00.000Z,13.0775882272,-0.0004899558990556,57.4313215609,65.55537610399,True,discovery,False,False,True,False,False,False
XLI,2002-10-21T00:00:00.000Z,13.4750443399,0.0431761786607221,58.4226332209,65.470564816922,True,discovery,False,False,True,False,False,False
XLI,2002-10-22T00:00:00.000Z,13.2891374485,0.051217038540003,58.0014868213,65.38630761797201,True,discovery,True,False,True,True,False,False
XLI,2002-10-23T00:00:00.000Z,13.4237596802,0.0417910447761658,58.4420700693,65.3051185886835,True,discovery,False,False,True,False,False,False
XLI,2002-10-24T00:00:00.000Z,13.1416940518,0.0004880429504992,57.2499062252,65.2210130956465,True,discovery,False,False,True,False,False,False
XLI,2002-10-25T00:00:00.000Z,13.3083691959,0.0532724505367117,58.4420700693,65.14123407205899,True,discovery,True,False,True,True,False,False
XLI,2002-10-28T00:00:00.000Z,13.1224623044,0.0486680327862589,58.0598019016,65.0631969457355,True,discovery,False,False,True,False,False,False
XLI,2002-10-29T00:00:00.000Z,13.0134824025,-0.0034364261206544,57.3859680509,64.984097961639,True,discovery,False,False,True,False,False,False
XLI,2002-10-30T00:00:00.000Z,13.0263035674,0.0330452465620161,57.9431762763,64.9048047422755,True,discovery,False,False,True,False,False,False
XLI,2002-10-31T00:00:00.000Z,13.1288728869,0.0497180932907197,57.3535702801,64.8300302052875,True,discovery,False,False,True,False,False,False
XLI,2002-11-01T00:00:00.000Z,13.3019586134,0.0921052631533576,58.4874242271,64.7582010388405,True,discovery,True,False,True,True,False,False
XLI,2002-11-04T00:00:00.000Z,13.3147797783,0.1233098972365598,59.0446324525,64.690824290012,True,discovery,True,False,True,True,False,False
XLI,2002-11-05T00:00:00.000Z,13.4429914276,0.1256038647303354,59.5111330101,64.62827962473199,True,discovery,True,False,True,True,False,False
XLI,2002-11-06T00:00:00.000Z,13.6930041437,0.1866666666668976,60.2821556378,64.5668341210395,True,discovery,True,False,True,True,False,False
XLI,2002-11-07T00:00:00.000Z,13.3981173504,0.1224489795954271,58.8049065719,64.4968807670325,True,discovery,True,False,True,True,False,False
XLI,2002-11-08T00:00:00.000Z,13.199389294,0.0569815195124649,58.0857192112,64.423427610862,True,discovery,True,False,True,True,False,False
XLI,2002-11-11T00:00:00.000Z,12.9493765779,0.0428497676872334,57.185115219,64.3444780167435,True,discovery,False,False,True,False,False,False
XLI,2002-11-12T00:00:00.000Z,12.9557871603,-0.0049236829191956,57.6386548541,64.2792685766905,True,discovery,False,False,True,False,False,False
XLI,2002-11-13T00:00:00.000Z,12.9301448305,0.0181726400795707,57.6969699344,64.2092553934455,True,discovery,False,False,True,False,False,False
XLI,2002-11-14T00:00:00.000Z,13.1096411395,0.0009789525262593,58.7854697236,64.14048669953699,True,discovery,False,False,True,False,False,False
XLI,2002-11-15T00:00:00.000Z,13.1096411395,0.0024509803905077,59.2195731582,64.0755869516505,True,discovery,False,False,True,False,False,False
XLI,2002-11-18T00:00:00.000Z,13.0134824025,-0.0342530922910065,58.6234905883,64.016679669249,True,discovery,False,False,True,False,False,False
XLI,2002-11-19T00:00:00.000Z,13.0327141499,-0.0192957067073561,58.5457393075,63.9595627549255,True,discovery,False,False,True,False,False,False
XLI,2002-11-20T00:00:00.000Z,13.2250316238,-0.0148042024838334,59.8480528511,63.91046357109351,True,discovery,False,False,True,False,False,False
XLI,2002-11-21T00:00:00.000Z,13.7699311333,0.0478048780487285,60.9624647665,63.869115571321,True,discovery,False,False,True,False,False,False
XLI,2002-11-22T00:00:00.000Z,13.7058253087,0.0298651252418251,60.5283619797,63.818963549527,True,discovery,False,False,True,False,False,False
XLI,2002-11-25T00:00:00.000Z,13.6801829788,0.0425012212999837,60.5672402118,63.7646796966495,True,discovery,False,False,True,False,False,False
XLI,2002-11-26T00:00:00.000Z,13.4878655049,0.0364532019737366,59.413944881,63.705750994535,True,discovery,False,False,True,False,False,False
XLI,2002-11-27T00:00:00.000Z,13.8468581229,0.0629921259898735,61.085570853,63.65139899718,True,discovery,True,False,True,True,False,False
XLI,2002-11-29T00:00:00.000Z,13.8148052105,0.0522460937438447,60.8911984824,63.59674809968101,True,discovery,True,False,True,True,False,False
XLI,2002-12-02T00:00:00.000Z,13.904553365,0.0453012048160308,60.988382076,63.546332492893,True,discovery,False,False,True,False,False,False
XLI,2002-12-03T00:00:00.000Z,13.6737723963,0.0269619643717333,60.1720111217,63.49866080870149,True,discovery,False,False,True,False,False,False
XLI,2002-12-04T00:00:00.000Z,13.6288983191,0.0138292799263644,59.8998822869,63.44376409103,True,discovery,False,False,True,False,False,False
XLI,2002-12-05T00:00:00.000Z,13.4878655049,-0.0149812734040821,59.2390093586,63.392901508439,True,discovery,False,False,True,False,False,False
XLI,2002-12-06T00:00:00.000Z,13.4814549224,0.0062200956910942,59.6277586354,63.339688527982,True,discovery,False,False,True,False,False,False
XLI,2002-12-09T00:00:00.000Z,13.2699057011,0.0053423992223682,57.9885304342,63.27247909629101,True,discovery,False,False,True,False,False,False
XLI,2002-12-10T00:00:00.000Z,13.378885603,0.0331683168310217,58.7660283398,63.20989419812,True,discovery,False,False,True,False,False,False
XLI,2002-12-11T00:00:00.000Z,13.4494020101,0.0380999505234671,58.817862959,63.146190494064506,True,discovery,False,False,True,False,False,False
XLI,2002-12-12T00:00:00.000Z,13.3981173504,0.0361923648988162,58.8113824977,63.0840566851165,True,discovery,False,False,True,False,False,False
XLI,2002-12-13T00:00:00.000Z,13.1673363817,0.0044009779967324,57.8848611959,63.0089903818755,True,discovery,False,False,True,False,False,False
XLI,2002-12-16T00:00:00.000Z,13.4942760873,0.0293398532962945,59.3815522935,62.934966292111,True,discovery,False,False,True,False,False,False
XLI,2002-12-17T00:00:00.000Z,13.3276009433,0.0241379310383249,58.8632164689,62.8595362329235,True,discovery,False,False,True,False,False,False
XLI,2002-12-18T00:00:00.000Z,13.3083691959,0.0211510083647552,58.1829073403,62.77631432356599,True,discovery,False,False,True,False,False,False
XLI,2002-12-19T00:00:00.000Z,13.2122104589,-0.0009694619464596,57.7682414019,62.691820233223,True,discovery,False,False,True,False,False,False
XLI,2002-12-20T00:00:00.000Z,13.4192850937,-0.0254646182472204,58.5883961888,62.60985667175851,True,discovery,False,False,True,False,False,False
XLI,2002-12-23T00:00:00.000Z,13.3548312748,-0.0256091133510362,58.6079271738,62.52718961651251,True,discovery,False,False,True,False,False,False
XLI,2002-12-24T00:00:00.000Z,13.2903774559,-0.0284941746396284,58.1717212872,62.4425658534715,True,discovery,False,False,True,False,False,False
XLI,2002-12-26T00:00:00.000Z,13.3354951291,-0.0112968486929712,58.1977641196,62.36169348713301,True,discovery,False,False,True,False,False,False
XLI,2002-12-27T00:00:00.000Z,13.0776798535,-0.055548938435928,56.8891432047,62.274790764211005,True,discovery,False,False,True,False,False,False
XLI,2002-12-30T00:00:00.000Z,13.1485790543,-0.0482255193648065,57.3644156186,62.186736192522496,True,discovery,False,False,True,False,False,False
XLI,2002-12-31T00:00:00.000Z,13.2710413102,-0.0455614817801089,57.4425434647,62.09900799917,True,discovery,False,False,True,False,False,False
XLI,2003-01-02T00:00:00.000Z,13.6126465503,-0.0044702986292606,59.2915363874,62.018018097418,True,discovery,False,False,True,False,False,False
XLI,2003-01-03T00:00:00.000Z,13.6577642236,0.0021179925056411,59.4738303547,61.9450419115975,True,discovery,False,False,True,False,False,False
XLI,2003-01-06T00:00:00.000Z,13.7802264795,0.0216758518606066,60.5220288051,61.877146024014,True,discovery,False,False,True,False,False,False
XLI,2003-01-07T00:00:00.000Z,13.7028818968,0.0164245606779496,60.3722888665,61.809304858605,True,discovery,False,False,True,False,False,False
XLI,2003-01-08T00:00:00.000Z,13.5353019677,0.0199998607810754,59.4998731871,61.741697187881,True,discovery,False,False,True,False,False,False
XLI,2003-01-09T00:00:00.000Z,13.7093272787,0.0246987443876418,60.424369974,61.676590980216,True,discovery,False,False,True,False,False,False
XLI,2003-01-10T00:00:00.000Z,13.6835457511,0.0174092305980717,60.5871336074,61.61133447483599,True,discovery,False,False,True,False,False,False
XLI,2003-01-13T00:00:00.000Z,13.6577642236,0.0193793550548537,60.5676026224,61.546141008545504,True,discovery,False,False,True,False,False,False
XLI,2003-01-14T00:00:00.000Z,13.6835457511,0.0392037808130603,60.7629209357,61.481763439807,True,discovery,False,False,True,False,False,False
XLI,2003-01-15T00:00:00.000Z,13.4901842944,-0.0003032243355276,60.1574402194,61.416383084166,True,discovery,False,False,True,False,False,False
XLI,2003-01-16T00:00:00.000Z,13.4128397118,0.0063956573176697,59.9100362413,61.352336668251,True,discovery,False,False,True,False,False,False
XLI,2003-01-17T00:00:00.000Z,13.3161589834,0.0005853299818583,59.0246066328,61.285373540618,True,discovery,False,False,True,False,False,False
XLI,2003-01-21T00:00:00.000Z,12.9874445071,-0.0170119869418665,58.106617136,61.21375617889699,True,discovery,False,False,True,False,False,False
XLI,2003-01-22T00:00:00.000Z,12.7425199953,-0.0504322766581449,57.4034769374,61.1378518376175,True,discovery,False,False,True,False,False,False
XLI,2003-01-23T00:00:00.000Z,12.9745537433,-0.0284749034768839,57.7550470367,61.06624416314949,True,discovery,False,False,True,False,False,False
XLI,2003-01-24T00:00:00.000Z,12.5749400662,-0.0538312318121857,56.238088671,60.982970297698,True,discovery,False,False,True,False,False,False
XLI,2003-01-27T00:00:00.000Z,12.4782593378,-0.0642822619633661,55.4698443212,60.904917834872,True,discovery,False,False,True,False,False,False
XLI,2003-01-28T00:00:00.000Z,12.5556039205,-0.039921143417521,55.8800119327,60.826248843076,True,discovery,False,False,True,False,False,False
XLI,2003-01-29T00:00:00.000Z,12.5556039205,-0.0450980392140608,56.3031980307,60.752427409692,True,discovery,False,False,True,False,False,False
XLI,2003-01-30T00:00:00.000Z,12.3493517,-0.0694511898995896,54.9685342834,60.663480669167,True,discovery,False,False,True,False,False,False
XLI,2003-01-31T00:00:00.000Z,12.5556039205,-0.0776515151476333,56.0297518713,60.580611295147,True,discovery,False,False,True,False,False,False
XLI,2003-02-03T00:00:00.000Z,12.6651754126,-0.0726757904697791,56.1404343973,60.49987003418951,True,discovery,False,False,True,False,False,False
XLI,2003-02-04T00:00:00.000Z,12.5556039205,-0.0888681010302548,55.5870341373,60.415044172924,True,discovery,False,False,True,False,False,False
XLI,2003-02-05T00:00:00.000Z,12.5684946843,-0.0827845719640122,55.2419758854,60.334534743201495,True,discovery,False,False,True,False,False,False
XLI,2003-02-06T00:00:00.000Z,12.465368574,-0.0790476190522559,54.9815534209,60.254265780783,True,discovery,False,False,True,False,False,False
XLI,2003-02-07T00:00:00.000Z,12.3429063181,-0.0996708979822073,54.3109679022,60.174211061366506,True,discovery,False,False,True,False,False,False
XLI,2003-02-10T00:00:00.000Z,12.3557970819,-0.0970325011770625,54.6950926813,60.0958841542385,True,discovery,False,False,True,False,False,False
XLI,2003-02-11T00:00:00.000Z,12.2268894441,-0.1047663992491181,54.3174797496,60.0223536588165,True,discovery,False,False,True,False,False,False
XLI,2003-02-12T00:00:00.000Z,12.1237633339,-0.1139896373039577,53.4515759177,59.946196892167,True,discovery,False,False,True,False,False,False
XLI,2003-02-13T00:00:00.000Z,11.9690741686,-0.1127568084026426,53.6143395511,59.8676402562145,True,discovery,False,False,True,False,False,False
XLI,2003-02-14T00:00:00.000Z,12.2462255898,-0.0869774147061241,54.786240316,59.79070105984,True,discovery,False,False,True,False,False,False
XLI,2003-02-18T00:00:00.000Z,12.3815786095,-0.0701839302958948,55.7497977707,59.71992939304901,True,discovery,False,False,True,False,False,False
XLI,2003-02-19T00:00:00.000Z,12.4395870465,-0.0421836228289942,55.4568251837,59.6514850145375,True,discovery,False,False,True,False,False,False
XLI,2003-02-20T00:00:00.000Z,12.3751332276,-0.0288315629746321,54.9034301321,59.58705454454301,True,discovery,False,False,True,False,False,False
XLI,2003-02-21T00:00:00.000Z,12.5684946843,-0.0312965722778471,55.4568251837,59.526580123811,True,discovery,False,False,True,False,False,False
XLI,2003-02-24T00:00:00.000Z,12.1495448615,-0.0338288057406661,54.5583718803,59.449047905700496,True,discovery,False,False,True,False,False,False
XLI,2003-02-25T00:00:00.000Z,12.3429063181,-0.0108471074398958,54.9945771158,59.377745966407,True,discovery,False,False,True,False,False,False
XLI,2003-02-26T00:00:00.000Z,12.2462255898,-0.0246406570849901,54.1937780861,59.308963814315,True,discovery,False,False,True,False,False,False
XLI,2003-02-27T00:00:00.000Z,12.3300155544,-0.0179671457883179,54.9099367711,59.236853021160506,True,discovery,False,False,True,False,False,False
XLI,2003-02-28T00:00:00.000Z,12.3622424638,0.0010438413378413,55.2745312163,59.159013041105,True,discovery,False,False,True,False,False,False
XLI,2003-03-03T00:00:00.000Z,12.3106794087,-0.0195071868586187,54.7471731377,59.0799181562685,True,discovery,False,False,True,False,False,False
XLI,2003-03-04T00:00:00.000Z,12.0850910426,-0.045801526714182,53.8747626667,58.9946294172195,True,discovery,False,False,True,False,False,False
XLI,2003-03-05T00:00:00.000Z,12.1817717709,-0.0297741273113617,54.3304988871,58.90988396482499,True,discovery,False,False,True,False,False,False
XLI,2003-03-06T00:00:00.000Z,12.0915364245,-0.0379487179475673,53.8747626667,58.8267162723605,True,discovery,False,False,True,False,False,False
XLI,2003-03-07T00:00:00.000Z,12.1366540977,-0.0263702171619397,54.2458637509,58.74861777278699,True,discovery,False,False,True,False,False,False
XLI,2003-03-10T00:00:00.000Z,11.827275767,-0.041775456915189,52.9437546834,58.663237426815,True,discovery,False,False,True,False,False,False
XLI,2003-03-11T00:00:00.000Z,11.6081327828,-0.0605112154354859,52.4229091033,58.571524988332,True,discovery,False,False,True,False,False,False
XLI,2003-03-12T00:00:00.000Z,11.7434858024,-0.0395361096466986,52.7744792026,58.4861016868235,True,discovery,False,False,True,False,False,False
XLI,2003-03-13T00:00:00.000Z,12.0850910426,-0.0031897926604905,54.5974338502,58.411689247015005,True,discovery,False,False,True,False,False,False
XLI,2003-03-14T00:00:00.000Z,12.2784524992,0.0258481421571963,54.7732159701,58.340726651713005,True,discovery,False,False,True,False,False,False
XLI,2003-03-17T00:00:00.000Z,12.6265031213,0.0310526315811736,56.4985117866,58.2793546513755,True,discovery,False,False,True,False,False,False
XLI,2003-03-18T00:00:00.000Z,12.7940830504,0.0333159812581165,56.8305509009,58.2189358321525,True,discovery,False,False,True,False,False,False
XLI,2003-03-19T00:00:00.000Z,12.8714276331,0.0347150259076729,57.2667561364,58.1698570419685,True,discovery,False,False,True,False,False,False
XLI,2003-03-20T00:00:00.000Z,12.8649822512,0.0395833333339394,57.390458451,58.120561223897504,True,discovery,False,False,True,False,False,False
XLI,2003-03-21T00:00:00.000Z,13.3137870829,0.0592984615358103,58.6107794437,58.07421758421499,True,discovery,True,True,True,True,True,True
XLI,2003-03-24T00:00:00.000Z,12.8415293292,0.056955587685658,56.6629720143,58.025044341873,True,discovery,True,False,True,True,False,False
XLI,2003-03-25T00:00:00.000Z,12.8674064664,0.0424940556772157,57.2054795973,57.9789692895835,True,discovery,False,False,True,False,False,False
XLI,2003-03-26T00:00:00.000Z,12.8674064664,0.0507242719027964,56.9178867516,57.93017079165,True,discovery,True,False,True,True,False,False
XLI,2003-03-27T00:00:00.000Z,12.8350600449,0.0409605720505172,56.9636406788,57.887321423835004,True,discovery,False,False,True,False,False,False
XLI,2003-03-28T00:00:00.000Z,12.6927357904,0.0267340919390455,56.676042604,57.841041569774,True,discovery,False,False,True,False,False,False
XLI,2003-03-31T00:00:00.000Z,12.4921879772,0.0147439927947214,55.3883957133,57.7916335761395,True,discovery,False,False,True,False,False,False
XLI,2003-04-01T00:00:00.000Z,12.6668586532,0.0481392824058393,56.2381134652,57.746956227599,True,discovery,False,False,True,False,False,False
XLI,2003-04-02T00:00:00.000Z,12.9515071623,0.0631874743572815,57.597660038,57.700335378790506,True,discovery,True,False,True,True,False,False
XLI,2003-04-03T00:00:00.000Z,12.9385685937,0.0700516575779182,57.323132553,57.649610264635,True,discovery,True,False,True,True,False,False
XLI,2003-04-04T00:00:00.000Z,12.9709150152,0.0687389548045287,57.6630214839,57.60845814228999,True,discovery,True,True,True,True,True,True
XLI,2003-04-07T00:00:00.000Z,13.0679542796,0.1048997704155756,57.5519061108,57.570960367237504,True,discovery,True,False,True,True,False,False
XLI,2003-04-08T00:00:00.000Z,13.0162000052,0.1213000616676578,57.6434133116,57.5389869242645,True,discovery,True,True,True,True,True,True
XLI,2003-04-09T00:00:00.000Z,12.8609371821,0.0951549989928568,56.8852034141,57.5015453533655,True,discovery,True,False,True,True,False,False
XLI,2003-04-10T00:00:00.000Z,12.880345035,0.0658045512108038,57.1989465901,57.4728967967905,True,discovery,True,False,True,True,False,False
XLI,2003-04-11T00:00:00.000Z,12.8997528879,0.0506008708133602,56.9636406788,57.442555680818,True,discovery,True,False,True,True,False,False
XLI,2003-04-14T00:00:00.000Z,13.119708554,0.0390611262644839,58.1401669674,57.412582233994,True,discovery,False,True,True,False,True,False
XLI,2003-04-15T00:00:00.000Z,13.229686387,0.0340472494108423,58.6826791258,57.386837160423504,True,discovery,False,True,True,False,True,False
XLI,2003-04-16T00:00:00.000Z,13.0485464267,0.0137606175980451,57.6826296562,57.3623163327525,True,discovery,False,True,True,False,True,False
XLI,2003-04-17T00:00:00.000Z,13.2620328085,0.0308628919610802,58.5388804152,57.3487205120585,True,discovery,False,True,True,False,True,False
XLI,2003-04-21T00:00:00.000Z,13.1455856912,-0.0126336248771796,58.5977095076,57.3336772655425,True,discovery,False,True,True,False,True,False
XLI,2003-04-22T00:00:00.000Z,13.5402120333,0.0544080604567311,59.7023361141,57.311901686026005,True,discovery,True,True,True,True,True,True
XLI,2003-04-23T00:00:00.000Z,13.6501898663,0.0608345902450537,60.2513858551,57.296870505048,True,discovery,True,True,True,True,True,True
XLI,2003-04-24T00:00:00.000Z,13.5208041804,0.0507792860749509,59.7154119328,57.287125522215,True,discovery,True,True,True,True,True,True
XLI,2003-04-25T00:00:00.000Z,13.4172956316,0.0453629032246989,58.9768141295,57.284910972842006,True,discovery,False,True,True,False,True,False
XLI,2003-04-28T00:00:00.000Z,13.6566591506,0.0759429153901596,59.9964717714,57.285375867152,True,discovery,True,True,True,True,True,True
XLI,2003-04-29T00:00:00.000Z,13.6954748564,0.0963231486266591,60.2056325815,57.290176210194,True,discovery,True,True,True,True,True,True
XLI,2003-04-30T00:00:00.000Z,13.8442683952,0.0929519918265255,60.0749090361,57.292742630202,True,discovery,True,True,True,True,True,True
XLI,2003-05-01T00:00:00.000Z,13.6372512977,0.0529470529419235,60.0683714535,57.301017080189006,True,discovery,True,True,True,True,True,True
XLI,2003-05-02T00:00:00.000Z,13.8248605423,0.0684999999947095,60.9246215589,57.312992258017005,True,discovery,True,True,True,True,True,True
XLI,2003-05-05T00:00:00.000Z,13.7795755523,0.0623441396503154,60.8069686032,57.33386102548349,True,discovery,True,True,True,True,True,True
XLI,2003-05-06T00:00:00.000Z,13.8183912581,0.0574257425794246,61.3821640991,57.3675714227785,True,discovery,True,True,True,True,True,True
XLI,2003-05-07T00:00:00.000Z,13.7989834052,0.0601391650164622,61.0422745146,57.407677444949,True,discovery,True,True,True,True,True,True
XLI,2003-05-08T00:00:00.000Z,13.6695977192,0.0628772635811878,60.4278633277,57.4519679447635,True,discovery,True,True,True,True,True,True
XLI,2003-05-09T00:00:00.000Z,13.8766148167,0.077348066297356,61.2645104898,57.485057816300994,True,discovery,True,True,True,True,True,True
XLI,2003-05-12T00:00:00.000Z,13.9801233655,0.0837512537634259,62.0161782293,57.52422812050649,True,discovery,True,True,True,True,True,True
XLI,2003-05-13T00:00:00.000Z,13.9348383754,0.0621301775146123,61.9050628562,57.557682652640494,True,discovery,True,True,True,True,True,True
XLI,2003-05-14T00:00:00.000Z,13.8895533853,0.0498777506130765,61.7743393107,57.5770347947065,True,discovery,False,True,True,False,True,False
XLI,2003-05-15T00:00:00.000Z,14.0383469241,0.0758552305392934,62.166515176,57.5945744025125,True,discovery,True,True,True,True,True,True
XLI,2003-05-16T00:00:00.000Z,13.9736540812,0.0536585365890438,62.0096458757,57.610620129639,True,discovery,True,True,True,True,True,True
XLI,2003-05-19T00:00:00.000Z,13.6113741606,0.0354330708681782,60.5585921021,57.6270864039865,True,discovery,False,True,True,False,True,False
XLI,2003-05-20T00:00:00.000Z,13.6890055721,0.0109890109869819,60.4344009103,57.649349716734,True,discovery,False,True,True,False,True,False
XLI,2003-05-21T00:00:00.000Z,13.6113741606,-0.0028436018898043,60.5585921021,57.681973878967,True,discovery,False,True,True,False,True,False
XLI,2003-05-22T00:00:00.000Z,13.7148827093,0.0143540669852566,61.1599281239,57.7085098691155,True,discovery,False,True,True,False,True,False
XLI,2003-05-23T00:00:00.000Z,13.7666369837,0.0260366441712174,61.2841186621,57.73079686519149,True,discovery,False,True,True,False,True,False
XLI,2003-05-27T00:00:00.000Z,14.1030397671,0.0326859308398561,62.3560678138,57.7492520010515,True,discovery,False,True,True,False,True,False
XLI,2003-05-28T00:00:00.000Z,14.0512854927,0.0259801606027356,62.5325446328,57.76749296525399,True,discovery,False,True,True,False,True,False
XLI,2003-05-29T00:00:00.000Z,13.8960226696,0.0037383177588454,62.3691377499,57.7870777230355,True,discovery,False,True,True,False,True,False
XLI,2003-05-30T00:00:00.000Z,14.2194868845,0.0426944971600102,63.3691872195,57.816984192573,True,discovery,False,True,True,False,True,False
XLI,2003-06-02T00:00:00.000Z,14.361811139,0.0388394946232615,63.6306388857,57.8377162608275,True,discovery,False,True,True,False,True,False
XLI,2003-06-03T00:00:00.000Z,14.3812189919,0.0436619718304442,63.8920912056,57.855627432582,True,discovery,False,True,True,False,True,False
XLI,2003-06-04T00:00:00.000Z,14.5688282365,0.0543071161022534,64.8137086395,57.8790497235705,True,discovery,True,True,True,True,True,True
XLI,2003-06-05T00:00:00.000Z,14.6076439423,0.0586029067036391,65.1339848227,57.8970426174935,True,discovery,True,True,True,True,True,True
XLI,2003-06-06T00:00:00.000Z,14.7305603439,0.0776147657373849,64.8790700854,57.91701832470099,True,discovery,True,True,True,True,True,True
XLI,2003-06-09T00:00:00.000Z,14.536481815,0.0475524475541306,64.2189049714,57.92930703170551,True,discovery,False,True,True,False,True,False
XLI,2003-06-10T00:00:00.000Z,14.6141132266,0.045349375289817,64.8725325029,57.941864509155,True,discovery,False,True,True,False,True,False
XLI,2003-06-11T00:00:00.000Z,14.9052310199,0.0696378830064574,65.5588433718,57.964561809552,True,discovery,True,True,True,True,True,True
XLI,2003-06-12T00:00:00.000Z,14.9440467257,0.0759198882172857,65.7614665994,57.98614363000351,True,discovery,True,True,True,True,True,True
XLI,2003-06-13T00:00:00.000Z,14.7823146183,0.0529953917097467,65.0751557304,58.00784152829849,True,discovery,True,True,True,True,True,True
XLI,2003-06-16T00:00:00.000Z,15.1381252546,0.083333333330948,66.4477774683,58.0430463142655,True,discovery,True,True,True,True,True,True
XLI,2003-06-17T00:00:00.000Z,15.1445945389,0.1126425855471755,66.4477774683,58.078122091966,True,discovery,True,True,True,True,True,True
XLI,2003-06-18T00:00:00.000Z,15.0669631273,0.1006616257070169,66.388948376,58.114064769577496,True,discovery,True,True,True,True,True,True
XLI,2003-06-19T00:00:00.000Z,14.7887839026,0.0865019011385475,65.3758237413,58.1562297651385,True,discovery,True,True,True,True,True,True
XLI,2003-06-20T00:00:00.000Z,14.8598748677,0.0834853773575174,65.2321923593,58.19361293853501,True,discovery,True,True,True,True,True,True
XLI,2003-06-23T00:00:00.000Z,14.6783406198,0.0662255885136999,64.5630743405,58.23010162407451,True,discovery,True,True,True,True,True,True
XLI,2003-06-24T00:00:00.000Z,14.6848239858,0.041252398653601,64.628673233,58.2629836470885,True,discovery,False,True,True,False,True,False
XLI,2003-06-25T00:00:00.000Z,14.4579061758,0.0289383261987843,63.9792390146,58.29048990292699,True,discovery,False,True,True,False,True,False
XLI,2003-06-26T00:00:00.000Z,14.6329570578,0.0530320369879773,64.8123559048,58.318807634716,True,discovery,True,True,True,True,True,True
XLI,2003-06-27T00:00:00.000Z,14.4903230058,0.0190468280255053,64.0645217077,58.345224517359,True,discovery,False,True,True,False,True,False
XLI,2003-06-30T00:00:00.000Z,14.5162564698,0.0107538895550991,64.0448372512,58.376961189458505,True,discovery,False,True,True,False,True,False
XLI,2003-07-01T00:00:00.000Z,14.5486732998,0.0116439578588098,64.6352344998,58.410940316848,True,discovery,False,True,True,False,True,False
XLI,2003-07-02T00:00:00.000Z,14.5875734958,0.0012866689754111,65.4486675895,58.4482770787335,True,discovery,False,True,True,False,True,False
XLI,2003-07-03T00:00:00.000Z,14.5746067638,-0.0022616363480993,64.7729928957,58.48887921710651,True,discovery,False,True,True,False,True,False
XLI,2003-07-07T00:00:00.000Z,14.7691077437,0.002616831871977,66.0587433907,58.53874823499101,True,discovery,False,True,True,False,True,False
XLI,2003-07-08T00:00:00.000Z,14.8793249657,0.0235850156222963,66.353944639,58.597349792696,True,discovery,False,True,True,False,True,False
XLI,2003-07-09T00:00:00.000Z,14.7172408158,0.007056712070103,65.9800272125,58.6539911340015,True,discovery,False,True,True,False,True,False
XLI,2003-07-10T00:00:00.000Z,14.5227398358,-0.0256615401391187,65.1403536474,58.708669400111006,True,discovery,False,True,True,False,True,False
XLI,2003-07-11T00:00:00.000Z,14.6718572538,-0.018213906640957,65.7569861235,58.7708042846915,True,discovery,False,True,True,False,True,False
XLI,2003-07-14T00:00:00.000Z,14.6199903258,-0.0109809794129971,66.0784271912,58.8279376258905,True,discovery,False,True,True,False,True,False
XLI,2003-07-15T00:00:00.000Z,14.5292232018,-0.0402230819575873,65.9341075285,58.879878728444,True,discovery,False,True,True,False,True,False
XLI,2003-07-16T00:00:00.000Z,14.4968063718,-0.0427735562966778,65.5470675683,58.939538597379006,True,discovery,False,True,True,False,True,False
XLI,2003-07-17T00:00:00.000Z,14.4579061758,-0.0404233385556271,64.6155552913,58.997650901087,True,discovery,False,True,True,False,True,False
XLI,2003-07-18T00:00:00.000Z,14.6524071558,-0.0092216336176245,65.2781120433,59.046344428521,True,discovery,False,True,True,False,True,False
XLI,2003-07-21T00:00:00.000Z,14.5875734958,-0.0183246073284161,64.4712356285,59.0993292981955,True,discovery,False,True,True,False,True,False
XLI,2003-07-22T00:00:00.000Z,14.7691077437,0.0061837455779953,65.0550709544,59.157954606930495,True,discovery,False,True,True,False,True,False
XLI,2003-07-23T00:00:00.000Z,14.7237241818,0.0026490066232742,65.1009906383,59.22170126777301,True,discovery,False,True,True,False,True,False
XLI,2003-07-24T00:00:00.000Z,14.7237241818,0.0183856502295562,64.6089940244,59.288398068102,True,discovery,False,True,True,False,True,False
XLI,2003-07-25T00:00:00.000Z,15.0543758477,0.0287992910958052,65.7504294486,59.3567849435595,True,discovery,False,True,True,False,True,False
XLI,2003-07-28T00:00:00.000Z,15.0673425797,0.039821029087415,65.5077098071,59.4313120897495,True,discovery,False,True,True,False,True,False
XLI,2003-07-29T00:00:00.000Z,14.8598748677,0.023671281822202,65.2059525399,59.49613430859749,True,discovery,False,True,True,False,True,False
XLI,2003-07-30T00:00:00.000Z,14.8598748677,0.0213903743308523,65.0485149355,59.548733589795,True,discovery,False,True,True,False,True,False
XLI,2003-07-31T00:00:00.000Z,14.9960255537,0.0280000000012063,65.1993906171,59.6005646682055,True,discovery,False,True,True,False,True,False
XLI,2003-08-01T00:00:00.000Z,14.8793249657,0.0209074733087721,64.6221165581,59.63632427470851,True,discovery,False,True,True,False,True,False
XLI,2003-08-04T00:00:00.000Z,14.9117417957,0.0096575943838477,64.6221165581,59.6790489645915,True,discovery,False,True,True,False,True,False
XLI,2003-08-05T00:00:00.000Z,14.6588905218,-0.0148148148123754,63.2510833701,59.709346425718,True,discovery,False,True,True,False,True,False
XLI,2003-08-06T00:00:00.000Z,14.6329570578,-0.0057268722483303,63.6184441218,59.7402820385225,True,discovery,False,True,True,False,True,False
XLI,2003-08-07T00:00:00.000Z,14.7237241818,0.013839285718288,64.2875575487,59.7696066601615,True,discovery,False,True,True,False,True,False
XLI,2003-08-08T00:00:00.000Z,14.7431742797,0.0048608042367319,64.4712356285,59.8019554041975,True,discovery,False,True,True,False,True,False
XLI,2003-08-11T00:00:00.000Z,14.8598748677,0.0164079822595144,64.713955926,59.833314833481,True,discovery,False,True,True,False,True,False
XLI,2003-08-12T00:00:00.000Z,15.0025089197,0.0325747434206507,65.3043525187,59.873587064948495,True,discovery,False,True,True,False,True,False
XLI,2003-08-13T00:00:00.000Z,14.9506419917,0.0313059034010985,64.9697935093,59.906225682148495,True,discovery,False,True,True,False,True,False
XLI,2003-08-14T00:00:00.000Z,15.1256928736,0.0461883408067593,65.1469103223,59.941661224252,True,discovery,False,True,True,False,True,False
XLI,2003-08-15T00:00:00.000Z,15.2683269256,0.042035398228488,65.3502722027,59.981482745011,True,discovery,False,True,True,False,True,False
XLI,2003-08-18T00:00:00.000Z,15.4952447355,0.0622222222195716,65.9144283199,60.021339005229,True,discovery,True,True,True,True,True,True
XLI,2003-08-19T00:00:00.000Z,15.5860118595,0.055311676912132,66.1637052923,60.06538968029,True,discovery,True,True,True,True,True,True
XLI,2003-08-20T00:00:00.000Z,15.4952447355,0.0523998238607101,65.8947445194,60.1024262817515,True,discovery,True,True,True,True,True,True
XLI,2003-08-21T00:00:00.000Z,15.6767789835,0.0647291941856715,66.1046630747,60.1377264348625,True,discovery,True,True,True,True,True,True
XLI,2003-08-22T00:00:00.000Z,15.5276615655,0.0314384151550402,65.4486675895,60.16741410775951,True,discovery,False,True,True,False,True,False
XLI,2003-08-25T00:00:00.000Z,15.3850275136,0.0210843373487779,65.5536288351,60.193771473746,True,discovery,False,True,True,False,True,False
XLI,2003-08-26T00:00:00.000Z,15.4757946375,0.0414485165779414,65.6717086784,60.228105484278494,True,discovery,False,True,True,False,True,False
XLI,2003-08-27T00:00:00.000Z,15.4628279055,0.0405759162286487,65.691387231,60.26613382437751,True,discovery,False,True,True,False,True,False
XLI,2003-08-28T00:00:00.000Z,15.5860118595,0.03934284478826,66.0981063998,60.3106987802815,True,discovery,False,True,True,False,True,False
XLI,2003-08-29T00:00:00.000Z,15.5795284935,0.0470588235295699,66.5441833297,60.3552264226595,True,discovery,False,True,True,False,True,False
XLI,2003-09-02T00:00:00.000Z,15.8064463034,0.0599999999971834,67.4363378456,60.4039232622155,True,discovery,True,True,True,True,True,True
XLI,2003-09-03T00:00:00.000Z,15.9361136234,0.0871295886752532,67.8036940053,60.449014383624,True,discovery,True,True,True,True,True,True
XLI,2003-09-04T00:00:00.000Z,15.9231468914,0.0881701373484364,67.8364957475,60.492098996570505,True,discovery,True,True,True,True,True,True
XLI,2003-09-05T00:00:00.000Z,15.7480960095,0.0695728753847635,67.4560170541,60.5362616288995,True,discovery,True,True,True,True,True,True
XLI,2003-09-08T00:00:00.000Z,15.8258964014,0.0734388742315017,68.0136119046,60.58360099188501,True,discovery,True,True,True,True,True,True
XLI,2003-09-09T00:00:00.000Z,15.6573288855,0.0536649214680384,67.5675349746,60.6221984025025,True,discovery,True,True,True,True,True,True
XLI,2003-09-10T00:00:00.000Z,15.4757946375,0.0315471045765232,66.885299014,60.65181257374001,True,discovery,False,True,True,False,True,False
XLI,2003-09-11T00:00:00.000Z,15.6054619575,0.0437987857754555,67.0820996276,60.6845812619795,True,discovery,False,True,True,False,True,False
XLI,2003-09-12T00:00:00.000Z,15.5989785915,0.0312901843145354,67.2067354898,60.717778738369496,True,discovery,False,True,True,False,True,False
XLI,2003-09-15T00:00:00.000Z,15.6184286895,0.0229299363057908,66.9705764591,60.75556189626,True,discovery,False,True,True,False,True,False
XLI,2003-09-16T00:00:00.000Z,15.8194130354,0.0209205020916722,67.948013668,60.789874110335006,True,discovery,False,True,True,False,True,False
XLI,2003-09-17T00:00:00.000Z,15.7545793755,0.0108153078234221,67.816811291,60.824502174378,True,discovery,False,True,True,False,True,False
XLI,2003-09-18T00:00:00.000Z,15.9425969894,0.0288702928889599,68.6171264389,60.8626458961925,True,discovery,False,True,True,False,True,False
XLI,2003-09-19T00:00:00.000Z,15.8759998539,0.0127080231602219,68.2694881915,60.90313328154151,True,discovery,False,True,True,False,True,False
XLI,2003-09-22T00:00:00.000Z,15.6677900197,0.0090244402615873,67.5319412937,60.9412935765755,True,discovery,False,True,True,False,True,False
XLI,2003-09-23T00:00:00.000Z,15.7263490356,0.0221853046215405,67.7887661479,60.984042360522,True,discovery,False,True,True,False,True,False
XLI,2003-09-24T00:00:00.000Z,15.4205408417,-0.003570336586537,66.5836611602,61.018821873146,True,discovery,False,True,True,False,True,False
XLI,2003-09-25T00:00:00.000Z,15.30342281,-0.0103089225641125,66.0370824699,61.059064633324496,True,discovery,False,True,True,False,True,False
XLI,2003-09-26T00:00:00.000Z,15.140758877,-0.0285674736111924,65.8197672574,61.0943333279125,True,discovery,False,True,True,False,True,False
XLI,2003-09-29T00:00:00.000Z,15.2969162526,-0.0181399739419526,66.4651256497,61.132569641366,True,discovery,False,True,True,False,True,False
XLI,2003-09-30T00:00:00.000Z,15.1537719917,-0.0412916539981291,65.8197672574,61.1676115651645,True,discovery,False,True,True,False,True,False
XLI,2003-10-01T00:00:00.000Z,15.4530736283,-0.0303110285553387,67.2224329659,61.2142994240145,True,discovery,False,True,True,False,True,False
XLI,2003-10-02T00:00:00.000Z,15.5246457587,-0.0250265312138285,67.4660846469,61.254722085781495,True,discovery,False,True,True,False,True,False
XLI,2003-10-03T00:00:00.000Z,15.6808031344,-0.0042730800637362,68.0851013024,61.30083150994899,True,discovery,False,True,True,False,True,False
XLI,2003-10-06T00:00:00.000Z,15.6873096917,-0.0087569579747621,68.3946102887,61.351890024691,True,discovery,False,True,True,False,True,False
XLI,2003-10-07T00:00:00.000Z,15.7653883795,0.0069015280186182,68.6580217296,61.4063389263295,True,discovery,False,True,True,False,True,False
XLI,2003-10-08T00:00:00.000Z,15.693816249,0.014087910611821,68.486803404,61.4558309624055,True,discovery,False,True,True,False,True,False
XLI,2003-10-09T00:00:00.000Z,15.7979211661,0.0123328107251259,68.6711902931,61.506147278002,True,discovery,False,True,True,False,True,False
XLI,2003-10-10T00:00:00.000Z,15.7068293636,0.0069139637231612,68.8621637688,61.55959949041,True,discovery,False,True,True,False,True,False
XLI,2003-10-13T00:00:00.000Z,15.7718949368,0.0098259722761466,69.0794789813,61.6140080647185,True,discovery,False,True,True,False,True,False
XLI,2003-10-14T00:00:00.000Z,15.8499736246,0.0019318409053239,69.3231306623,61.6761780020065,True,discovery,False,True,True,False,True,False
XLI,2003-10-15T00:00:00.000Z,15.8759998539,0.0077069958839282,69.1387437732,61.7350496427795,True,discovery,False,True,True,False,True,False
XLI,2003-10-16T00:00:00.000Z,15.8825064112,-0.0037691837935784,69.4153290458,61.79491357068501,True,discovery,False,True,True,False,True,False
XLI,2003-10-17T00:00:00.000Z,15.7718949368,-0.0065573770507704,68.6580217296,61.841745997396,True,discovery,False,True,True,False,True,False
XLI,2003-10-20T00:00:00.000Z,15.8109342807,0.0091362126260319,69.1716720966,61.89023520610551,True,discovery,False,True,True,False,True,False
XLI,2003-10-21T00:00:00.000Z,15.7849080514,0.0037236243242115,69.0531372445,61.9328907483025,True,discovery,False,True,True,False,True,False
XLI,2003-10-22T00:00:00.000Z,15.6027244465,0.0118143459863186,68.1838816629,61.9719487122845,True,discovery,False,True,True,False,True,False
XLI,2003-10-23T00:00:00.000Z,15.6417637905,0.0221088435378595,68.0587595657,62.0147431441775,True,discovery,False,True,True,False,True,False
XLI,2003-10-24T00:00:00.000Z,15.6482703478,0.0335195530767582,68.2102233996,62.05367241130551,True,discovery,False,True,True,False,True,False
XLI,2003-10-27T00:00:00.000Z,15.6547769051,0.0233943003014855,68.2431464548,62.091952475542506,True,discovery,False,True,True,False,True,False
XLI,2003-10-28T00:00:00.000Z,15.83696051,0.0450837269212045,69.1716720966,62.1349728229135,True,discovery,False,True,True,False,True,False
XLI,2003-10-29T00:00:00.000Z,15.941065427,0.031578947362699,69.2638652118,62.177477544294,True,discovery,False,True,True,False,True,False
XLI,2003-10-30T00:00:00.000Z,16.0646900161,0.0347862531483114,69.4087424592,62.223734055493,True,discovery,False,True,True,False,True,False
XLI,2003-10-31T00:00:00.000Z,16.0907162453,0.0261410788329297,69.3428904221,62.270898326397,True,discovery,False,True,True,False,True,False
XLI,2003-11-03T00:00:00.000Z,16.1687949331,0.0306926586433586,69.797270729,62.324761646878,True,discovery,False,True,True,False,True,False
XLI,2003-11-04T00:00:00.000Z,16.2143408344,0.0284770945119108,69.6458121633,62.3824576220145,True,discovery,False,True,True,False,True,False
XLI,2003-11-05T00:00:00.000Z,16.2013277197,0.0323383084552388,69.6984903686,62.443932689170495,True,discovery,False,True,True,False,True,False
XLI,2003-11-06T00:00:00.000Z,16.2859129649,0.030889621088068,70.067269415,62.505493801062,True,discovery,False,True,True,False,True,False
XLI,2003-11-07T00:00:00.000Z,16.227353949,0.0331400165717912,69.5470324614,62.57203852001399,True,discovery,False,True,True,False,True,False
XLI,2003-11-10T00:00:00.000Z,16.0777031307,0.0193894389434758,69.2638652118,62.64100862446699,True,discovery,False,True,True,False,True,False
XLI,2003-11-11T00:00:00.000Z,16.0191441148,0.0106732348082547,69.2441107202,62.7078291184045,True,discovery,False,True,True,False,True,False
XLI,2003-11-12T00:00:00.000Z,16.2794064075,0.0254098360615002,70.0211725281,62.7764189908915,True,discovery,False,True,True,False,True,False
XLI,2003-11-13T00:00:00.000Z,16.2728998502,0.0245800901251143,70.0409276782,62.8517809578655,True,discovery,False,True,True,False,True,False
XLI,2003-11-14T00:00:00.000Z,16.1492752612,0.0239273927395669,69.4482521009,62.918873459013504,True,discovery,False,True,True,False,True,False
XLI,2003-11-17T00:00:00.000Z,16.10372936,0.0185185185202754,69.0992334729,62.9836674543915,True,discovery,False,True,True,False,True,False
XLI,2003-11-18T00:00:00.000Z,16.0256506722,0.0152514427081917,68.381436457,63.04763946599,True,discovery,False,True,True,False,True,False
XLI,2003-11-19T00:00:00.000Z,16.1687949331,0.0362802335285092,68.9609434707,63.1162343039165,True,discovery,False,True,True,False,True,False
XLI,2003-11-20T00:00:00.000Z,16.0516769014,0.0262063227900781,68.3419268152,63.183036170888,True,discovery,False,True,True,False,True,False
XLI,2003-11-21T00:00:00.000Z,16.0646900161,0.0266112266112876,68.6250934062,63.25460679840799,True,discovery,False,True,True,False,True,False
XLI,2003-11-24T00:00:00.000Z,16.2598867356,0.038653366583772,69.5338586296,63.32880062814949,True,discovery,False,True,True,False,True,False
XLI,2003-11-25T00:00:00.000Z,16.3900178819,0.0349219391909692,69.797270729,63.4061995830465,True,discovery,False,True,True,False,True,False
XLI,2003-11-26T00:00:00.000Z,16.3900178819,0.0281632653071979,70.0475142648,63.489179274782,True,discovery,False,True,True,False,True,False
XLI,2003-11-28T00:00:00.000Z,16.4095375539,0.0214661806393026,70.1001924701,63.571608539377,True,discovery,False,True,True,False,True,False
XLI,2003-12-01T00:00:00.000Z,16.6502801746,0.0347755762247963,70.8574991278,63.651964833436,True,discovery,False,True,True,False,True,False
XLI,2003-12-02T00:00:00.000Z,16.617747388,0.0277665995986458,70.6796994839,63.726614342002,True,discovery,False,True,True,False,True,False
XLI,2003-12-03T00:00:00.000Z,16.6307605027,0.025682182985603,70.5677512185,63.802168972176,True,discovery,False,True,True,False,True,False
XLI,2003-12-04T00:00:00.000Z,16.6828129612,0.0297188755039217,70.8574991278,63.88193931715449,True,discovery,False,True,True,False,True,False
XLI,2003-12-05T00:00:00.000Z,16.5591883722,0.0167798641616823,70.363603911,63.956473210791,True,discovery,False,True,True,False,True,False
XLI,2003-12-08T00:00:00.000Z,16.7088391905,0.0296712109080279,70.8377446362,64.03787007457049,True,discovery,False,True,True,False,True,False
XLI,2003-12-09T00:00:00.000Z,16.7088391905,0.0392553622037503,70.2911659459,64.11435301872099,True,discovery,False,True,True,False,True,False
XLI,2003-12-10T00:00:00.000Z,16.6763064039,0.0410235580871547,70.2845839689,64.194807048135,True,discovery,False,True,True,False,True,False
XLI,2003-12-11T00:00:00.000Z,16.9365686966,0.0403677058395224,71.0748143403,64.275631435981,True,discovery,False,True,True,False,True,False
XLI,2003-12-12T00:00:00.000Z,16.9625949258,0.0423830467801669,71.2131043425,64.355324301612,True,discovery,False,True,True,False,True,False
XLI,2003-12-15T00:00:00.000Z,16.9821145978,0.0515713134570792,70.8574991278,64.4358759315625,True,discovery,True,True,True,True,True,True
XLI,2003-12-16T00:00:00.000Z,17.0862195149,0.0610101010105401,71.2262781743,64.5226335091005,True,discovery,True,True,True,True,True,True
XLI,2003-12-17T00:00:00.000Z,17.1057391868,0.0673974827414434,71.4501747051,64.6082318881905,True,discovery,True,True,True,True,True,True
XLI,2003-12-18T00:00:00.000Z,17.3009359063,0.0700201207254065,72.2535782497,64.7001259661055,True,discovery,True,True,True,True,True,True
XLI,2003-12-19T00:00:00.000Z,17.3140791521,0.0786461289031985,72.0531167177,64.7891622309395,True,discovery,True,True,True,True,True,True
XLI,2003-12-22T00:00:00.000Z,17.4186959446,0.0842845972840447,72.5559680657,64.887223297851,True,discovery,True,True,True,True,True,True
XLI,2003-12-23T00:00:00.000Z,17.4579272417,0.0736807411749655,72.602282538,64.9881201650245,True,discovery,True,True,True,True,True,True
XLI,2003-12-24T00:00:00.000Z,17.3925417465,0.0611667340343244,72.5295016133,65.08689527707799,True,discovery,True,True,True,True,True,True
XLI,2003-12-26T00:00:00.000Z,17.3598489988,0.0591720597188007,72.582429225,65.17682025395199,True,discovery,True,True,True,True,True,True
XLI,2003-12-29T00:00:00.000Z,17.5821596828,0.0714597912980981,73.5484352199,65.27069635020099,True,discovery,True,True,True,True,True,True
XLI,2003-12-30T00:00:00.000Z,17.4775428903,0.0496846123323493,73.5616654687,65.3560121186115,True,discovery,False,True,True,False,True,False
XLI,2003-12-31T00:00:00.000Z,17.4971585389,0.0529199975404028,73.627829284,65.439998510527,True,discovery,True,True,True,True,True,True
XLI,2004-01-02T00:00:00.000Z,17.4840814399,0.0513097965099951,73.5947496921,65.5216384783055,True,discovery,True,True,True,True,True,True
XLI,2004-01-05T00:00:00.000Z,17.6540837276,0.0582198438991632,74.3953392015,65.606662882058,True,discovery,True,True,True,True,True,True
XLI,2004-01-06T00:00:00.000Z,17.6279295295,0.0645406727236843,74.4681207878,65.6859495887785,True,discovery,True,True,True,True,True,True
XLI,2004-01-07T00:00:00.000Z,17.6540837276,0.0565715263833186,74.7195438153,65.7762324477835,True,discovery,True,True,True,True,True,True
XLI,2004-01-08T00:00:00.000Z,17.7652390696,0.0632240137723407,75.0172819766,65.86529145968001,True,discovery,True,True,True,True,True,True
XLI,2004-01-09T00:00:00.000Z,17.5886982323,0.0547118652237419,74.3622549781,65.9525133008125,True,discovery,True,True,True,True,True,True
XLI,2004-01-12T00:00:00.000Z,17.6475451781,0.0419787794231738,74.9114214601,66.04225220471899,True,discovery,False,True,True,False,True,False
XLI,2004-01-13T00:00:00.000Z,17.5756211333,0.0361398836782684,74.4747339273,66.1312456613355,True,discovery,False,True,True,False,True,False
XLI,2004-01-14T00:00:00.000Z,17.8175474658,0.0491948669400823,75.0966813339,66.2297870894385,True,discovery,False,True,True,False,True,False
XLI,2004-01-15T00:00:00.000Z,17.8437016639,0.0443329285532962,75.2819412077,66.325006228151,True,discovery,False,True,True,False,True,False
XLI,2004-01-16T00:00:00.000Z,18.1771676899,0.062635615532288,75.5796840005,66.4149163479635,True,discovery,True,True,True,True,True,True
XLI,2004-01-20T00:00:00.000Z,17.9548570059,0.0377968627328351,75.5598306876,66.5060998386365,True,discovery,False,True,True,False,True,False
XLI,2004-01-21T00:00:00.000Z,18.079089447,0.0441842900323818,76.1553116417,66.5985612894255,True,discovery,False,True,True,False,True,False
XLI,2004-01-22T00:00:00.000Z,17.9940883031,0.0330330330312917,75.9568215191,66.690585866467,True,discovery,False,True,True,False,True,False
XLI,2004-01-23T00:00:00.000Z,17.9287028078,0.0269662921366464,75.7120109695,66.7809288547565,True,discovery,False,True,True,False,True,False
XLI,2004-01-26T00:00:00.000Z,18.1575520413,0.0439849624022863,76.6647814224,66.879826744798,True,discovery,False,True,True,False,True,False
XLI,2004-01-27T00:00:00.000Z,17.981011204,0.0357815442543849,75.8774221619,66.973219122657,True,discovery,False,True,True,False,True,False
XLI,2004-01-28T00:00:00.000Z,17.6998535743,0.0066939382660218,75.0106694988,67.06345426675699,True,discovery,False,True,True,False,True,False
XLI,2004-01-29T00:00:00.000Z,17.7063921238,0.0130939019824698,75.0834504234,67.148170684037,True,discovery,False,True,True,False,True,False
XLI,2004-01-30T00:00:00.000Z,17.6736993762,0.0100896861000321,75.0834504234,67.230174540525,True,discovery,False,True,True,False,True,False
XLI,2004-02-02T00:00:00.000Z,17.6410066285,0.0089753178706823,75.4076550372,67.31879966743,True,discovery,False,True,True,False,True,False
XLI,2004-02-03T00:00:00.000Z,17.5756211333,-0.0044444444419017,75.2819412077,67.40251497139249,True,discovery,False,True,True,False,True,False
XLI,2004-02-04T00:00:00.000Z,17.4906199894,-0.0077893175072102,74.6666109104,67.4828594784065,True,discovery,False,True,True,False,True,False
XLI,2004-02-05T00:00:00.000Z,17.6540837276,0.0,74.8849550077,67.55877257287449,True,discovery,False,True,True,False,True,False
XLI,2004-02-06T00:00:00.000Z,17.7325463219,-0.0018402650013275,75.7252418799,67.63614185299849,True,discovery,False,True,True,False,True,False
XLI,2004-02-09T00:00:00.000Z,17.6867764752,0.0055762081766737,75.7450951929,67.716290269299,True,discovery,False,True,True,False,True,False
XLI,2004-02-10T00:00:00.000Z,17.6736993762,0.0014820303807725,75.9899004494,67.8013557008985,True,discovery,False,True,True,False,True,False
XLI,2004-02-11T00:00:00.000Z,17.8698558621,0.016741071428908,76.7971083914,67.88535888399849,True,discovery,False,True,True,False,True,False
XLI,2004-02-12T00:00:00.000Z,17.856778763,0.0022018348639341,76.5192189115,67.9669268156485,True,discovery,False,True,True,False,True,False
XLI,2004-02-13T00:00:00.000Z,17.7717776191,-0.0040307805047823,76.1751603232,68.047428072084,True,discovery,False,True,True,False,True,False
XLI,2004-02-17T00:00:00.000Z,17.9090871592,-0.0147482014400383,76.8632715451,68.13140257254199,True,discovery,False,True,True,False,True,False
XLI,2004-02-18T00:00:00.000Z,17.8175474658,-0.0076474872539992,76.5258366825,68.20940864816,True,discovery,False,True,True,False,True,False
XLI,2004-02-19T00:00:00.000Z,17.6802379257,-0.0220614828235272,76.24132877,68.286580448994,True,discovery,False,True,True,False,True,False
XLI,2004-02-20T00:00:00.000Z,17.6475451781,-0.0192587209289341,76.0097491308,68.3597183741525,True,discovery,False,True,True,False,True,False
XLI,2004-02-23T00:00:00.000Z,17.5821596828,-0.0193289569644288,75.817871486,68.4335963590095,True,discovery,False,True,True,False,True,False
XLI,2004-02-24T00:00:00.000Z,17.5821596828,-0.031688872882823,75.6855445171,68.5098847649565,True,discovery,False,True,True,False,True,False
XLI,2004-02-25T00:00:00.000Z,17.5363898361,-0.0247272727242999,76.003136653,68.58357789577249,True,discovery,False,True,True,False,True,False
XLI,2004-02-26T00:00:00.000Z,17.5494669351,-0.0084964905821797,76.0494511252,68.653744260252,True,discovery,False,True,True,False,True,False
XLI,2004-02-27T00:00:00.000Z,17.5429283856,-0.0092319054642577,76.1023793985,68.7247308429635,True,discovery,False,True,True,False,True,False
XLI,2004-03-01T00:00:00.000Z,17.634468079,-0.0022197558284162,76.8566590672,68.800142441746,True,discovery,False,True,True,False,True,False
XLI,2004-03-02T00:00:00.000Z,17.5756211333,-0.0037064492166998,76.4067399624,68.871343565678,True,discovery,False,True,True,False,True,False
XLI,2004-03-03T00:00:00.000Z,17.5690825837,-0.0003720238135773,76.5456847023,68.944023759811,True,discovery,False,True,True,False,True,False
XLI,2004-03-04T00:00:00.000Z,17.634468079,0.0082242990635654,76.7441754866,69.0249516767335,True,discovery,False,True,True,False,True,False
XLI,2004-03-05T00:00:00.000Z,17.6736993762,0.0011111111118915,77.002216285,69.107790753607,True,discovery,False,True,True,False,True,False
XLI,2004-03-08T00:00:00.000Z,17.3729260979,-0.0202802359836986,76.0626820357,69.18531120327499,True,discovery,False,True,True,False,True,False
XLI,2004-03-09T00:00:00.000Z,17.2552322063,-0.0243992606287019,75.7583261033,69.258303193172,True,discovery,False,True,True,False,True,False
XLI,2004-03-10T00:00:00.000Z,16.9348432794,-0.0418054014087717,74.4879694693,69.324322447208,True,discovery,False,True,True,False,True,False
XLI,2004-03-11T00:00:00.000Z,16.6798398478,-0.0665934870142904,73.5219687675,69.3801519519765,True,discovery,False,True,True,False,True,False
XLI,2004-03-12T00:00:00.000Z,16.9675360271,-0.0497986085677754,74.4879694693,69.43992907615899,True,discovery,False,True,True,False,True,False
XLI,2004-03-15T00:00:00.000Z,16.7583024422,-0.0570272258983692,73.5748963792,69.4959578693055,True,discovery,False,True,True,False,True,False
XLI,2004-03-16T00:00:00.000Z,16.9479203785,-0.0536692223425938,73.9652694398,69.548938280407,True,discovery,False,True,True,False,True,False
XLI,2004-03-17T00:00:00.000Z,17.1571539634,-0.0370642201833668,74.7923254016,69.6047467129865,True,discovery,False,True,True,False,True,False
XLI,2004-03-18T00:00:00.000Z,17.176769612,-0.0284763313602333,74.812174083,69.6593471273735,True,discovery,False,True,True,False,True,False
XLI,2004-03-19T00:00:00.000Z,16.9615990241,-0.0388692108209608,73.7434576623,69.7039958724875,True,discovery,False,True,True,False,True,False
XLI,2004-03-22T00:00:00.000Z,16.7319448787,-0.0483566762808858,72.8072251555,69.7423620741515,True,discovery,False,True,True,False,True,False
XLI,2004-03-23T00:00:00.000Z,16.6860140496,-0.0509690305040664,72.6810638154,69.78137204280151,True,discovery,False,True,True,False,True,False
XLI,2004-03-24T00:00:00.000Z,16.6860140496,-0.0484920667507878,72.7408261626,69.8239816487575,True,discovery,False,True,True,False,True,False
XLI,2004-03-25T00:00:00.000Z,16.9615990241,-0.0334977645289172,73.7036191961,69.8681370822235,True,discovery,False,True,True,False,True,False
XLI,2004-03-26T00:00:00.000Z,17.0534606823,-0.0279011401370011,73.7235384292,69.9089605575105,True,discovery,False,True,True,False,True,False
XLI,2004-03-29T00:00:00.000Z,17.2568686396,-0.0214125789169487,74.7593710854,69.9539500799405,True,discovery,False,True,True,False,True,False
XLI,2004-03-30T00:00:00.000Z,17.3618533918,-0.0121627417818526,75.0116931017,70.003632766797,True,discovery,False,True,True,False,True,False
XLI,2004-03-31T00:00:00.000Z,17.3290456567,-0.013662462217731,75.0980106637,70.046883932774,True,discovery,False,True,True,False,True,False
XLI,2004-04-01T00:00:00.000Z,17.4274688619,-0.0117383306472683,75.5495289949,70.092392690407,True,discovery,False,True,True,False,True,False
XLI,2004-04-02T00:00:00.000Z,17.6243152723,-0.0027942143208853,76.1205660445,70.1410507787495,True,discovery,False,True,True,False,True,False
XLI,2004-04-05T00:00:00.000Z,17.8342847766,0.0265561872594259,76.5388825552,70.196866072819,True,discovery,False,True,True,False,True,False
XLI,2004-04-06T00:00:00.000Z,17.8211616826,0.0327975578383334,76.2932071445,70.252171146745,True,discovery,False,True,True,False,True,False
XLI,2004-04-07T00:00:00.000Z,17.7817924005,0.0500122207880278,76.1139247508,70.3099253987965,True,discovery,True,True,True,True,True,True
XLI,2004-04-08T00:00:00.000Z,17.6833691954,0.06016420761572,75.9412896268,70.3664884807655,True,discovery,True,True,True,True,True,True
XLI,2004-04-12T00:00:00.000Z,17.8605309647,0.0526296178875789,76.240086091,70.42779271614751,True,discovery,True,True,True,True,True,True
XLI,2004-04-13T00:00:00.000Z,17.5849459902,0.0493274035870354,75.1710509504,70.47958619137549,True,discovery,False,True,True,False,True,False
XLI,2004-04-14T00:00:00.000Z,17.5718228962,0.0368129247581006,75.2905703328,70.535716434501,True,discovery,False,True,True,False,True,False
XLI,2004-04-15T00:00:00.000Z,17.6243152723,0.0272283684051888,75.005051808,70.590517507285,True,discovery,False,True,True,False,True,False
XLI,2004-04-16T00:00:00.000Z,17.7817924005,0.0352233162676478,75.5827308153,70.6452549888625,True,discovery,False,True,True,False,True,False
XLI,2004-04-19T00:00:00.000Z,17.6833691954,0.0425531914929995,75.5827308153,70.69592530499149,True,discovery,False,True,True,False,True,False
XLI,2004-04-20T00:00:00.000Z,17.506207426,0.0462745098022434,74.3144947119,70.7436328140725,True,discovery,False,True,True,False,True,False
XLI,2004-04-21T00:00:00.000Z,17.6177537252,0.0558395595754839,74.8124921389,70.7874015578135,True,discovery,True,True,True,True,True,True
XLI,2004-04-22T00:00:00.000Z,18.0048849989,0.0790405033448724,75.8616080465,70.834939874851,True,discovery,True,True,True,True,True,True
XLI,2004-04-23T00:00:00.000Z,17.9261464348,0.0568665377202655,75.9346483331,70.884712980454,True,discovery,True,True,True,True,True,True
XLI,2004-04-26T00:00:00.000Z,17.8342847766,0.0457868410902913,75.828406226,70.938153243347,True,discovery,False,True,True,False,True,False
XLI,2004-04-27T00:00:00.000Z,17.8474078706,0.0342205323186426,75.8948098669,70.98884236206399,True,discovery,False,True,True,False,True,False
XLI,2004-04-28T00:00:00.000Z,17.6111921782,0.0143613000739748,74.9120929523,71.0330106908695,True,discovery,False,True,True,False,True,False
XLI,2004-04-29T00:00:00.000Z,17.45371505,0.0071942446092982,74.2547376767,71.0746138416105,True,discovery,False,True,True,False,True,False
XLI,2004-04-30T00:00:00.000Z,17.3224841097,-0.0060240963866828,73.6770586694,71.115263797116,True,discovery,False,True,True,False,True,False
XLI,2004-05-03T00:00:00.000Z,17.5193305201,-0.0059568131060957,74.4672165789,71.164522103554,True,discovery,False,True,True,False,True,False
XLI,2004-05-04T00:00:00.000Z,17.5915075372,-0.0136129506981151,74.4074542316,71.2101688144955,True,discovery,False,True,True,False,True,False
XLI,2004-05-05T00:00:00.000Z,17.6046306312,-0.01215022091469,74.8855324256,71.262240298481,True,discovery,False,True,True,False,True,False
XLI,2004-05-06T00:00:00.000Z,17.5127689731,-0.0151291512880578,74.2414550893,71.3081722191555,True,discovery,False,True,True,False,True,False
XLI,2004-05-07T00:00:00.000Z,17.2043762635,-0.027087198520099,73.0130621,71.347732576464,True,discovery,False,True,True,False,True,False
XLI,2004-05-10T00:00:00.000Z,16.9550374771,-0.0506980161670244,72.2627479687,71.38600134618551,True,discovery,False,True,True,False,True,False
XLI,2004-05-11T00:00:00.000Z,17.0600222293,-0.0298507462685719,72.8736234845,71.421617316365,True,discovery,False,True,True,False,True,False
XLI,2004-05-12T00:00:00.000Z,17.2043762635,-0.0209111277111416,73.338419091,71.4607708627845,True,discovery,False,True,True,False,True,False
XLI,2004-05-13T00:00:00.000Z,17.2043762635,-0.0238272524243829,73.0329813331,71.49990600675049,True,discovery,False,True,True,False,True,False
XLI,2004-05-14T00:00:00.000Z,17.1715685285,-0.0343173431708065,73.0661831536,71.53999434784099,True,discovery,False,True,True,False,True,False
XLI,2004-05-17T00:00:00.000Z,16.9812836651,-0.0397031539941288,72.4420243864,71.5762075166875,True,discovery,False,True,True,False,True,False
XLI,2004-05-18T00:00:00.000Z,17.1518838874,-0.0202398800595589,72.8072251555,71.6171330596745,True,discovery,False,True,True,False,True,False
XLI,2004-05-19T00:00:00.000Z,17.1256376994,-0.0279329608913814,72.5549031392,71.65679699258,True,discovery,False,True,True,False,True,False
XLI,2004-05-20T00:00:00.000Z,17.0862684173,-0.0510204081645687,72.7873059224,71.70447810534151,True,discovery,False,True,True,False,True,False
XLI,2004-05-21T00:00:00.000Z,17.2043762635,-0.0402635431951414,72.9134619506,71.7509531944855,True,discovery,False,True,True,False,True,False
XLI,2004-05-24T00:00:00.000Z,17.3356072038,-0.027961736567889,73.2188997085,71.7956099052845,True,discovery,False,True,True,False,True,False
XLI,2004-05-25T00:00:00.000Z,17.5849459902,-0.0147058823501396,74.2680149521,71.8445938019025,True,discovery,False,True,True,False,True,False
XLI,2004-05-26T00:00:00.000Z,17.6243152723,0.0007451564872618,74.5269736141,71.893658890343,True,discovery,False,True,True,False,True,False
XLI,2004-05-27T00:00:00.000Z,17.7489846655,0.016917293232652,74.9452947728,71.94186360161349,True,discovery,False,True,True,False,True,False
XLI,2004-05-28T00:00:00.000Z,17.7489846655,0.0246212121251809,74.9386534791,71.9917079014625,True,discovery,False,True,True,False,True,False
XLI,2004-06-01T00:00:00.000Z,17.7489846655,0.0131086142325198,74.8390526657,72.0401686131795,True,discovery,False,True,True,False,True,False
XLI,2004-06-02T00:00:00.000Z,17.9130233407,0.0182767623991353,75.1179298968,72.08900690165,True,discovery,False,True,True,False,True,False
XLI,2004-06-03T00:00:00.000Z,17.7817924005,0.0100633619080892,74.4273728007,72.13157162405399,True,discovery,False,True,True,False,True,False
XLI,2004-06-04T00:00:00.000Z,17.8802156057,0.0209816410622676,75.0183343954,72.1758447695695,True,discovery,False,True,True,False,True,False
XLI,2004-06-07T00:00:00.000Z,18.1886083152,0.0572082379869882,76.1604045107,72.227173069526,True,discovery,True,True,True,True,True,True
XLI,2004-06-08T00:00:00.000Z,18.2279775973,0.0750773993817044,76.2666466178,72.2779829872415,True,discovery,True,True,True,True,True,True
XLI,2004-06-09T00:00:00.000Z,18.070500469,0.0592307692286906,75.5561702886,72.328520500737,True,discovery,True,True,True,True,True,True
XLI,2004-06-10T00:00:00.000Z,18.1951698622,0.0575896262395763,75.9280063754,72.38039238843851,True,discovery,True,True,True,True,True,True
XLI,2004-06-14T00:00:00.000Z,18.0967466571,0.051868802444946,75.1776922441,72.42792230626699,True,discovery,True,True,True,True,True,True
XLI,2004-06-15T00:00:00.000Z,18.2607853323,0.0634314100073154,75.7088868435,72.47800980432949,True,discovery,True,True,True,True,True,True
XLI,2004-06-16T00:00:00.000Z,18.3067161614,0.0780525502335276,75.6956089041,72.525997316851,True,discovery,True,True,True,True,True,True
XLI,2004-06-17T00:00:00.000Z,18.3198392554,0.0680948737565787,75.5827308153,72.571190054279,True,discovery,True,True,True,True,True,True
XLI,2004-06-18T00:00:00.000Z,18.4233804673,0.0757777777784862,75.724663402,72.61263168206101,True,discovery,True,True,True,True,True,True
XLI,2004-06-21T00:00:00.000Z,18.3510545625,0.0740235441882319,75.4381052209,72.650803738139,True,discovery,True,True,True,True,True,True
XLI,2004-06-22T00:00:00.000Z,18.522006701,0.0765869344705871,75.8179614145,72.69071106647401,True,discovery,True,True,True,True,True,True
XLI,2004-06-23T00:00:00.000Z,18.7850099911,0.0836084234178016,76.471049501,72.73578622870849,True,discovery,True,True,True,True,True,True
XLI,2004-06-24T00:00:00.000Z,18.7455594976,0.066000402164829,76.2311396597,72.776873867484,True,discovery,True,True,True,True,True,True
XLI,2004-06-25T00:00:00.000Z,18.7192591686,0.0621268900029787,75.8646097543,72.8183592413825,True,discovery,True,True,True,True,True,True
XLI,2004-06-28T00:00:00.000Z,18.5811824413,0.0468870637663914,75.6047088146,72.86195629038549,True,discovery,False,True,True,False,True,False
XLI,2004-06-29T00:00:00.000Z,18.7258342508,0.0550369276727571,75.9179242371,72.90613541343299,True,discovery,True,True,True,True,True,True
XLI,2004-06-30T00:00:00.000Z,18.8441857313,0.061704998141602,76.3244376721,72.9517239243445,True,discovery,True,True,True,True,True,True
XLI,2004-07-01T00:00:00.000Z,18.5614571946,0.03619901797519,75.2648408155,72.9931952461265,True,discovery,False,True,True,False,True,False
XLI,2004-07-02T00:00:00.000Z,18.4036552205,0.0349718861852483,75.224852621,73.0295794408915,True,discovery,False,True,True,False,True,False
XLI,2004-07-06T00:00:00.000Z,18.364204727,0.0270684163979382,74.5651037228,73.0633209030505,True,discovery,False,True,True,False,True,False
XLI,2004-07-07T00:00:00.000Z,18.3970801383,0.0114616698258207,74.7850217993,73.0941603798525,True,discovery,False,True,True,False,True,False
XLI,2004-07-08T00:00:00.000Z,18.2918788223,0.0035056672995616,74.2652192534,73.124139035162,True,discovery,False,True,True,False,True,False
XLI,2004-07-09T00:00:00.000Z,18.443105714,0.0206195310218002,74.4584800885,73.158771729136,True,discovery,False,True,True,False,True,False
XLI,2004-07-12T00:00:00.000Z,18.469406043,0.0150719219923149,74.4917981416,73.19228688910451,True,discovery,False,True,True,False,True,False
XLI,2004-07-13T00:00:00.000Z,18.5088565365,0.0227725948320283,74.5451126244,73.2320941464255,True,discovery,False,True,True,False,True,False
XLI,2004-07-14T00:00:00.000Z,18.4759811253,0.011784585880836,74.3185290713,73.2735013794325,True,discovery,False,True,True,False,True,False
XLI,2004-07-15T00:00:00.000Z,18.5680322768,0.0142743304203836,73.83871472,73.31359611674549,True,discovery,False,True,True,False,True,False
XLI,2004-07-16T00:00:00.000Z,18.495706372,0.0095998176702429,73.7787347606,73.3501641623,True,discovery,False,True,True,False,True,False
XLI,2004-07-19T00:00:00.000Z,18.416805385,-0.0003568879398474,73.4655193381,73.3883929227035,True,discovery,False,True,True,False,True,False
XLI,2004-07-20T00:00:00.000Z,18.5285817833,0.0096739519898096,74.3985001291,73.42427325851949,True,discovery,False,True,True,False,True,False
XLI,2004-07-21T00:00:00.000Z,18.28530374,-0.0127795527137575,73.0256885164,73.45207127786699,True,discovery,False,False,True,False,False,False
XLI,2004-07-22T00:00:00.000Z,18.1735273417,-0.0325516275844255,73.2256094968,73.47777381883901,True,discovery,False,False,True,False,False,False
XLI,2004-07-23T00:00:00.000Z,18.0880512725,-0.0350754121360944,72.6125096048,73.4988633154195,True,discovery,False,False,True,False,False,False
XLI,2004-07-26T00:00:00.000Z,18.0288755322,-0.0368809272942842,72.4725632526,73.5179360230345,True,discovery,False,False,True,False,False,False
XLI,2004-07-27T00:00:00.000Z,18.2129778353,-0.0198159943353013,73.1523039155,73.541263525592,True,discovery,False,False,True,False,False,False
XLI,2004-07-28T00:00:00.000Z,18.3247542335,-0.0214185393253101,73.3722213256,73.5647686807545,True,discovery,False,False,True,False,False,False
XLI,2004-07-29T00:00:00.000Z,18.3444794803,-0.0265177948320682,73.6854374146,73.5888850489835,True,discovery,False,True,True,False,True,False
XLI,2004-07-30T00:00:00.000Z,18.3181791513,-0.0131066241593776,73.8653666301,73.6128144872275,True,discovery,False,True,True,False,True,False
XLI,2004-08-02T00:00:00.000Z,18.4036552205,0.0,74.0186446019,73.6362920569255,True,discovery,False,True,True,False,True,False
XLI,2004-08-03T00:00:00.000Z,18.3050289868,-0.003222341565001,73.4455275733,73.657825975926,True,discovery,False,False,True,False,False,False
XLI,2004-08-04T00:00:00.000Z,18.3050289868,-0.0050035739806538,73.4388620967,73.6779436411805,True,discovery,False,False,True,False,False,False
XLI,2004-08-05T00:00:00.000Z,17.9302492985,-0.0197699496761988,72.2393195542,73.69585013030351,True,discovery,False,False,True,False,False,False
XLI,2004-08-06T00:00:00.000Z,17.5620446924,-0.0477718360054291,71.2063746077,73.706023642859,True,discovery,False,False,True,False,False,False
XLI,2004-08-09T00:00:00.000Z,17.6014951859,-0.0469918120311694,71.3063380968,73.71728964712051,True,discovery,False,False,True,False,False,False
XLI,2004-08-10T00:00:00.000Z,17.8973738872,-0.0330373001754127,72.2259879347,73.73750017847951,True,discovery,False,False,True,False,False,False
XLI,2004-08-11T00:00:00.000Z,17.8776486404,-0.0323843416402214,72.0793814371,73.7576032878365,True,discovery,False,False,True,False,False,False
XLI,2004-08-12T00:00:00.000Z,17.6146453504,-0.0513456090654914,71.2930118085,73.77301722988099,True,discovery,False,False,True,False,False,False
XLI,2004-08-13T00:00:00.000Z,17.5817699392,-0.0494134376064477,71.4329581608,73.788966288411,True,discovery,False,False,True,False,False,False
XLI,2004-08-16T00:00:00.000Z,17.9105240517,-0.0274901820764393,72.1726787832,73.803971321844,True,discovery,False,False,True,False,False,False
XLI,2004-08-17T00:00:00.000Z,17.8973738872,-0.0340667139817962,72.5791922182,73.820547956876,True,discovery,False,False,True,False,False,False
XLI,2004-08-18T00:00:00.000Z,18.180102424,-0.0057533261408103,73.3255729858,73.840132109509,True,discovery,False,False,True,False,False,False
XLI,2004-08-19T00:00:00.000Z,17.9631247097,-0.0115774240214349,73.1123203859,73.858979259328,True,discovery,False,False,True,False,False,False
XLI,2004-08-20T00:00:00.000Z,18.1406519305,0.0029080334419424,73.6254621201,73.87812021628349,True,discovery,False,False,True,False,False,False
XLI,2004-08-23T00:00:00.000Z,18.1340768482,0.0058351568189656,73.4388620967,73.89708546595051,True,discovery,False,False,True,False,False,False
XLI,2004-08-24T00:00:00.000Z,18.1472270127,-0.0036101083081846,73.5388249193,73.916287138704,True,discovery,False,False,True,False,False,False
XLI,2004-08-25T00:00:00.000Z,18.3444794803,0.0010764262673679,74.0386357004,73.936143970131,True,discovery,False,True,True,False,True,False
XLI,2004-08-26T00:00:00.000Z,18.3510545625,0.0003584229362878,74.0386357004,73.958601986326,True,discovery,False,True,True,False,True,False
XLI,2004-08-27T00:00:00.000Z,18.3444794803,0.0014357501792492,74.2718800651,73.9836420605925,True,discovery,False,True,True,False,True,False
XLI,2004-08-30T00:00:00.000Z,18.2458532465,-0.008574490888322,73.6587801732,74.00571540785751,True,discovery,False,False,True,False,False,False
XLI,2004-08-31T00:00:00.000Z,18.3313293158,0.0014367816089757,74.0453018433,74.0258360544335,True,discovery,False,True,True,False,True,False
XLI,2004-09-01T00:00:00.000Z,18.337904398,0.0017959770084881,74.1852481956,74.0465576570205,True,discovery,False,True,True,False,True,False
XLI,2004-09-02T00:00:00.000Z,18.5877575236,0.0366703336999896,75.0249316406,74.074441054719,True,discovery,False,True,True,False,True,False
XLI,2004-09-03T00:00:00.000Z,18.5351568655,0.0554099588142555,74.7183816947,74.102536795828,True,discovery,True,True,True,True,True,True
XLI,2004-09-07T00:00:00.000Z,18.6732335928,0.0608890549115699,75.2115269991,74.13668724853851,True,discovery,True,True,True,True,True,True
XLI,2004-09-08T00:00:00.000Z,18.6403581816,0.0415135929484813,75.0249316406,74.167007189388,True,discovery,False,True,True,False,True,False
XLI,2004-09-09T00:00:00.000Z,18.5943326058,0.0400882677479426,74.9582908696,74.20008900965999,True,discovery,False,True,True,False,True,False
XLI,2004-09-10T00:00:00.000Z,18.6469332638,0.0586039566999605,75.3448078748,74.233687582003,True,discovery,True,True,True,True,True,True
XLI,2004-09-13T00:00:00.000Z,18.6666585106,0.0617053103954654,75.5913825263,74.2639752014865,True,discovery,True,True,True,True,True,True
XLI,2004-09-14T00:00:00.000Z,18.7126840863,0.044787077825557,75.7446604982,74.2937121503325,True,discovery,False,True,True,False,True,False
XLI,2004-09-15T00:00:00.000Z,18.5417319478,0.0360029390155858,75.1715434695,74.319332296356,True,discovery,False,True,True,False,True,False
XLI,2004-09-16T00:00:00.000Z,18.6600834283,0.0264014466533677,75.3981216912,74.34582194246151,True,discovery,False,True,True,False,True,False
XLI,2004-09-17T00:00:00.000Z,18.8629773164,0.0500944363100748,75.7171895648,74.3701203946465,True,discovery,True,True,True,True,True,True
XLI,2004-09-20T00:00:00.000Z,18.7640110136,0.0343625513288166,75.2621496734,74.393032645594,True,discovery,False,True,True,False,True,False
XLI,2004-09-21T00:00:00.000Z,18.8365863023,0.0387397417569526,75.5900442452,74.41814411072751,True,discovery,False,True,True,False,True,False
XLI,2004-09-22T00:00:00.000Z,18.5726761615,0.0234443063120473,74.6465097111,74.437089163644,True,discovery,False,True,True,False,True,False
XLI,2004-09-23T00:00:00.000Z,18.3945368164,0.00272874115364,74.2450005,74.456496146589,True,discovery,False,False,True,False,False,False
XLI,2004-09-24T00:00:00.000Z,18.4605143516,0.0059647683312804,74.586281255,74.47523882968301,True,discovery,False,True,True,False,True,False
XLI,2004-09-27T00:00:00.000Z,18.3153637742,-0.0015871644726286,74.1111674422,74.4943388371645,True,discovery,False,False,True,False,False,False
XLI,2004-09-28T00:00:00.000Z,18.5001008728,0.0139345429816373,74.4658296962,74.515245065801,True,discovery,False,False,True,False,False,False
XLI,2004-09-29T00:00:00.000Z,18.566078408,0.0128058957512515,74.8405658717,74.534073823458,True,discovery,False,True,True,False,True,False
XLI,2004-09-30T00:00:00.000Z,18.7244244925,0.0210776589358898,74.7870358606,74.5519434810485,True,discovery,False,True,True,False,True,False
XLI,2004-10-01T00:00:00.000Z,18.9883346333,0.0215505882940103,76.0517772282,74.57791487155049,True,discovery,False,True,True,False,True,False
XLI,2004-10-04T00:00:00.000Z,18.9685413728,0.0233817555710398,76.1789165252,74.602678063305,True,discovery,False,True,True,False,True,False
XLI,2004-10-05T00:00:00.000Z,18.8893683305,0.011574574731574,76.2190710599,74.626522545079,True,discovery,False,True,True,False,True,False
XLI,2004-10-06T00:00:00.000Z,19.0873009361,0.023977154845725,76.7410264765,74.648959786213,True,discovery,False,True,True,False,True,False
XLI,2004-10-07T00:00:00.000Z,18.8695750699,0.0148024922397134,75.917938817,74.6682838967095,True,discovery,False,True,True,False,True,False
XLI,2004-10-08T00:00:00.000Z,18.717826739,0.0038018838914186,75.2889173557,74.6819486431595,True,discovery,False,True,True,False,True,False
XLI,2004-10-11T00:00:00.000Z,18.7376199995,0.0038015099949304,75.5967373368,74.69692091715349,True,discovery,False,True,True,False,True,False
XLI,2004-10-12T00:00:00.000Z,18.731022246,0.0009799855336318,75.3022988547,74.7107849033605,True,discovery,False,True,True,False,True,False
XLI,2004-10-13T00:00:00.000Z,18.5132963798,-0.0015335982679531,74.6398166195,74.72107184033301,True,discovery,False,False,True,False,False,False
XLI,2004-10-14T00:00:00.000Z,18.4341233376,-0.0121092754792996,74.037557487,74.7235174516685,True,discovery,False,False,True,False,False,False
XLI,2004-10-15T00:00:00.000Z,18.566078408,-0.0157397691477827,74.4524481972,74.727971365311,True,discovery,False,False,True,False,False,False
XLI,2004-10-18T00:00:00.000Z,18.6188604361,-0.007735583687027,74.7335004961,74.73349972137152,True,discovery,False,True,True,False,True,False
XLI,2004-10-19T00:00:00.000Z,18.4539165981,-0.0203152364265319,74.1044743505,74.7360483446635,True,discovery,False,False,True,False,False,False
XLI,2004-10-20T00:00:00.000Z,18.40113457,-0.0092362344558396,73.9572551095,74.7338579242035,True,discovery,False,False,True,False,False,False
XLI,2004-10-21T00:00:00.000Z,18.4935031192,0.00538020086006,74.4390620139,74.733712630334,True,discovery,False,False,True,False,False,False
XLI,2004-10-22T00:00:00.000Z,18.3285592812,-0.007147962829571,73.6025928554,74.7281278755345,True,discovery,False,False,True,False,False,False
XLI,2004-10-25T00:00:00.000Z,18.3285592812,0.0007204610928113,73.5156020705,74.72061947600399,True,discovery,False,False,True,False,False,False
XLI,2004-10-26T00:00:00.000Z,18.6056649291,0.0057061340922313,74.6398166195,74.72200728421099,True,discovery,False,False,True,False,False,False
XLI,2004-10-27T00:00:00.000Z,18.8695750699,0.0163468372388877,75.5365088807,74.725132721314,True,discovery,False,True,True,False,True,False
XLI,2004-10-28T00:00:00.000Z,18.8299885488,0.0056377730777403,75.7640311685,74.73157920752,True,discovery,False,True,True,False,True,False
XLI,2004-10-29T00:00:00.000Z,18.9157593446,-0.0038220986780337,75.7506449853,74.73484902577701,True,discovery,False,True,True,False,True,False
XLI,2004-11-01T00:00:00.000Z,18.9751391263,0.0003478260858507,75.9580926825,74.738229783151,True,discovery,False,True,True,False,True,False
XLI,2004-11-02T00:00:00.000Z,18.9949323868,0.0055885434839844,75.9848603647,74.740255664972,True,discovery,False,True,True,False,True,False
XLI,2004-11-03T00:00:00.000Z,19.2060604995,0.0062219149683646,76.941781082,74.747165416944,True,discovery,False,True,True,False,True,False
XLI,2004-11-04T00:00:00.000Z,19.5227526685,0.0346153846167909,77.9923863451,74.756350790461,True,discovery,False,True,True,False,True,False
XLI,2004-11-05T00:00:00.000Z,19.6745009995,0.0511103278088742,78.4808816569,74.76897109115,True,discovery,True,True,True,True,True,True
XLI,2004-11-08T00:00:00.000Z,19.7272830277,0.0528169014115136,78.3671231897,74.78224665225099,True,discovery,True,True,True,True,True,True
XLI,2004-11-09T00:00:00.000Z,19.7998583164,0.0570623458966983,78.2132101879,74.78998879607849,True,discovery,True,True,True,True,True,True
XLI,2004-11-10T00:00:00.000Z,19.8592380981,0.0727013542422714,78.273438644,74.80196887848899,True,discovery,True,True,True,True,True,True
XLI,2004-11-11T00:00:00.000Z,20.0901594713,0.0898353614854139,78.8690046848,74.821260554419,True,discovery,True,True,True,True,True,True
XLI,2004-11-12T00:00:00.000Z,20.16273476,0.0859985785319108,79.4913377387,74.84329999099549,True,discovery,True,True,True,True,True,True
XLI,2004-11-15T00:00:00.000Z,20.149539253,0.082211197734324,79.6860824807,74.866313151282,True,discovery,True,True,True,True,True,True
XLI,2004-11-16T00:00:00.000Z,20.0175841826,0.0847336431910066,79.1155977968,74.88485286507999,True,discovery,True,True,True,True,True,True
XLI,2004-11-17T00:00:00.000Z,20.16273476,0.0957332377141568,79.5854087524,74.9063702028035,True,discovery,True,True,True,True,True,True
XLI,2004-11-18T00:00:00.000Z,20.2748965699,0.0963253656821001,79.6927906621,74.93150110156199,True,discovery,True,True,True,True,True,True
XLI,2004-11-19T00:00:00.000Z,20.0307796896,0.0928725701941015,78.8068677595,74.951110665321,True,discovery,True,True,True,True,True,True
XLI,2004-11-22T00:00:00.000Z,20.0769639643,0.0953923686131388,79.1827171952,74.9683980418975,True,discovery,True,True,True,True,True,True
XLI,2004-11-23T00:00:00.000Z,20.0439751967,0.077304964540688,79.3035255348,74.986190193607,True,discovery,True,True,True,True,True,True
XLI,2004-11-24T00:00:00.000Z,20.136343746,0.0671328671370401,79.4914472325,75.0036979275225,True,discovery,True,True,True,True,True,True
XLI,2004-11-26T00:00:00.000Z,20.136343746,0.0693763139480641,79.4310407136,75.0168675891335,True,discovery,True,True,True,True,True,True
XLI,2004-11-29T00:00:00.000Z,20.0571707037,0.0603418207171178,79.068617708,75.029614583116,True,discovery,True,True,True,True,True,True
XLI,2004-11-30T00:00:00.000Z,20.1033549784,0.0594575799729586,79.1223106763,75.04435033488149,True,discovery,True,True,True,True,True,True
XLI,2004-12-01T00:00:00.000Z,20.4398404079,0.076068079194854,80.0216593377,75.0601422738445,True,discovery,True,True,True,True,True,True
XLI,2004-12-02T00:00:00.000Z,20.3738628727,0.0608038474746239,80.088774038,75.077956960622,True,discovery,True,True,True,True,True,True
XLI,2004-12-03T00:00:00.000Z,20.3804606262,0.0439337614046564,80.0350803985,75.09692571876451,True,discovery,False,True,True,False,True,False
XLI,2004-12-06T00:00:00.000Z,20.2682988164,0.0301810865198102,80.0082335788,75.1169181410045,True,discovery,False,True,True,False,True,False
XLI,2004-12-07T00:00:00.000Z,20.1033549784,0.0190635451507406,79.2632522851,75.134145045,True,discovery,False,True,True,False,True,False
XLI,2004-12-08T00:00:00.000Z,20.1561370065,0.0179940019977262,79.7263503612,75.1543490742205,True,discovery,False,True,True,False,True,False
XLI,2004-12-09T00:00:00.000Z,20.2814943234,0.021262458469663,80.0082335788,75.17437455884951,True,discovery,False,True,True,False,True,False
XLI,2004-12-10T00:00:00.000Z,20.3540696122,0.0131362890014392,80.088774038,75.19457117341351,True,discovery,False,True,True,False,True,False
XLI,2004-12-13T00:00:00.000Z,20.5783932319,0.0206151832500722,80.7867745717,75.2179931492795,True,discovery,False,True,True,False,True,False
XLI,2004-12-14T00:00:00.000Z,20.617979753,0.0232481990837709,81.0686577893,75.23905314289,True,discovery,False,True,True,False,True,False
XLI,2004-12-15T00:00:00.000Z,20.6443707671,0.0313117996049105,81.1290589389,75.2626647377725,True,discovery,False,True,True,False,True,False
XLI,2004-12-16T00:00:00.000Z,20.5256112037,0.0179973822013417,81.0820788501,75.28534670851151,True,discovery,False,True,True,False,True,False
XLI,2004-12-17T00:00:00.000Z,20.5033767743,0.0112691181240944,80.5437424292,75.3043445432245,True,discovery,False,True,True,False,True,False
XLI,2004-12-20T00:00:00.000Z,20.5166389844,0.0242556356931158,80.5639720984,75.3221533222915,True,discovery,False,True,True,False,True,False
XLI,2004-12-21T00:00:00.000Z,20.62936777,0.0275143097672667,81.1843679516,75.347761751871,True,discovery,False,True,True,False,True,False
XLI,2004-12-22T00:00:00.000Z,20.6956788204,0.0325136913862922,81.3799286135,75.375869764422,True,discovery,False,True,True,False,True,False
XLI,2004-12-23T00:00:00.000Z,20.7222032406,0.0290946311798225,81.440617621,75.4106330051805,True,discovery,False,True,True,False,True,False
XLI,2004-12-27T00:00:00.000Z,20.6028433499,0.0231670461025312,81.2720314249,75.4493833184675,True,discovery,False,True,True,False,True,False
XLI,2004-12-28T00:00:00.000Z,20.7155721355,0.0328262366375804,81.7171010058,75.48552897615,True,discovery,False,True,True,False,True,False
XLI,2004-12-29T00:00:00.000Z,20.6625232952,0.0278146765751685,81.8384837414,75.526846912961,True,discovery,False,True,True,False,True,False
XLI,2004-12-30T00:00:00.000Z,20.6757855053,0.011543392350011,81.6833817435,75.56543747447951,True,discovery,False,True,True,False,True,False
XLI,2004-12-31T00:00:00.000Z,20.6028433499,0.0112389328734916,81.5080561456,75.5990161281995,True,discovery,False,True,True,False,True,False
XLI,2005-01-03T00:00:00.000Z,20.4238035139,0.0021266883263806,81.1236796183,75.630573655876,True,discovery,False,True,True,False,True,False
XLI,2005-01-04T00:00:00.000Z,20.1718215225,-0.0047600094499267,80.1323921105,75.662518328117,True,discovery,False,True,True,False,True,False
XLI,2005-01-05T00:00:00.000Z,20.0325683167,-0.0035211367344433,79.5794293871,75.696379349275,True,discovery,False,True,True,False,True,False
XLI,2005-01-06T00:00:00.000Z,20.0988793671,-0.0028407050111604,79.9840355835,75.73289420811551,True,discovery,False,True,True,False,True,False
XLI,2005-01-07T00:00:00.000Z,20.0060438966,-0.0135813674479693,79.8693976445,75.768537065525,True,discovery,False,True,True,False,True,False
XLI,2005-01-10T00:00:00.000Z,20.078986052,-0.0135149169400067,80.2470293752,75.8012541164205,True,discovery,False,True,True,False,True,False
XLI,2005-01-11T00:00:00.000Z,19.9861505815,-0.0287798295875659,79.6940666518,75.8311067575335,True,discovery,False,True,True,False,True,False
XLI,2005-01-12T00:00:00.000Z,20.0126750016,-0.0293581019407065,79.9570611178,75.85709520769551,True,discovery,False,True,True,False,True,False
XLI,2005-01-13T00:00:00.000Z,19.8203729555,-0.0399139223421217,79.3164355954,75.878618920164,True,discovery,False,True,True,False,True,False
XLI,2005-01-14T00:00:00.000Z,19.9529950563,-0.0278976417178152,79.7345259902,75.9018014967965,True,discovery,False,True,True,False,True,False
XLI,2005-01-18T00:00:00.000Z,20.0325683167,-0.0229624838280363,80.5639720984,75.926873712314,True,discovery,False,True,True,False,True,False
XLI,2005-01-19T00:00:00.000Z,19.8734217958,-0.0313510019398926,79.7210411175,75.94487608767899,True,discovery,False,True,True,False,True,False
XLI,2005-01-20T00:00:00.000Z,19.6943819598,-0.0453230472510985,79.2355121982,75.958359235894,True,discovery,False,True,True,False,True,False
XLI,2005-01-21T00:00:00.000Z,19.5683909641,-0.0544697212438771,78.7499832789,75.970643116566,True,discovery,False,True,True,False,True,False
XLI,2005-01-24T00:00:00.000Z,19.5087110188,-0.0585600000014701,78.5948866758,75.983047926191,True,discovery,False,True,True,False,True,False
XLI,2005-01-25T00:00:00.000Z,19.6943819598,-0.0440939813341059,78.8174164087,75.9974285601005,True,discovery,False,True,True,False,True,False
XLI,2005-01-26T00:00:00.000Z,19.73416859,-0.0473751600525762,79.0534411294,76.01149533529251,True,discovery,False,True,True,False,True,False
XLI,2005-01-27T00:00:00.000Z,19.7872174303,-0.042362002568357,79.1883080633,76.03158162085701,True,discovery,False,True,True,False,True,False
XLI,2005-01-28T00:00:00.000Z,19.7673241152,-0.0439384220670659,79.1883080633,76.0510703095095,True,discovery,False,True,True,False,True,False
XLI,2005-01-31T00:00:00.000Z,20.0259372117,-0.0280012874146712,79.6805824535,76.074447962737,True,discovery,False,True,True,False,True,False
XLI,2005-02-01T00:00:00.000Z,20.085617157,-0.0165584415591266,80.186341042,76.0974660138705,True,discovery,False,True,True,False,True,False
XLI,2005-02-02T00:00:00.000Z,20.085617157,-0.0042735042744576,80.429100444,76.121697862014,True,discovery,False,True,True,False,True,False
XLI,2005-02-03T00:00:00.000Z,20.0193061066,-0.0006620324408901,80.2200549095,76.151225663002,True,discovery,False,True,True,False,True,False
XLI,2005-02-04T00:00:00.000Z,20.1917148376,0.0046189376434568,81.0764754834,76.1825455797245,True,discovery,False,True,True,False,True,False
XLI,2005-02-07T00:00:00.000Z,20.1784526275,0.0086178322806389,80.9685782948,76.20808043096599,True,discovery,False,True,True,False,True,False
XLI,2005-02-08T00:00:00.000Z,20.2911814132,0.0105680317049108,81.0629858903,76.233722118752,True,discovery,False,True,True,False,True,False
XLI,2005-02-09T00:00:00.000Z,20.078986052,0.0046449900455536,80.4560749098,76.256860462171,True,discovery,False,True,True,False,True,False
XLI,2005-02-10T00:00:00.000Z,20.1718215225,0.0079522862829319,80.7460431672,76.28111662867249,True,discovery,False,True,True,False,True,False
XLI,2005-02-11T00:00:00.000Z,20.3044436232,0.0244228839077256,81.440617621,76.31375925201601,True,discovery,False,True,True,False,True,False
XLI,2005-02-14T00:00:00.000Z,20.2845503081,0.016616816215534,81.3799286135,76.3493852067,True,discovery,False,True,True,False,True,False
XLI,2005-02-15T00:00:00.000Z,20.3508613585,0.0158887785514081,81.6833817435,76.3894168220705,True,discovery,False,True,True,False,True,False
XLI,2005-02-16T00:00:00.000Z,20.4105413038,0.0270270270272989,81.737330675,76.425767392551,True,discovery,False,True,True,False,True,False
XLI,2005-02-17T00:00:00.000Z,20.2248703628,0.026936026938181,81.0764754834,76.45911249881,True,discovery,False,True,True,False,True,False
XLI,2005-02-18T00:00:00.000Z,20.2248703628,0.0335479498495492,81.1843679516,76.49060667644,True,discovery,False,True,True,False,True,False
XLI,2005-02-22T00:00:00.000Z,19.899946216,0.0200543847731906,79.9772901127,76.519285851557,True,discovery,False,True,True,False,True,False
XLI,2005-02-23T00:00:00.000Z,19.9264706361,0.0117845117848194,80.5504825053,76.5569729535835,True,discovery,False,True,True,False,True,False
XLI,2005-02-24T00:00:00.000Z,20.2116081527,0.0241935483890582,81.0832155595,76.6010752915375,True,discovery,False,True,True,False,True,False
XLI,2005-02-25T00:00:00.000Z,20.3773857786,0.029825737265932,81.885687202,76.646135610125,True,discovery,False,True,True,False,True,False
XLI,2005-02-28T00:00:00.000Z,20.258025888,0.0248238846057404,81.3462093512,76.686174561426,True,discovery,False,True,True,False,True,False
XLI,2005-03-01T00:00:00.000Z,20.3243369383,0.0149006622484395,81.7508202681,76.72976375610101,True,discovery,False,True,True,False,True,False
XLI,2005-03-02T00:00:00.000Z,20.3840168837,0.0148563882487426,81.7103562093,76.7729846213795,True,discovery,False,True,True,False,True,False
XLI,2005-03-03T00:00:00.000Z,20.4304346189,0.0171673819731164,81.7440754715,76.819494876805,True,discovery,False,True,True,False,True,False
XLI,2005-03-04T00:00:00.000Z,20.7155721355,0.0347797283878112,82.7623374451,76.869270438253,True,discovery,False,True,True,False,True,False
XLI,2005-03-07T00:00:00.000Z,20.8150387111,0.0308702791473303,82.8027967835,76.92050990647449,True,discovery,False,True,True,False,True,False
XLI,2005-03-08T00:00:00.000Z,20.801776501,0.0308905685191394,82.4925988569,76.969036371147,True,discovery,False,True,True,False,True,False
XLI,2005-03-09T00:00:00.000Z,20.5763189297,0.0140522875772284,81.5754892754,77.012346507771,True,discovery,False,True,True,False,True,False
XLI,2005-03-10T00:00:00.000Z,20.622736665,0.0270805812400989,81.7575603442,77.0550398109495,True,discovery,False,True,True,False,True,False
XLI,2005-03-11T00:00:00.000Z,20.5696878247,0.0197238658767733,81.1843679516,77.08962157594699,True,discovery,False,True,True,False,True,False
XLI,2005-03-14T00:00:00.000Z,20.6824166103,0.0186152841276636,81.6901265401,77.125437340577,True,discovery,False,True,True,False,True,False
XLI,2005-03-15T00:00:00.000Z,20.5696878247,0.0140568813342705,81.0157817554,77.15578977549,True,discovery,False,True,True,False,True,False
XLI,2005-03-16T00:00:00.000Z,20.3309680434,-0.0009775171060115,80.3279527724,77.1827362719565,True,discovery,False,True,True,False,True,False
XLI,2005-03-17T00:00:00.000Z,20.3243369383,-0.00422352176833,80.489794172,77.21098997948799,True,discovery,False,True,True,False,True,False
XLI,2005-03-18T00:00:00.000Z,20.3486797249,0.0061216393420113,80.2518111541,77.2366593857745,True,discovery,False,True,True,False,True,False
XLI,2005-03-21T00:00:00.000Z,20.4152221701,0.0094117689698578,79.9539282676,77.264292163109,True,discovery,False,True,True,False,True,False
XLI,2005-03-22T00:00:00.000Z,20.3021000133,0.0202087881512291,79.1415286424,77.28490813434401,True,discovery,False,True,True,False,True,False
XLI,2005-03-23T00:00:00.000Z,20.1756693676,0.012505914170698,79.2092274829,77.300152249205,True,discovery,False,True,True,False,True,False
XLI,2005-03-24T00:00:00.000Z,20.2754830353,0.0031603067958483,79.3040070781,77.3153390515065,True,discovery,False,True,True,False,True,False
XLI,2005-03-28T00:00:00.000Z,20.2555203017,-0.0059804274318633,79.4190967316,77.3346536837215,True,discovery,False,True,True,False,True,False
XLI,2005-03-29T00:00:00.000Z,19.922808076,-0.0165474076227026,78.891035892,77.34946883130449,True,discovery,False,True,True,False,True,False
XLI,2005-03-30T00:00:00.000Z,20.3021000133,-0.0010941033435681,80.0080897771,77.3736208189695,True,discovery,False,True,True,False,True,False
XLI,2005-03-31T00:00:00.000Z,20.2488660572,-0.0066302352117885,79.8591486724,77.394372128114,True,discovery,False,True,True,False,True,False
XLI,2005-04-01T00:00:00.000Z,20.0558929663,-0.0183325347495797,79.5003383189,77.41339577518801,True,discovery,False,True,True,False,True,False
XLI,2005-04-04T00:00:00.000Z,20.0359302328,-0.0328082612565312,79.6357366768,77.4336608044955,True,discovery,False,True,True,False,True,False
XLI,2005-04-05T00:00:00.000Z,20.1357439005,-0.0326348089008239,80.0148611506,77.45511179323849,True,discovery,False,True,True,False,True,False
XLI,2005-04-06T00:00:00.000Z,20.142398145,-0.0316981752000027,80.2924292397,77.4793834133325,True,discovery,False,True,True,False,True,False
XLI,2005-04-07T00:00:00.000Z,20.3087542578,-0.0130035247224806,80.7257104841,77.5039221586805,True,discovery,False,True,True,False,True,False
XLI,2005-04-08T00:00:00.000Z,20.1024726779,-0.0252276890090427,79.8862294272,77.5209980583115,True,discovery,False,True,True,False,True,False
XLI,2005-04-11T00:00:00.000Z,20.142398145,-0.0207727838818687,79.9471568941,77.5395781444835,True,discovery,False,True,True,False,True,False
XLI,2005-04-12T00:00:00.000Z,20.3021000133,-0.0183884022919545,80.3601287572,77.562055739498,True,discovery,False,True,True,False,True,False
XLI,2005-04-13T00:00:00.000Z,19.9494250541,-0.0301542140982417,79.4123300972,77.581093845911,True,discovery,False,True,True,False,True,False
XLI,2005-04-14T00:00:00.000Z,19.6499840509,-0.0334949123448682,78.3765130604,77.5933867900275,True,discovery,False,True,True,False,True,False
XLI,2005-04-15T00:00:00.000Z,19.2640378691,-0.0521689377822668,77.2797732956,77.59816346814499,True,discovery,False,False,True,False,False,False
XLI,2005-04-18T00:00:00.000Z,19.3239260697,-0.0503597122296853,77.5167226221,77.60942287717799,True,discovery,False,False,True,False,False,False
XLI,2005-04-19T00:00:00.000Z,19.4104312484,-0.0492177314225663,78.1327970994,77.62396259957,True,discovery,False,True,True,False,True,False
XLI,2005-04-20T00:00:00.000Z,19.210803913,-0.0537528679094816,77.0428232921,77.6363511974165,True,discovery,False,False,True,False,False,False
XLI,2005-04-21T00:00:00.000Z,19.703218007,-0.0234168865474524,78.538996912,77.65512107298,True,discovery,False,True,True,False,True,False
XLI,2005-04-22T00:00:00.000Z,19.4902821826,-0.0387266163441308,78.2411147025,77.67500055022549,True,discovery,False,True,True,False,True,False
XLI,2005-04-25T00:00:00.000Z,19.7231807406,-0.0262812089332171,78.7556375342,77.696486337454,True,discovery,False,True,True,False,True,False
XLI,2005-04-26T00:00:00.000Z,19.470319449,-0.0227120908495368,77.9906219521,77.71398045650649,True,discovery,False,True,True,False,True,False
XLI,2005-04-27T00:00:00.000Z,19.4969364271,-0.0396591281528774,78.2952762121,77.732731274445,True,discovery,False,True,True,False,True,False
XLI,2005-04-28T00:00:00.000Z,19.2840006026,-0.047650345055096,77.3136200078,77.7477067291275,True,discovery,False,False,True,False,False,False
XLI,2005-04-29T00:00:00.000Z,19.5102449161,-0.0272063702731588,78.3629750525,77.77032803079001,True,discovery,False,True,True,False,True,False
XLI,2005-05-02T00:00:00.000Z,19.6167128283,-0.0209232813065857,78.8030276703,77.7954494953385,True,discovery,False,True,True,False,True,False
XLI,2005-05-03T00:00:00.000Z,19.4769736935,-0.0327164573732804,78.9384253511,77.82281402540349,True,discovery,False,True,True,False,True,False
XLI,2005-05-04T00:00:00.000Z,19.703218007,-0.0218037661076131,79.547728455,77.848560167033,True,discovery,False,True,True,False,True,False
XLI,2005-05-05T00:00:00.000Z,19.6034043393,-0.0347313237211039,79.5206477002,77.88103496295201,True,discovery,False,True,True,False,True,False
XLI,2005-05-06T00:00:00.000Z,19.6832552735,-0.0208540218468186,79.2701549499,77.9112576902175,True,discovery,False,True,True,False,True,False
XLI,2005-05-09T00:00:00.000Z,19.8163401638,-0.0161876445323339,79.7643690772,77.9470169875795,True,discovery,False,True,True,False,True,False
XLI,2005-05-10T00:00:00.000Z,19.5834416058,-0.0353982300860108,78.9384253511,77.979346298072,True,discovery,False,True,True,False,True,False
XLI,2005-05-11T00:00:00.000Z,19.7231807406,-0.011340893929848,79.3717065955,78.010443311472,True,discovery,False,True,True,False,True,False
XLI,2005-05-12T00:00:00.000Z,19.5102449161,-0.0071114121231868,78.4983734104,78.036074071896,True,discovery,False,True,True,False,True,False
XLI,2005-05-13T00:00:00.000Z,19.4104312484,0.0075993091528758,78.3426656712,78.05936021317899,True,discovery,False,True,True,False,True,False
XLI,2005-05-16T00:00:00.000Z,19.6832552735,0.0185950413235862,79.073829125,78.08540252565349,True,discovery,False,True,True,False,True,False
XLI,2005-05-17T00:00:00.000Z,19.8163401638,0.0209118957845648,79.6018899646,78.11331875246701,True,discovery,False,True,True,False,True,False
XLI,2005-05-18T00:00:00.000Z,20.1157811669,0.0471077242783994,80.4210616402,78.1481964228015,True,discovery,False,True,True,False,True,False
XLI,2005-05-19T00:00:00.000Z,20.142398145,0.0222897669732919,80.7595626123,78.18479992537951,True,discovery,False,True,True,False,True,False
XLI,2005-05-20T00:00:00.000Z,20.1357439005,0.0331171048142255,80.6444736358,78.2268256957875,True,discovery,False,True,True,False,True,False
XLI,2005-05-23T00:00:00.000Z,20.2754830353,0.0280026990556898,81.091292211,78.27625028380399,True,discovery,False,True,True,False,True,False
XLI,2005-05-24T00:00:00.000Z,20.2222490792,0.0386192754653862,80.9017323436,78.324227255038,True,discovery,False,True,True,False,True,False
XLI,2005-05-25T00:00:00.000Z,20.0492387218,0.0283276450515743,80.8408048766,78.36730133974748,True,discovery,False,True,True,False,True,False
XLI,2005-05-26T00:00:00.000Z,20.1956321011,0.047273982058323,81.274085444,78.413274859782,True,discovery,False,True,True,False,True,False
XLI,2005-05-27T00:00:00.000Z,20.1823236121,0.0344474761280622,81.4094838018,78.46385721974849,True,discovery,False,True,True,False,True,False
XLI,2005-05-31T00:00:00.000Z,20.129089656,0.0261194029899252,80.8881943357,78.51113340062301,True,discovery,False,True,True,False,True,False
XLI,2005-06-01T00:00:00.000Z,20.2022863456,0.0372394943646743,81.5787342879,78.5581636781465,True,discovery,False,True,True,False,True,False
XLI,2005-06-02T00:00:00.000Z,20.2022863456,0.0253292806496225,81.7547561474,78.60404149779251,True,discovery,False,True,True,False,True,False
XLI,2005-06-03T00:00:00.000Z,20.1091269224,0.0257976917859186,81.3417849614,78.6441225576705,True,discovery,False,True,True,False,True,False
XLI,2005-06-06T00:00:00.000Z,20.1224354114,0.0223123732226997,81.2673140705,78.6848975260935,True,discovery,False,True,True,False,True,False
XLI,2005-06-07T00:00:00.000Z,20.2089405901,0.0198119543293464,81.3282415375,78.7234114231805,True,discovery,False,True,True,False,True,False
XLI,2005-06-08T00:00:00.000Z,20.0825099444,0.0254841997972508,81.1793058488,78.762113641941,True,discovery,False,True,True,False,True,False
XLI,2005-06-09T00:00:00.000Z,20.0891641889,0.0185560053985929,81.56519628,78.8022454987445,True,discovery,False,True,True,False,True,False
XLI,2005-06-10T00:00:00.000Z,20.0625472108,0.0283083219649504,81.3756316736,78.83893047861051,True,discovery,False,True,True,False,True,False
XLI,2005-06-13T00:00:00.000Z,20.0958184334,0.0353102502581696,81.6328957975,78.876901779096,True,discovery,False,True,True,False,True,False
XLI,2005-06-14T00:00:00.000Z,20.0492387218,0.0185936443547898,81.8224556649,78.914654657095,True,discovery,False,True,True,False,True,False
XLI,2005-06-15T00:00:00.000Z,20.0692014553,0.0127602417706738,81.978162727,78.956251569864,True,discovery,False,True,True,False,True,False
XLI,2005-06-16T00:00:00.000Z,20.0891641889,-0.0013231888823586,82.1880373918,78.9969652476065,True,discovery,False,True,True,False,True,False
XLI,2005-06-17T00:00:00.000Z,20.2519735894,0.0054400396423102,82.4910763251,79.03849438825401,True,discovery,False,True,True,False,True,False
XLI,2005-06-20T00:00:00.000Z,20.1785968735,0.0021282041136276,82.5182658893,79.0759610594975,True,discovery,False,True,True,False,True,False
XLI,2005-06-21T00:00:00.000Z,20.171926263,-0.0051074873096589,82.5658457575,79.1151983798115,True,discovery,False,True,True,False,True,False
XLI,2005-06-22T00:00:00.000Z,20.0718671049,-0.0074364613802863,82.6338172891,79.1523098312615,True,discovery,False,True,True,False,True,False
XLI,2005-06-23T00:00:00.000Z,19.6649598622,-0.0191667556525307,81.4714931554,79.1845426388355,True,discovery,False,True,True,False,True,False
XLI,2005-06-24T00:00:00.000Z,19.538218262,-0.0325522784238176,80.8733390554,79.2141178797645,True,discovery,False,True,True,False,True,False
XLI,2005-06-27T00:00:00.000Z,19.5115358198,-0.0332364005846106,80.9888911349,79.242338296065,True,discovery,False,True,True,False,True,False
XLI,2005-06-28T00:00:00.000Z,19.8517369572,-0.0137787005542662,81.668613248,79.27272444967349,True,discovery,False,True,True,False,True,False
XLI,2005-06-29T00:00:00.000Z,19.724995357,-0.0236255926896092,81.4511021718,79.3012566580415,True,discovery,False,True,True,False,True,False
XLI,2005-06-30T00:00:00.000Z,19.5982537568,-0.0298992192500805,81.0092814388,79.330445347888,True,discovery,False,True,True,False,True,False
XLI,2005-07-01T00:00:00.000Z,19.6649598622,-0.0220878341418808,81.2471834987,79.3596906569255,True,discovery,False,True,True,False,True,False
XLI,2005-07-05T00:00:00.000Z,19.724995357,-0.0197510910719503,81.8997160475,79.39060328933901,True,discovery,False,True,True,False,True,False
XLI,2005-07-06T00:00:00.000Z,19.5048652093,-0.0348397966563824,81.2132001119,79.4203585415315,True,discovery,False,True,True,False,True,False
XLI,2005-07-07T00:00:00.000Z,19.551559483,-0.0264384513126089,81.5326654267,79.450071647439,True,discovery,False,True,True,False,True,False
XLI,2005-07-08T00:00:00.000Z,19.8917606204,-0.0098263704076385,82.4638867608,79.4891585326875,True,discovery,False,True,True,False,True,False
XLI,2005-07-11T00:00:00.000Z,19.9251136731,-0.0068502536719772,82.8853158304,79.5323601093395,True,discovery,False,True,True,False,True,False
XLI,2005-07-12T00:00:00.000Z,19.8183839045,-0.013805584968806,83.1028269066,79.5749428375975,True,discovery,False,True,True,False,True,False
XLI,2005-07-13T00:00:00.000Z,19.8784193993,-0.0085199904530172,83.2183783064,79.6204788919185,True,discovery,False,True,True,False,True,False
XLI,2005-07-14T00:00:00.000Z,20.0585258838,-0.0005319380307071,83.5446476396,79.6658729816355,True,discovery,False,True,True,False,True,False
XLI,2005-07-15T00:00:00.000Z,20.0318434417,-0.0028533166766425,83.4970616539,79.7091554605465,True,discovery,False,True,True,False,True,False
XLI,2005-07-18T00:00:00.000Z,19.9918197785,-0.0128458498008394,83.1639991779,79.751040277133,True,discovery,False,True,True,False,True,False
XLI,2005-07-19T00:00:00.000Z,20.1585850419,-0.0009917355366902,83.6194123139,79.7888784525615,True,discovery,False,True,True,False,True,False
XLI,2005-07-20T00:00:00.000Z,20.3920564107,0.0109126984121377,83.9048990001,79.827508364936,True,discovery,False,True,True,False,True,False
XLI,2005-07-21T00:00:00.000Z,20.2853266421,0.0106347623808193,83.4154983989,79.863490501631,True,discovery,False,True,True,False,True,False
XLI,2005-07-22T00:00:00.000Z,20.3453621369,0.0345997286273576,83.9728705316,79.8996497219065,True,discovery,False,True,True,False,True,False
XLI,2005-07-25T00:00:00.000Z,20.1986087051,0.0337999317155954,83.7349684718,79.93873487018051,True,discovery,False,True,True,False,True,False
XLI,2005-07-26T00:00:00.000Z,20.2986678632,0.0403418803455353,83.8369227104,79.981474896954,True,discovery,False,True,True,False,True,False
XLI,2005-07-27T00:00:00.000Z,20.3787151896,0.026545698924792,84.1428010599,80.0242052155695,True,discovery,False,True,True,False,True,False
XLI,2005-07-28T00:00:00.000Z,20.4921155687,0.0388907676689396,84.6729836284,80.07105863943801,True,discovery,False,True,True,False,True,False
XLI,2005-07-29T00:00:00.000Z,20.3453621369,0.0381211708640509,84.1088129151,80.118403620916,True,discovery,False,True,True,False,True,False
XLI,2005-08-01T00:00:00.000Z,20.3320209158,0.0339213025744449,84.0476406438,80.1684540367,True,discovery,False,True,True,False,True,False
XLI,2005-08-02T00:00:00.000Z,20.3053384737,0.0294217111941701,84.5506329683,80.2189449605555,True,discovery,False,True,True,False,True,False
XLI,2005-08-03T00:00:00.000Z,20.2653148105,0.0389876880993473,84.7749426251,80.26915217120049,True,discovery,False,True,True,False,True,False
XLI,2005-08-04T00:00:00.000Z,20.1319025997,0.0296827021499028,84.095220512,80.31910590200799,True,discovery,False,True,True,False,True,False
XLI,2005-08-05T00:00:00.000Z,20.0251728312,0.0067069081186901,83.5242512181,80.36694088255099,True,discovery,False,True,True,False,True,False
XLI,2005-08-08T00:00:00.000Z,19.9784785574,0.0026782725145524,83.3679185307,80.411585165135,True,discovery,False,True,True,False,True,False
XLI,2005-08-09T00:00:00.000Z,20.1252319892,0.0154830023567322,83.8709108552,80.462926755134,True,discovery,False,True,True,False,True,False
XLI,2005-08-10T00:00:00.000Z,20.1118907681,0.0117449664437716,83.8301295676,80.5144993926195,True,discovery,False,True,True,False,True,False
XLI,2005-08-11T00:00:00.000Z,20.2786560315,0.0109743930822843,84.1631920436,80.56211626974,True,discovery,False,True,True,False,True,False
XLI,2005-08-12T00:00:00.000Z,20.1919380946,0.0079920079929705,83.6466018782,80.6026667347275,True,discovery,False,True,True,False,True,False
XLI,2005-08-15T00:00:00.000Z,20.2319617578,0.0120120120109457,84.1631920436,80.644662539103,True,discovery,False,True,True,False,True,False
XLI,2005-08-16T00:00:00.000Z,19.998490389,-0.0079417604245158,83.0688387618,80.6812535079855,True,discovery,False,True,True,False,True,False
XLI,2005-08-17T00:00:00.000Z,20.0518552733,-0.0166830225725294,83.0620401812,80.716773245479,True,discovery,False,True,True,False,True,False
XLI,2005-08-18T00:00:00.000Z,19.9651373363,-0.0157842814882498,83.0552463587,80.752125175449,True,discovery,False,True,True,False,True,False
XLI,2005-08-19T00:00:00.000Z,20.0451846628,-0.0147540983581497,83.2455678706,80.783644109392,True,discovery,False,True,True,False,True,False
XLI,2005-08-22T00:00:00.000Z,20.085208326,-0.0056142668416249,83.2455678706,80.8099100170195,True,discovery,False,True,True,False,True,False
XLI,2005-08-23T00:00:00.000Z,19.9918197785,-0.0151166611901805,83.0892297454,80.83295175746201,True,discovery,False,True,True,False,True,False
XLI,2005-08-24T00:00:00.000Z,19.8317251256,-0.0268412438620836,82.3483353611,80.852857818319,True,discovery,False,True,True,False,True,False
XLI,2005-08-25T00:00:00.000Z,19.8650781783,-0.0305989583309664,82.6474090125,80.87502881244201,True,discovery,False,True,True,False,True,False
XLI,2005-08-26T00:00:00.000Z,19.7583484097,-0.0288524590149881,82.083243737,80.89407783790699,True,discovery,False,True,True,False,True,False
XLI,2005-08-29T00:00:00.000Z,19.8784193993,-0.0223097112863732,82.7153853021,80.9133097409935,True,discovery,False,True,True,False,True,False
XLI,2005-08-30T00:00:00.000Z,19.7183247465,-0.0289093298277355,82.2803638295,80.9272548714475,True,discovery,False,True,True,False,True,False
XLI,2005-08-31T00:00:00.000Z,19.8650781783,-0.0197498354179342,83.3203379828,80.945426148958,True,discovery,False,True,True,False,True,False
XLI,2005-09-01T00:00:00.000Z,19.7850308518,-0.0172299536112979,83.2591602737,80.96614396134251,True,discovery,False,True,True,False,True,False
XLI,2005-09-02T00:00:00.000Z,19.8517369572,-0.0086608927404501,83.1096207291,80.983765021226,True,discovery,False,True,True,False,True,False
XLI,2005-09-06T00:00:00.000Z,20.085208326,0.0053422370624147,84.0816233508,81.0057091846695,True,discovery,False,True,True,False,True,False
XLI,2005-09-07T00:00:00.000Z,20.1652556524,0.0019887305260122,84.2243697527,81.0327966946355,True,discovery,False,True,True,False,True,False
XLI,2005-09-08T00:00:00.000Z,20.0518552733,-0.0029850746253666,83.9456809674,81.0566115134965,True,discovery,False,True,True,False,True,False
XLI,2005-09-09T00:00:00.000Z,20.1652556524,-0.005592105261998,84.6933739324,81.0835607554845,True,discovery,False,True,True,False,True,False
XLI,2005-09-12T00:00:00.000Z,20.2919972526,0.0049554013850092,84.5234434041,81.1087207363425,True,discovery,False,True,True,False,True,False
XLI,2005-09-13T00:00:00.000Z,20.2052793156,-0.0013188262472726,84.0544392244,81.1318377288965,True,discovery,False,True,True,False,True,False
XLI,2005-09-14T00:00:00.000Z,20.0518552733,0.0026684456307437,83.7485608749,81.155237444731,True,discovery,False,True,True,False,True,False
XLI,2005-09-15T00:00:00.000Z,20.0251728312,-0.001330671987022,83.7077795873,81.178164789286,True,discovery,False,True,True,False,True,False
XLI,2005-09-16T00:00:00.000Z,20.1639282009,0.0099568994318193,84.3002851966,81.19955791858051,True,discovery,False,True,True,False,True,False
XLI,2005-09-19T00:00:00.000Z,19.8960580156,-0.0074395247391634,84.0204191712,81.2192161442465,True,discovery,False,True,True,False,True,False
XLI,2005-09-20T00:00:00.000Z,19.7621229229,-0.0160857382137167,83.3105268109,81.2355933763085,True,discovery,False,True,True,False,True,False
XLI,2005-09-21T00:00:00.000Z,19.6951553766,-0.0148392895287623,82.5323710147,81.248214063488,True,discovery,False,True,True,False,True,False
XLI,2005-09-22T00:00:00.000Z,19.7755164322,-0.0028342815889194,82.825880717,81.2660272056475,True,discovery,False,True,True,False,True,False
XLI,2005-09-23T00:00:00.000Z,19.9228450341,0.0029079601540709,82.8941441528,81.2818661746055,True,discovery,False,True,True,False,True,False
XLI,2005-09-26T00:00:00.000Z,19.8960580156,0.0069696921546535,82.9897072292,81.2967735428575,True,discovery,False,True,True,False,True,False
XLI,2005-09-27T00:00:00.000Z,20.0032060897,0.0062774956043232,82.9692301097,81.311175823216,True,discovery,False,True,True,False,True,False
XLI,2005-09-28T00:00:00.000Z,20.0099028444,0.014787163800604,83.051137905,81.3224976398825,True,discovery,False,True,True,False,True,False
XLI,2005-09-29T00:00:00.000Z,20.1036574092,0.0120099819773484,83.7269094689,81.33578889828051,True,discovery,False,True,True,False,True,False
XLI,2005-09-30T00:00:00.000Z,20.1974119741,0.0208430871495195,83.9862929141,81.3500750681565,True,discovery,False,True,True,False,True,False
XLI,2005-10-03T00:00:00.000Z,20.0768703907,0.0113407423232225,83.6859497692,81.363094422752,True,discovery,False,True,True,False,True,False
XLI,2005-10-04T00:00:00.000Z,19.8960580156,-0.0094173935032153,82.7439729217,81.3740955752145,True,discovery,False,True,True,False,True,False
XLI,2005-10-05T00:00:00.000Z,19.6482780942,-0.0256370445835866,81.6586466815,81.37956894813,True,discovery,False,True,True,False,True,False
XLI,2005-10-06T00:00:00.000Z,19.7822131868,-0.0134472388128115,81.3651315185,81.3804727659645,True,discovery,False,False,True,False,False,False
XLI,2005-10-07T00:00:00.000Z,19.9563288073,-0.0103607337641232,81.6449975438,81.381798110616,True,discovery,False,True,True,False,True,False
XLI,2005-10-10T00:00:00.000Z,19.8023034507,-0.0241323609403336,80.9555761596,81.37937290330899,True,discovery,False,False,True,False,False,False
XLI,2005-10-11T00:00:00.000Z,19.6951553766,-0.0252470619698954,80.8395366464,81.3772104294165,True,discovery,False,False,True,False,False,False
XLI,2005-10-12T00:00:00.000Z,19.6951553766,-0.0177888724927595,80.2047247822,81.3696485482985,True,discovery,False,False,True,False,False,False
XLI,2005-10-13T00:00:00.000Z,19.6683683581,-0.017817797434641,80.156943244,81.3612408458115,True,discovery,False,False,True,False,False,False
XLI,2005-10-14T00:00:00.000Z,19.8424839785,-0.0159415476586378,81.0033576978,81.357840725583,True,discovery,False,False,True,False,False,False
XLI,2005-10-17T00:00:00.000Z,19.8826645063,-0.0006731740171596,81.3037008426,81.356818949068,True,discovery,False,False,True,False,False,False
XLI,2005-10-18T00:00:00.000Z,19.742032659,-0.0010166045408371,80.4231546709,81.353316324331,True,discovery,False,False,True,False,False,False
XLI,2005-10-19T00:00:00.000Z,20.0032060897,0.0156409384546414,81.7610370571,81.36145954906401,True,discovery,False,True,True,False,True,False
XLI,2005-10-20T00:00:00.000Z,19.7487294137,-0.0013545546884622,80.3207642954,81.3651662236055,True,discovery,False,False,True,False,False,False
XLI,2005-10-21T00:00:00.000Z,19.614794321,-0.015462184872328,80.6347565779,81.3684198285775,True,discovery,False,False,True,False,False,False
XLI,2005-10-24T00:00:00.000Z,19.9161482795,0.001009761023226,81.8839038695,81.37849235970249,True,discovery,False,True,True,False,True,False
XLI,2005-10-25T00:00:00.000Z,19.889361261,-0.0056913290894213,81.7200828181,81.385857626917,True,discovery,False,True,True,False,True,False
XLI,2005-10-26T00:00:00.000Z,19.7152456405,-0.0147255689441021,81.4811764924,81.39479317612,True,discovery,False,True,True,False,True,False
XLI,2005-10-27T00:00:00.000Z,19.54113002,-0.0279813457695797,80.6142794584,81.398079267823,True,discovery,False,False,True,False,False,False
XLI,2005-10-28T00:00:00.000Z,19.8558774878,-0.0169098143236352,81.7746916555,81.4103705481235,True,discovery,False,True,True,False,True,False
XLI,2005-10-31T00:00:00.000Z,19.9094515249,-0.008338892593417,81.9999433827,81.421697635086,True,discovery,False,True,True,False,True,False
XLI,2005-11-01T00:00:00.000Z,19.8491807332,-0.0023561090525191,82.2456776902,81.430106163045,True,discovery,False,True,True,False,True,False
XLI,2005-11-02T00:00:00.000Z,20.0500833722,0.0204498977505112,83.1057467424,81.4470296911695,True,discovery,False,True,True,False,True,False
XLI,2005-11-03T00:00:00.000Z,20.1371411824,0.0179417738676899,83.4606932638,81.4681555964975,True,discovery,False,True,True,False,True,False
XLI,2005-11-04T00:00:00.000Z,20.1505346917,0.0097315436258476,83.3514810498,81.491163085352,True,discovery,False,True,True,False,True,False
XLI,2005-11-07T00:00:00.000Z,20.2241989926,0.0213053770714279,83.4333936233,81.5153556200895,True,discovery,False,True,True,False,True,False
XLI,2005-11-08T00:00:00.000Z,20.0969606546,0.0204012240734789,83.4333936233,81.5384355061625,True,discovery,False,True,True,False,True,False
XLI,2005-11-09T00:00:00.000Z,20.143837937,0.0227813668803591,83.5426058373,81.560881329702,True,discovery,False,True,True,False,True,False
XLI,2005-11-10T00:00:00.000Z,20.4050113677,0.0374531835172096,84.1910675218,81.5858951269945,True,discovery,False,True,True,False,True,False
XLI,2005-11-11T00:00:00.000Z,20.4451918955,0.030374620317348,84.4777608464,81.61234239091,True,discovery,False,True,True,False,True,False
XLI,2005-11-14T00:00:00.000Z,20.4853724233,0.0303132367801621,84.4299793082,81.6360893751835,True,discovery,False,True,True,False,True,False
XLI,2005-11-15T00:00:00.000Z,20.4786756687,0.0373134328376354,84.1228095468,81.65577171770751,True,discovery,False,True,True,False,True,False
XLI,2005-11-16T00:00:00.000Z,20.5523399697,0.0274522932742644,84.2934578974,81.6750935049745,True,discovery,False,True,True,False,True,False
XLI,2005-11-17T00:00:00.000Z,20.746545854,0.050525601895573,85.0784409927,81.69938543539051,True,discovery,True,True,True,True,True,True
XLI,2005-11-18T00:00:00.000Z,20.9608420023,0.0686241037898058,85.4129103947,81.721067609947,True,discovery,True,True,True,True,True,True
XLI,2005-11-21T00:00:00.000Z,21.0813835857,0.058507061197139,85.8429476512,81.745439456729,True,discovery,True,True,True,True,True,True
XLI,2005-11-22T00:00:00.000Z,21.1349576228,0.0626262626262623,86.2115487711,81.771182271133,True,discovery,True,True,True,True,True,True
XLI,2005-11-23T00:00:00.000Z,21.1617446413,0.0733695652175152,86.7098392245,81.80245109270649,True,discovery,True,True,True,True,True,True
XLI,2005-11-25T00:00:00.000Z,21.1684413959,0.0832762165869873,86.7780971995,81.83261136286801,True,discovery,True,True,True,True,True,True
XLI,2005-11-28T00:00:00.000Z,21.0545965672,0.0603709949427582,86.1637672329,81.85622711092749,True,discovery,True,True,True,True,True,True
XLI,2005-11-29T00:00:00.000Z,21.1014738496,0.0598721829784805,86.0681993784,81.879668464752,True,discovery,True,True,True,True,True,True
XLI,2005-11-30T00:00:00.000Z,21.0679900764,0.0614035087685711,85.6040413255,81.899271762662,True,discovery,True,True,True,True,True,True
XLI,2005-12-01T00:00:00.000Z,21.3023764886,0.0624582498313368,86.4777595154,81.92297390686399,True,discovery,True,True,True,True,True,True
XLI,2005-12-02T00:00:00.000Z,21.222015433,0.0538742933156861,86.5869717294,81.950526388094,True,discovery,True,True,True,True,True,True
XLI,2005-12-05T00:00:00.000Z,21.1081706042,0.0475240943802077,86.4026742412,81.97661791954201,True,discovery,False,True,True,False,True,False
XLI,2005-12-06T00:00:00.000Z,21.1952284145,0.0480132450365671,86.5664952925,82.009563945441,True,discovery,False,True,True,False,True,False
XLI,2005-12-07T00:00:00.000Z,21.0412030579,0.0469843385538932,86.06137754,82.03711842061449,True,discovery,False,True,True,False,True,False
XLI,2005-12-08T00:00:00.000Z,20.947448493,0.0398936170214085,86.0067687026,82.06173618633,True,discovery,False,True,True,False,True,False
XLI,2005-12-09T00:00:00.000Z,21.0612933218,0.032162783067049,86.2320258906,82.083467879773,True,discovery,False,True,True,False,True,False
XLI,2005-12-12T00:00:00.000Z,21.0679900764,0.030461840812415,86.3139336859,82.10830650144649,True,discovery,False,True,True,False,True,False
XLI,2005-12-13T00:00:00.000Z,21.0880803403,0.0294213795358917,86.9009646945,82.13405722357851,True,discovery,False,True,True,False,True,False
XLI,2005-12-14T00:00:00.000Z,21.2688927154,0.0385873119670421,87.2422613957,82.1617167495105,True,discovery,False,True,True,False,True,False
XLI,2005-12-15T00:00:00.000Z,21.3023764886,0.0364939719762211,86.9897045672,82.187944894989,True,discovery,False,True,True,False,True,False
XLI,2005-12-16T00:00:00.000Z,21.3359674098,0.028410587475522,86.7109805206,82.2076881103665,True,discovery,False,True,True,False,True,False
XLI,2005-12-19T00:00:00.000Z,21.1271215021,0.0079328635644384,86.2649350132,82.224998801515,True,discovery,False,True,True,False,True,False
XLI,2005-12-20T00:00:00.000Z,21.1405954317,0.0028087267498022,86.3472836814,82.2442722256375,True,discovery,False,True,True,False,True,False
XLI,2005-12-21T00:00:00.000Z,21.2483868679,0.0053669019415318,86.484525972,82.26881740912049,True,discovery,False,True,True,False,True,False
XLI,2005-12-22T00:00:00.000Z,21.4100740222,0.0117348255122289,86.9374343831,82.29471677931501,True,discovery,False,True,True,False,True,False
XLI,2005-12-23T00:00:00.000Z,21.4504958108,0.0133242882470614,86.9854699053,82.3237222890835,True,discovery,False,True,True,False,True,False
XLI,2005-12-27T00:00:00.000Z,21.2618607974,0.0098441321133118,86.1002431666,82.345772872216,True,discovery,False,True,True,False,True,False
XLI,2005-12-28T00:00:00.000Z,21.2955456212,0.0091970718720046,86.2923845693,82.37215588628551,True,discovery,False,True,True,False,True,False
XLI,2005-12-29T00:00:00.000Z,21.2888086565,0.0104812361928798,85.9081017639,82.400056631243,True,discovery,False,True,True,False,True,False
XLI,2005-12-30T00:00:00.000Z,21.1675432907,-0.0063294908890637,85.4414709766,82.42481501526599,True,discovery,False,True,True,False,True,False
XLI,2006-01-03T00:00:00.000Z,21.3090195508,0.0040997104198081,86.9442931694,82.45827742534249,True,discovery,False,True,True,False,True,False
XLI,2006-01-04T00:00:00.000Z,21.3629152689,0.0120685335302961,87.3560303344,82.49528793567652,True,discovery,False,True,True,False,True,False
XLI,2006-01-05T00:00:00.000Z,21.3292304451,0.0063222734843624,87.4109239567,82.53663491224799,True,discovery,False,True,True,False,True,False
XLI,2006-01-06T00:00:00.000Z,21.4100740222,0.017530887529813,88.1383224387,82.581280387027,True,discovery,False,True,True,False,True,False
XLI,2006-01-09T00:00:00.000Z,21.5852351061,0.0304469832358404,88.3647769873,82.626584236573,True,discovery,False,True,True,False,True,False
XLI,2006-01-10T00:00:00.000Z,21.5246024232,0.0219981315639548,88.4539789521,82.6717586476755,True,discovery,False,True,True,False,True,False
XLI,2006-01-11T00:00:00.000Z,21.5380763528,0.0223128202878062,88.7353326129,82.72098013127999,True,discovery,False,True,True,False,True,False
XLI,2006-01-12T00:00:00.000Z,21.3763891984,0.0136716502141274,88.3853629535,82.762866497162,True,discovery,False,True,True,False,True,False
XLI,2006-01-13T00:00:00.000Z,21.302282586,0.0015698922857334,88.3030094818,82.805085801209,True,discovery,False,True,True,False,True,False
XLI,2006-01-17T00:00:00.000Z,21.1944911498,-0.0050644743255633,88.0628380466,82.84789829984751,True,discovery,False,True,True,False,True,False
XLI,2006-01-18T00:00:00.000Z,21.2214390088,-0.005367856015162,87.7128635837,82.88828393438202,True,discovery,False,True,True,False,True,False
XLI,2006-01-19T00:00:00.000Z,21.3224934803,0.0092474489807132,88.0491108668,82.928455182963,True,discovery,False,True,True,False,True,False
XLI,2006-01-20T00:00:00.000Z,20.8576429115,-0.0133843212275712,86.4433540397,82.959209806963,True,discovery,False,True,True,False,True,False
XLI,2006-01-23T00:00:00.000Z,20.8711168411,-0.0177552314510021,86.7521517667,82.98934201337599,True,discovery,False,True,True,False,True,False
XLI,2006-01-24T00:00:00.000Z,21.0260670307,-0.0179358086806158,86.8413640248,83.024117686364,True,discovery,False,True,True,False,True,False
XLI,2006-01-25T00:00:00.000Z,21.0193300659,-0.0201005025106651,86.9168491031,83.058966147409,True,discovery,False,True,True,False,True,False
XLI,2006-01-26T00:00:00.000Z,21.2551238327,-0.0003168567776919,87.3972022667,83.09415151495651,True,discovery,False,True,True,False,True,False
XLI,2006-01-27T00:00:00.000Z,21.302282586,0.000316355585334,88.2069384373,83.138124556657,True,discovery,False,True,True,False,True,False
XLI,2006-01-30T00:00:00.000Z,21.3494413394,0.0028481012666476,88.1383224387,83.1869336035485,True,discovery,False,True,True,False,True,False
XLI,2006-01-31T00:00:00.000Z,21.2281759736,0.0028644175692622,87.4932726249,83.23800110019499,True,discovery,False,True,True,False,True,False
XLI,2006-02-01T00:00:00.000Z,21.4100740222,0.0047423332246276,88.1040092927,83.290937533548,True,discovery,False,True,True,False,True,False
XLI,2006-02-02T00:00:00.000Z,21.2281759736,-0.0063071586253096,87.0815409497,83.33568125279952,True,discovery,False,True,True,False,True,False
XLI,2006-02-03T00:00:00.000Z,21.1810172202,-0.0069488313364839,86.6492178186,83.383713225432,True,discovery,False,True,True,False,True,False
XLI,2006-02-06T00:00:00.000Z,21.2551238327,-0.0072372561318252,86.875671681,83.42539659927701,True,discovery,False,True,True,False,True,False
XLI,2006-02-07T00:00:00.000Z,21.1001736431,-0.0224719101096527,86.1071067565,83.464726559547,True,discovery,False,True,True,False,True,False
XLI,2006-02-08T00:00:00.000Z,21.2012281145,-0.015023474178155,86.8893995471,83.5053953696115,True,discovery,False,True,True,False,True,False
XLI,2006-02-09T00:00:00.000Z,21.3224934803,-0.0100093837986591,86.7452936666,83.549168728184,True,discovery,False,True,True,False,True,False
XLI,2006-02-10T00:00:00.000Z,21.4639697404,0.0040970690226092,86.9031212371,83.59220795330901,True,discovery,False,True,True,False,True,False
XLI,2006-02-13T00:00:00.000Z,21.4909175994,0.0088551549646596,86.7452936666,83.639366321603,True,discovery,False,True,True,False,True,False
XLI,2006-02-14T00:00:00.000Z,21.7469222605,0.0260648442463413,87.6648280615,83.685875586648,True,discovery,False,True,True,False,True,False
XLI,2006-02-15T00:00:00.000Z,21.8075549434,0.0276190476224045,87.9736257885,83.73172857723901,True,discovery,False,True,True,False,True,False
XLI,2006-02-16T00:00:00.000Z,21.8681876262,0.0255924170596733,88.6324034683,83.78019846782499,True,discovery,False,True,True,False,True,False
XLI,2006-02-17T00:00:00.000Z,21.9220833444,0.0510335917350044,88.3922217399,83.8244209342495,True,discovery,True,True,True,True,True,True
XLI,2006-02-21T00:00:00.000Z,21.8345028024,0.0461588121342346,88.1726355847,83.867680873672,True,discovery,False,True,True,False,True,False
XLI,2006-02-22T00:00:00.000Z,22.0635596044,0.0493431592406305,88.7078878604,83.91486953822451,True,discovery,False,True,True,False,True,False
XLI,2006-02-23T00:00:00.000Z,21.989452992,0.0461538461529678,88.5775043562,83.9589352146195,True,discovery,False,True,True,False,True,False
XLI,2006-02-24T00:00:00.000Z,22.0029269215,0.0351822503922343,88.8039589048,84.00826288238801,True,discovery,False,True,True,False,True,False
XLI,2006-02-27T00:00:00.000Z,22.1444031816,0.0395319418095339,88.8382720508,84.0555957096645,True,discovery,False,True,True,False,True,False
XLI,2006-02-28T00:00:00.000Z,21.8883985205,0.0252445566388366,87.9942117547,84.10307490138601,True,discovery,False,True,True,False,True,False
XLI,2006-03-01T00:00:00.000Z,22.0635596044,0.0393525864793522,88.776503859,84.15524409232499,True,discovery,False,True,True,False,True,False
XLI,2006-03-02T00:00:00.000Z,22.0029269215,0.0276903713030265,88.7696457589,84.20372317549449,True,discovery,False,True,True,False,True,False
XLI,2006-03-03T00:00:00.000Z,22.0568226397,0.0390352269140095,88.3579085939,84.24750326864101,True,discovery,False,True,True,False,True,False
XLI,2006-03-06T00:00:00.000Z,21.9422942387,0.0359414758311975,87.9530398224,84.285163159552,True,discovery,False,True,True,False,True,False
XLI,2006-03-07T00:00:00.000Z,21.9557681682,0.0329635499192948,87.8157975318,84.3204443341495,True,discovery,False,True,True,False,True,False
XLI,2006-03-08T00:00:00.000Z,21.9288203091,0.0392720306484766,88.0010801481,84.357227366711,True,discovery,False,True,True,False,True,False
XLI,2006-03-09T00:00:00.000Z,21.9018724501,0.0330473466827525,87.4109239567,84.3888255254395,True,discovery,False,True,True,False,True,False
XLI,2006-03-10T00:00:00.000Z,22.1309292521,0.0379146919447728,88.2412515833,84.425523121638,True,discovery,False,True,True,False,True,False
XLI,2006-03-13T00:00:00.000Z,22.1174553225,0.0304456999335958,88.4059489197,84.46334884185349,True,discovery,False,True,True,False,True,False
XLI,2006-03-14T00:00:00.000Z,22.3263012302,0.0388714733531583,89.3323421009,84.503640125138,True,discovery,False,True,True,False,True,False
XLI,2006-03-15T00:00:00.000Z,22.6631494685,0.0421313506814795,89.730352086,84.545244466559,True,discovery,False,True,True,False,True,False
XLI,2006-03-16T00:00:00.000Z,22.676623398,0.0398517145482657,89.9156347024,84.59038166839251,True,discovery,False,True,True,False,True,False
XLI,2006-03-17T00:00:00.000Z,22.8493995964,0.0448693776993398,89.990752652,84.632441760213,True,discovery,False,True,True,False,True,False
XLI,2006-03-20T00:00:00.000Z,22.8088265281,0.0404497679243847,89.8460791804,84.67289837537801,True,discovery,False,True,True,False,True,False
XLI,2006-03-21T00:00:00.000Z,22.7209182136,0.0405970046225447,89.2811339965,84.7125951205535,True,discovery,False,True,True,False,True,False
XLI,2006-03-22T00:00:00.000Z,22.8899726646,0.0374560168448607,89.8254113448,84.75538560692499,True,discovery,False,True,True,False,True,False
XLI,2006-03-23T00:00:00.000Z,22.795302172,0.036647077137079,89.6393918676,84.7969413585755,True,discovery,False,True,True,False,True,False
XLI,2006-03-24T00:00:00.000Z,22.7750156379,0.0350902731784088,89.7082910833,84.83958628474801,True,discovery,False,True,True,False,True,False
XLI,2006-03-27T00:00:00.000Z,22.795302172,0.0293933859974531,89.5773883606,84.87964724515099,True,discovery,False,True,True,False,True,False
XLI,2006-03-28T00:00:00.000Z,22.6330098991,0.0340185408220989,89.0262256379,84.91790021497249,True,discovery,False,True,True,False,True,False
XLI,2006-03-29T00:00:00.000Z,22.8629239524,0.036230071771401,89.5842744241,84.95765710810551,True,discovery,False,True,True,False,True,False
XLI,2006-03-30T00:00:00.000Z,22.8629239524,0.0390855741133084,89.4258184913,84.99567392223749,True,discovery,False,True,True,False,True,False
XLI,2006-03-31T00:00:00.000Z,22.8561617744,0.0362399946609388,89.446486327,85.0330155402375,True,discovery,False,True,True,False,True,False
XLI,2006-04-03T00:00:00.000Z,22.9373079109,0.0453468384561663,89.3775871113,85.06896328883501,True,discovery,False,True,True,False,True,False
XLI,2006-04-04T00:00:00.000Z,23.0928380058,0.051789116595196,89.9494176697,85.10625499555799,True,discovery,True,True,True,True,True,True
XLI,2006-04-05T00:00:00.000Z,23.1063623619,0.0536983766660419,90.2594434718,85.1449608834705,True,discovery,True,True,True,True,True,True
XLI,2006-04-06T00:00:00.000Z,23.0725514717,0.0534510930180607,90.162990357,85.182946606468,True,discovery,True,True,True,True,True,True
XLI,2006-04-07T00:00:00.000Z,22.957594445,0.0373533882596257,89.2466843886,85.2160109419655,True,discovery,False,True,True,False,True,False
XLI,2006-04-10T00:00:00.000Z,22.8764483085,0.0343164697264191,89.38448282,85.25557589028851,True,discovery,False,True,True,False,True,False
XLI,2006-04-11T00:00:00.000Z,22.8358752403,0.0228239332993822,88.6266327844,85.2943423589335,True,discovery,False,True,True,False,True,False
XLI,2006-04-12T00:00:00.000Z,22.9914053352,0.0144841239809254,88.7919851149,85.3333578288335,True,discovery,False,True,True,False,True,False
XLI,2006-04-13T00:00:00.000Z,22.8967348426,0.0097065352604222,88.6748648534,85.3683890868605,True,discovery,False,True,True,False,True,False
XLI,2006-04-17T00:00:00.000Z,22.788539994,-0.002663509916015,88.6404152456,85.40433565222949,True,discovery,False,True,True,False,True,False
XLI,2006-04-18T00:00:00.000Z,23.3295142372,0.0228283427233104,90.0458700955,85.449518595513,True,discovery,False,True,True,False,True,False
XLI,2006-04-19T00:00:00.000Z,23.4782821541,0.0333333333353871,90.2181078005,85.494373217022,True,discovery,False,True,True,False,True,False
XLI,2006-04-20T00:00:00.000Z,23.5661904686,0.0295420974899542,90.3421244597,85.536585259083,True,discovery,False,True,True,False,True,False
XLI,2006-04-21T00:00:00.000Z,23.5932391807,0.035004449718597,90.3558958976,85.5822987380115,True,discovery,False,True,True,False,True,False
XLI,2006-04-24T00:00:00.000Z,23.6743853172,0.0394893111644389,90.1905545904,85.62558818383,True,discovery,False,True,True,False,True,False
XLI,2006-04-25T00:00:00.000Z,23.3971360176,0.0264016612308499,89.818514947,85.66236132476098,True,discovery,False,True,True,False,True,False
XLI,2006-04-26T00:00:00.000Z,23.5256174003,0.0394383029556972,89.8391827827,85.6971306595225,True,discovery,False,True,True,False,True,False
XLI,2006-04-27T00:00:00.000Z,23.3971360176,0.023365868088973,90.273225244,85.7329826512095,True,discovery,False,True,True,False,True,False
XLI,2006-04-28T00:00:00.000Z,23.3498007713,0.0212954747132809,90.5763649827,85.76977258459101,True,discovery,False,True,True,False,True,False
XLI,2006-05-01T00:00:00.000Z,23.4106603737,0.02426035503131,89.8391827827,85.80124526030652,True,discovery,False,True,True,False,True,False
XLI,2006-05-02T00:00:00.000Z,23.6000013588,0.0288915094340729,90.5143621647,85.8363317628605,True,discovery,False,True,True,False,True,False
XLI,2006-05-03T00:00:00.000Z,23.6067635368,0.0222547584177796,90.1767721292,85.871395627617,True,discovery,False,True,True,False,True,False
XLI,2006-05-04T00:00:00.000Z,23.8907750145,0.0339479075206323,90.5005803925,85.90580146801001,True,discovery,False,True,True,False,True,False
XLI,2006-05-05T00:00:00.000Z,24.1274512459,0.0457209847594839,91.2997654104,85.9427758000615,True,discovery,False,True,True,False,True,False
XLI,2006-05-08T00:00:00.000Z,24.1071647118,0.0500736377042485,91.1895312124,85.981645964129,True,discovery,True,True,True,True,True,True
XLI,2006-05-09T00:00:00.000Z,24.1071647118,0.0537984037864267,91.3686542918,86.01862488293,True,discovery,True,True,True,True,True,True
XLI,2006-05-10T00:00:00.000Z,24.1206890678,0.0562629552832993,91.3204332461,86.0565522068015,True,discovery,True,True,True,True,True,True
XLI,2006-05-11T00:00:00.000Z,23.9989698631,0.0438235294106799,90.2181078005,86.08845813225201,True,discovery,False,True,True,False,True,False
XLI,2006-05-12T00:00:00.000Z,23.6202878929,0.0316007088029777,89.0400074101,86.112944164003,True,discovery,False,True,True,False,True,False
XLI,2006-05-15T00:00:00.000Z,23.6270500709,0.0367952522241781,89.2191311785,86.1356749017535,True,discovery,False,True,True,False,True,False
XLI,2006-05-16T00:00:00.000Z,23.6202878929,0.0124637681155119,89.0882291448,86.160571982902,True,discovery,False,True,True,False,True,False
XLI,2006-05-17T00:00:00.000Z,23.133411074,-0.0146889400952093,87.3934101278,86.177300830322,True,discovery,False,True,True,False,True,False
XLI,2006-05-18T00:00:00.000Z,22.9440700889,-0.0263988522255611,86.952482292,86.18931007694052,True,discovery,False,True,True,False,True,False
XLI,2006-05-19T00:00:00.000Z,23.0184540474,-0.0243622814526541,87.5656478328,86.20326360297899,True,discovery,False,True,True,False,True,False
XLI,2006-05-22T00:00:00.000Z,22.9711188011,-0.0297057983418499,86.8973648485,86.2172743246615,True,discovery,False,True,True,False,True,False
XLI,2006-05-23T00:00:00.000Z,22.8629239524,-0.0228323699446869,86.2359727504,86.23083293232301,True,discovery,False,True,True,False,True,False
XLI,2006-05-24T00:00:00.000Z,22.8020643501,-0.0307559643552978,86.9249235703,86.248617957521,True,discovery,False,True,True,False,True,False
XLI,2006-05-25T00:00:00.000Z,22.957594445,-0.0187861271682723,87.9996902941,86.26926185471551,True,discovery,False,True,True,False,True,False
XLI,2006-05-26T00:00:00.000Z,23.0860758278,-0.0112945264965238,88.4475097049,86.292348755402,True,discovery,False,True,True,False,True,False
XLI,2006-05-30T00:00:00.000Z,22.788539994,-0.0265742345482445,86.8766970129,86.30591628024851,True,discovery,False,True,True,False,True,False
XLI,2006-05-31T00:00:00.000Z,22.950832267,-0.0275071633230198,87.8481204248,86.3269238729815,True,discovery,False,True,True,False,True,False
XLI,2006-06-01T00:00:00.000Z,23.1875084984,-0.0177599541651032,88.6886362913,86.34955109421999,True,discovery,False,True,True,False,True,False
XLI,2006-06-02T00:00:00.000Z,23.2213193886,-0.0280215114617958,88.8746557685,86.37858017925349,True,discovery,False,True,True,False,True,False
XLI,2006-06-05T00:00:00.000Z,22.7209182136,-0.0582959641267128,87.5794302939,86.401167129817,True,discovery,False,True,True,False,True,False
XLI,2006-06-06T00:00:00.000Z,22.6330098991,-0.0611500701274269,87.365852095,86.4227201584985,True,discovery,False,True,True,False,True,False
XLI,2006-06-07T00:00:00.000Z,22.3828093116,-0.0715287517555294,86.711350883,86.44004907356052,True,discovery,False,True,True,False,True,False
XLI,2006-06-08T00:00:00.000Z,22.3963336677,-0.0714886459194044,86.6355656038,86.4569990622265,True,discovery,False,True,True,False,True,False
XLI,2006-06-09T00:00:00.000Z,22.3016631751,-0.0707241476480923,86.3599838979,86.47335283298901,True,discovery,False,False,True,False,False,False
XLI,2006-06-12T00:00:00.000Z,21.929743383,-0.0715717148565389,85.4230107829,86.488726210098,True,discovery,False,False,True,False,False,False
XLI,2006-06-13T00:00:00.000Z,21.8621216026,-0.0746994848279327,84.430925047,86.4976437902705,True,discovery,False,False,True,False,False,False
XLI,2006-06-14T00:00:00.000Z,22.0514625877,-0.06641855138741,85.085426259,86.5126547028805,True,discovery,False,False,True,False,False,False
XLI,2006-06-15T00:00:00.000Z,22.4910041603,-0.0277696579914239,86.890479474,86.53353017374,True,discovery,False,True,True,False,True,False
XLI,2006-06-16T00:00:00.000Z,22.5486314415,-0.0172348953724346,86.2604125917,86.55343041755101,True,discovery,False,False,True,False,False,False
XLI,2006-06-19T00:00:00.000Z,22.3723643286,-0.0280683367123422,85.5822292943,86.5647398741085,True,discovery,False,False,True,False,False,False
XLI,2006-06-20T00:00:00.000Z,22.3452463113,-0.0272460603777832,85.8728767086,86.577808456283,True,discovery,False,False,True,False,False,False
XLI,2006-06-21T00:00:00.000Z,22.6096469806,-0.0110780656195731,86.5095401331,86.594808053303,True,discovery,False,False,True,False,False,False
XLI,2006-06-22T00:00:00.000Z,22.4740568937,-0.0143849895063805,86.1289265355,86.60504456922651,True,discovery,False,False,True,False,False,False
XLI,2006-06-23T00:00:00.000Z,22.5350724328,-0.0184044549272026,86.1150881926,86.614498161426,True,discovery,False,False,True,False,False,False
XLI,2006-06-26T00:00:00.000Z,22.5960879719,-0.0212243890886799,86.4956969461,86.6272482413195,True,discovery,False,False,True,False,False,False
XLI,2006-06-27T00:00:00.000Z,22.3859233373,-0.017667505544717,85.748318474,86.6325229640275,True,discovery,False,False,True,False,False,False
XLI,2006-06-28T00:00:00.000Z,22.4537183807,-0.0216599503023154,86.3296133025,86.6415538135195,True,discovery,False,False,True,False,False,False
XLI,2006-06-29T00:00:00.000Z,22.9282836847,-0.0111795026929214,88.0735040162,86.6616491374785,True,discovery,False,True,True,False,True,False
XLI,2006-06-30T00:00:00.000Z,22.9215041803,-0.0129112047116146,88.0804256098,86.68330846115299,True,discovery,False,True,True,False,True,False
XLI,2006-07-03T00:00:00.000Z,23.0028582324,0.0124088303188045,88.440279271,86.70697095957149,True,discovery,False,True,True,False,True,False
XLI,2006-07-05T00:00:00.000Z,22.8333706239,0.0088525885727628,87.9351019026,86.7251450431015,True,discovery,False,True,True,False,True,False
XLI,2006-07-06T00:00:00.000Z,22.894386163,0.0228557927773112,88.1911510376,86.7459987024335,True,discovery,False,True,True,False,True,False
XLI,2006-07-07T00:00:00.000Z,22.5554109459,0.0071028267644281,87.6167729584,86.767529933171,True,discovery,False,True,True,False,True,False
XLI,2006-07-10T00:00:00.000Z,22.6164264849,0.0141138939875764,87.78285591,86.7937823576475,True,discovery,False,True,True,False,True,False
XLI,2006-07-11T00:00:00.000Z,22.677442024,0.0340951842409436,88.1703917931,86.820504913028,True,discovery,False,True,True,False,True,False
XLI,2006-07-12T00:00:00.000Z,22.4469388764,0.0267502525340657,87.2292426114,86.842180405321,True,discovery,False,True,True,False,True,False
XLI,2006-07-13T00:00:00.000Z,22.0062710942,-0.0020493649035874,85.8105975913,86.8562848571315,True,discovery,False,False,True,False,False,False
XLI,2006-07-14T00:00:00.000Z,21.6944138944,-0.0354181725378941,85.47842546,86.86883083388301,True,discovery,False,False,True,False,False,False
XLI,2006-07-17T00:00:00.000Z,21.6198393467,-0.0411906193601881,85.3538609973,86.8803444493445,True,discovery,False,False,True,False,False,False
XLI,2006-07-18T00:00:00.000Z,21.7215319118,-0.0290909090894787,85.7898376549,86.89065909027451,True,discovery,False,False,True,False,False,False
XLI,2006-07-19T00:00:00.000Z,22.162199694,-0.0081917475757441,86.980114378,86.905628197594,True,discovery,False,True,True,False,True,False
XLI,2006-07-20T00:00:00.000Z,21.7079729031,-0.0398800599705813,86.3849763624,86.91912333056,True,discovery,False,False,True,False,False,False
XLI,2006-07-21T00:00:00.000Z,21.4910287642,-0.0437405731483916,85.7759944678,86.93428343829049,True,discovery,False,False,True,False,False,False
XLI,2006-07-24T00:00:00.000Z,21.8435629899,-0.0306859205783381,87.3399631951,86.96269002085852,True,discovery,False,True,True,False,True,False
XLI,2006-07-25T00:00:00.000Z,21.7825474509,-0.0360036003582434,87.6513760819,86.99412124367551,True,discovery,False,True,True,False,True,False
XLI,2006-07-26T00:00:00.000Z,21.5045877728,-0.0393700787419161,87.7690182591,87.024741347252,True,discovery,False,True,True,False,True,False
XLI,2006-07-27T00:00:00.000Z,21.4639107468,-0.0440821256024474,87.6859736692,87.0583933348,True,discovery,False,True,True,False,True,False
XLI,2006-07-28T00:00:00.000Z,21.7079729031,-0.0532229450045713,88.5648430417,87.0970198667765,True,discovery,False,True,True,False,True,False
XLI,2006-07-31T00:00:00.000Z,21.6198393467,-0.0567879325615429,88.4748768583,87.138370627157,True,discovery,False,True,True,False,True,False
XLI,2006-08-01T00:00:00.000Z,21.4842492598,-0.0660182729144941,88.0389057369,87.17778043962149,True,discovery,False,True,True,False,True,False
XLI,2006-08-02T00:00:00.000Z,21.6198393467,-0.0531472684076602,88.6340444445,87.21593387335501,True,discovery,False,True,True,False,True,False
XLI,2006-08-03T00:00:00.000Z,21.7961064595,-0.0479715724055948,88.8693287988,87.253762013136,True,discovery,False,True,True,False,True,False
XLI,2006-08-04T00:00:00.000Z,21.7350909205,-0.0363691012931473,88.7170834982,87.2952316572725,True,discovery,False,True,True,False,True,False
XLI,2006-08-07T00:00:00.000Z,21.646957364,-0.0428657074338102,88.5094806738,87.328973875356,True,discovery,False,True,True,False,True,False
XLI,2006-08-08T00:00:00.000Z,21.4571312424,-0.0538116591945653,88.1703917931,87.36822201284451,True,discovery,False,True,True,False,True,False
XLI,2006-08-09T00:00:00.000Z,21.1249355297,-0.0588945937786605,87.8728220933,87.40441234042152,True,discovery,False,True,True,False,True,False
XLI,2006-08-10T00:00:00.000Z,21.2944231382,-0.0323475046250618,88.1427102632,87.43570637239,True,discovery,False,True,True,False,True,False
XLI,2006-08-11T00:00:00.000Z,21.1723920601,-0.0240624999984326,87.8935820298,87.4665738684485,True,discovery,False,True,True,False,True,False
XLI,2006-08-14T00:00:00.000Z,21.2130690861,-0.0188146754504949,87.9627834326,87.49898190314951,True,discovery,False,True,True,False,True,False
XLI,2006-08-15T00:00:00.000Z,21.5995008336,-0.0056179775301071,89.0146580421,87.54098379606799,True,discovery,False,True,True,False,True,False
XLI,2006-08-16T00:00:00.000Z,22.0808456419,-0.00367084735375,89.7551149206,87.5808859123935,True,discovery,False,True,True,False,True,False
XLI,2006-08-17T00:00:00.000Z,22.1079636593,0.0184259837611497,89.9834832176,87.62080361156801,True,discovery,False,True,True,False,True,False
XLI,2006-08-18T00:00:00.000Z,22.0537276245,0.0261829652956098,90.4402191196,87.661776318715,True,discovery,False,True,True,False,True,False
XLI,2006-08-21T00:00:00.000Z,21.8571219986,0.0006207324650411,90.0526894646,87.696511032326,True,discovery,False,True,True,False,True,False
XLI,2006-08-22T00:00:00.000Z,21.924917042,0.0065359477086375,90.0457623349,87.72943637768148,True,discovery,False,True,True,False,True,False
XLI,2006-08-23T00:00:00.000Z,21.7622089378,0.0119798234554326,89.7966347935,87.7616621464,True,discovery,False,True,True,False,True,False
XLI,2006-08-24T00:00:00.000Z,21.646957364,0.0085281111797059,89.7205117972,87.79309773726949,True,discovery,False,True,True,False,True,False
XLI,2006-08-25T00:00:00.000Z,21.6537368684,-0.0024984384742923,89.831237917,87.82508695873801,True,discovery,False,True,True,False,True,False
XLI,2006-08-28T00:00:00.000Z,21.7418704248,0.0056444026314479,90.2602874448,87.8586753667755,True,discovery,False,True,True,False,True,False
XLI,2006-08-29T00:00:00.000Z,21.7961064595,0.0145156200679317,90.3640968153,87.889540513243,True,discovery,False,True,True,False,True,False
XLI,2006-08-30T00:00:00.000Z,21.8164449726,0.0090937597984515,90.4194598752,87.919249008387,True,discovery,False,True,True,False,True,False
XLI,2006-08-31T00:00:00.000Z,21.863901503,0.0031104199103622,90.4056159961,87.9491271918265,True,discovery,False,True,True,False,True,False
XLI,2006-09-01T00:00:00.000Z,22.0198301028,0.0131004366782492,90.9453916438,87.9832401023115,True,discovery,False,True,True,False,True,False
XLI,2006-09-05T00:00:00.000Z,22.0672866332,0.0194174757279759,91.1183968808,88.01736479722851,True,discovery,False,True,True,False,True,False
XLI,2006-09-06T00:00:00.000Z,21.8367834856,0.0176935229090549,90.3156505047,88.04355084478851,True,discovery,False,True,True,False,True,False
XLI,2006-09-07T00:00:00.000Z,21.7825474509,0.0311296534029867,89.9004441639,88.0659885136345,True,discovery,False,True,True,False,True,False
XLI,2006-09-08T00:00:00.000Z,21.8232244769,0.0248328557795671,90.1564884547,88.087556217652,True,discovery,False,True,True,False,True,False
XLI,2006-09-11T00:00:00.000Z,21.8435629899,0.0317002881816477,90.2464546381,88.107730746987,True,discovery,False,True,True,False,True,False
XLI,2006-09-12T00:00:00.000Z,22.0469481202,0.0393096836066217,91.1322400679,88.129842751204,True,discovery,False,True,True,False,True,False
XLI,2006-09-13T00:00:00.000Z,22.2706717635,0.0310734463296453,91.4990104785,88.15344731759899,True,discovery,False,True,True,False,True,False
XLI,2006-09-14T00:00:00.000Z,22.1689791984,0.0039914031341605,91.5059272279,88.18015811757401,True,discovery,False,True,True,False,True,False
XLI,2006-09-15T00:00:00.000Z,22.3812929358,0.0123633854620084,91.7200046002,88.208417143683,True,discovery,False,True,True,False,True,False
XLI,2006-09-18T00:00:00.000Z,22.4359982042,0.0173336039244145,91.845109679,88.2396224854505,True,discovery,False,True,True,False,True,False
XLI,2006-09-19T00:00:00.000Z,22.3471021431,0.0224174136252421,91.6157394787,88.26531238526701,True,discovery,False,True,True,False,True,False
XLI,2006-09-20T00:00:00.000Z,22.470188997,0.0248699666208753,92.1022787683,88.29288892046151,True,discovery,False,True,True,False,True,False
XLI,2006-09-21T00:00:00.000Z,22.2582060819,0.0227916727349526,91.6574409399,88.31916275395498,True,discovery,False,True,True,False,True,False
XLI,2006-09-22T00:00:00.000Z,22.1487955451,0.0231828507194542,91.3794214676,88.3432273848305,True,discovery,False,True,True,False,True,False
XLI,2006-09-25T00:00:00.000Z,22.4154837286,0.0351785405368827,92.0814276901,88.373327635581,True,discovery,False,True,True,False,True,False
XLI,2006-09-26T00:00:00.000Z,22.6958482292,0.0438774487089133,92.845996878,88.40752377645798,True,discovery,False,True,True,False,True,False
XLI,2006-09-27T00:00:00.000Z,22.7505534976,0.0437897952037207,92.9572084203,88.4411496891065,True,discovery,False,True,True,False,True,False
XLI,2006-09-28T00:00:00.000Z,22.9078311442,0.0500258485271412,92.9224533797,88.47419228757549,True,discovery,True,True,True,True,True,True
XLI,2006-09-29T00:00:00.000Z,22.7984206074,0.0427425592029753,92.845996878,88.503917448493,True,discovery,False,True,True,False,True,False
XLI,2006-10-02T00:00:00.000Z,22.8668021929,0.0384640610824831,92.4984673246,88.53019847813749,True,discovery,False,True,True,False,True,False
XLI,2006-10-03T00:00:00.000Z,23.0104035225,0.042738235333432,92.6930831794,88.55871537119849,True,discovery,False,True,True,False,True,False
XLI,2006-10-04T00:00:00.000Z,23.35231145,0.0694025274097438,93.7773733009,88.5940473351,True,discovery,True,True,True,True,True,True
XLI,2006-10-05T00:00:00.000Z,23.4685601454,0.0774019980124196,93.9580851934,88.632513086001,True,discovery,True,True,True,True,True,True
XLI,2006-10-06T00:00:00.000Z,23.4206930355,0.0732003907255287,93.8399265353,88.6699763002705,True,discovery,True,True,True,True,True,True
XLI,2006-10-09T00:00:00.000Z,23.4480456697,0.0734533409472566,93.8955319589,88.70703133020501,True,discovery,True,True,True,True,True,True
XLI,2006-10-10T00:00:00.000Z,23.4822364625,0.0651014523404693,94.0206481586,88.74244739908251,True,discovery,True,True,True,True,True,True
XLI,2006-10-11T00:00:00.000Z,23.489074621,0.0547088507449906,93.9094366163,88.7770672326375,True,discovery,True,True,True,True,True,True
XLI,2006-10-12T00:00:00.000Z,23.687381219,0.0684921938448834,94.7226543812,88.82017928871049,True,discovery,True,True,True,True,True,True
XLI,2006-10-13T00:00:00.000Z,23.6326759506,0.0559120073353023,94.9659292389,88.8635470120585,True,discovery,True,True,True,True,True,True
XLI,2006-10-16T00:00:00.000Z,23.7899535972,0.0603474550442129,95.1118853958,88.909565930218,True,discovery,True,True,True,True,True,True
XLI,2006-10-17T00:00:00.000Z,23.6600285848,0.0587515299877656,94.8130155404,88.956423653037,True,discovery,True,True,True,True,True,True
XLI,2006-10-18T00:00:00.000Z,23.5984851578,0.0502130249527779,94.9381206191,88.9963927902855,True,discovery,True,True,True,True,True,True
XLI,2006-10-19T00:00:00.000Z,23.5437798894,0.057757296467185,95.0910350128,89.03506781367749,True,discovery,True,True,True,True,True,True
XLI,2006-10-20T00:00:00.000Z,23.4412075112,0.0583513430095263,95.1118853958,89.073572620873,True,discovery,True,True,True,True,True,True
XLI,2006-10-23T00:00:00.000Z,23.5642943651,0.0512507626607328,95.5497761084,89.11062988922149,True,discovery,True,True,True,True,True,True
XLI,2006-10-24T00:00:00.000Z,23.5779706822,0.0388671286524149,95.8347531225,89.1479797698975,True,discovery,False,True,True,False,True,False
XLI,2006-10-25T00:00:00.000Z,23.5984851578,0.0372708145447735,96.1614315977,89.1865170331255,True,discovery,False,True,True,False,True,False
XLI,2006-10-26T00:00:00.000Z,23.5916469993,0.0298507462708068,96.4603021482,89.225141880802,True,discovery,False,True,True,False,True,False
XLI,2006-10-27T00:00:00.000Z,23.4206930355,0.0272945410919396,95.8556042006,89.26249308703751,True,discovery,False,True,True,False,True,False
XLI,2006-10-30T00:00:00.000Z,23.4959127796,0.0275119617248158,95.7860941196,89.29990851022649,True,discovery,False,True,True,False,True,False
XLI,2006-10-31T00:00:00.000Z,23.4412075112,0.0187221396738546,95.7721894621,89.338455267304,True,discovery,False,True,True,False,True,False
XLI,2006-11-01T00:00:00.000Z,23.3249588158,-0.0011713030745827,95.1257900533,89.37551989965199,True,discovery,False,True,True,False,True,False
XLI,2006-11-02T00:00:00.000Z,23.2429009132,-0.0096153846167776,95.0701839346,89.410625264991,True,discovery,False,True,True,False,True,False
XLI,2006-11-03T00:00:00.000Z,23.1950338033,-0.0096350364977653,94.9033655786,89.4529253226855,True,discovery,False,True,True,False,True,False
XLI,2006-11-06T00:00:00.000Z,23.4001785599,-0.0020414114879457,95.9737628586,89.49903337814501,True,discovery,False,True,True,False,True,False
XLI,2006-11-07T00:00:00.000Z,23.6668667433,0.0078625509582466,96.3421434902,89.546537275472,True,discovery,False,True,True,False,True,False
XLI,2006-11-08T00:00:00.000Z,23.7010575361,0.009024745270743,96.5506633074,89.5947063464935,True,discovery,False,True,True,False,True,False
XLI,2006-11-09T00:00:00.000Z,23.5574562065,-0.0054849884543498,96.0432625138,89.637936647729,True,discovery,False,True,True,False,True,False
XLI,2006-11-10T00:00:00.000Z,23.5916469993,-0.0017361111109788,96.0849744009,89.677326827547,True,discovery,False,True,True,False,True,False
XLI,2006-11-13T00:00:00.000Z,23.7762772801,-0.000574877838417,96.321292412,89.71824167741352,True,discovery,False,True,True,False,True,False
XLI,2006-11-14T00:00:00.000Z,23.8514970242,0.0080924855485173,97.0441490177,89.7659960593775,True,discovery,False,True,True,False,True,False
XLI,2006-11-15T00:00:00.000Z,24.0839944149,0.0205737467406685,97.322178916,89.81208690749399,True,discovery,False,True,True,False,True,False
XLI,2006-11-16T00:00:00.000Z,24.1934049517,0.0275922160906914,97.5724008895,89.864541207193,True,discovery,False,True,True,False,True,False
XLI,2006-11-17T00:00:00.000Z,24.2070812688,0.032672112016161,97.6001983883,89.9192961100415,True,discovery,False,True,True,False,True,False
XLI,2006-11-20T00:00:00.000Z,24.1250233662,0.0237957051635915,97.655804507,89.97319677417148,True,discovery,False,True,True,False,True,False
XLI,2006-11-21T00:00:00.000Z,24.2070812688,0.0266821345687287,97.7531120869,90.0314268008235,True,discovery,False,True,True,False,True,False
XLI,2006-11-22T00:00:00.000Z,24.3028154885,0.029846421327057,97.9477279417,90.0867184427965,True,discovery,False,True,True,False,True,False
XLI,2006-11-24T00:00:00.000Z,24.2549483787,0.0281159420289596,97.5515498113,90.14074972352,True,discovery,False,True,True,False,True,False
XLI,2006-11-27T00:00:00.000Z,23.8651733413,0.0189781021904977,96.2100801747,90.187284518208,True,discovery,False,True,True,False,True,False
XLI,2006-11-28T00:00:00.000Z,23.8378207071,0.0145518044226338,96.6271198092,90.236693648921,True,discovery,False,True,True,False,True,False
XLI,2006-11-29T00:00:00.000Z,24.0292891465,0.0250875145838378,97.6349534289,90.286544275758,True,discovery,False,True,True,False,True,False
XLI,2006-11-30T00:00:00.000Z,24.0156128294,0.0296100850189779,97.6766555851,90.335059424741,True,discovery,False,True,True,False,True,False
XLI,2006-12-01T00:00:00.000Z,23.8788496584,0.0273609885261281,97.4611886522,90.3792033506605,True,discovery,False,True,True,False,True,False
XLI,2006-12-04T00:00:00.000Z,24.1865667932,0.0427476415127678,98.204896336,90.428266723641,True,discovery,False,True,True,False,True,False
XLI,2006-12-05T00:00:00.000Z,24.2412720616,0.0359438924599213,98.6288830862,90.48054796114852,True,discovery,False,True,True,False,True,False
XLI,2006-12-06T00:00:00.000Z,24.159214159,0.0208032360616294,98.5454794687,90.52973591919,True,discovery,False,True,True,False,True,False
XLI,2006-12-07T00:00:00.000Z,24.1181852077,0.017599538373537,98.1145462977,90.5774211288975,True,discovery,False,True,True,False,True,False
XLI,2006-12-08T00:00:00.000Z,24.1455378419,0.0249637155321438,98.2952574952,90.6248776218495,True,discovery,False,True,True,False,True,False
XLI,2006-12-11T00:00:00.000Z,24.0361273051,0.0188405797108268,98.5802345092,90.67358743414148,True,discovery,False,True,True,False,True,False
XLI,2006-12-12T00:00:00.000Z,24.0771562564,0.0126545872911663,98.5037773124,90.72613526193,True,discovery,False,True,True,False,True,False
XLI,2006-12-13T00:00:00.000Z,23.9950983538,0.0060206422034767,98.608032008,90.775292902675,True,discovery,False,True,True,False,True,False
XLI,2006-12-14T00:00:00.000Z,23.9335549268,-0.0062464508797149,99.4768558916,90.8288289533385,True,discovery,False,True,True,False,True,False
XLI,2006-12-15T00:00:00.000Z,24.2639542335,0.00291605426937,99.4856490843,90.88446765579047,True,discovery,False,True,True,False,True,False
XLI,2006-12-18T00:00:00.000Z,24.2915269088,0.0034884684800411,99.2130672047,90.940767792702,True,discovery,False,True,True,False,True,False
XLI,2006-12-19T00:00:00.000Z,24.2984200776,0.0071874214904568,99.4017810163,90.99869771012447,True,discovery,False,True,True,False,True,False
XLI,2006-12-20T00:00:00.000Z,24.3328859217,0.0051970186534693,99.3458652434,91.05542163560102,True,discovery,False,True,True,False,True,False
XLI,2006-12-21T00:00:00.000Z,24.2846337399,-0.0007481334254709,98.9824190096,91.11327911086548,True,discovery,False,True,True,False,True,False
XLI,2006-12-22T00:00:00.000Z,24.132984026,-0.005028431757336,98.3743536751,91.1639446213245,True,discovery,False,True,True,False,True,False
XLI,2006-12-26T00:00:00.000Z,24.2501678959,0.0161320661322725,98.9544667145,91.2166872102985,True,discovery,False,True,True,False,True,False
XLI,2006-12-27T00:00:00.000Z,24.3742449346,0.0225030733342259,99.6044664325,91.2680478319565,True,discovery,False,True,True,False,True,False
XLI,2006-12-28T00:00:00.000Z,24.2915269088,0.0109132550988593,99.394795913,91.3163700510915,True,discovery,False,True,True,False,True,False
XLI,2006-12-29T00:00:00.000Z,24.132984026,0.0048872871757956,98.9824190096,91.3617039726275,True,discovery,False,True,True,False,True,False
XLI,2007-01-03T00:00:00.000Z,24.2846337399,0.0169934518331058,98.8076865874,91.40578864230449,True,discovery,False,True,True,False,True,False
XLI,2007-01-04T00:00:00.000Z,24.1812362077,-0.0002203944671262,99.0173675908,91.4516450843565,True,discovery,False,True,True,False,True,False
XLI,2007-01-05T00:00:00.000Z,24.0985181819,-0.0058888774210051,98.227573548,91.496377282114,True,discovery,False,True,True,False,True,False
XLI,2007-01-08T00:00:00.000Z,24.1881293765,0.0011968608461225,98.681884136,91.54065964607,True,discovery,False,True,True,False,True,False
XLI,2007-01-09T00:00:00.000Z,24.1743430389,0.0023284434842993,98.598016068,91.585452767072,True,discovery,False,True,True,False,True,False
XLI,2007-01-10T00:00:00.000Z,24.2570610647,0.0046187922393872,98.9265032366,91.63154382783848,True,discovery,False,True,True,False,True,False
XLI,2007-01-11T00:00:00.000Z,24.4569629603,0.0175084634000382,99.3598473318,91.68045612269452,True,discovery,False,True,True,False,True,False
XLI,2007-01-12T00:00:00.000Z,24.5258946485,0.0186375162964156,100.1146920945,91.7358984549775,True,discovery,False,True,True,False,True,False
XLI,2007-01-16T00:00:00.000Z,24.656864856,0.0275792369109084,99.9189931795,91.7875720487545,True,discovery,False,True,True,False,True,False
XLI,2007-01-17T00:00:00.000Z,24.6775443625,0.0310856217547066,99.960926864,91.840247590618,True,discovery,False,True,True,False,True,False
XLI,2007-01-18T00:00:00.000Z,24.5672536614,0.0124999999992272,99.6254329253,91.89114232360951,True,discovery,False,True,True,False,True,False
XLI,2007-01-19T00:00:00.000Z,24.5534673238,0.0107832009071897,99.8211430231,91.94336010316847,True,discovery,False,True,True,False,True,False
XLI,2007-01-22T00:00:00.000Z,24.2846337399,-0.0005673758892953,99.5136125622,91.991181077631,True,discovery,False,True,True,False,True,False
XLI,2007-01-23T00:00:00.000Z,24.5672536614,0.0096317280430344,99.8071616336,92.03891966844,True,discovery,False,True,True,False,True,False
XLI,2007-01-24T00:00:00.000Z,24.4983219732,0.0087993187621728,100.6109265819,92.09115934956448,True,discovery,False,True,True,False,True,False
XLI,2007-01-25T00:00:00.000Z,24.3673517657,0.0097115109945584,99.4297340103,92.142074597673,True,discovery,False,True,True,False,True,False
XLI,2007-01-26T00:00:00.000Z,24.2708474023,0.0008527572464145,99.3388801401,92.19184658427348,True,discovery,False,True,True,False,True,False
XLI,2007-01-29T00:00:00.000Z,24.3259927528,-0.0019796380125607,99.2829643671,92.245128242187,True,discovery,False,True,True,False,True,False
XLI,2007-01-30T00:00:00.000Z,24.3122064152,0.000851305332828,99.8001653474,92.3001691433495,True,discovery,False,True,True,False,True,False
XLI,2007-01-31T00:00:00.000Z,24.6361853496,0.0208511853759101,100.471142741,92.3591505327875,True,discovery,False,True,True,False,True,False
XLI,2007-02-01T00:00:00.000Z,24.8498735829,0.0232756173740971,101.0722229722,92.4213095714205,True,discovery,False,True,True,False,True,False
XLI,2007-02-02T00:00:00.000Z,24.9463779463,0.0316419612309297,101.2120068131,92.4771402550085,True,discovery,False,True,True,False,True,False
XLI,2007-02-05T00:00:00.000Z,24.994630128,0.0371853546901093,101.2399695921,92.5322495639665,True,discovery,False,True,True,False,True,False
XLI,2007-02-06T00:00:00.000Z,25.0015232968,0.0336278141909662,101.2679218871,92.5868785511035,True,discovery,False,True,True,False,True,False
XLI,2007-02-07T00:00:00.000Z,24.9808437904,0.033361847732624,101.4915849789,92.64255699651,True,discovery,False,True,True,False,True,False
XLI,2007-02-08T00:00:00.000Z,24.80851457,0.0227337311733324,101.3587862413,92.69839815476448,True,discovery,False,True,True,False,True,False
XLI,2007-02-09T00:00:00.000Z,24.7120102066,0.0104284103759737,100.6039407797,92.752325283928,True,discovery,False,True,True,False,True,False
XLI,2007-02-12T00:00:00.000Z,24.7533692194,0.0092748735228671,100.2614617376,92.80443667870252,True,discovery,False,True,True,False,True,False
XLI,2007-02-13T00:00:00.000Z,24.9532711151,0.0120212468548237,101.1071715534,92.85860641024952,True,discovery,False,True,True,False,True,False
XLI,2007-02-14T00:00:00.000Z,25.3186090624,0.0259776536304869,101.7711526608,92.91458034864,True,discovery,False,True,True,False,True,False
XLI,2007-02-15T00:00:00.000Z,25.3737544129,0.0328282828278509,101.9039506995,92.974904188224,True,discovery,False,True,True,False,True,False
XLI,2007-02-16T00:00:00.000Z,25.2703568807,0.0291970802920005,101.8550207288,93.03160748104447,True,discovery,False,True,True,False,True,False
XLI,2007-02-20T00:00:00.000Z,25.3117158936,0.0422934998608808,102.0716868355,93.091082054576,True,discovery,False,True,True,False,True,False
XLI,2007-02-21T00:00:00.000Z,25.3806475817,0.0331088664411034,102.0297531509,93.148727918368,True,discovery,False,True,True,False,True,False
XLI,2007-02-22T00:00:00.000Z,25.2979295559,0.0326392796851446,101.9528701863,93.2019934422475,True,discovery,False,True,True,False,True,False
XLI,2007-02-23T00:00:00.000Z,25.2289978678,0.0353606789274849,101.5544858552,93.2538182154615,True,discovery,False,True,True,False,True,False
XLI,2007-02-26T00:00:00.000Z,25.0842413226,0.0335132064743204,101.463621501,93.3042930515075,True,discovery,False,True,True,False,True,False
XLI,2007-02-27T00:00:00.000Z,24.3328859217,0.0002833663961856,97.5006915643,93.33519434309852,True,discovery,False,True,True,False,True,False
XLI,2007-02-28T00:00:00.000Z,24.4156039474,0.0042529061506881,98.5001561266,93.376604584729,True,discovery,False,True,True,False,True,False
XLI,2007-03-01T00:00:00.000Z,24.319099584,-0.0128707330741506,98.2066070552,93.4224375829545,True,discovery,False,True,True,False,True,False
XLI,2007-03-02T00:00:00.000Z,24.0364796626,-0.0327323162263376,96.9205785249,93.4609448196865,True,discovery,False,True,True,False,True,False
XLI,2007-03-05T00:00:00.000Z,23.9537616368,-0.0397899972347377,95.9979969273,93.495493658599,True,discovery,False,True,True,False,True,False
XLI,2007-03-06T00:00:00.000Z,24.2294883894,-0.0306122448974692,97.6404754053,93.54672898498649,True,discovery,False,True,True,False,True,False
XLI,2007-03-07T00:00:00.000Z,24.132984026,-0.0347394540920299,97.5426259478,93.59967970326552,True,discovery,False,True,True,False,True,False
XLI,2007-03-08T00:00:00.000Z,24.3122064152,-0.0267660044156297,98.3673678729,93.653688303466,True,discovery,False,True,True,False,True,False
XLI,2007-03-09T00:00:00.000Z,24.4362834539,-0.0150041678251113,98.3953208668,93.7111780835575,True,discovery,False,True,True,False,True,False
XLI,2007-03-12T00:00:00.000Z,24.5534673238,-0.0064156206425349,98.542100295,93.77270872128052,True,discovery,False,True,True,False,True,False
XLI,2007-03-13T00:00:00.000Z,24.1398771948,-0.0247841826768044,96.6270294535,93.8212192506965,True,discovery,False,True,True,False,True,False
XLI,2007-03-14T00:00:00.000Z,24.2363815582,-0.0287292817680399,97.3469263339,93.86795543089548,True,discovery,False,True,True,False,True,False
XLI,2007-03-15T00:00:00.000Z,24.208808883,-0.0438333787083168,97.4797243726,93.91311650423398,True,discovery,False,True,True,False,True,False
XLI,2007-03-16T00:00:00.000Z,24.3504635021,-0.0403287150237318,97.2080280369,93.964773159354,True,discovery,False,True,True,False,True,False
XLI,2007-03-19T00:00:00.000Z,24.5231618248,-0.0295680452566408,98.3798840506,94.017431977483,True,discovery,False,True,True,False,True,False
XLI,2007-03-20T00:00:00.000Z,24.585333221,-0.0286974883746883,98.9202043491,94.068589817772,True,discovery,False,True,True,False,True,False
XLI,2007-03-21T00:00:00.000Z,24.9238219335,-0.0179989752715915,100.5481683209,94.126957380534,True,discovery,False,True,True,False,True,False
XLI,2007-03-22T00:00:00.000Z,24.9721774639,-0.0128766305274191,100.4709801078,94.1914151296035,True,discovery,False,True,True,False,True,False
XLI,2007-03-23T00:00:00.000Z,25.117244055,-0.0044295779557155,100.618343634,94.25767758729847,True,discovery,False,True,True,False,True,False
XLI,2007-03-26T00:00:00.000Z,24.9100060677,-0.0069460045715243,100.4850171352,94.32654591855948,True,discovery,False,True,True,False,True,False
XLI,2007-03-27T00:00:00.000Z,24.7925712083,0.0188915235159201,100.2464381925,94.394600281503,True,discovery,False,True,True,False,True,False
XLI,2007-03-28T00:00:00.000Z,24.5922411539,0.0072346032021382,99.5166629334,94.46038367668052,True,discovery,False,True,True,False,True,False
XLI,2007-03-29T00:00:00.000Z,24.585333221,0.0109475121017703,99.6219153773,94.5313781996525,True,discovery,False,True,True,False,True,False
XLI,2007-03-30T00:00:00.000Z,24.5577014894,0.0216846158054917,99.6429660065,94.60743840444998,True,discovery,False,True,True,False,True,False
XLI,2007-04-02T00:00:00.000Z,24.5991490868,0.0269430521930424,99.7552425778,94.680787486044,True,discovery,False,True,True,False,True,False
XLI,2007-04-03T00:00:00.000Z,24.7718474095,0.0223842539051413,100.8288590476,94.750479383912,True,discovery,False,True,True,False,True,False
XLI,2007-04-04T00:00:00.000Z,24.6751363488,0.0224652004168197,100.9411356189,94.823882999048,True,discovery,False,True,True,False,True,False
XLI,2007-04-05T00:00:00.000Z,24.7511236108,0.0180533674362681,101.2148022182,94.9020458636675,True,discovery,False,True,True,False,True,False
XLI,2007-04-09T00:00:00.000Z,24.7234918792,0.0117533595418399,101.3551423187,94.979457191718,True,discovery,False,True,True,False,True,False
XLI,2007-04-10T00:00:00.000Z,24.7165839463,0.0066433233379583,101.4744324918,95.0542816535115,True,discovery,False,True,True,False,True,False
XLI,2007-04-11T00:00:00.000Z,24.6198728856,0.0198839325870057,101.0604250903,95.1289391462855,True,discovery,False,True,True,False,True,False
XLI,2007-04-12T00:00:00.000Z,24.9169140006,0.0280789622314618,101.5095201484,95.2059113060645,True,discovery,False,True,True,False,True,False
XLI,2007-04-13T00:00:00.000Z,24.9100060677,0.0289645470823802,101.9726515321,95.2832960789945,True,discovery,False,True,True,False,True,False
XLI,2007-04-16T00:00:00.000Z,25.1103361221,0.0312056737619992,102.941005734,95.36925951529447,True,discovery,False,True,True,False,True,False
XLI,2007-04-17T00:00:00.000Z,25.1103361221,0.0239436619753574,103.2146723332,95.453684810448,True,discovery,False,True,True,False,True,False
XLI,2007-04-18T00:00:00.000Z,25.1794154511,0.0241640910358926,103.340985932,95.530022220027,True,discovery,False,True,True,False,True,False
XLI,2007-04-19T00:00:00.000Z,25.262310646,0.0135809312633965,103.3129118772,95.606184651364,True,discovery,False,True,True,False,True,False
XLI,2007-04-20T00:00:00.000Z,25.4350089688,0.0185338865851434,104.2882895047,95.68542470253249,True,discovery,False,True,True,False,True,False
XLI,2007-04-23T00:00:00.000Z,25.5317200295,0.0165016501648194,103.895333434,95.76522586018947,True,discovery,False,True,True,False,True,False
XLI,2007-04-24T00:00:00.000Z,25.4557327675,0.0219079312271877,103.9374339906,95.8439572749545,True,discovery,False,True,True,False,True,False
XLI,2007-04-25T00:00:00.000Z,25.718234218,0.037336305376431,104.8917616907,95.930332218616,True,discovery,False,True,True,False,True,False
XLI,2007-04-26T00:00:00.000Z,25.7044183522,0.0452247191030665,105.0110511621,96.01647319487648,True,discovery,False,True,True,False,True,False
XLI,2007-04-27T00:00:00.000Z,26.0014594672,0.0576004495635793,104.9268493472,96.100255482647,True,discovery,True,True,True,True,True,True
XLI,2007-04-30T00:00:00.000Z,25.6975104193,0.0464135021102027,104.056723462,96.1843928869,True,discovery,False,True,True,False,True,False
XLI,2007-05-01T00:00:00.000Z,25.8563928762,0.0511092389807354,104.3233771612,96.27695678474949,True,discovery,True,True,True,True,True,True
XLI,2007-05-02T00:00:00.000Z,26.022183266,0.050474065814748,104.9338622472,96.37423396868552,True,discovery,True,True,True,True,True,True
XLI,2007-05-03T00:00:00.000Z,26.2086974545,0.0621500559924801,105.5022573023,96.4749759502105,True,discovery,True,True,True,True,True,True
XLI,2007-05-04T00:00:00.000Z,26.2363291861,0.0600055819143474,105.9022269747,96.5755378968095,True,discovery,True,True,True,True,True,True
XLI,2007-05-07T00:00:00.000Z,26.3054085152,0.0639843531702279,105.9232776039,96.670253712939,True,discovery,True,True,True,True,True,True
XLI,2007-05-08T00:00:00.000Z,26.2915926494,0.0637227501390123,105.7829375034,96.767243518644,True,discovery,True,True,True,True,True,True
XLI,2007-05-09T00:00:00.000Z,26.3606719785,0.0707070707062091,106.0706418318,96.868716755464,True,discovery,True,True,True,True,True,True
XLI,2007-05-10T00:00:00.000Z,26.1810657229,0.0507346825642036,104.9619370038,96.95682662450749,True,discovery,True,True,True,True,True,True
XLI,2007-05-11T00:00:00.000Z,26.3813957772,0.0590682196343543,105.8601264182,97.04787037618898,True,discovery,True,True,True,True,True,True
XLI,2007-05-14T00:00:00.000Z,26.2639609178,0.0459422283353934,105.6285603754,97.13716808677049,True,discovery,False,True,True,False,True,False
XLI,2007-05-15T00:00:00.000Z,26.3330402468,0.0486932599689049,105.6566344303,97.227021390576,True,discovery,False,True,True,False,True,False
XLI,2007-05-16T00:00:00.000Z,26.4642909721,0.0510288065858919,106.3793960876,97.31609415580552,True,discovery,True,True,True,True,True,True
XLI,2007-05-17T00:00:00.000Z,26.5126465025,0.0494941208672841,106.168880674,97.404564174884,True,discovery,False,True,True,False,True,False
XLI,2007-05-18T00:00:00.000Z,26.4228433747,0.0388375882670903,107.0951336176,97.4998453142875,True,discovery,False,True,True,False,True,False
XLI,2007-05-21T00:00:00.000Z,26.5748178986,0.0408549783522134,107.0389953319,97.59187006872448,True,discovery,False,True,True,False,True,False
XLI,2007-05-22T00:00:00.000Z,26.5195544354,0.0417910447762952,106.9547935171,97.682297392316,True,discovery,False,True,True,False,True,False
XLI,2007-05-23T00:00:00.000Z,26.6508051606,0.0362610797730158,106.9688305445,97.7735561275475,True,discovery,False,True,True,False,True,False
XLI,2007-05-24T00:00:00.000Z,26.4366592405,0.0284869658697151,106.0004665187,97.861011056772,True,discovery,False,True,True,False,True,False
XLI,2007-05-25T00:00:00.000Z,26.5955416974,0.0228480340093761,106.4425472733,97.952371834173,True,discovery,False,True,True,False,True,False
XLI,2007-05-29T00:00:00.000Z,26.6577130935,0.0373655913951433,106.828490444,98.04715017592648,True,discovery,False,True,True,False,True,False
XLI,2007-05-30T00:00:00.000Z,26.8856748795,0.0398076409276493,107.6986058035,98.144929653628,True,discovery,False,True,True,False,True,False
XLI,2007-05-31T00:00:00.000Z,27.0307414706,0.0387576320668587,107.5863397578,98.243393442268,True,discovery,False,True,True,False,True,False
XLI,2007-06-01T00:00:00.000Z,27.1343604642,0.0353189246167997,108.1196366307,98.3441777082585,True,discovery,False,True,True,False,True,False
XLI,2007-06-04T00:00:00.000Z,27.1412683971,0.0344918378093621,108.1336736581,98.43977278633852,True,discovery,False,True,True,False,True,False
XLI,2007-06-05T00:00:00.000Z,27.0583732022,0.0286239495792248,107.7056292292,98.5295253578815,True,discovery,False,True,True,False,True,False
XLI,2007-06-06T00:00:00.000Z,26.7682400201,0.0181292695751118,106.5477997173,98.61234694038,True,discovery,False,True,True,False,True,False
XLI,2007-06-07T00:00:00.000Z,26.3330402468,-0.0010482180318672,104.6251185171,98.6832714373675,True,discovery,False,True,True,False,True,False
XLI,2007-06-08T00:00:00.000Z,26.699160691,0.0197889182046104,105.9864287896,98.7629401339925,True,discovery,False,True,True,False,True,False
XLI,2007-06-11T00:00:00.000Z,26.7337003555,0.0133542812243647,106.168880674,98.843555725688,True,discovery,False,True,True,False,True,False
XLI,2007-06-12T00:00:00.000Z,26.3883037101,0.0047343503399646,105.0110511621,98.919627807531,True,discovery,False,True,True,False,True,False
XLI,2007-06-13T00:00:00.000Z,27.0169256048,0.0259706191002047,106.5828873738,99.003939685414,True,discovery,False,True,True,False,True,False
XLI,2007-06-14T00:00:00.000Z,27.1550842629,0.0261028452085971,107.2635484746,99.091101238202,True,discovery,False,True,True,False,True,False
XLI,2007-06-15T00:00:00.000Z,27.300972898,0.0297339760263339,107.8709537509,99.1791545697325,True,discovery,False,True,True,False,True,False
XLI,2007-06-18T00:00:00.000Z,27.2871215673,0.0327095074645733,107.74409915,99.26605458140598,True,discovery,False,True,True,False,True,False
XLI,2007-06-19T00:00:00.000Z,27.3702295518,0.029931029301311,108.0118949291,99.3540167566755,True,discovery,False,True,True,False,True,False
XLI,2007-06-20T00:00:00.000Z,27.4948915285,0.036778034694205,106.5108453418,99.434542903404,True,discovery,False,True,True,False,True,False
XLI,2007-06-21T00:00:00.000Z,27.2732702366,0.0233563328480685,107.1028050556,99.515329970463,True,discovery,False,True,True,False,True,False
XLI,2007-06-22T00:00:00.000Z,27.113979933,0.0256205100023518,106.0950654481,99.5902133132995,True,discovery,False,True,True,False,True,False
XLI,2007-06-25T00:00:00.000Z,27.0447232793,0.01688935638201,105.5876688909,99.66657340523048,True,discovery,False,True,True,False,True,False
XLI,2007-06-26T00:00:00.000Z,26.816176322,0.0059443669434133,104.5023991971,99.73958318039652,True,discovery,False,True,True,False,True,False
XLI,2007-06-27T00:00:00.000Z,27.0793516061,0.0072037145233678,105.9893516364,99.818747496305,True,discovery,False,True,True,False,True,False
XLI,2007-06-28T00:00:00.000Z,26.9408382987,-0.0033259602589067,105.975265059,99.89739154840947,True,discovery,False,True,True,False,True,False
XLI,2007-06-29T00:00:00.000Z,27.0377976139,-0.0035586926925144,106.0104924255,99.97178281019752,True,discovery,False,True,True,False,True,False
XLI,2007-07-02T00:00:00.000Z,27.2317162443,0.0033324841667925,106.9689068137,100.0491322918735,True,discovery,False,True,True,False,True,False
XLI,2007-07-03T00:00:00.000Z,27.4256348747,0.0135729398717192,107.3565029818,100.128385170643,True,discovery,False,True,True,False,True,False
XLI,2007-07-05T00:00:00.000Z,27.3979322133,0.0235238548640914,107.2437462338,100.206003878811,True,discovery,False,True,True,False,True,False
XLI,2007-07-06T00:00:00.000Z,27.5641481822,0.0467514545932312,107.8075215174,100.285815938003,True,discovery,False,True,True,False,True,False
XLI,2007-07-09T00:00:00.000Z,27.7719181434,0.0401794447703973,107.89209454,100.36719771330952,True,discovery,False,True,True,False,True,False
XLI,2007-07-10T00:00:00.000Z,27.3078985634,0.0214784410786539,106.3558070154,100.438465354545,True,discovery,False,True,True,False,True,False
XLI,2007-07-11T00:00:00.000Z,27.5987765091,0.0458715653835943,107.1098585626,100.5157274426585,True,discovery,False,True,True,False,True,False
XLI,2007-07-12T00:00:00.000Z,28.007390766,0.036660913076802,108.8011738428,100.60283620453448,True,discovery,False,True,True,False,True,False
XLI,2007-07-13T00:00:00.000Z,28.2013093965,0.0385277807820829,109.1253483483,100.68805580782548,True,discovery,False,True,True,False,True,False
XLI,2007-07-16T00:00:00.000Z,28.3813766961,0.0395738203959443,109.1112512002,100.76938207943653,True,discovery,False,True,True,False,True,False
XLI,2007-07-17T00:00:00.000Z,28.5475926651,0.046192893401791,109.0548724738,100.849870399704,True,discovery,False,True,True,False,True,False
XLI,2007-07-18T00:00:00.000Z,28.4852616767,0.0407388663945884,108.8575525692,100.9295458956515,True,discovery,False,True,True,False,True,False
XLI,2007-07-19T00:00:00.000Z,28.7415112955,0.0453400503765513,109.2803866746,101.01171784463448,True,discovery,False,True,True,False,True,False
XLI,2007-07-20T00:00:00.000Z,28.3259713732,0.0385982732348431,108.1739768965,101.090095392494,True,discovery,False,True,True,False,True,False
XLI,2007-07-23T00:00:00.000Z,28.5129643382,0.0515964240091997,108.5051943383,101.1691559482885,True,discovery,True,True,True,True,True,True
XLI,2007-07-24T00:00:00.000Z,28.118201412,0.0396927016636046,106.6236027945,101.2333870957565,True,discovery,False,True,True,False,True,False
XLI,2007-07-25T00:00:00.000Z,28.1874580657,0.0511363636349229,106.8420634883,101.297806987231,True,discovery,True,True,True,True,True,True
XLI,2007-07-26T00:00:00.000Z,27.5987765091,0.019181585680323,104.3121335043,101.350168022076,True,discovery,False,True,True,False,True,False
XLI,2007-07-27T00:00:00.000Z,27.0862772715,0.0053984575827774,102.2614064861,101.391997394712,True,discovery,False,True,True,False,True,False
XLI,2007-07-30T00:00:00.000Z,27.6680331628,0.0233094262298938,103.8611156734,101.441199732286,True,discovery,False,True,True,False,True,False
XLI,2007-07-31T00:00:00.000Z,27.2940472327,0.0022889114971975,102.6912835279,101.485108966844,True,discovery,False,True,True,False,True,False
XLI,2007-08-01T00:00:00.000Z,27.4948915285,0.0025252525280239,103.1916265781,101.52745382782852,True,discovery,False,True,True,False,True,False
XLI,2007-08-02T00:00:00.000Z,27.6818844935,0.0103640040419605,104.0161539998,101.572704951633,True,discovery,False,True,True,False,True,False
XLI,2007-08-03T00:00:00.000Z,27.113979933,-0.0163316582912111,101.3382293305,101.6038366713065,True,discovery,False,False,True,False,False,False
XLI,2007-08-06T00:00:00.000Z,27.52259419,-0.0089775561094707,103.0365988225,101.644954587717,True,discovery,False,True,True,False,True,False
XLI,2007-08-07T00:00:00.000Z,27.52259419,0.0078620339863042,104.1359543889,101.690943756566,True,discovery,False,True,True,False,True,False
XLI,2007-08-08T00:00:00.000Z,27.7372898165,0.0050188205754095,105.5876688909,101.7434269259565,True,discovery,False,True,True,False,True,False
XLI,2007-08-09T00:00:00.000Z,26.9962436217,-0.0361028684445499,102.458725686,101.7801611274075,True,discovery,False,True,True,False,True,False
XLI,2007-08-10T00:00:00.000Z,26.6845886799,-0.0537819253452195,101.9795241297,101.812309867514,True,discovery,False,True,True,False,True,False
XLI,2007-08-13T00:00:00.000Z,27.0447232793,-0.0470961444581253,102.345968938,101.84486594659148,True,discovery,False,True,True,False,True,False
XLI,2007-08-14T00:00:00.000Z,26.352156742,-0.0769044153339054,100.7814976879,101.86796627704253,True,discovery,False,False,True,False,False,False
XLI,2007-08-15T00:00:00.000Z,26.0405018003,-0.0858254315564084,99.3932048486,101.8826307905445,True,discovery,False,False,True,False,False,False
XLI,2007-08-16T00:00:00.000Z,26.054353131,-0.0934939759037906,100.1402134595,101.904053836839,True,discovery,False,False,True,False,False,False
XLI,2007-08-17T00:00:00.000Z,26.3590824074,-0.0694376528128857,101.9795241297,101.9350209868895,True,discovery,False,True,True,False,True,False
XLI,2007-08-20T00:00:00.000Z,26.6984400106,-0.0636385717765938,101.9301883396,101.965810981277,True,discovery,False,False,True,False,False,False
XLI,2007-08-21T00:00:00.000Z,26.5945550301,-0.0541871921171228,102.1345518853,102.000854790437,True,discovery,False,True,True,False,True,False
XLI,2007-08-22T00:00:00.000Z,27.0724259408,-0.0395577395556937,103.3466649044,102.042237195286,True,discovery,False,True,True,False,True,False
XLI,2007-08-23T00:00:00.000Z,26.9269869679,-0.0243412798019685,103.2550588115,102.0839956614505,True,discovery,False,True,True,False,True,False
XLI,2007-08-24T00:00:00.000Z,27.1486082598,0.0023012017367771,104.5305941981,102.126779818148,True,discovery,False,True,True,False,True,False
XLI,2007-08-27T00:00:00.000Z,27.0862772715,-0.0210262828541849,103.5580819571,102.1628595104825,True,discovery,False,True,True,False,True,False
XLI,2007-08-28T00:00:00.000Z,26.4352647265,-0.0314640954079951,101.2818506041,102.186515446966,True,discovery,False,False,True,False,False,False
XLI,2007-08-29T00:00:00.000Z,27.05857461,-0.0158690176336113,103.2691453889,102.22264486134152,True,discovery,False,True,True,False,True,False
XLI,2007-08-30T00:00:00.000Z,26.8923586411,-0.0285213910413284,102.9943066735,102.2571915227045,True,discovery,False,True,True,False,True,False
XLI,2007-08-31T00:00:00.000Z,27.300972898,0.0068965517221031,104.009099788,102.2956305595845,True,discovery,False,True,True,False,True,False
XLI,2007-09-04T00:00:00.000Z,27.4256348747,-0.0035228988456048,105.0591315445,102.33570547221848,True,discovery,False,True,True,False,True,False
XLI,2007-09-05T00:00:00.000Z,27.1486082598,-0.0135883241099373,104.1500409662,102.3698447824695,True,discovery,False,True,True,False,True,False
XLI,2007-09-06T00:00:00.000Z,27.3702295518,-0.013233458175919,104.3896530198,102.403931043121,True,discovery,False,True,True,False,True,False
XLI,2007-09-07T00:00:00.000Z,26.8092506566,-0.0069266290421861,102.9379385178,102.43061974376847,True,discovery,False,True,True,False,True,False
XLI,2007-09-10T00:00:00.000Z,26.8300276527,0.0054502984679525,102.7406080425,102.456043761446,True,discovery,False,True,True,False,True,False
XLI,2007-09-11T00:00:00.000Z,27.0724259408,0.0010243277852726,103.9386344842,102.4869713734325,True,discovery,False,True,True,False,True,False
XLI,2007-09-12T00:00:00.000Z,27.0516489446,0.0265440210244785,104.2064196926,102.518264832187,True,discovery,False,True,True,False,True,False
XLI,2007-09-13T00:00:00.000Z,27.3356012249,0.0497340425515564,104.9393311554,102.5552037389075,True,discovery,False,True,True,False,True,False
XLI,2007-09-14T00:00:00.000Z,27.3702295518,0.0505050505066788,104.9322769436,102.598814722752,True,discovery,True,True,True,True,True,True
XLI,2007-09-17T00:00:00.000Z,27.1486082598,0.029952706251199,104.3685122307,102.6375216848595,True,discovery,False,True,True,False,True,False
XLI,2007-09-18T00:00:00.000Z,28.0281677621,0.0498054474707909,107.4410767092,102.686552301261,True,discovery,False,True,True,False,True,False
XLI,2007-09-19T00:00:00.000Z,28.3259713732,0.0651041666664611,108.0753172965,102.738545609818,True,discovery,True,True,True,True,True,True
XLI,2007-09-20T00:00:00.000Z,28.0904987505,0.0376055257081966,107.3142221083,102.78781077709851,True,discovery,False,True,True,False,True,False
XLI,2007-09-21T00:00:00.000Z,28.2803727923,0.0502613168719319,107.60225523,102.83479757156849,True,discovery,True,True,True,True,True,True
XLI,2007-09-24T00:00:00.000Z,28.0089146238,0.0316887832984753,107.4040021296,102.8786731667855,True,discovery,False,True,True,False,True,False
XLI,2007-09-25T00:00:00.000Z,28.1202820775,0.0381744894521911,107.1915852107,102.92190369549547,True,discovery,False,True,True,False,True,False
XLI,2007-09-26T00:00:00.000Z,28.3151751216,0.0711137344206538,107.7580267875,102.9701210979445,True,discovery,True,True,True,True,True,True
XLI,2007-09-27T00:00:00.000Z,28.4404635071,0.051070276872208,108.3952669235,103.020621145086,True,discovery,True,True,True,True,True,True
XLI,2007-09-28T00:00:00.000Z,28.5935937561,0.0632609113132969,108.0341660207,103.0678908026435,True,discovery,True,True,True,True,True,True
XLI,2007-10-01T00:00:00.000Z,28.9624984467,0.0608595728404139,109.2520115519,103.121631973841,True,discovery,True,True,True,True,True,True
XLI,2007-10-02T00:00:00.000Z,28.7258426074,0.047408482561672,109.1033162393,103.17410839499748,True,discovery,False,True,True,False,True,False
XLI,2007-10-03T00:00:00.000Z,28.5309495633,0.0509175752315409,108.8838230755,103.221143230917,True,discovery,True,True,True,True,True,True
XLI,2007-10-04T00:00:00.000Z,28.6283960854,0.045968431913179,109.0537584515,103.268983777753,True,discovery,False,True,True,False,True,False
XLI,2007-10-05T00:00:00.000Z,28.9416170491,0.0795384555806317,110.3494901156,103.3246658923075,True,discovery,True,True,True,True,True,True
XLI,2007-10-08T00:00:00.000Z,28.8928937881,0.076886470714927,109.7618077673,103.3764660260625,True,discovery,True,True,True,True,True,True
XLI,2007-10-09T00:00:00.000Z,29.1643519567,0.0772714650868182,110.795554104,103.43371447036547,True,discovery,True,True,True,True,True,True
XLI,2007-10-10T00:00:00.000Z,28.8441705271,0.0662629322955863,110.6114648222,103.49185969942852,True,discovery,True,True,True,True,True,True
XLI,2007-10-11T00:00:00.000Z,28.6353565512,0.0475480789907065,110.0804278353,103.5503900702295,True,discovery,False,True,True,False,True,False
XLI,2007-10-12T00:00:00.000Z,28.7606449367,0.0508002821923194,110.6893509549,103.60906449143152,True,discovery,True,True,True,True,True,True
XLI,2007-10-15T00:00:00.000Z,28.5379100292,0.0511739591254551,109.7547209017,103.6598157637775,True,discovery,True,True,True,True,True,True
XLI,2007-10-16T00:00:00.000Z,28.4126216437,0.0137166968908992,108.8838230755,103.70726089959,True,discovery,False,True,True,False,True,False
XLI,2007-10-17T00:00:00.000Z,28.4891867682,0.0057620405263285,109.216606962,103.758431839352,True,discovery,False,True,True,False,True,False
XLI,2007-10-18T00:00:00.000Z,28.5657518926,0.016918643784904,108.8201007612,103.808493910221,True,discovery,False,True,True,False,True,False
XLI,2007-10-19T00:00:00.000Z,27.7722587845,-0.0179670194424858,105.9737396795,103.84327577066448,True,discovery,False,True,True,False,True,False
XLI,2007-10-22T00:00:00.000Z,27.8766657724,-0.0047216699817287,106.589739044,103.8850865981445,True,discovery,False,True,True,False,True,False
XLI,2007-10-23T00:00:00.000Z,28.0645983507,-0.0019801980167387,107.4535606254,103.9289449805915,True,discovery,False,True,True,False,True,False
XLI,2007-10-24T00:00:00.000Z,27.9810727603,-0.0117994100289047,107.255307525,103.97223143787647,True,discovery,False,True,True,False,True,False
XLI,2007-10-25T00:00:00.000Z,28.0297960214,-0.0144395496788397,107.5102052787,104.015149948087,True,discovery,False,True,True,False,True,False
XLI,2007-10-26T00:00:00.000Z,28.0506774189,-0.0189873417742103,108.7705323528,104.062203373192,True,discovery,False,True,True,False,True,False
XLI,2007-10-29T00:00:00.000Z,28.2316495313,-0.0252343186740255,109.1316445843,104.107288135641,True,discovery,False,True,True,False,True,False
XLI,2007-10-30T00:00:00.000Z,27.9810727603,-0.0259268233582865,108.3740268601,104.149563304044,True,discovery,False,True,True,False,True,False
XLI,2007-10-31T00:00:00.000Z,28.2246890655,-0.0107343254426395,109.49982244,104.197257781924,True,discovery,False,True,True,False,True,False
XLI,2007-11-01T00:00:00.000Z,27.7444169211,-0.0308777048376388,106.9366874571,104.233814054583,True,discovery,False,True,True,False,True,False
XLI,2007-11-02T00:00:00.000Z,27.9949936921,-0.0327080327057757,107.0570544246,104.26999361159052,True,discovery,False,True,True,False,True,False
XLI,2007-11-05T00:00:00.000Z,27.8766657724,-0.0351722476520697,106.2428019598,104.30363955857848,True,discovery,False,True,True,False,True,False
XLI,2007-11-06T00:00:00.000Z,28.3151751216,-0.0291169451102758,107.6730644099,104.34296907246,True,discovery,False,True,True,False,True,False
XLI,2007-11-07T00:00:00.000Z,27.6330494673,-0.0419884169892184,104.727577132,104.3635523252105,True,discovery,False,True,True,False,True,False
XLI,2007-11-08T00:00:00.000Z,27.6400099332,-0.0347593582856327,104.1965401452,104.387386355885,True,discovery,False,False,True,False,False,False
XLI,2007-11-09T00:00:00.000Z,27.0901331302,-0.0580832526592038,102.766276987,104.40452334011952,True,discovery,False,False,True,False,False,False
XLI,2007-11-12T00:00:00.000Z,26.797793564,-0.0609756097562684,101.7466845562,104.416841941065,True,discovery,False,False,True,False,False,False
XLI,2007-11-13T00:00:00.000Z,27.4799192184,-0.0328270455643368,104.8479440996,104.442080834826,True,discovery,False,True,True,False,True,False
XLI,2007-11-14T00:00:00.000Z,27.3894331622,-0.038602492059463,104.5576410479,104.46251332636052,True,discovery,False,True,True,False,True,False
XLI,2007-11-15T00:00:00.000Z,27.0066075398,-0.054580896685723,103.049492465,104.4723996738245,True,discovery,False,False,True,False,False,False
XLI,2007-11-16T00:00:00.000Z,27.0135680057,-0.0273182957384594,103.226504794,104.482472163729,True,discovery,False,False,True,False,False,False
XLI,2007-11-19T00:00:00.000Z,26.6237819175,-0.0449438202233083,101.789166099,104.48521814626348,True,discovery,False,False,True,False,False,False
XLI,2007-11-20T00:00:00.000Z,26.6655447126,-0.0498511904790934,102.4122523291,104.4909397984735,True,discovery,False,False,True,False,False,False
XLI,2007-11-21T00:00:00.000Z,26.2200748976,-0.0629353233804005,100.316422106,104.485063984109,True,discovery,False,False,True,False,False,False
XLI,2007-11-23T00:00:00.000Z,26.5680981906,-0.0521480009945142,102.0511514263,104.488525810034,True,discovery,False,False,True,False,False,False
XLI,2007-11-26T00:00:00.000Z,26.1504702389,-0.0677419354842275,99.7995489377,104.484503850824,True,discovery,False,False,True,False,False,False
XLI,2007-11-27T00:00:00.000Z,26.6725051785,-0.0552268244571186,100.9465959098,104.48792952168498,True,discovery,False,False,True,False,False,False
XLI,2007-11-28T00:00:00.000Z,27.3198285036,-0.0236318407934016,104.1752993737,104.5032701607865,True,discovery,False,False,True,False,False,False
XLI,2007-11-29T00:00:00.000Z,27.3198285036,-0.0320591861897973,104.2106933429,104.515467864197,True,discovery,False,False,True,False,False,False
XLI,2007-11-30T00:00:00.000Z,27.4242354915,-0.01154039136993,105.2586141189,104.532241181294,True,discovery,False,True,True,False,True,False
XLI,2007-12-03T00:00:00.000Z,27.145816857,-0.0303331675813033,104.5647180008,104.545789667654,True,discovery,False,True,True,False,True,False
XLI,2007-12-04T00:00:00.000Z,27.0831726643,-0.0284644194746422,103.6300985684,104.5535817263185,True,discovery,False,False,True,False,False,False
XLI,2007-12-05T00:00:00.000Z,27.5286424794,-0.0277777777754233,105.3648172679,104.57025704690348,True,discovery,False,True,True,False,True,False
XLI,2007-12-06T00:00:00.000Z,27.8418634431,0.0075566750621245,106.8729651428,104.594857521686,True,discovery,False,True,True,False,True,False
XLI,2007-12-07T00:00:00.000Z,28.0506774189,0.0148577184556915,106.8517250794,104.621343717807,True,discovery,False,True,True,False,True,False
XLI,2007-12-10T00:00:00.000Z,28.1829262703,0.0403391572439988,107.6801413628,104.65242631711598,True,discovery,False,True,True,False,True,False
XLI,2007-12-11T00:00:00.000Z,27.2850261743,0.0181818181835144,104.727577132,104.6885607449545,True,discovery,False,True,True,False,True,False
XLI,2007-12-12T00:00:00.000Z,27.6330494673,0.0055724417412941,105.7613227606,104.72486657812448,True,discovery,False,True,True,False,True,False
XLI,2007-12-13T00:00:00.000Z,27.7722587845,0.0139771283338692,105.5418295969,104.761542690833,True,discovery,False,True,True,False,True,False
XLI,2007-12-14T00:00:00.000Z,27.4659982866,0.0170103092779421,104.20361639,104.7979578801585,True,discovery,False,False,True,False,False,False
XLI,2007-12-17T00:00:00.000Z,26.9718052105,-0.0015459933020024,102.7167191993,104.8315514915185,True,discovery,False,False,True,False,False,False
XLI,2007-12-18T00:00:00.000Z,27.048370335,0.015947712418006,103.290237729,104.859800303137,True,discovery,False,False,True,False,False,False
XLI,2007-12-19T00:00:00.000Z,26.9578842788,0.0109631949900452,103.290237729,104.888538362043,True,discovery,False,False,True,False,False,False
XLI,2007-12-20T00:00:00.000Z,27.1806191863,0.0366339261978203,103.9416416834,104.9164097310955,True,discovery,False,False,True,False,False,False
XLI,2007-12-21T00:00:00.000Z,27.658295077,0.0410340581617436,105.4323772095,104.951595012809,True,discovery,False,True,True,False,True,False
XLI,2007-12-24T00:00:00.000Z,27.9659979805,0.069426198650123,106.2153020871,104.98996102176947,True,discovery,True,True,True,True,True,True
XLI,2007-12-26T00:00:00.000Z,27.8610992634,0.0445625214784135,106.4430688973,105.0390412189885,True,discovery,False,True,True,False,True,False
XLI,2007-12-27T00:00:00.000Z,27.5394098642,0.0080374355414076,105.1049645996,105.077831410317,True,discovery,False,True,True,False,True,False
XLI,2007-12-28T00:00:00.000Z,27.511436873,0.0070135275327498,104.8416185449,105.11464088117852,True,discovery,False,False,True,False,False,False
XLI,2007-12-31T00:00:00.000Z,27.3855584125,-0.0014103247841489,104.0658076656,105.148929779322,True,discovery,False,False,True,False,False,False
XLI,2008-01-02T00:00:00.000Z,26.930997305,-0.0079135416381697,103.1547503893,105.17280411101552,True,discovery,False,False,True,False,False,False
XLI,2008-01-03T00:00:00.000Z,26.9519770485,-0.004844174551711,103.1049331835,105.1937277551875,True,discovery,False,False,True,False,False,False
XLI,2008-01-04T00:00:00.000Z,26.3995104717,-0.0410166250858515,100.5781982699,105.19387790493248,True,discovery,False,False,True,False,False,False
XLI,2008-01-07T00:00:00.000Z,26.0708278248,-0.0636105274318092,100.4927904315,105.193986956551,True,discovery,False,False,True,False,False,False
XLI,2008-01-08T00:00:00.000Z,25.4903882568,-0.091273701660229,98.8699888311,105.1852451825365,True,discovery,False,False,True,False,False,False
XLI,2008-01-09T00:00:00.000Z,25.5673139827,-0.0928083997564301,99.9091457651,105.182365825686,True,discovery,False,False,True,False,False,False
XLI,2008-01-10T00:00:00.000Z,25.9239696208,-0.0498829117775224,100.5639595969,105.183953432708,True,discovery,False,False,True,False,False,False
XLI,2008-01-11T00:00:00.000Z,25.483395009,-0.0777928784459286,99.7525587967,105.18513291202449,True,discovery,False,False,True,False,False,False
XLI,2008-01-14T00:00:00.000Z,25.7980911603,-0.0710841577387938,100.5568463103,105.18980756668952,True,discovery,False,False,True,False,False,False
XLI,2008-01-15T00:00:00.000Z,25.2596110791,-0.0803315861479698,98.3432853335,105.18330916332452,True,discovery,False,False,True,False,False,False
XLI,2008-01-16T00:00:00.000Z,24.9658946712,-0.0743706445914531,97.4962946125,105.172014423498,True,discovery,False,False,True,False,False,False
XLI,2008-01-17T00:00:00.000Z,24.3015361296,-0.1015526692137034,94.9695596988,105.142717926754,True,discovery,False,False,True,False,False,False
XLI,2008-01-18T00:00:00.000Z,24.2525833949,-0.1003528635972179,93.9944579319,105.107984538319,True,discovery,False,False,True,False,False,False
XLI,2008-01-22T00:00:00.000Z,24.3365023686,-0.1046376757720638,93.0407074128,105.067114064292,True,discovery,False,False,True,False,False,False
XLI,2008-01-23T00:00:00.000Z,25.0008609103,-0.0960809102405542,95.2756203491,105.036716454444,True,discovery,False,False,True,False,False,False
XLI,2008-01-24T00:00:00.000Z,25.1477191142,-0.1007751938001682,96.079907151,105.00974382774,True,discovery,False,False,True,False,False,False
XLI,2008-01-25T00:00:00.000Z,25.0358271493,-0.1014056224914085,94.6919749711,104.97790157714398,True,discovery,False,False,True,False,False,False
XLI,2008-01-28T00:00:00.000Z,25.4064692831,-0.0774504824764863,96.257846079,104.951643206797,True,discovery,False,False,True,False,False,False
XLI,2008-01-29T00:00:00.000Z,25.6302532129,-0.0683782409760724,96.7347216945,104.925453557609,True,discovery,False,False,True,False,False,False
XLI,2008-01-30T00:00:00.000Z,25.73515193,-0.0602655771206286,96.0229659822,104.89086335885,True,discovery,False,False,True,False,False,False
XLI,2008-01-31T00:00:00.000Z,25.8750168862,-0.0392105946482698,97.7738786285,104.8636593903265,True,discovery,False,False,True,False,False,False
XLI,2008-02-01T00:00:00.000Z,26.4694429498,-0.0179034769075263,99.3468637348,104.8436887793405,True,discovery,False,False,True,False,False,False
XLI,2008-02-04T00:00:00.000Z,26.1827197897,-0.0082119205290719,98.0941772401,104.817595106155,True,discovery,False,False,True,False,False,False
XLI,2008-02-05T00:00:00.000Z,25.518361248,-0.021190987126019,95.4677972385,104.773492644824,True,discovery,False,False,True,False,False,False
XLI,2008-02-06T00:00:00.000Z,25.4764017612,-0.0005486968444377,94.6990996458,104.727511475883,True,discovery,False,False,True,False,False,False
XLI,2008-02-07T00:00:00.000Z,25.483395009,-0.0032822757117459,95.325437555,104.684451493705,True,discovery,False,False,True,False,False,False
XLI,2008-02-08T00:00:00.000Z,25.2945773182,-0.0242783922295222,94.713337607,104.6335593732865,True,discovery,False,False,True,False,False,False
XLI,2008-02-11T00:00:00.000Z,25.5463342392,0.0024698133893765,95.197326509,104.584490750021,True,discovery,False,False,True,False,False,False
XLI,2008-02-12T00:00:00.000Z,25.8050844081,0.0002710761721302,96.079907151,104.54025603904,True,discovery,False,False,True,False,False,False
XLI,2008-02-13T00:00:00.000Z,26.2666387634,0.0398671096378526,97.0621229163,104.5052830363115,True,discovery,False,False,True,False,False,False
XLI,2008-02-14T00:00:00.000Z,25.8750168862,0.0364145658296291,96.2080181969,104.46470624149,True,discovery,False,False,True,False,False,False
XLI,2008-02-15T00:00:00.000Z,25.7141721866,0.0581294964016438,96.1866662373,104.42097026144047,True,discovery,True,False,True,True,False,False
XLI,2008-02-19T00:00:00.000Z,25.8400506471,0.0654555940021557,96.4571369667,104.37574465976247,True,discovery,True,False,True,True,False,False
XLI,2008-02-20T00:00:00.000Z,25.9239696208,0.0652298850572798,96.741834981,104.329942699794,True,discovery,True,False,True,True,False,False
XLI,2008-02-21T00:00:00.000Z,25.7211654344,0.0288111888100319,95.9375474675,104.280014049112,True,discovery,False,False,True,False,False,False
XLI,2008-02-22T00:00:00.000Z,25.9799156033,0.0330923248077035,96.5283061321,104.2337408922555,True,discovery,False,False,True,False,False,False
XLI,2008-02-25T00:00:00.000Z,26.1827197897,0.0458100558675595,97.7454133823,104.192114750008,True,discovery,False,False,True,False,False,False
XLI,2008-02-26T00:00:00.000Z,26.2036995331,0.0313790255984252,98.4785210541,104.1596976702595,True,discovery,False,False,True,False,False,False
XLI,2008-02-27T00:00:00.000Z,26.2526522677,0.0242837653467558,98.3788752544,104.12229141444053,True,discovery,False,False,True,False,False,False
XLI,2008-02-28T00:00:00.000Z,26.063834577,0.0127717391330746,97.4180007724,104.08123861642552,True,discovery,False,False,True,False,False,False
XLI,2008-02-29T00:00:00.000Z,25.3505233006,-0.0202702702729338,95.2471543912,104.02919121623,True,discovery,False,False,True,False,False,False
XLI,2008-03-03T00:00:00.000Z,25.7211654344,-0.0282694848100555,95.019387581,103.972391173697,True,discovery,False,False,True,False,False,False
XLI,2008-03-04T00:00:00.000Z,25.4204557787,-0.0291132478643363,94.6563957265,103.9148287489595,True,discovery,False,False,True,False,False,False
XLI,2008-03-05T00:00:00.000Z,25.7561316734,0.0093176212645171,95.2542683895,103.855624422819,True,discovery,False,False,True,False,False,False
XLI,2008-03-06T00:00:00.000Z,25.266604327,-0.0082349711771118,93.2827022197,103.78684295725802,True,discovery,False,False,True,False,False,False
XLI,2008-03-07T00:00:00.000Z,24.902955441,-0.0227771679477951,92.321838414,103.71367818174252,True,discovery,False,False,True,False,False,False
XLI,2008-03-10T00:00:00.000Z,24.504340316,-0.0312413602433043,91.1047311638,103.634357684839,True,discovery,False,False,True,False,False,False
XLI,2008-03-11T00:00:00.000Z,25.336536805,-0.0082124281407885,94.3788117105,103.57624941079798,True,discovery,False,False,True,False,False,False
XLI,2008-03-12T00:00:00.000Z,25.2875840704,-0.020054200541098,93.4962310686,103.5115178297745,True,discovery,False,False,True,False,False,False
XLI,2008-03-13T00:00:00.000Z,25.6372464607,-0.023961661344237,93.7026352429,103.445888553769,True,discovery,False,False,True,False,False,False
XLI,2008-03-14T00:00:00.000Z,25.2316380879,-0.0248648648667408,92.2506585722,103.3686488176125,True,discovery,False,False,True,False,False,False
XLI,2008-03-17T00:00:00.000Z,25.1057596274,-0.0236605928740357,91.3182600127,103.287308418887,True,discovery,False,False,True,False,False,False
XLI,2008-03-18T00:00:00.000Z,26.4274834629,0.0227334235455891,95.1119193824,103.22226983264552,True,discovery,False,False,True,False,False,False
XLI,2008-03-19T00:00:00.000Z,25.4624152655,-0.0178041543039642,92.7560093984,103.145381511347,True,discovery,False,False,True,False,False,False
XLI,2008-03-20T00:00:00.000Z,25.7284943581,0.0002849374659439,94.4656074726,103.079181402564,True,discovery,False,False,True,False,False,False
XLI,2008-03-24T00:00:00.000Z,26.3114768948,0.0127622158810201,96.3537745341,103.028211276648,True,discovery,False,False,True,False,False,False
XLI,2008-03-25T00:00:00.000Z,26.4730262724,0.0110877130042923,96.4467560689,102.987319464407,True,discovery,False,False,True,False,False,False
XLI,2008-03-26T00:00:00.000Z,26.2623096929,0.0022367131681526,95.2666447715,102.93372054431649,True,discovery,False,False,True,False,False,False
XLI,2008-03-27T00:00:00.000Z,25.9743303675,-0.0106016678757611,94.9662558738,102.87770742031552,True,discovery,False,False,True,False,False,False
XLI,2008-03-28T00:00:00.000Z,25.8759959638,-0.0072068679167323,94.0579298779,102.82294181389447,True,discovery,False,False,True,False,False,False
XLI,2008-03-31T00:00:00.000Z,26.2693335789,0.0362442332020125,94.3869331,102.7619620425255,True,discovery,False,False,True,False,False,False
XLI,2008-04-01T00:00:00.000Z,26.8663638875,0.044523583350869,97.7055310107,102.714171955206,True,discovery,False,False,True,False,False,False
XLI,2008-04-02T00:00:00.000Z,26.9857699492,0.0615769514176685,97.7698975058,102.6636666739805,True,discovery,True,False,True,True,False,False
XLI,2008-04-03T00:00:00.000Z,26.8663638875,0.0431055497066978,98.0130677677,102.61501151706902,True,discovery,False,False,True,False,False,False
XLI,2008-04-04T00:00:00.000Z,26.9717221772,0.0674850418414914,97.905789799,102.56448099141848,True,discovery,True,False,True,True,False,False
XLI,2008-04-07T00:00:00.000Z,26.8031489136,0.0763039341696585,97.9558605754,102.52170606758648,True,discovery,True,False,True,True,False,False
XLI,2008-04-08T00:00:00.000Z,26.7820772557,0.0929523876312132,97.855730466,102.4754706946385,True,discovery,True,False,True,True,False,False
XLI,2008-04-09T00:00:00.000Z,26.5221934743,0.0467963194190776,97.1476639737,102.4307336872665,True,discovery,False,False,True,False,False,False
XLI,2008-04-10T00:00:00.000Z,26.63457565,0.0532669145399578,97.2835562668,102.389213124146,True,discovery,True,False,True,True,False,False
XLI,2008-04-11T00:00:00.000Z,25.5880166384,-0.0019202460909936,95.3953892053,102.343678074187,True,discovery,False,False,True,False,False,False
XLI,2008-04-14T00:00:00.000Z,25.6020644104,0.0146810255128715,95.0735338426,102.289098985218,True,discovery,False,False,True,False,False,False
XLI,2008-04-15T00:00:00.000Z,25.7214704721,0.0245246849264031,95.2952590959,102.23569895540253,True,discovery,False,False,True,False,False,False
XLI,2008-04-16T00:00:00.000Z,26.4379068425,0.0003944143835954,97.8771862028,102.195032424289,True,discovery,False,False,True,False,False,False
XLI,2008-04-17T00:00:00.000Z,26.1288558592,0.0261735026607232,98.0202270705,102.150289025573,True,discovery,False,False,True,False,False,False
XLI,2008-04-18T00:00:00.000Z,26.9155310893,0.0461370461356316,99.0429796098,102.108721408713,True,discovery,False,False,True,False,False,False
XLI,2008-04-21T00:00:00.000Z,26.8242205716,0.0194874532832225,99.093049671,102.067967925899,True,discovery,False,False,True,False,False,False
XLI,2008-04-22T00:00:00.000Z,26.3957635266,-0.0029185460326668,98.6567677649,102.02221415713652,True,discovery,False,False,True,False,False,False
XLI,2008-04-23T00:00:00.000Z,26.4098112985,0.0056164749911495,98.499419735,101.97525078311148,True,discovery,False,False,True,False,False,False
XLI,2008-04-24T00:00:00.000Z,26.5783845621,0.0232558139537568,98.9285530664,101.93811451336649,True,discovery,False,False,True,False,False,False
XLI,2008-04-25T00:00:00.000Z,26.9506505193,0.0415309446254135,99.8440276369,101.901785358738,True,discovery,False,False,True,False,False,False
XLI,2008-04-28T00:00:00.000Z,27.1051760109,0.0318181818160534,99.8654833737,101.85710690639252,True,discovery,False,False,True,False,False,False
XLI,2008-04-29T00:00:00.000Z,26.8523161155,-0.0005228758182098,99.4721129412,101.808840729357,True,discovery,False,False,True,False,False,False
XLI,2008-04-30T00:00:00.000Z,27.0419610371,0.002082248829875,98.8856315798,101.757712631255,True,discovery,False,False,True,False,False,False
XLI,2008-05-01T00:00:00.000Z,27.2175581866,0.013071895421747,100.9311466713,101.7170940022425,True,discovery,False,False,True,False,False,False
XLI,2008-05-02T00:00:00.000Z,27.3229164764,0.0130208333339898,101.2100805474,101.67885664213352,True,discovery,False,False,True,False,False,False
XLI,2008-05-05T00:00:00.000Z,27.2526776166,0.0167714884713379,100.7237393084,101.63607340530253,True,discovery,False,False,True,False,False,False
XLI,2008-05-06T00:00:00.000Z,27.3580359063,0.0215053763418378,101.5963024053,101.60318503284648,True,discovery,False,False,True,False,False,False
XLI,2008-05-07T00:00:00.000Z,26.9366027473,0.015624999998645,99.7868090011,101.5595931061605,True,discovery,False,False,True,False,False,False
XLI,2008-05-08T00:00:00.000Z,27.0279132651,0.0147679324900376,99.529331577,101.524121750073,True,discovery,False,False,True,False,False,False
XLI,2008-05-09T00:00:00.000Z,26.8593400015,0.0496843261072499,99.3433685075,101.486628275169,True,discovery,False,False,True,False,False,False
XLI,2008-05-12T00:00:00.000Z,27.2877970465,0.0658436214001252,100.4591133097,101.467363174196,True,discovery,True,False,True,True,False,False
XLI,2008-05-13T00:00:00.000Z,27.4704180821,0.0679956308056757,100.4734097437,101.45842319048398,True,discovery,True,False,True,True,False,False
XLI,2008-05-14T00:00:00.000Z,27.498513626,0.0401168969169312,100.6808278348,101.44252175129098,True,discovery,False,False,True,False,False,False
XLI,2008-05-15T00:00:00.000Z,27.6600630036,0.0586021505362186,101.9396027765,101.438763347534,True,discovery,True,True,True,True,True,True
XLI,2008-05-16T00:00:00.000Z,27.5898241438,0.0250521920694353,102.0325843113,101.4329681362,True,discovery,False,True,True,False,True,False
XLI,2008-05-19T00:00:00.000Z,27.8988751271,0.0400628436763519,102.3115174722,101.42444495356202,True,discovery,False,True,True,False,True,False
XLI,2008-05-20T00:00:00.000Z,27.4563703101,0.040180947311154,101.4818651337,101.425163132578,True,discovery,False,True,True,False,True,False
XLI,2008-05-21T00:00:00.000Z,26.9927938352,0.0220744680872866,99.7653532643,101.408806904787,True,discovery,False,False,True,False,False,False
XLI,2008-05-22T00:00:00.000Z,26.9295788613,0.0132135306560654,99.7796504135,101.38702538491002,True,discovery,False,False,True,False,False,False
XLI,2008-05-23T00:00:00.000Z,26.5432651322,-0.0151159760247072,98.4422010992,101.3512980459515,True,discovery,False,False,True,False,False,False
XLI,2008-05-27T00:00:00.000Z,26.8242205716,-0.0103653796303339,99.1717240435,101.334863037739,True,discovery,False,False,True,False,False,False
XLI,2008-05-28T00:00:00.000Z,27.0068416071,0.0057546429490602,99.6294609712,101.32311272194652,True,discovery,False,False,True,False,False,False
XLI,2008-05-29T00:00:00.000Z,27.1121998969,0.0025974025960484,100.1301093724,101.31203342411852,True,discovery,False,False,True,False,False,False
XLI,2008-05-30T00:00:00.000Z,27.2807731605,0.0023225806468973,100.3804389371,101.3100281303645,True,discovery,False,False,True,False,False,False
XLI,2008-06-02T00:00:00.000Z,27.048984923,-0.0100257069422514,99.3433685075,101.309778948659,True,discovery,False,False,True,False,False,False
XLI,2008-06-03T00:00:00.000Z,26.9576744053,-0.010824742267538,98.7640457337,101.30289811003,True,discovery,False,False,True,False,False,False
XLI,2008-06-04T00:00:00.000Z,26.8523161155,-0.0184852374831316,98.7139864007,101.286570421385,True,discovery,False,False,True,False,False,False
XLI,2008-06-05T00:00:00.000Z,27.048984923,0.0041720990859273,100.6879764094,101.280359361734,True,discovery,False,False,True,False,False,False
XLI,2008-06-06T00:00:00.000Z,25.9954020255,-0.0382016632017699,97.4766564675,101.257069884645,True,discovery,False,False,True,False,False,False
XLI,2008-06-09T00:00:00.000Z,26.2623096929,-0.0222280334724032,97.71267887,101.228899954473,True,discovery,False,False,True,False,False,False
XLI,2008-06-10T00:00:00.000Z,26.1077842012,-0.0432432432449269,97.226337631,101.1987563485705,True,discovery,False,False,True,False,False,False
XLI,2008-06-11T00:00:00.000Z,25.6161121824,-0.0675019176686024,95.7959074971,101.1550829150655,True,discovery,False,False,True,False,False,False
XLI,2008-06-12T00:00:00.000Z,25.7074227002,-0.0651340996157158,96.1606636052,101.118095823306,True,discovery,False,False,True,False,False,False
XLI,2008-06-13T00:00:00.000Z,26.0024259115,-0.0599288979162576,97.3765270734,101.0985692056525,True,discovery,False,False,True,False,False,False
XLI,2008-06-16T00:00:00.000Z,25.8619481918,-0.0626272912431118,97.4337457091,101.0693922072535,True,discovery,False,False,True,False,False,False
XLI,2008-06-17T00:00:00.000Z,25.8057571039,-0.0750251762361133,96.9617116323,101.03922923204748,True,discovery,False,False,True,False,False,False
XLI,2008-06-18T00:00:00.000Z,25.4334911468,-0.0736761320033576,96.0176227375,100.999271846795,True,discovery,False,False,True,False,False,False
XLI,2008-06-19T00:00:00.000Z,25.763613788,-0.0455373406215211,96.1392078684,100.95467222841452,True,discovery,False,False,True,False,False,False
XLI,2008-06-20T00:00:00.000Z,25.3360768721,-0.0591729264466883,94.5866361662,100.9068552044145,True,discovery,False,False,True,False,False,False
XLI,2008-06-23T00:00:00.000Z,25.3854786933,-0.0436188401514879,94.4931817245,100.857372847938,True,discovery,False,False,True,False,False,False
XLI,2008-06-24T00:00:00.000Z,25.0820103631,-0.0649491456368561,94.3062836237,100.81421457346752,True,discovery,False,False,True,False,False,False
XLI,2008-06-25T00:00:00.000Z,24.8985178843,-0.0780662823691953,94.7519694056,100.774271380283,True,discovery,False,False,True,False,False,False
XLI,2008-06-26T00:00:00.000Z,24.4891885087,-0.0967465347029961,92.1784753982,100.715470584853,True,discovery,False,False,True,False,False,False
XLI,2008-06-27T00:00:00.000Z,23.7834482058,-0.1281974280613058,91.6752806836,100.652814889808,True,discovery,False,False,True,False,False,False
XLI,2008-06-30T00:00:00.000Z,24.0022276997,-0.1126385049928181,91.9987672619,100.5881120703405,True,discovery,False,False,True,False,False,False
XLI,2008-07-01T00:00:00.000Z,23.9881128937,-0.1101564425385364,92.2863097688,100.52488223446652,True,discovery,False,False,True,False,False,False
XLI,2008-07-02T00:00:00.000Z,23.2541429787,-0.133998613800134,90.7048302937,100.45656382478153,True,discovery,False,False,True,False,False,False
XLI,2008-07-03T00:00:00.000Z,23.578783518,-0.1282932211644383,90.7982797035,100.373349839753,True,discovery,False,False,True,False,False,False
XLI,2008-07-07T00:00:00.000Z,23.5505539059,-0.094049252140888,89.8709590363,100.282328048452,True,discovery,False,False,True,False,False,False
XLI,2008-07-08T00:00:00.000Z,24.0939739391,-0.0825645489355496,91.4668126895,100.203091001358,True,discovery,False,False,True,False,False,False
XLI,2008-07-09T00:00:00.000Z,23.4235206514,-0.1028146827441841,89.7056257969,100.11360785419252,True,discovery,False,False,True,False,False,False
XLI,2008-07-10T00:00:00.000Z,23.7834482058,-0.0715434084435016,90.0722420979,100.026949054034,True,discovery,False,False,True,False,False,False
XLI,2008-07-11T00:00:00.000Z,23.3529466211,-0.0915874028508382,89.0227121632,99.93610468879648,True,discovery,False,False,True,False,False,False
XLI,2008-07-14T00:00:00.000Z,23.4588076665,-0.0978223437173623,88.2176007636,99.838402558677,True,discovery,False,False,True,False,False,False
XLI,2008-07-15T00:00:00.000Z,22.9930190667,-0.1109324442158478,86.9739834825,99.731296141472,True,discovery,False,False,True,False,False,False
XLI,2008-07-16T00:00:00.000Z,23.5223242938,-0.0884854027303428,89.1089766405,99.636670194571,True,discovery,False,False,True,False,False,False
XLI,2008-07-17T00:00:00.000Z,24.1716053724,-0.0496151223249888,90.0003525175,99.540411899399,True,discovery,False,False,True,False,False,False
XLI,2008-07-18T00:00:00.000Z,24.2068923875,-0.0604232548007328,90.5610619156,99.4477006277805,True,discovery,False,False,True,False,False,False
XLI,2008-07-21T00:00:00.000Z,24.2280645966,-0.0437325905306256,90.6113816028,99.35633842041702,True,discovery,False,False,True,False,False,False
XLI,2008-07-22T00:00:00.000Z,24.5244755238,-0.0339171531844009,91.6393409253,99.269266332786,True,discovery,False,False,True,False,False,False
XLI,2008-07-23T00:00:00.000Z,24.7150254056,-0.0146314012388696,92.1353456755,99.1781956105855,True,discovery,False,False,True,False,False,False
XLI,2008-07-24T00:00:00.000Z,24.1010313421,-0.0320294784575454,90.2232004404,99.080502573951,True,discovery,False,False,True,False,False,False
XLI,2008-07-25T00:00:00.000Z,24.326868239,-0.0066282420767979,90.2016355791,98.97753298132652,True,discovery,False,False,True,False,False,False
XLI,2008-07-28T00:00:00.000Z,23.7693333998,-0.0005934718076984,88.8789437851,98.868870376141,True,discovery,False,False,True,False,False,False
XLI,2008-07-29T00:00:00.000Z,24.6656235844,0.0276389297276888,90.7767148422,98.7723518111755,True,discovery,False,False,True,False,False,False
XLI,2008-07-30T00:00:00.000Z,24.9549771086,0.0403059723449079,92.3941333567,98.68087572318449,True,discovery,False,False,True,False,False,False
XLI,2008-07-31T00:00:00.000Z,24.1927775815,0.0403641881646534,91.1720859689,98.5879625485205,True,discovery,False,False,True,False,False,False
XLI,2008-08-01T00:00:00.000Z,24.1716053724,0.0251421730025824,90.6904561157,98.4969957137215,True,discovery,False,False,True,False,False,False
XLI,2008-08-04T00:00:00.000Z,24.065744327,0.0218759364709011,89.849394175,98.40015964978652,True,discovery,False,False,True,False,False,False
XLI,2008-08-05T00:00:00.000Z,24.7361976147,0.0266549502055279,92.27192984,98.31741879518049,True,discovery,False,False,True,False,False,False
XLI,2008-08-06T00:00:00.000Z,25.2090436176,0.0762277794518169,92.6816701128,98.250958447347,True,discovery,True,False,True,True,False,False
XLI,2008-08-07T00:00:00.000Z,24.3621552542,0.0243323442165495,91.3014794501,98.1745171493775,True,discovery,False,False,True,False,False,False
XLI,2008-08-08T00:00:00.000Z,25.3290194691,0.0846177092793321,92.9979667267,98.102239179884,True,discovery,True,False,True,True,False,False
XLI,2008-08-11T00:00:00.000Z,25.300789857,0.0785198555990727,93.9612379349,98.03576883193352,True,discovery,True,False,True,True,False,False
XLI,2008-08-12T00:00:00.000Z,25.0184937358,0.088090853281352,92.9835975806,97.963135793443,True,discovery,True,False,True,True,False,False
XLI,2008-08-13T00:00:00.000Z,24.9267474964,0.0597059705945035,92.4228932144,97.881397597751,True,discovery,True,False,True,True,False,False
XLI,2008-08-14T00:00:00.000Z,24.9832067207,0.0335766423369925,93.1201702434,97.8013402260465,True,discovery,False,False,True,False,False,False
XLI,2008-08-15T00:00:00.000Z,25.1525843934,0.0390670553973437,93.5730510217,97.72733534685447,True,discovery,False,False,True,False,False,False
XLI,2008-08-18T00:00:00.000Z,24.8773456752,0.0267987183215252,92.2934939824,97.64130370456652,True,discovery,False,False,True,False,False,False
XLI,2008-08-19T00:00:00.000Z,24.4821311057,-0.0017266187021576,91.2870995212,97.563055764887,True,discovery,False,False,True,False,False,False
XLI,2008-08-20T00:00:00.000Z,24.3833274633,-0.0134209023400333,91.7112254738,97.48632662013298,True,discovery,False,False,True,False,False,False
XLI,2008-08-21T00:00:00.000Z,24.4256718814,0.0134699853583821,91.8693737807,97.41445947923752,True,discovery,False,False,True,False,False,False
XLI,2008-08-22T00:00:00.000Z,24.9055752874,0.0237888018595109,93.1992447563,97.34209038096952,True,discovery,False,False,True,False,False,False
XLI,2008-08-25T00:00:00.000Z,24.4327292845,0.0279097387184439,91.3086643826,97.2749958172225,True,discovery,False,False,True,False,False,False
XLI,2008-08-26T00:00:00.000Z,24.5103607178,-0.0062947067228494,91.5746413093,97.211886323043,True,discovery,False,False,True,False,False,False
XLI,2008-08-27T00:00:00.000Z,24.5879921511,-0.0147058823537662,92.4660229371,97.1603850527935,True,discovery,False,False,True,False,False,False
XLI,2008-08-28T00:00:00.000Z,25.1666991994,0.0402567094505406,93.5874309506,97.11958878476553,True,discovery,False,False,True,False,False,False
XLI,2008-08-29T00:00:00.000Z,24.8561734662,0.0283211678849295,92.5810307386,97.0582542179605,True,discovery,False,False,True,False,False,False
XLI,2008-09-02T00:00:00.000Z,24.8773456752,0.033724340172992,92.0059521943,96.9954957736925,True,discovery,False,False,True,False,False,False
XLI,2008-09-03T00:00:00.000Z,24.6656235844,-0.0028530670477042,91.9268776814,96.93988269977451,True,discovery,False,False,True,False,False,False
XLI,2008-09-04T00:00:00.000Z,23.7834482058,-0.0565509518498632,89.1592963277,96.869546657443,True,discovery,False,False,True,False,False,False
XLI,2008-09-05T00:00:00.000Z,23.8116778179,-0.0225955967588334,89.4396481513,96.80779906770452,True,discovery,False,False,True,False,False,False
XLI,2008-09-08T00:00:00.000Z,24.3056960299,-0.0404012259711986,91.2870995212,96.752173303665,True,discovery,False,False,True,False,False,False
XLI,2008-09-09T00:00:00.000Z,23.5011520847,-0.0711297071147403,88.5770271001,96.6934763286355,True,discovery,False,False,True,False,False,False
XLI,2008-09-10T00:00:00.000Z,23.6493575483,-0.0547249647384185,88.9364534367,96.62790283868748,True,discovery,False,False,True,False,False,False
XLI,2008-09-11T00:00:00.000Z,24.1010313421,-0.0331257078132336,90.2232004404,96.580021096201,True,discovery,False,False,True,False,False,False
XLI,2008-09-12T00:00:00.000Z,24.07280173,-0.0364406779673195,90.6401306777,96.52848877004052,True,discovery,False,False,True,False,False,False
XLI,2008-09-15T00:00:00.000Z,23.1059375151,-0.0813692480378691,86.327014639,96.439247346367,True,discovery,False,False,True,False,False,False
XLI,2008-09-16T00:00:00.000Z,23.1765115454,-0.068368794324209,87.7719099497,96.357053429401,True,discovery,False,False,True,False,False,False
XLI,2008-09-17T00:00:00.000Z,22.2308195396,-0.0919573364091593,83.8254109308,96.2498874134605,True,discovery,False,False,True,False,False,False
XLI,2008-09-18T00:00:00.000Z,23.0000764697,-0.0567293777144225,86.312640461,96.1586270257615,True,discovery,False,False,True,False,False,False
XLI,2008-09-19T00:00:00.000Z,23.7314986621,-0.0284198208618615,89.7206656326,96.0890798610825,True,discovery,False,False,True,False,False,False
XLI,2008-09-22T00:00:00.000Z,22.8659552132,-0.0818941161030666,87.6894417127,96.0007029833065,True,discovery,False,False,True,False,False,False
XLI,2008-09-23T00:00:00.000Z,22.4970350546,-0.0792254605435338,85.6943677314,95.89480999624948,True,discovery,False,False,True,False,False,False
XLI,2008-09-24T00:00:00.000Z,22.2771018831,-0.0911148905727102,85.9690501593,95.790396621649,True,discovery,False,False,True,False,False,False
XLI,2008-09-25T00:00:00.000Z,22.4899404362,-0.0853283058660052,87.3135596966,95.688563713318,True,discovery,False,False,True,False,False,False
XLI,2008-09-26T00:00:00.000Z,22.3977103965,-0.1100259029188069,87.3569287801,95.60171047155848,True,discovery,False,False,True,False,False,False
XLI,2008-09-29T00:00:00.000Z,21.2838553024,-0.1437195539634338,80.511498771,95.4754613516105,True,discovery,False,False,True,False,False,False
XLI,2008-09-30T00:00:00.000Z,21.752100119,-0.1256261659504747,83.8438573618,95.366971490435,True,discovery,False,False,True,False,False,False
XLI,2008-10-01T00:00:00.000Z,21.2696660655,-0.1376797755499602,83.8944571559,95.26542569426452,True,discovery,False,False,True,False,False,False
XLI,2008-10-02T00:00:00.000Z,19.9642562736,-0.160581926521009,80.8512409685,95.1560983031105,True,discovery,False,False,True,False,False,False
XLI,2008-10-03T00:00:00.000Z,19.6166199704,-0.1761764911982155,79.7597296788,95.0384457628595,True,discovery,False,False,True,False,False,False
XLI,2008-10-06T00:00:00.000Z,19.2051321012,-0.2098505602318678,75.6972926818,94.9004810376235,True,discovery,False,False,True,False,False,False
XLI,2008-10-07T00:00:00.000Z,18.5595218237,-0.2102718302145348,72.3071050321,94.742308354367,True,discovery,False,False,True,False,False,False
XLI,2008-10-08T00:00:00.000Z,18.2331693757,-0.2290205203899643,70.4855146134,94.5675740413865,True,discovery,False,False,True,False,False,False
XLI,2008-10-09T00:00:00.000Z,17.0270842419,-0.2935122152985684,65.5628738884,94.364311900393,True,discovery,False,False,True,False,False,False
XLI,2008-10-10T00:00:00.000Z,17.1689766106,-0.2867894313604683,63.9725968141,94.151959539977,True,discovery,False,False,True,False,False,False
XLI,2008-10-13T00:00:00.000Z,18.3537778891,-0.2056683319122804,73.2612718549,93.99274107625352,True,discovery,False,False,True,False,False,False
XLI,2008-10-14T00:00:00.000Z,18.2970209416,-0.2105360245540691,72.176990553,93.829417936294,True,discovery,False,False,True,False,False,False
XLI,2008-10-15T00:00:00.000Z,16.6439748465,-0.251310784253729,65.0713330315,93.6344455631235,True,discovery,False,False,True,False,False,False
XLI,2008-10-16T00:00:00.000Z,17.3605313083,-0.2451968004901837,67.7820362863,93.4575819926085,True,discovery,False,False,True,False,False,False
XLI,2008-10-17T00:00:00.000Z,16.8213403073,-0.2911808669646201,67.3772393793,93.2789435235875,True,discovery,False,False,True,False,False,False
XLI,2008-10-20T00:00:00.000Z,17.6797891378,-0.2268073223727011,71.4252221837,93.13317864315653,True,discovery,False,False,True,False,False,False
XLI,2008-10-21T00:00:00.000Z,17.1973550843,-0.2355723746457144,69.2928044584,92.977178713291,True,discovery,False,False,True,False,False,False
XLI,2008-10-22T00:00:00.000Z,16.4949878593,-0.2595541401274671,65.519504082,92.8104262895455,True,discovery,False,False,True,False,False,False
XLI,2008-10-23T00:00:00.000Z,16.6014071358,-0.2618296529999594,66.2785031619,92.6422730765295,True,discovery,False,False,True,False,False,False
XLI,2008-10-24T00:00:00.000Z,15.672012121,-0.3002850807710683,62.9172304031,92.4540394305605,True,discovery,False,False,True,False,False,False
XLI,2008-10-27T00:00:00.000Z,15.0689695541,-0.2919999999999624,60.6836080297,92.2586946767255,True,discovery,False,False,True,False,False,False
XLI,2008-10-28T00:00:00.000Z,16.8142456889,-0.227005870839427,67.7748113586,92.094784501967,True,discovery,False,False,True,False,False,False
XLI,2008-10-29T00:00:00.000Z,17.0199896235,-0.1997998665758602,67.2832705017,91.939484427808,True,discovery,False,False,True,False,False,False
XLI,2008-10-30T00:00:00.000Z,17.289585124,-0.1339729921788716,69.6108617527,91.800057263509,True,discovery,False,False,True,False,False,False
XLI,2008-10-31T00:00:00.000Z,17.8571545987,-0.0896925858968007,69.9939737565,91.6751793337975,True,discovery,False,False,True,False,False,False
XLI,2008-11-03T00:00:00.000Z,17.5591806245,-0.0857037310666118,70.19637221,91.556188905188,True,discovery,False,False,True,False,False,False
XLI,2008-11-04T00:00:00.000Z,18.3963455997,-0.0087920489304648,72.5817932429,91.45389433433851,True,discovery,False,False,True,False,False,False
XLI,2008-11-05T00:00:00.000Z,17.5166129139,-0.0392996108923872,69.5313470677,91.32517296793152,True,discovery,False,False,True,False,False,False
XLI,2008-11-06T00:00:00.000Z,16.7362048861,-0.0170833333333846,65.678533452,91.1731660994365,True,discovery,False,False,True,False,False,False
XLI,2008-11-07T00:00:00.000Z,16.9064757285,-0.0152892562005085,67.8470960558,91.03894170486,True,discovery,False,False,True,False,False,False
XLI,2008-11-10T00:00:00.000Z,16.913570347,-0.0784692694224722,66.9579824968,90.892442386949,True,discovery,False,False,True,False,False,False
XLI,2008-11-11T00:00:00.000Z,16.5375555699,-0.0961613028326207,64.8906194812,90.7332218758825,True,discovery,False,False,True,False,False,False
XLI,2008-11-12T00:00:00.000Z,15.7500529238,-0.0537084398975753,62.0353475546,90.5632837837445,True,discovery,False,False,True,False,False,False
XLI,2008-11-13T00:00:00.000Z,16.5943125174,-0.0441356763392186,65.9026160858,90.403927471031,True,discovery,False,False,True,False,False,False
XLI,2008-11-14T00:00:00.000Z,15.8919452924,-0.055250948968476,62.6136330842,90.22026131777798,True,discovery,False,False,True,False,False,False
XLI,2008-11-17T00:00:00.000Z,15.5726874629,-0.1191813804156151,61.782349307,90.0387021781125,True,discovery,False,False,True,False,False,False
XLI,2008-11-18T00:00:00.000Z,15.5868766998,-0.0936468646838755,62.946145294,89.87609391839,True,discovery,False,False,True,False,False,False
XLI,2008-11-19T00:00:00.000Z,14.5794408821,-0.1161290322575169,58.9126174051,89.69716150718651,True,discovery,False,False,True,False,False,False
XLI,2008-11-20T00:00:00.000Z,14.1892368682,-0.1452991452994541,54.5393473187,89.493231056005,True,discovery,False,False,True,False,False,False
XLI,2008-11-21T00:00:00.000Z,14.6078193559,-0.0679040289711118,57.4813639179,89.3070711875595,True,discovery,False,False,True,False,False,False
XLI,2008-11-24T00:00:00.000Z,15.3385650546,0.0178907721282539,61.4642920128,89.1384060150785,True,discovery,False,False,True,False,False,False
XLI,2008-11-25T00:00:00.000Z,15.558498226,-0.0746835443072531,61.9196937738,88.96760494819249,True,discovery,False,False,True,False,False,False
XLI,2008-11-26T00:00:00.000Z,16.048026898,-0.0571071279713344,64.3123390115,88.8038560286685,True,discovery,False,False,True,False,False,False
XLI,2008-11-28T00:00:00.000Z,16.3956632013,-0.0517029134180396,65.1219321027,88.6484255981975,True,discovery,False,False,True,False,False,False
XLI,2008-12-01T00:00:00.000Z,15.0476856988,-0.1573301549455437,59.3535591907,88.4642600629645,True,discovery,False,False,True,False,False,False
XLI,2008-12-02T00:00:00.000Z,15.7429583053,-0.103434343437749,61.6377755754,88.290163256008,True,discovery,False,False,True,False,False,False
XLI,2008-12-03T00:00:00.000Z,16.0125538058,-0.1295796374872884,63.1196288566,88.122052225386,True,discovery,False,False,True,False,False,False
XLI,2008-12-04T00:00:00.000Z,15.6932959763,-0.1040907249913104,61.6594655385,87.95066181574099,True,discovery,False,False,True,False,False,False
XLI,2008-12-05T00:00:00.000Z,16.0778242954,-0.0393387028409774,63.5605699193,87.78582313467699,True,discovery,False,False,True,False,False,False
XLI,2008-12-08T00:00:00.000Z,16.4949878593,-0.0243390684024308,65.7797323173,87.62599472935199,True,discovery,False,False,True,False,False,False
XLI,2008-12-09T00:00:00.000Z,16.2041085035,-0.0419463087298915,64.6954510154,87.45707937915851,True,discovery,False,False,True,False,False,False
XLI,2008-12-10T00:00:00.000Z,16.4666093856,-0.0042900042875216,65.136392801,87.2908669668915,True,discovery,False,False,True,False,False,False
XLI,2008-12-11T00:00:00.000Z,15.7571475422,0.0004504504482825,63.5677999071,87.12161596256499,True,discovery,False,False,True,False,False,False
XLI,2008-12-12T00:00:00.000Z,15.7997152528,-0.0478837109863287,64.326793927,86.96701416024399,True,discovery,False,False,True,False,False,False
XLI,2008-12-15T00:00:00.000Z,15.7926206344,-0.0062499999951233,63.4304561631,86.80906950315449,True,discovery,False,False,True,False,False,False
XLI,2008-12-16T00:00:00.000Z,16.5730286621,0.0642369020493855,66.4158418459,86.66786673375151,True,discovery,True,False,True,True,False,False
XLI,2008-12-17T00:00:00.000Z,16.5801232805,0.0637232589844472,65.7725023296,86.52045790345201,True,discovery,True,False,True,True,False,False
XLI,2008-12-18T00:00:00.000Z,15.9983645689,0.0973236009717006,64.543652356,86.37676265413349,True,discovery,True,False,True,True,False,False
XLI,2008-12-19T00:00:00.000Z,16.1739350913,0.1398735000011153,64.2684913985,86.236495919056,True,discovery,True,False,True,True,False,False
XLI,2008-12-22T00:00:00.000Z,15.9232319345,0.0900485244615729,63.4450006319,86.09819726639651,True,discovery,True,False,True,True,False,False
XLI,2008-12-23T00:00:00.000Z,15.8730913031,0.034848517224217,62.7891297244,85.940248856466,True,discovery,False,False,True,False,False,False
XLI,2008-12-24T00:00:00.000Z,15.9733725658,0.0266654489253146,63.15350488,85.78853522552299,True,discovery,False,False,True,False,False,False
XLI,2008-12-26T00:00:00.000Z,16.0951426706,0.0029359230825987,63.5178800356,85.6376114494865,True,discovery,False,False,True,False,False,False
XLI,2008-12-29T00:00:00.000Z,15.7942988824,-0.0366782551895991,63.3356924578,85.4930366189145,True,discovery,False,False,True,False,False,False
XLI,2008-12-30T00:00:00.000Z,16.3816605642,0.0886498357356293,64.8369159125,85.36062989841349,True,discovery,True,False,True,True,False,False
XLI,2008-12-31T00:00:00.000Z,16.7756226678,0.0655953183940241,65.7624266214,85.2138824346085,True,discovery,True,False,True,True,False,False
XLI,2009-01-02T00:00:00.000Z,17.391636139,0.0861250709865202,67.7446281965,85.08882552859899,True,discovery,True,False,True,True,False,False
XLI,2009-01-05T00:00:00.000Z,17.2555401395,0.0995485056523051,67.6644649335,84.9548198159035,True,discovery,True,False,True,True,False,False
XLI,2009-01-06T00:00:00.000Z,17.6351763485,0.0968633581563378,68.1162923127,84.8136324047965,True,discovery,True,False,True,True,False,False
XLI,2009-01-07T00:00:00.000Z,16.8472521412,0.0213558375977458,66.0757892552,84.66177757072799,True,discovery,False,False,True,False,False,False
XLI,2009-01-08T00:00:00.000Z,17.01199993,0.0498571967921286,66.3454290566,84.51717149215351,True,discovery,False,False,True,False,False,False
XLI,2009-01-09T00:00:00.000Z,16.6395266684,0.0105010860919074,64.9243623061,84.366962024315,True,discovery,False,False,True,False,False,False
XLI,2009-01-12T00:00:00.000Z,16.2742163541,0.0328148740446334,63.364837369,84.21349656177051,True,discovery,False,False,True,False,False,False
XLI,2009-01-13T00:00:00.000Z,15.9948614079,0.0123512450685094,63.4814403337,84.05896909793898,True,discovery,False,False,True,False,False,False
XLI,2009-01-14T00:00:00.000Z,15.4003367787,-0.0248396934733881,61.4846659387,83.877864772579,True,discovery,False,False,True,False,False,False
XLI,2009-01-15T00:00:00.000Z,15.5435957255,-0.0621149554247835,61.5065277193,83.6965479236465,True,discovery,False,False,True,False,False,False
XLI,2009-01-16T00:00:00.000Z,15.6295510936,-0.0573320337140059,61.9875000096,83.516420084856,True,discovery,False,False,True,False,False,False
XLI,2009-01-20T00:00:00.000Z,14.9060934123,-0.0682739258688552,58.71541257,83.32046819871101,True,discovery,False,False,True,False,False,False
XLI,2009-01-21T00:00:00.000Z,15.2857296213,-0.0549158547370309,61.2514658391,83.13694622502949,True,discovery,False,False,True,False,False,False
XLI,2009-01-22T00:00:00.000Z,15.2355889899,-0.0431848852939283,60.3040882483,82.949188013941,True,discovery,False,False,True,False,False,False
XLI,2009-01-23T00:00:00.000Z,14.7771603602,-0.0690433213022574,60.5664390891,82.766281889518,True,discovery,False,False,True,False,False,False
XLI,2009-01-26T00:00:00.000Z,14.9490710964,-0.0641255605339784,60.9818260377,82.5847732383725,True,discovery,False,False,True,False,False,False
XLI,2009-01-27T00:00:00.000Z,15.2212630953,-0.0542946150391238,61.6012630735,82.4158026077135,True,discovery,False,False,True,False,False,False
XLI,2009-01-28T00:00:00.000Z,15.6582028829,-0.0086167800491387,63.6854889634,82.2588623833175,True,discovery,False,False,True,False,False,False
XLI,2009-01-29T00:00:00.000Z,15.0851670958,-0.0791429820755363,61.6158409947,82.0904652928115,True,discovery,False,False,True,False,False,False
XLI,2009-01-30T00:00:00.000Z,14.7628344656,-0.1199829205781702,60.3623897307,81.90289131045101,True,discovery,False,False,True,False,False,False
XLI,2009-02-02T00:00:00.000Z,14.4261759406,-0.1705107084059838,60.1802021529,81.713691185863,True,discovery,False,False,True,False,False,False
XLI,2009-02-03T00:00:00.000Z,14.6912049922,-0.1486093814838012,61.0255495989,81.52360403580849,True,discovery,False,False,True,False,False,False
XLI,2009-02-04T00:00:00.000Z,14.6124125714,-0.1714053614982482,60.7267648863,81.331772611885,True,discovery,False,False,True,False,False,False
XLI,2009-02-05T00:00:00.000Z,14.7843233076,-0.1224489795908676,61.6304138147,81.146640842134,True,discovery,False,False,True,False,False,False
XLI,2009-02-06T00:00:00.000Z,15.1424706745,-0.1098947368441473,63.3867042508,80.97107726471299,True,discovery,False,False,True,False,False,False
XLI,2009-02-09T00:00:00.000Z,15.4289885681,-0.072750753337168,63.4741506444,80.793805252603,True,discovery,False,False,True,False,False,False
XLI,2009-02-10T00:00:00.000Z,14.6195755188,-0.1016725352113891,60.5664390891,80.597417309864,True,discovery,False,False,True,False,False,False
XLI,2009-02-11T00:00:00.000Z,14.7341826762,-0.0788177339928272,60.9235245553,80.402707515772,True,discovery,False,False,True,False,False,False
XLI,2009-02-12T00:00:00.000Z,14.5694348874,-0.05395348837106,60.9672539465,80.2101832207985,True,discovery,False,False,True,False,False,False
XLI,2009-02-13T00:00:00.000Z,14.5694348874,-0.0626728110601746,60.311377209,80.0173119489445,True,discovery,False,False,True,False,False,False
XLI,2009-02-17T00:00:00.000Z,13.8316513115,-0.11503208066137,57.7316003787,79.80131421748149,True,discovery,False,False,True,False,False,False
XLI,2009-02-18T00:00:00.000Z,13.8531401535,-0.0706391158082465,57.5931363621,79.583229496555,True,discovery,False,False,True,False,False,False
XLI,2009-02-19T00:00:00.000Z,13.5451334179,-0.1138706654195004,56.9736993264,79.364479296645,True,discovery,False,False,True,False,False,False
XLI,2009-02-20T00:00:00.000Z,13.3374079451,-0.1245886224719204,56.4198476324,79.1385970227805,True,discovery,False,False,True,False,False,False
XLI,2009-02-23T00:00:00.000Z,12.8216757367,-0.1323315559846529,54.4012121855,78.9116690387025,True,discovery,False,False,True,False,False,False
XLI,2009-02-24T00:00:00.000Z,13.1010306829,-0.1236224245361333,56.4635762948,78.6963402622915,True,discovery,False,False,True,False,False,False
XLI,2009-02-25T00:00:00.000Z,12.785861,-0.1600000000034162,56.019038605,78.47971861277901,True,discovery,False,False,True,False,False,False
XLI,2009-02-26T00:00:00.000Z,12.5638096325,-0.1976212259824097,55.108100716,78.2529635498105,True,discovery,False,False,True,False,False,False
XLI,2009-02-27T00:00:00.000Z,12.2486399496,-0.1880341880329415,53.8765105039,78.0199790536115,True,discovery,False,False,True,False,False,False
XLI,2009-03-02T00:00:00.000Z,11.4463898476,-0.224648229019156,51.4497705103,77.773823766989,True,discovery,False,False,True,False,False,False
XLI,2009-03-03T00:00:00.000Z,11.3604344796,-0.2125124131040157,51.0635343029,77.51944342462099,True,discovery,False,False,True,False,False,False
XLI,2009-03-04T00:00:00.000Z,11.6756041625,-0.2052657240370052,52.2732620056,77.2706468130925,True,discovery,False,False,True,False,False,False
XLI,2009-03-05T00:00:00.000Z,11.2243384801,-0.2318627450973616,50.1380235939,77.009779343701,True,discovery,False,False,True,False,False,False
XLI,2009-03-06T00:00:00.000Z,11.1025683754,-0.2490310077504435,50.2254699875,76.75349736797,True,discovery,False,False,True,False,False,False
XLI,2009-03-09T00:00:00.000Z,11.0022871126,-0.2734153263953214,49.6351844217,76.502846523757,True,discovery,False,False,True,False,False,False
XLI,2009-03-10T00:00:00.000Z,11.8331890039,-0.2330547818043269,52.5939084988,76.2669178141835,True,discovery,False,False,True,False,False,False
XLI,2009-03-11T00:00:00.000Z,11.9477961614,-0.1827535521783264,52.9364218738,76.0393889180565,True,discovery,False,False,True,False,False,False
XLI,2009-03-12T00:00:00.000Z,12.3345953177,-0.1628585318394371,55.0206484924,75.818633540301,True,discovery,False,False,True,False,False,False
XLI,2009-03-13T00:00:00.000Z,12.3560841597,-0.1519174041276069,55.450608261,75.59773927675,True,discovery,False,False,True,False,False,False
XLI,2009-03-16T00:00:00.000Z,12.4921801591,-0.1425762045236538,55.2829993332,75.373503726554,True,discovery,False,False,True,False,False,False
XLI,2009-03-17T00:00:00.000Z,12.8574904734,-0.0704298291043569,56.9736993264,75.1564700285005,True,discovery,False,False,True,False,False,False
XLI,2009-03-18T00:00:00.000Z,13.1010306829,-0.0542916235789313,58.2490123709,74.95099824781751,True,discovery,False,False,True,False,False,False
XLI,2009-03-19T00:00:00.000Z,12.9720976308,-0.0423056583807973,57.5275510203,74.7448157742505,True,discovery,False,False,True,False,False,False
XLI,2009-03-20T00:00:00.000Z,12.5799613338,-0.056791140708737,56.3115779274,74.532803731884,True,discovery,False,False,True,False,False,False
XLI,2009-03-23T00:00:00.000Z,13.4914478939,0.0522374899314357,60.356381878,74.331145759227,True,discovery,True,False,True,True,False,False
XLI,2009-03-24T00:00:00.000Z,13.3829375892,0.0215179181793656,59.1671637008,74.1395982953935,True,discovery,False,False,True,False,False,False
XLI,2009-03-25T00:00:00.000Z,13.4914478939,0.0551849338812615,59.7911343116,73.94999057260151,True,discovery,True,False,True,True,False,False
XLI,2009-03-26T00:00:00.000Z,14.2148499258,0.1314123933419921,61.0097165802,73.7689074673475,True,discovery,True,False,True,True,False,False
XLI,2009-03-27T00:00:00.000Z,13.947191174,0.1386726388716708,59.9085906775,73.5894708832495,True,discovery,True,False,True,True,False,False
XLI,2009-03-30T00:00:00.000Z,13.2527252234,0.1578083046139424,57.8384739806,73.3978599351265,True,discovery,True,False,True,True,False,False
XLI,2009-03-31T00:00:00.000Z,13.3322994469,0.1735730240635504,58.3743523169,73.202849061344,True,discovery,True,False,True,True,False,False
XLI,2009-04-01T00:00:00.000Z,13.62889428,0.1672967060474375,59.504842311,73.0132045443535,True,discovery,True,False,True,True,False,False
XLI,2009-04-02T00:00:00.000Z,14.3595303322,0.279320857764445,61.2446227053,72.83461909971851,True,discovery,True,False,True,True,False,False
XLI,2009-04-03T00:00:00.000Z,14.3739983728,0.2946552443350421,61.8539138396,72.663800555229,True,discovery,True,False,True,True,False,False
XLI,2009-04-06T00:00:00.000Z,14.4101684744,0.3097429949721308,61.3694155061,72.4899515934175,True,discovery,True,False,True,True,False,False
XLI,2009-04-07T00:00:00.000Z,13.9978293162,0.1829295815005216,59.937954769,72.3167081864315,True,discovery,True,False,True,True,False,False
XLI,2009-04-08T00:00:00.000Z,14.1208076616,0.1818755083234844,60.5839464297,72.1471620099575,True,discovery,True,False,True,True,False,False
XLI,2009-04-09T00:00:00.000Z,14.8152736122,0.2011154991797952,62.9917410027,71.99058929685249,True,discovery,True,False,True,True,False,False
XLI,2009-04-13T00:00:00.000Z,14.8586777341,0.2025393759102367,63.0064256177,71.831861577913,True,discovery,True,False,True,True,False,False
XLI,2009-04-14T00:00:00.000Z,14.6416571246,0.1720657994140599,61.9199784575,71.6805690932095,True,discovery,True,False,True,True,False,False
XLI,2009-04-15T00:00:00.000Z,14.7791035106,0.1494547510010213,62.5806554672,71.5350959671275,True,discovery,True,False,True,True,False,False
XLI,2009-04-16T00:00:00.000Z,15.2782509126,0.1661869422641531,63.4982603861,71.39259343274851,True,discovery,True,False,True,True,False,False
XLI,2009-04-17T00:00:00.000Z,15.2710168923,0.1772203175561686,63.9240305366,71.2507820365875,True,discovery,True,False,True,True,False,False
XLI,2009-04-20T00:00:00.000Z,14.5982530027,0.1604370327814306,61.2446227053,71.1034809986455,True,discovery,True,False,True,True,False,False
XLI,2009-04-21T00:00:00.000Z,14.9527199983,0.108310991962597,62.4411780514,70.961695490385,True,discovery,True,False,True,True,False,False
XLI,2009-04-22T00:00:00.000Z,15.1842086485,0.1345945945943603,62.0594566074,70.8226379782405,True,discovery,True,False,True,True,False,False
XLI,2009-04-23T00:00:00.000Z,15.3505911158,0.1378016085835078,62.6687477417,70.6786476535015,True,discovery,True,False,True,True,False,False
XLI,2009-04-24T00:00:00.000Z,15.6688880098,0.1022900763349541,63.615716752,70.548198108277,True,discovery,True,False,True,True,False,False
XLI,2009-04-27T00:00:00.000Z,15.3578251361,0.1011410788381297,63.0137620526,70.41290570805049,True,discovery,True,False,True,True,False,False
XLI,2009-04-28T00:00:00.000Z,15.1769746281,0.1451965065496416,62.8155623265,70.281869958867,True,discovery,True,False,True,True,False,False
XLI,2009-04-29T00:00:00.000Z,15.6833560504,0.1763429191538796,64.1515943543,70.16153992682051,True,discovery,True,False,True,True,False,False
XLI,2009-04-30T00:00:00.000Z,15.741228213,0.1549893842892145,64.1736161382,70.047538090099,True,discovery,True,False,True,True,False,False
XLI,2009-05-01T00:00:00.000Z,15.9148447006,0.1083123425640419,64.5186363218,69.92458638850549,True,discovery,True,False,True,True,False,False
XLI,2009-05-04T00:00:00.000Z,16.4356941636,0.1434323100176051,66.7135458196,69.808152355016,True,discovery,True,False,True,True,False,False
XLI,2009-05-05T00:00:00.000Z,16.4863323058,0.1440763052207443,66.485982002,69.687776955448,True,discovery,True,False,True,True,False,False
XLI,2009-05-06T00:00:00.000Z,16.7467570372,0.196382428939793,67.638493046,69.572912512664,True,discovery,True,False,True,True,False,False
XLI,2009-05-07T00:00:00.000Z,16.4067580823,0.1618852459067474,66.6988670772,69.4482101434235,True,discovery,True,False,True,True,False,False
XLI,2009-05-08T00:00:00.000Z,17.0071817687,0.1479492187505076,68.2551264878,69.328809047485,True,discovery,True,False,True,True,False,False
XLI,2009-05-11T00:00:00.000Z,16.5008003464,0.1105160662130386,66.9778167703,69.2125821291345,True,discovery,True,False,True,True,False,False
XLI,2009-05-12T00:00:00.000Z,16.3228434466,0.1148221343863717,66.7796163101,69.0954720327895,True,discovery,True,False,True,True,False,False
XLI,2009-05-13T00:00:00.000Z,15.6471859488,0.0587371512471908,65.0985633646,68.976570130687,True,discovery,True,False,True,True,False,False
XLI,2009-05-14T00:00:00.000Z,15.7629302739,0.031723484846049,65.6564686235,68.85096889959351,True,discovery,False,False,True,False,False,False
XLI,2009-05-15T00:00:00.000Z,15.7701642943,0.0326859308401186,65.1205851486,68.71460115855301,True,discovery,False,False,True,False,False,False
XLI,2009-05-18T00:00:00.000Z,16.3488859197,0.1199207135727962,66.9704796014,68.59359312671549,True,discovery,True,False,True,True,False,False
XLI,2009-05-19T00:00:00.000Z,16.2259075743,0.0851475568421498,66.8897303685,68.47458949797951,True,discovery,True,False,True,True,False,False
XLI,2009-05-20T00:00:00.000Z,16.240375615,0.0695569318723987,66.441938434,68.35755221927451,True,discovery,True,False,True,True,False,False
XLI,2009-05-21T00:00:00.000Z,15.7484622333,0.025918944391039,65.4876271161,68.223630705655,True,discovery,False,False,True,False,False,False
XLI,2009-05-22T00:00:00.000Z,15.6905900708,0.0013850415540928,65.3481497003,68.08696310359251,True,discovery,False,False,True,False,False,False
XLI,2009-05-26T00:00:00.000Z,16.2620776759,0.0588789448887829,67.0218654768,67.965565033726,True,discovery,True,False,True,True,False,False
XLI,2009-05-27T00:00:00.000Z,15.7339941927,0.0367016205962871,65.8253049922,67.8297017250535,True,discovery,False,False,True,False,False,False
XLI,2009-05-28T00:00:00.000Z,15.8859086194,0.0129151291566089,66.7429099111,67.6936100849345,True,discovery,False,False,True,False,False,False
XLI,2009-05-29T00:00:00.000Z,16.2693116962,0.0335477941145583,67.9247857807,67.568316025935,True,discovery,False,True,True,False,True,False
XLI,2009-06-01T00:00:00.000Z,17.0216498094,0.0695454545502585,69.5691323271,67.4540472214985,True,discovery,True,True,True,True,True,True
XLI,2009-06-02T00:00:00.000Z,17.0505858906,0.0374119718266476,69.627859776,67.33658566916151,True,discovery,False,True,True,False,True,False
XLI,2009-06-03T00:00:00.000Z,16.717820956,0.0140412461611343,68.7469619902,67.212455224004,True,discovery,False,True,True,False,True,False
XLI,2009-06-04T00:00:00.000Z,17.0216498094,0.0164146868309711,69.3929536509,67.0979525223465,True,discovery,False,True,True,False,True,False
XLI,2009-06-05T00:00:00.000Z,17.1663302157,0.0462962962938695,69.4076382659,66.98855521607,True,discovery,False,True,True,False,True,False
XLI,2009-06-08T00:00:00.000Z,17.2097343376,0.0119098256051322,69.1213462653,66.8756058200275,True,discovery,False,True,True,False,True,False
XLI,2009-06-09T00:00:00.000Z,17.173564236,0.0407715914062787,69.4737028837,66.7636274655425,True,discovery,False,True,True,False,True,False
XLI,2009-06-10T00:00:00.000Z,17.0650539313,0.0454706612317965,69.2975249416,66.644118866469,True,discovery,False,True,True,False,True,False
XLI,2009-06-11T00:00:00.000Z,17.03611785,0.0887656033324328,69.6058387261,66.53560473818649,True,discovery,True,True,True,True,True,True
XLI,2009-06-12T00:00:00.000Z,17.0650539313,0.0826067003262733,69.7967020174,66.426715041727,True,discovery,True,True,True,True,True,True
XLI,2009-06-15T00:00:00.000Z,16.5442044683,0.0490825688023914,68.1963990389,66.305366922236,True,discovery,False,True,True,False,True,False
XLI,2009-06-16T00:00:00.000Z,16.240375615,-0.006637168136897,67.2714510784,66.17378702287499,True,discovery,False,True,True,False,True,False
XLI,2009-06-17T00:00:00.000Z,16.1173972695,-0.0066874721369587,67.2053864606,66.046908801485,True,discovery,False,True,True,False,True,False
XLI,2009-06-18T00:00:00.000Z,16.1318653102,-0.0066815144780136,67.697221229,65.9253651466585,True,discovery,False,True,True,False,True,False
XLI,2009-06-19T00:00:00.000Z,16.1668996706,0.0265700505294552,67.945481075,65.8054581636265,True,discovery,False,True,True,False,True,False
XLI,2009-06-22T00:00:00.000Z,15.6280030149,-0.003988827419338,65.9080010487,65.6892016872315,True,discovery,False,True,True,False,True,False
XLI,2009-06-23T00:00:00.000Z,15.4823552701,-0.047947280866548,65.9596754911,65.5718018239305,True,discovery,False,True,True,False,True,False
XLI,2009-06-24T00:00:00.000Z,15.5843086915,-0.0095135093712853,66.5281061689,65.44800685716899,True,discovery,False,True,True,False,True,False
XLI,2009-06-25T00:00:00.000Z,16.0649462492,0.0112702165226705,67.9750104878,65.3449967741075,True,discovery,False,True,True,False,True,False
XLI,2009-06-26T00:00:00.000Z,15.9994047641,-0.0165899416730114,67.7978340107,65.2393036769775,True,discovery,False,True,True,False,True,False
XLI,2009-06-29T00:00:00.000Z,16.1596172833,-0.0506433004880614,68.4327012536,65.1303511810435,True,discovery,False,True,True,False,True,False
XLI,2009-06-30T00:00:00.000Z,15.9921223768,-0.0620778382978343,67.8790386042,65.01654572067599,True,discovery,False,True,True,False,True,False
XLI,2009-07-01T00:00:00.000Z,16.057663862,-0.0394882261113744,68.1595647043,64.9257084710025,True,discovery,False,True,True,False,True,False
XLI,2009-07-02T00:00:00.000Z,15.5551791425,-0.0861532626578981,66.2992552494,64.818345197501,True,discovery,False,True,True,False,True,False
XLI,2009-07-06T00:00:00.000Z,15.5624615297,-0.0934310750082817,66.2918767718,64.730677526706,True,discovery,False,True,True,False,True,False
XLI,2009-07-07T00:00:00.000Z,15.0308472613,-0.1266078274979263,65.0073757341,64.6241512030715,True,discovery,False,True,True,False,True,False
XLI,2009-07-08T00:00:00.000Z,14.9725881634,-0.1281607034133436,64.9630841985,64.50036329590101,True,discovery,False,True,True,False,True,False
XLI,2009-07-09T00:00:00.000Z,15.1109535209,-0.1145088915784714,65.0885795893,64.387358985284,True,discovery,False,True,True,False,True,False
XLI,2009-07-10T00:00:00.000Z,15.0891063592,-0.1142872753019843,64.9335547857,64.2835549205555,True,discovery,False,True,True,False,True,False
XLI,2009-07-13T00:00:00.000Z,15.4750728829,-0.0931717564328188,66.5133381405,64.18627636046149,True,discovery,False,True,True,False,True,False
XLI,2009-07-14T00:00:00.000Z,15.7008268873,-0.0509772218190349,66.8898309567,64.084157716762,True,discovery,False,True,True,False,True,False
XLI,2009-07-15T00:00:00.000Z,16.1887468323,-0.0031790387072275,68.8461063896,63.9916036048095,True,discovery,False,True,True,False,True,False
XLI,2009-07-16T00:00:00.000Z,16.4873247091,0.0229520581651256,68.7353731215,63.932722976562,True,discovery,False,True,True,False,True,False
XLI,2009-07-17T00:00:00.000Z,16.2979826409,0.0102974657614434,69.4883513718,63.86094544661201,True,discovery,False,True,True,False,True,False
XLI,2009-07-20T00:00:00.000Z,16.6256900666,0.0283783783748177,70.2265682377,63.792606002021,True,discovery,False,True,True,False,True,False
XLI,2009-07-21T00:00:00.000Z,16.6329724539,0.0643056849964671,70.5513858733,63.741106726545006,True,discovery,True,True,True,True,True,True
XLI,2009-07-22T00:00:00.000Z,16.6839491646,0.0776105362225187,70.5366237507,63.6949911969045,True,discovery,True,True,True,True,True,True
XLI,2009-07-23T00:00:00.000Z,17.033503752,0.0929906542014546,72.0942620759,63.676976043875,True,discovery,True,True,True,True,True,True
XLI,2009-07-24T00:00:00.000Z,17.0480685265,0.0611967361763789,72.389544393,63.67738824067951,True,discovery,True,True,True,True,True,True
XLI,2009-07-27T00:00:00.000Z,17.1427395606,0.0714610832938893,72.6036272841,63.687978804033,True,discovery,True,True,True,True,True,True
XLI,2009-07-28T00:00:00.000Z,17.1281747861,0.0599369085183065,72.264048264,63.721484675911,True,discovery,True,True,True,True,True,True
XLI,2009-07-29T00:00:00.000Z,17.0480685265,0.0660291439009919,72.0868784308,63.762056083994494,True,discovery,True,True,True,True,True,True
XLI,2009-07-30T00:00:00.000Z,17.3247992416,0.0789115646266978,72.8398566812,63.75994900812601,True,discovery,True,True,True,True,True,True
XLI,2009-07-31T00:00:00.000Z,17.3903407267,0.1179775280881179,72.9432070424,63.763780090573,True,discovery,True,True,True,True,True,True
XLI,2009-08-03T00:00:00.000Z,17.7690248632,0.1417875526496184,74.1465020102,63.8091559354665,True,discovery,True,True,True,True,True,True
XLI,2009-08-04T00:00:00.000Z,17.9001078335,0.1908914728704283,74.3384383954,63.841937946012,True,discovery,True,True,True,True,True,True
XLI,2009-08-05T00:00:00.000Z,17.7544600887,0.1857976653695849,74.1243555043,63.875673526637,True,discovery,True,True,True,True,True,True
XLI,2009-08-06T00:00:00.000Z,17.8491311228,0.1812048192797906,73.740482734,63.8872498293885,True,discovery,True,True,True,True,True,True
XLI,2009-08-07T00:00:00.000Z,18.2933567444,0.2123552123579759,74.7075468283,63.914323541238,True,discovery,True,True,True,True,True,True
XLI,2009-08-10T00:00:00.000Z,18.1185794506,0.1708235294078053,74.5525212865,63.9594886272605,True,discovery,True,True,True,True,True,True
XLI,2009-08-11T00:00:00.000Z,17.8782606717,0.1386827458215767,73.6223680355,63.99620795162849,True,discovery,True,True,True,True,True,True
XLI,2009-08-12T00:00:00.000Z,18.191403323,0.1237067026525038,74.412260082,64.053683100023,True,discovery,True,True,True,True,True,True
XLI,2009-08-13T00:00:00.000Z,18.2715095827,0.1082155477058832,74.9806870687,64.12516849521799,True,discovery,True,True,True,True,True,True
XLI,2009-08-14T00:00:00.000Z,18.009343642,0.1050044682711417,74.4048779133,64.1583188279915,True,discovery,True,True,True,True,True,True
XLI,2009-08-17T00:00:00.000Z,17.4777293736,0.051248357426781,72.5741000859,64.1847729759125,True,discovery,True,True,True,True,True,True
XLI,2009-08-18T00:00:00.000Z,17.6889186035,0.0634851138319783,73.1499092413,64.2024682133555,True,discovery,True,True,True,True,True,True
XLI,2009-08-19T00:00:00.000Z,17.7398953142,0.0632911392370163,73.7921579146,64.221459134146,True,discovery,True,True,True,True,True,True
XLI,2009-08-20T00:00:00.000Z,17.9583669314,0.0542967079976957,74.5525212865,64.2432398795285,True,discovery,True,True,True,True,True,True
XLI,2009-08-21T00:00:00.000Z,18.4244397147,0.0807347287500945,76.0141906809,64.2604018667185,True,discovery,True,True,True,True,True,True
XLI,2009-08-24T00:00:00.000Z,18.4608516509,0.0768903993227245,76.0068085123,64.2927791739415,True,discovery,True,True,True,True,True,True
XLI,2009-08-25T00:00:00.000Z,18.5628050722,0.0837585034024899,76.1544518855,64.34515876610901,True,discovery,True,True,True,True,True,True
XLI,2009-08-26T00:00:00.000Z,18.373463004,0.0777445536096814,76.1618340541,64.3867324561005,True,discovery,True,True,True,True,True,True
XLI,2009-08-27T00:00:00.000Z,18.5409579105,0.0701975620000132,76.3316239333,64.433600663283,True,discovery,True,True,True,True,True,True
XLI,2009-08-28T00:00:00.000Z,18.4390044891,0.0603015075368793,76.316859596,64.490731863857,True,discovery,True,True,True,True,True,True
XLI,2009-08-31T00:00:00.000Z,18.220532872,0.0254098360645036,75.6377000793,64.5587436264805,True,discovery,False,True,True,False,True,False
XLI,2009-09-01T00:00:00.000Z,17.9146726079,0.0008136696457625,73.9693299624,64.5990771958635,True,discovery,False,True,True,False,True,False
XLI,2009-09-02T00:00:00.000Z,17.8418487356,0.00492206727005,73.6888075534,64.65445306820949,True,discovery,False,True,True,False,True,False
XLI,2009-09-03T00:00:00.000Z,18.0748851272,0.0126478988162976,74.3015275521,64.717048959435,True,discovery,False,True,True,False,True,False
XLI,2009-09-04T00:00:00.000Z,18.4317221019,0.0075636942652614,75.342413333,64.77903029963,True,discovery,False,True,True,False,True,False
XLI,2009-09-08T00:00:00.000Z,18.5919346212,0.0261254019328942,75.992044175,64.86442743347949,True,discovery,False,True,True,False,True,False
XLI,2009-09-09T00:00:00.000Z,18.9050772724,0.0574338085541719,76.575235499,64.974606874381,True,discovery,True,True,True,True,True,True
XLI,2009-09-10T00:00:00.000Z,19.0652897917,0.0480384307457533,77.3577453769,65.073988781676,True,discovery,False,True,True,False,True,False
XLI,2009-09-11T00:00:00.000Z,19.1890903748,0.0502192108400716,77.3429810396,65.15338222681,True,discovery,True,True,True,True,True,True
XLI,2009-09-14T00:00:00.000Z,19.3711500557,0.0756166599277998,77.7194716412,65.232381116147,True,discovery,True,True,True,True,True,True
XLI,2009-09-15T00:00:00.000Z,19.6041864474,0.1216666666673533,78.0442870622,65.3010408564005,True,discovery,True,True,True,True,True,True
XLI,2009-09-16T00:00:00.000Z,19.8517876135,0.1222725401411506,79.2254340476,65.371558366125,True,discovery,True,True,True,True,True,True
XLI,2009-09-17T00:00:00.000Z,19.8881995497,0.1211001642033577,79.107319349,65.47032716691649,True,discovery,True,True,True,True,True,True
XLI,2009-09-18T00:00:00.000Z,19.7745142025,0.1011309813435479,79.1577617075,65.557927097577,True,discovery,True,True,True,True,True,True
XLI,2009-09-21T00:00:00.000Z,19.6573752809,0.0669184835626939,78.9574937571,65.6371164220795,True,discovery,True,True,True,True,True,True
XLI,2009-09-22T00:00:00.000Z,19.8916531241,0.0775046298110653,79.4173683098,65.725905935936,True,discovery,True,True,True,True,True,True
XLI,2009-09-23T00:00:00.000Z,19.7232659243,0.0625153821088133,78.7572258068,65.80188921537349,True,discovery,True,True,True,True,True,True
XLI,2009-09-24T00:00:00.000Z,19.4011338899,0.0559323457791418,77.889398022,65.86243754389699,True,discovery,True,True,True,True,True,True
XLI,2009-09-25T00:00:00.000Z,19.1302501337,0.0317832674042302,77.4740274583,65.9263304261115,True,discovery,False,True,True,False,True,False
XLI,2009-09-28T00:00:00.000Z,19.5255939941,0.0589288595076986,78.8610684477,65.994953804345,True,discovery,True,True,True,True,True,True
XLI,2009-09-29T00:00:00.000Z,19.4816668985,0.0692149914253066,78.6237138399,66.07023337400899,True,discovery,True,True,True,True,True,True
XLI,2009-09-30T00:00:00.000Z,19.2839949683,0.076435801556103,78.3196032486,66.140197420617,True,discovery,True,True,True,True,True,True
XLI,2009-10-01T00:00:00.000Z,18.8007969167,0.0537471309902211,76.3762623971,66.204926451787,True,discovery,True,True,True,True,True,True
XLI,2009-10-02T00:00:00.000Z,18.5591978909,0.0267947906883887,76.0202304854,66.2529483949845,True,discovery,False,True,True,False,True,False
XLI,2009-10-05T00:00:00.000Z,18.9398993861,0.0275707978554871,77.155082204,66.30986129435651,True,discovery,False,True,True,False,True,False
XLI,2009-10-06T00:00:00.000Z,19.1229289511,0.0285604667141265,78.2602645967,66.37844435556,True,discovery,False,True,True,False,True,False
XLI,2009-10-07T00:00:00.000Z,19.0497171251,0.0076508469452891,78.47536721,66.4494787346175,True,discovery,False,True,True,False,True,False
XLI,2009-10-08T00:00:00.000Z,19.3864915247,0.0168474613556532,79.076171061,66.527634586763,True,discovery,False,True,True,False,True,False
XLI,2009-10-09T00:00:00.000Z,19.4377398029,0.0129578538244075,79.5582976082,66.611480426182,True,discovery,False,True,True,False,True,False
XLI,2009-10-12T00:00:00.000Z,19.4011338899,0.0015478603032748,79.8698255309,66.6950620294365,True,discovery,False,True,True,False,True,False
XLI,2009-10-13T00:00:00.000Z,19.4157762551,-0.009610712120369,79.7066442381,66.776005850449,True,discovery,False,True,True,False,True,False
XLI,2009-10-14T00:00:00.000Z,19.9795073153,0.0064336625137548,81.0788505645,66.8647216409825,True,discovery,False,True,True,False,True,False
XLI,2009-10-15T00:00:00.000Z,19.9502225849,0.0031185847187928,81.3755438243,66.94741478054151,True,discovery,False,True,True,False,True,False
XLI,2009-10-16T00:00:00.000Z,19.8111201155,0.0018511662347371,80.7673226418,67.0224392606435,True,discovery,False,True,True,False,True,False
XLI,2009-10-19T00:00:00.000Z,20.0234344109,0.0186219739293311,81.4348824762,67.090890532042,True,discovery,False,True,True,False,True,False
XLI,2009-10-20T00:00:00.000Z,19.8843319415,-0.0003680529996337,81.0046772496,67.1575915936225,True,discovery,False,True,True,False,True,False
XLI,2009-10-21T00:00:00.000Z,19.7415688808,0.0009279881217565,80.2777787631,67.2183990258745,True,discovery,False,True,True,False,True,False
XLI,2009-10-22T00:00:00.000Z,19.8843319415,0.0249056603774868,81.0936852275,67.293488505736,True,discovery,False,True,True,False,True,False
XLI,2009-10-23T00:00:00.000Z,19.5329151767,0.0210486031382655,80.1665187907,67.3625939544065,True,discovery,False,True,True,False,True,False
XLI,2009-10-26T00:00:00.000Z,19.3791703421,-0.0074990626172112,79.2986910059,67.4344655979055,True,discovery,False,True,True,False,True,False
XLI,2009-10-27T00:00:00.000Z,19.1156077685,-0.0187899285983678,78.9352417627,67.512317619874,True,discovery,False,True,True,False,True,False
XLI,2009-10-28T00:00:00.000Z,18.7202639081,-0.029233105543052,77.4443581323,67.582132208867,True,discovery,False,True,True,False,True,False
XLI,2009-10-29T00:00:00.000Z,19.1668560467,0.0194704049845273,79.105840387,67.6702380811085,True,discovery,False,True,True,False,True,False
XLI,2009-10-30T00:00:00.000Z,18.5152707953,-0.002366863905338,76.8138849553,67.74677486728851,True,discovery,False,True,True,False,True,False
XLI,2009-11-02T00:00:00.000Z,18.7275850907,-0.0112098956320653,77.3776021488,67.8237253779845,True,discovery,False,True,True,False,True,False
XLI,2009-11-03T00:00:00.000Z,19.0497171251,-0.0038284839203875,77.6223740882,67.9182601855755,True,discovery,False,True,True,False,True,False
XLI,2009-11-04T00:00:00.000Z,19.0131112121,-0.0019215987701868,77.8226420385,68.0011160665725,True,discovery,False,True,True,False,True,False
XLI,2009-11-05T00:00:00.000Z,19.5036304463,0.0060422960725388,79.2541870169,68.0958665604155,True,discovery,False,True,True,False,True,False
XLI,2009-11-06T00:00:00.000Z,19.6793388287,0.0124293785311373,79.4618722988,68.190343726464,True,discovery,False,True,True,False,True,False
XLI,2009-11-09T00:00:00.000Z,20.1771792455,0.0400000000002063,81.2717011834,68.2917931021925,True,discovery,False,True,True,False,True,False
XLI,2009-11-10T00:00:00.000Z,20.0600403239,0.0331825037709101,81.2865358464,68.39021946605699,True,discovery,False,True,True,False,True,False
XLI,2009-11-11T00:00:00.000Z,20.2137851585,0.0117259069256723,81.70190641,68.48030155329,True,discovery,False,True,True,False,True,False
XLI,2009-11-12T00:00:00.000Z,19.9795073153,0.0014678899082642,80.8711652827,68.57657817473,True,discovery,False,True,True,False,True,False
XLI,2009-11-13T00:00:00.000Z,20.1332521499,0.016260162601708,81.3087878408,68.6813101652805,True,discovery,False,True,True,False,True,False
XLI,2009-11-16T00:00:00.000Z,20.5944866537,0.0285191956125738,82.4881435484,68.792849872258,True,discovery,False,True,True,False,True,False
XLI,2009-11-17T00:00:00.000Z,20.5578807407,0.0338733431518638,82.5845688579,68.90064496855301,True,discovery,False,True,True,False,True,False
XLI,2009-11-18T00:00:00.000Z,20.4480630017,0.0357871314668973,82.5326475374,69.0096743818085,True,discovery,False,True,True,False,True,False
XLI,2009-11-19T00:00:00.000Z,20.1405733325,0.0128865979382091,81.4571344707,69.1088079850885,True,discovery,False,True,True,False,True,False
XLI,2009-11-20T00:00:00.000Z,20.1039674195,0.0292353823089952,81.1678585424,69.1977137565465,True,discovery,False,True,True,False,True,False
XLI,2009-11-23T00:00:00.000Z,20.4700265495,0.0562901397811743,82.1988676202,69.2913373414255,True,discovery,True,True,True,True,True,True
XLI,2009-11-24T00:00:00.000Z,20.3016393497,0.0620451934128103,82.3249622556,69.400129957258,True,discovery,True,True,True,True,True,True
XLI,2009-11-25T00:00:00.000Z,20.4700265495,0.09346890887809,82.6142381838,69.5085835254005,True,discovery,True,True,True,True,True,True
XLI,2009-11-27T00:00:00.000Z,20.0746826891,0.0473644003058237,81.2717011834,69.610105761585,True,discovery,False,True,True,False,True,False
XLI,2009-11-30T00:00:00.000Z,20.1405733325,0.0877817319103198,81.5461424487,69.7162795877835,True,discovery,True,True,True,True,True,True
XLI,2009-12-01T00:00:00.000Z,20.4700265495,0.0930414386244216,82.5548995319,69.8403960835495,True,discovery,True,True,True,True,True,True
XLI,2009-12-02T00:00:00.000Z,20.4114570887,0.0714834742509518,82.5178128744,69.965019466111,True,discovery,True,True,True,True,True,True
XLI,2009-12-03T00:00:00.000Z,20.3162817149,0.0685406237970489,81.8725050344,70.089513494651,True,discovery,True,True,True,True,True,True
XLI,2009-12-04T00:00:00.000Z,20.6237713841,0.0574324324327268,82.3397969186,70.219113241082,True,discovery,True,True,True,True,True,True
XLI,2009-12-07T00:00:00.000Z,20.5505595581,0.0442708333335584,82.2137022831,70.35817569157,True,discovery,False,True,True,False,True,False
XLI,2009-12-08T00:00:00.000Z,20.2357487063,0.0029027576197531,81.3013705093,70.4823646626425,True,discovery,False,True,True,False,True,False
XLI,2009-12-09T00:00:00.000Z,20.3309240801,0.0135036496351037,81.6054811006,70.6102968751205,True,discovery,False,True,True,False,True,False
XLI,2009-12-10T00:00:00.000Z,20.4187782713,0.0101412531691917,82.0653556533,70.745083149807,True,discovery,False,True,True,False,True,False
XLI,2009-12-11T00:00:00.000Z,20.6237713841,0.0322462440455992,82.4139702335,70.887770448455,True,discovery,False,True,True,False,True,False
XLI,2009-12-14T00:00:00.000Z,20.9019763229,0.0381818181820079,82.9776874271,71.04541003303899,True,discovery,False,True,True,False,True,False
XLI,2009-12-15T00:00:00.000Z,20.8434068621,0.0120867401351458,82.5919861894,71.2030522924715,True,discovery,False,True,True,False,True,False
XLI,2009-12-16T00:00:00.000Z,20.7555526709,0.0096153846154312,82.7180808248,71.3552763865675,True,discovery,False,True,True,False,True,False
XLI,2009-12-17T00:00:00.000Z,20.5285960103,0.0039384174722714,81.7241584045,71.5132070606205,True,discovery,False,True,True,False,True,False
XLI,2009-12-18T00:00:00.000Z,20.5216848139,0.0189225736084193,82.1841738865,71.6730005801155,True,discovery,False,True,True,False,True,False
XLI,2009-12-21T00:00:00.000Z,20.676426423,0.0284749269412731,83.019363749,71.839921476752,True,discovery,False,True,True,False,True,False
XLI,2009-12-22T00:00:00.000Z,20.6985323671,0.0111629468113993,83.3176458428,71.993540163472,True,discovery,False,True,True,False,True,False
XLI,2009-12-23T00:00:00.000Z,20.7353756073,0.0213645927862673,83.4817009944,72.146266559075,True,discovery,False,True,True,False,True,False
XLI,2009-12-24T00:00:00.000Z,20.8164307359,0.0169225079196813,83.8769247686,72.290547940456,True,discovery,False,True,True,False,True,False
XLI,2009-12-28T00:00:00.000Z,20.7795874956,0.0351141194815867,84.0558940249,72.4335743692755,True,discovery,False,True,True,False,True,False
XLI,2009-12-29T00:00:00.000Z,20.83853668,0.0346545918021969,83.9365811874,72.57684227854651,True,discovery,False,True,True,False,True,False
XLI,2009-12-30T00:00:00.000Z,20.7353756073,0.0129628096552949,83.906752978,72.71150754680451,True,discovery,False,True,True,False,True,False
XLI,2009-12-31T00:00:00.000Z,20.4774729257,0.003234254012985,83.1013913248,72.83576944157399,True,discovery,False,True,True,False,True,False
XLI,2010-01-04T00:00:00.000Z,20.8680112722,0.0271570145089767,84.5107742179,72.970685557562,True,discovery,False,True,True,False,True,False
XLI,2010-01-05T00:00:00.000Z,20.9416977527,0.0154155301025644,84.7344857882,73.11280009686601,True,discovery,False,True,True,False,True,False
XLI,2010-01-06T00:00:00.000Z,20.985909641,0.0211843420452464,84.794142207,73.234988898511,True,discovery,False,True,True,False,True,False
XLI,2010-01-07T00:00:00.000Z,21.2143377305,0.0483594177019668,85.1520807195,73.3649134836045,True,discovery,False,True,True,False,True,False
XLI,2010-01-08T00:00:00.000Z,21.5532955407,0.0601237531449179,85.4354487086,73.4931350555895,True,discovery,True,True,True,True,True,True
XLI,2010-01-11T00:00:00.000Z,21.7890922782,0.0671104798089741,85.5547615461,73.615860280419,True,discovery,True,True,True,True,True,True
XLI,2010-01-12T00:00:00.000Z,21.6122447251,0.0479288352547424,84.7568569453,73.74010161175799,True,discovery,False,True,True,False,True,False
XLI,2010-01-13T00:00:00.000Z,21.7006685016,0.0382113234826009,85.4727339703,73.8782729117065,True,discovery,False,True,True,False,True,False
XLI,2010-01-14T00:00:00.000Z,21.7006685016,0.0411286717748036,85.703902593,74.01492066308701,True,discovery,False,True,True,False,True,False
XLI,2010-01-15T00:00:00.000Z,21.4206598758,0.0320447841329951,84.7419428406,74.141106165735,True,discovery,False,True,True,False,True,False
XLI,2010-01-19T00:00:00.000Z,21.6564566134,0.054940951759882,85.8008442735,74.263887273576,True,discovery,True,True,True,True,True,True
XLI,2010-01-20T00:00:00.000Z,21.3248674512,0.0391382405774003,84.9283691492,74.379259550124,True,discovery,False,True,True,False,True,False
XLI,2010-01-21T00:00:00.000Z,20.831168032,0.0074839629360647,83.2952746858,74.4888888460225,True,discovery,False,True,True,False,True,False
XLI,2010-01-22T00:00:00.000Z,20.5143161659,-0.0088999644000272,81.438468652,74.5963914154375,True,discovery,False,True,True,False,True,False
XLI,2010-01-25T00:00:00.000Z,20.6469518308,-0.0042643923203817,81.8560635833,74.7027520012055,True,discovery,False,True,True,False,True,False
XLI,2010-01-26T00:00:00.000Z,20.5585280542,-0.0123893805317556,81.5130391755,74.7953584920695,True,discovery,False,True,True,False,True,False
XLI,2010-01-27T00:00:00.000Z,20.6174772386,-0.0078014184369313,81.9008058974,74.889830393468,True,discovery,False,True,True,False,True,False
XLI,2010-01-28T00:00:00.000Z,20.381680501,-0.0219236209344042,80.961217302,74.9850365876905,True,discovery,False,True,True,False,True,False
XLI,2010-01-29T00:00:00.000Z,20.1753583557,-0.0270078180499824,80.0812851254,75.0725397359815,True,discovery,False,True,True,False,True,False
XLI,2010-02-01T00:00:00.000Z,20.4774729257,0.0,81.3266128669,75.16168149838549,True,discovery,False,True,True,False,True,False
XLI,2010-02-02T00:00:00.000Z,20.8680112722,0.0,82.3109437763,75.25361606458401,True,discovery,False,True,True,False,True,False
XLI,2010-02-03T00:00:00.000Z,20.7427442554,-0.009500351864946,81.9008058974,75.35689698054449,True,discovery,False,True,True,False,True,False
XLI,2010-02-04T00:00:00.000Z,20.1311464674,-0.0407303370796019,79.3728651527,75.441555416051,True,discovery,False,True,True,False,True,False
XLI,2010-02-05T00:00:00.000Z,20.0427226908,-0.0552275095543312,79.5369203042,75.52894273453501,True,discovery,False,True,True,False,True,False
XLI,2010-02-08T00:00:00.000Z,19.8216632494,-0.0803418803416899,78.9627272737,75.61041263219501,True,discovery,False,True,True,False,True,False
XLI,2010-02-09T00:00:00.000Z,20.2048329479,-0.0727088265115591,79.9545152355,75.69210662461249,True,discovery,False,True,True,False,True,False
XLI,2010-02-10T00:00:00.000Z,20.1753583557,-0.0664848278222219,79.7979171363,75.77602740003101,True,discovery,False,True,True,False,True,False
XLI,2010-02-11T00:00:00.000Z,20.4774729257,-0.0563667232560053,80.6331069989,75.865115123393,True,discovery,False,True,True,False,True,False
XLI,2010-02-12T00:00:00.000Z,20.3153626686,-0.0638370118827381,80.5659935278,75.94718711926049,True,discovery,False,True,True,False,True,False
XLI,2010-02-16T00:00:00.000Z,20.7943247917,-0.0292397660824446,81.8336924263,76.035487500701,True,discovery,False,True,True,False,True,False
XLI,2010-02-17T00:00:00.000Z,20.9711723449,-0.0316434161291176,82.2214591482,76.124001614833,True,discovery,False,True,True,False,True,False
XLI,2010-02-18T00:00:00.000Z,21.1627571941,-0.0076019350399703,82.7061675506,76.203964723488,True,discovery,False,True,True,False,True,False
XLI,2010-02-19T00:00:00.000Z,21.2659182668,0.0208701804014135,82.8776797545,76.2859232122505,True,discovery,False,True,True,False,True,False
XLI,2010-02-22T00:00:00.000Z,21.2806555629,0.0373563218389825,82.8925938592,76.3621937163165,True,discovery,False,True,True,False,True,False
XLI,2010-02-23T00:00:00.000Z,21.0080155851,0.0174875089194224,81.8858917927,76.438128839894,True,discovery,False,True,True,False,True,False
XLI,2010-02-24T00:00:00.000Z,21.2217063785,0.0322580645147168,82.6390540795,76.51004847785251,True,discovery,False,True,True,False,True,False
XLI,2010-02-25T00:00:00.000Z,21.1701258422,0.02680486061434,82.5271982943,76.5877953854725,True,discovery,False,True,True,False,True,False
XLI,2010-02-26T00:00:00.000Z,21.2511809707,0.0426608821415552,82.5793976607,76.6667942922255,True,discovery,False,True,True,False,True,False
XLI,2010-03-01T00:00:00.000Z,21.5311895965,0.0672023374701022,83.4369586803,76.758486268804,True,discovery,True,True,True,True,True,True
XLI,2010-03-02T00:00:00.000Z,21.5680328368,0.0532565671094751,83.668127303,76.8485445622015,True,discovery,True,True,True,True,True,True
XLI,2010-03-03T00:00:00.000Z,21.597507429,0.0349576271205018,83.7426978264,76.9416551255905,True,discovery,False,True,True,False,True,False
XLI,2010-03-04T00:00:00.000Z,21.7006685016,0.0461811722887446,83.9962376061,77.026783915614,True,discovery,False,True,True,False,True,False
XLI,2010-03-05T00:00:00.000Z,22.0322576638,0.0944363103948711,85.1968230336,77.11831937893949,True,discovery,True,True,True,True,True,True
XLI,2010-03-08T00:00:00.000Z,21.9290965911,0.0941176470582951,85.2117371383,77.21216837246101,True,discovery,True,True,True,True,True,True
XLI,2010-03-09T00:00:00.000Z,22.1059441443,0.1152416356871135,85.3534211328,77.31149734254451,True,discovery,True,True,True,True,True,True
XLI,2010-03-10T00:00:00.000Z,22.1501560326,0.0962800875273848,85.7337308024,77.413425248055,True,discovery,True,True,True,True,True,True
XLI,2010-03-11T00:00:00.000Z,22.2312111611,0.1018991964927937,86.0916693149,77.5087742672455,True,discovery,True,True,True,True,True,True
XLI,2010-03-12T00:00:00.000Z,22.3785841221,0.0928391507730446,86.0991263672,77.6101433741205,True,discovery,True,True,True,True,True,True
XLI,2010-03-15T00:00:00.000Z,22.3785841221,0.1015596663055873,86.1214975243,77.7070363121865,True,discovery,True,True,True,True,True,True
XLI,2010-03-16T00:00:00.000Z,22.680698692,0.0907158043935594,86.8075463399,77.8014501149825,True,discovery,True,True,True,True,True,True
XLI,2010-03-17T00:00:00.000Z,22.7175419323,0.083274771609261,87.3220829517,77.89021486810549,True,discovery,True,True,True,True,True,True
XLI,2010-03-18T00:00:00.000Z,22.7175419323,0.0734679665763713,87.2773406376,77.9784622724135,True,discovery,True,True,True,True,True,True
XLI,2010-03-19T00:00:00.000Z,22.7811923141,0.0712536382529795,86.8376579173,78.068915752049,True,discovery,True,True,True,True,True,True
XLI,2010-03-22T00:00:00.000Z,22.8477391271,0.0736388763761581,87.3019102921,78.158460535255,True,discovery,True,True,True,True,True,True
XLI,2010-03-23T00:00:00.000Z,23.1065322887,0.0998912388987551,87.9159214975,78.251001951413,True,discovery,True,True,True,True,True,True
XLI,2010-03-24T00:00:00.000Z,22.9438623014,0.0811506809200197,87.4891088304,78.3428407642385,True,discovery,True,True,True,True,True,True
XLI,2010-03-25T00:00:00.000Z,22.9290741208,0.083086340237702,87.3468379413,78.4322064395265,True,discovery,True,True,True,True,True,True
XLI,2010-03-26T00:00:00.000Z,22.9882268434,0.0817387925449859,87.2944223506,78.5221909265715,True,discovery,True,True,True,True,True,True
XLI,2010-03-29T00:00:00.000Z,23.1952613727,0.0772865692692847,87.8485300238,78.61340438306,True,discovery,True,True,True,True,True,True
XLI,2010-03-30T00:00:00.000Z,23.2322318244,0.0771604438936357,87.908433556,78.70396304075301,True,discovery,True,True,True,True,True,True
XLI,2010-03-31T00:00:00.000Z,23.0991381984,0.0695279663329893,87.6089158948,78.8010256250325,True,discovery,True,True,True,True,True,True
XLI,2010-04-01T00:00:00.000Z,23.2470200051,0.071258242730448,88.2079512172,78.9057081257265,True,discovery,True,True,True,True,True,True
XLI,2010-04-05T00:00:00.000Z,23.4170840827,0.0628544945339548,88.926793604,79.0143151614435,True,discovery,True,True,True,True,True,True
XLI,2010-04-06T00:00:00.000Z,23.424478173,0.0681916637873221,89.1364559668,79.1215113351325,True,discovery,True,True,True,True,True,True
XLI,2010-04-07T00:00:00.000Z,23.2913845471,0.0536254138281475,88.6272759428,79.2249203094715,True,discovery,True,True,True,True,True,True
XLI,2010-04-08T00:00:00.000Z,23.367173973,0.0549439894964542,88.9342815456,79.34005171195601,True,discovery,True,True,True,True,True,True
XLI,2010-04-09T00:00:00.000Z,23.4984190764,0.0570012990348161,89.5183409849,79.457845039425,True,discovery,True,True,True,True,True,True
XLI,2010-04-12T00:00:00.000Z,23.5501777087,0.0523533383616969,89.6606118739,79.57350756795,True,discovery,True,True,True,True,True,True
XLI,2010-04-13T00:00:00.000Z,23.5871481603,0.0540053844160086,89.7280033477,79.6822725322495,True,discovery,True,True,True,True,True,True
XLI,2010-04-14T00:00:00.000Z,23.890305864,0.053332006585258,90.7463633957,79.79701517917451,True,discovery,True,True,True,True,True,True
XLI,2010-04-15T00:00:00.000Z,24.1195226643,0.0617135751824737,90.821242811,79.9089578869615,True,discovery,True,True,True,True,True,True
XLI,2010-04-16T00:00:00.000Z,23.7276358767,0.0444631706815004,89.3760700958,80.0164430444195,True,discovery,False,True,True,False,True,False
XLI,2010-04-19T00:00:00.000Z,23.6832713347,0.0395975332705336,89.7130274646,80.124210358221,True,discovery,False,True,True,False,True,False
XLI,2010-04-20T00:00:00.000Z,23.956852677,0.0485436893221731,90.5142372083,80.2452852680155,True,discovery,False,True,True,False,True,False
XLI,2010-04-21T00:00:00.000Z,24.1195226643,0.0438400000027434,90.3495024946,80.3655733966295,True,discovery,False,True,True,False,True,False
XLI,2010-04-22T00:00:00.000Z,24.3413453743,0.0609087979409086,90.6190683897,80.4936318599075,True,discovery,True,True,True,True,True,True
XLI,2010-04-23T00:00:00.000Z,24.4892271809,0.0680425669122293,91.2106157705,80.62486951776751,True,discovery,True,True,True,True,True,True
XLI,2010-04-26T00:00:00.000Z,24.5409858132,0.0675458346734472,90.8661704602,80.753757472122,True,discovery,True,True,True,True,True,True
XLI,2010-04-27T00:00:00.000Z,23.9494585866,0.0325151418551232,88.7171312412,80.8726753543995,True,discovery,False,True,True,False,True,False
XLI,2010-04-28T00:00:00.000Z,24.1195226643,0.0381922342462213,89.3910459788,80.987063893591,True,discovery,False,True,True,False,True,False
XLI,2010-04-29T00:00:00.000Z,24.6666853489,0.0678617157504422,90.4992613252,81.1051110454335,True,discovery,True,True,True,True,True,True
XLI,2010-04-30T00:00:00.000Z,24.0825522126,0.0359414758242861,88.9642333117,81.205701680044,True,discovery,False,True,True,False,True,False
XLI,2010-05-03T00:00:00.000Z,24.5631680842,0.048942216607861,90.1173763072,81.3126116959725,True,discovery,False,True,True,False,True,False
XLI,2010-05-04T00:00:00.000Z,23.7867885993,0.0154671717177294,87.9982888544,81.40516138338549,True,discovery,False,True,True,False,True,False
XLI,2010-05-05T00:00:00.000Z,23.4836308957,0.0082539682521336,87.4741329473,81.4913992069335,True,discovery,False,True,True,False,True,False
XLI,2010-05-06T00:00:00.000Z,22.7072514108,-0.0282414365965912,84.5688131315,81.5614863432245,True,discovery,False,True,True,False,True,False
XLI,2010-05-07T00:00:00.000Z,22.2044532682,-0.0550660792963539,83.3108374569,81.62535741175549,True,discovery,False,True,True,False,True,False
XLI,2010-05-10T00:00:00.000Z,23.4762368054,-0.0031397174244118,86.9799288064,81.699785745408,True,discovery,False,True,True,False,True,False
XLI,2010-05-11T00:00:00.000Z,23.4096899924,-0.0075235109685147,86.7328267359,81.7715021571225,True,discovery,False,True,True,False,True,False
XLI,2010-05-12T00:00:00.000Z,23.9272763156,0.0015475085087006,87.9458732637,81.84821338702051,True,discovery,False,True,True,False,True,False
XLI,2010-05-13T00:00:00.000Z,23.557571799,-0.023298589823743,86.8526338004,81.92115631470251,True,discovery,False,True,True,False,True,False
XLI,2010-05-14T00:00:00.000Z,23.0621677467,-0.0280461202902002,85.2801660792,81.9871227529445,True,discovery,False,True,True,False,True,False
XLI,2010-05-17T00:00:00.000Z,23.0030150241,-0.0287230721206704,85.3250937283,82.04954893818,True,discovery,False,True,True,False,True,False
XLI,2010-05-18T00:00:00.000Z,22.7146455011,-0.0518518518541708,84.1644627913,82.1056552169245,True,discovery,False,True,True,False,True,False
XLI,2010-05-19T00:00:00.000Z,22.4262759782,-0.070202329858137,83.6852345334,82.1533488795405,True,discovery,False,True,True,False,True,False
XLI,2010-05-20T00:00:00.000Z,21.4502560543,-0.1187727825041446,80.525323208,82.1842833036035,True,discovery,False,False,True,False,False,False
XLI,2010-05-21T00:00:00.000Z,21.7534137579,-0.1117149758459408,81.7009300281,82.22216617622249,True,discovery,False,False,True,False,False,False
XLI,2010-05-24T00:00:00.000Z,21.4280737833,-0.1268454353706377,80.652618214,82.2567268536225,True,discovery,False,False,True,False,False,False
XLI,2010-05-25T00:00:00.000Z,21.4132856026,-0.1058968817532692,80.7349855708,82.286864047335,True,discovery,False,False,True,False,False,False
XLI,2010-05-26T00:00:00.000Z,21.4576501446,-0.1103617412644701,80.2482693714,82.3153427877595,True,discovery,False,False,True,False,False,False
XLI,2010-05-27T00:00:00.000Z,22.1822709972,-0.1007194244609275,82.9364403804,82.36191314948401,True,discovery,False,True,True,False,True,False
XLI,2010-05-28T00:00:00.000Z,21.8865073839,-0.0911882100083656,81.8956165078,82.399329931613,True,discovery,False,False,True,False,False,False
XLI,2010-06-01T00:00:00.000Z,21.398497422,-0.1288380493652869,80.5178352664,82.4270156726015,True,discovery,False,False,True,False,False,False
XLI,2010-06-02T00:00:00.000Z,21.9530541969,-0.0770904569460866,82.6144588947,82.46806357750849,True,discovery,False,True,True,False,True,False
XLI,2010-06-03T00:00:00.000Z,22.054722939,-0.0608469773284351,82.8990006728,82.51968808044299,True,discovery,False,True,True,False,True,False
XLI,2010-06-04T00:00:00.000Z,21.021398815,-0.0742429176169765,79.9861914178,82.5538694913255,True,discovery,False,False,True,False,False,False
XLI,2010-06-07T00:00:00.000Z,20.4816302207,-0.0775890775913556,78.9902951944,82.5798601777245,True,discovery,False,False,True,False,False,False
XLI,2010-06-08T00:00:00.000Z,20.6960588404,-0.118425196850992,79.8364325872,82.60627973422801,True,discovery,False,False,True,False,False,False
XLI,2010-06-09T00:00:00.000Z,20.6960588404,-0.1159191408720485,79.4096199201,82.623256880424,True,discovery,False,False,True,False,False,False
XLI,2010-06-10T00:00:00.000Z,21.4946205963,-0.1016687268209448,81.7308817942,82.65187724683351,True,discovery,False,False,True,False,False,False
XLI,2010-06-11T00:00:00.000Z,21.5685614996,-0.0844318895160677,82.1277426953,82.6817437008825,True,discovery,False,False,True,False,False,False
XLI,2010-06-14T00:00:00.000Z,21.5463792286,-0.0657261942913799,82.0004476893,82.71093676905849,True,discovery,False,False,True,False,False,False
XLI,2010-06-15T00:00:00.000Z,22.1970591779,-0.0350369656045352,83.8649451301,82.74860337504249,True,discovery,False,True,True,False,True,False
XLI,2010-06-16T00:00:00.000Z,22.1379064552,-0.0253906249988392,83.834993364,82.7861940438825,True,discovery,False,True,True,False,True,False
XLI,2010-06-17T00:00:00.000Z,22.2044532682,-0.0098911968360518,83.9697763115,82.8278544250435,True,discovery,False,True,True,False,True,False
XLI,2010-06-18T00:00:00.000Z,22.2910084896,0.0391954498431947,84.0605900664,82.8783107255635,True,discovery,False,True,True,False,True,False
XLI,2010-06-21T00:00:00.000Z,22.3281601704,0.0264209755257964,83.819836564,82.92896587061648,True,discovery,False,True,True,False,True,False
XLI,2010-06-22T00:00:00.000Z,21.7876032146,0.0167784297802913,82.4355039253,82.9696357524825,True,discovery,False,False,True,False,False,False
XLI,2010-06-23T00:00:00.000Z,21.7040119327,0.0135769136738501,82.179703329,83.00382220246249,True,discovery,False,False,True,False,False,False
XLI,2010-06-24T00:00:00.000Z,21.3250647884,-0.0061789317705586,80.8179413312,83.02795168824349,True,discovery,False,False,True,False,False,False
XLI,2010-06-25T00:00:00.000Z,21.488532184,-0.0312744720000746,81.1565009439,83.05085801546798,True,discovery,False,False,True,False,False,False
XLI,2010-06-28T00:00:00.000Z,21.3399254607,-0.0249734648663985,80.9007003476,83.06857279032148,True,discovery,False,False,True,False,False,False
XLI,2010-06-29T00:00:00.000Z,20.5151581466,-0.0412804346949999,78.4028827604,83.07387229892551,True,discovery,False,False,True,False,False,False
XLI,2010-06-30T00:00:00.000Z,20.3814120957,-0.0715910454692874,77.6580516124,83.07356519878151,True,discovery,False,False,True,False,False,False
XLI,2010-07-01T00:00:00.000Z,20.3219694064,-0.0785660983995369,77.3119684527,83.069903605734,True,discovery,False,False,True,False,False,False
XLI,2010-07-02T00:00:00.000Z,20.0693379768,-0.0452900801977388,76.8906498235,83.0582296846135,True,discovery,False,False,True,False,False,False
XLI,2010-07-06T00:00:00.000Z,20.1064896576,-0.0183159523464524,77.3947274692,83.04966672521451,True,discovery,False,False,True,False,False,False
XLI,2010-07-07T00:00:00.000Z,20.804941257,0.0052610217935529,79.8323566808,83.05303970008099,True,discovery,False,False,True,False,False,False
XLI,2010-07-08T00:00:00.000Z,21.0724333589,0.0181858063606437,80.6223291105,83.061363876848,True,discovery,False,False,True,False,False,False
XLI,2010-07-09T00:00:00.000Z,21.2804827714,-0.0099623914709553,81.2242128664,83.070398099631,True,discovery,False,False,True,False,False,False
XLI,2010-07-12T00:00:00.000Z,21.169027729,-0.0185238950964536,81.2768776951,83.0829963590725,True,discovery,False,False,True,False,False,False
XLI,2010-07-13T00:00:00.000Z,21.5405445371,-0.0002707968442444,82.5032158478,83.10606544820149,True,discovery,False,False,True,False,False,False
XLI,2010-07-14T00:00:00.000Z,21.5851265541,-0.027568184546233,82.4956923009,83.1311737724145,True,discovery,False,False,True,False,False,False
XLI,2010-07-15T00:00:00.000Z,21.577696218,-0.025305474947854,82.5182629417,83.1494597448845,True,discovery,False,False,True,False,False,False
XLI,2010-07-16T00:00:00.000Z,20.8569536101,-0.0606860093254274,80.246151763,83.1575719345,True,discovery,False,False,True,False,False,False
XLI,2010-07-19T00:00:00.000Z,20.9758389887,-0.05900000000061,80.7201352208,83.169574594361,True,discovery,False,False,True,False,False,False
XLI,2010-07-20T00:00:00.000Z,21.3027737799,-0.045923460897568,81.6154373078,83.1957704689145,True,discovery,False,False,True,False,False,False
XLI,2010-07-21T00:00:00.000Z,21.2507614268,-0.0246397817379132,80.5546171879,83.21844240242699,True,discovery,False,False,True,False,False,False
XLI,2010-07-22T00:00:00.000Z,21.9046310091,0.0092434097908757,82.3527449089,83.24443071595151,True,discovery,False,False,True,False,False,False
XLI,2010-07-23T00:00:00.000Z,22.3430208428,0.0477351916395456,83.0674818691,83.26846680231351,True,discovery,False,False,True,False,False,False
XLI,2010-07-26T00:00:00.000Z,22.7071073148,0.0567081604441708,83.9326897682,83.2957534151045,True,discovery,True,True,True,True,True,True
XLI,2010-07-27T00:00:00.000Z,22.5510702553,0.0567548746517632,83.9251662213,83.31999839090601,True,discovery,True,True,True,True,True,True
XLI,2010-07-28T00:00:00.000Z,22.491627566,0.0963419051062768,83.3834708409,83.33912425706949,True,discovery,True,True,True,True,True,True
XLI,2010-07-29T00:00:00.000Z,22.4173242044,0.0998906306952858,82.9771993057,83.3546611259435,True,discovery,True,False,True,True,False,False
XLI,2010-07-30T00:00:00.000Z,22.5064882384,0.1074954296167784,82.9621522118,83.37093866581199,True,discovery,True,False,True,True,False,False
XLI,2010-08-02T00:00:00.000Z,22.9523084081,0.1436504998138299,84.8355154022,83.38972199000051,True,discovery,True,True,True,True,True,True
XLI,2010-08-03T00:00:00.000Z,22.8334230295,0.1356245380639704,84.4292438669,83.4049904902135,True,discovery,True,True,True,True,True,True
XLI,2010-08-04T00:00:00.000Z,23.0340421059,0.1071428571397672,84.9935098881,83.42612142644501,True,discovery,True,True,True,True,True,True
XLI,2010-08-05T00:00:00.000Z,23.0489027783,0.0937940761627909,84.9032273247,83.44346315068749,True,discovery,True,True,True,True,True,True
XLI,2010-08-06T00:00:00.000Z,22.9225870635,0.0771648044708324,84.557144165,83.46122548526449,True,discovery,True,True,True,True,True,True
XLI,2010-08-09T00:00:00.000Z,23.0414724421,0.0884520884506609,85.008556982,83.484879376359,True,discovery,True,True,True,True,True,True
XLI,2010-08-10T00:00:00.000Z,22.8854353827,0.0624353225278797,84.5496206181,83.50215905331201,True,discovery,True,True,True,True,True,True
XLI,2010-08-11T00:00:00.000Z,22.0309467239,0.0206540447507972,82.2323681577,83.512488300147,True,discovery,False,False,True,False,False,False
XLI,2010-08-12T00:00:00.000Z,21.8749096645,0.0137741046818549,81.728290512,83.5246362976775,True,discovery,False,False,True,False,False,False
XLI,2010-08-13T00:00:00.000Z,21.8451883198,0.0473815461344002,81.4875370097,83.53739777391249,True,discovery,False,False,True,False,False,False
XLI,2010-08-16T00:00:00.000Z,21.8006063028,0.03931987247539,81.4499192749,83.5574255796255,True,discovery,False,False,True,False,False,False
XLI,2010-08-17T00:00:00.000Z,22.1795534472,0.0411580048851325,82.4505510192,83.5741491327865,True,discovery,False,False,True,False,False,False
XLI,2010-08-18T00:00:00.000Z,22.261287145,0.0475524475525659,82.6010219582,83.60308481780099,True,discovery,False,False,True,False,False,False
XLI,2010-08-19T00:00:00.000Z,21.7857456305,-0.0054274084119751,81.1640244908,83.62201692951099,True,discovery,False,False,True,False,False,False
XLI,2010-08-20T00:00:00.000Z,21.6742905881,-0.0299301629535694,80.9007003476,83.638408560808,True,discovery,False,False,True,False,False,False
XLI,2010-08-23T00:00:00.000Z,21.4365198309,-0.0559554973817321,80.5922349227,83.652256525229,True,discovery,False,False,True,False,False,False
XLI,2010-08-24T00:00:00.000Z,20.9981299972,-0.0688632619436333,79.3959909577,83.652965544933,True,discovery,False,False,True,False,False,False
XLI,2010-08-25T00:00:00.000Z,20.9609783164,-0.0680541790543358,79.7044563826,83.654178465352,True,discovery,False,False,True,False,False,False
XLI,2010-08-26T00:00:00.000Z,20.9312569718,-0.0662910175652595,79.1702845492,83.643671382181,True,discovery,False,False,True,False,False,False
XLI,2010-08-27T00:00:00.000Z,21.3547861331,-0.0511720039617284,80.396622702,83.639221816459,True,discovery,False,False,True,False,False,False
XLI,2010-08-30T00:00:00.000Z,21.0278513419,-0.0838459048206605,79.2304729248,83.626864649033,True,discovery,False,False,True,False,False,False
XLI,2010-08-31T00:00:00.000Z,20.9461176441,-0.0826553856143981,79.2304729248,83.61866118724349,True,discovery,False,False,True,False,False,False
XLI,2010-09-01T00:00:00.000Z,21.7783152944,-0.0545161290287975,81.6003902139,83.620119199109,True,discovery,False,False,True,False,False,False
XLI,2010-09-02T00:00:00.000Z,22.0532377324,-0.0431979368162113,82.3602684558,83.619479823646,True,discovery,False,False,True,False,False,False
XLI,2010-09-03T00:00:00.000Z,22.3876028597,-0.0233387358206118,83.4286121226,83.62370003996949,True,discovery,False,False,True,False,False,False
XLI,2010-09-07T00:00:00.000Z,22.1795534472,-0.0374072879702407,82.4881687539,83.623477646052,True,discovery,False,False,True,False,False,False
XLI,2010-09-08T00:00:00.000Z,22.4098938682,-0.0207792207815927,83.0674818691,83.631529383044,True,discovery,False,False,True,False,False,False
XLI,2010-09-09T00:00:00.000Z,22.3876028597,0.0161888701502366,83.4511827635,83.64294600414951,True,discovery,False,False,True,False,False,False
XLI,2010-09-10T00:00:00.000Z,22.5882219361,0.0326086956490434,83.8725013926,83.65131417301149,True,discovery,False,True,True,False,True,False
XLI,2010-09-13T00:00:00.000Z,22.811132021,0.0442176870741137,84.8054212144,83.6637164678055,True,discovery,False,True,True,False,True,False
XLI,2010-09-14T00:00:00.000Z,22.7442589956,0.0432856169086821,84.7527563857,83.674409058815,True,discovery,False,True,True,False,True,False
XLI,2010-09-15T00:00:00.000Z,22.7442589956,0.0254606365157135,85.0762689046,83.693431897421,True,discovery,False,True,True,False,True,False
XLI,2010-09-16T00:00:00.000Z,22.7145376509,0.0203604806383264,85.0536982637,83.710969676496,True,discovery,False,True,True,False,True,False
XLI,2010-09-17T00:00:00.000Z,22.9245189509,0.0522714870408531,85.085394967,83.7236221536715,True,discovery,True,True,True,True,True,True
XLI,2010-09-20T00:00:00.000Z,23.2699083153,0.073617990896369,86.3863717591,83.742964948095,True,discovery,True,True,True,True,True,True
XLI,2010-09-21T00:00:00.000Z,23.3147155842,0.0876166359145966,86.2124039323,83.76466444258449,True,discovery,True,True,True,True,True,True
XLI,2010-09-22T00:00:00.000Z,23.1952295338,0.10463310479995,85.788830093,83.7819096084565,True,discovery,True,True,True,True,True,True
XLI,2010-09-23T00:00:00.000Z,22.8517071389,0.0902023175617086,85.0929587856,83.796305890969,True,discovery,True,True,True,True,True,True
XLI,2010-09-24T00:00:00.000Z,23.4790089035,0.1217199681382013,86.8477646912,83.8240378618785,True,discovery,True,True,True,True,True,True
XLI,2010-09-27T00:00:00.000Z,23.3296513405,0.0924788099066444,86.4317546705,83.84816922972801,True,discovery,True,True,True,True,True,True
XLI,2010-09-28T00:00:00.000Z,23.4566052691,0.1155017641940656,86.7343074128,83.8715139885255,True,discovery,True,True,True,True,True,True
XLI,2010-09-29T00:00:00.000Z,23.4491373909,0.1194980277170856,86.5830310416,83.892359292566,True,discovery,True,True,True,True,True,True
XLI,2010-09-30T00:00:00.000Z,23.3595228531,0.0726046775117903,86.3258612106,83.9091001614835,True,discovery,True,True,True,True,True,True
XLI,2010-10-01T00:00:00.000Z,23.3819264876,0.0602491466932282,86.6889245015,83.92958485304399,True,discovery,True,True,True,True,True,True
XLI,2010-10-04T00:00:00.000Z,23.1354865086,0.0334061513234302,86.0384361054,83.946186629447,True,discovery,False,True,True,False,True,False
XLI,2010-10-05T00:00:00.000Z,23.7553203951,0.0710459275770012,87.7705505554,83.9764185902015,True,discovery,True,True,True,True,True,True
XLI,2010-10-06T00:00:00.000Z,23.8972100799,0.0663687307243576,87.7629867368,84.004312654453,True,discovery,True,True,True,True,True,True
XLI,2010-10-07T00:00:00.000Z,23.8449349329,0.0650954942488883,87.657093277,84.02750130209299,True,discovery,True,True,True,True,True,True
XLI,2010-10-08T00:00:00.000Z,24.0428337039,0.0643969132194188,88.1487414833,84.0516567802955,True,discovery,True,True,True,True,True,True
XLI,2010-10-11T00:00:00.000Z,23.9793567396,0.0512129217228032,88.2319434874,84.07540799276049,True,discovery,True,True,True,True,True,True
XLI,2010-10-12T00:00:00.000Z,23.9644209833,0.053647031892138,88.5042409555,84.098544573695,True,discovery,True,True,True,True,True,True
XLI,2010-10-13T00:00:00.000Z,24.3602185252,0.0710491174899397,89.1925484444,84.1242278457925,True,discovery,True,True,True,True,True,True
XLI,2010-10-14T00:00:00.000Z,24.2183288404,0.0662039092589859,88.8446127907,84.148768003809,True,discovery,True,True,True,True,True,True
XLI,2010-10-15T00:00:00.000Z,24.0689712774,0.0499226321368486,89.0261444361,84.17436496109951,True,discovery,False,True,True,False,True,False
XLI,2010-10-18T00:00:00.000Z,24.0540355211,0.0336970474990843,89.4648459125,84.20618223403798,True,discovery,False,True,True,False,True,False
XLI,2010-10-19T00:00:00.000Z,23.7329167606,0.0179372197310185,88.2924540359,84.225090633128,True,discovery,False,True,True,False,True,False
XLI,2010-10-20T00:00:00.000Z,24.0689712774,0.0376690276906632,89.1547293516,84.247191850945,True,discovery,False,True,True,False,True,False
XLI,2010-10-21T00:00:00.000Z,24.2631361093,0.0617647058848112,89.3513886341,84.2699780830805,True,discovery,True,True,True,True,True,True
XLI,2010-10-22T00:00:00.000Z,24.2556682311,0.0330788804072657,89.5177926424,84.29180664269501,True,discovery,False,True,True,False,True,False
XLI,2010-10-25T00:00:00.000Z,24.3378148908,0.0432138284274243,89.782526292,84.31354203061198,True,discovery,False,True,True,False,True,False
XLI,2010-10-26T00:00:00.000Z,24.2257967185,0.0327921044232806,89.7976539291,84.33475649252699,True,discovery,False,True,True,False,True,False
XLI,2010-10-27T00:00:00.000Z,24.0465676429,0.0254777070064782,89.5404840981,84.358674628291,True,discovery,False,True,True,False,True,False
XLI,2010-10-28T00:00:00.000Z,23.9942924959,0.0271739130457351,89.5556117352,84.37908901711549,True,discovery,False,True,True,False,True,False
XLI,2010-10-29T00:00:00.000Z,24.0316318866,0.027786649630626,89.6236861022,84.3986879346615,True,discovery,False,True,True,False,True,False
XLI,2010-11-01T00:00:00.000Z,24.0316318866,0.0387346675276045,89.6539413765,84.423247927341,True,discovery,False,True,True,False,True,False
XLI,2010-11-02T00:00:00.000Z,24.2631361093,0.0213769254951723,90.364940321,84.44606840757851,True,discovery,False,True,True,False,True,False
XLI,2010-11-03T00:00:00.000Z,24.3004755,0.0168750000000708,90.7280036118,84.4750665798915,True,discovery,False,True,True,False,True,False
XLI,2010-11-04T00:00:00.000Z,24.8157590924,0.0407140620107338,92.4752456989,84.520966434957,True,discovery,False,True,True,False,True,False
XLI,2010-11-05T00:00:00.000Z,24.9651166554,0.0383599937868552,92.8231813526,84.57788999846001,True,discovery,False,True,True,False,True,False
XLI,2010-11-08T00:00:00.000Z,24.8605663613,0.0367486764248663,92.6492135257,84.631855748172,True,discovery,False,True,True,False,True,False
XLI,2010-11-09T00:00:00.000Z,24.6365300168,0.0280461202867521,91.9835974926,84.68420853975749,True,discovery,False,True,True,False,True,False
XLI,2010-11-10T00:00:00.000Z,24.6290621386,0.011036174126348,92.3542246019,84.73647563328,True,discovery,False,True,True,False,True,False
XLI,2010-11-11T00:00:00.000Z,24.4909063929,0.0112550107935316,92.0062889482,84.79170099151101,True,discovery,False,True,True,False,True,False
XLI,2010-11-12T00:00:00.000Z,24.2033930841,0.0055848588271911,90.9170990758,84.845880061263,True,discovery,False,True,True,False,True,False
XLI,2010-11-15T00:00:00.000Z,24.2780718656,0.0093138776777592,90.7885141603,84.89318956773,True,discovery,False,True,True,False,True,False
XLI,2010-11-16T00:00:00.000Z,23.8860082627,0.00645059786137,89.3740800898,84.92850524929749,True,discovery,False,True,True,False,True,False
XLI,2010-11-17T00:00:00.000Z,23.9046779581,-0.0068259385665671,89.4194630012,84.9660985348165,True,discovery,False,True,True,False,True,False
XLI,2010-11-18T00:00:00.000Z,24.3900900378,0.005232379191548,90.7355674304,85.02291204620501,True,discovery,False,True,True,False,True,False
XLI,2010-11-19T00:00:00.000Z,24.4647688193,0.0086206896552081,90.9851734428,85.08015331189802,True,discovery,False,True,True,False,True,False
XLI,2010-11-22T00:00:00.000Z,24.4124936723,0.0030684258975208,90.9095352572,85.1398873518155,True,discovery,False,True,True,False,True,False
XLI,2010-11-23T00:00:00.000Z,24.0764391555,-0.0061652281134656,89.593430828,85.188081929778,True,discovery,False,True,True,False,True,False
XLI,2010-11-24T00:00:00.000Z,24.6215942605,0.0239130434804395,90.9170990758,85.24367783947551,True,discovery,False,True,True,False,True,False
XLI,2010-11-26T00:00:00.000Z,24.4199615504,0.0177404295030885,89.8581644776,85.28980312686899,True,discovery,False,True,True,False,True,False
XLI,2010-11-29T00:00:00.000Z,24.4124936723,0.015848353016441,90.1304619457,85.3376254689585,True,discovery,False,True,True,False,True,False
XLI,2010-11-30T00:00:00.000Z,24.3527506471,0.0133623368573256,89.6236861022,85.37657543733802,True,discovery,False,True,True,False,True,False
XLI,2010-12-01T00:00:00.000Z,24.9800524117,0.0295475530933204,91.529768379,85.423116983492,True,discovery,False,True,True,False,True,False
XLI,2010-12-02T00:00:00.000Z,25.3683820755,0.0439459127250412,92.7021602556,85.473096947017,True,discovery,False,True,True,False,True,False
XLI,2010-12-03T00:00:00.000Z,25.4206572225,0.0243755642472067,92.9517662681,85.523467379585,True,discovery,False,True,True,False,True,False
XLI,2010-12-06T00:00:00.000Z,25.4038544967,0.0175740352971713,92.8534366268,85.573271593423,True,discovery,False,True,True,False,True,False
XLI,2010-12-07T00:00:00.000Z,25.4729323696,0.0246320216281661,92.9063833567,85.62837405124301,True,discovery,False,True,True,False,True,False
XLI,2010-12-08T00:00:00.000Z,25.3833178318,0.0303122158230382,93.2467551919,85.68141255680501,True,discovery,False,True,True,False,True,False
XLI,2010-12-09T00:00:00.000Z,25.4579966133,0.0336567616759084,93.6098184827,85.73682565774699,True,discovery,False,True,True,False,True,False
XLI,2010-12-10T00:00:00.000Z,25.6857668969,0.0487879249886149,94.1544134189,85.794700736538,True,discovery,False,True,True,False,True,False
XLI,2010-12-13T00:00:00.000Z,25.7044365922,0.0620178957092625,94.2149239674,85.84859056297351,True,discovery,True,True,True,True,True,True
XLI,2010-12-14T00:00:00.000Z,25.8239226426,0.0636727160854293,94.2981259715,85.901740556316,True,discovery,True,True,True,True,True,True
XLI,2010-12-15T00:00:00.000Z,25.7193723485,0.0767547287783094,93.8669883137,85.9523620087525,True,discovery,True,True,True,True,True,True
XLI,2010-12-16T00:00:00.000Z,26.0031517182,0.0877850671646025,94.4115832499,86.00443873697151,True,discovery,True,True,True,True,True,True
XLI,2010-12-17T00:00:00.000Z,25.9265387563,0.0629947948580262,94.5120005051,86.051014624329,True,discovery,True,True,True,True,True,True
XLI,2010-12-20T00:00:00.000Z,25.9190325204,0.0594431818195946,94.740106701,86.09865647214251,True,discovery,True,True,True,True,True,True
XLI,2010-12-21T00:00:00.000Z,26.1292071253,0.0703211018114013,95.3407863502,86.1485932982295,True,discovery,True,True,True,True,True,True
XLI,2010-12-22T00:00:00.000Z,26.1892570124,0.0877545821146623,95.6373244049,86.198111266242,True,discovery,True,True,True,True,True,True
XLI,2010-12-23T00:00:00.000Z,26.1367133611,0.06153618992214,95.5004606874,86.24515522310449,True,discovery,True,True,True,True,True,True
XLI,2010-12-27T00:00:00.000Z,26.1817507765,0.0721454545480699,95.5384783867,86.29235198320201,True,discovery,True,True,True,True,True,True
XLI,2010-12-28T00:00:00.000Z,26.1667383047,0.071858477710144,95.6753421042,86.3401212061015,True,discovery,True,True,True,True,True,True
XLI,2010-12-29T00:00:00.000Z,26.1892570124,0.0754126871298088,95.743773963,86.38480234421701,True,discovery,True,True,True,True,True,True
XLI,2010-12-30T00:00:00.000Z,26.144219597,0.0466038728067172,95.5917031657,86.42615044528698,True,discovery,False,True,True,False,True,False
XLI,2010-12-31T00:00:00.000Z,26.1742445406,0.0317664115394364,95.6145137853,86.4678363110255,True,discovery,False,True,True,False,True,False
XLI,2011-01-03T00:00:00.000Z,26.3619004378,0.0370267065505645,96.6029739676,86.516662891277,True,discovery,False,True,True,False,True,False
XLI,2011-01-04T00:00:00.000Z,26.3243692583,0.0362352398813958,96.5497491885,86.56290208575902,True,discovery,False,True,True,False,True,False
XLI,2011-01-05T00:00:00.000Z,26.4594815043,0.0387293115839844,97.0515828195,86.608580392369,True,discovery,False,True,True,False,True,False
XLI,2011-01-06T00:00:00.000Z,26.414444089,0.040622201716602,96.861494323,86.655442319832,True,discovery,False,True,True,False,True,False
XLI,2011-01-07T00:00:00.000Z,26.4669877402,0.0396335635606484,96.6714058264,86.70206515925749,True,discovery,False,True,True,False,True,False
XLI,2011-01-10T00:00:00.000Z,26.5045189196,0.0318757086750178,96.5497491885,86.748341793447,True,discovery,False,True,True,False,True,False
XLI,2011-01-11T00:00:00.000Z,26.6020999862,0.034922508057321,96.8919084824,86.79355868574001,True,discovery,False,True,True,False,True,False
XLI,2011-01-12T00:00:00.000Z,26.8197808269,0.0385633971291874,97.7663155667,86.8428480957935,True,discovery,False,True,True,False,True,False
XLI,2011-01-13T00:00:00.000Z,26.8460526525,0.0438066796006284,97.6066412296,86.8928367224675,True,discovery,False,True,True,False,True,False
XLI,2011-01-14T00:00:00.000Z,26.9548930729,0.0366009999485508,98.3137704369,86.943365818566,True,discovery,False,True,True,False,True,False
XLI,2011-01-18T00:00:00.000Z,27.150055206,0.0471916618411971,98.4810483139,86.9911370921155,True,discovery,False,True,True,False,True,False
XLI,2011-01-19T00:00:00.000Z,26.8648182423,0.0364900086897768,97.5153987512,87.03303180603751,True,discovery,False,True,True,False,True,False
XLI,2011-01-20T00:00:00.000Z,26.7297059963,0.0229819017515675,97.3861385735,87.07682611919101,True,discovery,False,True,True,False,True,False
XLI,2011-01-21T00:00:00.000Z,26.947386837,0.0289481226688119,97.6066412296,87.120187917611,True,discovery,False,True,True,False,True,False
XLI,2011-01-24T00:00:00.000Z,27.2025988572,0.0407811602543106,98.1616996396,87.16340471088449,True,discovery,False,True,True,False,True,False
XLI,2011-01-25T00:00:00.000Z,27.1688207957,0.0377006880718597,98.2149244187,87.20617627360849,True,discovery,False,True,True,False,True,False
XLI,2011-01-26T00:00:00.000Z,27.3302048673,0.0444635685599004,98.5951014119,87.2505117639295,True,discovery,False,True,True,False,True,False
XLI,2011-01-27T00:00:00.000Z,27.4315390518,0.0474347950692839,98.8384146875,87.29097202038851,True,discovery,False,True,True,False,True,False
XLI,2011-01-28T00:00:00.000Z,26.8948431858,0.0287108814250525,97.1124111385,87.322427862026,True,discovery,False,True,True,False,True,False
XLI,2011-01-31T00:00:00.000Z,27.2025988572,0.0392887869220017,97.8423509654,87.36475926637401,True,discovery,False,True,True,False,True,False
XLI,2011-02-01T00:00:00.000Z,27.5854168875,0.0464123006832093,99.4086801773,87.4132375299375,True,discovery,False,True,True,False,True,False
XLI,2011-02-02T00:00:00.000Z,27.4990951748,0.0446250356456161,99.2185916807,87.45675930229949,True,discovery,False,True,True,False,True,False
XLI,2011-02-03T00:00:00.000Z,27.5103545286,0.0397163120573327,99.4390943367,87.50220726151,True,discovery,False,True,True,False,True,False
XLI,2011-02-04T00:00:00.000Z,27.6079355951,0.045183290705596,99.7204253117,87.54771404612,True,discovery,False,True,True,False,True,False
XLI,2011-02-07T00:00:00.000Z,27.8669007333,0.0528927963711454,100.3439155805,87.59338054517,True,discovery,True,True,True,True,True,True
XLI,2011-02-08T00:00:00.000Z,28.0545566305,0.0584820164290456,100.8001279723,87.6430503327305,True,discovery,True,True,True,True,True,True
XLI,2011-02-09T00:00:00.000Z,28.0508035125,0.0544582392762797,100.5720217764,87.7023247854065,True,discovery,True,True,True,True,True,True
XLI,2011-02-10T00:00:00.000Z,28.2009282303,0.0514973411719577,100.6100394757,87.758419752891,True,discovery,True,True,True,True,True,True
XLI,2011-02-11T00:00:00.000Z,28.4111028351,0.0582972179507461,101.210719125,87.81197704189,True,discovery,True,True,True,True,True,True
XLI,2011-02-14T00:00:00.000Z,28.3810778916,0.0529100529110933,101.4540324006,87.8744260373345,True,discovery,True,True,True,True,True,True
XLI,2011-02-15T00:00:00.000Z,28.2759905892,0.0414708321827343,101.1346837263,87.92951257443,True,discovery,False,True,True,False,True,False
XLI,2011-02-16T00:00:00.000Z,28.4111028351,0.0575579770856329,101.7733810749,87.9983880355325,True,discovery,True,True,True,True,True,True
XLI,2011-02-17T00:00:00.000Z,28.4786589581,0.0654310586896127,102.0775226694,88.07140498414302,True,discovery,True,True,True,True,True,True
XLI,2011-02-18T00:00:00.000Z,28.5574744349,0.0597493036203895,102.2904217856,88.1600130274135,True,discovery,True,True,True,True,True,True
XLI,2011-02-22T00:00:00.000Z,27.7261588104,0.0192466887428082,100.2374660224,88.244646170241,True,discovery,False,True,True,False,True,False
XLI,2011-02-23T00:00:00.000Z,27.2401300366,0.002624671914774,99.6215792935,88.3078544226765,True,discovery,False,True,True,False,True,False
XLI,2011-02-24T00:00:00.000Z,27.3977609903,0.0024718483936734,99.5531474347,88.3719560261705,True,discovery,False,True,True,False,True,False
XLI,2011-02-25T00:00:00.000Z,27.6454667746,0.0077986044602174,100.6176430156,88.43531487492999,True,discovery,False,True,True,False,True,False
XLI,2011-02-28T00:00:00.000Z,27.7805790206,0.0329332961222712,101.2411332844,88.50725737235,True,discovery,False,True,True,False,True,False
XLI,2011-03-01T00:00:00.000Z,27.1913395034,-0.0004139072836059,99.5531474347,88.5786222791275,True,discovery,False,True,True,False,True,False
XLI,2011-03-02T00:00:00.000Z,27.3189455135,-0.0096598639450232,99.7660465509,88.6508270432405,True,discovery,False,True,True,False,True,False
XLI,2011-03-03T00:00:00.000Z,27.9794942716,0.0174696328641472,101.4844465601,88.7374269620845,True,discovery,False,True,True,False,True,False
XLI,2011-03-04T00:00:00.000Z,27.6537236341,0.005211459756033,100.7240925737,88.82262125228601,True,discovery,False,True,True,False,True,False
XLI,2011-03-07T00:00:00.000Z,27.3977609903,-0.007612833059394,99.9333244279,88.91966125838549,True,discovery,False,True,True,False,True,False
XLI,2011-03-08T00:00:00.000Z,27.8256164359,-0.0014814814821034,100.8077315122,89.01519526580601,True,discovery,False,True,True,False,True,False
XLI,2011-03-09T00:00:00.000Z,27.7655665488,-0.0103010033452397,100.6632642548,89.11524849601001,True,discovery,False,True,True,False,True,False
XLI,2011-03-10T00:00:00.000Z,27.2063519751,-0.0301043617885561,98.8003969882,89.205575553097,True,discovery,False,True,True,False,True,False
XLI,2011-03-11T00:00:00.000Z,27.5253670004,-0.0239552834709233,99.4847155759,89.30175778411949,True,discovery,False,True,True,False,True,False
XLI,2011-03-14T00:00:00.000Z,27.2926736879,-0.03936591809517,98.8840359267,89.381495761851,True,discovery,False,True,True,False,True,False
XLI,2011-03-15T00:00:00.000Z,27.0374616677,-0.0473419730227255,97.751108487,89.460773221747,True,discovery,False,True,True,False,True,False
XLI,2011-03-16T00:00:00.000Z,26.5345438632,-0.0615874701367719,95.9414659995,89.53789137541251,True,discovery,False,True,True,False,True,False
XLI,2011-03-17T00:00:00.000Z,26.947386837,-0.0515191545571288,97.2112571567,89.6108753667225,True,discovery,False,True,True,False,True,False
XLI,2011-03-18T00:00:00.000Z,27.117883479,-0.0477822878212796,97.5635443656,89.6841980851865,True,discovery,False,True,True,False,True,False
XLI,2011-03-21T00:00:00.000Z,27.7134666858,-0.0295547055823865,99.0755654821,89.77964495550799,True,discovery,False,True,True,False,True,False
XLI,2011-03-22T00:00:00.000Z,27.4910653617,-0.0084791207576803,98.7319243193,89.8783531011325,True,discovery,False,True,True,False,True,False
XLI,2011-03-23T00:00:00.000Z,27.5853032109,0.0126714951006556,99.0144737199,89.974243306796,True,discovery,False,True,True,False,True,False
XLI,2011-03-24T00:00:00.000Z,27.8717862724,0.0173016065899629,99.9613960352,90.0770021873715,True,discovery,False,True,True,False,True,False
XLI,2011-03-25T00:00:00.000Z,27.9697936355,0.0117316471284176,100.2668548467,90.16968205263402,True,discovery,False,True,True,False,True,False
XLI,2011-03-28T00:00:00.000Z,27.9452917947,0.0059290619528793,100.0224877975,90.259155778145,True,discovery,False,True,True,False,True,False
XLI,2011-03-29T00:00:00.000Z,28.1733473897,0.0361147300660644,100.6944971826,90.3526260256115,True,discovery,False,True,True,False,True,False
XLI,2011-03-30T00:00:00.000Z,28.2864328088,0.035414518280799,101.3894159786,90.440248379854,True,discovery,False,True,True,False,True,False
XLI,2011-03-31T00:00:00.000Z,28.3957487138,0.0148771253032442,101.2519595135,90.5273332106015,True,discovery,False,True,True,False,True,False
XLI,2011-04-01T00:00:00.000Z,28.6332280937,0.0354203460105519,101.6796018495,90.6158823382915,True,discovery,False,True,True,False,True,False
XLI,2011-04-04T00:00:00.000Z,28.6709232334,0.0464695725884591,101.7636030226,90.7043974030725,True,discovery,False,True,True,False,True,False
XLI,2011-04-05T00:00:00.000Z,28.5653768423,0.0265855891496289,101.748330082,90.79403987066252,True,discovery,False,True,True,False,True,False
XLI,2011-04-06T00:00:00.000Z,28.5955329541,0.0298919312105976,102.069061834,90.892207660206,True,discovery,False,True,True,False,True,False
XLI,2011-04-07T00:00:00.000Z,28.4598304512,0.0460730081433635,101.8094218443,90.99035625278252,True,discovery,False,True,True,False,True,False
XLI,2011-04-08T00:00:00.000Z,28.2110425294,0.0249106770852514,101.4581442112,91.09355726718252,True,discovery,False,True,True,False,True,False
XLI,2011-04-11T00:00:00.000Z,28.1884254456,0.0328202274333102,101.1526853998,91.19353818946202,True,discovery,False,True,True,False,True,False
XLI,2011-04-12T00:00:00.000Z,27.9773326635,0.0347618059472945,100.3966748415,91.2910180619315,True,discovery,False,True,True,False,True,False
XLI,2011-04-13T00:00:00.000Z,27.8944033562,0.0512486478007994,100.3890383712,91.4009488399855,True,discovery,True,True,True,True,True,True
XLI,2011-04-14T00:00:00.000Z,27.8944033562,0.035143167125196,100.4654030741,91.514985597294,True,discovery,False,True,True,False,True,False
XLI,2011-04-15T00:00:00.000Z,27.9924107193,0.0322490964671793,100.8319536478,91.6325855232695,True,discovery,False,True,True,False,True,False
XLI,2011-04-18T00:00:00.000Z,27.5928422388,-0.0043525571292676,99.7017560455,91.74664105437952,True,discovery,False,True,True,False,True,False
XLI,2011-04-19T00:00:00.000Z,27.8340911327,0.0124777183600128,100.2744913169,91.861039873618,True,discovery,False,True,True,False,True,False
XLI,2011-04-20T00:00:00.000Z,28.2864328088,0.0254167805421459,101.641419498,91.970085187704,True,discovery,False,True,True,False,True,False
XLI,2011-04-21T00:00:00.000Z,28.369362116,0.0178523126841254,102.1606994774,92.0777770395385,True,discovery,False,True,True,False,True,False
XLI,2011-04-25T00:00:00.000Z,28.2864328088,0.0113207547194096,102.0537888934,92.18192491967348,True,discovery,False,True,True,False,True,False
XLI,2011-04-26T00:00:00.000Z,28.82924282,0.0316314831061326,102.9319829762,92.290200446079,True,discovery,False,True,True,False,True,False
XLI,2011-04-27T00:00:00.000Z,28.9574062949,0.0278298100099616,103.6039923614,92.395704328647,True,discovery,False,True,True,False,True,False
XLI,2011-04-28T00:00:00.000Z,29.055413658,0.0271855010632788,103.9399970539,92.502925852412,True,discovery,False,True,True,False,True,False
XLI,2011-04-29T00:00:00.000Z,29.176038105,0.0274790919959362,104.184364103,92.61125635821853,True,discovery,False,True,True,False,True,False
XLI,2011-05-02T00:00:00.000Z,29.1308039374,0.0173775671423326,104.0239982271,92.730145590539,True,discovery,False,True,True,False,True,False
XLI,2011-05-03T00:00:00.000Z,29.0101794904,0.0118327636064674,103.6498111831,92.8447939703505,True,discovery,False,True,True,False,True,False
XLI,2011-05-04T00:00:00.000Z,28.5879939261,0.0007917656372908,102.9625288574,92.9515294280985,True,discovery,False,True,True,False,True,False
XLI,2011-05-05T00:00:00.000Z,28.4522914233,-0.0050092275261987,102.0308794826,93.058910739572,True,discovery,False,True,True,False,True,False
XLI,2011-05-06T00:00:00.000Z,28.7010793451,0.0084768211923704,102.4814312294,93.15955417117448,True,discovery,False,True,True,False,True,False
XLI,2011-05-09T00:00:00.000Z,28.8217037921,0.0216461785155086,102.8785276843,93.25860940025048,True,discovery,False,True,True,False,True,False
XLI,2011-05-10T00:00:00.000Z,29.0855697698,0.0318266916302711,103.7567217671,93.357729560245,True,discovery,False,True,True,False,True,False
XLI,2011-05-11T00:00:00.000Z,28.6935403172,0.0255995688479047,102.6647065163,93.45142726172,True,discovery,False,True,True,False,True,False
XLI,2011-05-12T00:00:00.000Z,28.7538525407,0.0308108108112292,103.1534406145,93.550277110588,True,discovery,False,True,True,False,True,False
XLI,2011-05-13T00:00:00.000Z,28.4070572557,0.0183783783776845,102.3592477048,93.6471873525835,True,discovery,False,True,True,False,True,False
XLI,2011-05-16T00:00:00.000Z,28.3015108646,0.0110422838675656,101.7101477306,93.74092733017751,True,discovery,False,True,True,False,True,False
XLI,2011-05-17T00:00:00.000Z,27.91702044,0.0117486338810053,101.69487479,93.82522412711648,True,discovery,False,True,True,False,True,False
XLI,2011-05-18T00:00:00.000Z,28.2939718367,0.0165222101848951,102.603614754,93.916095981552,True,discovery,False,True,True,False,True,False
XLI,2011-05-19T00:00:00.000Z,28.4749085071,0.0066631130045271,102.8479818031,94.005368341127,True,discovery,False,True,True,False,True,False
XLI,2011-05-20T00:00:00.000Z,28.1733473897,-0.0069093808136577,102.0308794826,94.0910066019165,True,discovery,False,True,True,False,True,False
XLI,2011-05-23T00:00:00.000Z,27.7737789092,-0.0181236673802329,100.8472265883,94.172457014033,True,discovery,False,True,True,False,True,False
XLI,2011-05-24T00:00:00.000Z,27.6305373785,-0.0415794979071878,100.7632254152,94.251230356199,True,discovery,False,True,True,False,True,False
XLI,2011-05-25T00:00:00.000Z,27.8642472444,-0.0377505857868398,101.0992301078,94.33397840364748,True,discovery,False,True,True,False,True,False
XLI,2011-05-26T00:00:00.000Z,27.9773326635,-0.0371043072106861,101.5650547952,94.430641836835,True,discovery,False,True,True,False,True,False
XLI,2011-05-27T00:00:00.000Z,28.1130351663,-0.0364341085268129,101.9545147797,94.53177295817352,True,discovery,False,True,True,False,True,False
XLI,2011-05-31T00:00:00.000Z,28.369362116,-0.0261387163579928,103.0159841494,94.639415193872,True,discovery,False,True,True,False,True,False
XLI,2011-06-01T00:00:00.000Z,27.4420616801,-0.0540540540543335,100.7021336529,94.735676265762,True,discovery,False,True,True,False,True,False
XLI,2011-06-02T00:00:00.000Z,27.5853032109,-0.0350738396612213,100.5952230689,94.8263996260105,True,discovery,False,True,True,False,True,False
XLI,2011-06-03T00:00:00.000Z,27.2158908421,-0.0434552199260652,99.5948454616,94.9113687435275,True,discovery,False,True,True,False,True,False
XLI,2011-06-06T00:00:00.000Z,27.0198761158,-0.0585763068031455,98.5410125622,94.9982536838845,True,discovery,False,True,True,False,True,False
XLI,2011-06-07T00:00:00.000Z,27.00479806,-0.0630394977759091,98.4799207999,95.086149786146,True,discovery,False,True,True,False,True,False
XLI,2011-06-08T00:00:00.000Z,26.771088194,-0.07957490928038,98.0675514045,95.173526368555,True,discovery,False,True,True,False,True,False
XLI,2011-06-09T00:00:00.000Z,26.9746419482,-0.0599054125074147,98.8159254924,95.2706260412285,True,discovery,False,True,True,False,True,False
XLI,2011-06-10T00:00:00.000Z,26.544917356,-0.0768222338753853,97.4413608411,95.359310563521,True,discovery,False,True,True,False,True,False
XLI,2011-06-13T00:00:00.000Z,26.5524563839,-0.0652866242041971,97.5177255439,95.4510477684945,True,discovery,False,True,True,False,True,False
XLI,2011-06-14T00:00:00.000Z,27.0575712555,-0.0439531166746274,98.7548337302,95.5428388236355,True,discovery,False,True,True,False,True,False
XLI,2011-06-15T00:00:00.000Z,26.6466942331,-0.0455036456927852,96.9984455645,95.631678686834,True,discovery,False,True,True,False,True,False
XLI,2011-06-16T00:00:00.000Z,26.7409320823,-0.0548894217949831,97.2122667325,95.72158765587253,True,discovery,False,True,True,False,True,False
XLI,2011-06-17T00:00:00.000Z,26.8578096323,-0.0567903097703295,97.5006351234,95.80108888042,True,discovery,False,True,True,False,True,False
XLI,2011-06-20T00:00:00.000Z,27.0926734119,-0.0383580255072951,97.9994577352,95.879284826817,True,discovery,False,True,True,False,True,False
XLI,2011-06-21T00:00:00.000Z,27.5169434653,-0.0092474072303831,99.3424416901,95.9588539746545,True,discovery,False,True,True,False,True,False
XLI,2011-06-22T00:00:00.000Z,27.3654184463,-0.0095951420910943,98.7438545559,96.0401324036645,True,discovery,False,True,True,False,True,False
XLI,2011-06-23T00:00:00.000Z,27.3048084386,-0.0200772983706722,98.4599093769,96.1170945412035,True,discovery,False,True,True,False,True,False
XLI,2011-06-24T00:00:00.000Z,26.9941821495,-0.0351409666469972,97.3164544668,96.18642089972,True,discovery,False,True,True,False,True,False
XLI,2011-06-27T00:00:00.000Z,27.2063171762,-0.0322525826448976,98.1836383919,96.2579765847165,True,discovery,False,True,True,False,True,False
XLI,2011-06-28T00:00:00.000Z,27.6305872296,-0.0260412935398128,99.4652287946,96.33127562261753,True,discovery,False,True,True,False,True,False
XLI,2011-06-29T00:00:00.000Z,27.7745359978,0.0121155007074813,100.3170643316,96.409097162347,True,discovery,False,True,True,False,True,False
XLI,2011-06-30T00:00:00.000Z,28.2139585531,0.0227895027070643,101.2763385851,96.49009751074952,True,discovery,False,True,True,False,True,False
XLI,2011-07-01T00:00:00.000Z,28.721567367,0.0553234334174681,102.7728064205,96.5786930515335,True,discovery,True,True,True,True,True,True
XLI,2011-07-05T00:00:00.000Z,28.5586779715,0.0569507368984634,102.6883902862,96.6667080281295,True,discovery,True,True,True,True,True,True
XLI,2011-07-06T00:00:00.000Z,28.7139911161,0.0632921991233732,102.8111773907,96.7488320562875,True,discovery,True,True,True,True,True,True
XLI,2011-07-07T00:00:00.000Z,29.0170411543,0.0838947204545599,103.8778903606,96.837159488429,True,discovery,True,True,True,True,True,True
XLI,2011-07-08T00:00:00.000Z,28.6533811085,0.0622339738011619,103.1411677339,96.9239211766335,True,discovery,True,True,True,True,True,True
XLI,2011-07-11T00:00:00.000Z,28.1230435417,0.0594511621390787,101.2763385851,97.004838075631,True,discovery,True,True,True,True,True,True
XLI,2011-07-12T00:00:00.000Z,27.8502985073,0.0488784203101804,100.8389095255,97.0747937998025,True,discovery,False,True,True,False,True,False
XLI,2011-07-13T00:00:00.000Z,27.9639422716,0.0334978704312109,101.1765740628,97.148517896764,True,discovery,False,True,True,False,True,False
XLI,2011-07-14T00:00:00.000Z,27.6608922335,0.0380609313683715,100.4782224062,97.21723747173098,True,discovery,False,True,True,False,True,False
XLI,2011-07-15T00:00:00.000Z,27.6836209863,0.0352526569043556,101.0614611523,97.28962962228452,True,discovery,False,True,True,False,True,False
XLI,2011-07-18T00:00:00.000Z,27.3729946972,0.0191819464041633,100.2326481973,97.359163557218,True,discovery,False,True,True,False,True,False
XLI,2011-07-19T00:00:00.000Z,27.7298361171,0.0235178970902196,101.8595773312,97.4350168213665,True,discovery,False,True,True,False,True,False
XLI,2011-07-20T00:00:00.000Z,27.7821122487,0.0096365638768851,101.798183779,97.5138155597345,True,discovery,False,True,True,False,True,False
XLI,2011-07-21T00:00:00.000Z,28.1988060512,0.0304540420799841,103.2102354801,97.591013984358,True,discovery,False,True,True,False,True,False
XLI,2011-07-22T00:00:00.000Z,27.903332264,0.0219200887911701,103.2793032264,97.668595566806,True,discovery,False,True,True,False,True,False
XLI,2011-07-25T00:00:00.000Z,27.8881797621,0.0331181588554465,102.7037386743,97.7438287937925,True,discovery,False,True,True,False,True,False
XLI,2011-07-26T00:00:00.000Z,27.3729946972,0.006126427179413,102.3200289729,97.81468523124047,True,discovery,False,True,True,False,True,False
XLI,2011-07-27T00:00:00.000Z,26.6305221037,-0.0361941321619344,100.2249740033,97.87465038382,True,discovery,False,True,True,False,True,False
XLI,2011-07-28T00:00:00.000Z,26.4032345751,-0.0493726132025614,99.9333546303,97.931795952194,True,discovery,False,True,True,False,True,False
XLI,2011-07-29T00:00:00.000Z,26.2744383089,-0.0687432867865646,99.2503513618,97.982084966781,True,discovery,False,True,True,False,True,False
XLI,2011-08-01T00:00:00.000Z,26.1077607879,-0.0910050118679514,98.8282706902,98.03200325627851,True,discovery,False,True,True,False,True,False
XLI,2011-08-02T00:00:00.000Z,25.1986106734,-0.1176548613858513,96.3034608551,98.06838983837348,True,discovery,False,False,True,False,False,False
XLI,2011-08-03T00:00:00.000Z,25.425898202,-0.1145118733513976,96.825306049,98.105192139056,True,discovery,False,False,True,False,False,False
XLI,2011-08-04T00:00:00.000Z,24.0621730303,-0.1707571801567281,92.2898573785,98.125179155769,True,discovery,False,False,True,False,False,False
XLI,2011-08-05T00:00:00.000Z,24.0621730303,-0.1602326811211128,92.151721886,98.140164118441,True,discovery,False,False,True,False,False,False
XLI,2011-08-08T00:00:00.000Z,22.3650928165,-0.2047413793127435,86.1505021563,98.124159686052,True,discovery,False,False,True,False,False,False
XLI,2011-08-09T00:00:00.000Z,23.4712254558,-0.1572361262250807,90.1564314388,98.127352880034,True,discovery,False,False,True,False,False,False
XLI,2011-08-10T00:00:00.000Z,22.2741778051,-0.2034678948782728,86.1735247384,98.109307872266,True,discovery,False,False,True,False,False,False
XLI,2011-08-11T00:00:00.000Z,23.3348529387,-0.1563955080798424,90.0413185284,98.1105261952625,True,discovery,False,False,True,False,False,False
XLI,2011-08-12T00:00:00.000Z,23.7894279959,-0.1406677613570547,90.6475798566,98.116061674055,True,discovery,False,False,True,False,False,False
XLI,2011-08-15T00:00:00.000Z,24.1455117908,-0.1179075560457453,92.5661283635,98.13111425719651,True,discovery,False,False,True,False,False,False
XLI,2011-08-16T00:00:00.000Z,23.8045804978,-0.1415535094662688,91.7756863787,98.141874258579,True,discovery,False,False,True,False,False,False
XLI,2011-08-17T00:00:00.000Z,23.7288179883,-0.1458958276503854,91.8370799309,98.15278995135098,True,discovery,False,False,True,False,False,False
XLI,2011-08-18T00:00:00.000Z,22.4143384477,-0.2051316496520192,87.8771958126,98.140351228809,True,discovery,False,False,True,False,False,False
XLI,2011-08-19T00:00:00.000Z,22.0696190293,-0.2090686940006255,86.4421215294,98.118921818397,True,discovery,False,False,True,False,False,False
XLI,2011-08-22T00:00:00.000Z,22.1529577898,-0.2056506384147078,86.5111892756,98.08910153628048,True,discovery,False,False,True,False,False,False
XLI,2011-08-23T00:00:00.000Z,22.9333116381,-0.1621920841402908,89.3583152599,98.071777205817,True,discovery,False,False,True,False,False,False
XLI,2011-08-24T00:00:00.000Z,23.3954629463,-0.121479374110751,90.6168830805,98.061615553591,True,discovery,False,False,True,False,False,False
XLI,2011-08-25T00:00:00.000Z,22.956040391,-0.1305595408886355,89.2355281555,98.0478752069055,True,discovery,False,False,True,False,False,False
XLI,2011-08-26T00:00:00.000Z,23.4333442011,-0.1081314878894149,90.5324669462,98.038766418627,True,discovery,False,False,True,False,False,False
XLI,2011-08-29T00:00:00.000Z,24.1758167946,-0.0739988392338643,93.1340187216,98.04440506749398,True,discovery,False,False,True,False,False,False
XLI,2011-08-30T00:00:00.000Z,24.3803755703,-0.0324714371639441,93.3795929305,98.05671753676752,True,discovery,False,False,True,False,False,False
XLI,2011-08-31T00:00:00.000Z,24.5470530913,-0.0345649582845757,93.793999408,98.07174496300598,True,discovery,False,False,True,False,False,False
XLI,2011-09-01T00:00:00.000Z,24.1455117908,0.0034634760707215,92.8117025724,98.088933075419,True,discovery,False,False,True,False,False,False
XLI,2011-09-02T00:00:00.000Z,23.3727341934,-0.0286523929502057,90.4403766178,98.094037643502,True,discovery,False,False,True,False,False,False
XLI,2011-09-06T00:00:00.000Z,23.1302941629,0.0342140921425315,89.7803959315,98.0892617860075,True,discovery,False,False,True,False,False,False
XLI,2011-09-07T00:00:00.000Z,23.8500380035,0.016139444802887,92.3128799606,98.0959003185965,True,discovery,False,False,True,False,False,False
XLI,2011-09-08T00:00:00.000Z,23.4901660832,0.0545918367330973,91.3536057072,98.0981206708465,True,discovery,True,False,True,True,False,False
XLI,2011-09-09T00:00:00.000Z,22.8651253795,-0.0201298701317707,88.9592571705,98.094949802559,True,discovery,False,False,True,False,False,False
XLI,2011-09-12T00:00:00.000Z,22.9067947598,-0.0371019108257717,89.5348217226,98.088038415793,True,discovery,False,False,True,False,False,False
XLI,2011-09-13T00:00:00.000Z,23.3348529387,-0.0335738939445002,90.3559604835,98.0905273958225,True,discovery,False,False,True,False,False,False
XLI,2011-09-14T00:00:00.000Z,23.7439704902,-0.0025461489483338,91.6068541101,98.09790935664452,True,discovery,False,False,True,False,False,False
XLI,2011-09-15T00:00:00.000Z,24.2250624258,0.0209131545340641,93.1877380798,98.1157296165325,True,discovery,False,False,True,False,False,False
XLI,2011-09-16T00:00:00.000Z,24.3561164148,0.0866310630416686,93.7364080045,98.12676281466,True,discovery,True,False,True,True,False,False
XLI,2011-09-19T00:00:00.000Z,24.1275635551,0.0932478500452516,92.8030550282,98.127267288523,True,discovery,True,False,True,True,False,False
XLI,2011-09-20T00:00:00.000Z,23.952339696,0.0812253570504477,92.6950637747,98.125983776056,True,discovery,True,False,True,True,False,False
XLI,2011-09-21T00:00:00.000Z,22.9619439706,0.0012485040517407,89.9644277943,98.1115387318935,True,discovery,False,False,True,False,False,False
XLI,2011-09-22T00:00:00.000Z,22.1010615325,-0.0553270271578323,87.0563776118,98.082288703169,True,discovery,False,False,True,False,False,False
XLI,2011-09-23T00:00:00.000Z,22.3296143922,-0.027288068331052,87.5809065572,98.0539594599955,True,discovery,False,False,True,False,False,False
XLI,2011-09-26T00:00:00.000Z,22.8933781127,-0.0230426388895296,89.6635950168,98.034228342666,True,discovery,False,False,True,False,False,False
XLI,2011-09-27T00:00:00.000Z,23.2971548315,-0.0363446650247722,90.6663709418,98.01678813028052,True,discovery,False,False,True,False,False,False
XLI,2011-09-28T00:00:00.000Z,22.7029173963,-0.0688036231912468,88.8150923111,97.989788971999,True,discovery,False,False,True,False,False,False
XLI,2011-09-29T00:00:00.000Z,23.0305098286,-0.0617810723372532,89.5170354586,97.9658835194345,True,discovery,False,False,True,False,False,False
XLI,2011-09-30T00:00:00.000Z,22.2610485342,-0.0780461094768769,87.2800737797,97.9329489467645,True,discovery,False,False,True,False,False,False
XLI,2011-10-03T00:00:00.000Z,21.6363373844,-0.0742915567614815,84.7962749501,97.88487240526548,True,discovery,False,False,True,False,False,False
XLI,2011-10-04T00:00:00.000Z,22.2381932483,-0.0385685070979724,86.6552672418,97.845588738949,True,discovery,False,False,True,False,False,False
XLI,2011-10-05T00:00:00.000Z,22.710535825,-0.0477777929885384,88.2597087218,97.813186749053,True,discovery,False,False,True,False,False,False
XLI,2011-10-06T00:00:00.000Z,23.1676415444,-0.0137301940589796,89.8564365409,97.7857650000065,True,discovery,False,False,True,False,False,False
XLI,2011-10-07T00:00:00.000Z,23.1143125438,0.0108981324249992,89.2547709859,97.7538522329115,True,discovery,False,False,True,False,False,False
XLI,2011-10-10T00:00:00.000Z,23.9218659814,0.0443131058816392,92.239957778,97.7375497183645,True,discovery,False,False,True,False,False,False
XLI,2011-10-11T00:00:00.000Z,23.9904318393,0.0280944089222328,92.3325217095,97.7215199349785,True,discovery,False,False,True,False,False,False
XLI,2011-10-12T00:00:00.000Z,24.2951689855,0.0232142511938977,93.1424561105,97.70885550501,True,discovery,False,False,True,False,False,False
XLI,2011-10-13T00:00:00.000Z,24.0894714118,-0.0055971378573452,92.9573282474,97.694923276432,True,discovery,False,False,True,False,False,False
XLI,2011-10-14T00:00:00.000Z,24.5237218452,0.0068814513588937,94.5463424055,97.689696472631,True,discovery,False,False,True,False,False,False
XLI,2011-10-17T00:00:00.000Z,23.8228264088,-0.0126302494491029,92.7413457405,97.675330632407,True,discovery,False,False,True,False,False,False
XLI,2011-10-18T00:00:00.000Z,24.5084849879,0.0232188295155515,94.5540560664,97.665086042901,True,discovery,False,False,True,False,False,False
XLI,2011-10-19T00:00:00.000Z,24.2113662703,0.0544127405458239,93.435575227,97.64951517309348,True,discovery,True,False,True,True,False,False
XLI,2011-10-20T00:00:00.000Z,24.417063844,0.104791451220308,93.844399258,97.633479255286,True,discovery,True,False,True,True,False,False
XLI,2011-10-21T00:00:00.000Z,24.8894064207,0.1146366427802785,95.6262549401,97.62730305837152,True,discovery,True,False,True,True,False,False
XLI,2011-10-24T00:00:00.000Z,25.3541305688,0.107487520801262,96.7987314062,97.62793968627052,True,discovery,True,False,True,True,False,False
XLI,2011-10-25T00:00:00.000Z,24.8360774201,0.0660562459120215,94.9165981316,97.619773930986,True,discovery,True,False,True,True,False,False
XLI,2011-10-26T00:00:00.000Z,25.0113012792,0.101677852348448,95.8808057518,97.614718417333,True,discovery,True,False,True,True,False,False
XLI,2011-10-27T00:00:00.000Z,26.1007365771,0.1333112801822258,99.2208209482,97.6219909442405,True,discovery,True,True,True,True,True,True
XLI,2011-10-28T00:00:00.000Z,26.1007365771,0.172484599591121,99.1976799653,97.62994613791902,True,discovery,True,True,True,True,True,True
XLI,2011-10-31T00:00:00.000Z,25.46078857,0.1767605633824818,96.8064450672,97.62240951107052,True,discovery,True,False,True,True,False,False
XLI,2011-11-01T00:00:00.000Z,24.6913272757,0.1103117505999518,94.1066637307,97.60053758815452,True,discovery,True,False,True,True,False,False
XLI,2011-11-02T00:00:00.000Z,25.1789067097,0.1086883596107315,95.641682262,97.5911690057085,True,discovery,True,False,True,True,False,False
XLI,2011-11-03T00:00:00.000Z,25.7959994309,0.1134495231835679,97.3849696393,97.5911631610375,True,discovery,True,False,True,True,False,False
XLI,2011-11-04T00:00:00.000Z,25.5979202858,0.1074489123262367,96.7910177453,97.587085043616,True,discovery,True,False,True,True,False,False
XLI,2011-11-07T00:00:00.000Z,25.658867715,0.0726114649647553,97.3926833003,97.5832399619195,True,discovery,True,False,True,True,False,False
XLI,2011-11-08T00:00:00.000Z,25.948368004,0.0816132105422378,98.642296376,97.585376821706,True,discovery,True,True,True,True,True,True
XLI,2011-11-09T00:00:00.000Z,24.9427354213,0.0266541235496853,95.0014484022,97.5674085566575,True,discovery,False,False,True,False,False,False
XLI,2011-11-10T00:00:00.000Z,25.2474725676,0.0480708412403254,95.8962330737,97.55269764858848,True,discovery,False,False,True,False,False,False
XLI,2011-11-11T00:00:00.000Z,25.8493284315,0.0540540540570295,97.7012297387,97.5556417415895,True,discovery,True,True,True,True,True,True
XLI,2011-11-14T00:00:00.000Z,25.6893414297,0.078349856094763,96.7755904234,97.5503079388795,True,discovery,True,False,True,True,False,False
XLI,2011-11-15T00:00:00.000Z,25.8417100028,0.0543985079272839,97.253837403,97.539533725008,True,discovery,True,False,True,True,False,False
XLI,2011-11-16T00:00:00.000Z,25.46078857,0.0516047828838415,95.7111052107,97.521996292658,True,discovery,True,False,True,True,False,False
XLI,2011-11-17T00:00:00.000Z,25.0189197079,0.0246489859610163,94.1915140012,97.4957583909805,True,discovery,False,False,True,False,False,False
XLI,2011-11-18T00:00:00.000Z,25.0798671371,0.0076522803790772,94.0912364087,97.4676124464655,True,discovery,False,False,True,False,False,False
XLI,2011-11-21T00:00:00.000Z,24.5008665593,-0.0336538461527842,92.3016670657,97.42740120389148,True,discovery,False,False,True,False,False,False
XLI,2011-11-22T00:00:00.000Z,24.3408795575,-0.0199386503039016,91.9391250005,97.38309618903251,True,discovery,False,False,True,False,False,False
XLI,2011-11-23T00:00:00.000Z,23.7771158369,-0.0493451111768575,89.9104321676,97.32978824098848,True,discovery,False,False,True,False,False,False
XLI,2011-11-25T00:00:00.000Z,23.7390236936,-0.0904845300638793,89.7407316264,97.275441701742,True,discovery,False,False,True,False,False,False
XLI,2011-11-28T00:00:00.000Z,24.5389587025,-0.0598365440755513,92.3402353705,97.23108928296948,True,discovery,False,False,True,False,False,False
XLI,2011-11-29T00:00:00.000Z,24.5618139885,-0.0353081986847511,92.6024998432,97.18683162018247,True,discovery,False,False,True,False,False,False
XLI,2011-11-30T00:00:00.000Z,25.8188547168,0.045664918232632,96.4130483582,97.163223443342,True,discovery,False,False,True,False,False,False
XLI,2011-12-01T00:00:00.000Z,25.7350520016,0.0220877458386923,96.3976210362,97.13634464314852,True,discovery,False,False,True,False,False,False
XLI,2011-12-02T00:00:00.000Z,25.681723001,-0.0044300059087112,96.3127707657,97.10752088363,True,discovery,False,False,True,False,False,False
XLI,2011-12-05T00:00:00.000Z,25.9559864326,0.0139880952359487,97.3618286564,97.082877917984,True,discovery,False,True,True,False,True,False
XLI,2011-12-06T00:00:00.000Z,25.948368004,0.0112826603346476,97.3926833003,97.0686540043735,True,discovery,False,True,True,False,True,False
XLI,2011-12-07T00:00:00.000Z,25.9407495753,-0.0002935995319175,97.7552253655,97.0593222347335,True,discovery,False,True,True,False,True,False
XLI,2011-12-08T00:00:00.000Z,25.3008015682,0.0143555284074508,95.6108276182,97.039610635651,True,discovery,False,False,True,False,False,False
XLI,2011-12-09T00:00:00.000Z,25.8798021461,0.0250452625230879,97.2306964201,97.02267590267353,True,discovery,False,True,True,False,True,False
XLI,2011-12-12T00:00:00.000Z,25.4074595694,-0.0170940170949097,95.8113828032,96.99552715026748,True,discovery,False,False,True,False,False,False
XLI,2011-12-13T00:00:00.000Z,25.0722487085,-0.0240213523140989,94.9165981316,96.972344403752,True,discovery,False,False,True,False,False,False
XLI,2011-12-14T00:00:00.000Z,24.7751299909,-0.0412735849053501,93.9061085457,96.943044713726,True,discovery,False,False,True,False,False,False
XLI,2011-12-15T00:00:00.000Z,24.95035385,-0.0200478755242261,94.245509628,96.9068500290655,True,discovery,False,False,True,False,False,False
XLI,2011-12-16T00:00:00.000Z,25.0551224809,0.0014470158353228,94.3844558029,96.87515184521148,True,discovery,False,False,True,False,False,False
XLI,2011-12-19T00:00:00.000Z,24.7943712827,-0.0113834675773729,93.3753284689,96.84236186541652,True,discovery,False,False,True,False,False,False
XLI,2011-12-20T00:00:00.000Z,25.6418126767,0.0465675821970843,96.2008850041,96.819327632876,True,discovery,False,False,True,False,False,False
XLI,2011-12-21T00:00:00.000Z,25.653316406,0.0539190395893318,96.387185435,96.797947238777,True,discovery,True,False,True,True,False,False
XLI,2011-12-22T00:00:00.000Z,25.894894722,0.0890679466604353,97.24106241,96.790150565886,True,discovery,True,True,True,True,True,True
XLI,2011-12-23T00:00:00.000Z,26.1441421908,0.1013149710048275,98.1104644208,96.7832793101105,True,discovery,True,True,True,True,True,True
XLI,2011-12-27T00:00:00.000Z,26.1364730379,0.0651011460904917,98.1880896003,96.77979957847847,True,discovery,True,True,True,True,True,True
XLI,2011-12-28T00:00:00.000Z,25.722338782,0.0472491483749273,96.89951162,96.7755415941435,True,discovery,False,True,True,False,True,False
XLI,2011-12-29T00:00:00.000Z,26.0444432033,0.0087373545021425,97.900876436,96.785338646326,True,discovery,False,True,True,False,True,False
XLI,2011-12-30T00:00:00.000Z,25.8833909926,0.0057640835927115,97.4196003229,96.786380362157,True,discovery,False,True,True,False,True,False
XLI,2012-01-03T00:00:00.000Z,26.4509083063,0.0299506892613883,98.9721039137,96.7934231598975,True,discovery,False,True,True,False,True,False
XLI,2012-01-04T00:00:00.000Z,26.5736147524,0.0237952166219457,99.1273542728,96.793682103851,True,discovery,False,True,True,False,True,False
XLI,2012-01-05T00:00:00.000Z,26.5812839053,0.0243913567590237,99.3912798832,96.7969788816705,True,discovery,False,True,True,False,True,False
XLI,2012-01-06T00:00:00.000Z,26.5275998351,0.0226227179016746,99.1351167907,96.7975820970245,True,discovery,False,True,True,False,True,False
XLI,2012-01-09T00:00:00.000Z,26.7231632337,0.0562180475454869,99.3757548473,96.794653891085,True,discovery,True,True,True,True,True,True
XLI,2012-01-10T00:00:00.000Z,27.1104554545,0.0475526552116802,100.2373943402,96.79450658855248,True,discovery,False,True,True,False,True,False
XLI,2012-01-11T00:00:00.000Z,27.1948161363,0.0703477087907142,100.2917319659,96.7958528093945,True,discovery,True,True,True,True,True,True
XLI,2012-01-12T00:00:00.000Z,27.4325598757,0.0941403858362257,100.5323700225,96.795042173594,True,discovery,True,True,True,True,True,True
XLI,2012-01-13T00:00:00.000Z,27.2216581714,0.0987493579811134,100.0122813195,96.7881565002985,True,discovery,True,True,True,True,True,True
XLI,2012-01-17T00:00:00.000Z,27.3558683469,0.0964120393386724,100.4004072172,96.783898738817,True,discovery,True,True,True,True,True,True
XLI,2012-01-18T00:00:00.000Z,27.6012812393,0.1016222834408806,101.5104472847,96.783052965993,True,discovery,True,True,True,True,True,True
XLI,2012-01-19T00:00:00.000Z,27.892709049,0.1249613362231867,102.0460610235,96.78446525599747,True,discovery,True,True,True,True,True,True
XLI,2012-01-20T00:00:00.000Z,27.7316568383,0.0815014206659026,102.4264244032,96.78785572760349,True,discovery,True,True,True,True,True,True
XLI,2012-01-23T00:00:00.000Z,27.7009802268,0.0798206278047184,102.1624987928,96.78832291239748,True,discovery,True,True,True,True,True,True
XLI,2012-01-24T00:00:00.000Z,27.7316568383,0.0709314378768071,102.0460610235,96.7895061082935,True,discovery,True,True,True,True,True,True
XLI,2012-01-25T00:00:00.000Z,28.0384229538,0.0724552654730661,102.8999379984,96.79671507722948,True,discovery,True,True,True,True,True,True
XLI,2012-01-26T00:00:00.000Z,27.9847388836,0.0707159624414459,102.3720867776,96.80281208411849,True,discovery,True,True,True,True,True,True
XLI,2012-01-27T00:00:00.000Z,27.9617314249,0.0870602265944449,102.3255116698,96.81245626826,True,discovery,True,True,True,True,True,True
XLI,2012-01-30T00:00:00.000Z,27.8620324374,0.0697879858637062,101.9761983619,96.8203920682135,True,discovery,True,True,True,True,True,True
XLI,2012-01-31T00:00:00.000Z,27.7776717557,0.0731851851885083,101.9373857721,96.8277519817035,True,discovery,True,True,True,True,True,True
XLI,2012-02-01T00:00:00.000Z,28.0767687182,0.0614670919074924,102.8300753368,96.8377425901485,True,discovery,True,True,True,True,True,True
XLI,2012-02-02T00:00:00.000Z,28.092107024,0.0571428571441472,102.9930882139,96.85419925099048,True,discovery,True,True,True,True,True,True
XLI,2012-02-03T00:00:00.000Z,28.5752636559,0.0750144258533134,104.4369165533,96.87501137717248,True,discovery,True,True,True,True,True,True
XLI,2012-02-06T00:00:00.000Z,28.5062412799,0.0745880312240672,104.3670538917,96.888639549141,True,discovery,True,True,True,True,True,True
XLI,2012-02-07T00:00:00.000Z,28.4755646683,0.0655761228292794,104.6309795022,96.900990949265,True,discovery,True,True,True,True,True,True
XLI,2012-02-08T00:00:00.000Z,28.5369178914,0.0526166902394562,104.9414802203,96.9154294058995,True,discovery,True,True,True,True,True,True
XLI,2012-02-09T00:00:00.000Z,28.6136094203,0.0521714607993315,105.0734430256,96.9261367061465,True,discovery,True,True,True,True,True,True
XLI,2012-02-10T00:00:00.000Z,28.3528582222,0.0335476656451301,104.2971912302,96.9296027004905,True,discovery,False,True,True,False,True,False
XLI,2012-02-13T00:00:00.000Z,28.6979701021,0.0542329905623113,105.0734430256,96.935269930349,True,discovery,True,True,True,True,True,True
XLI,2012-02-14T00:00:00.000Z,28.5982711145,0.0454163162303999,104.9414802203,96.9390555109355,True,discovery,False,True,True,False,True,False
XLI,2012-02-15T00:00:00.000Z,28.2224826231,0.0225062517357166,104.4524415892,96.941197727746,True,discovery,False,True,True,False,True,False
XLI,2012-02-16T00:00:00.000Z,28.4832338212,0.0211712950205948,105.6090567644,96.9509939556525,True,discovery,False,True,True,False,True,False
XLI,2012-02-17T00:00:00.000Z,28.5906019616,0.0309734513270667,105.8885074107,96.965623848419,True,discovery,False,True,True,False,True,False
XLI,2012-02-21T00:00:00.000Z,28.6903009492,0.0357142857148016,105.9350825184,96.985144863598,True,discovery,False,True,True,False,True,False
XLI,2012-02-22T00:00:00.000Z,28.6596243376,0.0334623893808749,105.5935317285,97.0007053660935,True,discovery,False,True,True,False,True,False
XLI,2012-02-23T00:00:00.000Z,28.7516541723,0.0254376367627815,106.0592828057,97.0166091417005,True,discovery,False,True,True,False,True,False
XLI,2012-02-24T00:00:00.000Z,28.7439850194,0.0271307207459758,106.2921583443,97.02928632458652,True,discovery,False,True,True,False,True,False
XLI,2012-02-27T00:00:00.000Z,28.766992478,0.028798683488638,106.4706962573,97.04831627329148,True,discovery,False,True,True,False,True,False
XLI,2012-02-28T00:00:00.000Z,28.7286467136,0.0311037709882471,106.7811969754,97.066455055096,True,discovery,False,True,True,False,True,False
XLI,2012-02-29T00:00:00.000Z,28.5522561972,0.0278851463258815,106.3620210059,97.08646892160152,True,discovery,False,True,True,False,True,False
XLI,2012-03-01T00:00:00.000Z,28.6519551847,0.0204862059545745,106.9131597807,97.112483981852,True,discovery,False,True,True,False,True,False
XLI,2012-03-02T00:00:00.000Z,28.4832338212,0.0139230139222326,106.5871340266,97.136945278035,True,discovery,False,True,True,False,True,False
XLI,2012-03-05T00:00:00.000Z,28.2838358462,-0.0101986044016719,106.1524330212,97.154689369371,True,discovery,False,True,True,False,True,False
XLI,2012-03-06T00:00:00.000Z,27.6472961566,-0.0301318267415932,104.5999294304,97.16344910750747,True,discovery,False,True,True,False,True,False
XLI,2012-03-07T00:00:00.000Z,27.9310548134,-0.0191220037685913,105.329606118,97.1799427406845,True,discovery,False,True,True,False,True,False
XLI,2012-03-08T00:00:00.000Z,28.3298507635,-0.0072561139464329,106.3775460418,97.207594337952,True,discovery,False,True,True,False,True,False
XLI,2012-03-09T00:00:00.000Z,28.3912039866,-0.0077727150892824,106.7889594934,97.237723008343,True,discovery,False,True,True,False,True,False
XLI,2012-03-12T00:00:00.000Z,28.3835348337,0.0010819583429504,106.7967220113,97.2662104678605,True,discovery,False,True,True,False,True,False
XLI,2012-03-13T00:00:00.000Z,28.974059606,0.0096205237833109,108.7218264639,97.30199432620398,True,discovery,False,True,True,False,True,False
XLI,2012-03-14T00:00:00.000Z,28.90503723,0.0107267363915737,108.6053886946,97.3352486957785,True,discovery,False,True,True,False,True,False
XLI,2012-03-15T00:00:00.000Z,29.2501491099,0.0364130434775733,109.2341526489,97.366339538276,True,discovery,False,True,True,False,True,False
XLI,2012-03-16T00:00:00.000Z,29.2630486251,0.0273780290817817,109.3846601095,97.409752170559,True,discovery,False,True,True,False,True,False
XLI,2012-03-19T00:00:00.000Z,29.2630486251,0.0235198497885131,109.8134666887,97.455843388658,True,discovery,False,True,True,False,True,False
XLI,2012-03-20T00:00:00.000Z,28.9240348969,0.0081467931658805,109.4938108751,97.5053382157255,True,discovery,False,True,True,False,True,False
XLI,2012-03-21T00:00:00.000Z,28.908625182,0.008688210336146,109.3144917602,97.5592056117155,True,discovery,False,True,True,False,True,False
XLI,2012-03-22T00:00:00.000Z,28.5850211688,-0.0057955970985675,108.5270469511,97.60944124247152,True,discovery,False,True,True,False,True,False
XLI,2012-03-23T00:00:00.000Z,28.6312503135,-0.0039220277154998,108.8778886977,97.6634929289375,True,discovery,False,True,True,False,True,False
XLI,2012-03-26T00:00:00.000Z,29.0550174737,0.0100123429976308,110.4059994163,97.721443298557,True,discovery,False,True,True,False,True,False
XLI,2012-03-27T00:00:00.000Z,28.9625591842,0.0081421332836142,110.062954153,97.78455126511648,True,discovery,False,True,True,False,True,False
XLI,2012-03-28T00:00:00.000Z,28.6851843157,0.0046556082147033,109.5172003249,97.84454863902148,True,discovery,False,True,True,False,True,False
XLI,2012-03-29T00:00:00.000Z,28.7005940306,0.0016975751074039,109.3300847267,97.897424894004,True,discovery,False,True,True,False,True,False
XLI,2012-03-30T00:00:00.000Z,28.8277241787,0.0120944959993831,109.7822807557,97.96134406996,True,discovery,False,True,True,False,True,False
XLI,2012-04-02T00:00:00.000Z,29.0164931864,0.0259037474331274,110.5853185312,98.0282093289535,True,discovery,False,True,True,False,True,False
XLI,2012-04-03T00:00:00.000Z,28.808462035,0.0419992563404001,110.1331225023,98.091371765848,True,discovery,False,True,True,False,True,False
XLI,2012-04-04T00:00:00.000Z,28.6004308837,0.0239652986531273,109.0416148462,98.146582551403,True,discovery,False,True,True,False,True,False
XLI,2012-04-05T00:00:00.000Z,28.4848580218,0.0054715169378762,108.9870394634,98.1948055402695,True,discovery,False,True,True,False,True,False
XLI,2012-04-09T00:00:00.000Z,28.0225665743,-0.0129842120282742,107.7629915919,98.2399012254495,True,discovery,False,True,True,False,True,False
XLI,2012-04-10T00:00:00.000Z,27.4524071225,-0.0328052061399507,105.954207476,98.277372715945,True,discovery,False,True,True,False,True,False
XLI,2012-04-11T00:00:00.000Z,27.7606014208,-0.041880847961972,106.8118206344,98.324849546783,True,discovery,False,True,True,False,True,False
XLI,2012-04-12T00:00:00.000Z,28.353875445,-0.0190680185122875,108.2073911376,98.3749683105115,True,discovery,False,True,True,False,True,False
XLI,2012-04-13T00:00:00.000Z,27.9917471445,-0.0430220700985788,106.9209714,98.4122470235385,True,discovery,False,True,True,False,True,False
XLI,2012-04-16T00:00:00.000Z,28.0687957191,-0.0408109531341053,106.8508030507,98.444915717134,True,discovery,False,True,True,False,True,False
XLI,2012-04-17T00:00:00.000Z,28.5310871666,-0.0250131648235779,108.433489152,98.4807014699685,True,discovery,False,True,True,False,True,False
XLI,2012-04-18T00:00:00.000Z,28.4078094472,-0.0178476291962754,108.0670544389,98.5071727100605,True,discovery,False,True,True,False,True,False
XLI,2012-04-19T00:00:00.000Z,28.0919102915,-0.0282515991458677,107.373167429,98.5305965957745,True,discovery,False,True,True,False,True,False
XLI,2012-04-20T00:00:00.000Z,28.3307608726,-0.0088948787093263,107.5524865439,98.5543031415405,True,discovery,False,True,True,False,True,False
XLI,2012-04-23T00:00:00.000Z,28.0148617169,-0.0215285252949419,106.648094486,98.5681541621675,True,discovery,False,True,True,False,True,False
XLI,2012-04-24T00:00:00.000Z,28.3846948749,-0.0230708034991465,107.0535116154,98.587715881575,True,discovery,False,True,True,False,True,False
XLI,2012-04-25T00:00:00.000Z,28.4386288771,-0.0180899175300026,108.5192504679,98.623930440989,True,discovery,False,True,True,False,True,False
XLI,2012-04-26T00:00:00.000Z,28.6081357411,-0.0026860059099508,109.2755093439,98.666113440081,True,discovery,False,True,True,False,True,False
XLI,2012-04-27T00:00:00.000Z,28.7853474627,0.0029530201364347,109.4548284588,98.707504712061,True,discovery,False,True,True,False,True,False
XLI,2012-04-30T00:00:00.000Z,28.5156774516,-0.0108245356159805,109.0494113294,98.750360656677,True,discovery,False,True,True,False,True,False
XLI,2012-05-01T00:00:00.000Z,28.6004308837,-0.0143388210293795,109.7277053729,98.79369187778,True,discovery,False,True,True,False,True,False
XLI,2012-05-02T00:00:00.000Z,28.6081357411,-0.0069537309439365,109.400253076,98.83952990217352,True,discovery,False,True,True,False,True,False
XLI,2012-05-03T00:00:00.000Z,28.3769900174,-0.0078125000007375,108.5660293674,98.87306216235449,True,discovery,False,True,True,False,True,False
XLI,2012-05-04T00:00:00.000Z,27.9686325721,-0.0181228022728751,106.8118206344,98.89813034663148,True,discovery,False,True,True,False,True,False
XLI,2012-05-07T00:00:00.000Z,27.8915839975,-0.0046741820187208,106.889785467,98.916528096566,True,discovery,False,True,True,False,True,False
XLI,2012-05-08T00:00:00.000Z,27.8222402804,0.0134717934296146,106.4609788878,98.932436474873,True,discovery,False,True,True,False,True,False
XLI,2012-05-09T00:00:00.000Z,27.4986362672,-0.0094365806283909,105.8294637439,98.948065100221,True,discovery,False,True,True,False,True,False
XLI,2012-05-10T00:00:00.000Z,27.5371605545,-0.0288043478248409,106.0477652751,98.966703781732,True,discovery,False,True,True,False,True,False
XLI,2012-05-11T00:00:00.000Z,27.4832265523,-0.0181668042932403,105.7281094615,98.994219459023,True,discovery,False,True,True,False,True,False
XLI,2012-05-14T00:00:00.000Z,27.1634749678,-0.0322536371121884,104.5586369728,99.0173458707355,True,discovery,False,True,True,False,True,False
XLI,2012-05-15T00:00:00.000Z,27.0286399623,-0.0526600054013659,103.958307762,99.04088565273648,True,discovery,False,True,True,False,True,False
XLI,2012-05-16T00:00:00.000Z,26.9978205324,-0.0496338486577314,103.5606871158,99.0645477348645,True,discovery,False,True,True,False,True,False
XLI,2012-05-17T00:00:00.000Z,26.4199562231,-0.0595172792113711,102.024779914,99.093154330159,True,discovery,False,True,True,False,True,False
XLI,2012-05-18T00:00:00.000Z,26.2889736463,-0.0720696219731502,101.1515737891,99.11478566885953,True,discovery,False,True,True,False,True,False
XLI,2012-05-21T00:00:00.000Z,26.8745428131,-0.0407040704081755,102.8901895556,99.16778732974498,True,discovery,False,True,True,False,True,False
XLI,2012-05-22T00:00:00.000Z,26.9747059601,-0.0496742671011349,103.0695086705,99.2223762636675,True,discovery,False,True,True,False,True,False
XLI,2012-05-23T00:00:00.000Z,27.1210982518,-0.0463289081549544,103.1240840534,99.307244173153,True,discovery,False,True,True,False,True,False
XLI,2012-05-24T00:00:00.000Z,27.0902788219,-0.0530568273632512,103.3267926181,99.37309597904952,True,discovery,False,True,True,False,True,False
XLI,2012-05-25T00:00:00.000Z,26.9053622429,-0.0653104925079011,102.991543838,99.4571860745475,True,discovery,False,True,True,False,True,False
XLI,2012-05-29T00:00:00.000Z,27.2674905435,-0.0437719535234104,104.2389811592,99.5281743877015,True,discovery,False,True,True,False,True,False
XLI,2012-05-30T00:00:00.000Z,26.8129039534,-0.0625000000024038,102.7264634072,99.5885688054545,True,discovery,False,True,True,False,True,False
XLI,2012-05-31T00:00:00.000Z,26.7127408065,-0.06625370320363,102.5003653927,99.63823999060048,True,discovery,False,True,True,False,True,False
XLI,2012-06-01T00:00:00.000Z,25.9730744905,-0.0847135487388192,99.9197294343,99.6789602058785,True,discovery,False,True,True,False,True,False
XLI,2012-06-04T00:00:00.000Z,25.7034044795,-0.0809917355366048,99.8729505348,99.719139558898,True,discovery,False,True,True,False,True,False
XLI,2012-06-05T00:00:00.000Z,25.7766006254,-0.0758287292786803,100.6292094108,99.782899626889,True,discovery,False,True,True,False,True,False
XLI,2012-06-06T00:00:00.000Z,26.4623329391,-0.0488784270279635,102.8901895556,99.86513996702,True,discovery,False,True,True,False,True,False
XLI,2012-06-07T00:00:00.000Z,26.6125776595,-0.0322219109009734,102.9525614217,99.94734682775052,True,discovery,False,True,True,False,True,False
XLI,2012-06-08T00:00:00.000Z,26.8129039534,-0.0263010632365887,103.7711921638,100.01941121227,True,discovery,False,True,True,False,True,False
XLI,2012-06-11T00:00:00.000Z,26.4623329391,-0.037146061116851,102.4535864932,100.07859472933347,True,discovery,False,True,True,False,True,False
XLI,2012-06-12T00:00:00.000Z,26.889952528,-0.0100694936904883,103.6308554651,100.15057136588148,True,discovery,False,True,True,False,True,False
XLI,2012-06-13T00:00:00.000Z,26.620282517,-0.0151083238324083,102.9681543882,100.2127498030915,True,discovery,False,True,True,False,True,False
XLI,2012-06-14T00:00:00.000Z,26.8283136684,-0.0062785388100707,104.0596620443,100.267378019705,True,discovery,False,True,True,False,True,False
XLI,2012-06-15T00:00:00.000Z,27.0584654655,0.0241676873726885,105.1186271793,100.326073190949,True,discovery,False,True,True,False,True,False
XLI,2012-06-18T00:00:00.000Z,27.1242634791,0.0317733907773749,105.322375823,100.383715073024,True,discovery,False,True,True,False,True,False
XLI,2012-06-19T00:00:00.000Z,27.4880877894,0.0228299688879145,106.3411190415,100.4513621553695,True,discovery,False,True,True,False,True,False
XLI,2012-06-20T00:00:00.000Z,27.3410098767,0.0135795332539239,106.168716343,100.5300038539955,True,discovery,False,True,True,False,True,False
XLI,2012-06-21T00:00:00.000Z,26.803014354,-0.0117282823448674,103.7864245089,100.6000339968825,True,discovery,False,True,True,False,True,False
XLI,2012-06-22T00:00:00.000Z,26.8997761386,-0.0070321418451402,104.5857461112,100.66139832763548,True,discovery,False,True,True,False,True,False
XLI,2012-06-25T00:00:00.000Z,26.4004853297,-0.0187649178867023,102.9087380437,100.719173989318,True,discovery,False,True,True,False,True,False
XLI,2012-06-26T00:00:00.000Z,26.4508014578,-0.0299510174725147,103.4259461393,100.791507434162,True,discovery,False,True,True,False,True,False
XLI,2012-06-27T00:00:00.000Z,26.7062525693,-0.0039776140728866,104.3584880086,100.865625765592,True,discovery,False,True,True,False,True,False
XLI,2012-06-28T00:00:00.000Z,26.683029741,-0.0011122432443462,104.0607015293,100.934149470821,True,discovery,False,True,True,False,True,False
XLI,2012-06-29T00:00:00.000Z,27.6119428738,0.0630987441975512,106.6545784934,101.0093880927375,True,discovery,True,True,True,True,True,True
XLI,2012-07-02T00:00:00.000Z,27.3719736478,0.0649162709021982,106.9758744315,101.078328774496,True,discovery,True,True,True,True,True,True
XLI,2012-07-03T00:00:00.000Z,27.6583885304,0.0730037266103158,107.6811581982,101.14805252546448,True,discovery,True,True,True,True,True,True
XLI,2012-07-05T00:00:00.000Z,27.6274247594,0.0440283108439956,107.1952960478,101.2200137305625,True,discovery,False,True,True,False,True,False
XLI,2012-07-06T00:00:00.000Z,27.2558595062,0.0241720984314484,106.1765528293,101.2874211758355,True,discovery,False,True,True,False,True,False
XLI,2012-07-09T00:00:00.000Z,27.2403776207,0.0159428336461777,106.0433325623,101.3678156996755,True,discovery,False,True,True,False,True,False
XLI,2012-07-10T00:00:00.000Z,26.7991438826,0.0127279383973866,105.1186271793,101.458126947513,True,discovery,False,True,True,False,True,False
XLI,2012-07-11T00:00:00.000Z,26.5823974849,-0.0114375450376771,105.1343001519,101.5458939154865,True,discovery,False,True,True,False,True,False
XLI,2012-07-12T00:00:00.000Z,26.4817652288,-0.0052034492162711,104.6249285426,101.62070058311548,True,discovery,False,True,True,False,True,False
XLI,2012-07-13T00:00:00.000Z,26.9926674519,0.0061261317252894,106.380301473,101.6992702357715,True,discovery,False,True,True,False,True,False
XLI,2012-07-16T00:00:00.000Z,26.8068848253,-0.0092976684328521,106.1295339115,101.7858424437735,True,discovery,False,True,True,False,True,False
XLI,2012-07-17T00:00:00.000Z,26.9229989669,-0.0074200913272753,106.8583271371,101.872548902166,True,discovery,False,True,True,False,True,False
XLI,2012-07-18T00:00:00.000Z,27.4261602472,-0.0022528865112211,107.649812253,101.97439759453248,True,discovery,False,True,True,False,True,False
XLI,2012-07-19T00:00:00.000Z,27.553885803,0.0077859569657452,107.9319257597,102.09007584858053,True,discovery,False,True,True,False,True,False
XLI,2012-07-20T00:00:00.000Z,27.2171547923,0.0154512635344015,106.9445284864,102.1915221548035,True,discovery,False,True,True,False,True,False
XLI,2012-07-23T00:00:00.000Z,27.0778178224,0.0066187050361552,105.8630933775,102.279539078082,True,discovery,False,True,True,False,True,False
XLI,2012-07-24T00:00:00.000Z,26.7759210542,0.0142207887397298,104.9540609671,102.355027200213,True,discovery,False,True,True,False,True,False
XLI,2012-07-25T00:00:00.000Z,26.8688123675,0.0158033362568199,104.977570426,102.4336411974135,True,discovery,False,True,True,False,True,False
XLI,2012-07-26T00:00:00.000Z,27.2790823345,0.0214492753602761,106.7094338975,102.505988578011,True,discovery,False,True,True,False,True,False
XLI,2012-07-27T00:00:00.000Z,27.8751349281,0.0446765303142566,108.6763919579,102.587707929253,True,discovery,False,True,True,False,True,False
XLI,2012-07-30T00:00:00.000Z,27.7977255004,0.0067283431466274,108.6763919579,102.66537760849,True,discovery,False,True,True,False,True,False
XLI,2012-07-31T00:00:00.000Z,27.7203160726,0.01272624434329,107.9162527871,102.7401722311885,True,discovery,False,True,True,False,True,False
XLI,2012-08-01T00:00:00.000Z,27.5345334461,-0.0044780296640879,107.8222149516,102.806551593919,True,discovery,False,True,True,False,True,False
XLI,2012-08-02T00:00:00.000Z,27.3951964761,-0.0084057158900047,107.0777487534,102.8782336089835,True,discovery,False,True,True,False,True,False
XLI,2012-08-03T00:00:00.000Z,27.9912490697,0.02698097131491,109.2014365397,102.95147051135,True,discovery,False,True,True,False,True,False
XLI,2012-08-06T00:00:00.000Z,27.9912490697,0.0275646490461796,109.4130216697,103.03135774356348,True,discovery,False,True,True,False,True,False
XLI,2012-08-07T00:00:00.000Z,28.2776639523,0.055170421718582,109.9615757105,103.111943625826,True,discovery,True,True,True,True,True,True
XLI,2012-08-08T00:00:00.000Z,28.2389592385,0.0623179965065605,110.0947959775,103.18428633101298,True,discovery,True,True,True,True,True,True
XLI,2012-08-09T00:00:00.000Z,28.2621820668,0.0672318035681294,110.1888338131,103.2512368430475,True,discovery,True,True,True,True,True,True
XLI,2012-08-10T00:00:00.000Z,28.393778094,0.0519070834550432,110.3690729979,103.328499217379,True,discovery,True,True,True,True,True,True
XLI,2012-08-13T00:00:00.000Z,28.3318505518,0.0568870921197361,110.3142175938,103.400666276589,True,discovery,True,True,True,True,True,True
XLI,2012-08-14T00:00:00.000Z,28.2931458379,0.0508913168508642,110.3298905664,103.45621162468,True,discovery,True,True,True,True,True,True
XLI,2012-08-15T00:00:00.000Z,28.3550733801,0.0338696020342415,110.4552743471,103.51249959658898,True,discovery,False,True,True,False,True,False
XLI,2012-08-16T00:00:00.000Z,28.6414882627,0.0394718359318155,111.270268922,103.584818715863,True,discovery,False,True,True,False,True,False
XLI,2012-08-17T00:00:00.000Z,28.7808252326,0.0574516496023449,111.4191621616,103.67138120801748,True,discovery,True,True,True,True,True,True
XLI,2012-08-20T00:00:00.000Z,28.7188976904,0.0606060606051652,111.4269986479,103.750307789947,True,discovery,True,True,True,True,True,True
XLI,2012-08-21T00:00:00.000Z,28.6569701483,0.0702515177831741,111.0900297371,103.818833090436,True,discovery,True,True,True,True,True,True
XLI,2012-08-22T00:00:00.000Z,28.5176331783,0.061365600691543,111.1370486549,103.89056324498398,True,discovery,True,True,True,True,True,True
XLI,2012-08-23T00:00:00.000Z,28.2854048951,0.0368898978440817,110.2280162445,103.954739909705,True,discovery,False,True,True,False,True,False
XLI,2012-08-24T00:00:00.000Z,28.4170009223,0.0194390447112693,110.8941175797,104.01599901572348,True,discovery,False,True,True,False,True,False
XLI,2012-08-27T00:00:00.000Z,28.3318505518,0.0192147034257286,110.9176270386,104.09557990890548,True,discovery,False,True,True,False,True,False
XLI,2012-08-28T00:00:00.000Z,28.2234773529,0.0181513543706433,110.8079162305,104.1701383246895,True,discovery,False,True,True,False,True,False
XLI,2012-08-29T00:00:00.000Z,28.2157364102,0.0247399493960369,110.8941175797,104.23610276389452,True,discovery,False,True,True,False,True,False
XLI,2012-08-30T00:00:00.000Z,27.9757671842,0.0211924272419983,110.0947959775,104.302698791665,True,discovery,False,True,True,False,True,False
XLI,2012-08-31T00:00:00.000Z,28.1460679252,0.0055309734522561,110.6198405594,104.369528807447,True,discovery,False,True,True,False,True,False
XLI,2012-09-04T00:00:00.000Z,27.8519120998,-0.0049778761052442,110.5179662375,104.443563112581,True,discovery,False,True,True,False,True,False
XLI,2012-09-05T00:00:00.000Z,27.7745026721,-0.0177935943028658,110.4239284019,104.52472518458453,True,discovery,False,True,True,False,True,False
XLI,2012-09-06T00:00:00.000Z,28.3976485653,0.0056195175416962,112.6651634827,104.6175948199545,True,discovery,False,True,True,False,True,False
XLI,2012-09-07T00:00:00.000Z,28.6414882627,0.0134209805528631,113.1040067153,104.72160651820252,True,discovery,False,True,True,False,True,False
XLI,2012-09-10T00:00:00.000Z,28.4557056361,0.0021810250786273,112.461414839,104.824217967395,True,discovery,False,True,True,False,True,False
XLI,2012-09-11T00:00:00.000Z,28.6105244916,0.0098360655718725,112.7748742909,104.9385401780115,True,discovery,False,True,True,False,True,False
XLI,2012-09-12T00:00:00.000Z,28.7266386332,0.0153214774272048,113.1510256331,105.055591648045,True,discovery,False,True,True,False,True,False
XLI,2012-09-13T00:00:00.000Z,29.0517582297,0.0245700245688287,114.8750526183,105.16826573428402,True,discovery,False,True,True,False,True,False
XLI,2012-09-14T00:00:00.000Z,29.2297999135,0.0205405405404914,115.3844242275,105.2821753562055,True,discovery,False,True,True,False,True,False
XLI,2012-09-17T00:00:00.000Z,29.0904629436,0.0107584722987466,114.9925999127,105.375073113978,True,discovery,False,True,True,False,True,False
XLI,2012-09-18T00:00:00.000Z,29.0982038864,0.0132075471729122,114.8985620772,105.467577819183,True,discovery,False,True,True,False,True,False
XLI,2012-09-19T00:00:00.000Z,29.1678723713,0.017828200970168,114.9612539675,105.560820235192,True,discovery,False,True,True,False,True,False
XLI,2012-09-20T00:00:00.000Z,28.8891984315,0.0130293159631051,114.9690904538,105.648856544179,True,discovery,False,True,True,False,True,False
XLI,2012-09-21T00:00:00.000Z,28.8076088946,0.018461959495954,114.9216405293,105.736501330324,True,discovery,False,True,True,False,True,False
XLI,2012-09-24T00:00:00.000Z,28.7998177901,0.0134714028706521,114.7483166045,105.821466786519,True,discovery,False,True,True,False,True,False
XLI,2012-09-25T00:00:00.000Z,28.4219492218,0.0031801194854981,113.5271707704,105.91104850228,True,discovery,False,True,True,False,True,False
XLI,2012-09-26T00:00:00.000Z,28.3089782065,0.0030294230767851,112.8890235925,105.989340138142,True,discovery,False,True,True,False,True,False
XLI,2012-09-27T00:00:00.000Z,28.5777713118,0.0128309570353486,113.9526022222,106.080046235237,True,discovery,False,True,True,False,True,False
XLI,2012-09-28T00:00:00.000Z,28.4609047443,0.0173413496368384,113.4247520875,106.17258700501652,True,discovery,False,True,True,False,True,False
XLI,2012-10-01T00:00:00.000Z,28.5926523214,0.0158666708751937,113.7241297759,106.2716771111675,True,discovery,False,True,True,False,True,False
XLI,2012-10-02T00:00:00.000Z,28.5466068938,0.0249424452982167,113.8423051792,106.36966108892352,True,discovery,False,True,True,False,True,False
XLI,2012-10-03T00:00:00.000Z,28.6946378794,0.0331287734712273,114.3071284321,106.4692744520695,True,discovery,False,True,True,False,True,False
XLI,2012-10-04T00:00:00.000Z,28.8582510739,0.0162197411359905,115.126477895,106.5780301992,True,discovery,False,True,True,False,True,False
XLI,2012-10-05T00:00:00.000Z,28.9517443279,0.0108324002703465,115.1343562552,106.6726975554555,True,discovery,False,True,True,False,True,False
XLI,2012-10-08T00:00:00.000Z,28.8816243874,0.0149677803371588,114.7404382442,106.7644638195015,True,discovery,False,True,True,False,True,False
XLI,2012-10-09T00:00:00.000Z,28.5466068938,-0.0022340589323612,113.6059543726,106.8462882793145,True,discovery,False,True,True,False,True,False
XLI,2012-10-10T00:00:00.000Z,28.2817093408,-0.0154883868621436,112.8811452323,106.920141683372,True,discovery,False,True,True,False,True,False
XLI,2012-10-11T00:00:00.000Z,28.3674114903,-0.0235561212505335,112.9441721141,106.99392209594102,True,discovery,False,True,True,False,True,False
XLI,2012-10-12T00:00:00.000Z,28.3985759083,-0.028437553717776,112.5738891837,107.0722939837595,True,discovery,False,True,True,False,True,False
XLI,2012-10-15T00:00:00.000Z,28.5933535208,-0.0170883984817905,113.5114140499,107.150346671829,True,discovery,False,True,True,False,True,False
XLI,2012-10-16T00:00:00.000Z,28.8955704645,-0.0069637776507128,114.661654642,107.23655694342452,True,discovery,False,True,True,False,True,False
XLI,2012-10-17T00:00:00.000Z,29.0725064477,-0.0032695536508804,115.1816264166,107.317604555939,True,discovery,False,True,True,False,True,False
XLI,2012-10-18T00:00:00.000Z,29.154313045,0.0091769459830677,114.8822487282,107.396379028216,True,discovery,False,True,True,False,True,False
XLI,2012-10-19T00:00:00.000Z,28.6634734614,-0.0050033806598582,112.9678071947,107.46426166477352,True,discovery,False,True,True,False,True,False
XLI,2012-10-22T00:00:00.000Z,28.5855624163,-0.007439469768925,112.9835639152,107.53350390039598,True,discovery,False,True,True,False,True,False
XLI,2012-10-23T00:00:00.000Z,28.2972915498,-0.0043859649113855,111.4157702314,107.5937039773165,True,discovery,False,True,True,False,True,False
XLI,2012-10-24T00:00:00.000Z,28.1180961462,-0.0067428099632425,111.1006358226,107.64802018472852,True,discovery,False,True,True,False,True,False
XLI,2012-10-25T00:00:00.000Z,28.2739182363,-0.0106324972715607,111.4236485916,107.703679767857,True,discovery,False,True,True,False,True,False
XLI,2012-10-26T00:00:00.000Z,28.2972915498,-0.005748699697706,111.3606217099,107.757821026294,True,discovery,False,True,True,False,True,False
XLI,2012-10-31T00:00:00.000Z,28.42927286,-0.0057140365840673,111.3606217099,107.814562728246,True,discovery,False,True,True,False,True,False
XLI,2012-11-01T00:00:00.000Z,28.9366295852,0.0136626637572365,112.5266190224,107.875193787272,True,discovery,False,True,True,False,True,False
XLI,2012-11-02T00:00:00.000Z,28.6946378794,0.0,111.5260672745,107.925271887221,True,discovery,False,True,True,False,True,False
XLI,2012-11-05T00:00:00.000Z,28.8504599694,-0.0002699784016726,111.7545397209,107.973814280708,True,discovery,False,True,True,False,True,False
XLI,2012-11-06T00:00:00.000Z,29.1621041495,0.0072658772893792,112.6290377053,108.0248273472185,True,discovery,False,True,True,False,True,False
XLI,2012-11-07T00:00:00.000Z,28.4764869533,-0.0140275155117918,110.076448994,108.0643970982245,True,discovery,False,True,True,False,True,False
XLI,2012-11-08T00:00:00.000Z,28.1804249823,-0.0128275109144243,108.752884477,108.097931215492,True,discovery,False,True,True,False,True,False
XLI,2012-11-09T00:00:00.000Z,28.2583360273,-0.0008264462808221,108.8474247997,108.1276686494985,True,discovery,False,True,True,False,True,False
XLI,2012-11-12T00:00:00.000Z,28.3362470723,-0.0010985992856857,108.9340867621,108.160478649421,True,discovery,False,True,True,False,True,False
XLI,2012-11-13T00:00:00.000Z,28.2583360273,-0.0049382716039296,108.5559254715,108.1916307184295,True,discovery,False,True,True,False,True,False
XLI,2012-11-14T00:00:00.000Z,27.5921965924,-0.0350136239763453,107.0905504706,108.217202478973,True,discovery,False,False,True,False,False,False
XLI,2012-11-15T00:00:00.000Z,27.5960921446,-0.044971540586004,106.9093481856,108.2420622910405,True,discovery,False,False,True,False,False,False
XLI,2012-11-16T00:00:00.000Z,27.6740031897,-0.0481039796316096,107.4371983203,108.26509790595802,True,discovery,False,False,True,False,False,False
XLI,2012-11-19T00:00:00.000Z,28.192111639,-0.0330037413165876,109.611625741,108.2981905935935,True,discovery,False,True,True,False,True,False
XLI,2012-11-20T00:00:00.000Z,28.2193805048,-0.0154933405819793,109.6588959023,108.3243004903385,True,discovery,False,True,True,False,True,False
XLI,2012-11-21T00:00:00.000Z,28.2583360273,-0.0114472608316921,109.8637332681,108.35178388722052,True,discovery,False,True,True,False,True,False
XLI,2012-11-23T00:00:00.000Z,28.6245179388,0.0115638766496122,111.3606217099,108.385432098259,True,discovery,False,True,True,False,True,False
XLI,2012-11-26T00:00:00.000Z,28.6439957001,0.0187032418968049,111.1242709033,108.416346051674,True,discovery,False,True,True,False,True,False
XLI,2012-11-27T00:00:00.000Z,28.5855624163,0.0110223201961408,110.5570289674,108.443763981383,True,discovery,False,True,True,False,True,False
XLI,2012-11-28T00:00:00.000Z,28.8270866559,0.0187224669600487,111.4472836723,108.4795144435935,True,discovery,False,True,True,False,True,False
XLI,2012-11-29T00:00:00.000Z,28.9906998504,0.0197482008479339,111.9672554468,108.51398350569949,True,discovery,False,True,True,False,True,False
XLI,2012-11-30T00:00:00.000Z,28.9283710144,-0.0002854019600203,111.9908905275,108.54923055723548,True,discovery,False,True,True,False,True,False
XLI,2012-12-03T00:00:00.000Z,28.6167268343,-0.0027151778470754,111.4394053121,108.58416537585,True,discovery,False,True,True,False,True,False
XLI,2012-12-04T00:00:00.000Z,28.7258022974,-0.0043208209550978,111.2818381077,108.6125292825665,True,discovery,False,True,True,False,True,False
XLI,2012-12-05T00:00:00.000Z,29.0296553729,-0.0045418113837396,111.4787971132,108.640480731079,True,discovery,False,True,True,False,True,False
XLI,2012-12-06T00:00:00.000Z,29.0218642684,0.0191518467848366,111.8569584037,108.6700901105055,True,discovery,False,True,True,False,True,False
XLI,2012-12-07T00:00:00.000Z,29.2127463287,0.0366325684246564,112.1957278932,108.703101091329,True,discovery,False,True,True,False,True,False
XLI,2012-12-10T00:00:00.000Z,29.356881762,0.0388751033903309,112.2429980545,108.734019667573,True,discovery,False,True,True,False,True,False
XLI,2012-12-11T00:00:00.000Z,29.419210598,0.038218311794671,113.0071989958,108.76759487083052,True,discovery,False,True,True,False,True,False
XLI,2012-12-12T00:00:00.000Z,29.465957225,0.042735042733349,113.0623475174,108.800553127131,True,discovery,False,True,True,False,True,False
XLI,2012-12-13T00:00:00.000Z,29.372463971,0.064520683325747,112.369051818,108.828492401344,True,discovery,True,True,True,True,True,True
XLI,2012-12-14T00:00:00.000Z,29.310135135,0.0621118012441266,111.9514987264,108.85643978994648,True,discovery,True,True,True,True,True,True
XLI,2012-12-17T00:00:00.000Z,29.5828237925,0.0689752252218589,113.2671848831,108.8882099154585,True,discovery,True,True,True,True,True,True
XLI,2012-12-18T00:00:00.000Z,29.9645879131,0.0628713555336528,114.5277225183,108.927912857917,True,discovery,True,True,True,True,True,True
XLI,2012-12-19T00:00:00.000Z,29.8009747186,0.0560463832128057,113.6768596145,108.9655349908835,True,discovery,True,True,True,True,True,True
XLI,2012-12-20T00:00:00.000Z,29.9567968086,0.060104769780469,114.3307635128,109.0141891612955,True,discovery,True,True,True,True,True,True
XLI,2012-12-21T00:00:00.000Z,29.7698336739,0.0400117038668987,113.3001400639,109.054041831025,True,discovery,False,True,True,False,True,False
XLI,2012-12-24T00:00:00.000Z,29.6834988017,0.0362904363093579,112.9510115421,109.08690915852652,True,discovery,False,True,True,False,True,False
XLI,2012-12-26T00:00:00.000Z,29.5814666799,0.0348394147051001,112.4749271942,109.1153389970305,True,discovery,False,True,True,False,True,False
XLI,2012-12-27T00:00:00.000Z,29.5343749314,0.0245355447792099,112.3241671507,109.1429762227275,True,discovery,False,True,True,False,True,False
XLI,2012-12-28T00:00:00.000Z,29.2125813167,0.0076535394952508,111.1101520635,109.15491785072552,True,discovery,False,True,True,False,True,False
XLI,2012-12-31T00:00:00.000Z,29.7462877996,0.0282738625273042,112.9986199769,109.176884007137,True,discovery,False,True,True,False,True,False
XLI,2013-01-02T00:00:00.000Z,30.4605126518,0.0644303532048269,115.89479976,109.2101872426925,True,discovery,True,True,True,True,True,True
XLI,2013-01-03T00:00:00.000Z,30.4762099013,0.0609350292736097,115.6329533687,109.2414287089885,True,discovery,True,True,True,True,True,True
XLI,2013-01-04T00:00:00.000Z,30.7038200191,0.0576708412378494,116.1407766731,109.2730652589105,True,discovery,True,True,True,True,True,True
XLI,2013-01-07T00:00:00.000Z,30.5703933983,0.0533573279641477,115.8233871078,109.304713140074,True,discovery,True,True,True,True,True,True
XLI,2013-01-08T00:00:00.000Z,30.3349346558,0.0384143385381576,115.4901280643,109.33559132159448,True,discovery,False,True,True,False,True,False
XLI,2013-01-09T00:00:00.000Z,30.6410310211,0.0437426995656677,115.7837134122,109.3718746539,True,discovery,False,True,True,False,True,False
XLI,2013-01-10T00:00:00.000Z,30.7901548913,0.0466003086225976,116.7041431515,109.411005926169,True,discovery,False,True,True,False,True,False
XLI,2013-01-11T00:00:00.000Z,30.6802741448,0.0412108424147756,116.6962084123,109.442456971149,True,discovery,False,True,True,False,True,False
XLI,2013-01-14T00:00:00.000Z,30.798003516,0.048533195798877,116.616861021,109.475226505489,True,discovery,False,True,True,False,True,False
XLI,2013-01-15T00:00:00.000Z,30.8843383883,0.0537084952372057,116.6962084123,109.51112154592602,True,discovery,True,True,True,True,True,True
XLI,2013-01-16T00:00:00.000Z,30.7587603923,0.0397506542326135,116.6803389341,109.547872816963,True,discovery,False,True,True,False,True,False
XLI,2013-01-17T00:00:00.000Z,31.0884026318,0.0375047613522723,117.4341391516,109.58613210894252,True,discovery,False,True,True,False,True,False
XLI,2013-01-18T00:00:00.000Z,31.3395586237,0.0516286436812318,117.695985543,109.6216854440015,True,discovery,True,True,True,True,True,True
XLI,2013-01-22T00:00:00.000Z,31.4651366197,0.0503505037850704,118.3307646735,109.66267365485751,True,discovery,True,True,True,True,True,True
XLI,2013-01-23T00:00:00.000Z,31.4729852445,0.0572106512000165,118.5211984127,109.71007157269,True,discovery,True,True,True,True,True,True
XLI,2013-01-24T00:00:00.000Z,31.6613522385,0.0666314119508959,118.5529373692,109.757901062219,True,discovery,True,True,True,True,True,True
XLI,2013-01-25T00:00:00.000Z,31.7633843602,0.0737596179361372,119.2194554563,109.815183381541,True,discovery,True,True,True,True,True,True
XLI,2013-01-28T00:00:00.000Z,31.7869302344,0.0762689343597773,119.0766301519,109.88079549492048,True,discovery,True,True,True,True,True,True
XLI,2013-01-29T00:00:00.000Z,31.8575678572,0.0905427189684171,119.5447797607,109.944460290552,True,discovery,True,True,True,True,True,True
XLI,2013-01-30T00:00:00.000Z,31.5671687415,0.0612137203192286,119.0766301519,109.9988064856235,True,discovery,True,True,True,True,True,True
XLI,2013-01-31T00:00:00.000Z,31.457287995,0.0327235248662534,118.783044804,110.05811685264352,True,discovery,False,True,True,False,True,False
XLI,2013-02-01T00:00:00.000Z,31.7633843602,0.0422353850123959,120.0049946303,110.1238878105415,True,discovery,False,True,True,False,True,False
XLI,2013-02-04T00:00:00.000Z,31.488682494,0.0255623721872964,118.6560889779,110.175000809671,True,discovery,False,True,True,False,True,False
XLI,2013-02-05T00:00:00.000Z,31.7790816097,0.0395378690634453,119.8542345868,110.2339367104105,True,discovery,False,True,True,False,True,False
XLI,2013-02-06T00:00:00.000Z,31.7869302344,0.0478654592493865,119.9415167173,110.296778456852,True,discovery,False,True,True,False,True,False
XLI,2013-02-07T00:00:00.000Z,31.7476871107,0.0361168032772112,119.7828219346,110.3579301338055,True,discovery,False,True,True,False,True,False
XLI,2013-02-08T00:00:00.000Z,31.8732651067,0.0351771603365997,120.4493400217,110.426936361484,True,discovery,False,True,True,False,True,False
XLI,2013-02-11T00:00:00.000Z,31.8497192324,0.0381171655142531,120.4255358043,110.4937964824285,True,discovery,False,True,True,False,True,False
XLI,2013-02-12T00:00:00.000Z,31.9909944779,0.0387359836906382,120.6239042826,110.554319751502,True,discovery,False,True,True,False,True,False
XLI,2013-02-13T00:00:00.000Z,32.1636642224,0.0414231257932549,120.7270558913,110.611577484239,True,discovery,False,True,True,False,True,False
XLI,2013-02-14T00:00:00.000Z,32.2107559709,0.0472059198771706,120.8381422392,110.668494053141,True,discovery,False,True,True,False,True,False
XLI,2013-02-15T00:00:00.000Z,32.2264532204,0.0366069174437384,120.6953169348,110.726723581168,True,discovery,False,True,True,False,True,False
XLI,2013-02-19T00:00:00.000Z,32.4619119629,0.0358126721781983,121.5998771958,110.78608444028252,True,discovery,False,True,True,False,True,False
XLI,2013-02-20T00:00:00.000Z,32.0380862264,0.0182090296833885,120.0843420216,110.8395048850105,True,discovery,False,True,True,False,True,False
XLI,2013-02-21T00:00:00.000Z,31.8026274839,0.0104738154591677,119.3543460215,110.893446468281,True,discovery,False,True,True,False,True,False
XLI,2013-02-22T00:00:00.000Z,32.0537834759,0.0123946455111543,120.5207526739,110.96199112847847,True,discovery,False,True,True,False,True,False
XLI,2013-02-25T00:00:00.000Z,31.394498997,-0.0116135408940307,118.2276130648,111.01868026646753,True,discovery,False,True,True,False,True,False
XLI,2013-02-26T00:00:00.000Z,31.582865991,-0.0064197530838999,119.0369564562,111.0815601543095,True,discovery,False,True,True,False,True,False
XLI,2013-02-27T00:00:00.000Z,32.1793614719,0.0101010101004077,120.5366221522,111.155095946351,True,discovery,False,True,True,False,True,False
XLI,2013-02-28T00:00:00.000Z,32.1558155977,0.0186474390852204,120.2985799782,111.22635001986652,True,discovery,False,True,True,False,True,False
XLI,2013-03-01T00:00:00.000Z,32.1008752244,0.0204590818350995,120.6953169348,111.301186057233,True,discovery,False,True,True,False,True,False
XLI,2013-03-04T00:00:00.000Z,32.0380862264,0.0086483815164293,121.3380308045,111.38508302639153,True,discovery,False,True,True,False,True,False
XLI,2013-03-05T00:00:00.000Z,32.4933064619,0.031904287138448,122.4250900655,111.477416937909,True,discovery,False,True,True,False,True,False
XLI,2013-03-06T00:00:00.000Z,32.4933064619,0.0224746851080175,122.5917195873,111.5725721002665,True,discovery,False,True,True,False,True,False
XLI,2013-03-07T00:00:00.000Z,32.5168523361,0.0229629629636294,122.813892283,111.67651766211152,True,discovery,False,True,True,False,True,False
XLI,2013-03-08T00:00:00.000Z,32.8229487013,0.0338689740405562,123.3375850657,111.78744771849448,True,discovery,False,True,True,False,True,False
XLI,2013-03-11T00:00:00.000Z,32.9328294478,0.0332430435837989,123.8057346745,111.892025444089,True,discovery,False,True,True,False,True,False
XLI,2013-03-12T00:00:00.000Z,32.7444624539,0.0280926564837595,123.5280188049,111.994317994761,True,discovery,False,True,True,False,True,False
XLI,2013-03-13T00:00:00.000Z,32.9014349488,0.0284592737974729,123.7025830658,112.097210489823,True,discovery,False,True,True,False,True,False
XLI,2013-03-14T00:00:00.000Z,33.0584074438,0.0278184480229981,124.3611664137,112.202382358801,True,discovery,False,True,True,False,True,False
XLI,2013-03-15T00:00:00.000Z,33.0833817678,0.0270911306052037,124.1974886149,112.30841208268548,True,discovery,False,True,True,False,True,False
XLI,2013-03-18T00:00:00.000Z,32.878433489,0.0202312139080598,123.5120632141,112.40477749296,True,discovery,False,True,True,False,True,False
XLI,2013-03-19T00:00:00.000Z,32.8469029846,0.0118597765325714,123.2251409533,112.5072708806905,True,discovery,False,True,True,False,True,False
XLI,2013-03-20T00:00:00.000Z,32.8863161151,0.0264756728197155,124.0859077357,112.6151985924055,True,discovery,False,True,True,False,True,False
XLI,2013-03-21T00:00:00.000Z,32.5552458187,0.0236652878816698,123.0258893833,112.7307293921505,True,discovery,False,True,True,False,True,False
XLI,2013-03-22T00:00:00.000Z,32.8074898541,0.023513803877994,124.0141771705,112.851435525329,True,discovery,False,True,True,False,True,False
XLI,2013-03-25T00:00:00.000Z,32.5158326881,0.0357175214424396,123.4961230885,112.96577009371752,True,discovery,False,True,True,False,True,False
XLI,2013-03-26T00:00:00.000Z,32.6813678364,0.0347815757351797,124.4844108757,113.073741200318,True,discovery,False,True,True,False,True,False
XLI,2013-03-27T00:00:00.000Z,32.6813678364,0.0156002587229198,124.4844108757,113.181400447588,True,discovery,False,True,True,False,True,False
XLI,2013-03-28T00:00:00.000Z,32.9178466195,0.0236980778635422,124.8669738901,113.2868793562195,True,discovery,False,True,True,False,True,False
XLI,2013-04-01T00:00:00.000Z,32.5158326881,0.0129266713383748,124.3728299965,113.396475573736,True,discovery,False,True,True,False,True,False
XLI,2013-04-02T00:00:00.000Z,32.4133585488,0.0117133189463347,124.9865248321,113.503253920571,True,discovery,False,True,True,False,True,False
XLI,2013-04-03T00:00:00.000Z,32.2162928961,-0.0085252501503597,123.7192848469,113.6070095728645,True,discovery,False,True,True,False,True,False
XLI,2013-04-04T00:00:00.000Z,32.358180166,-0.0041585886637435,124.2213988033,113.70781825665952,True,discovery,False,True,True,False,True,False
XLI,2013-04-05T00:00:00.000Z,32.2951191572,-0.0068190234592244,123.6634944073,113.8005425927995,True,discovery,False,True,True,False,True,False
XLI,2013-04-08T00:00:00.000Z,32.4843021837,-0.0103173703460281,124.5003510013,113.896432468691,True,discovery,False,True,True,False,True,False
XLI,2013-04-09T00:00:00.000Z,32.5867763231,-0.0105078467444928,124.9307343925,113.989380545446,True,discovery,False,True,True,False,True,False
XLI,2013-04-10T00:00:00.000Z,33.0203207589,0.0084245788242325,126.4609864502,114.090841895982,True,discovery,False,True,True,False,True,False
XLI,2013-04-11T00:00:00.000Z,33.1070296461,0.0062488064006915,126.8754297158,114.2062869220165,True,discovery,False,True,True,False,True,False
XLI,2013-04-12T00:00:00.000Z,32.9178466195,-0.0042518933962247,126.5645972666,114.3161811777935,True,discovery,False,True,True,False,True,False
XLI,2013-04-15T00:00:00.000Z,31.9167531041,-0.0352632832969777,123.6316141561,114.41979555835547,True,discovery,False,True,True,False,True,False
XLI,2013-04-16T00:00:00.000Z,32.3502975399,-0.0160632941735713,125.4567585373,114.52994962034548,True,discovery,False,True,True,False,True,False
XLI,2013-04-17T00:00:00.000Z,31.8142789647,-0.0314374850007665,123.6236440933,114.626275400769,True,discovery,False,True,True,False,True,False
XLI,2013-04-18T00:00:00.000Z,31.6723916948,-0.0369127516761482,122.8505480017,114.720224633131,True,discovery,False,True,True,False,True,False
XLI,2013-04-19T00:00:00.000Z,31.8300442169,-0.022276029056535,123.9185364169,114.8065444227485,True,discovery,False,True,True,False,True,False
XLI,2013-04-22T00:00:00.000Z,31.8655160344,-0.0287121576167241,124.4684707501,114.8940074043415,True,discovery,False,True,True,False,True,False
XLI,2013-04-23T00:00:00.000Z,32.0980535045,-0.0128484848475952,125.7516508609,114.984359867655,True,discovery,False,True,True,False,True,False
XLI,2013-04-24T00:00:00.000Z,32.429123801,-0.0077182826821297,125.8313514889,115.0775401448605,True,discovery,False,True,True,False,True,False
XLI,2013-04-25T00:00:00.000Z,32.5946589492,-0.0026531596729382,126.3414355082,115.178364558255,True,discovery,False,True,True,False,True,False
XLI,2013-04-26T00:00:00.000Z,32.5000674359,-0.0126915708803537,126.1182737498,115.2787392641925,True,discovery,False,True,True,False,True,False
XLI,2013-04-29T00:00:00.000Z,32.6656025841,0.0046060606055096,126.9631004066,115.38796163032902,True,discovery,False,True,True,False,True,False
XLI,2013-04-30T00:00:00.000Z,32.6734852103,0.0080252918286258,127.265962793,115.49861994353452,True,discovery,False,True,True,False,True,False
XLI,2013-05-01T00:00:00.000Z,32.2478234005,0.0009787129916434,126.150154001,115.60624607082651,True,discovery,False,True,True,False,True,False
XLI,2013-05-02T00:00:00.000Z,32.6458960189,0.0088915956158224,127.3217532326,115.7109533296245,True,discovery,False,True,True,False,True,False
XLI,2013-05-03T00:00:00.000Z,33.2095037855,0.0283134000481353,128.6129034062,115.823370177098,True,discovery,False,True,True,False,True,False
XLI,2013-05-06T00:00:00.000Z,33.4223346903,0.0288764862885273,128.939675981,115.93377692131747,True,discovery,False,True,True,False,True,False
XLI,2013-05-07T00:00:00.000Z,33.7297571085,0.035074987905133,129.5932211306,116.04349396570552,True,discovery,False,True,True,False,True,False
XLI,2013-05-08T00:00:00.000Z,33.9425880134,0.0279302936283991,130.1830057778,116.154749365796,True,discovery,False,True,True,False,True,False
XLI,2013-05-09T00:00:00.000Z,33.9425880134,0.025238095239342,129.816382889,116.269108637809,True,discovery,False,True,True,False,True,False
XLI,2013-05-10T00:00:00.000Z,34.0450621527,0.034243295019555,130.2387962174,116.39098715200848,True,discovery,False,True,True,False,True,False
XLI,2013-05-13T00:00:00.000Z,33.9110575089,0.062484564087561,130.3424070338,116.517928882342,True,discovery,True,True,True,True,True,True
XLI,2013-05-14T00:00:00.000Z,34.3288366926,0.0611598440558305,131.6893476471,116.65148776844752,True,discovery,True,True,True,True,True,True
XLI,2013-05-15T00:00:00.000Z,34.4707239625,0.0834985133797154,132.3986832363,116.77993401514152,True,discovery,True,True,True,True,True,True
XLI,2013-05-16T00:00:00.000Z,34.2973061881,0.0828770532580576,131.7770183379,116.8954371470415,True,discovery,True,True,True,True,True,True
XLI,2013-05-17T00:00:00.000Z,34.8175595111,0.0938583457139463,133.0522283859,117.0173163291815,True,discovery,True,True,True,True,True,True
XLI,2013-05-20T00:00:00.000Z,34.9200336505,0.0958565244260454,133.0442583231,117.14295635686148,True,discovery,True,True,True,True,True,True
XLI,2013-05-21T00:00:00.000Z,34.9673294072,0.0893909626731022,133.2355398303,117.27002298125498,True,discovery,True,True,True,True,True,True
XLI,2013-05-22T00:00:00.000Z,34.659906989,0.0687894992689013,132.2472520431,117.39587049770348,True,discovery,True,True,True,True,True,True
XLI,2013-05-23T00:00:00.000Z,34.5653154757,0.060459492138615,131.8646890287,117.50918676014852,True,discovery,True,True,True,True,True,True
XLI,2013-05-24T00:00:00.000Z,34.4549587103,0.0601503759417003,131.7531081495,117.62088719254751,True,discovery,True,True,True,True,True,True
XLI,2013-05-28T00:00:00.000Z,34.6362591107,0.0603281853297028,132.5421443667,117.73379003582852,True,discovery,True,True,True,True,True,True
XLI,2013-05-29T00:00:00.000Z,34.439193458,0.0540410132661137,131.6813775843,117.84172294386252,True,discovery,True,True,True,True,True,True
XLI,2013-05-30T00:00:00.000Z,34.6441417368,0.0743094597901712,132.1675514151,117.9516165318725,True,discovery,True,True,True,True,True,True
XLI,2013-05-31T00:00:00.000Z,34.3130714403,0.0510684534569003,130.2706764686,118.051124549226,True,discovery,True,True,True,True,True,True
XLI,2013-06-03T00:00:00.000Z,34.4786065886,0.0382150486588759,130.9879821206,118.15449337186,True,discovery,False,True,True,False,True,False
XLI,2013-06-04T00:00:00.000Z,34.289423562,0.0259433962269444,130.3583471594,118.254635654825,True,discovery,False,True,True,False,True,False
XLI,2013-06-05T00:00:00.000Z,33.6666960996,-0.0018695957014202,128.5332027782,118.34502529698052,True,discovery,False,True,True,False,True,False
XLI,2013-06-06T00:00:00.000Z,33.8795270045,-0.0018578727371968,129.696831947,118.4371581121055,True,discovery,False,True,True,False,True,False
XLI,2013-06-07T00:00:00.000Z,34.5180197191,0.0169530887118223,131.3466349467,118.536795476031,True,discovery,False,True,True,False,True,False
XLI,2013-06-10T00:00:00.000Z,34.4155455797,0.0108821486457653,131.3466349467,118.636393657525,True,discovery,False,True,True,False,True,False
XLI,2013-06-11T00:00:00.000Z,34.1002405355,0.0055788005593853,129.9917242706,118.7309021301925,True,discovery,False,True,True,False,True,False
XLI,2013-06-12T00:00:00.000Z,33.8637617523,-0.0135476463844244,128.9157657926,118.819795715881,True,discovery,False,True,True,False,True,False
XLI,2013-06-13T00:00:00.000Z,34.360367197,-0.0032014635265582,130.8764012414,118.9230376408655,True,discovery,False,True,True,False,True,False
XLI,2013-06-14T00:00:00.000Z,34.1317710399,-0.0048264766711455,130.055484773,119.018844476832,True,discovery,False,True,True,False,True,False
XLI,2013-06-17T00:00:00.000Z,34.3997803275,-0.0119990944071428,131.0597126859,119.11955490506853,True,discovery,False,True,True,False,True,False
XLI,2013-06-18T00:00:00.000Z,34.805735572,-0.003273137696371,132.0958208499,119.2259944281655,True,discovery,False,True,True,False,True,False
XLI,2013-06-19T00:00:00.000Z,34.2736583098,-0.0198376916155674,130.2706764686,119.32287722261,True,discovery,False,True,True,False,True,False
XLI,2013-06-20T00:00:00.000Z,33.4932783253,-0.0336593131675239,127.0428010346,119.40761724789547,True,discovery,False,True,True,False,True,False
XLI,2013-06-21T00:00:00.000Z,33.5137100922,-0.0304237172155796,127.4485728719,119.491760909458,True,discovery,False,True,True,False,True,False
XLI,2013-06-24T00:00:00.000Z,32.9511868258,-0.0436445707900516,125.8381395314,119.5683617759275,True,discovery,False,True,True,False,True,False
XLI,2013-06-25T00:00:00.000Z,33.319599951,-0.0380138962320343,127.0479675633,119.65148197173448,True,discovery,False,True,True,False,True,False
XLI,2013-06-26T00:00:00.000Z,33.6483987616,-0.0229620562213341,128.3058682322,119.729685495482,True,discovery,False,True,True,False,True,False
XLI,2013-06-27T00:00:00.000Z,33.9811590036,-0.019136936288878,129.0590062123,119.809460492967,True,discovery,False,True,True,False,True,False
XLI,2013-06-28T00:00:00.000Z,33.783087431,-0.0154455426767056,128.530207205,119.889804454797,True,discovery,False,True,True,False,True,False
XLI,2013-07-01T00:00:00.000Z,34.1237705359,-0.0102914847149688,129.2833451852,119.97234680926849,True,discovery,False,True,True,False,True,False
XLI,2013-07-02T00:00:00.000Z,33.7593188423,-0.0154597151142393,129.1631635926,120.052407499066,True,discovery,False,True,True,False,True,False
XLI,2013-07-03T00:00:00.000Z,33.7751645681,0.0032218328813466,129.2192483358,120.12412847765349,True,discovery,False,True,True,False,True,False
XLI,2013-07-05T00:00:00.000Z,34.3059963828,0.0125878197249729,130.6133548096,120.200273130564,True,discovery,False,True,True,False,True,False
XLI,2013-07-08T00:00:00.000Z,34.3971093062,-0.0035028200888679,131.3584806836,120.2821025344185,True,discovery,False,True,True,False,True,False
XLI,2013-07-09T00:00:00.000Z,34.8843653749,0.0136223264023027,132.3039092118,120.3691292700915,True,discovery,False,True,True,False,True,False
XLI,2013-07-10T00:00:00.000Z,34.876442512,0.022762360743231,132.3519818489,120.4560829094985,True,discovery,False,True,True,False,True,False
XLI,2013-07-11T00:00:00.000Z,35.4310429154,0.0462819569356778,134.1547057375,120.552010985917,True,discovery,False,True,True,False,True,False
XLI,2013-07-12T00:00:00.000Z,35.2171256169,0.0249344954606538,134.2107904807,120.648456735674,True,discovery,False,True,True,False,True,False
XLI,2013-07-15T00:00:00.000Z,35.3438914234,0.0355129647999523,134.7235652757,120.74833297903,True,discovery,False,True,True,False,True,False
XLI,2013-07-16T00:00:00.000Z,35.1537427137,0.0219176511891054,134.2188025869,120.85179113811247,True,discovery,False,True,True,False,True,False
XLI,2013-07-17T00:00:00.000Z,35.2567399315,0.0129577597510341,134.5633231522,120.960162635911,True,discovery,False,True,True,False,True,False
XLI,2013-07-18T00:00:00.000Z,35.6132687622,0.0390857153412469,135.30043692,121.0669018094,True,discovery,False,True,True,False,True,False
XLI,2013-07-19T00:00:00.000Z,35.9777204559,0.0741773351199042,135.5408001052,121.1774820494885,True,discovery,True,True,True,True,True,True
XLI,2013-07-22T00:00:00.000Z,36.0014890446,0.0742316784848897,135.8051996088,121.287887398653,True,discovery,True,True,True,True,True,True
XLI,2013-07-23T00:00:00.000Z,35.9777204559,0.0918490021649325,135.5167637867,121.39625969169047,True,discovery,True,True,True,True,True,True
XLI,2013-07-24T00:00:00.000Z,35.7004202542,0.0714540482689241,135.020013204,121.49982411555,True,discovery,True,True,True,True,True,True
XLI,2013-07-25T00:00:00.000Z,35.71626598,0.0614551448064708,135.3485095571,121.60093427386052,True,discovery,True,True,True,True,True,True
XLI,2013-07-26T00:00:00.000Z,35.5974230364,0.0475635346230767,135.4927274682,121.70272612992548,True,discovery,False,True,True,False,True,False
XLI,2013-07-29T00:00:00.000Z,35.5023486816,0.0508911819889608,135.0760979472,121.8044044284405,True,discovery,True,True,True,True,True,True
XLI,2013-07-30T00:00:00.000Z,35.6528830768,0.0448107731615208,135.0760979472,121.9117551463135,True,discovery,False,True,True,False,True,False
XLI,2013-07-31T00:00:00.000Z,35.7796488833,0.059845106781851,135.1722432213,122.0232106362585,True,discovery,True,True,True,True,True,True
XLI,2013-08-01T00:00:00.000Z,36.389709327,0.0774102744526485,136.7346039248,122.142162795312,True,discovery,True,True,True,True,True,True
XLI,2013-08-02T00:00:00.000Z,36.4610150932,0.0628175519624454,136.9669550037,122.264128124412,True,discovery,True,True,True,True,True,True
XLI,2013-08-05T00:00:00.000Z,36.3223649923,0.0559714384415721,136.7666523494,122.38040431590952,True,discovery,True,True,True,True,True,True
XLI,2013-08-06T00:00:00.000Z,36.0490262221,0.033386327504699,135.9894780508,122.4870434329535,True,discovery,False,True,True,False,True,False
XLI,2013-08-07T00:00:00.000Z,35.9935661817,0.0320308950465813,135.5488122114,122.58887936192748,True,discovery,False,True,True,False,True,False
XLI,2013-08-08T00:00:00.000Z,36.1599463028,0.0205724508064983,136.045562794,122.69469593225652,True,discovery,False,True,True,False,True,False
XLI,2013-08-09T00:00:00.000Z,36.0411033592,0.0233970753679166,135.6529695916,122.808121744241,True,discovery,False,True,True,False,True,False
XLI,2013-08-12T00:00:00.000Z,36.0886405366,0.0210715086315291,135.4927274682,122.920667562006,True,discovery,False,True,True,False,True,False
XLI,2013-08-13T00:00:00.000Z,36.2470977947,0.0311020960102179,135.8933327767,123.0430553747325,True,discovery,False,True,True,False,True,False
XLI,2013-08-14T00:00:00.000Z,35.9935661817,0.0208988764029678,135.1962795398,123.1635335933185,True,discovery,False,True,True,False,True,False
XLI,2013-08-15T00:00:00.000Z,35.5895001735,-0.0006674082308678,133.3054224833,123.272942462777,True,discovery,False,True,True,False,True,False
XLI,2013-08-16T00:00:00.000Z,35.637037351,-0.0094692798927491,132.8647566439,123.380463137447,True,discovery,False,True,True,False,True,False
XLI,2013-08-19T00:00:00.000Z,35.4468886412,-0.0154049295770223,132.0154733897,123.483737395846,True,discovery,False,True,True,False,True,False
XLI,2013-08-20T00:00:00.000Z,35.5102715445,-0.0129927328768084,132.6644539896,123.584426570682,True,discovery,False,True,True,False,True,False
XLI,2013-08-21T00:00:00.000Z,35.2646627944,-0.0122059476246285,131.8472191601,123.68603233011,True,discovery,False,True,True,False,True,False
XLI,2013-08-22T00:00:00.000Z,35.7479574316,0.0008873114456517,133.0490350858,123.7925048069345,True,discovery,False,True,True,False,True,False
XLI,2013-08-23T00:00:00.000Z,35.7558802946,0.0044513687981841,133.4977130314,123.896848183565,True,discovery,False,True,True,False,True,False
XLI,2013-08-26T00:00:00.000Z,35.6766516655,0.0049096183878769,133.0009624488,124.011470750839,True,discovery,False,True,True,False,True,False
XLI,2013-08-27T00:00:00.000Z,34.9556711411,-0.0195555555548799,130.861730101,124.122014978959,True,discovery,False,True,True,False,True,False
XLI,2013-08-28T00:00:00.000Z,34.9873625927,-0.0221434898141158,131.3264322589,124.234410016255,True,discovery,False,True,True,False,True,False
XLI,2013-08-29T00:00:00.000Z,35.0903598105,-0.0357065099043241,131.5347470194,124.34741331754152,True,discovery,False,True,True,False,True,False
XLI,2013-08-30T00:00:00.000Z,34.8922882378,-0.0430247718389102,131.1181174984,124.460224277676,True,discovery,False,True,True,False,True,False
XLI,2013-09-03T00:00:00.000Z,35.1141283992,-0.0332642600049897,131.7110133551,124.58332659209852,True,discovery,False,True,True,False,True,False
XLI,2013-09-04T00:00:00.000Z,35.4746186614,-0.0159340659345703,132.8006597945,124.712783150143,True,discovery,False,True,True,False,True,False
XLI,2013-09-05T00:00:00.000Z,35.5578087219,-0.0121065375295195,132.9689140241,124.840441728662,True,discovery,False,True,True,False,True,False
XLI,2013-09-06T00:00:00.000Z,35.5419629961,-0.0170902716924706,133.0330108735,124.95754865432453,True,discovery,False,True,True,False,True,False
XLI,2013-09-09T00:00:00.000Z,35.9856433188,-0.0015387997378233,134.3069357548,125.080788853587,True,discovery,False,True,True,False,True,False
XLI,2013-09-10T00:00:00.000Z,36.5085522706,0.0116355653124182,135.30043692,125.2079723718465,True,discovery,False,True,True,False,True,False
XLI,2013-09-11T00:00:00.000Z,36.6590866658,0.0113661202183266,135.7250785471,125.3297946560325,True,discovery,False,True,True,False,True,False
XLI,2013-09-12T00:00:00.000Z,36.5085522706,0.0143077261725133,135.3645337694,125.45099597036298,True,discovery,False,True,True,False,True,False
XLI,2013-09-13T00:00:00.000Z,36.6115494884,0.0287177203927415,135.6689938039,125.5765557945455,True,discovery,False,True,True,False,True,False
XLI,2013-09-16T00:00:00.000Z,37.0869212628,0.040684748777505,136.4541802087,125.7015902772275,True,discovery,False,True,True,False,True,False
XLI,2013-09-17T00:00:00.000Z,37.2453785209,0.0507375949947159,137.0631002778,125.8270695013825,True,discovery,True,True,True,True,True,True
XLI,2013-09-18T00:00:00.000Z,37.7128274323,0.0620258813014102,138.6494972998,125.960362535244,True,discovery,True,True,True,True,True,True
XLI,2013-09-19T00:00:00.000Z,37.8395932388,0.0730172994822706,138.4171462208,126.0952512397875,True,discovery,True,True,True,True,True,True
XLI,2013-09-20T00:00:00.000Z,37.3792511354,0.0456332003561688,137.4540509984,126.226112304241,True,discovery,False,True,True,False,True,False
XLI,2013-09-23T00:00:00.000Z,37.2598540385,0.0420622770718679,136.8179878524,126.352808257937,True,discovery,False,True,True,False,True,False
XLI,2013-09-24T00:00:00.000Z,37.3951707483,0.0481692928729027,136.4959305633,126.476003118735,True,discovery,False,True,True,False,True,False
XLI,2013-09-25T00:00:00.000Z,37.2280148127,0.0650064380806076,136.1014103841,126.5955315311895,True,discovery,True,True,True,True,True,True
XLI,2013-09-26T00:00:00.000Z,37.3951707483,0.0688193672564043,136.6247534789,126.71744030831152,True,discovery,True,True,True,True,True,True
XLI,2013-09-27T00:00:00.000Z,37.1563765545,0.0588770464354655,135.9967417651,126.832388022158,True,discovery,True,True,True,True,True,True
XLI,2013-09-30T00:00:00.000Z,36.9374818769,0.0586144888280606,135.2721128646,126.943436848894,True,discovery,True,True,True,True,True,True
XLI,2013-10-01T00:00:00.000Z,37.1722961674,0.0586136652689033,136.342953351,127.063306356559,True,discovery,True,True,True,True,True,True
XLI,2013-10-02T00:00:00.000Z,36.9971804253,0.0429197499889322,136.2141304353,127.18461951510348,True,discovery,False,True,True,False,True,False
XLI,2013-10-03T00:00:00.000Z,36.5912302959,0.0290631400287473,134.9581070077,127.29307412572648,True,discovery,False,True,True,False,True,False
XLI,2013-10-04T00:00:00.000Z,36.8300244897,0.0362405839469626,135.9806389007,127.40033870763853,True,discovery,False,True,True,False,True,False
XLI,2013-10-07T00:00:00.000Z,36.575310683,0.016386183761565,134.8051297954,127.505980058543,True,discovery,False,True,True,False,True,False
XLI,2013-10-08T00:00:00.000Z,36.161400747,-0.0095087726576207,133.2351005109,127.6005017435335,True,discovery,False,True,True,False,True,False
XLI,2013-10-09T00:00:00.000Z,36.1454811341,-0.0140103199073736,133.3317176976,127.700659631702,True,discovery,False,True,True,False,True,False
XLI,2013-10-10T00:00:00.000Z,37.0767784899,0.0155641947971074,136.2060790031,127.816934969007,True,discovery,False,True,True,False,True,False
XLI,2013-10-11T00:00:00.000Z,37.251894232,0.017490238805732,137.0836851159,127.93997875861552,True,discovery,False,True,True,False,True,False
XLI,2013-10-14T00:00:00.000Z,37.3951707483,0.0083115415085477,137.6311825074,128.066513835399,True,discovery,False,True,True,False,True,False
XLI,2013-10-15T00:00:00.000Z,37.0210598447,-0.0060227251033071,136.6328049112,128.1941270996375,True,discovery,False,True,True,False,True,False
XLI,2013-10-16T00:00:00.000Z,37.2670178643,-0.0118211653263148,138.5409943492,128.321838971499,True,discovery,False,True,True,False,True,False
XLI,2013-10-17T00:00:00.000Z,37.5503869743,-0.0076429538413603,139.4669090555,128.4396995179765,True,discovery,False,True,True,False,True,False
XLI,2013-10-18T00:00:00.000Z,37.9611129876,0.0155664395226193,140.4089266261,128.5635793842635,True,discovery,False,True,True,False,True,False
XLI,2013-10-21T00:00:00.000Z,38.0558346845,0.0213629566336337,140.4169780584,128.68496039119,True,discovery,False,True,True,False,True,False
XLI,2013-10-22T00:00:00.000Z,38.3105484912,0.0244785014905062,141.2301727134,128.811994319218,True,discovery,False,True,True,False,True,False
XLI,2013-10-23T00:00:00.000Z,38.3264681041,0.0295060936481972,140.5538524063,128.937312940928,True,discovery,False,True,True,False,True,False
XLI,2013-10-24T00:00:00.000Z,38.6130211367,0.032567049809643,141.0208354755,129.0634985512445,True,discovery,False,True,True,False,True,False
XLI,2013-10-25T00:00:00.000Z,38.8120162982,0.0445586975164693,141.6649500537,129.1883025857555,True,discovery,False,True,True,False,True,False
XLI,2013-10-28T00:00:00.000Z,38.7562976529,0.0492403835773509,141.8903901561,129.3142734944745,True,discovery,False,True,True,False,True,False
XLI,2013-10-29T00:00:00.000Z,38.8677349434,0.0456102783741108,142.6472247856,129.4444253132975,True,discovery,False,True,True,False,True,False
XLI,2013-10-30T00:00:00.000Z,38.6926192013,0.0458261617915238,141.9386987495,129.5706377649835,True,discovery,False,True,True,False,True,False
XLI,2013-10-31T00:00:00.000Z,38.7005790077,0.0576462910577879,141.5361271381,129.6949167060035,True,discovery,True,True,True,True,True,True
XLI,2013-11-01T00:00:00.000Z,38.9791722338,0.0583531445845504,141.8742872917,129.817117446704,True,discovery,True,True,True,True,True,True
XLI,2013-11-04T00:00:00.000Z,39.1224487501,0.0696409140355955,142.3734760898,129.940504899438,True,discovery,True,True,True,True,True,True
XLI,2013-11-05T00:00:00.000Z,39.0826497178,0.0807836231576939,141.922595885,130.0584640554955,True,discovery,True,True,True,True,True,True
XLI,2013-11-06T00:00:00.000Z,39.1940870082,0.0843426558022466,142.6472247856,130.17909418736,True,discovery,True,True,True,True,True,True
XLI,2013-11-07T00:00:00.000Z,38.7801770723,0.0459424645769592,140.8437039665,130.2905480203465,True,discovery,False,True,True,False,True,False
XLI,2013-11-08T00:00:00.000Z,39.3055242987,0.055128205129926,142.7438419723,130.4081699529265,True,discovery,True,True,True,True,True,True
XLI,2013-11-11T00:00:00.000Z,39.2736850728,0.0502341421876084,142.767996269,130.526626783512,True,discovery,True,True,True,True,True,True
XLI,2013-11-12T00:00:00.000Z,39.2896046858,0.0612771447013225,142.4781447088,130.64129360825248,True,discovery,True,True,True,True,True,True
XLI,2013-11-13T00:00:00.000Z,39.5196430924,0.0604455456109329,143.6214480852,130.764017697919,True,discovery,True,True,True,True,True,True
XLI,2013-11-14T00:00:00.000Z,39.6716753958,0.0564917859022822,144.3380255535,130.89179260166648,True,discovery,True,True,True,True,True,True
XLI,2013-11-15T00:00:00.000Z,39.8069921056,0.0486255268280189,144.9660372673,131.01659781485148,True,discovery,False,True,True,False,True,False
XLI,2013-11-18T00:00:00.000Z,39.8666906541,0.0475841874081284,144.4587970369,131.1456113551465,True,discovery,False,True,True,False,True,False
XLI,2013-11-19T00:00:00.000Z,39.5841175248,0.0332432993981419,144.14479118,131.2670641381125,True,discovery,False,True,True,False,True,False
XLI,2013-11-20T00:00:00.000Z,39.4090017827,0.0282450674990371,143.6939109752,131.385826109402,True,discovery,False,True,True,False,True,False
XLI,2013-11-21T00:00:00.000Z,39.727394041,0.0288600288580069,144.8533172161,131.5111785858095,True,discovery,False,True,True,False,True,False
XLI,2013-11-22T00:00:00.000Z,40.0776255253,0.0326086956517819,145.5779461166,131.636821616284,True,discovery,False,True,True,False,True,False
XLI,2013-11-25T00:00:00.000Z,39.9900676542,0.0318340521674591,145.4330203365,131.761859038945,True,discovery,False,True,True,False,True,False
XLI,2013-11-26T00:00:00.000Z,40.0696657188,0.0309236125323555,145.4732774976,131.88610590502,True,discovery,False,True,True,False,True,False
XLI,2013-11-27T00:00:00.000Z,40.228861848,0.0397037646561901,145.8275405157,132.011608328142,True,discovery,False,True,True,False,True,False
XLI,2013-11-29T00:00:00.000Z,40.1174245576,0.0366104483764468,145.7309233289,132.1360722335905,True,discovery,False,True,True,False,True,False
XLI,2013-12-02T00:00:00.000Z,39.9502686219,0.0249132121707278,145.3525060142,132.2593581789875,True,discovery,False,True,True,False,True,False
XLI,2013-12-03T00:00:00.000Z,39.6079969441,0.0124109867738981,144.7244943004,132.3749812645105,True,discovery,False,True,True,False,True,False
XLI,2013-12-04T00:00:00.000Z,39.448800815,0.0093686354390969,144.708391436,132.4981015115825,True,discovery,False,True,True,False,True,False
XLI,2013-12-05T00:00:00.000Z,39.4647204279,0.0069049553225561,144.0723282899,132.6216914229245,True,discovery,False,True,True,False,True,False
XLI,2013-12-06T00:00:00.000Z,40.0696657188,0.033251231527281,145.6826147356,132.747500733233,True,discovery,False,True,True,False,True,False
XLI,2013-12-09T00:00:00.000Z,40.1731432028,0.0220737140536932,146.0529806181,132.8866275709995,True,discovery,False,True,True,False,True,False
XLI,2013-12-10T00:00:00.000Z,40.0855853317,0.0206728820429,145.5296375232,133.0190909763345,True,discovery,False,True,True,False,True,False
XLI,2013-12-11T00:00:00.000Z,39.4567606214,0.0042544570487983,143.8951967809,133.135883849478,True,discovery,False,True,True,False,True,False
XLI,2013-12-12T00:00:00.000Z,39.4965596537,-0.000584100383853,143.4201622795,133.2514917609845,True,discovery,False,True,True,False,True,False
XLI,2013-12-13T00:00:00.000Z,39.6159567506,-0.0014044943815481,143.404059415,133.36503547338552,True,discovery,False,True,True,False,True,False
XLI,2013-12-16T00:00:00.000Z,39.9900676542,0.0045990801845647,144.2977683923,133.47983416132448,True,discovery,False,True,True,False,True,False
XLI,2013-12-17T00:00:00.000Z,39.9741480413,0.0026954177895612,143.8388367553,133.58690289477352,True,discovery,False,True,True,False,True,False
XLI,2013-12-18T00:00:00.000Z,40.6427717839,0.0267444198657893,146.2945235849,133.70541691476149,True,discovery,False,True,True,False,True,False
XLI,2013-12-19T00:00:00.000Z,40.6825708162,0.0323167036943086,146.1254435081,133.821974670887,True,discovery,False,True,True,False,True,False
XLI,2013-12-20T00:00:00.000Z,41.0078483072,0.0322310158294936,146.9710451779,133.940141971448,True,discovery,False,True,True,False,True,False
XLI,2013-12-23T00:00:00.000Z,41.1678477154,0.0272027640313115,147.7562506957,134.05989455155398,True,discovery,False,True,True,False,True,False
XLI,2013-12-24T00:00:00.000Z,41.3598470051,0.0342529890858072,148.0800467856,134.18265469145751,True,discovery,False,True,True,False,True,False
XLI,2013-12-26T00:00:00.000Z,41.6478459398,0.0393859093328932,148.8328726944,134.3083061396005,True,discovery,False,True,True,False,True,False
XLI,2013-12-27T00:00:00.000Z,41.5998461173,0.0340796186200866,148.8247777922,134.430624196493,True,discovery,False,True,True,False,True,False
XLI,2013-12-30T00:00:00.000Z,41.5598462653,0.0359549927146742,148.8004930855,134.553639218846,True,discovery,False,True,True,False,True,False
XLI,2013-12-31T00:00:00.000Z,41.8078453479,0.0464972274299479,149.5047495809,134.68360265068,True,discovery,False,True,True,False,True,False
XLI,2014-01-02T00:00:00.000Z,41.2238475082,0.0407960686924031,148.0719518833,134.80783670533,True,discovery,False,True,True,False,True,False
XLI,2014-01-03T00:00:00.000Z,41.3358470939,0.0478353268011755,148.0476671766,134.92764550253452,True,discovery,False,True,True,False,True,False
XLI,2014-01-06T00:00:00.000Z,41.0958479817,0.0413312836405361,147.6186373575,135.0506092424055,True,discovery,False,True,True,False,True,False
XLI,2014-01-07T00:00:00.000Z,41.3518470347,0.0319988024082371,148.5252664091,135.1731646885985,True,discovery,False,True,True,False,True,False
XLI,2014-01-08T00:00:00.000Z,41.2798473011,0.0275483571876165,148.5576460181,135.29847230324648,True,discovery,False,True,True,False,True,False
XLI,2014-01-09T00:00:00.000Z,41.4798465612,0.0347821097774367,148.654784845,135.419324173093,True,discovery,False,True,True,False,True,False
XLI,2014-01-10T00:00:00.000Z,41.5438463245,0.0528955157552402,149.0595299573,135.542199768501,True,discovery,True,True,True,True,True,True
XLI,2014-01-13T00:00:00.000Z,41.0398481888,0.0390739990680537,147.0762789071,135.653246293586,True,discovery,False,True,True,False,True,False
XLI,2014-01-14T00:00:00.000Z,41.4718465908,0.046847028127672,148.6790695518,135.7747774913625,True,discovery,False,True,True,False,True,False
XLI,2014-01-15T00:00:00.000Z,41.7678454959,0.0444554847236746,149.4804648741,135.8972471915725,True,discovery,False,True,True,False,True,False
XLI,2014-01-16T00:00:00.000Z,41.6638458806,0.0422697648879035,149.2861872202,136.025081703439,True,discovery,False,True,True,False,True,False
XLI,2014-01-17T00:00:00.000Z,41.45584665,0.0200053990023898,148.654784845,136.1472486336475,True,discovery,False,True,True,False,True,False
XLI,2014-01-21T00:00:00.000Z,41.495846502,0.0199907643367549,149.0919095663,136.2743907094425,True,discovery,False,True,True,False,True,False
XLI,2014-01-22T00:00:00.000Z,41.6238460286,0.015021459228619,149.1890483933,136.3978341964025,True,discovery,False,True,True,False,True,False
XLI,2014-01-23T00:00:00.000Z,41.1278478633,-0.0009716284508368,147.9667181541,136.5130141152105,True,discovery,False,True,True,False,True,False
XLI,2014-01-24T00:00:00.000Z,39.8478525982,-0.0365570599599548,144.8097062782,136.6047577143505,True,discovery,False,True,True,False,True,False
XLI,2014-01-27T00:00:00.000Z,39.8878524502,-0.0422589320020052,144.0973548806,136.6908673401745,True,discovery,False,True,True,False,True,False
XLI,2014-01-28T00:00:00.000Z,40.2638510593,-0.0321153846154348,144.9554145186,136.7828214264345,True,discovery,False,True,True,False,True,False
XLI,2014-01-29T00:00:00.000Z,39.8318526574,-0.0415784408072456,143.5630913323,136.88247881231553,True,discovery,False,True,True,False,True,False
XLI,2014-01-30T00:00:00.000Z,40.2238512073,-0.0378874856481825,145.0849329546,136.980619684402,True,discovery,False,True,True,False,True,False
XLI,2014-01-31T00:00:00.000Z,40.0238519471,-0.0291092567442015,144.2349682187,137.08367630502897,True,discovery,False,True,True,False,True,False
XLI,2014-02-03T00:00:00.000Z,38.9118560605,-0.0586413779762048,140.9889124181,137.17436812711102,True,discovery,False,True,True,False,True,False
XLI,2014-02-04T00:00:00.000Z,39.1598551431,-0.0471092077102799,141.9764904921,137.26465789748698,True,discovery,False,True,True,False,True,False
XLI,2014-02-05T00:00:00.000Z,39.1438552023,-0.0533952408594272,141.7984026427,137.35130755695,True,discovery,False,True,True,False,True,False
XLI,2014-02-06T00:00:00.000Z,39.68785319,-0.0385658914745447,143.6683250615,137.440890927953,True,discovery,False,True,True,False,True,False
XLI,2014-02-07T00:00:00.000Z,40.375850645,-0.0266152362586767,145.4492035556,137.5389801882865,True,discovery,False,True,True,False,True,False
XLI,2014-02-10T00:00:00.000Z,40.119851592,-0.034276911227168,145.7163353297,137.63585468739402,True,discovery,False,True,True,False,True,False
XLI,2014-02-11T00:00:00.000Z,40.5678499348,-0.0115009746583032,147.3110310722,137.74181847400598,True,discovery,False,True,True,False,True,False
XLI,2014-02-12T00:00:00.000Z,40.7998490766,-0.0162037037036367,147.3838851924,137.843922397935,True,discovery,False,True,True,False,True,False
XLI,2014-02-13T00:00:00.000Z,40.8318489582,-0.0224095000971951,148.1448060035,137.9483166139875,True,discovery,False,True,True,False,True,False
XLI,2014-02-14T00:00:00.000Z,41.0958479817,-0.0136328725036034,148.9623911304,138.0623777996345,True,discovery,False,True,True,False,True,False
XLI,2014-02-18T00:00:00.000Z,41.0638481001,-0.0094558085668717,149.1404789798,138.17147142837052,True,discovery,False,True,True,False,True,False
XLI,2014-02-19T00:00:00.000Z,40.6798495205,-0.0196645459795757,148.1529009058,138.2691714158685,True,discovery,False,True,True,False,True,False
XLI,2014-02-20T00:00:00.000Z,41.0638481001,-0.013453776667231,149.0271503483,138.369608787705,True,discovery,False,True,True,False,True,False
XLI,2014-02-21T00:00:00.000Z,41.1118479225,-0.0003890293713685,148.8571574012,138.465928469058,True,discovery,False,True,True,False,True,False
XLI,2014-02-24T00:00:00.000Z,41.4238467684,0.0395502911058045,149.6828374303,138.5634276273205,True,discovery,False,True,True,False,True,False
XLI,2014-02-25T00:00:00.000Z,41.2878472715,0.0350982751715673,149.6261731146,138.6624765784485,True,discovery,False,True,True,False,True,False
XLI,2014-02-26T00:00:00.000Z,41.3278471235,0.0264255910998916,149.6342680168,138.7594539374455,True,discovery,False,True,True,False,True,False
XLI,2014-02-27T00:00:00.000Z,41.5678462357,0.0435830488034678,150.4194735347,138.85983926995002,True,discovery,False,True,True,False,True,False
XLI,2014-02-28T00:00:00.000Z,41.6478459398,0.035401750199433,150.7999339402,138.9553922014155,True,discovery,False,True,True,False,True,False
XLI,2014-03-03T00:00:00.000Z,41.3678469755,0.033579852088609,149.739501746,139.042096293964,True,discovery,False,True,True,False,True,False
XLI,2014-03-04T00:00:00.000Z,41.9678447561,0.0785361842120448,151.8441763299,139.142432083924,True,discovery,True,True,True,True,True,True
XLI,2014-03-05T00:00:00.000Z,42.0238445489,0.0731358529119747,151.9817896681,139.237079890335,True,discovery,True,True,True,True,True,True
XLI,2014-03-06T00:00:00.000Z,42.2638436611,0.079705702023358,152.3298704647,139.333507951043,True,discovery,True,True,True,True,True,True
XLI,2014-03-07T00:00:00.000Z,42.3998431581,0.0683329973812574,152.3946296827,139.429303400305,True,discovery,True,True,True,True,True,True
XLI,2014-03-10T00:00:00.000Z,42.2158438387,0.045571626710182,152.3136806602,139.5296355433905,True,discovery,False,True,True,False,True,False
XLI,2014-03-11T00:00:00.000Z,41.9118449632,0.0446660019938189,151.5608547513,139.6281163720035,True,discovery,False,True,True,False,True,False
XLI,2014-03-12T00:00:00.000Z,41.8318452591,0.0311575626100832,151.6013292626,139.727357477569,True,discovery,False,True,True,False,True,False
XLI,2014-03-13T00:00:00.000Z,41.239847449,0.01078431372562,149.9013997909,139.81415375468998,True,discovery,False,True,True,False,True,False
XLI,2014-03-14T00:00:00.000Z,41.0798480409,0.0060736677135018,149.4804648741,139.903149191139,True,discovery,False,True,True,False,True,False
XLI,2014-03-17T00:00:00.000Z,41.5838461765,0.0118746350000444,150.8323135492,139.9964730018095,True,discovery,False,True,True,False,True,False
XLI,2014-03-18T00:00:00.000Z,41.8078453479,0.0181180596125911,151.9089355479,140.104664297206,True,discovery,False,True,True,False,True,False
XLI,2014-03-19T00:00:00.000Z,41.3758469459,0.0171091445421709,151.0994453233,140.20522161321952,True,discovery,False,True,True,False,True,False
XLI,2014-03-20T00:00:00.000Z,41.495846502,0.0105201636448422,151.9817896681,140.313338825763,True,discovery,False,True,True,False,True,False
XLI,2014-03-21T00:00:00.000Z,41.4994384888,0.0094277096721766,151.3945935541,140.4276457796425,True,discovery,False,True,True,False,True,False
XLI,2014-03-24T00:00:00.000Z,41.3628478877,-0.0014725547108418,150.768525686,140.5330042483375,True,discovery,False,True,True,False,True,False
XLI,2014-03-25T00:00:00.000Z,41.7404807259,0.0109628736858955,151.484031821,140.633691232709,True,discovery,False,True,True,False,True,False
XLI,2014-03-26T00:00:00.000Z,41.3146394403,-0.0003195831411332,150.3945111155,140.728930613553,True,discovery,False,True,True,False,True,False
XLI,2014-03-27T00:00:00.000Z,41.2583962517,-0.0074444555593605,150.0774118057,140.8293590512285,True,discovery,False,True,True,False,True,False
XLI,2014-03-28T00:00:00.000Z,41.5637164187,-0.0020200209446992,150.8173101952,140.9388667732415,True,discovery,False,True,True,False,True,False
XLI,2014-03-31T00:00:00.000Z,42.0458008929,0.0163884264463052,152.0531844283,141.044750689176,True,discovery,False,True,True,False,True,False
XLI,2014-04-01T00:00:00.000Z,42.3430863186,0.0089411682844509,153.0613976185,141.1597802534035,True,discovery,False,True,True,False,True,False
XLI,2014-04-02T00:00:00.000Z,42.6403717444,0.0146708898749754,153.5736349651,141.27234986479948,True,discovery,False,True,True,False,True,False
XLI,2014-04-03T00:00:00.000Z,42.7046496743,0.0104298609642483,153.3703661768,141.37872259143398,True,discovery,False,True,True,False,True,False
XLI,2014-04-04T00:00:00.000Z,42.2145304588,-0.0043705986979482,151.5572085848,141.485155252015,True,discovery,False,True,True,False,True,False
XLI,2014-04-07T00:00:00.000Z,41.6119248661,-0.014305505177333,149.8822737689,141.5993526156865,True,discovery,False,True,True,False,True,False
XLI,2014-04-08T00:00:00.000Z,41.6119248661,-0.0071559745786266,150.5002108854,141.714610805754,True,discovery,False,True,True,False,True,False
XLI,2014-04-09T00:00:00.000Z,42.1422177877,0.0074195275555644,152.1182304406,141.8460112603,True,discovery,False,True,True,False,True,False
XLI,2014-04-10T00:00:00.000Z,41.3066046991,0.0016187559903695,148.9228450879,141.955385647923,True,discovery,False,True,True,False,True,False
XLI,2014-04-11T00:00:00.000Z,40.896832896,-0.0044551076410455,147.5812710849,142.0517626621865,True,discovery,False,True,True,False,True,False
XLI,2014-04-14T00:00:00.000Z,41.1298403919,-0.0109178401313098,148.7439685542,142.150187473896,True,discovery,False,True,True,False,True,False
XLI,2014-04-15T00:00:00.000Z,41.4190910764,-0.0092985961908588,149.7684432474,142.256378654108,True,discovery,False,True,True,False,True,False
XLI,2014-04-16T00:00:00.000Z,42.0538356341,0.0163860981283714,151.3376782934,142.366650319649,True,discovery,False,True,True,False,True,False
XLI,2014-04-17T00:00:00.000Z,42.3832600248,0.0213855987431712,151.5490778332,142.478579890852,True,discovery,False,True,True,False,True,False
XLI,2014-04-21T00:00:00.000Z,42.5037811434,0.0242013552754707,152.0775766829,142.5928715325875,True,discovery,False,True,True,False,True,False
XLI,2014-04-22T00:00:00.000Z,42.5278853671,0.0281662781673803,152.7686905633,142.703648211356,True,discovery,False,True,True,False,True,False
XLI,2014-04-23T00:00:00.000Z,42.6885801918,0.0227141482180319,152.4109374958,142.808910495417,True,discovery,False,True,True,False,True,False
XLI,2014-04-24T00:00:00.000Z,42.6082327795,0.0313107740192009,152.7199060541,142.91099047962848,True,discovery,False,True,True,False,True,False
XLI,2014-04-25T00:00:00.000Z,42.1904262351,0.0225900681576201,151.4677703179,143.0065694219735,True,discovery,False,True,True,False,True,False
XLI,2014-04-28T00:00:00.000Z,42.2145304588,0.0156582253989008,151.9474846584,143.095533316578,True,discovery,False,True,True,False,True,False
XLI,2014-04-29T00:00:00.000Z,42.3270168362,0.0066883240972464,152.6548600418,143.1877536643835,True,discovery,False,True,True,False,True,False
XLI,2014-04-30T00:00:00.000Z,42.6082327795,0.0062618595844661,153.1101821277,143.2796867486435,True,discovery,False,True,True,False,True,False
XLI,2014-05-01T00:00:00.000Z,42.5037811434,-0.0032033163739464,153.1264436307,143.3742249538625,True,discovery,False,True,True,False,True,False
XLI,2014-05-02T00:00:00.000Z,42.4395032135,-0.0062088428970199,152.9069133393,143.465942904798,True,discovery,False,True,True,False,True,False
XLI,2014-05-05T00:00:00.000Z,42.5278853671,0.0074229158750402,153.1996203945,143.55543882217052,True,discovery,False,True,True,False,True,False
XLI,2014-05-06T00:00:00.000Z,42.2064957176,0.0142884726773209,151.8661771431,143.63706570736,True,discovery,False,True,True,False,True,False
XLI,2014-05-07T00:00:00.000Z,42.5680590733,0.0229774087662772,152.7605598117,143.7218425083745,True,discovery,False,True,True,False,True,False
XLI,2014-05-08T00:00:00.000Z,42.560024332,0.0099142040033295,152.5979447811,143.8072484133465,True,discovery,False,True,True,False,True,False
XLI,2014-05-09T00:00:00.000Z,42.592163297,0.0311223497371597,152.825605824,143.8962763764465,True,discovery,False,True,True,False,True,False
XLI,2014-05-12T00:00:00.000Z,43.2269078547,0.056974459724677,154.3135333546,143.991101495434,True,discovery,True,True,True,True,True,True
XLI,2014-05-13T00:00:00.000Z,43.2992205258,0.0527446766928674,154.4517561307,144.0858966387465,True,discovery,True,True,True,True,True,True
XLI,2014-05-14T00:00:00.000Z,42.9778308764,0.037633365665239,153.7199884927,144.179116091474,True,discovery,False,True,True,False,True,False
XLI,2014-05-15T00:00:00.000Z,42.6001980382,0.0129919755442466,152.3702837381,144.2655870204285,True,discovery,False,True,True,False,True,False
XLI,2014-05-16T00:00:00.000Z,42.6564412269,0.0064454976313796,152.8987825878,144.354219717261,True,discovery,False,True,True,False,True,False
XLI,2014-05-19T00:00:00.000Z,42.8251707929,0.0075614366734972,153.4598044436,144.437845719855,True,discovery,False,True,True,False,True,False
XLI,2014-05-20T00:00:00.000Z,42.254704165,-0.0064235783120157,152.4922450111,144.515472169892,True,discovery,False,True,True,False,True,False
XLI,2014-05-21T00:00:00.000Z,42.6725107094,-0.0003764351573136,153.7769037534,144.600523426912,True,discovery,False,True,True,False,True,False
XLI,2014-05-22T00:00:00.000Z,42.7528581217,0.0033943051087907,154.150918324,144.691330628278,True,discovery,False,True,True,False,True,False
XLI,2014-05-23T00:00:00.000Z,43.0260393238,0.0198057512868836,154.7688554405,144.7874308444235,True,discovery,False,True,True,False,True,False
XLI,2014-05-27T00:00:00.000Z,43.2510120784,0.0245527217366914,155.7201533699,144.885803797303,True,discovery,False,True,True,False,True,False
XLI,2014-05-28T00:00:00.000Z,43.2831510434,0.0225892179196116,155.6063228485,144.9855705635875,True,discovery,False,True,True,False,True,False
XLI,2014-05-29T00:00:00.000Z,43.4599153506,0.0199886856492619,156.4112672503,145.090163262498,True,discovery,False,True,True,False,True,False
XLI,2014-05-30T00:00:00.000Z,43.4277763856,0.0217391304336573,156.6633205478,145.1940132013535,True,discovery,False,True,True,False,True,False
XLI,2014-06-02T00:00:00.000Z,43.6125754341,0.0276410450588604,156.8421970816,145.30224278906252,True,discovery,False,True,True,False,True,False
XLI,2014-06-03T00:00:00.000Z,43.5643669866,0.0243718118254201,156.7608895662,145.419520124477,True,discovery,False,True,True,False,True,False
XLI,2014-06-04T00:00:00.000Z,43.5563322454,0.0319817247286209,157.077988876,145.5405862856375,True,discovery,False,True,True,False,True,False
XLI,2014-06-05T00:00:00.000Z,43.9982430134,0.0335975839921969,158.1024635693,145.6710212365355,True,discovery,False,True,True,False,True,False
XLI,2014-06-06T00:00:00.000Z,44.4401537815,0.04417594865157,158.8586234619,145.80199208389698,True,discovery,False,True,True,False,True,False
XLI,2014-06-09T00:00:00.000Z,44.6651265361,0.0486700622517102,159.0212384925,145.937862180559,True,discovery,False,True,True,False,True,False
XLI,2014-06-10T00:00:00.000Z,44.5606749,0.0308550185866458,159.0374999956,146.067804505108,True,discovery,False,True,True,False,True,False
XLI,2014-06-11T00:00:00.000Z,44.2312505093,0.0215253293750321,158.4846088913,146.1927389844075,True,discovery,False,True,True,False,True,False
XLI,2014-06-12T00:00:00.000Z,43.6366796578,0.0153299682176792,157.3625651797,146.314546998062,True,discovery,False,True,True,False,True,False
XLI,2014-06-13T00:00:00.000Z,43.7893397413,0.0279139947197823,157.8422795202,146.449449745158,True,discovery,False,True,True,False,True,False
XLI,2014-06-16T00:00:00.000Z,43.7411312939,0.0254285176119186,157.9723715447,146.58267944158698,True,discovery,False,True,True,False,True,False
XLI,2014-06-17T00:00:00.000Z,43.8616524124,0.0242026266401214,158.4114321275,146.7170628671275,True,discovery,False,True,True,False,True,False
XLI,2014-06-18T00:00:00.000Z,44.1107293908,0.043924700515058,159.5741295968,146.85934292761948,True,discovery,False,True,True,False,True,False
XLI,2014-06-19T00:00:00.000Z,44.0223472372,0.0316324609299976,159.7530061306,146.99955289149702,True,discovery,False,True,True,False,True,False
XLI,2014-06-20T00:00:00.000Z,44.4077336006,0.0387079496343669,160.0755449131,147.13592731709002,True,discovery,False,True,True,False,True,False
XLI,2014-06-23T00:00:00.000Z,44.1494552518,0.0261101404092887,160.0265271899,147.27121538291902,True,discovery,False,True,True,False,True,False
XLI,2014-06-24T00:00:00.000Z,43.7055393397,0.0105090549205204,159.0625119659,147.401362888381,True,discovery,False,True,True,False,True,False
XLI,2014-06-25T00:00:00.000Z,43.7458953317,0.0106910951985914,159.7814385736,147.528735402475,True,discovery,False,True,True,False,True,False
XLI,2014-06-26T00:00:00.000Z,43.7136105381,0.0058374524076585,159.667063886,147.650568537305,True,discovery,False,True,True,False,True,False
XLI,2014-06-27T00:00:00.000Z,43.8185361173,0.0089979217040818,159.9775094666,147.7718306919025,True,discovery,False,True,True,False,True,False
XLI,2014-06-30T00:00:00.000Z,43.6328985541,0.0004659922005916,159.8958132612,147.8944870893615,True,discovery,False,True,True,False,True,False
XLI,2014-07-01T00:00:00.000Z,43.8992481013,0.0076870419075067,160.9660335523,148.0209722881035,True,discovery,False,True,True,False,True,False
XLI,2014-07-02T00:00:00.000Z,43.8266073157,0.0062051843295081,161.1294259632,148.144348516876,True,discovery,False,True,True,False,True,False
XLI,2014-07-03T00:00:00.000Z,44.1898112438,0.0043539972798836,161.9218791558,148.268642411266,True,discovery,False,True,True,False,True,False
XLI,2014-07-07T00:00:00.000Z,43.8750345061,-0.0127164113377855,161.3581753383,148.3821858014585,True,discovery,False,True,True,False,True,False
XLI,2014-07-08T00:00:00.000Z,43.5764001653,-0.0243753114618414,160.3206335294,148.4917032380015,True,discovery,False,True,True,False,True,False
XLI,2014-07-09T00:00:00.000Z,43.6490409509,-0.0204582617104841,161.0395601372,148.6096307836955,True,discovery,False,True,True,False,True,False
XLI,2014-07-10T00:00:00.000Z,43.3907626021,-0.0190021285295399,160.4023297349,148.72755249310802,True,discovery,False,True,True,False,True,False
XLI,2014-07-11T00:00:00.000Z,43.6409697525,9.831395820314448e-05,160.6229094895,148.848187387739,True,discovery,False,True,True,False,True,False
XLI,2014-07-14T00:00:00.000Z,43.8911769029,0.0023256153712669,161.4317019232,148.9748388454345,True,discovery,False,True,True,False,True,False
XLI,2014-07-15T00:00:00.000Z,43.9153904981,0.0039838751089711,161.1294259632,149.09736220785598,True,discovery,False,True,True,False,True,False
XLI,2014-07-16T00:00:00.000Z,44.1010280614,0.0054575155251637,161.7258082628,149.2260075403445,True,discovery,False,True,True,False,True,False
XLI,2014-07-17T00:00:00.000Z,43.7781801253,-0.0075389654647008,159.8876436407,149.34908519422498,True,discovery,False,True,True,False,True,False
XLI,2014-07-18T00:00:00.000Z,43.7781801253,-0.0055464355542967,161.5215677492,149.474978266216,True,discovery,False,True,True,False,True,False
XLI,2014-07-21T00:00:00.000Z,43.7539665301,-0.0147219193030639,161.2192917891,149.600004072985,True,discovery,False,True,True,False,True,False
XLI,2014-07-22T00:00:00.000Z,43.9153904981,-0.005301645340017,161.9218791558,149.7348229337255,True,discovery,False,True,True,False,True,False
XLI,2014-07-23T00:00:00.000Z,43.6893969429,-0.0003693444136346,162.2813424597,149.86632645152048,True,discovery,False,True,True,False,True,False
XLI,2014-07-24T00:00:00.000Z,43.5279729749,-0.0049815498150767,162.2895120802,150.00374836294452,True,discovery,False,True,True,False,True,False
XLI,2014-07-25T00:00:00.000Z,43.4149761973,-0.0068316100437348,161.5297373697,150.14522154723852,True,discovery,False,True,True,False,True,False
XLI,2014-07-28T00:00:00.000Z,43.1970538405,-0.0141830908074228,161.5950943341,150.286538430421,True,discovery,False,True,True,False,True,False
XLI,2014-07-29T00:00:00.000Z,42.6562835476,-0.0223825379212226,160.900676588,150.4100114183455,True,discovery,False,True,True,False,True,False
XLI,2014-07-30T00:00:00.000Z,42.6966395396,-0.0273947416804251,160.9251854496,150.529218920014,True,discovery,False,True,True,False,True,False
XLI,2014-07-31T00:00:00.000Z,41.8330213108,-0.0454880294643715,157.7472030585,150.6297990227695,True,discovery,False,True,True,False,True,False
XLI,2014-08-01T00:00:00.000Z,41.7926653188,-0.0542465753423269,157.2651954465,150.732960975446,True,discovery,False,True,True,False,True,False
XLI,2014-08-04T00:00:00.000Z,41.93794689,-0.0441501103738319,158.4007727019,150.8322598672095,True,discovery,False,True,True,False,True,False
XLI,2014-08-05T00:00:00.000Z,41.6877397396,-0.0433413595096353,156.8648840399,150.9192497421315,True,discovery,False,True,True,False,True,False
XLI,2014-08-06T00:00:00.000Z,41.4778885811,-0.0497411242607207,156.9139017631,151.0017746178165,True,discovery,False,True,True,False,True,False
XLI,2014-08-07T00:00:00.000Z,41.5182445731,-0.0431547619056912,156.0642612267,151.08001103365802,True,discovery,False,True,True,False,True,False
XLI,2014-08-08T00:00:00.000Z,42.1074420564,-0.0351396338073388,157.8697473666,151.163208906924,True,discovery,False,True,True,False,True,False
XLI,2014-08-11T00:00:00.000Z,42.2769372228,-0.0367782272886225,158.327246117,151.2520758754775,True,discovery,False,True,True,False,True,False
XLI,2014-08-12T00:00:00.000Z,42.180082842,-0.0395147950733828,158.1066663624,151.337505029912,True,discovery,False,True,True,False,True,False
XLI,2014-08-13T00:00:00.000Z,42.5917139604,-0.0342240117146168,159.1768866535,151.425064712911,True,discovery,False,True,True,False,True,False
XLI,2014-08-14T00:00:00.000Z,42.7773515236,-0.0228613569325054,159.9284917434,151.5152552208475,True,discovery,False,True,True,False,True,False
XLI,2014-08-15T00:00:00.000Z,42.6885683412,-0.0248893805311539,159.8958132612,151.60149816322553,True,discovery,False,True,True,False,True,False
XLI,2014-08-18T00:00:00.000Z,43.3342642133,-0.0095923261382775,161.2356310302,151.697982824629,True,discovery,False,True,True,False,True,False
XLI,2014-08-19T00:00:00.000Z,43.4391897925,-0.0108435949264894,162.0771019461,151.80068769866898,True,discovery,False,True,True,False,True,False
XLI,2014-08-20T00:00:00.000Z,43.8992481013,0.0048032514313318,162.5100918349,151.903866721385,True,discovery,False,True,True,False,True,False
XLI,2014-08-21T00:00:00.000Z,43.8588921093,0.0076024476166354,162.9839298263,152.0069189900675,True,discovery,False,True,True,False,True,False
XLI,2014-08-22T00:00:00.000Z,43.7055393397,0.0066926938086879,162.7306715895,152.11095936859,True,discovery,False,True,True,False,True,False
XLI,2014-08-25T00:00:00.000Z,43.8750345061,0.0156950672632296,163.5558032643,152.2155022609835,True,discovery,False,True,True,False,True,False
XLI,2014-08-26T00:00:00.000Z,43.7297529349,0.0251655629141278,163.6620083314,152.329593782808,True,discovery,False,True,True,False,True,False
XLI,2014-08-27T00:00:00.000Z,43.7055393397,0.0236294896033744,163.596651367,152.4338578297815,True,discovery,False,True,True,False,True,False
XLI,2014-08-28T00:00:00.000Z,43.6409697525,0.0432182133885998,163.5067855411,152.537551776142,True,discovery,False,True,True,False,True,False
XLI,2014-08-29T00:00:00.000Z,43.6006137605,0.0432599459237341,163.972453912,152.645023322158,True,discovery,False,True,True,False,True,False
XLI,2014-09-02T00:00:00.000Z,43.7458953317,0.0431100846792074,163.8907577066,152.746369870265,True,discovery,False,True,True,False,True,False
XLI,2014-09-03T00:00:00.000Z,43.6893969429,0.0480154888656287,163.8008918806,152.84368420190052,True,discovery,False,True,True,False,True,False
XLI,2014-09-04T00:00:00.000Z,43.7055393397,0.0537069468771143,163.5639728849,152.9366738799885,True,discovery,True,True,True,True,True,True
XLI,2014-09-05T00:00:00.000Z,43.8508209109,0.0561819595646222,164.2992387337,153.0358760884725,True,discovery,True,True,True,True,True,True
XLI,2014-09-08T00:00:00.000Z,43.8104649189,0.0404447000180852,163.8744184655,153.1345242249,True,discovery,False,True,True,False,True,False
XLI,2014-09-09T00:00:00.000Z,43.6732545461,0.0330278732336115,162.8368766566,153.230239053307,True,discovery,False,True,True,False,True,False
XLI,2014-09-10T00:00:00.000Z,43.7055393397,0.0361653272093875,163.4495981973,153.323220458213,True,discovery,False,True,True,False,True,False
XLI,2014-09-11T00:00:00.000Z,43.7216817365,0.0265302255070223,163.6374994698,153.413518224979,True,discovery,False,True,True,False,True,False
XLI,2014-09-12T00:00:00.000Z,43.5764001653,0.0186792452837847,162.6816538663,153.49976139262802,True,discovery,False,True,True,False,True,False
XLI,2014-09-15T00:00:00.000Z,43.5602577685,0.0204197390817322,162.5591095581,153.5851905529305,True,discovery,False,True,True,False,True,False
XLI,2014-09-16T00:00:00.000Z,43.8023937205,0.0108027565645458,163.7845526395,153.6749756135495,True,discovery,False,True,True,False,True,False
XLI,2014-09-17T00:00:00.000Z,43.9718888869,0.0122630992185763,164.0051323942,153.766346658876,True,discovery,False,True,True,False,True,False
XLI,2014-09-18T00:00:00.000Z,44.1817400454,0.0064350064367419,164.8792817922,153.863980537766,True,discovery,False,True,True,False,True,False
XLI,2014-09-19T00:00:00.000Z,44.1392209722,0.0063916083926924,164.7315668832,153.96401590068,True,discovery,False,True,True,False,True,False
XLI,2014-09-22T00:00:00.000Z,43.6445502981,-0.0013954533572041,163.459349999,154.05777069349497,True,discovery,False,True,True,False,True,False
XLI,2014-09-23T00:00:00.000Z,43.2877386643,-0.0133856496846366,162.5236550002,154.1500273270465,True,discovery,False,True,True,False,True,False
XLI,2014-09-24T00:00:00.000Z,43.514800613,-0.004915470760148,163.7958718845,154.240593612791,True,discovery,False,True,True,False,True,False
XLI,2014-09-25T00:00:00.000Z,42.8336147667,-0.019949978565028,161.1529439056,154.3160934292285,True,discovery,False,True,True,False,True,False
XLI,2014-09-26T00:00:00.000Z,43.2309731771,-0.0093947631715153,162.4333686407,154.400612084816,True,discovery,False,True,True,False,True,False
XLI,2014-09-29T00:00:00.000Z,43.1660983346,-0.0099658098458617,162.1378860095,154.491825530959,True,discovery,False,True,True,False,True,False
XLI,2014-09-30T00:00:00.000Z,43.101223492,-0.0147367389514334,161.7110777645,154.58328010838397,True,discovery,False,True,True,False,True,False
XLI,2014-10-01T00:00:00.000Z,42.2902879607,-0.0320239939230236,159.5195815832,154.663857719225,True,discovery,False,True,True,False,True,False
XLI,2014-10-02T00:00:00.000Z,42.2416318288,-0.033494781966236,159.5442051358,154.74008990294251,True,discovery,False,True,True,False,True,False
XLI,2014-10-03T00:00:00.000Z,42.8173960561,-0.0235668302971978,161.3006852212,154.82739914527198,True,discovery,False,True,True,False,True,False
XLI,2014-10-06T00:00:00.000Z,42.687646371,-0.0256290032524995,161.1119046512,154.9014860506035,True,discovery,False,True,True,False,True,False
XLI,2014-10-07T00:00:00.000Z,41.6496488909,-0.0463351237784201,158.6249258388,154.963983462257,True,discovery,False,True,True,False,True,False
XLI,2014-10-08T00:00:00.000Z,42.3957095798,-0.0299694221759716,161.3991794316,155.0361241335255,True,discovery,False,True,True,False,True,False
XLI,2014-10-09T00:00:00.000Z,41.4144775868,-0.0527702516935411,158.1981175938,155.088333468016,True,discovery,False,True,True,False,True,False
XLI,2014-10-10T00:00:00.000Z,40.8062759383,-0.0635693682014114,156.3923904032,155.129895186104,True,discovery,False,True,True,False,True,False
XLI,2014-10-13T00:00:00.000Z,40.1737462238,-0.0777431474969119,153.8233330821,155.1548474880425,True,discovery,False,False,True,False,False,False
XLI,2014-10-14T00:00:00.000Z,40.7332917405,-0.0700669922192773,154.0613607572,155.18103040286752,True,discovery,False,False,True,False,False,False
XLI,2014-10-15T00:00:00.000Z,40.6359794767,-0.0758645920074136,153.0189636972,155.202122755926,True,discovery,False,False,True,False,False,False
XLI,2014-10-16T00:00:00.000Z,40.9360256233,-0.0734628020255605,152.8876380834,155.2190371984385,True,discovery,False,False,True,False,False,False
XLI,2014-10-17T00:00:00.000Z,41.7469611547,-0.0541980525439428,154.6933652739,155.2521442653915,True,discovery,False,False,True,False,False,False
XLI,2014-10-20T00:00:00.000Z,41.8686014844,-0.0406911928653166,156.1954019824,155.2928829394205,True,discovery,False,True,True,False,True,False
XLI,2014-10-21T00:00:00.000Z,42.8011773454,-0.011240164857613,159.289761759,155.351238561428,True,discovery,False,True,True,False,True,False
XLI,2014-10-22T00:00:00.000Z,42.2416318288,-0.029258292954688,158.1570783394,155.3993976210795,True,discovery,False,True,True,False,True,False
XLI,2014-10-23T00:00:00.000Z,43.1742076899,0.0079515335106572,159.9956369335,155.4565875756565,True,discovery,False,True,True,False,True,False
XLI,2014-10-24T00:00:00.000Z,43.5553473896,0.0075032826851058,161.2268145634,155.5194477242485,True,discovery,False,True,True,False,True,False
XLI,2014-10-27T00:00:00.000Z,43.539128679,0.0086417433771399,161.00520259,155.579176087412,True,discovery,False,True,True,False,True,False
XLI,2014-10-28T00:00:00.000Z,44.3095174338,0.0280338664173713,162.8519690349,155.658054538051,True,discovery,False,True,True,False,True,False
XLI,2014-10-29T00:00:00.000Z,44.1554396828,0.0441035474583022,162.6057335089,155.7276878578365,True,discovery,False,True,True,False,True,False
XLI,2014-10-30T00:00:00.000Z,44.3338454997,0.0495296602029835,163.6481305689,155.7985261863105,True,discovery,False,True,True,False,True,False
XLI,2014-10-31T00:00:00.000Z,44.7717506867,0.0456439393941512,165.5195205664,155.87969285304152,True,discovery,False,True,True,False,True,False
XLI,2014-11-03T00:00:00.000Z,44.7149851995,0.0474924012179147,165.6098069259,155.964467963446,True,discovery,False,True,True,False,True,False
XLI,2014-11-04T00:00:00.000Z,44.6906571335,0.0730140186911496,165.0352573653,156.044184702441,True,discovery,True,True,True,True,True,True
XLI,2014-11-05T00:00:00.000Z,44.9663752142,0.0606350420804095,166.0776544253,156.128627732601,True,discovery,True,True,True,True,True,True
XLI,2014-11-06T00:00:00.000Z,45.4367178224,0.0971215978076711,166.7424903454,156.2225065935575,True,discovery,True,True,True,True,True,True
XLI,2014-11-07T00:00:00.000Z,45.5015926649,0.1150635930046501,166.8984395119,156.332950259726,True,discovery,True,True,True,True,True,True
XLI,2014-11-10T00:00:00.000Z,45.7286546137,0.1382721033521421,167.4237419673,156.4495821951595,True,discovery,True,True,True,True,True,True
XLI,2014-11-11T00:00:00.000Z,45.6718891265,0.1212422854863379,167.5878989846,156.5627446174895,True,discovery,True,True,True,True,True,True
XLI,2014-11-12T00:00:00.000Z,45.736763969,0.1255238475357707,167.4073262656,156.68196579215598,True,discovery,True,True,True,True,True,True
XLI,2014-11-13T00:00:00.000Z,45.607014284,0.1141045958804893,167.5961068355,156.7945216615605,True,discovery,True,True,True,True,True,True
XLI,2014-11-14T00:00:00.000Z,45.6637797712,0.0938228438229455,167.6371460898,156.911532550916,True,discovery,True,True,True,True,True,True
XLI,2014-11-17T00:00:00.000Z,45.5989049286,0.0890954871179512,167.7438481511,157.045307229581,True,discovery,True,True,True,True,True,True
XLI,2014-11-18T00:00:00.000Z,45.9394978518,0.0733232284961264,168.7123745533,157.17898664988698,True,discovery,True,True,True,True,True,True
XLI,2014-11-19T00:00:00.000Z,45.8016388115,0.0842772125169846,168.4415154747,157.312202214047,True,discovery,True,True,True,True,True,True
XLI,2014-11-20T00:00:00.000Z,45.9232791412,0.0636739293757346,168.7369981059,157.437545579269,True,discovery,True,True,True,True,True,True
XLI,2014-11-21T00:00:00.000Z,46.3692936834,0.0646062185804516,169.6398617012,157.558498869997,True,discovery,True,True,True,True,True,True
XLI,2014-11-24T00:00:00.000Z,46.4909340131,0.0677966101678955,170.1159170514,157.68049677860552,True,discovery,True,True,True,True,True,True
XLI,2014-11-25T00:00:00.000Z,46.6287930535,0.0523426061492335,169.9927992884,157.7939056196865,True,discovery,True,True,True,True,True,True
XLI,2014-11-26T00:00:00.000Z,46.539590145,0.0539944903578595,170.4278153843,157.909125270646,True,discovery,True,True,True,True,True,True
XLI,2014-11-28T00:00:00.000Z,46.15034109,0.0409731113966256,170.0666699462,158.0187345903595,True,discovery,False,True,True,False,True,False
XLI,2014-12-01T00:00:00.000Z,45.5583581521,0.0175692809268159,168.8847394215,158.118346331815,True,discovery,False,True,True,False,True,False
XLI,2014-12-02T00:00:00.000Z,45.9476072071,0.0275661951379508,169.9763835867,158.2225258548495,True,discovery,False,True,True,False,True,False
XLI,2014-12-03T00:00:00.000Z,46.5598635333,0.0418254400291386,170.633011656,158.3349264086005,True,discovery,False,True,True,False,True,False
XLI,2014-12-04T00:00:00.000Z,46.3287469069,0.0302975653743551,170.444231086,158.442011812289,True,discovery,False,True,True,False,True,False
XLI,2014-12-05T00:00:00.000Z,46.434168526,0.0219525254332579,170.7232980155,158.5513425153605,True,discovery,False,True,True,False,True,False
XLI,2014-12-08T00:00:00.000Z,45.9232791412,0.0092675102475101,169.5824067451,158.65084036193448,True,discovery,False,True,True,False,True,False
XLI,2014-12-09T00:00:00.000Z,45.9313884965,0.0044334101782048,169.467496833,158.75004698052652,True,discovery,False,True,True,False,True,False
XLI,2014-12-10T00:00:00.000Z,45.0555781226,-0.013494318183182,166.7506981963,158.835629131424,True,discovery,False,True,True,False,True,False
XLI,2014-12-11T00:00:00.000Z,45.2704760384,-0.0101950354624137,167.5961068355,158.921512297928,True,discovery,False,True,True,False,True,False
XLI,2014-12-12T00:00:00.000Z,44.4554858294,-0.0252489331450049,164.8875160497,158.9919502084755,True,discovery,False,True,True,False,True,False
XLI,2014-12-15T00:00:00.000Z,44.3095174338,-0.0296572544845296,163.7548326301,159.062026862896,True,discovery,False,True,True,False,True,False
XLI,2014-12-16T00:00:00.000Z,44.3500642103,-0.0273875155610747,162.4415764916,159.1150138637045,True,discovery,False,True,True,False,True,False
XLI,2014-12-17T00:00:00.000Z,44.7636413313,-0.025595763460308,165.6262226276,159.18323602850202,True,discovery,False,True,True,False,True,False
XLI,2014-12-18T00:00:00.000Z,45.8908417199,0.0019475920668936,169.721939389,159.2701963731235,True,discovery,False,True,True,False,True,False
XLI,2014-12-19T00:00:00.000Z,46.1467567549,0.004866325268561,170.4400614978,159.360423532199,True,discovery,False,True,True,False,True,False
XLI,2014-12-22T00:00:00.000Z,46.5871039655,0.0046972956626676,171.224092383,159.45497559081298,True,discovery,False,True,True,False,True,False
XLI,2014-12-23T00:00:00.000Z,46.758350103,0.0057520051075903,171.4551751703,159.554447192908,True,discovery,False,True,True,False,True,False
XLI,2014-12-24T00:00:00.000Z,46.8072775708,0.0038277747634432,171.4716810837,159.6537989520135,True,discovery,False,True,True,False,True,False
XLI,2014-12-26T00:00:00.000Z,46.8072775708,0.0057518217278231,172.0246291817,159.7644150989675,True,discovery,False,True,True,False,True,False
XLI,2014-12-29T00:00:00.000Z,46.8806687726,0.0158249682526887,172.2557119689,159.87829133444149,True,discovery,False,True,True,False,True,False
XLI,2014-12-30T00:00:00.000Z,46.6034131215,0.022938819829964,171.33138082,159.9807866707955,True,discovery,False,True,True,False,True,False
XLI,2014-12-31T00:00:00.000Z,46.138602177,0.0041567990480795,169.6312717425,160.06939835176848,True,discovery,False,True,True,False,True,False
XLI,2015-01-02T00:00:00.000Z,46.0815201311,-0.0102737286130121,169.5404892189,160.16160357124647,True,discovery,False,True,True,False,True,False
XLI,2015-01-05T00:00:00.000Z,45.0051158386,-0.0285704051301,166.4786422881,160.2340878343465,True,discovery,False,True,True,False,True,False
XLI,2015-01-06T00:00:00.000Z,44.4506045363,-0.0427177669519233,164.9105805176,160.301667769164,True,discovery,False,True,True,False,True,False
XLI,2015-01-07T00:00:00.000Z,44.7849422333,-0.0247877967163442,166.9655667326,160.38265297439702,True,discovery,False,True,True,False,True,False
XLI,2015-01-08T00:00:00.000Z,45.6819458104,-0.0054307673742326,169.9283781832,160.474874706208,True,discovery,False,True,True,False,True,False
XLI,2015-01-09T00:00:00.000Z,45.192671132,0.0030427533085239,168.5666403299,160.56573535228,True,discovery,False,True,True,False,True,False
XLI,2015-01-12T00:00:00.000Z,44.882797169,-0.0085636137130776,167.24616726,160.6515791295515,True,discovery,False,True,True,False,True,False
XLI,2015-01-13T00:00:00.000Z,44.7930968112,0.0075943604147215,166.7757487288,160.7313713222195,True,discovery,False,True,True,False,True,False
XLI,2015-01-14T00:00:00.000Z,44.548459472,0.0053925669255365,165.768888013,160.799949840143,True,discovery,False,True,True,False,True,False
XLI,2015-01-15T00:00:00.000Z,44.3364404447,-0.0003071870546882,164.2503439826,160.8558945719635,True,discovery,False,True,True,False,True,False
XLI,2015-01-16T00:00:00.000Z,44.6300052518,-0.0029853710628888,166.4043656779,160.9200482255275,True,discovery,False,True,True,False,True,False
XLI,2015-01-20T00:00:00.000Z,44.9480337927,-0.0205445769104549,166.7592428154,160.9869926087205,True,discovery,False,True,True,False,True,False
XLI,2015-01-21T00:00:00.000Z,45.3149898016,-0.018024385932857,167.6010443975,161.067211787784,True,discovery,False,True,True,False,True,False
XLI,2015-01-22T00:00:00.000Z,46.0407472413,-0.0117276387174571,170.0934373169,161.168267605524,True,discovery,False,True,True,False,True,False
XLI,2015-01-23T00:00:00.000Z,45.6534047875,-0.0236309731431072,169.1608532113,161.26157081715348,True,discovery,False,True,True,False,True,False
XLI,2015-01-26T00:00:00.000Z,45.7145641223,-0.0233449477348298,169.5569951323,161.34876464061202,True,discovery,False,True,True,False,True,False
XLI,2015-01-27T00:00:00.000Z,45.1111253522,-0.0362369337980492,167.3204438701,161.440752634523,True,discovery,False,True,True,False,True,False
XLI,2015-01-28T00:00:00.000Z,44.7197056095,-0.0460949730385034,165.1746751316,161.5287196547565,True,discovery,False,True,True,False,True,False
XLI,2015-01-29T00:00:00.000Z,45.2334440218,-0.0293963254607199,166.7014721186,161.6185071725785,True,discovery,False,True,True,False,True,False
XLI,2015-01-30T00:00:00.000Z,44.4995320042,-0.0355249204670764,164.6052211202,161.69269106194253,True,discovery,False,True,True,False,True,False
XLI,2015-02-02T00:00:00.000Z,45.1600528201,-0.0199964608020408,166.6437014218,161.76922117758448,True,discovery,False,True,True,False,True,False
XLI,2015-02-03T00:00:00.000Z,45.8939648377,0.0197499547004309,169.0535647744,161.8567436122905,True,discovery,False,True,True,False,True,False
XLI,2015-02-04T00:00:00.000Z,45.5433179848,0.0245826453857933,168.4098341528,161.93840489964,True,discovery,False,True,True,False,True,False
XLI,2015-02-05T00:00:00.000Z,45.9347377276,0.0256737072096759,170.1099432303,162.02511116297498,True,discovery,False,True,True,False,True,False
XLI,2015-02-06T00:00:00.000Z,45.8287282139,0.0032131381642368,169.6395246992,162.111254098992,True,discovery,False,True,True,False,True,False
XLI,2015-02-09T00:00:00.000Z,45.7064095443,0.0113677372775655,168.880252684,162.1920558321415,True,discovery,False,True,True,False,True,False
XLI,2015-02-10T00:00:00.000Z,45.9592014615,0.0239825581379642,170.6793972417,162.2881139667605,True,discovery,False,True,True,False,True,False
XLI,2015-02-11T00:00:00.000Z,45.9755106175,0.0263972328433508,170.778432722,162.38226870707848,True,discovery,False,True,True,False,True,False
XLI,2015-02-12T00:00:00.000Z,46.4077032501,0.0417353102696758,172.4207711026,162.4810982623825,True,discovery,False,True,True,False,True,False
XLI,2015-02-13T00:00:00.000Z,46.6197222774,0.0514989884122043,173.1305253777,162.5811999786325,True,discovery,True,True,True,True,True,True
XLI,2015-02-17T00:00:00.000Z,46.6849589012,0.0460442170644179,173.4028729484,162.682582125221,True,discovery,False,True,True,False,True,False
XLI,2015-02-18T00:00:00.000Z,46.9459053964,0.044448476053795,173.4193788618,162.7851444528335,True,discovery,False,True,True,False,True,False
XLI,2015-02-19T00:00:00.000Z,47.0274511761,0.0377901745536648,173.2955845115,162.8856242734185,True,discovery,False,True,True,False,True,False
XLI,2015-02-20T00:00:00.000Z,47.4270254968,0.0301098122546643,174.335457054,162.997970672973,True,discovery,False,True,True,False,True,False
XLI,2015-02-23T00:00:00.000Z,47.2231610475,0.0343842100563285,174.3106981839,163.10572136483398,True,discovery,False,True,True,False,True,False
XLI,2015-02-24T00:00:00.000Z,47.4107163409,0.0371031038174682,174.8058755852,163.2167610188545,True,discovery,False,True,True,False,True,False
XLI,2015-02-25T00:00:00.000Z,47.3128614052,0.048806941432079,174.6573223648,163.3259196015585,True,discovery,False,True,True,False,True,False
XLI,2015-02-26T00:00:00.000Z,47.1008423779,0.053245805980757,174.4509984476,163.4266069270235,True,discovery,True,True,True,True,True,True
XLI,2015-02-27T00:00:00.000Z,46.8806687726,0.0364160807655091,173.8567855662,163.523632074201,True,discovery,False,True,True,False,True,False
XLI,2015-03-02T00:00:00.000Z,47.3128614052,0.0632215503015733,174.9544288055,163.629804275765,True,discovery,True,True,True,True,True,True
XLI,2015-03-03T00:00:00.000Z,47.0111420202,0.0409895269049842,174.2364215738,163.7391349649435,True,discovery,False,True,True,False,True,False
XLI,2015-03-04T00:00:00.000Z,46.6441860113,0.0163468372421753,173.5019084286,163.84215059414748,True,discovery,False,True,True,False,True,False
XLI,2015-03-05T00:00:00.000Z,46.6768043232,0.0248880931068373,173.6917322095,163.94331023297698,True,discovery,False,True,True,False,True,False
XLI,2015-03-06T00:00:00.000Z,46.0407472413,0.0023078288664375,171.2488512531,164.03709326418698,True,discovery,False,True,True,False,True,False
XLI,2015-03-09T00:00:00.000Z,46.4729398739,0.0140569395029515,171.9586055282,164.12800177306102,True,discovery,False,True,True,False,True,False
XLI,2015-03-10T00:00:00.000Z,45.6167091866,-0.0019625334519672,169.169106168,164.203092712281,True,discovery,False,True,True,False,True,False
XLI,2015-03-11T00:00:00.000Z,45.5677817188,-0.0085166784942487,168.772964247,164.2731132563135,True,discovery,False,True,True,False,True,False
XLI,2015-03-12T00:00:00.000Z,46.1549113329,0.0039020929401425,170.9187329856,164.349106154392,True,discovery,False,True,True,False,True,False
XLI,2015-03-13T00:00:00.000Z,45.7308732783,-0.0145844315576754,169.8706074864,164.4204275775815,True,discovery,False,True,True,False,True,False
XLI,2015-03-16T00:00:00.000Z,46.4892490298,-0.0027986706317907,172.1401705753,164.4990720942065,True,discovery,False,True,True,False,True,False
XLI,2015-03-17T00:00:00.000Z,46.3016937364,-0.008209606987362,171.6284872607,164.573897927771,True,discovery,False,True,True,False,True,False
XLI,2015-03-18T00:00:00.000Z,46.8480504607,-0.0020844189684645,173.6917264324,164.658145574525,True,discovery,False,True,True,False,True,False
XLI,2015-03-19T00:00:00.000Z,46.5300219197,-0.010577423270024,172.8994425905,164.7388383396465,True,discovery,False,True,True,False,True,False
XLI,2015-03-20T00:00:00.000Z,46.7915473899,-0.0133990715260621,174.4186551104,164.8255416708185,True,discovery,False,True,True,False,True,False
XLI,2015-03-23T00:00:00.000Z,46.3983411093,-0.0174664279117263,174.0787870024,164.90542328798398,True,discovery,False,True,True,False,True,False
XLI,2015-03-24T00:00:00.000Z,46.2426969566,-0.0246361893353714,173.1006300088,164.9766333207185,True,discovery,False,True,True,False,True,False
XLI,2015-03-25T00:00:00.000Z,45.4562843954,-0.0392404296561094,170.5640533982,165.034347395247,True,discovery,False,True,True,False,True,False
XLI,2015-03-26T00:00:00.000Z,45.3334074327,-0.0375244869511992,170.1578695618,165.08994924307797,True,discovery,False,True,True,False,True,False
XLI,2015-03-27T00:00:00.000Z,45.5054351805,-0.0293347690659177,170.5474744661,165.150263570952,True,discovery,False,True,True,False,True,False
XLI,2015-03-30T00:00:00.000Z,46.1443953864,-0.0246965832142965,172.6281304441,165.22659139727398,True,discovery,False,True,True,False,True,False
XLI,2015-03-31T00:00:00.000Z,45.6856547258,-0.0281951732597871,171.1194476234,165.29297723779,True,discovery,False,True,True,False,True,False
XLI,2015-04-01T00:00:00.000Z,45.3825582178,-0.0270479110342788,170.5143166019,165.355686963076,True,discovery,False,True,True,False,True,False
XLI,2015-04-02T00:00:00.000Z,45.4071336103,-0.0272013204697677,171.1277370894,165.4192684878855,True,discovery,False,True,True,False,True,False
XLI,2015-04-06T00:00:00.000Z,45.7511891059,-0.0062891710658476,172.2799728701,165.482797704252,True,discovery,False,True,True,False,True,False
XLI,2015-04-07T00:00:00.000Z,45.6446957382,-0.0178220731881255,171.8240522374,165.54315293478598,True,discovery,False,True,True,False,True,False
XLI,2015-04-08T00:00:00.000Z,45.8003398909,0.0040255140621574,172.4043148608,165.60479678452452,True,discovery,False,True,True,False,True,False
XLI,2015-04-09T00:00:00.000Z,46.0215184238,0.0099574016527734,173.1669457372,165.67049887726097,True,discovery,False,True,True,False,True,False
XLI,2015-04-10T00:00:00.000Z,46.6686704272,0.0111311901477706,174.1119448666,165.74574604176448,True,discovery,False,True,True,False,True,False
XLI,2015-04-13T00:00:00.000Z,46.2263133616,0.0108338207382339,173.3244455921,165.81346107685698,True,discovery,False,True,True,False,True,False
XLI,2015-04-14T00:00:00.000Z,46.2836559442,-0.0044223791498162,173.656024234,165.88340587859696,True,discovery,False,True,True,False,True,False
XLI,2015-04-15T00:00:00.000Z,46.3655739193,0.0013796511044212,174.4352340425,165.9556945014765,True,discovery,False,True,True,False,True,False
XLI,2015-04-16T00:00:00.000Z,46.2672723491,-0.0123970604088895,174.3854972462,166.0281429214015,True,discovery,False,True,True,False,True,False
XLI,2015-04-17T00:00:00.000Z,45.7102301183,-0.0176185560972821,172.3794464626,166.085209985953,True,discovery,False,True,True,False,True,False
XLI,2015-04-20T00:00:00.000Z,46.2426969566,-0.0117296918763253,173.9544450117,166.1493350811955,True,discovery,False,True,True,False,True,False
XLI,2015-04-21T00:00:00.000Z,46.185354374,-0.0045903954798355,173.7472083605,166.208461727219,True,discovery,False,True,True,False,True,False
XLI,2015-04-22T00:00:00.000Z,46.3819575143,0.0030115146145281,174.6010233634,166.2746759673445,True,discovery,False,True,True,False,True,False
XLI,2015-04-23T00:00:00.000Z,46.3328067292,0.0192827536491018,175.0403650639,166.348274625017,True,discovery,False,True,True,False,True,False
XLI,2015-04-24T00:00:00.000Z,46.1362035889,0.0177087097940256,175.4465489003,166.4203095688325,True,discovery,False,True,True,False,True,False
XLI,2015-04-27T00:00:00.000Z,46.1198199939,0.0135013501346159,174.7170758881,166.49188329959853,True,discovery,False,True,True,False,True,False
XLI,2015-04-28T00:00:00.000Z,46.201737969,0.0012426770817957,175.2724701133,166.5651311027175,True,discovery,False,True,True,False,True,False
XLI,2015-04-29T00:00:00.000Z,45.9723676387,0.0062757755059179,174.5512865671,166.630729025937,True,discovery,False,True,True,False,True,False
XLI,2015-04-30T00:00:00.000Z,45.5709695606,0.0041516245491444,172.8022092311,166.6890929422765,True,discovery,False,True,True,False,True,False
XLI,2015-05-01T00:00:00.000Z,46.1443953864,0.0162366949305243,174.6756285578,166.7538420437515,True,discovery,False,True,True,False,True,False
XLI,2015-05-04T00:00:00.000Z,46.2181215641,0.0102059086840167,175.1729965207,166.83026880815152,True,discovery,False,True,True,False,True,False
XLI,2015-05-05T00:00:00.000Z,45.5955449531,-0.0010768126351834,173.1669457372,166.8884956980915,True,discovery,False,True,True,False,True,False
XLI,2015-05-06T00:00:00.000Z,45.5709695606,-0.0050080486486864,172.4540516571,166.9446694974315,True,discovery,False,True,True,False,True,False
XLI,2015-05-07T00:00:00.000Z,45.8085316884,-0.0046279814898469,173.142077339,167.00077048834748,True,discovery,False,True,True,False,True,False
XLI,2015-05-08T00:00:00.000Z,46.3491903242,-0.0068457082679989,175.4216805021,167.06647217855948,True,discovery,False,True,True,False,True,False
XLI,2015-05-11T00:00:00.000Z,46.3082313367,0.0017721070347791,174.5844444313,167.12794684031502,True,discovery,False,True,True,False,True,False
XLI,2015-05-12T00:00:00.000Z,46.2590805516,-0.0005309734526941,174.0622080703,167.19060919381798,True,discovery,False,True,True,False,True,False
XLI,2015-05-13T00:00:00.000Z,46.3573821218,-0.0001766784449654,174.0953659345,167.25311055182,True,discovery,False,True,True,False,True,False
XLI,2015-05-14T00:00:00.000Z,46.82431458,0.0120396600581282,175.910758999,167.328160963875,True,discovery,False,True,True,False,True,False
XLI,2015-05-15T00:00:00.000Z,46.7833555924,0.0234767025088848,176.1014167181,167.4040421202175,True,discovery,False,True,True,False,True,False
XLI,2015-05-18T00:00:00.000Z,46.873465365,0.0136403897245005,176.6485214772,167.498548712311,True,discovery,False,True,True,False,True,False
XLI,2015-05-19T00:00:00.000Z,46.7423966048,0.0120610145434671,176.5904952149,167.595175211153,True,discovery,False,True,True,False,True,False
XLI,2015-05-20T00:00:00.000Z,46.5703688571,0.0040621688453299,176.4661532242,167.6855021137645,True,discovery,False,True,True,False,True,False
XLI,2015-05-21T00:00:00.000Z,46.82431458,0.0106082036789332,176.9801001191,167.7860781941605,True,discovery,False,True,True,False,True,False
XLI,2015-05-22T00:00:00.000Z,46.6113278446,0.0102982954543382,176.5573373507,167.8842953720985,True,discovery,False,True,True,False,True,False
XLI,2015-05-26T00:00:00.000Z,46.1034363989,-0.0003552397863254,174.6590496258,167.977269314094,True,discovery,False,True,True,False,True,False
XLI,2015-05-27T00:00:00.000Z,46.3983411093,0.0042553191490743,176.3169428353,168.06950529143748,True,discovery,False,True,True,False,True,False
XLI,2015-05-28T00:00:00.000Z,46.1771625765,0.0044547398430618,176.1179956502,168.15845903910352,True,discovery,False,True,True,False,True,False
XLI,2015-05-29T00:00:00.000Z,45.7184219158,0.0032356642095121,175.0237861319,168.243044637951,True,discovery,False,True,True,False,True,False
XLI,2015-06-01T00:00:00.000Z,45.9232168536,-0.0047931830279259,175.3802331719,168.32406137054303,True,discovery,False,True,True,False,True,False
XLI,2015-06-02T00:00:00.000Z,46.0133266262,-0.0044310528201795,175.2061543849,168.40044968375048,True,discovery,False,True,True,False,True,False
XLI,2015-06-03T00:00:00.000Z,46.2426969566,0.0141933165655911,175.6703644836,168.47932243986253,True,discovery,False,True,True,False,True,False
XLI,2015-06-04T00:00:00.000Z,45.7266137133,0.0034154233320189,174.186550061,168.5440770350165,True,discovery,False,True,True,False,True,False
XLI,2015-06-05T00:00:00.000Z,45.7593809034,-0.0010729613717884,173.8881292833,168.6031321717025,True,discovery,False,True,True,False,True,False
XLI,2015-06-08T00:00:00.000Z,45.4235172054,-0.0199717214545748,172.7690513669,168.6544269693625,True,discovery,False,True,True,False,True,False
XLI,2015-06-09T00:00:00.000Z,45.4153254079,-0.0192817972750419,172.793919765,168.70347691905602,True,discovery,False,True,True,False,True,False
XLI,2015-06-10T00:00:00.000Z,45.865874271,-0.0085000885428622,174.874575743,168.7641964398235,True,discovery,False,True,True,False,True,False
XLI,2015-06-11T00:00:00.000Z,46.1280117914,-0.0049478706497565,175.4465489003,168.82365016800352,True,discovery,False,True,True,False,True,False
XLI,2015-06-12T00:00:00.000Z,45.8576824735,-0.0206438068591158,174.0207607401,168.875443930047,True,discovery,False,True,True,False,True,False
XLI,2015-06-15T00:00:00.000Z,45.4726679904,-0.0280161092637168,173.3327350581,168.9241243485025,True,discovery,False,True,True,False,True,False
XLI,2015-06-16T00:00:00.000Z,45.513626978,-0.0290108353715913,174.2860236536,168.978020539065,True,discovery,False,True,True,False,True,False
XLI,2015-06-17T00:00:00.000Z,45.6365039407,-0.0236593059925906,174.5678654992,169.030997597001,True,discovery,False,True,True,False,True,False
XLI,2015-06-18T00:00:00.000Z,46.0952446014,-0.0102022867192207,176.3252323013,169.09316996997447,True,discovery,False,True,True,False,True,False
XLI,2015-06-19T00:00:00.000Z,45.8722311059,-0.0203331000707623,175.6041067815,169.152186044479,True,discovery,False,True,True,False,True,False
XLI,2015-06-22T00:00:00.000Z,46.1521406281,-0.0098514081819532,176.5037435886,169.2168848979975,True,discovery,False,True,True,False,True,False
XLI,2015-06-23T00:00:00.000Z,46.036883766,-0.0014435503749474,176.6370231156,169.278573819907,True,discovery,False,True,True,False,True,False
XLI,2015-06-24T00:00:00.000Z,45.6087868497,-0.0170168639809783,175.3542076683,169.335972765921,True,discovery,False,True,True,False,True,False
XLI,2015-06-25T00:00:00.000Z,45.2547836305,-0.0199747861179632,174.7877696786,169.39572723103095,True,discovery,False,True,True,False,True,False
XLI,2015-06-26T00:00:00.000Z,45.3371099605,-0.0083404443837161,174.8460794717,169.452709637403,True,discovery,False,True,True,False,True,False
XLI,2015-06-29T00:00:00.000Z,44.480916128,-0.0314067877735559,171.1559025681,169.4903016528945,True,discovery,False,True,True,False,True,False
XLI,2015-06-30T00:00:00.000Z,44.505614027,-0.0327668679869258,171.5057613265,169.5344221901955,True,discovery,False,True,True,False,True,False
XLI,2015-07-01T00:00:00.000Z,44.7278951182,-0.0327576447329981,172.9051963599,169.5861526242045,True,discovery,False,True,True,False,True,False
XLI,2015-07-02T00:00:00.000Z,44.6455687881,-0.0236414822225413,172.696947099,169.630714596502,True,discovery,False,True,True,False,True,False
XLI,2015-07-06T00:00:00.000Z,44.472683495,-0.0281187678460134,172.1554990206,169.671466429634,True,discovery,False,True,True,False,True,False
XLI,2015-07-07T00:00:00.000Z,44.8349193472,-0.012957998288385,173.2717150591,169.7134285959685,True,discovery,False,True,True,False,True,False
XLI,2015-07-08T00:00:00.000Z,44.0281213127,-0.0305448454401846,170.372885347,169.74163518828746,True,discovery,False,True,True,False,True,False
XLI,2015-07-09T00:00:00.000Z,44.1351455418,-0.0377345631519838,170.5977945488,169.77732741103648,True,discovery,False,True,True,False,True,False
XLI,2015-07-10T00:00:00.000Z,44.5961729901,-0.0332084289309341,172.830226626,169.8288602691655,True,discovery,False,True,True,False,True,False
XLI,2015-07-13T00:00:00.000Z,45.0901309704,-0.0167376862872115,174.7294598856,169.883528209171,True,discovery,False,True,True,False,True,False
XLI,2015-07-14T00:00:00.000Z,45.2136204655,-0.0056967742678896,175.5291370475,169.9554091748805,True,discovery,False,True,True,False,True,False
XLI,2015-07-15T00:00:00.000Z,45.0242699063,-0.0107518803530323,175.4541673136,170.020513168245,True,discovery,False,True,True,False,True,False
XLI,2015-07-16T00:00:00.000Z,45.2300857315,-0.0089055509100369,176.8202824653,170.093925150524,True,discovery,False,True,True,False,True,False
XLI,2015-07-17T00:00:00.000Z,45.2136204655,-0.0191261407445317,176.986881874,170.1703041710715,True,discovery,False,True,True,False,True,False
XLI,2015-07-20T00:00:00.000Z,45.2218530985,-0.0141780330217325,177.1118314305,170.258265420308,True,discovery,False,True,True,False,True,False
XLI,2015-07-21T00:00:00.000Z,44.7361277512,-0.0306814127715204,176.395453973,170.34252166449403,True,discovery,False,True,True,False,True,False
XLI,2015-07-22T00:00:00.000Z,44.538544559,-0.0325464949933597,176.0039453624,170.41603796520002,True,discovery,False,True,True,False,True,False
XLI,2015-07-23T00:00:00.000Z,44.1269129088,-0.0324909747278171,175.0459987622,170.485708435755,True,discovery,False,True,True,False,True,False
XLI,2015-07-24T00:00:00.000Z,43.5506285984,-0.0376569037654499,173.2134052661,170.55865083289152,True,discovery,False,True,True,False,True,False
XLI,2015-07-27T00:00:00.000Z,43.3365801402,-0.0441256582530947,172.2138088136,170.61272397980147,True,discovery,False,True,True,False,True,False
XLI,2015-07-28T00:00:00.000Z,44.1763087068,-0.0068480473811161,174.3546112159,170.693506447912,True,discovery,False,True,True,False,True,False
XLI,2015-07-29T00:00:00.000Z,44.7196624851,0.0048094709573076,175.5707868997,170.7893984303945,True,discovery,False,True,True,False,True,False
XLI,2015-07-30T00:00:00.000Z,44.6784993201,-0.0011043622323264,175.6124367519,170.8983439487435,True,discovery,False,True,True,False,True,False
XLI,2015-07-31T00:00:00.000Z,44.6373361551,-0.0001843997786,175.3042278457,171.00455828418598,True,discovery,False,True,True,False,True,False
XLI,2015-08-03T00:00:00.000Z,44.423287697,-0.0011106997401124,174.7044699743,171.11298581557148,True,discovery,False,True,True,False,True,False
XLI,2015-08-04T00:00:00.000Z,44.3985897979,-0.009731913331238,174.3629411864,171.2203623310865,True,discovery,False,True,True,False,True,False
XLI,2015-08-05T00:00:00.000Z,44.6455687881,0.0140239341809458,175.0126788804,171.32195889911898,True,discovery,False,True,True,False,True,False
XLI,2015-08-06T00:00:00.000Z,44.4150550639,0.0063421003525387,173.554934054,171.408756559477,True,discovery,False,True,True,False,True,False
XLI,2015-08-07T00:00:00.000Z,44.2010066058,-0.008860993170596,173.1967453252,171.478291477308,True,discovery,False,True,True,False,True,False
XLI,2015-08-10T00:00:00.000Z,45.0654330714,-0.0005477451155821,175.4541673136,171.56477692217902,True,discovery,False,True,True,False,True,False
XLI,2015-08-11T00:00:00.000Z,44.51384666,-0.0154770575391979,173.8131631375,171.63386455319903,True,discovery,False,True,True,False,True,False
XLI,2015-08-12T00:00:00.000Z,44.522079293,-0.0111537758267954,174.0297423689,171.6978791922265,True,discovery,False,True,True,False,True,False
XLI,2015-08-13T00:00:00.000Z,44.489148761,-0.0163815070990231,173.8464830193,171.762085594373,True,discovery,False,True,True,False,True,False
XLI,2015-08-14T00:00:00.000Z,44.7690582832,-0.0098324836127471,174.3962610681,171.819807054539,True,discovery,False,True,True,False,True,False
XLI,2015-08-17T00:00:00.000Z,44.9913393743,-0.0050973966877896,175.3958575205,171.883757674597,True,discovery,False,True,True,False,True,False
XLI,2015-08-18T00:00:00.000Z,44.9090130443,0.0038645564958483,174.871069383,171.9398723686675,True,discovery,False,True,True,False,True,False
XLI,2015-08-19T00:00:00.000Z,44.489148761,-0.0011090573005717,173.4966242609,171.97975788714,True,discovery,False,True,True,False,True,False
XLI,2015-08-20T00:00:00.000Z,43.5670938644,-0.0126865671649638,169.9397268843,172.001407486932,True,discovery,False,False,True,False,False,False
XLI,2015-08-21T00:00:00.000Z,42.3651294456,-0.0272211720233025,164.6252057456,171.9993572288335,True,discovery,False,False,True,False,False,False
XLI,2015-08-24T00:00:00.000Z,40.8091618076,-0.0583206686919789,157.8529397803,171.9582336556085,True,discovery,False,False,True,False,False,False
XLI,2015-08-25T00:00:00.000Z,40.3234364603,-0.0872158032050997,155.9620364911,171.90433138633705,True,discovery,False,False,True,False,False,False
XLI,2015-08-26T00:00:00.000Z,41.5994945761,-0.0697717231215597,162.1678644666,171.8806785111105,True,discovery,False,False,True,False,False,False
XLI,2015-08-27T00:00:00.000Z,42.5874105368,-0.0468030219260131,165.8996912224,171.873058257386,True,discovery,False,False,True,False,False,False
XLI,2015-08-28T00:00:00.000Z,42.6038758028,-0.045555145702118,165.9663309859,171.8649504173925,True,discovery,False,False,True,False,False,False
XLI,2015-08-31T00:00:00.000Z,42.2251746845,-0.0494810971104339,164.5502360116,171.8506649661225,True,discovery,False,False,True,False,False,False
XLI,2015-09-01T00:00:00.000Z,41.1055365958,-0.0741702206554263,159.7438430695,171.8114036472925,True,discovery,False,False,True,False,False,False
XLI,2015-09-02T00:00:00.000Z,42.0193588594,-0.0588235294115011,162.7759523085,171.78709767838598,True,discovery,False,False,True,False,False,False
XLI,2015-09-03T00:00:00.000Z,42.0440567584,-0.053382761815534,162.975871599,171.7632577956255,True,discovery,False,False,True,False,False,False
XLI,2015-09-04T00:00:00.000Z,41.459539815,-0.0620227230399832,160.4269006453,171.72183042608546,True,discovery,False,False,True,False,False,False
XLI,2015-09-08T00:00:00.000Z,42.6038758028,-0.0546218487393653,164.4835962481,171.7020408299525,True,discovery,False,False,True,False,False,False
XLI,2015-09-09T00:00:00.000Z,42.1510809875,-0.0530793415933467,162.2345042301,171.6695283605735,True,discovery,False,False,True,False,False,False
XLI,2015-09-10T00:00:00.000Z,42.1757788865,-0.0526997041413763,163.1424710078,171.6370414071065,True,discovery,False,False,True,False,False,False
XLI,2015-09-11T00:00:00.000Z,42.4062926106,-0.0468171724657917,163.8838383767,171.60588101373298,True,discovery,False,False,True,False,False,False
XLI,2015-09-14T00:00:00.000Z,42.1922441525,-0.0575579257084122,163.2507606235,171.5721708204085,True,discovery,False,False,True,False,False,False
XLI,2015-09-15T00:00:00.000Z,42.92494849,-0.04592863677849,165.3082633214,171.546573060094,True,discovery,False,False,True,False,False,False
XLI,2015-09-16T00:00:00.000Z,43.2377885442,-0.03721356553642,166.7160283252,171.529819851989,True,discovery,False,False,True,False,False,False
XLI,2015-09-17T00:00:00.000Z,43.0484379851,-0.0323834196882398,166.349509626,171.5171437030115,True,discovery,False,False,True,False,False,False
XLI,2015-09-18T00:00:00.000Z,42.1024434149,-0.0336182728657237,163.5951465912,171.485237518034,True,discovery,False,False,True,False,False,False
XLI,2015-09-21T00:00:00.000Z,42.3093960467,-0.0013155488872413,164.4995423648,171.454570171578,True,discovery,False,False,True,False,False,False
XLI,2015-09-22T00:00:00.000Z,41.6968162566,0.0217513521396239,162.37253749,171.41421170359797,True,discovery,False,False,True,False,False,False
XLI,2015-09-23T00:00:00.000Z,41.4070825721,0.02687385319619,162.1213164418,171.3712017957295,True,discovery,False,False,True,False,False,False
XLI,2015-09-24T00:00:00.000Z,41.1504613086,-0.0107942000756418,161.5602561008,171.33109104250798,True,discovery,False,False,True,False,False,False
XLI,2015-09-25T00:00:00.000Z,41.2332423613,-0.0317973823350883,161.5100118911,171.29130361779852,True,discovery,False,False,True,False,False,False
XLI,2015-09-28T00:00:00.000Z,40.4219880447,-0.0512133630329614,157.3564905608,171.24433257962102,True,discovery,False,False,True,False,False,False
XLI,2015-09-29T00:00:00.000Z,40.6868874134,-0.0364305721076073,157.4988491548,171.1938462912175,True,discovery,False,False,True,False,False,False
XLI,2015-09-30T00:00:00.000Z,41.2994672035,0.0047178707240089,160.4381354188,171.17159938806302,True,discovery,False,False,True,False,False,False
XLI,2015-10-01T00:00:00.000Z,41.2084080455,-0.0192994571053191,160.8903333056,171.1572768914405,True,discovery,False,False,True,False,False,False
XLI,2015-10-02T00:00:00.000Z,41.7299286777,-0.0074714027360652,163.2936813334,171.16153741564952,True,discovery,False,False,True,False,False,False
XLI,2015-10-05T00:00:00.000Z,42.9136977316,0.0350741451325489,166.1994714576,171.1644036597995,True,discovery,False,False,True,False,False,False
XLI,2015-10-06T00:00:00.000Z,42.8723072053,0.0063006333917243,165.6300370817,171.143944148263,True,discovery,False,False,True,False,False,False
XLI,2015-10-07T00:00:00.000Z,43.4352183638,0.0304651113616944,166.986630742,171.12667699448397,True,discovery,False,False,True,False,False,False
XLI,2015-10-08T00:00:00.000Z,44.0395200487,0.0441898457220091,168.4939570312,171.11302631772503,True,discovery,False,False,True,False,False,False
XLI,2015-10-09T00:00:00.000Z,44.1885259436,0.0420275676858983,168.5944454505,171.098722669126,True,discovery,False,False,True,False,False,False
XLI,2015-10-12T00:00:00.000Z,44.1968040488,0.0475101511323905,168.7535521144,171.0851320242795,True,discovery,False,False,True,False,False,False
XLI,2015-10-13T00:00:00.000Z,43.7249520483,0.0186372630938944,167.690049677,171.063459126756,True,discovery,False,False,True,False,False,False
XLI,2015-10-14T00:00:00.000Z,43.2531000478,0.0003541231898191,166.8861423227,171.036611278525,True,discovery,False,False,True,False,False,False
XLI,2015-10-15T00:00:00.000Z,43.7249520483,0.0157151825911581,169.4485970144,171.027197359497,True,discovery,False,False,True,False,False,False
XLI,2015-10-16T00:00:00.000Z,43.501443206,0.0332284703126015,170.2190082289,171.030136041929,True,discovery,False,False,True,False,False,False
XLI,2015-10-19T00:00:00.000Z,43.5593899429,0.0295441205263313,170.3027485783,171.033947338726,True,discovery,False,False,True,False,False,False
XLI,2015-10-20T00:00:00.000Z,43.8491236274,0.0516180266031538,170.0850236699,171.051979245635,True,discovery,True,False,True,True,False,False
XLI,2015-10-21T00:00:00.000Z,43.8574017327,0.059176329468114,169.0298952674,171.072575819384,True,discovery,True,False,True,True,False,False
XLI,2015-10-22T00:00:00.000Z,45.082561313,0.0955542144451788,171.8435710073,171.09696584075752,True,discovery,True,True,True,True,True,True
XLI,2015-10-23T00:00:00.000Z,45.2481234184,0.0973700060237856,173.7779730785,171.116213815234,True,discovery,True,True,True,True,True,True
XLI,2015-10-26T00:00:00.000Z,45.1487861551,0.1169363096434779,173.3341492266,171.14005135971746,True,discovery,True,True,True,True,True,True
XLI,2015-10-27T00:00:00.000Z,44.6520998388,0.0974567650041982,172.9824397592,171.1687327222135,True,discovery,True,True,True,True,True,True
XLI,2015-10-28T00:00:00.000Z,45.0080583655,0.089797554620407,174.96708604,171.2096894087695,True,discovery,True,True,True,True,True,True
XLI,2015-10-29T00:00:00.000Z,44.9832240497,0.0916030534358924,174.9252158653,171.25547104803098,True,discovery,True,True,True,True,True,True
XLI,2015-10-30T00:00:00.000Z,44.9252773128,0.076572108708337,174.121308511,171.304825870673,True,discovery,True,True,True,True,True,True
XLI,2015-11-02T00:00:00.000Z,45.4467979449,0.0590277777772274,176.1813211063,171.35371064781498,True,discovery,True,True,True,True,True,True
XLI,2015-11-03T00:00:00.000Z,45.479910366,0.0608225526145147,176.6921372377,171.40337511992652,True,discovery,True,True,True,True,True,True
XLI,2015-11-04T00:00:00.000Z,45.355738787,0.044215742329515,176.1729470714,171.446234633296,True,discovery,False,True,True,False,True,False
XLI,2015-11-05T00:00:00.000Z,45.4136855239,0.0312030075187108,175.9803442677,171.47566916805002,True,discovery,False,True,True,False,True,False
XLI,2015-11-06T00:00:00.000Z,45.4136855239,0.0277257399774712,175.8882298834,171.5093060514105,True,discovery,False,True,True,False,True,False
XLI,2015-11-09T00:00:00.000Z,45.0660051024,0.0196666042331989,174.2469190351,171.5327556709245,True,discovery,False,True,True,False,True,False
XLI,2015-11-10T00:00:00.000Z,45.0577269972,0.030480878456488,174.6488727123,171.5693978151355,True,discovery,False,True,True,False,True,False
XLI,2015-11-11T00:00:00.000Z,45.1156737341,0.0430622009576568,173.9622018472,171.61333544871349,True,discovery,False,True,True,False,True,False
XLI,2015-11-12T00:00:00.000Z,44.5030939439,0.0177962892844443,171.5337317145,171.637496746693,True,discovery,False,False,True,False,False,False
XLI,2015-11-13T00:00:00.000Z,44.3044194174,0.0184586108464845,169.6077036783,171.66250915948353,True,discovery,False,False,True,False,False,False
XLI,2015-11-16T00:00:00.000Z,44.8756086812,0.0302166476625447,172.1869064398,171.6902251845735,True,discovery,False,True,True,False,True,False
XLI,2015-11-17T00:00:00.000Z,44.7845495232,0.0213328299043924,172.0612959157,171.70526384028005,True,discovery,False,True,True,False,True,False
XLI,2015-11-18T00:00:00.000Z,45.4054074186,0.0352963382403432,174.7912313062,171.737170826047,True,discovery,False,True,True,False,True,False
XLI,2015-11-19T00:00:00.000Z,45.6040819451,0.0115681233920845,174.6404986773,171.75982360328203,True,discovery,False,True,True,False,True,False
XLI,2015-11-20T00:00:00.000Z,45.8358688927,0.0129893889491337,175.2769253328,171.78801060644997,True,discovery,False,True,True,False,True,False
XLI,2015-11-23T00:00:00.000Z,45.6040819451,0.010084341768036,175.0759484942,171.818989085501,True,discovery,False,True,True,False,True,False
XLI,2015-11-24T00:00:00.000Z,45.5295789977,0.0196514645910901,175.3104214725,171.842144206655,True,discovery,False,True,True,False,True,False
XLI,2015-11-25T00:00:00.000Z,45.5295789977,0.0115872723938645,175.2852993677,171.8646785398835,True,discovery,False,True,True,False,True,False
XLI,2015-11-27T00:00:00.000Z,45.6082209978,0.0138940007370185,175.4862762063,171.880006065402,True,discovery,False,True,True,False,True,False
XLI,2015-11-30T00:00:00.000Z,45.3143482606,0.0086604016952644,174.7577351665,171.888142114346,True,discovery,False,True,True,False,True,False
XLI,2015-12-01T00:00:00.000Z,45.5295789977,0.0018214936264677,176.4241681196,171.90324859020205,True,discovery,False,True,True,False,True,False
XLI,2015-12-02T00:00:00.000Z,45.0660051024,-0.0091008372767029,174.6237506074,171.90927044893,True,discovery,False,True,True,False,True,False
XLI,2015-12-03T00:00:00.000Z,44.5030939439,-0.0187990509228435,172.1785324049,171.903685188397,True,discovery,False,True,True,False,True,False
XLI,2015-12-04T00:00:00.000Z,45.1653423657,-0.0054684651847801,175.5365204159,171.9096905052065,True,discovery,False,True,True,False,True,False
XLI,2015-12-07T00:00:00.000Z,44.9418335233,-0.0103900838515226,174.4730179785,171.9105021041795,True,discovery,False,True,True,False,True,False
XLI,2015-12-08T00:00:00.000Z,44.2216383646,-0.0187362233657367,173.3006530869,171.902975991688,True,discovery,False,True,True,False,True,False
XLI,2015-12-09T00:00:00.000Z,44.0891886803,-0.0214954988066794,171.9524334615,171.8894515471715,True,discovery,False,True,True,False,True,False
XLI,2015-12-10T00:00:00.000Z,44.2961413121,-0.0181651376155903,172.3962573134,171.8791778415005,True,discovery,False,True,True,False,True,False
XLI,2015-12-11T00:00:00.000Z,43.5511118376,-0.0213913690472858,169.0550173722,171.8551690005305,True,discovery,False,False,True,False,False,False
XLI,2015-12-14T00:00:00.000Z,43.7083958378,-0.0134529147980645,169.9091689361,171.8299427011835,True,discovery,False,False,True,False,False,False
XLI,2015-12-15T00:00:00.000Z,43.716673943,-0.0258254934530952,171.6928383784,171.8172247852065,True,discovery,False,False,True,False,False,False
XLI,2015-12-16T00:00:00.000Z,44.4948158386,-0.006469500925758,174.2050488604,171.8207404873655,True,discovery,False,True,True,False,True,False
XLI,2015-12-17T00:00:00.000Z,43.7580644694,-0.036280765724947,171.5504797844,171.81003422524,True,discovery,False,False,True,False,False,False
XLI,2015-12-18T00:00:00.000Z,43.0947721785,-0.0550237974228009,168.5120030765,171.796349984357,True,discovery,False,False,True,False,False,False
XLI,2015-12-21T00:00:00.000Z,43.4279362464,-0.052533806044713,169.9020880934,171.786067397183,True,discovery,False,False,True,False,False,False
XLI,2015-12-22T00:00:00.000Z,44.0276315686,-0.034568185768936,171.4438187485,171.7974409600855,True,discovery,False,False,True,False,False,False
XLI,2015-12-23T00:00:00.000Z,44.5440358738,-0.0216462164947711,173.5668576834,171.82141042726752,True,discovery,False,True,True,False,True,False
XLI,2015-12-24T00:00:00.000Z,44.5273776704,-0.0220120930033336,173.2804159223,171.833218841951,True,discovery,False,True,True,False,True,False
XLI,2015-12-28T00:00:00.000Z,44.42742845,-0.0258899058539677,172.8844523114,171.84828806607598,True,discovery,False,True,True,False,True,False
XLI,2015-12-29T00:00:00.000Z,44.8522126365,-0.0101984391663825,174.7294742429,171.86123458441398,True,discovery,False,True,True,False,True,False
XLI,2015-12-30T00:00:00.000Z,44.4774030602,-0.0231097225290213,173.4910348643,171.870547322432,True,discovery,False,True,True,False,True,False
XLI,2015-12-31T00:00:00.000Z,44.152568094,-0.0202688702121357,171.7555347826,171.86086636418298,True,discovery,False,False,True,False,False,False
XLI,2016-01-04T00:00:00.000Z,43.5612018736,-0.0211646424288463,169.3544822142,171.8431415623015,True,discovery,False,False,True,False,False,False
XLI,2016-01-05T00:00:00.000Z,43.6778092973,-0.0329352771502442,169.6409214479,171.819252893989,True,discovery,False,False,True,False,False,False
XLI,2016-01-06T00:00:00.000Z,43.0031520599,-0.0431375694183658,167.5010380525,171.78636414923952,True,discovery,False,False,True,False,False,False
XLI,2016-01-07T00:00:00.000Z,41.8370778223,-0.0539229352526401,163.4824252702,171.73827312554647,True,discovery,False,False,True,False,False,False
XLI,2016-01-08T00:00:00.000Z,41.4122936358,-0.060715452577518,161.6879476723,171.69389259691698,True,discovery,False,False,True,False,False,False
XLI,2016-01-11T00:00:00.000Z,41.4372809409,-0.0645397157973004,161.8480205957,171.6523433520865,True,discovery,False,False,True,False,False,False
XLI,2016-01-12T00:00:00.000Z,41.7704450088,-0.040886828227027,163.1538605632,171.615375282572,True,discovery,False,False,True,False,False,False
XLI,2016-01-13T00:00:00.000Z,40.7626237035,-0.067396024901752,159.0847009197,171.54765813494998,True,discovery,False,False,True,False,False,False
XLI,2016-01-14T00:00:00.000Z,41.2457116019,-0.0565221943536182,161.6963682176,171.500542737921,True,discovery,False,False,True,False,False,False
XLI,2016-01-15T00:00:00.000Z,40.5185810238,-0.0893640020721368,158.2253722667,171.439098016245,True,discovery,False,False,True,False,False,False
XLI,2016-01-19T00:00:00.000Z,40.5127506526,-0.0741649306511134,158.4359912086,171.375639286841,True,discovery,False,False,True,False,False,False
XLI,2016-01-20T00:00:00.000Z,39.9880172457,-0.0720912253563312,156.4056212383,171.296267528682,True,discovery,False,False,True,False,False,False
XLI,2016-01-21T00:00:00.000Z,40.1629283813,-0.0751822017646685,157.2818027766,171.223556281378,True,discovery,False,False,True,False,False,False
XLI,2016-01-22T00:00:00.000Z,40.5127506526,-0.0798335225124118,160.5084866523,171.1640771403355,True,discovery,False,False,True,False,False,False
XLI,2016-01-25T00:00:00.000Z,40.0130045508,-0.1017202692597747,158.0821522286,171.0886531727925,True,discovery,False,False,True,False,False,False
XLI,2016-01-26T00:00:00.000Z,40.7709528052,-0.0843621399177325,160.2388885092,171.01928789100552,True,discovery,False,False,True,False,False,False
XLI,2016-01-27T00:00:00.000Z,40.3128522119,-0.0926134233209259,158.4949704097,170.94514051509353,True,discovery,False,False,True,False,False,False
XLI,2016-01-28T00:00:00.000Z,40.5460670594,-0.0960074280392518,159.3205932922,170.87346336038453,True,discovery,False,False,True,False,False,False
XLI,2016-01-29T00:00:00.000Z,41.6371793816,-0.0638576779034461,163.2044065818,170.817309223081,True,discovery,False,False,True,False,False,False
XLI,2016-02-01T00:00:00.000Z,41.5372301613,-0.0592341067711394,163.1454273807,170.7611088737535,True,discovery,False,False,True,False,False,False
XLI,2016-02-02T00:00:00.000Z,40.7043199916,-0.0655831739971204,160.2051953759,170.70023761832,True,discovery,False,False,True,False,False,False
XLI,2016-02-03T00:00:00.000Z,41.3623190256,-0.053012967201245,161.1656169087,170.636293477805,True,discovery,False,False,True,False,False,False
XLI,2016-02-04T00:00:00.000Z,42.0786217715,-0.0214991284153357,161.4183621665,170.574649246835,True,discovery,False,False,True,False,False,False
XLI,2016-02-05T00:00:00.000Z,41.6788248901,-0.0037826000389455,158.3433180317,170.4933607201765,True,discovery,False,False,True,False,False,False
XLI,2016-02-08T00:00:00.000Z,41.3290026188,-0.0020112630740162,156.2118551816,170.39921817076498,True,discovery,False,False,True,False,False,False
XLI,2016-02-09T00:00:00.000Z,41.5788756697,0.003417085426091,156.2202757269,170.30308680489802,True,discovery,False,False,True,False,False,False
XLI,2016-02-10T00:00:00.000Z,41.378977229,-0.009371884348312,156.0854888713,170.209928869814,True,discovery,False,False,True,False,False,False
XLI,2016-02-11T00:00:00.000Z,40.5543961611,-0.0051082958720862,154.0551197435,170.103842117965,True,discovery,False,False,True,False,False,False
XLI,2016-02-12T00:00:00.000Z,41.3706481273,0.0030290791587226,157.231256758,170.0172419689195,True,discovery,False,False,True,False,False,False
XLI,2016-02-16T00:00:00.000Z,42.203558297,0.0415852981675313,159.8850503717,169.9526561746225,True,discovery,False,False,True,False,False,False
XLI,2016-02-17T00:00:00.000Z,42.8532282293,0.057771381577365,162.4967303068,169.89176168336752,True,discovery,True,False,True,True,False,False
XLI,2016-02-18T00:00:00.000Z,42.8282409242,0.0710268694006182,161.8311668679,169.8250525351035,True,discovery,True,False,True,True,False,False
XLI,2016-02-19T00:00:00.000Z,42.7449499073,0.0642886768984254,161.7553474187,169.767994543511,True,discovery,True,False,True,True,False,False
XLI,2016-02-22T00:00:00.000Z,43.4695817549,0.0729851973679855,164.0974292107,169.726211431279,True,discovery,True,False,True,True,False,False
XLI,2016-02-23T00:00:00.000Z,43.0364684667,0.0755620316405245,162.0249455618,169.670625772393,True,discovery,True,False,True,True,False,False
XLI,2016-02-24T00:00:00.000Z,43.0614557718,0.0561797752812847,162.7663158127,169.60734894894605,True,discovery,True,False,True,True,False,False
XLI,2016-02-25T00:00:00.000Z,43.6278346871,0.0822314049567904,164.7377057394,169.55811525548648,True,discovery,True,False,True,True,False,False
XLI,2016-02-26T00:00:00.000Z,43.686138399,0.0774445357425122,164.3585941713,169.5095971859915,True,discovery,True,False,True,True,False,False
XLI,2016-02-29T00:00:00.000Z,43.411278043,0.0426085217046185,163.0696079315,169.4544683959765,True,discovery,False,False,True,False,False,False
XLI,2016-03-01T00:00:00.000Z,44.2608464161,0.0655704832561892,166.9028752025,169.40942897699398,True,discovery,True,False,True,True,False,False
XLI,2016-03-02T00:00:00.000Z,44.2941628229,0.0881931655421541,167.6526777934,169.36718528237049,True,discovery,True,False,True,True,False,False
XLI,2016-03-03T00:00:00.000Z,44.6106686873,0.078534031413701,168.3098080498,169.3254917152335,True,discovery,True,False,True,True,False,False
XLI,2016-03-04T00:00:00.000Z,44.7939089247,0.0645288994479156,168.857412244,169.28682630037903,True,discovery,True,False,True,True,False,False
XLI,2016-03-07T00:00:00.000Z,44.9271745518,0.0779376498801331,168.9922108943,169.24945658872952,True,discovery,True,False,True,True,False,False
XLI,2016-03-08T00:00:00.000Z,44.2941628229,0.0717452640086502,167.1471872778,169.200292024523,True,discovery,True,False,True,True,False,False
XLI,2016-03-09T00:00:00.000Z,44.4357575517,0.0687099358985774,167.9728227975,169.157369451757,True,discovery,True,False,True,True,False,False
XLI,2016-03-10T00:00:00.000Z,44.3691247381,0.0722624798711648,168.1076088106,169.124612247681,True,discovery,True,False,True,True,False,False
XLI,2016-03-11T00:00:00.000Z,45.0104655688,0.1098788252202922,170.8203824679,169.097129445844,True,discovery,True,True,True,True,True,True
XLI,2016-03-14T00:00:00.000Z,45.0521110773,0.0889873162893633,170.6013429807,169.06954618249648,True,discovery,True,True,True,True,True,True
XLI,2016-03-15T00:00:00.000Z,45.0271237722,0.066903493191964,170.3233242924,169.04604387329903,True,discovery,True,True,True,True,True,True
XLI,2016-03-16T00:00:00.000Z,45.1853767044,0.0544217687083243,171.3090192557,169.025687803718,True,discovery,True,True,True,True,True,True
XLI,2016-03-17T00:00:00.000Z,46.1765398063,0.0781796966171461,172.3958205785,169.011636134686,True,discovery,True,True,True,True,True,True
XLI,2016-03-18T00:00:00.000Z,46.5703530611,0.0894936866716669,173.0694675723,168.9986316501295,True,discovery,True,True,True,True,True,True
XLI,2016-03-21T00:00:00.000Z,46.8466107729,0.0776871752997563,173.3150343249,168.994274071449,True,discovery,True,True,True,True,True,True
XLI,2016-03-22T00:00:00.000Z,46.5787245069,0.0823082415078009,173.2218860669,168.99094285536702,True,discovery,True,True,True,True,True,True
XLI,2016-03-23T00:00:00.000Z,46.2773524576,0.0746815598349097,172.0787105219,168.98749115114202,True,discovery,True,True,True,True,True,True
XLI,2016-03-24T00:00:00.000Z,46.1434093246,0.05765985535477,172.0024881492,168.983533993063,True,discovery,True,True,True,True,True,True
XLI,2016-03-28T00:00:00.000Z,46.1601522162,0.0566315519720239,172.1041128987,168.96968167884148,True,discovery,True,True,True,True,True,True
XLI,2016-03-29T00:00:00.000Z,46.4615242655,0.0702639120525006,173.6960928398,168.960929398539,True,discovery,True,True,True,True,True,True
XLI,2016-03-30T00:00:00.000Z,46.5452387236,0.0516120339413357,174.4582225719,168.963116707698,True,discovery,True,True,True,True,True,True
XLI,2016-03-31T00:00:00.000Z,46.4364099281,0.0483640951464705,174.0348213992,168.9666271394035,True,discovery,False,True,True,False,True,False
XLI,2016-04-01T00:00:00.000Z,46.6540675192,0.0458051603355975,175.2203396018,168.9712987191445,True,discovery,False,True,True,False,True,False
XLI,2016-04-04T00:00:00.000Z,46.126666433,0.0297530968002905,174.6529837241,168.97172431026902,True,discovery,False,True,True,False,True,False
XLI,2016-04-05T00:00:00.000Z,45.8420372753,0.0203632374532074,172.9085725863,168.954641011694,True,discovery,False,True,True,False,True,False
XLI,2016-04-06T00:00:00.000Z,46.0680663123,0.0400482451038197,174.7969384292,168.9506051699325,True,discovery,False,True,True,False,True,False
XLI,2016-04-07T00:00:00.000Z,45.6243796841,0.0267492262513373,172.7053357894,168.93161313093648,True,discovery,False,True,True,False,True,False
XLI,2016-04-08T00:00:00.000Z,45.8001800462,0.0322534040630093,173.1710796198,168.9142834134575,True,discovery,False,True,True,False,True,False
XLI,2016-04-11T00:00:00.000Z,45.8169229379,0.0179171079194304,172.7646178812,168.901335464522,True,discovery,False,True,True,False,True,False
XLI,2016-04-12T00:00:00.000Z,46.0848092039,0.0229223026825116,174.3735372565,168.8992643024115,True,discovery,False,True,True,False,True,False
XLI,2016-04-13T00:00:00.000Z,46.7712677606,0.0387354075117905,176.1348878284,168.905708344195,True,discovery,False,True,True,False,True,False
XLI,2016-04-14T00:00:00.000Z,46.8549822187,0.0369501293576117,176.1433516179,168.930645589444,True,discovery,False,True,True,False,True,False
XLI,2016-04-15T00:00:00.000Z,46.9219537853,0.0161426989143587,175.9485904656,168.9528597351395,True,discovery,False,True,True,False,True,False
XLI,2016-04-18T00:00:00.000Z,46.9638110143,0.008448678769598,177.1849269706,168.97425838819302,True,discovery,False,True,True,False,True,False
XLI,2016-04-19T00:00:00.000Z,47.2986688469,0.0096497498227023,177.7438072037,168.99949268871651,True,discovery,False,True,True,False,True,False
XLI,2016-04-20T00:00:00.000Z,47.2233258345,0.0138389647725221,177.9131778344,169.0282810827855,True,discovery,False,True,True,False,True,False
XLI,2016-04-21T00:00:00.000Z,47.1061255932,0.0179088277869683,176.9562869502,169.046703942241,True,discovery,False,True,True,False,True,False
XLI,2016-04-22T00:00:00.000Z,47.2233258345,0.0234034833079461,176.9562869502,169.079620950257,True,discovery,False,True,True,False,True,False
XLI,2016-04-25T00:00:00.000Z,46.9972967976,0.0181356546979973,176.6514381059,169.1098891680425,True,discovery,False,True,True,False,True,False
XLI,2016-04-26T00:00:00.000Z,47.4158690883,0.0205405405415992,176.9139442925,169.130307756375,True,discovery,False,True,True,False,True,False
XLI,2016-04-27T00:00:00.000Z,47.7507269208,0.0258992805764421,177.2780760754,169.14305083732398,True,discovery,False,True,True,False,True,False
XLI,2016-04-28T00:00:00.000Z,47.2902974011,0.0183883180099866,175.6691439981,169.143750872077,True,discovery,False,True,True,False,True,False
XLI,2016-04-29T00:00:00.000Z,47.0140396892,0.0077157724747549,174.7207296053,169.1400836835355,True,discovery,False,True,True,False,True,False
XLI,2016-05-02T00:00:00.000Z,47.2568116178,0.0245009074402018,176.1094846049,169.1365296942335,True,discovery,False,True,True,False,True,False
XLI,2016-05-03T00:00:00.000Z,46.8717251104,0.0224616508406096,174.5767749002,169.12447915936448,True,discovery,False,True,True,False,True,False
XLI,2016-05-04T00:00:00.000Z,46.2940953492,0.0049064146814352,173.6029445819,169.1069347251215,True,discovery,False,True,True,False,True,False
XLI,2016-05-05T00:00:00.000Z,46.2689810118,0.014128440368136,173.5690775689,169.09280284310097,True,discovery,False,True,True,False,True,False
XLI,2016-05-06T00:00:00.000Z,46.5787245069,0.0169987205271826,174.2041793279,169.08380401292848,True,discovery,False,True,True,False,True,False
XLI,2016-05-09T00:00:00.000Z,46.3694383616,0.0120591997076904,174.348134033,169.0803146892825,True,discovery,False,True,True,False,True,False
XLI,2016-05-10T00:00:00.000Z,47.1647257139,0.0234332425077852,176.5159463434,169.096827394669,True,discovery,False,True,True,False,True,False
XLI,2016-05-11T00:00:00.000Z,46.7712677606,0.0,174.8646843104,169.110081772153,True,discovery,False,True,True,False,True,False
XLI,2016-05-12T00:00:00.000Z,46.6708104109,-0.0039306771463567,174.9154907575,169.112886169861,True,discovery,False,True,True,False,True,False
XLI,2016-05-13T00:00:00.000Z,46.0848092039,-0.0178412132033227,173.3912439955,169.10198845534,True,discovery,False,True,True,False,True,False
XLI,2016-05-16T00:00:00.000Z,46.6540675192,-0.0065953654188261,175.1017881203,169.099435212182,True,discovery,False,True,True,False,True,False
XLI,2016-05-17T00:00:00.000Z,46.4280384823,-0.0184070796456898,173.4674655214,169.09025140056053,True,discovery,False,True,True,False,True,False
XLI,2016-05-18T00:00:00.000Z,46.2689810118,-0.0202091827679529,173.5182719686,169.08432041053203,True,discovery,False,True,True,False,True,False
XLI,2016-05-19T00:00:00.000Z,45.8336658295,-0.0270126177365706,172.9170363758,169.07709088647903,True,discovery,False,True,True,False,True,False
XLI,2016-05-20T00:00:00.000Z,46.0680663123,-0.0244637475608717,174.0094181756,169.07207458295505,True,discovery,False,True,True,False,True,False
XLI,2016-05-23T00:00:00.000Z,45.9843518541,-0.021553259709008,173.7723152126,169.073161488748,True,discovery,False,True,True,False,True,False
XLI,2016-05-24T00:00:00.000Z,46.4615242655,-0.0201271186450842,176.0247992895,169.0873017585695,True,discovery,False,True,True,False,True,False
XLI,2016-05-25T00:00:00.000Z,46.7796392064,-0.0203366058910612,177.2187939836,169.0961248919195,True,discovery,False,True,True,False,True,False
XLI,2016-05-26T00:00:00.000Z,46.6456960734,-0.0136307311039453,177.2695995839,169.11340707415147,True,discovery,False,True,True,False,True,False
XLI,2016-05-27T00:00:00.000Z,46.8214964355,-0.0040954415951672,178.031729316,169.13341700888702,True,discovery,False,True,True,False,True,False
XLI,2016-05-31T00:00:00.000Z,46.8131249897,-0.0093888396806879,177.6930007566,169.15264959757351,True,discovery,False,True,True,False,True,False
XLI,2016-06-01T00:00:00.000Z,46.8549822187,-0.0003572066455963,178.0571325395,169.1709539549305,True,discovery,False,True,True,False,True,False
XLI,2016-06-02T00:00:00.000Z,46.9135823394,0.0133815551535712,178.5990860405,169.1869700975305,True,discovery,False,True,True,False,True,False
XLI,2016-06-03T00:00:00.000Z,46.8717251104,0.0130269585674749,178.065596329,169.20294273226054,True,discovery,False,True,True,False,True,False
XLI,2016-06-06T00:00:00.000Z,47.3154117385,0.0158159597412521,178.9716807661,169.2303180147865,True,discovery,False,True,True,False,True,False
XLI,2016-06-07T00:00:00.000Z,47.5414407755,0.0252753204548317,179.2511145316,169.276874953023,True,discovery,False,True,True,False,True,False
XLI,2016-06-08T00:00:00.000Z,47.8428128248,0.0143769968050542,179.8354098435,169.3529259735125,True,discovery,False,True,True,False,True,False
XLI,2016-06-09T00:00:00.000Z,47.8344413789,0.0227313406115456,179.589843091,169.46161049006596,True,discovery,False,True,True,False,True,False
XLI,2016-06-10T00:00:00.000Z,47.2735545094,0.0129147982045587,177.8877746109,169.571239180665,True,discovery,False,True,True,False,True,False
XLI,2016-06-13T00:00:00.000Z,46.7628963148,0.0147138964577206,176.5159463434,169.642979590049,True,discovery,False,True,True,False,True,False
XLI,2016-06-14T00:00:00.000Z,46.7712677606,0.0025121119686244,176.1687539946,169.69432490390997,True,discovery,False,True,True,False,True,False
XLI,2016-06-15T00:00:00.000Z,46.7880106522,0.0077533357356294,175.9231872421,169.744109185191,True,discovery,False,True,True,False,True,False
XLI,2016-06-16T00:00:00.000Z,46.8717251104,0.0130269585674749,176.4482004622,169.80359900744403,True,discovery,False,True,True,False,True,False
XLI,2016-06-17T00:00:00.000Z,46.9112182431,0.0235100639256844,175.7948509594,169.8838540468935,True,discovery,False,True,True,False,True,False
XLI,2016-06-20T00:00:00.000Z,47.3405152341,0.0276210621295442,176.9269810138,169.95460919042,True,discovery,False,True,True,False,True,False
XLI,2016-06-21T00:00:00.000Z,47.3068448818,0.0287596317959646,177.4291999606,170.026875832228,True,discovery,False,True,True,False,True,False
XLI,2016-06-22T00:00:00.000Z,47.1721634729,0.0152952194021684,177.139787095,170.11044026447652,True,discovery,False,True,True,False,True,False
XLI,2016-06-23T00:00:00.000Z,47.7193066966,0.0200871042646144,179.4465982054,170.185255274263,True,discovery,False,True,True,False,True,False
XLI,2016-06-24T00:00:00.000Z,45.7748438554,-0.0186695084714709,173.0028360254,170.2390969332395,True,discovery,False,True,True,False,True,False
XLI,2016-06-27T00:00:00.000Z,44.6973925841,-0.0453659966704845,169.9043803344,170.27290647987252,True,discovery,False,False,True,False,False,False
XLI,2016-06-28T00:00:00.000Z,45.4549755092,-0.0290121516305272,172.9687802426,170.318331189202,True,discovery,False,True,True,False,True,False
XLI,2016-06-29T00:00:00.000Z,46.2630639627,-0.0126329843267716,175.9140223649,170.381647497909,True,discovery,False,True,True,False,True,False
XLI,2016-06-30T00:00:00.000Z,47.1469107088,0.0049735781785318,178.314468151,170.446678522057,True,discovery,False,True,True,False,True,False
XLI,2016-07-01T00:00:00.000Z,47.2984272938,0.0091036159303923,178.6890085564,170.506543423213,True,discovery,False,True,True,False,True,False
XLI,2016-07-05T00:00:00.000Z,46.8691303029,-0.0094320522468764,177.4036649333,170.5618141997495,True,discovery,False,True,True,False,True,False
XLI,2016-07-06T00:00:00.000Z,47.1048227685,-0.009183945624656,178.4676953393,170.63617694349,True,discovery,False,True,True,False,True,False
XLI,2016-07-07T00:00:00.000Z,47.2310865893,-0.0127861678563954,178.3570319209,170.70546439127048,True,discovery,False,True,True,False,True,False
XLI,2016-07-08T00:00:00.000Z,48.1738564517,0.0070956211260306,181.0128475581,170.798665941611,True,discovery,False,True,True,False,True,False
XLI,2016-07-11T00:00:00.000Z,48.4768896218,0.0254547204010378,181.6512658017,170.8963156884105,True,discovery,False,True,True,False,True,False
XLI,2016-07-12T00:00:00.000Z,48.9230217888,0.0461931497882079,182.9706660588,171.0033677382005,True,discovery,False,True,True,False,True,False
XLI,2016-07-13T00:00:00.000Z,49.0408680216,0.0485255236744279,182.9451301803,171.1105433296465,True,discovery,False,True,True,False,True,False
XLI,2016-07-14T00:00:00.000Z,49.4112418962,0.056066312874464,183.9665968163,171.24359386092397,True,discovery,True,True,True,True,True,True
XLI,2016-07-15T00:00:00.000Z,49.4028243081,0.0540005555959022,183.7197477207,171.37469835375347,True,discovery,True,True,True,True,True,True
XLI,2016-07-18T00:00:00.000Z,49.3607363678,0.0522160416300911,184.2134595316,171.49357497431748,True,discovery,True,True,True,True,True,True
XLI,2016-07-19T00:00:00.000Z,49.385989132,0.0432076813652129,184.0261884777,171.60925425017803,True,discovery,False,True,True,False,True,False
XLI,2016-07-20T00:00:00.000Z,49.4785826006,0.0459074733101787,184.7922852626,171.716747269824,True,discovery,False,True,True,False,True,False
XLI,2016-07-21T00:00:00.000Z,48.9735273172,0.0381870092800569,184.0942881261,171.8062213531665,True,discovery,False,True,True,False,True,False
XLI,2016-07-22T00:00:00.000Z,49.0661207858,0.0282236726062066,184.9199765723,171.9026710506195,True,discovery,False,True,True,False,True,False
XLI,2016-07-25T00:00:00.000Z,48.805175556,0.0662008091206742,184.4177448573,171.98982662119602,True,discovery,True,True,True,True,True,True
XLI,2016-07-26T00:00:00.000Z,49.2092197828,0.100941619585769,184.5028723971,172.0698711980255,True,discovery,True,True,True,True,True,True
XLI,2016-07-27T00:00:00.000Z,49.0156152575,0.0783333333350788,184.3070942073,172.14843444180948,True,discovery,True,True,True,True,True,True
XLI,2016-07-28T00:00:00.000Z,48.9987800813,0.0591339155747594,184.5199002885,172.22726618268004,True,discovery,True,True,True,True,True,True
XLI,2016-07-29T00:00:00.000Z,48.8556810844,0.0362435279408679,184.8178211411,172.31290504000052,True,discovery,False,True,True,False,True,False
XLI,2016-08-01T00:00:00.000Z,48.796757968,0.0316782345614354,184.6646067212,172.401797361993,True,discovery,False,True,True,False,True,False
XLI,2016-08-02T00:00:00.000Z,48.3422082129,0.0314295977006608,183.481405761,172.471961405726,True,discovery,False,True,True,False,True,False
XLI,2016-08-03T00:00:00.000Z,48.5779006785,0.0312723373833618,184.0176685734,172.54095470744846,True,discovery,False,True,True,False,True,False
XLI,2016-08-04T00:00:00.000Z,48.5947358546,0.0288718588491871,184.2134595316,172.610508262215,True,discovery,False,True,True,False,True,False
XLI,2016-08-05T00:00:00.000Z,49.0829559619,0.0188712213877142,185.720117223,172.68868372998048,True,discovery,False,True,True,False,True,False
XLI,2016-08-08T00:00:00.000Z,49.1502966664,0.0138913005734009,185.609466573,172.77158158650852,True,discovery,False,True,True,False,True,False
XLI,2016-08-09T00:00:00.000Z,49.1334614903,0.0043014452870158,185.720117223,172.84096431758698,True,discovery,False,True,True,False,True,False
XLI,2016-08-10T00:00:00.000Z,49.1082087261,0.0013731548240611,185.2604611949,172.898376758169,True,discovery,False,True,True,False,True,False
XLI,2016-08-11T00:00:00.000Z,49.4280770723,0.0003407155022607,186.1201935068,172.96230697957003,True,discovery,False,True,True,False,True,False
XLI,2016-08-12T00:00:00.000Z,49.2933956634,-0.0022150281129182,185.958471951,173.027187140529,True,discovery,False,True,True,False,True,False
XLI,2016-08-15T00:00:00.000Z,49.6216815976,0.0052864938613481,186.4947339122,173.08482537989,True,discovery,False,True,True,False,True,False
XLI,2016-08-16T00:00:00.000Z,49.4028243081,0.0003408897218806,185.5328597886,173.1378635995065,True,discovery,False,True,True,False,True,False
XLI,2016-08-17T00:00:00.000Z,49.5459233051,0.001361007146134,185.8818515471,173.19666631468698,True,discovery,False,True,True,False,True,False
XLI,2016-08-18T00:00:00.000Z,49.6974398901,0.0147817119279818,186.2989565736,173.2472544920235,True,discovery,False,True,True,False,True,False
XLI,2016-08-19T00:00:00.000Z,49.680604714,0.0125235889521926,186.0265579799,173.2939265957345,True,discovery,False,True,True,False,True,False
XLI,2016-08-22T00:00:00.000Z,49.6385167737,0.0170748533983615,186.018050844,173.3431521145975,True,discovery,False,True,True,False,True,False
XLI,2016-08-23T00:00:00.000Z,49.680604714,0.0095791994524725,186.3925912493,173.3952133495055,True,discovery,False,True,True,False,True,False
XLI,2016-08-24T00:00:00.000Z,49.529088129,0.0104756998112236,185.4392242617,173.442968321397,True,discovery,False,True,True,False,True,False
XLI,2016-08-25T00:00:00.000Z,49.5206705409,0.0106510908788763,185.311532952,173.4982913909815,True,discovery,False,True,True,False,True,False
XLI,2016-08-26T00:00:00.000Z,49.3775715439,0.0106822880761485,184.9625275739,173.54985966528952,True,discovery,False,True,True,False,True,False
XLI,2016-08-29T00:00:00.000Z,49.7311102423,0.0191478350859441,185.8733444112,173.6094153781095,True,discovery,False,True,True,False,True,False
XLI,2016-08-30T00:00:00.000Z,49.5964288334,0.025944628242392,185.5669028031,173.67958123355248,True,discovery,False,True,True,False,True,False
XLI,2016-08-31T00:00:00.000Z,49.3186484275,0.015248657077679,185.0391479778,173.75673845505,True,discovery,False,True,True,False,True,False
XLI,2016-09-01T00:00:00.000Z,49.3607363678,0.015763034817021,185.0476551137,173.8210421984195,True,discovery,False,True,True,False,True,False
XLI,2016-09-02T00:00:00.000Z,49.6048464215,0.0106328245594073,185.8818515471,173.8901449765765,True,discovery,False,True,True,False,True,False
XLI,2016-09-06T00:00:00.000Z,49.4617474245,0.0063367014895945,186.4436630064,173.9484071350775,True,discovery,False,True,True,False,True,False
XLI,2016-09-07T00:00:00.000Z,49.5206705409,0.0078807606640221,186.426635115,174.00733781726598,True,discovery,False,True,True,False,True,False
XLI,2016-09-08T00:00:00.000Z,49.4785826006,0.0075419952001456,186.0010229526,174.06095830536503,True,discovery,False,True,True,False,True,False
XLI,2016-09-09T00:00:00.000Z,48.0812629831,-0.0272479564040084,181.5491231389,174.09332417858852,True,discovery,False,True,True,False,True,False
XLI,2016-09-12T00:00:00.000Z,48.6957469113,-0.0121243169405703,184.153867019,174.137541406321,True,discovery,False,True,True,False,True,False
XLI,2016-09-13T00:00:00.000Z,47.9802519264,-0.033078880407781,181.5065593689,174.168647706327,True,discovery,False,True,True,False,True,False
XLI,2016-09-14T00:00:00.000Z,47.9381639861,-0.0296472993702884,181.4384597205,174.198408623898,True,discovery,False,True,True,False,True,False
XLI,2016-09-15T00:00:00.000Z,48.3169554487,-0.0248046211356706,183.2515717884,174.24087780700748,True,discovery,False,True,True,False,True,False
XLI,2016-09-16T00:00:00.000Z,47.9141999547,-0.0358819275065963,182.5468125259,174.271491029039,True,discovery,False,True,True,False,True,False
XLI,2016-09-19T00:00:00.000Z,48.1257977287,-0.0312960559608859,182.581041872,174.311277485362,True,discovery,False,True,True,False,True,False
XLI,2016-09-20T00:00:00.000Z,48.1681172835,-0.0296221479965544,182.5895921504,174.3633327840895,True,discovery,False,True,True,False,True,False
XLI,2016-09-21T00:00:00.000Z,48.7944466947,-0.0178371021126133,184.6428986285,174.4088646751525,True,discovery,False,True,True,False,True,False
XLI,2016-09-22T00:00:00.000Z,49.1414670442,-0.0078261300468611,185.8064226253,174.46553169838649,True,discovery,False,True,True,False,True,False
XLI,2016-09-23T00:00:00.000Z,48.8536940715,-0.0134686477811145,184.7883389143,174.5229701275235,True,discovery,False,True,True,False,True,False
XLI,2016-09-26T00:00:00.000Z,48.6420962974,-0.014894925438893,183.2911418884,174.579663669658,True,discovery,False,True,True,False,True,False
XLI,2016-09-27T00:00:00.000Z,48.9806527359,-0.0150903026846498,184.4290133391,174.6398274497865,True,discovery,False,True,True,False,True,False
XLI,2016-09-28T00:00:00.000Z,49.3615287292,-0.0047362302029658,185.3444355335,174.721274540593,True,discovery,False,True,True,False,True,False
XLI,2016-09-29T00:00:00.000Z,48.9721888249,-0.0070249208696241,183.6675697313,174.790066544569,True,discovery,False,True,True,False,True,False
XLI,2016-09-30T00:00:00.000Z,49.4123121949,0.0010448755609253,185.053554962,174.856870127487,True,discovery,False,True,True,False,True,False
XLI,2016-10-03T00:00:00.000Z,49.4546317497,-0.0030282257206,184.6086701379,174.9088882338745,True,discovery,False,True,True,False,True,False
XLI,2016-10-04T00:00:00.000Z,49.0399001126,-0.0085287587654261,183.6675697313,174.96947368360898,True,discovery,False,True,True,False,True,False
XLI,2016-10-05T00:00:00.000Z,49.3530648182,-0.0033845608484153,184.4803440975,175.04931538871404,True,discovery,False,True,True,False,True,False
XLI,2016-10-06T00:00:00.000Z,49.3530648182,-0.0025368103895215,184.6086701379,175.12284829893647,True,discovery,False,True,True,False,True,False
XLI,2016-10-07T00:00:00.000Z,48.7182714961,0.0132485811203399,183.975564548,175.185507027934,True,discovery,False,True,True,False,True,False
XLI,2016-10-10T00:00:00.000Z,48.7690549618,0.0015054302510963,184.9337800555,175.24234163979452,True,discovery,False,True,True,False,True,False
XLI,2016-10-11T00:00:00.000Z,48.2612203041,0.0058559170996224,182.5981432842,175.28893027660396,True,discovery,False,True,True,False,True,False
XLI,2016-10-12T00:00:00.000Z,48.3543233247,0.0086811697402651,182.8377067859,175.33869654897651,True,discovery,False,True,True,False,True,False
XLI,2016-10-13T00:00:00.000Z,48.3373955028,0.0004230410196623,182.2388177091,175.3762432663075,True,discovery,False,True,True,False,True,False
XLI,2016-10-14T00:00:00.000Z,48.4389624343,0.0109521285985392,182.3329272365,175.4204527281685,True,discovery,False,True,True,False,True,False
XLI,2016-10-17T00:00:00.000Z,48.3120037699,0.0038691523047513,181.6998353352,175.47017423093152,True,discovery,False,True,True,False,True,False
XLI,2016-10-18T00:00:00.000Z,48.4135707014,0.0050957652435394,182.8377067859,175.53759035379,True,discovery,False,True,True,False,True,False
XLI,2016-10-19T00:00:00.000Z,48.5659210988,-0.0046834345172485,183.3253584015,175.60601253855802,True,discovery,False,True,True,False,True,False
XLI,2016-10-20T00:00:00.000Z,48.3035398589,-0.0170513262159294,182.9831470717,175.683423083654,True,discovery,False,True,True,False,True,False
XLI,2016-10-21T00:00:00.000Z,48.2358285712,-0.0126472626490786,183.0686934876,175.781354424741,True,discovery,False,True,True,False,True,False
XLI,2016-10-24T00:00:00.000Z,48.3289315918,-0.0064381416394001,183.8472385076,175.8921508789175,True,discovery,False,True,True,False,True,False
XLI,2016-10-25T00:00:00.000Z,48.2019729274,-0.0158977017455971,183.2312480186,175.99906701603203,True,discovery,False,True,True,False,True,False
XLI,2016-10-26T00:00:00.000Z,48.3712511466,-0.0200617283964748,182.8633713096,176.097614569764,True,discovery,False,True,True,False,True,False
XLI,2016-10-27T00:00:00.000Z,48.0411586191,-0.0190114068441763,182.375706861,176.2140695994705,True,discovery,False,True,True,False,True,False
XLI,2016-10-28T00:00:00.000Z,48.3289315918,-0.0219253168891743,181.8367116539,176.314771316652,True,discovery,False,True,True,False,True,False
XLI,2016-10-31T00:00:00.000Z,48.4220346124,-0.0208796850925144,181.8452756209,176.432870833423,True,discovery,False,True,True,False,True,False
XLI,2016-11-01T00:00:00.000Z,48.0073029753,-0.0210562651010517,180.5277353939,176.5433295543495,True,discovery,False,True,True,False,True,False
XLI,2016-11-02T00:00:00.000Z,47.8295608451,-0.0308694906529528,179.4412066791,176.6585074815535,True,discovery,False,True,True,False,True,False
XLI,2016-11-03T00:00:00.000Z,47.7533856464,-0.0324129651865122,178.6198820345,176.765197877843,True,discovery,False,True,True,False,True,False
XLI,2016-11-04T00:00:00.000Z,47.7957052012,-0.0189367616413455,178.4231109904,176.8547709995335,True,discovery,False,True,True,False,True,False
XLI,2016-11-07T00:00:00.000Z,48.9721888249,0.0041652204099322,182.3585926156,176.97615320146852,True,discovery,False,True,True,False,True,False
XLI,2016-11-08T00:00:00.000Z,49.2684257086,0.0208698702219602,183.1799181158,177.0908583495015,True,discovery,False,True,True,False,True,False
XLI,2016-11-09T00:00:00.000Z,50.504156709,0.0444600035009039,185.1219999657,177.22399349728147,True,discovery,False,True,True,False,True,False
XLI,2016-11-10T00:00:00.000Z,51.5790734011,0.0670635615465093,185.5839862021,177.35531046183098,True,discovery,True,True,True,True,True,True
XLI,2016-11-11T00:00:00.000Z,51.6721764217,0.0667482089812587,185.1562156233,177.4650695070385,True,discovery,True,True,True,True,True,True
XLI,2016-11-14T00:00:00.000Z,51.8922381067,0.0741065171681121,185.301655909,177.57585064968,True,discovery,True,True,True,True,True,True
XLI,2016-11-15T00:00:00.000Z,52.0869080589,0.0758741258759041,186.747523032,177.7085622879605,True,discovery,True,True,True,True,True,True
XLI,2016-11-16T00:00:00.000Z,51.7906711752,0.0663994423134637,186.3967477352,177.83471794209296,True,discovery,True,True,True,True,True,True
XLI,2016-11-17T00:00:00.000Z,51.9007020177,0.0744699491860783,187.3549623872,177.9644009431965,True,discovery,True,True,True,True,True,True
XLI,2016-11-18T00:00:00.000Z,51.8837741958,0.075627303037105,186.9357429422,178.107363067749,True,discovery,True,True,True,True,True,True
XLI,2016-11-21T00:00:00.000Z,52.1630832575,0.0793345008758799,188.3473807191,178.2680406954365,True,discovery,True,True,True,True,True,True
XLI,2016-11-22T00:00:00.000Z,52.4000727644,0.0870939420534304,188.7152702612,178.43051566810797,True,discovery,True,True,True,True,True,True
XLI,2016-11-23T00:00:00.000Z,52.7894126687,0.0913385826781647,188.8179309224,178.59417787836347,True,discovery,True,True,True,True,True,True
XLI,2016-11-25T00:00:00.000Z,53.0771856414,0.1048273432002073,189.5194806604,178.77149968294802,True,discovery,True,True,True,True,True,True
XLI,2016-11-28T00:00:00.000Z,52.71323747,0.0907180385287864,188.6297110122,178.928491954219,True,discovery,True,True,True,True,True,True
XLI,2016-11-29T00:00:00.000Z,52.7555570248,0.089494843558066,188.9976005543,179.074054705132,True,discovery,True,True,True,True,True,True
XLI,2016-11-30T00:00:00.000Z,52.8232683125,0.1003173483767216,188.5441645963,179.20429187657948,True,discovery,True,True,True,True,True,True
XLI,2016-12-01T00:00:00.000Z,53.170288662,0.1116616528049754,187.8511779697,179.3343919320885,True,discovery,True,True,True,True,True,True
XLI,2016-12-02T00:00:00.000Z,53.161824751,0.113257710032288,187.9452755194,179.46534157259197,True,discovery,True,True,True,True,True,True
XLI,2016-12-05T00:00:00.000Z,53.1195051962,0.1113865769442885,189.0745958363,179.59022740572,True,discovery,True,True,True,True,True,True
XLI,2016-12-06T00:00:00.000Z,53.2210721277,0.0867611475973,189.67347208,179.72847003831103,True,discovery,True,True,True,True,True,True
XLI,2016-12-07T00:00:00.000Z,54.2113497103,0.1003264043981253,192.154549137,179.8754112049325,True,discovery,True,True,True,True,True,True
XLI,2016-12-08T00:00:00.000Z,53.9066489156,0.0673705379579907,192.6250865072,180.0148481087715,True,discovery,True,True,True,True,True,True
XLI,2016-12-09T00:00:00.000Z,54.1521023335,0.0498851329179776,193.7886233371,180.1619982546005,True,discovery,False,True,True,False,True,False
XLI,2016-12-12T00:00:00.000Z,53.9574323814,0.0442260442263913,193.5661869138,180.314481149512,True,discovery,False,True,True,False,True,False
XLI,2016-12-13T00:00:00.000Z,53.8812571828,0.0383297993817535,194.8580497842,180.4542570224205,True,discovery,False,True,True,False,True,False
XLI,2016-12-14T00:00:00.000Z,53.3395668812,0.0240493987641479,193.2496409632,180.5822418382695,True,discovery,False,True,True,False,True,False
XLI,2016-12-15T00:00:00.000Z,53.3988142579,0.0310508252974728,194.045288251,180.7109192392755,True,discovery,False,True,True,False,True,False
XLI,2016-12-16T00:00:00.000Z,53.2923585714,0.0268138290928203,193.6679304349,180.83497183023,True,discovery,False,True,True,False,True,False
XLI,2016-12-19T00:00:00.000Z,53.5904142681,0.0328935220837913,194.0896263595,180.960458907556,True,discovery,False,True,True,False,True,False
XLI,2016-12-20T00:00:00.000Z,53.8969858419,0.033240032531066,194.8383383058,181.098914662696,True,discovery,False,True,True,False,True,False
XLI,2016-12-21T00:00:00.000Z,53.6926047927,0.0246666075085706,194.2961730761,181.23053141408897,True,discovery,False,True,True,False,True,False
XLI,2016-12-22T00:00:00.000Z,53.5904142681,0.0151735273969988,193.9605425146,181.359796082609,True,discovery,False,True,True,False,True,False
XLI,2016-12-23T00:00:00.000Z,53.6415095304,0.0106321366172781,194.2445400545,181.476916870542,True,discovery,False,True,True,False,True,False
XLI,2016-12-27T00:00:00.000Z,53.7522159321,0.0197100104635252,194.726469771,181.5975425044935,True,discovery,False,True,True,False,True,False
XLI,2016-12-28T00:00:00.000Z,53.1901680468,0.0082382036416692,193.117151526,181.71151164066148,True,discovery,False,True,True,False,True,False
XLI,2016-12-29T00:00:00.000Z,53.1731362927,0.0066233686664407,193.0741321836,181.820337205301,True,discovery,False,True,True,False,True,False
XLI,2016-12-30T00:00:00.000Z,52.9857869977,-0.0034700143434026,192.3684395798,181.92020030030747,True,discovery,False,True,True,False,True,False
XLI,2017-01-03T00:00:00.000Z,53.3008744485,0.0026155930153128,193.84005944,182.024053259646,True,discovery,False,True,True,False,True,False
XLI,2017-01-04T00:00:00.000Z,53.6159618993,0.0093460340277324,194.9932520007,182.132444348025,True,discovery,False,True,True,False,True,False
XLI,2017-01-05T00:00:00.000Z,53.4626761124,0.0045396301697997,194.8383383058,182.2405266092195,True,discovery,False,True,True,False,True,False
XLI,2017-01-06T00:00:00.000Z,53.7692476862,-0.0081551561889261,195.5354301393,182.3578102073065,True,discovery,False,True,True,False,True,False
XLI,2017-01-09T00:00:00.000Z,53.3519697108,-0.0102896250454826,194.8899850969,182.472247692045,True,discovery,False,True,True,False,True,False
XLI,2017-01-10T00:00:00.000Z,53.573382514,-0.0106869317083185,194.8899850969,182.586177053036,True,discovery,False,True,True,False,True,False
XLI,2017-01-11T00:00:00.000Z,53.8544064566,-0.0019093926499643,195.4407640058,182.694900408866,True,discovery,False,True,True,False,True,False
XLI,2017-01-12T00:00:00.000Z,53.6329936534,-0.0046076046176452,194.9502197494,182.7973603947535,True,discovery,False,True,True,False,True,False
XLI,2017-01-13T00:00:00.000Z,53.8373747025,0.0093328058401511,195.3977317545,182.90417494653,True,discovery,False,True,True,False,True,False
XLI,2017-01-17T00:00:00.000Z,53.4200967272,0.0003985569641529,194.7092544608,183.00161952082505,True,discovery,False,True,True,False,True,False
XLI,2017-01-18T00:00:00.000Z,53.6244777763,0.0062320230104853,195.1395511558,183.1040523579835,True,discovery,False,True,True,False,True,False
XLI,2017-01-19T00:00:00.000Z,54.0162081206,0.0079453360888359,194.4166561507,183.2115927758055,True,discovery,False,True,True,False,True,False
XLI,2017-01-20T00:00:00.000Z,54.0247239976,0.0023700426601722,195.1309495249,183.313262831284,True,discovery,False,True,True,False,True,False
XLI,2017-01-23T00:00:00.000Z,53.7266683009,0.0006344171293517,194.6231899583,183.42285210212853,True,discovery,False,True,True,False,True,False
XLI,2017-01-24T00:00:00.000Z,54.263168555,0.0125536310194276,195.8710607007,183.536352007533,True,discovery,False,True,True,False,True,False
XLI,2017-01-25T00:00:00.000Z,54.8337323173,0.0222257501203304,197.5664305394,183.660361070824,True,discovery,False,True,True,False,True,False
XLI,2017-01-26T00:00:00.000Z,54.961470473,0.0224968314316107,197.3598838229,183.775292803656,True,discovery,False,True,True,False,True,False
XLI,2017-01-27T00:00:00.000Z,54.9188910877,0.0325008005122104,197.0500693419,183.8798687112235,True,discovery,False,True,True,False,True,False
XLI,2017-01-30T00:00:00.000Z,54.4505178501,0.0240230621411619,195.8280284495,183.9782920953815,True,discovery,False,True,True,False,True,False
XLI,2017-01-31T00:00:00.000Z,53.9736287353,0.0186435229817929,195.8108131393,184.07760320875,True,discovery,False,True,True,False,True,False
XLI,2017-02-01T00:00:00.000Z,53.8799540878,0.0108643553279697,195.888263102,184.171119889407,True,discovery,False,True,True,False,True,False
XLI,2017-02-02T00:00:00.000Z,53.7777635632,0.0030177890719165,196.0173598558,184.2624876526675,True,discovery,False,True,True,False,True,False
XLI,2017-02-03T00:00:00.000Z,54.1780097845,0.0133800573431095,197.3684845932,184.35976418646152,True,discovery,False,True,True,False,True,False
XLI,2017-02-06T00:00:00.000Z,54.2546526779,0.009027557806515,197.0156387216,184.46006094531847,True,discovery,False,True,True,False,True,False
XLI,2017-02-07T00:00:00.000Z,54.3483273255,0.0186751795688306,197.0242524008,184.5604007725715,True,discovery,False,True,True,False,True,False
XLI,2017-02-08T00:00:00.000Z,54.271684432,0.0130344937211592,197.2824329996,184.66355574704,True,discovery,False,True,True,False,True,False
XLI,2017-02-09T00:00:00.000Z,54.6889624074,0.0154965211894506,198.4528408704,184.7712502299295,True,discovery,False,True,True,False,True,False
XLI,2017-02-10T00:00:00.000Z,55.1232721369,0.0277865989195165,199.2359713887,184.881039706496,True,discovery,False,True,True,False,True,False
XLI,2017-02-13T00:00:00.000Z,55.6768041451,0.0341664030381219,200.3203268052,185.0042956205315,True,discovery,False,True,True,False,True,False
XLI,2017-02-14T00:00:00.000Z,55.7023517762,0.0427227801674485,201.1206726337,185.13629533567348,True,discovery,False,True,True,False,True,False
XLI,2017-02-15T00:00:00.000Z,56.0004074729,0.0443068127676959,202.1705974299,185.2666008997985,True,discovery,False,True,True,False,True,False
XLI,2017-02-16T00:00:00.000Z,56.017439227,0.0370487151177276,201.9984813337,185.403709431966,True,discovery,False,True,True,False,True,False
XLI,2017-02-17T00:00:00.000Z,56.1111138746,0.0386191677183336,202.316896585,185.54727919198152,True,discovery,False,True,True,False,True,False
XLI,2017-02-21T00:00:00.000Z,56.3921378172,0.0496116658746053,203.5217350762,185.697042479518,True,discovery,False,True,True,False,True,False
XLI,2017-02-22T00:00:00.000Z,56.2388520303,0.0364092906461497,203.3410053008,185.8427266093825,True,discovery,False,True,True,False,True,False
XLI,2017-02-23T00:00:00.000Z,55.8726693172,0.018947041465062,203.4787028249,185.988379453342,True,discovery,False,True,True,False,True,False
XLI,2017-02-24T00:00:00.000Z,56.1111138746,0.0209172606137744,203.7368834237,186.1244841387435,True,discovery,False,True,True,False,True,False
XLI,2017-02-27T00:00:00.000Z,56.3154949237,0.0254302992711519,204.0552995356,186.2704372148696,True,discovery,False,True,True,False,True,False
XLI,2017-02-28T00:00:00.000Z,56.0855662434,0.0300281513906115,203.504519766,186.413382359912,True,discovery,False,True,True,False,True,False
XLI,2017-03-01T00:00:00.000Z,57.0308285958,0.0566424739661894,206.3530821654,186.57819155076152,True,discovery,True,True,True,True,True,True
XLI,2017-03-02T00:00:00.000Z,56.4176854483,0.0470997313094336,205.0535904496,186.727950562408,True,discovery,False,True,True,False,True,False
XLI,2017-03-03T00:00:00.000Z,56.4772965877,0.050197941409882,205.1826742945,186.88652660627343,True,discovery,True,True,True,True,True,True
XLI,2017-03-06T00:00:00.000Z,56.3410425549,0.0399245520277276,204.571660733,187.0417935500955,True,discovery,False,True,True,False,True,False
XLI,2017-03-07T00:00:00.000Z,56.179240891,0.0354732381115023,203.9606334021,187.197011535227,True,discovery,False,True,True,False,True,False
XLI,2017-03-08T00:00:00.000Z,55.9833757188,0.0300846129726763,203.5819705893,187.3448742972955,True,discovery,False,True,True,False,True,False
XLI,2017-03-09T00:00:00.000Z,55.7278994074,0.0268319472785956,203.8401511881,187.495213477173,True,discovery,False,True,True,False,True,False
XLI,2017-03-10T00:00:00.000Z,56.0685344893,0.0252257863592841,204.5544445623,187.63786170353697,True,discovery,False,True,True,False,True,False
XLI,2017-03-13T00:00:00.000Z,56.0344709811,0.0165302023787161,204.6577123267,187.77505629525248,True,discovery,False,True,True,False,True,False
XLI,2017-03-14T00:00:00.000Z,55.5064866041,-0.0030590394620376,203.8745688995,187.9080811418305,True,discovery,False,True,True,False,True,False
XLI,2017-03-15T00:00:00.000Z,56.1366615057,0.0077969729401186,205.6387879306,188.0461164349035,True,discovery,False,True,True,False,True,False
XLI,2017-03-16T00:00:00.000Z,55.8811851943,-0.0021289537698041,205.2343081767,188.183822972004,True,discovery,False,True,True,False,True,False
XLI,2017-03-17T00:00:00.000Z,56.184945677,0.0029902553974525,204.8755448649,188.317915033631,True,discovery,False,True,True,False,True,False
XLI,2017-03-20T00:00:00.000Z,56.0822935229,-0.0005136300050005,204.6508196508,188.4481737016825,True,discovery,False,True,True,False,True,False
XLI,2017-03-21T00:00:00.000Z,55.2268589054,-0.020663854163099,202.023205855,188.5679617493125,True,discovery,False,True,True,False,True,False
XLI,2017-03-22T00:00:00.000Z,55.4236088674,-0.0144960847077882,202.4985978508,188.685596334736,True,discovery,False,True,True,False,True,False
XLI,2017-03-23T00:00:00.000Z,55.3466197519,-0.0094151500497231,202.2825117586,188.800753320871,True,discovery,False,True,True,False,True,False
XLI,2017-03-24T00:00:00.000Z,55.2011958669,-0.0162163597346067,202.1355749446,188.9122541463765,True,discovery,False,True,True,False,True,False
XLI,2017-03-27T00:00:00.000Z,55.0044459049,-0.0232804314438911,201.9281271101,189.02394556647204,True,discovery,False,True,True,False,True,False
XLI,2017-03-28T00:00:00.000Z,55.5861414448,-0.0089046938820693,203.3975229091,189.151494307963,True,discovery,False,True,True,False,True,False
XLI,2017-03-29T00:00:00.000Z,55.5775870986,-0.0254816830297118,203.5876665694,189.286852909093,True,discovery,False,True,True,False,True,False
XLI,2017-03-30T00:00:00.000Z,55.8855435609,-0.0094321821813772,204.235924846,189.42718876335,True,discovery,False,True,True,False,True,False
XLI,2017-03-31T00:00:00.000Z,55.6545762142,-0.0145672761128439,203.7605458153,189.566375556216,True,discovery,False,True,True,False,True,False
XLI,2017-04-03T00:00:00.000Z,55.5348153677,-0.0143097669237198,203.4061620311,189.70116536406047,True,discovery,False,True,True,False,True,False
XLI,2017-04-04T00:00:00.000Z,55.6802392527,-0.0088823136515527,203.5358085003,189.83987015176496,True,discovery,False,True,True,False,True,False
XLI,2017-04-05T00:00:00.000Z,55.500597983,-0.0086235910143209,202.9307700352,189.969889096872,True,discovery,False,True,True,False,True,False
XLI,2017-04-06T00:00:00.000Z,55.6545762142,-0.0013157358159864,203.5012399116,190.100249296627,True,discovery,False,True,True,False,True,False
XLI,2017-04-07T00:00:00.000Z,55.7144566374,-0.0063150901860574,203.2937929414,190.23101932585897,True,discovery,False,True,True,False,True,False
XLI,2017-04-10T00:00:00.000Z,55.8513261762,-0.0032684310513393,203.4148002887,190.3508603362755,True,discovery,False,True,True,False,True,False
XLI,2017-04-11T00:00:00.000Z,55.9283152918,0.0075996286831967,203.1727855941,190.501710084119,True,discovery,False,True,True,False,True,False
XLI,2017-04-12T00:00:00.000Z,55.158424136,-0.0174259983308887,202.2825117586,190.66360074124,True,discovery,False,True,True,False,True,False
XLI,2017-04-13T00:00:00.000Z,54.764924212,-0.0199756139462458,200.9687048607,190.8036003643305,True,discovery,False,True,True,False,True,False
XLI,2017-04-17T00:00:00.000Z,55.3637284442,-0.0146163215591783,202.7492646325,190.9377765756685,True,discovery,False,True,True,False,True,False
XLI,2017-04-18T00:00:00.000Z,55.1840871745,-0.0160158633318596,202.1442132023,191.056925300925,True,discovery,False,True,True,False,True,False
XLI,2017-04-19T00:00:00.000Z,55.2354132516,0.000154894672077,201.7725511741,191.1723430140135,True,discovery,False,True,True,False,True,False
XLI,2017-04-20T00:00:00.000Z,55.9026522532,0.0086433091527133,203.4148002887,191.3023986907905,True,discovery,False,True,True,False,True,False
XLI,2017-04-21T00:00:00.000Z,55.9539783303,0.010973724883698,202.7665420121,191.4238929241545,True,discovery,False,True,True,False,True,False
XLI,2017-04-24T00:00:00.000Z,56.7495325245,0.0280489694703953,204.9965522122,191.55709052561104,True,discovery,False,True,True,False,True,False
XLI,2017-04-25T00:00:00.000Z,57.0232716021,0.0367029548973267,206.1893517629,191.68297304663503,True,discovery,False,True,True,False,True,False
XLI,2017-04-26T00:00:00.000Z,57.0318259483,0.0260080024611106,206.0596923284,191.8050151792685,True,discovery,False,True,True,False,True,False
XLI,2017-04-27T00:00:00.000Z,57.014717256,0.025858088348643,206.2325715743,191.92132470684604,True,discovery,False,True,True,False,True,False
XLI,2017-04-28T00:00:00.000Z,56.7495325245,0.0154599724463355,205.7831090452,192.0355146011705,True,discovery,False,True,True,False,True,False
XLI,2017-05-01T00:00:00.000Z,56.578445601,0.0166000614800168,206.3017078874,192.147190156526,True,discovery,False,True,True,False,True,False
XLI,2017-05-02T00:00:00.000Z,56.8521846786,0.0237215033880566,206.3795083883,192.260488959864,True,discovery,False,True,True,False,True,False
XLI,2017-05-03T00:00:00.000Z,56.8949564095,0.0218159471493488,206.1288416066,192.370065870239,True,discovery,False,True,True,False,True,False
XLI,2017-05-04T00:00:00.000Z,56.9548368327,0.0262022194814088,206.3708571655,192.481789213678,True,discovery,False,True,True,False,True,False
XLI,2017-05-05T00:00:00.000Z,57.2456846027,0.0285889947733362,207.1833426009,192.5937445003695,True,discovery,False,True,True,False,True,False
XLI,2017-05-08T00:00:00.000Z,57.0917063715,0.0247197911856773,207.1487748765,192.7090169341215,True,discovery,False,True,True,False,True,False
XLI,2017-05-09T00:00:00.000Z,57.1686954871,0.0235870730579246,206.9586173867,192.81921013819348,True,discovery,False,True,True,False,True,False
XLI,2017-05-10T00:00:00.000Z,57.0489346407,0.0200367084732175,207.3302794149,192.9337728109815,True,discovery,False,True,True,False,True,False
XLI,2017-05-11T00:00:00.000Z,57.0318259483,0.0339640198509096,206.9067593176,193.045792245584,True,discovery,False,True,True,False,True,False
XLI,2017-05-12T00:00:00.000Z,56.7153151398,0.0356138706638187,206.561013791,193.15706184350253,True,discovery,False,True,True,False,True,False
XLI,2017-05-15T00:00:00.000Z,56.9804998713,0.0292027194073374,207.7019544082,193.27297211410092,True,discovery,False,True,True,False,True,False
XLI,2017-05-16T00:00:00.000Z,56.920619448,0.0314679894587879,207.5117977827,193.38644199730896,True,discovery,False,True,True,False,True,False
XLI,2017-05-17T00:00:00.000Z,55.7828914068,0.0099117237107688,203.8296950935,193.4822674391705,True,discovery,False,True,True,False,True,False
XLI,2017-05-18T00:00:00.000Z,55.8598805224,-0.0007651109397507,204.6508196508,193.5881145086195,True,discovery,False,True,True,False,True,False
XLI,2017-05-19T00:00:00.000Z,56.5955542934,0.0114661366759791,205.9819047926,193.6979356897156,True,discovery,False,True,True,False,True,False
XLI,2017-05-22T00:00:00.000Z,57.0318259483,0.0049743744352102,207.0277666649,193.812007225382,True,discovery,False,True,True,False,True,False
XLI,2017-05-23T00:00:00.000Z,57.1515867948,0.0022502250238352,207.485868316,193.92083598084704,True,discovery,False,True,True,False,True,False
XLI,2017-05-24T00:00:00.000Z,57.2200215642,0.0032998350091508,207.9698994338,194.032638145151,True,discovery,False,True,True,False,True,False
XLI,2017-05-25T00:00:00.000Z,57.5964127959,0.0102025506377265,208.9638902718,194.148857010395,True,discovery,False,True,True,False,True,False
XLI,2017-05-26T00:00:00.000Z,57.6648475653,0.016129032259514,208.9206834255,194.267158121548,True,discovery,False,True,True,False,True,False
XLI,2017-05-30T00:00:00.000Z,57.6477388729,0.0188993045061864,208.7391650577,194.3802529793025,True,discovery,False,True,True,False,True,False
XLI,2017-05-31T00:00:00.000Z,57.7589453732,0.0159494432751556,208.6873061243,194.493897150169,True,discovery,False,True,True,False,True,False
XLI,2017-06-01T00:00:00.000Z,58.1182279125,0.0215005262363774,210.3468464479,194.6131577128476,True,discovery,False,True,True,False,True,False
XLI,2017-06-02T00:00:00.000Z,58.3491952593,0.0244818263757966,211.0469627936,194.7407282278725,True,discovery,False,True,True,False,True,False
XLI,2017-06-05T00:00:00.000Z,58.1438909511,0.0156903765695839,210.8913868576,194.865775904425,True,discovery,False,True,True,False,True,False
XLI,2017-06-06T00:00:00.000Z,57.750391027,0.0115373089606725,210.2171999787,194.9853671214505,True,discovery,False,True,True,False,True,False
XLI,2017-06-07T00:00:00.000Z,57.6819562576,0.0089780038905349,210.6061523516,195.10826509330897,True,discovery,False,True,True,False,True,False
XLI,2017-06-08T00:00:00.000Z,57.8701518735,0.0143949617634775,210.7098693541,195.2317241858595,True,discovery,False,True,True,False,True,False
XLI,2017-06-09T00:00:00.000Z,58.092564874,0.018599070046636,210.3900662594,195.35171156091,True,discovery,False,True,True,False,True,False
XLI,2017-06-12T00:00:00.000Z,58.3064235284,0.0280542986436382,210.3468464479,195.476249671841,True,discovery,False,True,True,False,True,False
XLI,2017-06-13T00:00:00.000Z,58.5459452213,0.0274733523492392,211.3754179755,195.6065690969585,True,discovery,False,True,True,False,True,False
XLI,2017-06-14T00:00:00.000Z,58.4860647981,0.0275022542846732,211.1074729498,195.737293823838,True,discovery,False,True,True,False,True,False
XLI,2017-06-15T00:00:00.000Z,58.8367929912,0.0547462045688749,210.7012302322,195.861433252943,True,discovery,True,True,True,True,True,True
XLI,2017-06-16T00:00:00.000Z,59.0280621837,0.0567165849921493,210.7471295112,195.98733438648352,True,discovery,True,True,True,True,True,True
XLI,2017-06-19T00:00:00.000Z,59.3890375203,0.0493587042617897,212.5016228227,196.124646760708,True,discovery,False,True,True,False,True,False
XLI,2017-06-20T00:00:00.000Z,58.7530333558,0.0301797703103576,211.0684928282,196.2547509492805,True,discovery,False,True,True,False,True,False
XLI,2017-06-21T00:00:00.000Z,58.3576794157,0.021103396922826,211.0163810316,196.380423596703,True,discovery,False,True,True,False,True,False
XLI,2017-06-22T00:00:00.000Z,58.2373543035,0.0177793141541997,210.9208386846,196.502809475094,True,discovery,False,True,True,False,True,False
XLI,2017-06-23T00:00:00.000Z,58.4522205753,0.0148586993157482,211.1727285813,196.62653994242552,True,discovery,False,True,True,False,True,False
XLI,2017-06-26T00:00:00.000Z,58.469409877,0.0139523877313454,211.3116875818,196.7530932655715,True,discovery,False,True,True,False,True,False
XLI,2017-06-27T00:00:00.000Z,58.0310826826,0.0066497631510784,209.6093199639,196.89339424969648,True,discovery,False,True,True,False,True,False
XLI,2017-06-28T00:00:00.000Z,58.5553563857,0.0137885310639611,211.4854097836,197.0300519635195,True,discovery,False,True,True,False,True,False
XLI,2017-06-29T00:00:00.000Z,58.0568666352,-0.0010558008993731,209.626694616,197.170652639755,True,discovery,False,True,True,False,True,False
XLI,2017-06-30T00:00:00.000Z,58.538167084,0.0032386363489715,210.0175435133,197.313548058719,True,discovery,False,True,True,False,True,False
XLI,2017-07-03T00:00:00.000Z,58.8991424206,0.0129893520565245,210.3736561346,197.44915848045,True,discovery,False,True,True,False,True,False
XLI,2017-07-05T00:00:00.000Z,59.071035438,0.0228681466482636,210.8600465104,197.5907246503725,True,discovery,False,True,True,False,True,False
XLI,2017-07-06T00:00:00.000Z,58.5553563857,0.0151416523427103,208.931844894,197.7224786654825,True,discovery,False,True,True,False,True,False
XLI,2017-07-07T00:00:00.000Z,59.0108728819,0.0197117334492837,210.2867950337,197.860964679899,True,discovery,False,True,True,False,True,False
XLI,2017-07-10T00:00:00.000Z,59.1827658993,0.0187666188894326,210.512619478,197.9903132841465,True,discovery,False,True,True,False,True,False
XLI,2017-07-11T00:00:00.000Z,59.1311979941,0.0141455163220269,210.3562788768,198.113062565404,True,discovery,False,True,True,False,True,False
XLI,2017-07-12T00:00:00.000Z,59.4577947272,0.0155749386648942,211.9370560664,198.2488061511645,True,discovery,False,True,True,False,True,False
XLI,2017-07-13T00:00:00.000Z,59.4148214729,0.0158799652191707,212.2931652136,198.3938162677905,True,discovery,False,True,True,False,True,False
XLI,2017-07-14T00:00:00.000Z,59.672660999,0.0142065528269874,213.2833223543,198.5380878128665,True,discovery,False,True,True,False,True,False
XLI,2017-07-17T00:00:00.000Z,59.6382823955,0.0103377984847434,213.2572655875,198.6776519631365,True,discovery,False,True,True,False,True,False
XLI,2017-07-18T00:00:00.000Z,59.5007679816,0.0018813314033219,213.3701782439,198.82616500569952,True,discovery,False,True,True,False,True,False
XLI,2017-07-19T00:00:00.000Z,59.5609305377,0.013750731421942,214.5253615747,198.973524038763,True,discovery,False,True,True,False,True,False
XLI,2017-07-20T00:00:00.000Z,59.2257391537,0.0148748159058302,214.6209030532,199.1235852033395,True,discovery,False,True,True,False,True,False
XLI,2017-07-21T00:00:00.000Z,59.1140086924,0.0150531286900736,214.4298200962,199.277396455164,True,discovery,False,True,True,False,True,False
XLI,2017-07-24T00:00:00.000Z,58.9850889293,0.0091163064252373,214.3777065625,199.426883267489,True,discovery,False,True,True,False,True,False
XLI,2017-07-25T00:00:00.000Z,58.9077370715,0.0074966926367496,214.8988418998,199.5783341262985,True,discovery,False,True,True,False,True,False
XLI,2017-07-26T00:00:00.000Z,58.9850889293,0.0164395734595874,214.9075274887,199.732993941002,True,discovery,False,True,True,False,True,False
XLI,2017-07-27T00:00:00.000Z,58.6498975453,0.0016145603995176,214.7077589428,199.88186383543848,True,discovery,False,True,True,False,True,False
XLI,2017-07-28T00:00:00.000Z,58.7874119593,0.0125832716514029,214.4558768631,200.04115250333305,True,discovery,False,True,True,False,True,False
XLI,2017-07-31T00:00:00.000Z,58.7100601014,0.0029364263686859,214.3342786177,200.198635362492,True,discovery,False,True,True,False,True,False
XLI,2017-08-01T00:00:00.000Z,58.538167084,-0.0061287027580515,214.8119860102,200.3615012039975,True,discovery,False,True,True,False,True,False
XLI,2017-08-02T00:00:00.000Z,58.7960066101,-0.0046558998984987,214.9162130777,200.5244176332035,True,discovery,False,True,True,False,True,False
XLI,2017-08-03T00:00:00.000Z,59.0882247398,0.0091002495243992,214.4993048079,200.688414980567,True,discovery,False,True,True,False,True,False
XLI,2017-08-04T00:00:00.000Z,59.1999552011,0.0032041945825547,214.8901563108,200.84867722819152,True,discovery,False,True,True,False,True,False
XLI,2017-08-07T00:00:00.000Z,59.1999552011,0.0002904443808735,215.2896934027,201.00849890319748,True,discovery,False,True,True,False,True,False
XLI,2017-08-08T00:00:00.000Z,59.0194675328,-0.0018895348832801,214.7598724765,201.16738253022152,True,discovery,False,True,True,False,True,False
XLI,2017-08-09T00:00:00.000Z,59.0366568345,-0.007082971957373,214.7511868875,201.325794997221,True,discovery,False,True,True,False,True,False
XLI,2017-08-10T00:00:00.000Z,58.2889222087,-0.0189498047168843,211.7199163426,201.465158386396,True,discovery,False,True,True,False,True,False
XLI,2017-08-11T00:00:00.000Z,58.3233008122,-0.02261270344258,212.0325975449,201.6091651340275,True,discovery,False,True,True,False,True,False
XLI,2017-08-14T00:00:00.000Z,58.9335210241,-0.0118172647348605,214.1345100718,201.7655208278385,True,discovery,False,True,True,False,True,False
XLI,2017-08-15T00:00:00.000Z,58.804601261,-0.0117001300019401,214.1084533049,201.924184560058,True,discovery,False,True,True,False,True,False
XLI,2017-08-16T00:00:00.000Z,58.9678996276,-0.0099567099564477,214.48193363,202.0874106699385,True,discovery,False,True,True,False,True,False
XLI,2017-08-17T00:00:00.000Z,57.9451361739,-0.0216224060366158,211.1379818827,202.2338742012475,True,discovery,False,True,True,False,True,False
XLI,2017-08-18T00:00:00.000Z,57.7130806004,-0.0236987496363126,210.8079295024,202.38527517179,True,discovery,False,True,True,False,True,False
XLI,2017-08-21T00:00:00.000Z,57.8076217599,-0.0199621156935325,210.9729556925,202.542933916857,True,discovery,False,True,True,False,True,False
XLI,2017-08-22T00:00:00.000Z,58.469409877,-0.0074409104184053,213.1790952869,202.715729983119,True,discovery,False,True,True,False,True,False
XLI,2017-08-23T00:00:00.000Z,57.9193522213,-0.0180679003345641,212.4147634589,202.8856882454615,True,discovery,False,True,True,False,True,False
XLI,2017-08-24T00:00:00.000Z,57.738864553,-0.0155334114879968,211.9196848885,203.033493706826,True,discovery,False,True,True,False,True,False
XLI,2017-08-25T00:00:00.000Z,58.0138933809,-0.0131578947366406,212.4147634589,203.1796679335415,True,discovery,False,True,True,False,True,False
XLI,2017-08-28T00:00:00.000Z,57.9795147774,-0.0124432733119035,212.4234490479,203.3161751789525,True,discovery,False,True,True,False,True,False
XLI,2017-08-29T00:00:00.000Z,58.4006526701,-0.002349141094607,212.6666455386,203.451588475635,True,discovery,False,True,True,False,True,False
XLI,2017-08-30T00:00:00.000Z,58.6413028945,-0.0026311942684458,213.6741738572,203.59417826680453,True,discovery,False,True,True,False,True,False
XLI,2017-08-31T00:00:00.000Z,58.8389798645,-0.0042181818187561,214.9596410224,203.7424681923715,True,discovery,False,True,True,False,True,False
XLI,2017-09-01T00:00:00.000Z,58.8905477697,-0.0052264808368344,215.2636366358,203.8850487603905,True,discovery,False,True,True,False,True,False
XLI,2017-09-05T00:00:00.000Z,58.2975168596,-0.0152439024393591,213.717601802,204.0216530307245,True,discovery,False,True,True,False,True,False
XLI,2017-09-06T00:00:00.000Z,58.3576794157,-0.0112130479105426,214.4471912741,204.157114175159,True,discovery,False,True,True,False,True,False
XLI,2017-09-07T00:00:00.000Z,58.4780045279,-0.0094628039010762,214.4211345073,204.29454113298448,True,discovery,False,True,True,False,True,False
XLI,2017-09-08T00:00:00.000Z,58.6756814979,0.0066352108521621,214.1692524276,204.423650491527,True,discovery,False,True,True,False,True,False
XLI,2017-09-11T00:00:00.000Z,59.1827658993,0.0147362216323705,216.4535623225,204.5623419518335,True,discovery,False,True,True,False,True,False
XLI,2017-09-12T00:00:00.000Z,59.4663893781,0.009041855038359,217.1831517947,204.70416805619504,True,discovery,False,True,True,False,True,False
XLI,2017-09-13T00:00:00.000Z,59.3804428694,0.0097924583459747,217.2873788621,204.84300754720348,True,discovery,False,True,True,False,True,False
XLI,2017-09-14T00:00:00.000Z,59.6640663481,0.0118058592029985,217.2178941505,204.98594846289492,True,discovery,False,True,True,False,True,False
XLI,2017-09-15T00:00:00.000Z,59.9097685083,0.0339050430135137,217.5084913743,205.12850291699505,True,discovery,False,True,True,False,True,False
XLI,2017-09-18T00:00:00.000Z,60.2464857546,0.0438965504499935,217.9711082547,205.275637635287,True,discovery,False,True,True,False,True,False
XLI,2017-09-19T00:00:00.000Z,60.3069221834,0.04323479062814,218.1893237644,205.4273283642605,True,discovery,False,True,True,False,True,False
XLI,2017-09-20T00:00:00.000Z,60.7472447362,0.0389577193269403,218.2678813478,205.5789413934025,True,discovery,False,True,True,False,True,False
XLI,2017-09-21T00:00:00.000Z,60.9285540226,0.0519550320556476,217.683063782,205.72198373313097,True,discovery,True,True,True,True,True,True
XLI,2017-09-22T00:00:00.000Z,61.0839619825,0.0579349361196641,217.726706884,205.86224990715093,True,discovery,True,True,True,True,True,True
XLI,2017-09-25T00:00:00.000Z,61.0839619825,0.0529195408665807,217.2815472443,205.9878848976875,True,discovery,True,True,True,True,True,True
XLI,2017-09-26T00:00:00.000Z,61.0839619825,0.0535438631561313,217.4124765501,206.111821847902,True,discovery,True,True,True,True,True,True
XLI,2017-09-27T00:00:00.000Z,61.1530321868,0.0471292595349566,218.2591527275,206.234174494854,True,discovery,False,True,True,False,True,False
XLI,2017-09-28T00:00:00.000Z,61.1184970846,0.0422431642515968,218.521011339,206.35894861698,True,discovery,False,True,True,False,True,False
XLI,2017-09-29T00:00:00.000Z,61.2998063711,0.0418230654621651,219.2891299329,206.4811040177235,True,discovery,False,True,True,False,True,False
XLI,2017-10-02T00:00:00.000Z,61.7228613728,0.0480945365659726,220.2405495549,206.616058560682,True,discovery,False,True,True,False,True,False
XLI,2017-10-03T00:00:00.000Z,61.9905084147,0.0633473217048672,220.7118950556,206.749391594705,True,discovery,True,True,True,True,True,True
XLI,2017-10-04T00:00:00.000Z,61.9732408636,0.0619551956846198,220.9737536672,206.8859207108665,True,discovery,True,True,True,True,True,True
XLI,2017-10-05T00:00:00.000Z,62.1200150479,0.0622800068060185,222.2830467249,207.0268878126935,True,discovery,True,True,True,True,True,True
XLI,2017-10-06T00:00:00.000Z,62.1113812723,0.0585540668074382,222.0299167338,207.1628457048335,True,discovery,True,True,True,True,True,True
XLI,2017-10-09T00:00:00.000Z,61.9387057614,0.0465665945182294,221.6633146776,207.299681412841,True,discovery,False,True,True,False,True,False
XLI,2017-10-10T00:00:00.000Z,62.0336772924,0.0431720832750857,222.2481322434,207.441119361485,True,discovery,False,True,True,False,True,False
XLI,2017-10-11T00:00:00.000Z,61.9991421903,0.0441003669618884,222.5972770588,207.5828830465065,True,discovery,False,True,True,False,True,False
XLI,2017-10-12T00:00:00.000Z,62.327225661,0.0446359002311751,222.2655894842,207.7205786450725,True,discovery,False,True,True,False,True,False
XLI,2017-10-13T00:00:00.000Z,62.2149865789,0.0384781668832627,222.5361767161,207.867673771023,True,discovery,False,True,True,False,True,False
XLI,2017-10-16T00:00:00.000Z,62.2840567832,0.0338205789612289,222.8329498092,208.016467859151,True,discovery,False,True,True,False,True,False
XLI,2017-10-17T00:00:00.000Z,62.1200150479,0.0300644237652549,222.9900649761,208.1695759861325,True,discovery,False,True,True,False,True,False
XLI,2017-10-18T00:00:00.000Z,62.1459163745,0.0230244457073542,223.2082804858,208.3164170913615,True,discovery,False,True,True,False,True,False
XLI,2017-10-19T00:00:00.000Z,62.3185918854,0.0228142270089717,223.2693808285,208.4577977355005,True,discovery,False,True,True,False,True,False
XLI,2017-10-20T00:00:00.000Z,62.992026378,0.0312367491166771,224.4215587193,208.605713837568,True,discovery,False,True,True,False,True,False
XLI,2017-10-23T00:00:00.000Z,62.5948727029,0.0247349823319067,223.5486966808,208.7457801702755,True,discovery,False,True,True,False,True,False
XLI,2017-10-24T00:00:00.000Z,62.9488575002,0.0305300353345494,223.9414845981,208.8910376677815,True,discovery,False,True,True,False,True,False
XLI,2017-10-25T00:00:00.000Z,62.327225661,0.0192009035727496,222.8329498092,209.030752491343,True,discovery,False,True,True,False,True,False
XLI,2017-10-26T00:00:00.000Z,62.4135634164,0.0211894335360927,223.1209942819,209.1691536427235,True,discovery,False,True,True,False,True,False
XLI,2017-10-27T00:00:00.000Z,62.4394647431,0.0185915492962682,224.9452759424,209.3191289236885,True,discovery,False,True,True,False,True,False
XLI,2017-10-30T00:00:00.000Z,62.0077759658,0.0046160302141398,224.1073283854,209.462676906843,True,discovery,False,True,True,False,True,False
XLI,2017-10-31T00:00:00.000Z,61.757396475,-0.0037604456821123,224.4564732008,209.611413000543,True,discovery,False,True,True,False,True,False
XLI,2017-11-01T00:00:00.000Z,61.7228613728,-0.0040401225966393,224.7532462939,209.75948147623347,True,discovery,False,True,True,False,True,False
XLI,2017-11-02T00:00:00.000Z,62.0768461702,-0.0006949270322409,224.8405324978,209.91160085796892,True,discovery,False,True,True,False,True,False
XLI,2017-11-03T00:00:00.000Z,62.0164097413,-0.0015290519878093,225.5911938509,210.063902079599,True,discovery,False,True,True,False,True,False
XLI,2017-11-06T00:00:00.000Z,62.0509448435,0.0018120992474779,225.9403386663,210.22048782313897,True,discovery,False,True,True,False,True,False
XLI,2017-11-07T00:00:00.000Z,62.1459163745,0.0018093249827983,225.7832234993,210.370048637132,True,discovery,False,True,True,False,True,False
XLI,2017-11-08T00:00:00.000Z,62.042311068,0.0006962818544729,226.1672827963,210.5130528984165,True,discovery,False,True,True,False,True,False
XLI,2017-11-09T00:00:00.000Z,61.2652712689,-0.0170383709661008,225.3467924801,210.6529874417025,True,discovery,False,True,True,False,True,False
XLI,2017-11-10T00:00:00.000Z,61.3516090244,-0.0138773244514821,225.276963517,210.794121912578,True,discovery,False,True,True,False,True,False
XLI,2017-11-13T00:00:00.000Z,61.1443984113,-0.018297754365406,225.4864504063,210.942414022362,True,discovery,False,True,True,False,True,False
XLI,2017-11-14T00:00:00.000Z,60.9803566759,-0.0183460736627514,224.9627331831,211.08817362258097,True,discovery,False,True,True,False,True,False
XLI,2017-11-15T00:00:00.000Z,60.6350056541,-0.0243123089744954,223.8367411535,211.22791601283848,True,discovery,False,True,True,False,True,False
XLI,2017-11-16T00:00:00.000Z,61.2048348401,-0.0178719866993806,225.7395803974,211.37652711554648,True,discovery,False,True,True,False,True,False
XLI,2017-11-17T00:00:00.000Z,60.8681175938,-0.0337171052643223,225.0762052482,211.5150657188215,True,discovery,False,True,True,False,True,False
XLI,2017-11-20T00:00:00.000Z,61.1443984113,-0.0231724137931316,225.4602645451,211.657288847939,True,discovery,False,True,True,False,True,False
XLI,2017-11-21T00:00:00.000Z,61.5847209641,-0.0216705527355387,226.9354013902,211.806844592886,True,discovery,False,True,True,False,True,False
XLI,2017-11-22T00:00:00.000Z,61.6537911684,-0.010804820613432,226.7346431213,211.95410564349447,True,discovery,False,True,True,False,True,False
XLI,2017-11-24T00:00:00.000Z,61.6537911684,-0.0121731913130979,227.2583603444,212.09813324086448,True,discovery,False,True,True,False,True,False
XLI,2017-11-27T00:00:00.000Z,61.757396475,-0.0109236725668019,227.1448882794,212.237677825318,True,discovery,False,True,True,False,True,False
XLI,2017-11-28T00:00:00.000Z,62.6984780094,0.0111389585070902,229.4492440611,212.38332241159748,True,discovery,False,True,True,False,True,False
XLI,2017-11-29T00:00:00.000Z,63.2510396443,0.0241856563675679,229.3095861349,212.5242669791035,True,discovery,False,True,True,False,True,False
XLI,2017-11-30T00:00:00.000Z,64.3302615875,0.0422436704441093,231.3171688234,212.669999836071,True,discovery,False,True,True,False,True,False
XLI,2017-12-01T00:00:00.000Z,63.5359542373,0.0235048678713392,230.8370947023,212.814192902914,True,discovery,False,True,True,False,True,False
XLI,2017-12-04T00:00:00.000Z,64.0712483211,0.0331337881114321,230.5577788499,212.9553973142385,True,discovery,False,True,True,False,True,False
XLI,2017-12-05T00:00:00.000Z,63.5273204618,0.0237929595113113,229.7285599134,213.0864314384245,True,discovery,False,True,True,False,True,False
XLI,2017-12-06T00:00:00.000Z,63.6222919928,0.023756599056375,229.7722030153,213.218587426997,True,discovery,False,True,True,False,True,False
XLI,2017-12-07T00:00:00.000Z,64.2093887298,0.0349290286660151,230.4966785073,213.353677305409,True,discovery,False,True,True,False,True,False
XLI,2017-12-08T00:00:00.000Z,64.4856695473,0.0525648252541854,231.7535998427,213.493760887504,True,discovery,True,True,True,True,True,True
XLI,2017-12-11T00:00:00.000Z,64.3561629141,0.0489726991268486,232.4518894735,213.63574383719347,True,discovery,False,True,True,False,True,False
XLI,2017-12-12T00:00:00.000Z,64.4252331185,0.0536571589948569,232.8621346316,213.78253191152143,True,discovery,True,True,True,True,True,True
XLI,2017-12-13T00:00:00.000Z,64.6756126093,0.060597479825178,232.8359487704,213.91494624454648,True,discovery,True,True,True,True,True,True
XLI,2017-12-14T00:00:00.000Z,64.2352900565,0.0593763349003095,231.8845291485,214.04910093804105,True,discovery,True,True,True,True,True,True
XLI,2017-12-15T00:00:00.000Z,64.6857244872,0.0568727888277775,233.8059891583,214.19221751236,True,discovery,True,True,True,True,True,True
XLI,2017-12-18T00:00:00.000Z,65.1457813039,0.0702775751773161,235.2886056518,214.345802236954,True,discovery,True,True,True,True,True,True
XLI,2017-12-19T00:00:00.000Z,65.1631419385,0.0657254569775487,234.3849991498,214.4979240656925,True,discovery,True,True,True,True,True,True
XLI,2017-12-20T00:00:00.000Z,65.3801498708,0.0616293919544181,234.2621788486,214.651325106989,True,discovery,True,True,True,True,True,True
XLI,2017-12-21T00:00:00.000Z,65.4322317746,0.0612848055990529,234.7446871749,214.805847786923,True,discovery,True,True,True,True,True,True
XLI,2017-12-22T00:00:00.000Z,65.4495924092,0.0615663881955323,234.6832770242,214.9564919492325,True,discovery,True,True,True,True,True,True
XLI,2017-12-26T00:00:00.000Z,65.5190349476,0.0609099263781749,234.4025449071,215.1052161121345,True,discovery,True,True,True,True,True,True
XLI,2017-12-27T00:00:00.000Z,65.6752806589,0.0474780687507869,234.5165923297,215.2584262292855,True,discovery,False,True,True,False,True,False
XLI,2017-12-28T00:00:00.000Z,65.8054854183,0.0403858306261089,234.999100656,215.40522779291248,True,discovery,False,True,True,False,True,False
XLI,2017-12-29T00:00:00.000Z,65.6839609762,0.0210429641555045,234.1130399114,215.549621451586,True,discovery,False,True,True,False,True,False
XLI,2018-01-02T00:00:00.000Z,66.0745752545,0.0399556605023752,235.7886597354,215.70418702593847,True,discovery,False,True,True,False,True,False
XLI,2018-01-03T00:00:00.000Z,66.4304682636,0.036821819526233,237.2800491075,215.867333173222,True,discovery,False,True,True,False,True,False
XLI,2018-01-04T00:00:00.000Z,66.9165660322,0.053350992073371,238.2801572747,216.0486179303205,True,discovery,True,True,True,True,True,True
XLI,2018-01-05T00:00:00.000Z,67.3766228488,0.0590096763006411,239.8680483121,216.23546518262705,True,discovery,True,True,True,True,True,True
XLI,2018-01-08T00:00:00.000Z,67.6543930023,0.0536526564206514,240.3066922451,216.42558608505948,True,discovery,True,True,True,True,True,True
XLI,2018-01-09T00:00:00.000Z,68.0884088671,0.0558688363646033,240.850610722,216.61916126394647,True,discovery,True,True,True,True,True,True
XLI,2018-01-10T00:00:00.000Z,68.0797285498,0.0578587266097585,240.4821498183,216.8119313774875,True,discovery,True,True,True,True,True,True
XLI,2018-01-11T00:00:00.000Z,68.9477602794,0.0701980721215478,242.2367255502,217.00612739069297,True,discovery,True,True,True,True,True,True
XLI,2018-01-12T00:00:00.000Z,69.5901037592,0.0759867738646409,243.8158437089,217.2072682763905,True,discovery,True,True,True,True,True,True
XLI,2018-01-16T00:00:00.000Z,68.9651209139,0.0736329026184785,242.9824202363,217.401000753342,True,discovery,True,True,True,True,True,True
XLI,2018-01-17T00:00:00.000Z,69.347054875,0.0720611916269466,245.2984602024,217.6086903252775,True,discovery,True,True,True,True,True,True
XLI,2018-01-18T00:00:00.000Z,68.9738012312,0.0587608261146272,244.8861349054,217.816090189649,True,discovery,True,True,True,True,True,True
XLI,2018-01-19T00:00:00.000Z,69.173448529,0.0615425602756365,246.0002904952,218.02841259962352,True,discovery,True,True,True,True,True,True
XLI,2018-01-22T00:00:00.000Z,69.173448529,0.0580191184280867,248.0005068296,218.25376128359548,True,discovery,True,True,True,True,True,True
XLI,2018-01-23T00:00:00.000Z,69.2081697982,0.0577076147518138,248.5268795492,218.47888948178348,True,discovery,True,True,True,True,True,True
XLI,2018-01-24T00:00:00.000Z,69.1474075772,0.0564986737408652,248.4303778839,218.704572406496,True,discovery,True,True,True,True,True,True
XLI,2018-01-25T00:00:00.000Z,69.2168501155,0.0564387917321642,248.5356524278,218.9301766671915,True,discovery,True,True,True,True,True,True
XLI,2018-01-26T00:00:00.000Z,70.0154393067,0.0660851176311168,251.4131566282,219.171378522362,True,discovery,True,True,True,True,True,True
XLI,2018-01-29T00:00:00.000Z,69.5467021728,0.0568526579618482,249.7463096829,219.4086975119835,True,discovery,True,True,True,True,True,True
XLI,2018-01-30T00:00:00.000Z,68.9998421831,0.0504823576047961,247.1846291142,219.63977713325096,True,discovery,True,True,True,True,True,True
XLI,2018-01-31T00:00:00.000Z,69.2081697982,0.0474251182339093,247.3074494155,219.862568057166,True,discovery,False,True,True,False,True,False
XLI,2018-02-01T00:00:00.000Z,69.0866453561,0.0399843198750327,247.0267172984,220.0869805776465,True,discovery,False,True,True,False,True,False
XLI,2018-02-02T00:00:00.000Z,67.6977945888,0.0116746659747015,241.64894268,220.286362535176,True,discovery,False,True,True,False,True,False
XLI,2018-02-05T00:00:00.000Z,64.6249622661,-0.0408399896930868,231.5425864641,220.42700146605296,True,discovery,False,True,True,False,True,False
XLI,2018-02-06T00:00:00.000Z,65.8054854183,-0.0273287143960798,236.1044833671,220.593691172828,True,discovery,False,True,True,False,True,False
XLI,2018-02-07T00:00:00.000Z,65.9270098605,-0.0317440081588451,234.8236430828,220.742826627181,True,discovery,False,True,True,False,True,False
XLI,2018-02-08T00:00:00.000Z,63.3836768928,-0.068978707128141,226.0156729085,220.84195823290892,True,discovery,False,True,True,False,True,False
XLI,2018-02-09T00:00:00.000Z,64.0694219592,-0.0707541231278767,229.4107769498,220.958713656016,True,discovery,False,True,True,False,True,False
XLI,2018-02-12T00:00:00.000Z,65.1023797174,-0.0644879630777489,232.7795623551,221.09144860992,True,discovery,False,True,True,False,True,False
XLI,2018-02-13T00:00:00.000Z,65.2499451114,-0.0538703587156504,233.3585723466,221.229325926427,True,discovery,False,True,True,False,True,False
XLI,2018-02-14T00:00:00.000Z,66.0745752545,-0.0471898860939189,236.5080357854,221.380357565917,True,discovery,False,True,True,False,True,False
XLI,2018-02-15T00:00:00.000Z,67.0728117435,-0.0275610369990757,239.5259060444,221.5460895541975,True,discovery,False,True,True,False,True,False
XLI,2018-02-16T00:00:00.000Z,67.0901723781,-0.0301167022203124,239.5960890736,221.7134257915325,True,discovery,False,True,True,False,True,False
XLI,2018-02-20T00:00:00.000Z,66.413107629,-0.0399046304427451,238.0959268228,221.872051139819,True,discovery,False,True,True,False,True,False
XLI,2018-02-21T00:00:00.000Z,66.4304682636,-0.0401354571678362,236.9115882038,222.0206923678335,True,discovery,False,True,True,False,True,False
XLI,2018-02-22T00:00:00.000Z,66.8731644457,-0.0328897815722289,237.2186389569,222.1710416882355,True,discovery,False,True,True,False,True,False
XLI,2018-02-23T00:00:00.000Z,67.4287047526,-0.0258339603711549,240.9997496592,222.341247349598,True,discovery,False,True,True,False,True,False
XLI,2018-02-26T00:00:00.000Z,68.3574987033,-0.0236796429447148,243.7982979516,222.5235874422815,True,discovery,False,True,True,False,True,False
XLI,2018-02-27T00:00:00.000Z,67.498147291,-0.0294558162759469,240.7541090567,222.692824190977,True,discovery,False,True,True,False,True,False
XLI,2018-02-28T00:00:00.000Z,66.5346320712,-0.0357277644977542,238.3152487893,222.8515953659685,True,discovery,False,True,True,False,True,False
XLI,2018-03-01T00:00:00.000Z,65.2325844768,-0.0574438730715199,234.8499617188,222.9873354025215,True,discovery,False,True,True,False,True,False
XLI,2018-03-02T00:00:00.000Z,65.2152238422,-0.056037190602397,236.0606189738,223.130079508477,True,discovery,False,True,True,False,True,False
XLI,2018-03-05T00:00:00.000Z,65.9964523988,-0.0251314271068066,238.788984237,223.3048759541945,True,discovery,False,True,True,False,True,False
XLI,2018-03-06T00:00:00.000Z,66.2915831869,0.0257891202154596,239.3943128645,223.478593420263,True,discovery,False,True,True,False,True,False
XLI,2018-03-07T00:00:00.000Z,66.2829028696,0.0072549795547474,239.3065840779,223.6452168166895,True,discovery,False,True,True,False,True,False
XLI,2018-03-08T00:00:00.000Z,66.6301155614,0.0106649111250118,240.4646040609,223.81240100366952,True,discovery,False,True,True,False,True,False
XLI,2018-03-09T00:00:00.000Z,68.0970891844,0.074363188168647,244.6492671816,223.9982179979976,True,discovery,True,True,True,True,True,True
XLI,2018-03-12T00:00:00.000Z,67.2550984067,0.0497222598563269,244.3422164285,224.18007958297105,True,discovery,False,True,True,False,True,False
XLI,2018-03-13T00:00:00.000Z,66.9252463495,0.0280000000001965,242.7630982698,224.34907562296092,True,discovery,False,True,True,False,True,False
XLI,2018-03-14T00:00:00.000Z,66.1960996966,0.0145004656108853,241.5173495001,224.512058953334,True,discovery,False,True,True,False,True,False
XLI,2018-03-15T00:00:00.000Z,66.3870666771,0.0047293746709133,241.2541631403,224.67463394374693,True,discovery,False,True,True,False,True,False
XLI,2018-03-16T00:00:00.000Z,66.7405951678,-0.0049530736383985,241.5145246332,224.8387700362915,True,discovery,False,True,True,False,True,False
XLI,2018-03-19T00:00:00.000Z,66.2264014991,-0.0128747750733451,238.2467679359,224.9782696437315,True,discovery,False,True,True,False,True,False
XLI,2018-03-20T00:00:00.000Z,66.4529953192,0.0006005996650966,238.6519345345,225.116294502436,True,discovery,False,True,True,False,True,False
XLI,2018-03-21T00:00:00.000Z,66.5314316416,0.0015198354104528,238.1939201187,225.2528071687415,True,discovery,False,True,True,False,True,False
XLI,2018-03-22T00:00:00.000Z,64.3352146159,-0.0379516933412172,232.2397327135,225.3629198324155,True,discovery,False,True,True,False,True,False
XLI,2018-03-23T00:00:00.000Z,63.3939787478,-0.0598369198934437,227.2896538351,225.446337339833,True,discovery,False,True,True,False,True,False
XLI,2018-03-26T00:00:00.000Z,64.927844607,-0.0501723170297105,233.5080803264,225.5603283946945,True,discovery,False,True,True,False,True,False
XLI,2018-03-27T00:00:00.000Z,64.0301844735,-0.051378637143162,229.5356860664,225.65605649372952,True,discovery,False,True,True,False,True,False
XLI,2018-03-28T00:00:00.000Z,63.8123058003,-0.0409159288351783,228.8574724122,225.74860962355103,True,discovery,False,True,True,False,True,False
XLI,2018-03-29T00:00:00.000Z,64.7448265215,-0.0074772134081774,231.7817182977,225.850641125162,True,discovery,False,True,True,False,True,False
XLI,2018-04-02T00:00:00.000Z,63.4114090417,-0.0276594128521994,226.7787916021,225.9289977184235,True,discovery,False,True,True,False,True,False
XLI,2018-04-03T00:00:00.000Z,64.2916388813,-0.0258318963449465,229.6854215485,226.023918675005,True,discovery,False,True,True,False,True,False
XLI,2018-04-04T00:00:00.000Z,64.570523583,-0.0259619626076467,232.1428450486,226.130897252692,True,discovery,False,True,True,False,True,False
XLI,2018-04-05T00:00:00.000Z,65.2241596025,-0.0159730974544505,233.9749027117,226.238263652137,True,discovery,False,True,True,False,True,False
XLI,2018-04-06T00:00:00.000Z,63.4201241886,-0.0481762840384387,228.7605847474,226.32672411173303,True,discovery,False,True,True,False,True,False
XLI,2018-04-09T00:00:00.000Z,63.2283909562,-0.0714964220425936,229.8880048478,226.421082230814,True,discovery,False,True,True,False,True,False
XLI,2018-04-10T00:00:00.000Z,64.1957722651,-0.0454883899373675,233.5433122045,226.53419459841348,True,discovery,False,True,True,False,True,False
XLI,2018-04-11T00:00:00.000Z,63.725154331,-0.0478159169080728,232.3190044393,226.63992597770348,True,discovery,False,True,True,False,True,False
XLI,2018-04-12T00:00:00.000Z,64.6402447584,-0.0235037252244623,234.2303338282,226.7545192089356,True,discovery,False,True,True,False,True,False
XLI,2018-04-13T00:00:00.000Z,64.4833721137,-0.0286756842663251,233.5433122045,226.8741891701385,True,discovery,False,True,True,False,True,False
XLI,2018-04-16T00:00:00.000Z,65.1282929863,-0.0241577435359443,235.463449563,226.9940793690355,True,discovery,False,True,True,False,True,False
XLI,2018-04-17T00:00:00.000Z,65.6773472427,-0.0082905645478483,237.9825288499,227.13585854020505,True,discovery,False,True,True,False,True,False
XLI,2018-04-18T00:00:00.000Z,66.357128703,-0.0014426229508468,238.1586882406,227.2765642638415,True,discovery,False,True,True,False,True,False
XLI,2018-04-19T00:00:00.000Z,66.1741106176,-0.0053707099814845,236.8374928104,227.4088834472205,True,discovery,False,True,True,False,True,False
XLI,2018-04-20T00:00:00.000Z,65.886510769,0.0241127065847481,234.8292757566,227.5287295934515,True,discovery,False,True,True,False,True,False
XLI,2018-04-23T00:00:00.000Z,65.8080744466,0.0380808358535751,234.7940438784,227.65804058837352,True,discovery,False,True,True,False,True,False
XLI,2018-04-24T00:00:00.000Z,63.969178445,-0.0147651006714096,231.6319828156,227.764766527283,True,discovery,False,True,True,False,True,False
XLI,2018-04-25T00:00:00.000Z,64.1521965305,0.0019055396763771,232.2045008353,227.8732259340695,True,discovery,False,True,True,False,True,False
XLI,2018-04-26T00:00:00.000Z,63.9168875634,0.0016388964759757,234.5650366705,227.994269723038,True,discovery,False,True,True,False,True,False
XLI,2018-04-27T00:00:00.000Z,63.7861603595,-0.014806838067311,234.7852359089,228.1085106222505,True,discovery,False,True,True,False,True,False
XLI,2018-04-30T00:00:00.000Z,62.9407911076,-0.0074216602534492,232.9796021543,228.21194280695403,True,discovery,False,True,True,False,True,False
XLI,2018-05-01T00:00:00.000Z,62.653191259,-0.0254846143419212,233.3935767225,228.312494078795,True,discovery,False,True,True,False,True,False
XLI,2018-05-02T00:00:00.000Z,62.1041370026,-0.0381967876910532,231.8257581453,228.405336541584,True,discovery,False,True,True,False,True,False
XLI,2018-05-03T00:00:00.000Z,62.2522945004,-0.0455638695877668,231.3148959123,228.495060129926,True,discovery,False,True,True,False,True,False
XLI,2018-05-04T00:00:00.000Z,62.9756516953,-0.0070083825755089,234.309605554,228.59398134982249,True,discovery,False,True,True,False,True,False
XLI,2018-05-07T00:00:00.000Z,63.3939787478,0.0026188835283615,235.1023228121,228.696388448617,True,discovery,False,True,True,False,True,False
XLI,2018-05-08T00:00:00.000Z,63.847166388,-0.00543035568854,235.1023228121,228.79975096219653,True,discovery,False,True,True,False,True,False
XLI,2018-05-09T00:00:00.000Z,64.5356629953,0.0127188183819857,237.374778952,228.914736324144,True,discovery,False,True,True,False,True,False
XLI,2018-05-10T00:00:00.000Z,64.9714203416,0.0051233652415425,239.5943872747,229.0382140510185,True,discovery,False,True,True,False,True,False
XLI,2018-05-11T00:00:00.000Z,65.1108626925,0.0097310447365188,240.325448746,229.165303657305,True,discovery,False,True,True,False,True,False
XLI,2018-05-14T00:00:00.000Z,64.9975657824,-0.0020072260135467,240.43995235,229.293964624341,True,discovery,False,True,True,False,True,False
XLI,2018-05-15T00:00:00.000Z,64.7796871092,-0.0136677282379088,238.7840540775,229.41560551041297,True,discovery,False,True,True,False,True,False
XLI,2018-05-16T00:00:00.000Z,65.0149960763,-0.0202258996573992,239.7881626044,229.54287493034653,True,discovery,False,True,True,False,True,False
XLI,2018-05-17T00:00:00.000Z,65.2677353371,-0.0136968260251755,239.5855793051,229.666742896821,True,discovery,False,True,True,False,True,False
XLI,2018-05-18T00:00:00.000Z,65.6512018019,-0.0035714285724584,238.9866373768,229.78709501831648,True,discovery,False,True,True,False,True,False
XLI,2018-05-21T00:00:00.000Z,66.6447285516,0.0127135478744162,240.7834631618,229.918515810086,True,discovery,False,True,True,False,True,False
XLI,2018-05-22T00:00:00.000Z,65.8255047405,0.0290190735698763,240.1140574772,230.044635315918,True,discovery,False,True,True,False,True,False
XLI,2018-05-23T00:00:00.000Z,65.764498712,0.0251324548292506,240.7746551923,230.172060124866,True,discovery,False,True,True,False,True,False
XLI,2018-05-24T00:00:00.000Z,66.0869591483,0.0339514589590657,240.2814088984,230.2996678069755,True,discovery,False,True,True,False,True,False
XLI,2018-05-25T00:00:00.000Z,65.9649470913,0.0341576718134517,239.7088908786,230.424456326931,True,discovery,False,True,True,False,True,False
XLI,2018-05-29T00:00:00.000Z,64.9104143131,0.0312932705617388,236.9519964144,230.55061672729,True,discovery,False,True,True,False,True,False
XLI,2018-05-30T00:00:00.000Z,65.8255047405,0.05063291139291,240.1140574772,230.69102402695148,True,discovery,True,True,True,True,True,True
XLI,2018-05-31T00:00:00.000Z,64.8755537254,0.0446253157448106,238.643126565,230.81356710941748,True,discovery,False,True,True,False,True,False
XLI,2018-06-01T00:00:00.000Z,65.5901957735,0.0536189276216727,240.9860464611,230.94795507519848,True,discovery,True,True,True,True,True,True
XLI,2018-06-04T00:00:00.000Z,65.4943291573,0.0399944644350218,242.1310825006,231.0862008195515,True,discovery,False,True,True,False,True,False
XLI,2018-06-05T00:00:00.000Z,65.5727654796,0.0343689854279041,242.3072418913,231.2420471195945,True,discovery,False,True,True,False,True,False
XLI,2018-06-06T00:00:00.000Z,66.121819736,0.0356265356269205,244.3330748842,231.4096728465035,True,discovery,False,True,True,False,True,False
XLI,2018-06-07T00:00:00.000Z,66.4007044377,0.0288993923024518,244.3066509756,231.576341322919,True,discovery,False,True,True,False,True,False
XLI,2018-06-08T00:00:00.000Z,66.6185831108,0.0253521126756923,245.0289044774,231.7355903688715,True,discovery,False,True,True,False,True,False
XLI,2018-06-11T00:00:00.000Z,66.7493103148,0.02516396734041,245.3547993502,231.900290548328,True,discovery,False,True,True,False,True,False
XLI,2018-06-12T00:00:00.000Z,66.6795891393,0.025878251541467,245.6718862534,232.0690515551525,True,discovery,False,True,True,False,True,False
XLI,2018-06-13T00:00:00.000Z,66.1479651768,0.0211220234097992,244.8879769648,232.231417622682,True,discovery,False,True,True,False,True,False
XLI,2018-06-14T00:00:00.000Z,65.8952259159,0.0135388739940396,245.5045348323,232.396823051604,True,discovery,False,True,True,False,True,False
XLI,2018-06-15T00:00:00.000Z,65.7310325478,0.0070984110036469,245.192380392,232.559451725871,True,discovery,False,True,True,False,True,False
XLI,2018-06-18T00:00:00.000Z,65.4597782867,-0.0029157655906683,244.6880695746,232.714521204458,True,discovery,False,True,True,False,True,False
XLI,2018-06-19T00:00:00.000Z,64.0772565692,-0.0385247571443271,243.7502284054,232.858474141373,True,discovery,False,True,True,False,True,False
XLI,2018-06-20T00:00:00.000Z,64.1210072564,-0.0258941802394,244.1660636408,233.002986276398,True,discovery,False,True,True,False,True,False
XLI,2018-06-21T00:00:00.000Z,63.3159946107,-0.0372313961066235,242.6354360722,233.147575447749,True,discovery,False,True,True,False,True,False
XLI,2018-06-22T00:00:00.000Z,63.5347480471,-0.0386189822332844,243.0778139822,233.2907285612895,True,discovery,False,True,True,False,True,False
XLI,2018-06-25T00:00:00.000Z,62.7297354014,-0.0490444066516456,239.7688272155,233.4174670248305,True,discovery,False,True,True,False,True,False
XLI,2018-06-26T00:00:00.000Z,62.9659891126,-0.0299555197894891,240.2996807075,233.54811916623004,True,discovery,False,True,True,False,True,False
XLI,2018-06-27T00:00:00.000Z,62.4584811403,-0.0511507448894408,238.3089801125,233.65739625518,True,discovery,False,True,True,False,True,False
XLI,2018-06-28T00:00:00.000Z,62.5459825149,-0.0359083056209496,239.6715040753,233.769838016583,True,discovery,False,True,True,False,True,False
XLI,2018-06-29T00:00:00.000Z,62.6772345767,-0.0444115338039119,240.0165588451,233.883483916498,True,discovery,False,True,True,False,True,False
XLI,2018-07-02T00:00:00.000Z,62.8172367759,-0.0408751782917011,240.5297172206,234.0000430318485,True,discovery,False,True,True,False,True,False
XLI,2018-07-03T00:00:00.000Z,62.6159836145,-0.0450916145365236,239.6803516335,234.11090233314448,True,discovery,False,True,True,False,True,False
XLI,2018-07-05T00:00:00.000Z,62.9222384253,-0.0483891901867605,241.6356619956,234.229225101849,True,discovery,False,True,True,False,True,False
XLI,2018-07-06T00:00:00.000Z,63.1409918617,-0.0490915360552899,243.6794479398,234.356675722726,True,discovery,False,True,True,False,True,False
XLI,2018-07-09T00:00:00.000Z,64.3135102804,-0.0346010485777851,245.8736423733,234.49470452785351,True,discovery,False,True,True,False,True,False
XLI,2018-07-10T00:00:00.000Z,64.5147634418,-0.0334767035413778,246.7583981933,234.64008119991,True,discovery,False,True,True,False,True,False
XLI,2018-07-11T00:00:00.000Z,63.45599681,-0.0483445139796169,244.9534963206,234.77621514709296,True,discovery,False,True,True,False,True,False
XLI,2018-07-12T00:00:00.000Z,64.1997584935,-0.0294522541712786,247.1742334287,234.92567857801492,True,discovery,False,True,True,False,True,False
XLI,2018-07-13T00:00:00.000Z,64.5322637167,-0.0206837776220617,247.3688797091,235.07546059381,True,discovery,False,True,True,False,True,False
XLI,2018-07-16T00:00:00.000Z,64.2697595931,-0.0222310969120612,247.1476907541,235.219903283943,True,discovery,False,True,True,False,True,False
XLI,2018-07-17T00:00:00.000Z,64.5235135793,-0.014302900680466,248.1474648307,235.3680355514015,True,discovery,False,True,True,False,True,False
XLI,2018-07-18T00:00:00.000Z,65.232274713,0.0180253994262791,248.6694707645,235.5149372555595,True,discovery,False,True,True,False,True,False
XLI,2018-07-19T00:00:00.000Z,65.2060243006,0.016921397380134,247.7316295953,235.6523926557615,True,discovery,False,True,True,False,True,False
XLI,2018-07-20T00:00:00.000Z,65.136023201,0.028745163074362,247.4485077329,235.786075719148,True,discovery,False,True,True,False,True,False
XLI,2018-07-23T00:00:00.000Z,64.7335168781,0.0188679245270844,247.9085807593,235.9207498546085,True,discovery,False,True,True,False,True,False
XLI,2018-07-24T00:00:00.000Z,65.0047711392,0.036267261821564,249.1560864655,236.05511505331148,True,discovery,False,True,True,False,True,False
XLI,2018-07-25T00:00:00.000Z,65.9935366714,0.0480822679269903,251.2795004334,236.20136297180952,True,discovery,False,True,True,False,True,False
XLI,2018-07-26T00:00:00.000Z,66.5010446437,0.0647240123293939,250.6867140341,236.346479968592,True,discovery,True,True,True,True,True,True
XLI,2018-07-27T00:00:00.000Z,66.5097947811,0.0633743704522624,248.9879828597,236.48017922167352,True,discovery,True,True,True,True,True,True
XLI,2018-07-30T00:00:00.000Z,65.8535344721,0.0506770906031768,247.6873918043,236.605629795401,True,discovery,True,True,True,True,True,True
XLI,2018-07-31T00:00:00.000Z,67.3060572894,0.0714584203936545,248.9083548359,236.73884362215952,True,discovery,True,True,True,True,True,True
XLI,2018-08-01T00:00:00.000Z,66.3960429942,0.0603689211842812,248.4925196005,236.8686253365815,True,discovery,True,True,True,True,True,True
XLI,2018-08-02T00:00:00.000Z,66.3085416197,0.0538172715902365,249.8461960051,237.003691567561,True,discovery,True,True,True,True,True,True
XLI,2018-08-03T00:00:00.000Z,66.3697925819,0.0511363636363546,250.9167505473,237.14332499541692,True,discovery,True,True,True,True,True,True
XLI,2018-08-06T00:00:00.000Z,66.4660440939,0.0334693877556238,251.8368966,237.286468075988,True,discovery,False,True,True,False,True,False
XLI,2018-08-07T00:00:00.000Z,66.9385515163,0.0375695103755056,252.6685670708,237.43346400719952,True,discovery,False,True,True,False,True,False
XLI,2018-08-08T00:00:00.000Z,66.6410468429,0.0501930501925085,252.5623963724,237.57416819546492,True,discovery,True,True,True,True,True,True
XLI,2018-08-09T00:00:00.000Z,66.2735410699,0.0323020308029657,252.2173416026,237.717511420074,True,discovery,False,True,True,False,True,False
XLI,2018-08-10T00:00:00.000Z,65.6872818605,0.0178983050845789,250.5274579865,237.850441287016,True,discovery,False,True,True,False,True,False
XLI,2018-08-13T00:00:00.000Z,65.3722769122,0.0171545268891648,249.5896168173,237.9842246220565,True,discovery,False,True,True,False,True,False
XLI,2018-08-14T00:00:00.000Z,65.8272840598,0.0202061296444691,251.1821772932,238.12453053711292,True,discovery,False,True,True,False,True,False
XLI,2018-08-15T00:00:00.000Z,65.5122791115,0.0042924211938328,249.3064949549,238.24633663217548,True,discovery,False,True,True,False,True,False
XLI,2018-08-16T00:00:00.000Z,66.3435421695,0.0174449812130246,251.3237382244,238.3824186813705,True,discovery,False,True,True,False,True,False
XLI,2018-08-17T00:00:00.000Z,66.7460484924,0.0247178936059959,252.2084940444,238.5211787855885,True,discovery,False,True,True,False,True,False
XLI,2018-08-20T00:00:00.000Z,67.1923055025,0.0379832387143457,252.7481950946,238.661153529592,True,discovery,False,True,True,False,True,False
XLI,2018-08-21T00:00:00.000Z,67.6910633373,0.041324538968803,253.340981494,238.80365577457303,True,discovery,False,True,True,False,True,False
XLI,2018-08-22T00:00:00.000Z,67.0348030283,0.0157783081407618,253.1905730046,238.9416526703415,True,discovery,False,True,True,False,True,False
XLI,2018-08-23T00:00:00.000Z,66.8423000043,0.0051315789462915,252.854365793,239.07622280597505,True,discovery,False,True,True,False,True,False
XLI,2018-08-24T00:00:00.000Z,67.1310545403,0.0093408762009372,254.3761458034,239.21918741749548,True,discovery,False,True,True,False,True,False
XLI,2018-08-27T00:00:00.000Z,67.9798178732,0.0322880680307424,256.3845415147,239.3702737110875,True,discovery,False,True,True,False,True,False
XLI,2018-08-28T00:00:00.000Z,67.839815674,0.0079303172120892,256.5084073295,239.5260817853345,True,discovery,False,True,True,False,True,False
XLI,2018-08-29T00:00:00.000Z,67.8923164987,0.0225355824989554,257.8886264087,239.689140099793,True,discovery,False,True,True,False,True,False
XLI,2018-08-30T00:00:00.000Z,67.4198090762,0.0167590393236736,256.8446145411,239.845930920467,True,discovery,False,True,True,False,True,False
XLI,2018-08-31T00:00:00.000Z,67.4635597635,0.0164798945280761,256.8534620993,240.005384565048,True,discovery,False,True,True,False,True,False
XLI,2018-09-04T00:00:00.000Z,67.4110589388,0.0142180094781168,256.4110841893,240.16825628022704,True,discovery,False,True,True,False,True,False
XLI,2018-09-05T00:00:00.000Z,67.8923164987,0.0142483660132346,255.7209746498,240.318163251489,True,discovery,False,True,True,False,True,False
XLI,2018-09-06T00:00:00.000Z,68.1023197976,0.0219275210088583,254.9512370864,240.46753841068,True,discovery,False,True,True,False,True,False
XLI,2018-09-07T00:00:00.000Z,67.8923164987,0.0244256667542879,254.4557738272,240.6125159570905,True,discovery,False,True,True,False,True,False
XLI,2018-09-10T00:00:00.000Z,68.2423219968,0.0388970294390647,254.8981517372,240.7523297088256,True,discovery,False,True,True,False,True,False
XLI,2018-09-11T00:00:00.000Z,68.2248217219,0.0436353901751225,255.7386697662,240.89734984205003,True,discovery,False,True,True,False,True,False
XLI,2018-09-12T00:00:00.000Z,68.4348250208,0.0396118569715138,255.8006026736,241.040061053696,True,discovery,False,True,True,False,True,False
XLI,2018-09-13T00:00:00.000Z,68.8460814811,0.050888206223538,257.3135351257,241.1909042879275,True,discovery,True,True,True,True,True,True
XLI,2018-09-14T00:00:00.000Z,69.1873368418,0.0428646795046674,257.3577729167,241.33044693220552,True,discovery,False,True,True,False,True,False
XLI,2018-09-17T00:00:00.000Z,69.2135872541,0.0369690613517137,255.995248954,241.46387524630103,True,discovery,False,True,True,False,True,False
XLI,2018-09-18T00:00:00.000Z,69.8435971508,0.0394582627947086,257.3843155913,241.59421098014047,True,discovery,False,True,True,False,True,False
XLI,2018-09-19T00:00:00.000Z,69.7823461886,0.0308945191314145,257.6585898955,241.7283184561065,True,discovery,False,True,True,False,True,False
XLI,2018-09-20T00:00:00.000Z,69.887347838,0.0425531914891395,259.7466136307,241.8742626300105,True,discovery,False,True,True,False,True,False
XLI,2018-09-21T00:00:00.000Z,70.3369299004,0.0522817122671599,259.5100299244,242.02316998006552,True,discovery,True,True,True,True,True,True
XLI,2018-09-24T00:00:00.000Z,69.1324099758,0.0298126619521306,258.6479294106,242.167548612042,True,discovery,False,True,True,False,True,False
XLI,2018-09-25T00:00:00.000Z,68.9213991861,0.0138508949031945,258.4079632882,242.3071050359465,True,discovery,False,True,True,False,True,False
XLI,2018-09-26T00:00:00.000Z,68.8774386049,0.0152951908932983,257.634739116,242.436510732313,True,discovery,False,True,True,False,True,False
XLI,2018-09-27T00:00:00.000Z,68.9741518835,0.0159345775868571,258.3546374832,242.5660244723615,True,discovery,False,True,True,False,True,False
XLI,2018-09-28T00:00:00.000Z,68.9301913024,0.0224026476327294,258.3813003857,242.69362030113203,True,discovery,False,True,True,False,True,False
XLI,2018-10-01T00:00:00.000Z,69.5368473227,0.030731962061713,259.2789514362,242.825835314461,True,discovery,False,True,True,False,True,False
XLI,2018-10-02T00:00:00.000Z,69.695105415,0.0338823705213353,259.1278616554,242.9620519769955,True,discovery,False,True,True,False,True,False
XLI,2018-10-03T00:00:00.000Z,69.9852452509,0.030827181338555,259.270063802,243.089372350214,True,discovery,False,True,True,False,True,False
XLI,2018-10-04T00:00:00.000Z,69.7566502287,0.0242918366953821,257.2436832129,243.1991477380195,True,discovery,False,True,True,False,True,False
XLI,2018-10-05T00:00:00.000Z,69.3961734629,0.0221506208913757,255.8038864785,243.306242174663,True,discovery,False,True,True,False,True,False
XLI,2018-10-08T00:00:00.000Z,69.5720157877,0.0194848849217403,255.8038864785,243.4139507128125,True,discovery,False,True,True,False,True,False
XLI,2018-10-09T00:00:00.000Z,68.4993776067,0.0040242814546169,255.4306058436,243.517380306156,True,discovery,False,True,True,False,True,False
XLI,2018-10-10T00:00:00.000Z,66.2925564311,-0.0313037782890347,247.3428587553,243.58067821481148,True,discovery,False,True,True,False,True,False
XLI,2018-10-11T00:00:00.000Z,64.5429252998,-0.0625040102315964,241.8947390134,243.61813918534293,True,discovery,False,False,True,False,False,False
XLI,2018-10-12T00:00:00.000Z,64.9737389955,-0.0609012868342452,245.254264727,243.67182754732949,True,discovery,False,True,True,False,True,False
XLI,2018-10-15T00:00:00.000Z,65.0968286228,-0.0594790530967044,243.8766814318,243.7162154512085,True,discovery,False,True,True,False,True,False
XLI,2018-10-16T00:00:00.000Z,66.1958431525,-0.0522274646081599,249.2092619295,243.791696561299,True,discovery,False,True,True,False,True,False
XLI,2018-10-17T00:00:00.000Z,65.7122767594,-0.0583252018812877,249.2537001004,243.859021763124,True,discovery,False,True,True,False,True,False
XLI,2018-10-18T00:00:00.000Z,64.5780937648,-0.0759687445216397,245.6542082644,243.9008925589085,True,discovery,False,True,True,False,True,False
XLI,2018-10-19T00:00:00.000Z,64.3407066264,-0.0852499999998704,245.5208937519,243.93709624129448,True,discovery,False,True,True,False,True,False
XLI,2018-10-22T00:00:00.000Z,64.1209037204,-0.0724914154902787,244.4188271157,243.95985013531248,True,discovery,False,True,True,False,True,False
XLI,2018-10-23T00:00:00.000Z,63.0658497719,-0.0849598163030466,243.1745583329,243.97418946575152,True,discovery,False,False,True,False,False,False
XLI,2018-10-24T00:00:00.000Z,60.9293655262,-0.1153944345156667,235.8067096118,243.9489699602005,True,discovery,False,False,True,False,False,False
XLI,2018-10-25T00:00:00.000Z,61.3601792218,-0.1103887826639795,240.0372234734,243.946745328476,True,discovery,False,False,True,False,False,False
XLI,2018-10-26T00:00:00.000Z,60.7535232014,-0.1186224489807169,235.815597246,243.914639686955,True,discovery,False,False,True,False,False,False
XLI,2018-10-29T00:00:00.000Z,59.7424298341,-0.1408521937031024,234.509115024,243.86810604353053,True,discovery,False,False,True,False,False,False
XLI,2018-10-30T00:00:00.000Z,60.9733261074,-0.1251419200195782,237.9841799817,243.84311484225748,True,discovery,False,False,True,False,False,False
XLI,2018-10-31T00:00:00.000Z,61.439308268,-0.1221105527638355,240.5260433523,243.819252758007,True,discovery,False,False,True,False,False,False
XLI,2018-11-01T00:00:00.000Z,62.5207385652,-0.1037307789261205,243.0856819913,243.8102504934365,True,discovery,False,False,True,False,False,False
XLI,2018-11-02T00:00:00.000Z,62.4152331703,-0.1005954643353943,241.6458852569,243.78847846724497,True,discovery,False,False,True,False,False,False
XLI,2018-11-05T00:00:00.000Z,62.7405414711,-0.0981928472138329,242.9790303813,243.7633710850036,True,discovery,False,False,True,False,False,False
XLI,2018-11-06T00:00:00.000Z,63.3999501889,-0.074444872288901,244.5165910915,243.743319642715,True,discovery,False,True,True,False,True,False
XLI,2018-11-07T00:00:00.000Z,64.4286277887,-0.0281167108759373,249.7514076135,243.749924791363,True,discovery,False,True,True,False,True,False
XLI,2018-11-08T00:00:00.000Z,64.3231223939,-0.0034055305810672,249.2981382712,243.75373722058,True,discovery,False,True,True,False,True,False
XLI,2018-11-09T00:00:00.000Z,63.6725057923,-0.0200270636001126,246.8629265105,243.7309860699916,True,discovery,False,True,True,False,True,False
XLI,2018-11-12T00:00:00.000Z,62.4152331703,-0.0411939492173784,242.2502443799,243.6935057434765,True,discovery,False,False,True,False,False,False
XLI,2018-11-13T00:00:00.000Z,62.6965808899,-0.0528622659060102,241.7969750376,243.6665674730935,True,discovery,False,False,True,False,False,False
XLI,2018-11-14T00:00:00.000Z,62.4855701002,-0.0491035590048768,240.1438750833,243.6307496014325,True,discovery,False,False,True,False,False,False
XLI,2018-11-15T00:00:00.000Z,63.3120290266,-0.0196051735873644,242.6501879173,243.608866954527,True,discovery,False,False,True,False,False,False
XLI,2018-11-16T00:00:00.000Z,63.2944447941,-0.0162612735725022,243.2812099428,243.617028290841,True,discovery,False,False,True,False,False,False
XLI,2018-11-19T00:00:00.000Z,62.292143543,-0.0285204991085953,239.1662353254,243.6551465351475,True,discovery,False,False,True,False,False,False
XLI,2018-11-20T00:00:00.000Z,60.9997024561,-0.0327617454339067,234.7401935122,243.648325085873,True,discovery,False,False,True,False,False,False
XLI,2018-11-21T00:00:00.000Z,61.4305161517,0.0082251082244488,235.5400805869,243.6519072733935,True,discovery,False,False,True,False,False,False
XLI,2018-11-23T00:00:00.000Z,61.3074265244,-0.000859722022801,233.9669693401,243.6916637555516,True,discovery,False,False,True,False,False,False
XLI,2018-11-26T00:00:00.000Z,61.7558244525,0.0164978292333324,237.7442138593,243.733330940099,True,discovery,False,False,True,False,False,False
XLI,2018-11-27T00:00:00.000Z,61.6503190577,0.0319352465056754,238.544100934,243.76215363299352,True,discovery,False,False,True,False,False,False
XLI,2018-11-28T00:00:00.000Z,63.1273945856,0.0353280461427636,244.0366588467,243.815544065494,True,discovery,False,True,True,False,True,False
XLI,2018-11-29T00:00:00.000Z,63.1625630505,0.028048082426044,243.5034007969,243.85052089055148,True,discovery,False,False,True,False,False,False
XLI,2018-11-30T00:00:00.000Z,63.7780111872,0.0201096892143852,244.9876357021,243.87782953884,True,discovery,False,True,True,False,True,False
XLI,2018-12-03T00:00:00.000Z,64.5165489511,0.0336667136220827,248.2316221716,243.92100720433,True,discovery,False,True,True,False,True,False
XLI,2018-12-04T00:00:00.000Z,61.773408685,-0.0154147982058059,240.1883132541,243.9314691364865,True,discovery,False,False,True,False,False,False
XLI,2018-12-06T00:00:00.000Z,61.4305161517,-0.031063652752598,239.8239202535,243.946030796735,True,discovery,False,False,True,False,False,False
XLI,2018-12-07T00:00:00.000Z,59.812766764,-0.071643013100297,234.2513736333,243.93119447011705,True,discovery,False,False,True,False,False,False
XLI,2018-12-10T00:00:00.000Z,59.9622327401,-0.0677966101691225,234.6957553414,243.899674498528,True,discovery,False,False,True,False,False,False
XLI,2018-12-11T00:00:00.000Z,59.6105480906,-0.0637945318965477,234.7490811464,243.854428414502,True,discovery,False,False,True,False,False,False
XLI,2018-12-12T00:00:00.000Z,59.9446485076,-0.0395830398639864,235.9311364901,243.83031355166892,True,discovery,False,False,True,False,False,False
XLI,2018-12-13T00:00:00.000Z,59.7775982991,-0.0465572850922437,235.8511477826,243.81799304663548,True,discovery,False,False,True,False,False,False
XLI,2018-12-14T00:00:00.000Z,58.9511393727,-0.0565639510343315,231.4962070428,243.8012242732555,True,discovery,False,False,True,False,False,False
XLI,2018-12-17T00:00:00.000Z,57.9840065866,-0.0841549784759144,226.9546259855,243.755694308314,True,discovery,False,False,True,False,False,False
XLI,2018-12-18T00:00:00.000Z,58.2741464225,-0.0793165717454553,226.7057722289,243.6952782482735,True,discovery,False,False,True,False,False,False
XLI,2018-12-19T00:00:00.000Z,57.1751318928,-0.0821453775574081,223.3106959787,243.6148601638445,True,discovery,False,False,True,False,False,False
XLI,2018-12-20T00:00:00.000Z,56.1288700605,-0.0798501008936137,219.675653606,243.516705511485,True,discovery,False,False,True,False,False,False
XLI,2018-12-21T00:00:00.000Z,55.0759262199,-0.1034435379984047,215.2010853103,243.390387917732,True,discovery,False,False,True,False,False,False
XLI,2018-12-24T00:00:00.000Z,53.3860463953,-0.1292075133172868,209.5148414276,243.214715788962,True,discovery,False,False,True,False,False,False
XLI,2018-12-26T00:00:00.000Z,55.8722046713,-0.0952723056223698,220.1005533099,243.093507473369,True,discovery,False,False,True,False,False,False
XLI,2018-12-27T00:00:00.000Z,56.5711602008,-0.0823865786022339,221.7903333317,242.9886436486785,True,discovery,False,False,True,False,False,False
XLI,2018-12-28T00:00:00.000Z,56.4207520489,-0.1062398120614003,221.5042330105,242.8885780662305,True,discovery,False,False,True,False,False,False
XLI,2018-12-31T00:00:00.000Z,56.9869945032,-0.0977726084731944,223.4443508133,242.79952900459548,True,discovery,False,False,True,False,False,False
XLI,2019-01-02T00:00:00.000Z,57.2789632687,-0.1019010752690943,223.6768073242,242.7103404180505,True,discovery,False,False,True,False,False,False
XLI,2019-01-03T00:00:00.000Z,55.535998214,-0.1391976304235797,218.3392482079,242.61080281941048,True,discovery,False,False,True,False,False,False
XLI,2019-01-04T00:00:00.000Z,57.641712341,-0.0668847070600989,225.6526876671,242.5458065850735,True,discovery,False,False,True,False,False,False
XLI,2019-01-07T00:00:00.000Z,58.1106318734,-0.0540429168802958,227.4318740392,242.491996354676,True,discovery,False,False,True,False,False,False
XLI,2019-01-08T00:00:00.000Z,58.9069103248,-0.01514486769646,229.5686858128,242.4786411201725,True,discovery,False,False,True,False,False,False
XLI,2019-01-09T00:00:00.000Z,59.3050495505,-0.0109599519492292,230.6415620171,242.4954006610825,True,discovery,False,False,True,False,False,False
XLI,2019-01-10T00:00:00.000Z,60.1101755402,0.0083815275249714,231.4551598053,242.485136058477,True,discovery,False,False,True,False,False,False
XLI,2019-01-11T00:00:00.000Z,60.0482427718,0.0017281653455163,231.5445661557,242.4951804589235,True,discovery,False,False,True,False,False,False
XLI,2019-01-14T00:00:00.000Z,60.0393952334,0.0043795157675972,230.13194582,242.5015528259625,True,discovery,False,False,True,False,False,False
XLI,2019-01-15T00:00:00.000Z,59.8535969281,0.0153085685027136,232.7694331556,242.506491400252,True,discovery,False,False,True,False,False,False
XLI,2019-01-16T00:00:00.000Z,59.9155296966,0.0333113081296863,233.3326931628,242.53926090805552,True,discovery,False,False,True,False,False,False
XLI,2019-01-17T00:00:00.000Z,60.941844145,0.045778409230718,235.1029388999,242.56634849481247,True,discovery,False,False,True,False,False,False
XLI,2019-01-18T00:00:00.000Z,62.1008716686,0.0861517868473913,238.2321611624,242.59679507538152,True,discovery,True,False,True,True,False,False
XLI,2019-01-22T00:00:00.000Z,60.8179786081,0.0835418304794968,235.0135325495,242.60198822457053,True,discovery,True,False,True,True,False,False
XLI,2019-01-23T00:00:00.000Z,60.9064539916,0.1058634538150231,235.5052674765,242.635711638216,True,discovery,True,False,True,True,False,False
XLI,2019-01-24T00:00:00.000Z,61.2161178338,0.1466688763674648,235.630436367,242.664423795812,True,discovery,True,False,True,True,False,False
XLI,2019-01-25T00:00:00.000Z,61.9947012085,0.1095803642118484,237.62419798,242.6848282246895,True,discovery,True,False,True,True,False,False
XLI,2019-01-28T00:00:00.000Z,61.4019161391,0.0853925555203953,235.8181897027,242.7023241510065,True,discovery,True,False,True,True,False,False
XLI,2019-01-29T00:00:00.000Z,62.2512798206,0.103340128586848,235.5052674765,242.708698819248,True,discovery,True,False,True,True,False,False
XLI,2019-01-30T00:00:00.000Z,63.2245090389,0.1094550535622604,239.2335122864,242.7371498196575,True,discovery,True,False,True,True,False,False
XLI,2019-01-31T00:00:00.000Z,63.4987827277,0.1085881989487544,241.3345615198,242.76650537944147,True,discovery,True,False,True,True,False,False
XLI,2019-02-01T00:00:00.000Z,63.5961056496,0.1451330253314531,241.4507897753,242.7838466840685,True,discovery,True,False,True,True,False,False
XLI,2019-02-04T00:00:00.000Z,64.418926716,0.1175748273213499,243.1495104321,242.808800795026,True,discovery,True,True,True,True,True,True
XLI,2019-02-05T00:00:00.000Z,64.9763216319,0.1181485992693662,244.1687428261,242.8454570451045,True,discovery,True,True,True,True,True,True
XLI,2019-02-06T00:00:00.000Z,64.9940167086,0.1033343346347144,243.8468799648,242.8905450661455,True,discovery,True,True,True,True,True,True
XLI,2019-02-07T00:00:00.000Z,64.5516397912,0.0884678502162346,241.5223148555,242.924186421031,True,discovery,True,False,True,True,False,False
XLI,2019-02-08T00:00:00.000Z,64.648962713,0.0755078010005909,241.8173558117,242.97511328601152,True,discovery,True,False,True,True,False,False
XLI,2019-02-11T00:00:00.000Z,64.9940167086,0.0823633416817093,241.9514653373,243.0238481085215,True,discovery,True,False,True,True,False,False
XLI,2019-02-12T00:00:00.000Z,66.0026360804,0.0993221338059486,245.0628063297,243.0763369568175,True,discovery,True,True,True,True,True,True
XLI,2019-02-13T00:00:00.000Z,66.3919277677,0.109238728750993,245.8585228479,243.1317033915125,True,discovery,True,True,True,True,True,True
XLI,2019-02-14T00:00:00.000Z,66.0822639255,0.1029238038973716,245.3131441107,243.19337110129447,True,discovery,True,True,True,True,True,True
XLI,2019-02-15T00:00:00.000Z,66.9670177604,0.0988675958191254,247.9863939864,243.266335187614,True,discovery,True,True,True,True,True,True
XLI,2019-02-19T00:00:00.000Z,66.9404751453,0.0779313292497154,248.4155444681,243.349284119228,True,discovery,True,True,True,True,True,True
XLI,2019-02-20T00:00:00.000Z,67.2589865259,0.1059063136462441,248.9162200301,243.437290739817,True,discovery,True,True,True,True,True,True
XLI,2019-02-21T00:00:00.000Z,66.9847128371,0.0997966298668167,248.0310971616,243.50589819785492,True,discovery,True,True,True,True,True,True
XLI,2019-02-22T00:00:00.000Z,67.4270897545,0.1014597485185619,249.5688863877,243.578231015733,True,discovery,True,True,True,True,True,True
XLI,2019-02-25T00:00:00.000Z,67.6925159049,0.0919080919067125,249.9086305191,243.652262554268,True,discovery,True,True,True,True,True,True
XLI,2019-02-26T00:00:00.000Z,67.5067175996,0.0994236311236633,249.7298178184,243.7140377486,True,discovery,True,True,True,True,True,True
XLI,2019-02-27T00:00:00.000Z,67.7721437501,0.0886867538371967,249.6225301979,243.764178463216,True,discovery,True,True,True,True,True,True
XLI,2019-02-28T00:00:00.000Z,67.542107753,0.0682899524208802,249.1576171761,243.8083393053665,True,discovery,True,True,True,True,True,True
XLI,2019-03-01T00:00:00.000Z,67.6040405215,0.0646509683721727,250.7132876723,243.859705981978,True,discovery,True,True,True,True,True,True
XLI,2019-03-04T00:00:00.000Z,67.3032242176,0.0582915971054167,249.8013428986,243.91479242608352,True,discovery,True,True,True,True,True,True
XLI,2019-03-05T00:00:00.000Z,66.8696948385,0.0380442246935368,249.4615987673,243.963159606898,True,discovery,False,True,True,False,True,False
XLI,2019-03-06T00:00:00.000Z,66.2415196158,0.0194716775607508,247.9506314462,244.0049848676035,True,discovery,False,True,True,False,True,False
XLI,2019-03-07T00:00:00.000Z,65.8433803901,0.0130683365102377,245.876404118,244.0394337013095,True,discovery,False,True,True,False,True,False
XLI,2019-03-08T00:00:00.000Z,65.7106673149,0.017955043860218,245.384669191,244.0624397314555,True,discovery,False,True,True,False,True,False
XLI,2019-03-11T00:00:00.000Z,66.2680622308,0.0250444778980871,248.9430419352,244.10658465374547,True,discovery,False,True,True,False,True,False
XLI,2019-03-12T00:00:00.000Z,65.7195148532,0.0111625374356036,249.881808614,244.152120420854,True,discovery,False,True,True,False,True,False
XLI,2019-03-13T00:00:00.000Z,66.2946048459,0.0044235924932505,251.5358260956,244.20839250684,True,discovery,False,True,True,False,True,False
XLI,2019-03-14T00:00:00.000Z,66.0734163872,-0.0047974413638725,251.3748946649,244.2667225257715,True,discovery,False,True,True,False,True,False
XLI,2019-03-15T00:00:00.000Z,65.8413454563,-0.003645735707112,252.6114738967,244.345019913183,True,discovery,False,True,True,False,True,False
XLI,2019-03-18T00:00:00.000Z,66.4820505344,-0.0072418817832854,253.5274161077,244.41208670633551,True,discovery,False,True,True,False,True,False
XLI,2019-03-19T00:00:00.000Z,66.2417861301,-0.0104374672226845,253.5902748869,244.48682244794497,True,discovery,False,True,True,False,True,False
XLI,2019-03-20T00:00:00.000Z,65.7879533664,-0.0218711764105088,252.8269897111,244.546027164195,True,discovery,False,True,True,False,True,False
XLI,2019-03-21T00:00:00.000Z,66.4197597629,-0.0084340598066593,255.6825742512,244.613784622948,True,discovery,False,True,True,False,True,False
XLI,2019-03-22T00:00:00.000Z,64.9158825657,-0.0372432978783932,250.7616298235,244.65605656260905,True,discovery,False,True,True,False,True,False
XLI,2019-03-25T00:00:00.000Z,65.0671601536,-0.0387835452147815,250.573053486,244.687256455618,True,discovery,False,True,True,False,True,False
XLI,2019-03-26T00:00:00.000Z,65.5031955539,-0.0296788544450258,252.4408572104,244.727927486792,True,discovery,False,True,True,False,True,False
XLI,2019-03-27T00:00:00.000Z,65.5743850071,-0.0324286442982224,251.1208228475,244.75838707864253,True,discovery,False,True,True,False,True,False
XLI,2019-03-28T00:00:00.000Z,66.0549138156,-0.0220187670606701,252.0726843609,244.791976503696,True,discovery,False,True,True,False,True,False
XLI,2019-03-29T00:00:00.000Z,66.7668083469,-0.0123843511148379,253.6621134917,244.8319276398875,True,discovery,False,True,True,False,True,False
XLI,2019-04-01T00:00:00.000Z,68.1461040011,0.0125236167107665,256.670355067,244.89083953039847,True,discovery,False,True,True,False,True,False
XLI,2019-04-02T00:00:00.000Z,68.1194079562,0.0186887815282879,256.7960726254,244.947297219364,True,discovery,False,True,True,False,True,False
XLI,2019-04-03T00:00:00.000Z,67.9147382785,0.0252593641028262,257.2001647773,245.0073361412905,True,discovery,False,True,True,False,True,False
XLI,2019-04-04T00:00:00.000Z,68.3329763155,0.0378108765171227,257.8826315227,245.07330895103092,True,discovery,False,True,True,False,True,False
XLI,2019-04-05T00:00:00.000Z,68.5287473116,0.042886187461697,259.1308272809,245.15021194540847,True,discovery,False,True,True,False,True,False
XLI,2019-04-08T00:00:00.000Z,68.2350908175,0.0296829048637212,259.328383444,245.2260235444245,True,discovery,False,True,True,False,True,False
XLI,2019-04-09T00:00:00.000Z,67.3096279269,0.0241954475356658,257.9993692555,245.30284321034097,True,discovery,False,True,True,False,True,False
XLI,2019-04-10T00:00:00.000Z,67.2918305636,0.0150423359490268,258.8793921641,245.3818511012505,True,discovery,False,True,True,False,True,False
XLI,2019-04-11T00:00:00.000Z,67.8702448703,0.0271944237387442,258.8075535593,245.47704473296952,True,discovery,False,True,True,False,True,False
XLI,2019-04-12T00:00:00.000Z,68.7690117159,0.0444654683058252,260.5586195509,245.57833942718648,True,discovery,False,True,True,False,True,False
XLI,2019-04-15T00:00:00.000Z,68.3863684054,0.028644090482959,260.3880028646,245.688734540947,True,discovery,False,True,True,False,True,False
XLI,2019-04-16T00:00:00.000Z,68.8046064425,0.0386888769479523,260.5586195509,245.793170118325,True,discovery,False,True,True,False,True,False
XLI,2019-04-17T00:00:00.000Z,68.8935932589,0.0472068172603488,259.9210519335,245.89269258376697,True,discovery,False,True,True,False,True,False
XLI,2019-04-18T00:00:00.000Z,69.6855759249,0.0491693461954401,260.4329019926,245.992208507627,True,discovery,False,True,True,False,True,False
XLI,2019-04-22T00:00:00.000Z,69.4720075655,0.0701850582588756,260.6573976325,246.097093737622,True,discovery,True,True,True,True,True,True
XLI,2019-04-23T00:00:00.000Z,70.077117917,0.0769967177232462,263.0011321136,246.203921088212,True,discovery,True,True,True,True,True,True
XLI,2019-04-24T00:00:00.000Z,69.8724482393,0.0667028936291316,262.4174434497,246.29761106576152,True,discovery,True,True,True,True,True,True
XLI,2019-04-25T00:00:00.000Z,68.4664565402,0.0441036775684111,262.255806589,246.37952188684,True,discovery,False,True,True,False,True,False
XLI,2019-04-26T00:00:00.000Z,68.9825800753,0.0443217028164313,263.4770628703,246.463115210225,True,discovery,False,True,True,False,True,False
XLI,2019-04-29T00:00:00.000Z,69.1427563448,0.0355857656929667,263.8901348478,246.557798402861,True,discovery,False,True,True,False,True,False
XLI,2019-04-30T00:00:00.000Z,69.4186154757,0.0186732828421043,264.0248322318,246.6420513968765,True,discovery,False,True,True,False,True,False
XLI,2019-05-01T00:00:00.000Z,68.964782712,0.0124101894183161,262.0402907746,246.715408452204,True,discovery,False,True,True,False,True,False
XLI,2019-05-02T00:00:00.000Z,68.9291879854,0.0149371069169113,261.4745617619,246.78704280724293,True,discovery,False,True,True,False,True,False
XLI,2019-05-03T00:00:00.000Z,69.7656640596,0.0209662716502372,264.0338120574,246.8664745433765,True,discovery,False,True,True,False,True,False
XLI,2019-05-06T00:00:00.000Z,69.0982629366,0.0083106090121625,262.94725316,246.937863455354,True,discovery,False,True,True,False,True,False
XLI,2019-05-07T00:00:00.000Z,67.7011699191,-0.0078247261343582,258.5561184426,246.9919858995905,True,discovery,False,True,True,False,True,False
XLI,2019-05-08T00:00:00.000Z,67.7011699191,0.005817028027925,258.1969254187,247.0457279880195,True,discovery,False,True,True,False,True,False
XLI,2019-05-09T00:00:00.000Z,67.603284421,0.0046284051836817,257.4156805916,247.093263487181,True,discovery,False,True,True,False,True,False
XLI,2019-05-10T00:00:00.000Z,67.8702448703,0.0,258.7087754778,247.1410269322425,True,discovery,False,True,True,False,True,False
XLI,2019-05-13T00:00:00.000Z,65.9392309543,-0.0411490683229599,252.2073817448,247.1456663387995,True,discovery,False,True,True,False,True,False
XLI,2019-05-14T00:00:00.000Z,66.6244294406,-0.0257644762528562,254.4882574467,247.1646740558625,True,discovery,False,True,True,False,True,False
XLI,2019-05-15T00:00:00.000Z,66.713416257,-0.0303931712369811,255.978908496,247.199628684044,True,discovery,False,True,True,False,True,False
XLI,2019-05-16T00:00:00.000Z,67.3274252902,-0.0227331438906719,258.3495824538,247.2529396372915,True,discovery,False,True,True,False,True,False
XLI,2019-05-17T00:00:00.000Z,66.5799360324,-0.0445664666077659,256.6793348926,247.29179453757504,True,discovery,False,True,True,False,True,False
XLI,2019-05-20T00:00:00.000Z,66.4108610813,-0.0440630203656323,254.9821478546,247.3242426788455,True,discovery,False,True,True,False,True,False
XLI,2019-05-21T00:00:00.000Z,67.1939450656,-0.0411428571422536,257.2809832077,247.3614166148585,True,discovery,False,True,True,False,True,False
XLI,2019-05-22T00:00:00.000Z,66.6422268039,-0.0462302598062271,256.4907585551,247.38928665489752,True,discovery,False,True,True,False,True,False
XLI,2019-05-23T00:00:00.000Z,65.6277770969,-0.0414608786075159,253.3567994214,247.3968861690045,True,discovery,False,True,True,False,True,False
XLI,2019-05-24T00:00:00.000Z,65.6544731418,-0.0482456140357046,253.9315082596,247.40320087494848,True,discovery,False,True,True,False,True,False
XLI,2019-05-28T00:00:00.000Z,65.0493627903,-0.0592020592017932,251.5698141274,247.39823796372352,True,discovery,False,True,True,False,True,False
XLI,2019-05-29T00:00:00.000Z,64.7557062962,-0.0671708755288016,249.8816069149,247.386559290285,True,discovery,False,True,True,False,True,False
XLI,2019-05-30T00:00:00.000Z,65.0048693821,-0.0574193548384945,250.5640736604,247.38674236865447,True,discovery,False,True,True,False,True,False
XLI,2019-05-31T00:00:00.000Z,64.1150012181,-0.06984249935339,247.1876592356,247.374732580746,True,discovery,False,False,True,False,False,False
XLI,2019-06-03T00:00:00.000Z,64.5510366184,-0.0747448979593342,246.5590714437,247.3516170514985,True,discovery,False,False,True,False,False,False
XLI,2019-06-04T00:00:00.000Z,66.0905085422,-0.043528654217541,251.9110475001,247.3646398142245,True,discovery,False,True,True,False,True,False
XLI,2019-06-05T00:00:00.000Z,66.7312136203,-0.0143270241852401,254.0931451204,247.37848684870448,True,discovery,False,True,True,False,True,False
XLI,2019-06-06T00:00:00.000Z,66.8468964816,-0.0126182965304856,255.7454330304,247.39617154363447,True,discovery,False,True,True,False,True,False
XLI,2019-06-07T00:00:00.000Z,67.38081738,-0.0032907726733303,258.3046833258,247.4239539847905,True,discovery,False,True,True,False,True,False
XLI,2019-06-10T00:00:00.000Z,67.4698041964,-0.0059000917805031,259.4900203048,247.4546991788445,True,discovery,False,True,True,False,True,False
XLI,2019-06-11T00:00:00.000Z,66.8913898898,0.0144399460187805,259.4271615256,247.4858821214495,True,discovery,False,True,True,False,True,False
XLI,2019-06-12T00:00:00.000Z,67.0337687961,0.0061439829044234,258.9691904201,247.516456244585,True,discovery,False,True,True,False,True,False
XLI,2019-06-13T00:00:00.000Z,67.3719186984,0.009870614912947,260.0377896663,247.54476446389955,True,discovery,False,True,True,False,True,False
XLI,2019-06-14T00:00:00.000Z,67.1049582492,-0.0033042558814793,259.7504352471,247.56159393256152,True,discovery,False,True,True,False,True,False
XLI,2019-06-17T00:00:00.000Z,66.8735925265,0.0044105854045444,259.8492133287,247.5782979625575,True,discovery,False,True,True,False,True,False
XLI,2019-06-18T00:00:00.000Z,68.172800046,0.0265308857017083,262.5701004849,247.6017053329385,True,discovery,False,True,True,False,True,False
XLI,2019-06-19T00:00:00.000Z,68.1194079562,0.0137730101975184,263.1627689744,247.633296105105,True,discovery,False,True,True,False,True,False
XLI,2019-06-20T00:00:00.000Z,69.2584392061,0.0392575777802024,265.6771201418,247.6774143953175,True,discovery,False,True,True,False,True,False
XLI,2019-06-21T00:00:00.000Z,68.8912796017,0.0497274576279098,265.2924244132,247.72182109643697,True,discovery,False,True,True,False,True,False
XLI,2019-06-24T00:00:00.000Z,68.757215098,0.0472586528795795,264.9675765465,247.7680541059205,True,discovery,False,True,True,False,True,False
XLI,2019-06-25T00:00:00.000Z,68.2388323506,0.0490315265743943,262.3687936135,247.805141888556,True,discovery,False,True,True,False,True,False
XLI,2019-06-26T00:00:00.000Z,68.4086473886,0.0564111072419013,262.1071106098,247.84339857246897,True,discovery,True,True,True,True,True,True
XLI,2019-06-27T00:00:00.000Z,68.4712108236,0.0533243351528756,263.0365364505,247.8840904960355,True,discovery,True,True,True,True,True,True
XLI,2019-06-28T00:00:00.000Z,69.1951591432,0.0792350905183456,264.3900692281,247.92734749334497,True,discovery,True,True,True,True,True,True
XLI,2019-07-01T00:00:00.000Z,69.2577225783,0.072914180878675,266.7903340204,247.98229615007892,True,discovery,True,True,True,True,True,True
XLI,2019-07-02T00:00:00.000Z,69.1683462425,0.0465700411177005,267.4851475129,248.033154212015,True,discovery,False,True,True,False,True,False
XLI,2019-07-03T00:00:00.000Z,69.5526644863,0.0422808265117735,269.6237293016,248.0944839939395,True,discovery,False,True,True,False,True,False
XLI,2019-07-05T00:00:00.000Z,69.2755978454,0.0363322980068119,269.3169285386,248.16109239186247,True,discovery,False,True,True,False,True,False
XLI,2019-07-08T00:00:00.000Z,68.7035892966,0.019631283324156,267.8370660351,248.21335614408147,True,discovery,False,True,True,False,True,False
XLI,2019-07-09T00:00:00.000Z,68.5516495258,0.0160345111755595,268.1709374536,248.265917881872,True,discovery,False,True,True,False,True,False
XLI,2019-07-10T00:00:00.000Z,68.3907721214,0.022415175317334,269.4522818164,248.3144462228005,True,discovery,False,True,True,False,True,False
XLI,2019-07-11T00:00:00.000Z,68.8555290674,0.0271767544033116,270.0839304459,248.367315725408,True,discovery,False,True,True,False,True,False
XLI,2019-07-12T00:00:00.000Z,70.0621096001,0.0399304480809434,271.2930863939,248.4305415103245,True,discovery,False,True,True,False,True,False
XLI,2019-07-15T00:00:00.000Z,69.7761053257,0.0398055098489216,271.3833219125,248.495418303446,True,discovery,False,True,True,False,True,False
XLI,2019-07-16T00:00:00.000Z,70.2229870044,0.0500854575230533,270.5080373829,248.5597847947805,True,discovery,True,True,True,True,True,True
XLI,2019-07-17T00:00:00.000Z,68.7214645637,0.0080481440886948,268.6672328054,248.6113477713915,True,discovery,False,True,True,False,True,False
XLI,2019-07-18T00:00:00.000Z,68.8465914338,0.0106751291506757,269.6507999571,248.66769526924847,True,discovery,False,True,True,False,True,False
XLI,2019-07-19T00:00:00.000Z,69.221972044,-0.0005265374518689,268.1528903499,248.71206496381703,True,discovery,False,True,True,False,True,False
XLI,2019-07-22T00:00:00.000Z,69.2755978454,0.005578619615167,268.811609635,248.760483703715,True,discovery,False,True,True,False,True,False
XLI,2019-07-23T00:00:00.000Z,70.1514859358,0.0202781749640781,270.7336261792,248.81780151560105,True,discovery,False,True,True,False,True,False
XLI,2019-07-24T00:00:00.000Z,70.4553654774,0.0324819908320206,272.0059469902,248.8916128344875,True,discovery,False,True,True,False,True,False
XLI,2019-07-25T00:00:00.000Z,70.3123633402,0.0278285863596425,270.7065555236,248.96612617971303,True,discovery,False,True,True,False,True,False
XLI,2019-07-26T00:00:00.000Z,70.1604235694,0.0246704085626856,272.5202894457,249.049708194549,True,discovery,False,True,True,False,True,False
XLI,2019-07-29T00:00:00.000Z,70.0352966994,0.0121415654881482,272.0239940939,249.1326751358005,True,discovery,False,True,True,False,True,False
XLI,2019-07-30T00:00:00.000Z,70.3391762409,0.0156149180530351,271.3562512569,249.2527420983085,True,discovery,False,True,True,False,True,False
XLI,2019-07-31T00:00:00.000Z,69.5526644863,0.005556273420975,268.387502698,249.3852059167315,True,discovery,False,True,True,False,True,False
XLI,2019-08-01T00:00:00.000Z,68.2030818163,-0.0194037522497191,266.0504027686,249.4891866069395,True,discovery,False,True,True,False,True,False
XLI,2019-08-02T00:00:00.000Z,67.7651377711,-0.0218036382402767,264.0471742578,249.59003907106955,True,discovery,False,True,True,False,True,False
XLI,2019-08-05T00:00:00.000Z,65.8882347202,-0.0409782750104341,256.1064486291,249.62452500456752,True,discovery,False,True,True,False,True,False
XLI,2019-08-06T00:00:00.000Z,66.8803120471,-0.0243807040422998,259.6978222657,249.676745615394,True,discovery,False,True,True,False,True,False
XLI,2019-08-07T00:00:00.000Z,66.8445615128,-0.0226084683742908,259.8512226471,249.7477306873075,True,discovery,False,True,True,False,True,False
XLI,2019-08-08T00:00:00.000Z,67.9796409769,-0.0127206645909673,264.9495294428,249.844873865762,True,discovery,False,True,True,False,True,False
XLI,2019-08-09T00:00:00.000Z,67.4076324281,-0.0378874856488222,263.1448190727,249.938503825547,True,discovery,False,True,True,False,True,False
XLI,2019-08-12T00:00:00.000Z,66.4781185362,-0.04726527475424,259.9414581657,250.02233832471097,True,discovery,False,True,True,False,True,False
XLI,2019-08-13T00:00:00.000Z,67.2735679245,-0.0420007636490198,263.9840093948,250.163224823626,True,discovery,False,True,True,False,True,False
XLI,2019-08-14T00:00:00.000Z,65.217912202,-0.050981922226824,256.1786370439,250.2439318914785,True,discovery,False,True,True,False,True,False
XLI,2019-08-15T00:00:00.000Z,65.1464111334,-0.0537452940420143,256.8554034327,250.349130922412,True,discovery,False,True,True,False,True,False
XLI,2019-08-16T00:00:00.000Z,66.4066174676,-0.0406714009044766,260.64529521,250.479811823342,True,discovery,False,True,True,False,True,False
XLI,2019-08-19T00:00:00.000Z,67.0322518179,-0.0323829183330383,263.7854912541,250.608818379704,True,discovery,False,True,True,False,True,False
XLI,2019-08-20T00:00:00.000Z,66.6389959406,-0.0500700726199085,261.7642156395,250.71500924114,True,discovery,False,True,True,False,True,False
XLI,2019-08-21T00:00:00.000Z,67.0501270851,-0.0483318533546219,263.8937738763,250.81904970056505,True,discovery,False,True,True,False,True,False
XLI,2019-08-22T00:00:00.000Z,67.1484410544,-0.0449980933010549,263.8125619096,250.92988308382849,True,discovery,False,True,True,False,True,False
XLI,2019-08-23T00:00:00.000Z,65.3519767057,-0.0685350318466032,257.0358744697,251.0001673042705,True,discovery,False,True,True,False,True,False
XLI,2019-08-26T00:00:00.000Z,65.8346089188,-0.0599795814192073,259.8782933027,251.0769758153265,True,discovery,False,True,True,False,True,False
XLI,2019-08-27T00:00:00.000Z,65.4949788429,-0.0688691232523029,258.8586319436,251.122511936977,True,discovery,False,True,True,False,True,False
XLI,2019-08-28T00:00:00.000Z,66.2993658647,-0.0467746080704186,260.6813894174,251.179428192708,True,discovery,False,True,True,False,True,False
XLI,2019-08-29T00:00:00.000Z,67.4344453288,-0.0112698204689675,264.0110800504,251.2651689604075,True,discovery,False,True,True,False,True,False
XLI,2019-08-30T00:00:00.000Z,67.7115119697,-0.0007913479285047,263.8937738763,251.3733866078896,True,discovery,False,True,True,False,True,False
XLI,2019-09-03T00:00:00.000Z,66.7909357114,0.0137004883350326,262.3507465098,251.4761554652505,True,discovery,False,True,True,False,True,False
XLI,2019-09-04T00:00:00.000Z,67.6400109011,0.0113590805836101,265.3285186206,251.602078682937,True,discovery,False,True,True,False,True,False
XLI,2019-09-05T00:00:00.000Z,68.8555290674,0.030084235861356,268.7394212202,251.7325248494515,True,discovery,False,True,True,False,True,False
XLI,2019-09-06T00:00:00.000Z,68.9985312046,0.0149881672373972,268.9469629127,251.86085361430105,True,discovery,False,True,True,False,True,False
XLI,2019-09-09T00:00:00.000Z,69.2040967768,0.0266507557674005,269.0823161905,252.0104340186265,True,discovery,False,True,True,False,True,False
XLI,2019-09-10T00:00:00.000Z,69.8386687607,0.0505512234476077,269.0191513275,252.181828807703,True,discovery,True,True,True,True,True,True
XLI,2019-09-11T00:00:00.000Z,70.4911160117,0.0478278198476258,270.9321443199,252.358789126368,True,discovery,False,True,True,False,True,False
XLI,2019-09-12T00:00:00.000Z,70.5358041796,0.0815403590524159,271.8705937124,252.5483072482295,True,discovery,True,True,True,True,True,True
XLI,2019-09-13T00:00:00.000Z,70.9201224233,0.088626697763553,271.6901226754,252.71803679231,True,discovery,True,True,True,True,True,True
XLI,2019-09-16T00:00:00.000Z,70.8575589883,0.0670255720052541,270.8509323533,252.8795709494065,True,discovery,True,True,True,True,True,True
XLI,2019-09-17T00:00:00.000Z,70.821808454,0.0565333333332545,271.5367222939,253.0170712666425,True,discovery,True,True,True,True,True,True
XLI,2019-09-18T00:00:00.000Z,70.7145568511,0.0611587982828076,271.6991462272,253.158049993794,True,discovery,True,True,True,True,True,True
XLI,2019-09-19T00:00:00.000Z,70.3570515081,0.0493201812847103,271.6810991235,253.29151731090096,True,discovery,False,True,True,False,True,False
XLI,2019-09-20T00:00:00.000Z,69.9142400276,0.0411893251692814,270.4030203841,253.4023743019635,True,discovery,False,True,True,False,True,False
XLI,2019-09-23T00:00:00.000Z,69.7794612588,0.0677482882122804,270.339562521,253.55313054829804,True,discovery,True,True,True,True,True,True
XLI,2019-09-24T00:00:00.000Z,69.3841102035,0.0539154305462334,268.2182568092,253.69510223107648,True,discovery,True,True,True,True,True,True
XLI,2019-09-25T00:00:00.000Z,69.8333727663,0.0662400996236112,269.8047033885,253.8728688798525,True,discovery,True,True,True,True,True,True
XLI,2019-09-26T00:00:00.000Z,69.9322105301,0.0547945612754985,269.242648029,254.0456033432905,True,discovery,True,True,True,True,True,True
XLI,2019-09-27T00:00:00.000Z,69.6536677412,0.032909329966005,267.7921825851,254.21081885048403,True,discovery,False,True,True,False,True,False
XLI,2019-09-30T00:00:00.000Z,69.752505505,0.0301424894516211,269.0341436214,254.3763338861405,True,discovery,False,True,True,False,True,False
XLI,2019-10-01T00:00:00.000Z,68.0812487713,0.0193186851802071,265.8340542358,254.5262484184065,True,discovery,False,True,True,False,True,False
XLI,2019-10-02T00:00:00.000Z,66.7963578416,-0.0124726925418973,261.138172361,254.67445824499748,True,discovery,False,True,True,False,True,False
XLI,2019-10-03T00:00:00.000Z,67.2366351532,-0.0235114585005269,263.2776088908,254.856073159524,True,discovery,False,True,True,False,True,False
XLI,2019-10-04T00:00:00.000Z,67.9374847512,-0.015377812177678,266.8403146375,255.056745871567,True,discovery,False,True,True,False,True,False
XLI,2019-10-07T00:00:00.000Z,67.5960452034,-0.0232363638613239,265.6890076914,255.26863743013047,True,discovery,False,True,True,False,True,False
XLI,2019-10-08T00:00:00.000Z,66.5537560577,-0.0470357290780506,261.5642465852,255.47808039502647,True,discovery,False,True,True,False,True,False
XLI,2019-10-09T00:00:00.000Z,67.1198268868,-0.04782573061179,264.0481686579,255.7223158117645,True,discovery,False,True,True,False,True,False
XLI,2019-10-10T00:00:00.000Z,67.7308239723,-0.0397667573216844,265.8340542358,256.0039118758055,True,discovery,False,True,True,False,True,False
XLI,2019-10-11T00:00:00.000Z,69.0067296507,-0.0269795469497298,268.5899385792,256.246358802152,True,discovery,False,True,True,False,True,False
XLI,2019-10-14T00:00:00.000Z,68.8719508819,-0.0280225304787574,268.2907800814,256.4788610359005,True,discovery,False,True,True,False,True,False
XLI,2019-10-15T00:00:00.000Z,69.4290364598,-0.0196658631656466,270.9469449256,256.726074595476,True,discovery,False,True,True,False,True,False
XLI,2019-10-16T00:00:00.000Z,69.3930954547,-0.0186872612266033,270.5118052924,256.9614118678715,True,discovery,False,True,True,False,True,False
XLI,2019-10-17T00:00:00.000Z,69.7345350025,-0.0088479618212587,271.3095612866,257.1995756376835,True,discovery,False,True,True,False,True,False
XLI,2019-10-18T00:00:00.000Z,69.1325231683,-0.0111810821227751,270.1219927044,257.458489360166,True,discovery,False,True,True,False,True,False
XLI,2019-10-21T00:00:00.000Z,69.5458447261,-0.0033479268610795,271.9532053273,257.68999194846697,True,discovery,False,True,True,False,True,False
XLI,2019-10-22T00:00:00.000Z,70.0939450528,0.0102305102309172,271.0647952429,257.9081565544855,True,discovery,False,True,True,False,True,False
XLI,2019-10-23T00:00:00.000Z,70.0849598015,0.0036026762740208,271.8534858281,258.119580554562,True,discovery,False,True,True,False,True,False
XLI,2019-10-24T00:00:00.000Z,70.1837975653,0.0035975844792111,272.2976908703,258.32786119882803,True,discovery,False,True,True,False,True,False
XLI,2019-10-25T00:00:00.000Z,70.6240748769,0.0139318885447006,273.4127361803,258.53764908070303,True,discovery,False,True,True,False,True,False
XLI,2019-10-28T00:00:00.000Z,70.8217504045,0.0153291253376317,274.9538557145,258.754695528497,True,discovery,False,True,True,False,True,False
XLI,2019-10-29T00:00:00.000Z,71.0553669372,0.0436848356864123,274.8722670332,258.978397134563,True,discovery,False,True,True,False,True,False
XLI,2019-10-30T00:00:00.000Z,71.3069539724,0.0675275760019187,275.7153500725,259.1931267191476,True,discovery,True,True,True,True,True,True
XLI,2019-10-31T00:00:00.000Z,70.5432076156,0.0491781371103106,274.9810519415,259.401368513041,True,discovery,False,True,True,False,True,False
XLI,2019-11-01T00:00:00.000Z,72.0796855805,0.060970771062095,277.5284318774,259.6134959779285,True,discovery,True,True,True,True,True,True
XLI,2019-11-04T00:00:00.000Z,72.9153139473,0.0786920111656541,278.6434771874,259.81555255805347,True,discovery,True,True,True,True,True,True
XLI,2019-11-05T00:00:00.000Z,73.0680632187,0.0978803834204684,278.3352532806,260.032161161709,True,discovery,True,True,True,True,True,True
XLI,2019-11-06T00:00:00.000Z,73.112989475,0.0892904953153066,278.3987111438,260.24662838004554,True,discovery,True,True,True,True,True,True
XLI,2019-11-07T00:00:00.000Z,73.3645765102,0.0831785619528864,279.3777753184,260.4653650748025,True,discovery,True,True,True,True,True,True
XLI,2019-11-08T00:00:00.000Z,73.463414274,0.0645833333337047,280.0667464043,260.677577816924,True,discovery,True,True,True,True,True,True
XLI,2019-11-11T00:00:00.000Z,73.499355279,0.0671885192425427,279.5318872719,260.89614630477,True,discovery,True,True,True,True,True,True
XLI,2019-11-12T00:00:00.000Z,73.4903700277,0.0584961822169538,280.1211388584,261.11922566167954,True,discovery,True,True,True,True,True,True
XLI,2019-11-13T00:00:00.000Z,73.184871485,0.0546419785059923,280.2117929487,261.324117064991,True,discovery,True,True,True,True,True,True
XLI,2019-11-14T00:00:00.000Z,73.4184880177,0.0528282437829108,280.6197363548,261.52054293916603,True,discovery,True,True,True,True,True,True
XLI,2019-11-15T00:00:00.000Z,73.9576030931,0.069794645178125,282.6503879763,261.726540930171,True,discovery,True,True,True,True,True,True
XLI,2019-11-18T00:00:00.000Z,73.6790603041,0.0594315245472722,282.8588923839,261.92508783993003,True,discovery,True,True,True,True,True,True
XLI,2019-11-19T00:00:00.000Z,73.6161635453,0.0502499679515371,282.7773037026,262.1181306443125,True,discovery,True,True,True,True,True,True
XLI,2019-11-20T00:00:00.000Z,73.0321222137,0.0420512820517722,281.7257162558,262.3075248257676,True,discovery,False,True,True,False,True,False
XLI,2019-11-21T00:00:00.000Z,73.0051664599,0.0401997183463171,281.2724458046,262.506275480513,True,discovery,False,True,True,False,True,False
XLI,2019-11-22T00:00:00.000Z,73.3825470127,0.0390585241733518,281.8979590273,262.706678496591,True,discovery,False,True,True,False,True,False
XLI,2019-11-25T00:00:00.000Z,73.9126768368,0.0436437452427553,284.0827226022,262.91733478291553,True,discovery,False,True,True,False,True,False
XLI,2019-11-26T00:00:00.000Z,74.128322867,0.0432473444619028,284.7263666429,263.1156525844815,True,discovery,False,True,True,False,True,False
XLI,2019-11-27T00:00:00.000Z,74.0564408569,0.0385584677416486,285.9955239064,263.31633758977404,True,discovery,False,True,True,False,True,False
XLI,2019-11-29T00:00:00.000Z,73.7150013092,0.0449624251690334,284.9348710505,263.51444622447303,True,discovery,False,True,True,False,True,False
XLI,2019-12-02T00:00:00.000Z,72.5019923895,0.0058588880570014,282.5144068409,263.68708628874555,True,discovery,False,True,True,False,True,False
XLI,2019-12-03T00:00:00.000Z,71.7112902789,-0.0165126309305919,280.6197363548,263.848107248179,True,discovery,False,True,True,False,True,False
XLI,2019-12-04T00:00:00.000Z,71.9898330679,-0.0147565174619828,282.3512294785,264.015282295421,True,discovery,False,True,True,False,True,False
XLI,2019-12-05T00:00:00.000Z,72.0078035704,-0.015116136168634,282.8588923839,264.1894212715325,True,discovery,False,True,True,False,True,False
XLI,2019-12-06T00:00:00.000Z,72.8793729423,-0.0066135946117339,285.4425339559,264.3687895093735,True,discovery,False,True,True,False,True,False
XLI,2019-12-09T00:00:00.000Z,72.6008301533,-0.0117416829754575,284.5450584624,264.54197164909,True,discovery,False,True,True,False,True,False
XLI,2019-12-10T00:00:00.000Z,72.5109776408,-0.0134474327624802,284.2277691466,264.714461405731,True,discovery,False,True,True,False,True,False
XLI,2019-12-11T00:00:00.000Z,72.9692254549,-0.0070913314574898,285.0345905497,264.89152170749,True,discovery,False,True,True,False,True,False
XLI,2019-12-12T00:00:00.000Z,73.6161635453,0.0058931860034541,287.4913163954,265.08319020358647,True,discovery,False,True,True,False,True,False
XLI,2019-12-13T00:00:00.000Z,73.4184880177,0.0,287.6635591669,265.2679415610595,True,discovery,False,True,True,False,True,False
XLI,2019-12-16T00:00:00.000Z,73.3825470127,-0.0077754829300795,289.6398183342,265.4671339382375,True,discovery,False,True,True,False,True,False
XLI,2019-12-17T00:00:00.000Z,73.3106650026,-0.0049999999997217,289.7032761974,265.668342325388,True,discovery,False,True,True,False,True,False
XLI,2019-12-18T00:00:00.000Z,73.0051664599,-0.0082997680940547,289.7214070154,265.877196203234,True,discovery,False,True,True,False,True,False
XLI,2019-12-19T00:00:00.000Z,73.2028419875,0.0023375984241624,290.9089755977,266.1023590606325,True,discovery,False,True,True,False,True,False
XLI,2019-12-20T00:00:00.000Z,73.5379918594,0.0072984615382345,292.1781328611,266.336326378983,True,discovery,False,True,True,False,True,False
XLI,2019-12-23T00:00:00.000Z,74.142982706,0.010362623324704,292.6245123239,266.5547337309265,True,discovery,False,True,True,False,True,False
XLI,2019-12-24T00:00:00.000Z,73.8450021398,-0.0009156033835633,292.6336221088,266.76849279840053,True,discovery,False,True,True,False,True,False
XLI,2019-12-26T00:00:00.000Z,74.0165667082,-0.0015076040368605,294.1913953361,266.98177064460305,True,discovery,False,True,True,False,True,False
XLI,2019-12-27T00:00:00.000Z,73.9533587093,-0.0013919403418154,294.1185170565,267.19548875656096,True,discovery,False,True,True,False,True,False
XLI,2019-12-30T00:00:00.000Z,73.6102295724,-0.0014213082132432,292.4969753345,267.39491626375,True,discovery,False,True,True,False,True,False
XLI,2019-12-31T00:00:00.000Z,73.5650810018,0.0146628882498676,293.207538561,267.5933168760165,True,discovery,False,True,True,False,True,False
XLI,2020-01-02T00:00:00.000Z,74.9556569775,0.0452420628046432,295.9495838325,267.80511342074453,True,discovery,False,True,True,False,True,False
XLI,2020-01-03T00:00:00.000Z,74.8111815515,0.0391909296544545,293.7085767335,268.00952135585646,True,discovery,False,True,True,False,True,False
XLI,2020-01-06T00:00:00.000Z,74.8382706939,0.0393077830895471,294.829080283,268.2052538860155,True,discovery,False,True,True,False,True,False
XLI,2020-01-07T00:00:00.000Z,74.6847655537,0.0247723400807711,294.0000898521,268.4214461861585,True,discovery,False,True,True,False,True,False
XLI,2020-01-08T00:00:00.000Z,74.9375975493,0.0321865106923131,295.5669728643,268.64641578305,True,discovery,False,True,True,False,True,False
XLI,2020-01-09T00:00:00.000Z,75.2536375438,0.0378240646069676,297.5711255544,268.87206712477,True,discovery,False,True,True,False,True,False
XLI,2020-01-10T00:00:00.000Z,74.7208844102,0.0240054481102125,296.7148057687,269.100037039376,True,discovery,False,True,True,False,True,False
XLI,2020-01-13T00:00:00.000Z,75.3349049709,0.0233473376338386,298.7553975986,269.3334506055645,True,discovery,False,True,True,False,True,False
XLI,2020-01-14T00:00:00.000Z,75.343934685,0.0262256377008989,298.2999083508,269.55663957986,True,discovery,False,True,True,False,True,False
XLI,2020-01-15T00:00:00.000Z,75.4613209687,0.02832790684739,298.9740324375,269.7681579667125,True,discovery,False,True,True,False,True,False
XLI,2020-01-16T00:00:00.000Z,76.2107872413,0.0395593497698749,301.4610037302,269.99148262223645,True,discovery,False,True,True,False,True,False
XLI,2020-01-17T00:00:00.000Z,76.2198169555,0.0440331917791836,302.3993115806,270.21747835625297,True,discovery,False,True,True,False,True,False
XLI,2020-01-21T00:00:00.000Z,75.3800535415,0.0297421725016056,301.8071755585,270.437101076432,True,discovery,False,True,True,False,True,False
XLI,2020-01-22T00:00:00.000Z,74.9827461199,0.0196463654224103,301.8436146983,270.650665013519,True,discovery,False,True,True,False,True,False
XLI,2020-01-23T00:00:00.000Z,75.7954203914,0.0222871757392393,302.1897865266,270.864972028932,True,discovery,False,True,True,False,True,False
XLI,2020-01-24T00:00:00.000Z,75.4432615404,0.0216434336012916,299.5023999649,271.072487182479,True,discovery,False,True,True,False,True,False
XLI,2020-01-27T00:00:00.000Z,74.0165667082,0.0,294.7015432936,271.2515979381265,True,discovery,False,True,True,False,True,False
XLI,2020-01-28T00:00:00.000Z,74.495141557,0.0073260073261804,297.7897603934,271.4465089722969,True,discovery,False,True,True,False,True,False
XLI,2020-01-29T00:00:00.000Z,74.8924489786,0.0174190382729191,297.5437961996,271.6314348555405,True,discovery,False,True,True,False,True,False
XLI,2020-01-30T00:00:00.000Z,74.9737164058,0.0191481526944221,298.5094334048,271.8220420082415,True,discovery,False,True,True,False,True,False
XLI,2020-01-31T00:00:00.000Z,73.2400112932,-0.0228888085767161,293.0891113566,271.98469446727,True,discovery,False,True,True,False,True,False
XLI,2020-02-03T00:00:00.000Z,73.2129221508,-0.0213639106822521,295.2663499608,272.1614209574065,True,discovery,False,True,True,False,True,False
XLI,2020-02-04T00:00:00.000Z,74.5944684124,-0.0032577220082647,299.7665837286,272.3580893660865,True,discovery,False,True,True,False,True,False
XLI,2020-02-05T00:00:00.000Z,75.8405689621,0.0154757586748925,303.2283020115,272.57094388798146,True,discovery,False,True,True,False,True,False
XLI,2020-02-06T00:00:00.000Z,76.0843712435,0.0153030485591103,304.2485979264,272.7771812170455,True,discovery,False,True,True,False,True,False
XLI,2020-02-07T00:00:00.000Z,75.5335586817,0.0037197024228508,302.6270562045,272.9782292808195,True,discovery,False,True,True,False,True,False
XLI,2020-02-10T00:00:00.000Z,75.9579552457,0.0165558912379675,304.8862828733,273.191381662241,True,discovery,False,True,True,False,True,False
XLI,2020-02-11T00:00:00.000Z,76.2469060978,0.0121059570892441,305.4146504007,273.401069599893,True,discovery,False,True,True,False,True,False
XLI,2020-02-12T00:00:00.000Z,76.960253514,0.0214525407487351,307.382363951,273.61853074540903,True,discovery,False,True,True,False,True,False
XLI,2020-02-13T00:00:00.000Z,76.5268272358,0.0141198994852205,307.0544116926,273.83367864271304,True,discovery,False,True,True,False,True,False
XLI,2020-02-14T00:00:00.000Z,76.4275003804,0.0028436018960655,307.5463400801,274.0612088892405,True,discovery,False,True,True,False,True,False
XLI,2020-02-18T00:00:00.000Z,75.9940741023,-0.0029617343916187,306.7537887891,274.2876050243765,True,discovery,False,True,True,False,True,False
XLI,2020-02-19T00:00:00.000Z,75.9669849599,0.0077862961197934,308.2204641668,274.5085382849235,True,discovery,False,True,True,False,True,False
XLI,2020-02-20T00:00:00.000Z,75.8586283903,0.0116811175333513,306.9542040581,274.728573039414,True,discovery,False,True,True,False,True,False
XLI,2020-02-21T00:00:00.000Z,75.479380397,-0.0041696449834039,303.7931086787,274.9547579905945,True,discovery,False,True,True,False,True,False
XLI,2020-02-24T00:00:00.000Z,73.3303084345,-0.0280071813275002,293.7176865185,275.1323617960935,True,discovery,False,True,True,False,True,False
XLI,2020-02-25T00:00:00.000Z,70.3414730581,-0.0496523118207921,284.8174266175,275.269370526223,True,discovery,False,True,True,False,True,False
XLI,2020-02-26T00:00:00.000Z,69.8087199245,-0.0629090909091593,283.7698013476,275.394675655572,True,discovery,False,True,True,False,True,False
XLI,2020-02-27T00:00:00.000Z,67.2171919697,-0.102483723173389,271.0252121956,275.488764807826,True,discovery,False,False,True,False,False,False
XLI,2020-02-28T00:00:00.000Z,65.9891508483,-0.1198362037820091,269.8864890763,275.565755965974,True,discovery,False,False,True,False,False,False
XLI,2020-03-02T00:00:00.000Z,68.3097873792,-0.0673159906306259,281.5743431735,275.6937331393615,True,discovery,False,True,True,False,True,False
XLI,2020-03-03T00:00:00.000Z,66.6392902655,-0.0897878638385719,273.5121834883,275.769546144534,True,discovery,False,False,True,False,False,False
XLI,2020-03-04T00:00:00.000Z,69.3933530746,-0.0697252148650664,285.0087321015,275.9111931305785,True,discovery,False,True,True,False,True,False
XLI,2020-03-05T00:00:00.000Z,65.9981805624,-0.1297773544475723,275.5345557483,276.013955170047,True,discovery,False,False,True,False,False,False
XLI,2020-03-06T00:00:00.000Z,65.4202788582,-0.1401614051744042,270.9796632709,276.082448570363,True,discovery,False,False,True,False,False,False
XLI,2020-03-09T00:00:00.000Z,59.3884298206,-0.2137477585179841,249.8176328204,276.0490829416895,True,discovery,False,False,True,False,False,False
XLI,2020-03-10T00:00:00.000Z,62.4675623383,-0.1776034236804143,262.7444176715,276.09602103294003,True,discovery,False,False,True,False,False,False
XLI,2020-03-11T00:00:00.000Z,58.8014984023,-0.2288015158690269,249.9360600248,276.07604379176604,True,discovery,False,False,True,False,False,False
XLI,2020-03-12T00:00:00.000Z,52.71547108,-0.3150299190424259,226.022874518,275.948309093719,True,discovery,False,False,True,False,False,False
XLI,2020-03-13T00:00:00.000Z,56.8330207224,-0.2573451327430316,245.3447284075,275.925624701182,True,discovery,False,False,True,False,False,False
XLI,2020-03-16T00:00:00.000Z,50.3858048349,-0.3407372400756737,218.4981921452,275.765295293606,True,discovery,False,False,True,False,False,False
XLI,2020-03-17T00:00:00.000Z,52.7064413658,-0.3064401140693046,230.2953636619,275.6808338157375,True,discovery,False,False,True,False,False,False
XLI,2020-03-18T00:00:00.000Z,48.8236642907,-0.3573041721153985,218.6348389195,275.54121265311653,True,discovery,False,False,True,False,False,False
XLI,2020-03-19T00:00:00.000Z,48.8597831473,-0.355910010712141,219.0994379522,275.377154605377,True,discovery,False,False,True,False,False,False
XLI,2020-03-20T00:00:00.000Z,46.4127306185,-0.3850939107557285,209.7123137931,275.1552504487405,True,discovery,False,False,True,False,False,False
XLI,2020-03-23T00:00:00.000Z,44.3952866048,-0.3945847555727289,204.3503512245,274.898275039711,True,discovery,False,False,True,False,False,False
XLI,2020-03-24T00:00:00.000Z,50.0118319883,-0.2890135816889746,222.8651621451,274.7210774338075,True,discovery,False,False,True,False,False,False
XLI,2020-03-25T00:00:00.000Z,52.6425963575,-0.2459022824879989,226.20149441,274.5546348043335,True,discovery,False,False,True,False,False,False
XLI,2020-03-26T00:00:00.000Z,55.965188035,-0.1673977089041766,239.4093372498,274.45454568295446,True,discovery,False,False,True,False,False,False
XLI,2020-03-27T00:00:00.000Z,53.6075133926,-0.1876314105657108,232.278385321,274.321091657459,True,discovery,False,False,True,False,False,False
XLI,2020-03-30T00:00:00.000Z,54.3903706098,-0.2037689956803817,239.8217959089,274.220011688672,True,discovery,False,False,True,False,False,False
XLI,2020-03-31T00:00:00.000Z,53.7167492834,-0.193917746281733,236.2471541966,274.1024952834195,True,discovery,False,False,True,False,False,False
XLI,2020-04-01T00:00:00.000Z,51.2953537048,-0.2608030678434588,225.6148865392,273.931323649472,True,discovery,False,False,True,False,False,False
XLI,2020-04-02T00:00:00.000Z,51.9780780221,-0.2124316522187193,230.8210313921,273.772578304008,True,discovery,False,False,True,False,False,False
XLI,2020-04-03T00:00:00.000Z,51.2862507139,-0.2160496468524055,227.4846991272,273.594187954772,True,discovery,False,False,True,False,False,False
XLI,2020-04-06T00:00:00.000Z,54.8364171637,-0.0766481395559821,242.7640010107,273.4796223591165,True,discovery,False,False,True,False,False,False
XLI,2020-04-07T00:00:00.000Z,54.7089752912,-0.1242018538370764,243.0114762061,273.368217618081,True,discovery,False,False,True,False,False,False
XLI,2020-04-08T00:00:00.000Z,56.6934273067,-0.0358506356619908,251.1689919088,273.29922469489253,True,discovery,False,False,True,False,False,False
XLI,2020-04-09T00:00:00.000Z,57.549108451,0.0916929560140811,254.9911088166,273.262336270908,True,discovery,True,False,True,True,False,False
XLI,2020-04-13T00:00:00.000Z,55.8650551351,-0.0170317462453388,252.6630088296,273.21511576200703,True,discovery,False,False,True,False,False,False
XLI,2020-04-14T00:00:00.000Z,56.93010507,0.1298838086747611,260.1147619377,273.200506889443,True,discovery,True,False,True,True,False,False
XLI,2020-04-15T00:00:00.000Z,55.3552876449,0.0502565950282269,254.5878159055,273.15149562283,True,discovery,True,False,True,True,False,False
XLI,2020-04-16T00:00:00.000Z,54.8637261364,0.123711768328919,255.8160261349,273.0966240834025,True,discovery,True,False,True,True,False,False
XLI,2020-04-17T00:00:00.000Z,57.4398725603,0.1756063752295662,262.7270001121,273.0728333463985,True,discovery,True,False,True,True,False,False
XLI,2020-04-20T00:00:00.000Z,55.9105700896,0.2046386701349174,258.098297382,273.01520618680047,True,discovery,True,False,True,True,False,False
XLI,2020-04-21T00:00:00.000Z,54.5906364095,0.2296493746162162,250.2615828587,272.91992945840104,True,discovery,True,False,True,True,False,False
XLI,2020-04-22T00:00:00.000Z,55.164124836,0.1030214779755587,255.8160261349,272.8598242589,True,discovery,True,False,True,True,False,False
XLI,2020-04-23T00:00:00.000Z,55.6010683991,0.0561992045663704,255.7976946389,272.79795804482654,True,discovery,True,False,True,True,False,False
XLI,2020-04-24T00:00:00.000Z,56.047114953,0.0014638906948505,259.3631706033,272.747512488761,True,discovery,False,False,True,False,False,False
XLI,2020-04-27T00:00:00.000Z,57.4398725603,0.0714892171855341,263.1027957793,272.712606815428,True,discovery,True,False,True,True,False,False
XLI,2020-04-28T00:00:00.000Z,58.5140254861,0.0758158995805224,261.8929170459,272.665605968688,True,discovery,True,False,True,True,False,False
XLI,2020-04-29T00:00:00.000Z,59.6336933665,0.1101508218951086,268.7488965353,272.652433841802,True,discovery,True,False,True,True,False,False
XLI,2020-04-30T00:00:00.000Z,58.4503045499,0.1394853593617089,266.2466473366,272.6311268915705,True,discovery,True,False,True,True,False,False
XLI,2020-05-01T00:00:00.000Z,56.6843243158,0.0905429071790417,259.1981871397,272.583781663242,True,discovery,True,False,True,True,False,False
XLI,2020-05-04T00:00:00.000Z,55.965188035,0.0912318068872184,259.9131154821,272.535093240867,True,discovery,True,False,True,True,False,False
XLI,2020-05-05T00:00:00.000Z,56.1836598165,0.0245683930950149,262.314541453,272.5059014963825,True,discovery,False,False,True,False,False,False
XLI,2020-05-06T00:00:00.000Z,55.4099055902,0.0128119800319628,260.5363863448,272.4645253799315,True,discovery,False,False,True,False,False,False
XLI,2020-05-07T00:00:00.000Z,56.0562179439,-0.0112395632628246,263.6802379021,272.429258438546,True,discovery,False,False,True,False,False,False
XLI,2020-05-08T00:00:00.000Z,57.4489755512,-0.001739955709049,268.0431339408,272.40944437329904,True,discovery,False,False,True,False,False,False
XLI,2020-05-11T00:00:00.000Z,56.7298392703,0.0154798761606635,268.0981284287,272.3964022378245,True,discovery,False,False,True,False,False,False
XLI,2020-05-12T00:00:00.000Z,55.1368158633,-0.0314998401020868,262.7544973561,272.3475732773765,True,discovery,False,False,True,False,False,False
XLI,2020-05-13T00:00:00.000Z,53.753161247,-0.0289426081240427,258.10746313,272.277990622557,True,discovery,False,False,True,False,False,False
XLI,2020-05-14T00:00:00.000Z,54.3175466826,-0.0099552015924347,261.1963201994,272.2271909672695,True,discovery,False,False,True,False,False,False
XLI,2020-05-15T00:00:00.000Z,54.1263838738,-0.0576862123609609,262.3970331848,272.1972386197035,True,discovery,False,False,True,False,False,False
XLI,2020-05-18T00:00:00.000Z,57.6947563054,0.0319114295014473,270.3895654238,272.2189344329795,True,discovery,False,False,True,False,False,False
XLI,2020-05-19T00:00:00.000Z,56.9574140427,0.0433550108382347,267.6123437857,272.23676028061897,True,discovery,False,False,True,False,False,False
XLI,2020-05-20T00:00:00.000Z,58.0224639777,0.0518151815187442,272.158554784,272.3170208113935,True,discovery,True,False,True,True,False,False
XLI,2020-05-21T00:00:00.000Z,58.1590088411,0.0460052390295686,270.279576448,272.369929582305,True,discovery,False,False,True,False,False,False
XLI,2020-05-22T00:00:00.000Z,58.1134938867,0.0368686048413522,270.7928583349,272.424637760744,True,discovery,False,False,True,False,False,False
XLI,2020-05-26T00:00:00.000Z,60.5530954471,0.0541996830430246,274.1291905998,272.470536066529,True,discovery,True,True,True,True,True,True
XLI,2020-05-27T00:00:00.000Z,62.5739594262,0.069383945240008,278.2079484511,272.545851713421,True,discovery,True,True,True,True,True,True
XLI,2020-05-28T00:00:00.000Z,61.9822650179,0.0393833002588992,277.6946665642,272.6346177554135,True,discovery,False,True,True,False,True,False
XLI,2020-05-29T00:00:00.000Z,61.5999394002,0.0538856875863,278.9320425416,272.7093579211476,True,discovery,True,True,True,True,True,True
XLI,2020-06-01T00:00:00.000Z,61.7364842637,0.0891279910077675,280.0594295432,272.828761883644,True,discovery,True,True,True,True,True,True
XLI,2020-06-02T00:00:00.000Z,62.5375474626,0.1174365647353803,282.3783637823,272.956376685392,True,discovery,True,True,True,True,True,True
XLI,2020-06-03T00:00:00.000Z,64.977149023,0.1565132858062323,286.1363204543,273.0838318116135,True,discovery,True,True,True,True,True,True
XLI,2020-06-04T00:00:00.000Z,65.6689763312,0.1851486775103703,285.3847291199,273.19182800094245,True,discovery,True,True,True,True,True,True
XLI,2020-06-05T00:00:00.000Z,68.0812689189,0.2145177005525851,292.6989960083,273.3465019027865,True,discovery,True,True,True,True,True,True
XLI,2020-06-08T00:00:00.000Z,69.4467175535,0.2088417049596871,296.2369747287,273.5082179070485,True,discovery,True,True,True,True,True,True
XLI,2020-06-09T00:00:00.000Z,67.717149283,0.1936777920407792,294.0280294654,273.6592952448275,True,discovery,True,True,True,True,True,True
XLI,2020-06-10T00:00:00.000Z,66.0968169034,0.1987782730738929,292.3873605769,273.8360526753635,True,discovery,True,True,True,True,True,True
XLI,2020-06-11T00:00:00.000Z,61.4542915459,0.1432684165962388,275.5315500408,273.914318959054,True,discovery,True,True,True,True,True,True
XLI,2020-06-12T00:00:00.000Z,62.6467833534,0.1533433886377671,278.8312193138,274.014181895905,True,discovery,True,True,True,True,True,True
XLI,2020-06-15T00:00:00.000Z,63.2657867344,0.1688530104266572,281.4342917403,274.1179464075195,True,discovery,True,True,True,True,True,True
XLI,2020-06-16T00:00:00.000Z,64.5037934964,0.1180183023038905,286.8512487967,274.23214725125104,True,discovery,True,True,True,True,True,True
XLI,2020-06-17T00:00:00.000Z,64.0395409606,0.1243407383732457,285.6597015593,274.340976889666,True,discovery,True,True,True,True,True,True
XLI,2020-06-18T00:00:00.000Z,63.8028631973,0.099623470347995,285.769690535,274.458071609792,True,discovery,True,True,True,True,True,True
XLI,2020-06-19T00:00:00.000Z,63.0200059802,0.0835811551118597,284.1439086544,274.55214855996104,True,discovery,True,True,True,True,True,True
XLI,2020-06-22T00:00:00.000Z,63.1259056248,0.0862521146615682,285.9667603234,274.638285255477,True,discovery,True,True,True,True,True,True
XLI,2020-06-23T00:00:00.000Z,63.1350490062,0.0426394974532,287.2832643067,274.729966762447,True,discovery,False,True,True,False,True,False
XLI,2020-06-24T00:00:00.000Z,60.940637455,-0.0261022634044173,279.9550323442,274.78433034321546,True,discovery,False,True,True,False,True,False
XLI,2020-06-25T00:00:00.000Z,61.6172476833,-0.0058890609191932,282.956293173,274.854016052443,True,discovery,False,True,True,False,True,False
XLI,2020-06-26T00:00:00.000Z,60.4743250003,-0.0182729790136181,276.2356784336,274.8805337230115,True,discovery,False,True,True,False,True,False
XLI,2020-06-29T00:00:00.000Z,62.4584387779,0.0116941306718447,280.295666242,274.92265908565946,True,discovery,False,True,True,False,True,False
XLI,2020-06-30T00:00:00.000Z,62.815030655,0.0044370654696035,283.8861316507,274.983639130536,True,discovery,False,True,True,False,True,False
XLI,2020-07-01T00:00:00.000Z,62.5315858296,-0.037637280646683,285.8746971078,275.0587579543085,True,discovery,False,True,True,False,True,False
XLI,2020-07-02T00:00:00.000Z,63.071045336,-0.0395610094802969,287.4489780947,275.1383192333125,True,discovery,False,True,True,False,True,False
XLI,2020-07-06T00:00:00.000Z,63.9762401009,-0.0602960092134886,291.8864250871,275.239255627612,True,discovery,False,True,True,False,True,False
XLI,2020-07-07T00:00:00.000Z,62.7510269848,-0.0964147882661524,288.8759579367,275.325229921678,True,discovery,False,True,True,False,True,False
XLI,2020-07-08T00:00:00.000Z,62.7510269848,-0.0733362575179565,291.0854751113,275.428642195314,True,discovery,False,True,True,False,True,False
XLI,2020-07-09T00:00:00.000Z,61.3886631467,-0.0712311723510215,289.4283372303,275.52408606886047,True,discovery,False,True,True,False,True,False
XLI,2020-07-10T00:00:00.000Z,62.184137334,0.0118762379280685,292.3835664514,275.6449126170715,True,discovery,False,True,True,False,True,False
XLI,2020-07-13T00:00:00.000Z,62.440152015,-0.0032983551164048,289.8518280221,275.7451482402396,True,discovery,False,True,True,False,True,False
XLI,2020-07-14T00:00:00.000Z,63.7933724716,0.0083391950757665,293.608007219,275.8669750361895,True,discovery,False,True,True,False,True,False
XLI,2020-07-15T00:00:00.000Z,65.4208943721,0.0142177820247297,296.3054594363,276.0095414204455,True,discovery,False,True,True,False,True,False
XLI,2020-07-16T00:00:00.000Z,65.4391811351,0.0218558745660142,295.3295893508,276.1410186490925,True,discovery,False,True,True,False,True,False
XLI,2020-07-17T00:00:00.000Z,65.832346538,0.0318086562106805,296.185777256,276.2927772641935,True,discovery,False,True,True,False,True,False
XLI,2020-07-20T00:00:00.000Z,65.0277289692,0.0318585020387145,298.5794208618,276.4799835066975,True,discovery,False,True,True,False,True,False
XLI,2020-07-21T00:00:00.000Z,65.8872068268,0.0437427578213653,299.2146570495,276.659668747491,True,discovery,False,True,True,False,True,False
XLI,2020-07-22T00:00:00.000Z,66.4175229517,0.0519913106454965,300.9178265383,276.830056306995,True,discovery,True,True,True,True,True,True
XLI,2020-07-23T00:00:00.000Z,66.2163685595,0.0865716429106229,297.3273611296,276.988248074186,True,discovery,True,True,True,True,True,True
XLI,2020-07-24T00:00:00.000Z,65.6860524346,0.0660335361328181,295.4124462449,277.1574890724845,True,discovery,True,True,True,True,True,True
XLI,2020-07-27T00:00:00.000Z,65.9603538785,0.0907166616274393,297.5667254901,277.3250818566455,True,discovery,True,True,True,True,True,True
XLI,2020-07-28T00:00:00.000Z,65.5031848053,0.0487483530964807,295.6794295702,277.4743087333175,True,discovery,False,True,True,False,True,False
XLI,2020-07-29T00:00:00.000Z,66.4998133848,0.0586608442498102,299.3159265867,277.627938673355,True,discovery,True,True,True,True,True,True
XLI,2020-07-30T00:00:00.000Z,65.832346538,0.0527854949560153,298.2479932856,277.777724739376,True,discovery,True,True,True,True,True,True
XLI,2020-07-31T00:00:00.000Z,65.5854752385,0.0398666280082216,300.6048116052,277.926014072774,True,discovery,False,True,True,False,True,False
XLI,2020-08-03T00:00:00.000Z,65.8597766824,0.0294411890809678,302.6946465995,278.0869282793095,True,discovery,False,True,True,False,True,False
XLI,2020-08-04T00:00:00.000Z,66.0243575487,0.0521637767728149,303.8638494378,278.2496997200655,True,discovery,True,True,True,True,True,True
XLI,2020-08-05T00:00:00.000Z,67.2861441907,0.0722716013396647,305.7511453577,278.427845483332,True,discovery,True,True,True,True,True,True
XLI,2020-08-06T00:00:00.000Z,67.5421588717,0.100238308012915,307.7949487442,278.6070542004165,True,discovery,True,True,True,True,True,True
XLI,2020-08-07T00:00:00.000Z,68.6942249361,0.1046904866933085,308.0159004617,278.7918097265105,True,discovery,True,True,True,True,True,True
XLI,2020-08-10T00:00:00.000Z,70.3857505069,0.1272514277350129,308.9365326178,278.977224960459,True,discovery,True,True,True,True,True,True
XLI,2020-08-11T00:00:00.000Z,70.7606291469,0.1092159954139708,306.3863815454,279.1476684138345,True,discovery,True,True,True,True,True,True
XLI,2020-08-12T00:00:00.000Z,70.9892136835,0.0851153039842071,310.6581147497,279.33389530668154,True,discovery,True,True,True,True,True,True
XLI,2020-08-13T00:00:00.000Z,70.6143350435,0.0790834148385175,310.0965291345,279.5096086737815,True,discovery,True,True,True,True,True,True
XLI,2020-08-14T00:00:00.000Z,70.8886364874,0.0768055555559059,310.105735456,279.6857760158955,True,discovery,True,True,True,True,True,True
XLI,2020-08-17T00:00:00.000Z,70.5594747547,0.0850674915637925,311.090811863,279.862653324848,True,discovery,True,True,True,True,True,True
XLI,2020-08-18T00:00:00.000Z,70.1754527332,0.065084651678628,311.762873337,280.0465624318255,True,discovery,True,True,True,True,True,True
XLI,2020-08-19T00:00:00.000Z,69.9925851039,0.0538270925099066,310.4647819969,280.211244182423,True,discovery,True,True,True,True,True,True
XLI,2020-08-20T00:00:00.000Z,69.6177064639,0.0513670256825344,311.4314457608,280.37518402529,True,discovery,True,True,True,True,True,True
XLI,2020-08-21T00:00:00.000Z,69.9011512893,0.0641703786187599,312.5362043481,280.5461887806275,True,discovery,True,True,True,True,True,True
XLI,2020-08-24T00:00:00.000Z,71.1629379313,0.0788744108678256,315.703178965,280.7327111197335,True,discovery,True,True,True,True,True,True
XLI,2020-08-25T00:00:00.000Z,71.0715041166,0.0850083752087953,316.8079375523,280.91986193090304,True,discovery,True,True,True,True,True,True
XLI,2020-08-26T00:00:00.000Z,71.1080776425,0.0692974013480964,319.9841184908,281.1194487913355,True,discovery,True,True,True,True,True,True
XLI,2020-08-27T00:00:00.000Z,71.3640923235,0.08402777777801,320.6837989295,281.3252083496235,True,discovery,True,True,True,True,True,True
XLI,2020-08-28T00:00:00.000Z,72.0407025518,0.098424647985331,322.7552212806,281.5383787617345,True,discovery,True,True,True,True,True,True
XLI,2020-08-31T00:00:00.000Z,71.1446511683,0.0802443426339813,321.5860184424,281.745249889203,True,discovery,True,True,True,True,True,True
XLI,2020-09-01T00:00:00.000Z,71.866978304,0.0884918986298419,324.6148982359,281.9652256986085,True,discovery,True,True,True,True,True,True
XLI,2020-09-02T00:00:00.000Z,73.0556178942,0.0857453458344761,329.310122232,282.198524369887,True,discovery,True,True,True,True,True,True
XLI,2020-09-03T00:00:00.000Z,71.0075004464,0.0513063489913405,317.9771403906,282.37411560992047,True,discovery,True,True,True,True,True,True
XLI,2020-09-04T00:00:00.000Z,71.1720813127,0.036070810594412,315.3809577104,282.5371338799595,True,discovery,False,True,True,False,True,False
XLI,2020-09-08T00:00:00.000Z,69.8371476191,-0.0077942322678824,306.7638407294,282.6623245023275,True,discovery,False,True,True,False,True,False
XLI,2020-09-09T00:00:00.000Z,70.9160666318,0.0021966662362105,312.8216003165,282.82007027488703,True,discovery,False,True,True,False,True,False
XLI,2020-09-10T00:00:00.000Z,70.0108718669,-0.0137815558989264,307.3898705956,282.9475298327285,True,discovery,False,True,True,False,True,False
XLI,2020-09-11T00:00:00.000Z,70.9617835391,0.0049203677325,307.5463780621,283.064848110028,True,discovery,False,True,True,False,True,False
XLI,2020-09-14T00:00:00.000Z,71.9218385928,0.0145750032247218,311.5971595489,283.199202074558,True,discovery,False,True,True,False,True,False
XLI,2020-09-15T00:00:00.000Z,71.9675555001,0.0199559414280674,313.1714405358,283.33508165770496,True,discovery,False,True,True,False,True,False
XLI,2020-09-16T00:00:00.000Z,72.6990260172,0.0359609120527424,311.9285871251,283.470050238078,True,discovery,False,True,True,False,True,False
XLI,2020-09-17T00:00:00.000Z,72.8453201206,0.0407576747231905,309.1851032999,283.60340372037297,True,discovery,False,True,True,False,True,False
XLI,2020-09-18T00:00:00.000Z,72.0315591703,0.0346729708432966,305.6399550885,283.7285048140415,True,discovery,False,True,True,False,True,False
XLI,2020-09-21T00:00:00.000Z,69.6499670567,-0.0035934205369582,302.2383067149,283.8279402002235,True,discovery,False,True,True,False,True,False
XLI,2020-09-22T00:00:00.000Z,70.3384799774,-0.0115854962971865,305.3164287486,283.940227882047,True,discovery,False,True,True,False,True,False
XLI,2020-09-23T00:00:00.000Z,69.0807963756,-0.0280099283917508,298.2358237101,284.004194330818,True,discovery,False,True,True,False,True,False
XLI,2020-09-24T00:00:00.000Z,69.1817782707,-0.0270897405142155,299.0307741452,284.076622909232,True,discovery,False,True,True,False,True,False
XLI,2020-09-25T00:00:00.000Z,70.2191377378,-0.0160438471004412,303.865182024,284.1748099736189,True,discovery,False,True,True,False,True,False
XLI,2020-09-28T00:00:00.000Z,71.4860015119,-0.0076998282949996,308.9121929261,284.294197985501,True,discovery,False,True,True,False,True,False
XLI,2020-09-29T00:00:00.000Z,70.8525696249,-0.0041054603347348,307.2298559587,284.3928906833175,True,discovery,False,True,True,False,True,False
XLI,2020-09-30T00:00:00.000Z,70.6689661794,-0.0166698552363279,309.5592456058,284.50236911551195,True,discovery,False,True,True,False,True,False
XLI,2020-10-01T00:00:00.000Z,70.457822217,-0.0355591500295316,311.5466216937,284.61190313230946,True,discovery,False,True,True,False,True,False
XLI,2020-10-02T00:00:00.000Z,71.2473170327,0.0033773416159186,308.5886665862,284.7063300842535,True,discovery,False,True,True,False,True,False
XLI,2020-10-05T00:00:00.000Z,72.3948385672,0.0171802936200182,314.060883535,284.8280274668515,True,discovery,False,True,True,False,True,False
XLI,2020-10-06T00:00:00.000Z,71.5135420287,0.0240043367570401,309.5962200447,284.92146368908647,True,discovery,False,True,True,False,True,False
XLI,2020-10-07T00:00:00.000Z,73.0925316602,0.0306907183628826,314.9852445061,285.03549924731146,True,discovery,False,True,True,False,True,False
XLI,2020-10-08T00:00:00.000Z,73.81776527,0.0543757462460601,317.7768146388,285.161260758886,True,discovery,True,True,True,True,True,True
XLI,2020-10-09T00:00:00.000Z,74.0931704382,0.0441277930588457,320.61460282,285.301165662442,True,discovery,False,True,True,False,True,False
XLI,2020-10-12T00:00:00.000Z,74.5154583629,0.0360616444302031,325.7725370386,285.45907137095446,True,discovery,False,True,True,False,True,False
XLI,2020-10-13T00:00:00.000Z,73.6892428581,0.0239231045995109,323.6465068051,285.6067113196975,True,discovery,False,True,True,False,True,False
XLI,2020-10-14T00:00:00.000Z,74.1023506105,0.0193032103754455,321.6129126688,285.75229100636903,True,discovery,False,True,True,False,True,False
XLI,2020-10-15T00:00:00.000Z,74.3685756065,0.0209108214965376,321.2154374512,285.89233050082,True,discovery,False,True,True,False,True,False
XLI,2020-10-16T00:00:00.000Z,74.9102057708,0.0399636858296261,321.0213216473,286.017689189894,True,discovery,False,True,True,False,True,False
XLI,2020-10-19T00:00:00.000Z,73.9830083709,0.0622116778701788,316.14069572,286.1298497848265,True,discovery,True,True,True,True,True,True
XLI,2020-10-20T00:00:00.000Z,74.3685756065,0.0572957452363895,317.4070702503,286.242739734663,True,discovery,True,True,True,True,True,True
XLI,2020-10-21T00:00:00.000Z,73.6158014799,0.0656478405321598,316.8062356191,286.356770463498,True,discovery,True,True,True,True,True,True
XLI,2020-10-22T00:00:00.000Z,74.2216928501,0.0728503184708468,318.5440342448,286.4716557704005,True,discovery,True,True,True,True,True,True
XLI,2020-10-23T00:00:00.000Z,74.5154583629,0.0611844685581668,319.6255365809,286.581927825533,True,discovery,True,True,True,True,True,True
XLI,2020-10-26T00:00:00.000Z,72.6518833909,0.0163092333371859,313.7188699757,286.666948146568,True,discovery,False,True,True,False,True,False
XLI,2020-10-27T00:00:00.000Z,71.0637135872,0.0029800466435843,312.6373676395,286.7363579967725,True,discovery,False,True,True,False,True,False
XLI,2020-10-28T00:00:00.000Z,68.7319498292,-0.0274097168095355,301.9517548138,286.7546172290875,True,discovery,False,True,True,False,True,False
XLI,2020-10-29T00:00:00.000Z,69.7325886072,-0.0102931596092537,305.0206332378,286.784850233089,True,discovery,False,True,True,False,True,False
XLI,2020-10-30T00:00:00.000Z,69.6499670567,-0.0224197912640957,301.8408314973,286.78674937192454,True,discovery,False,True,True,False,True,False
XLI,2020-11-02T00:00:00.000Z,71.5319023733,-0.0119198579757724,305.2239926515,286.800872777279,True,discovery,False,True,True,False,True,False
XLI,2020-11-03T00:00:00.000Z,73.6433419967,0.029781771502036,310.6130171129,286.844901985051,True,discovery,False,True,True,False,True,False
XLI,2020-11-04T00:00:00.000Z,72.8813876978,-0.0028887214275404,317.5549680057,286.923458751588,True,discovery,False,True,True,False,True,False
XLI,2020-11-05T00:00:00.000Z,74.5980799134,0.0105708245236886,323.748186512,287.031250751515,True,discovery,False,True,True,False,True,False
XLI,2020-11-06T00:00:00.000Z,74.6715212916,0.007805724198054,323.6742376343,287.152109939862,True,discovery,False,True,True,False,True,False
XLI,2020-11-09T00:00:00.000Z,77.214429012,0.0362202784280767,327.741425907,287.317309352929,True,discovery,False,True,True,False,True,False
XLI,2020-11-10T00:00:00.000Z,78.5730945089,0.0662763174294598,327.2607582021,287.4646643419725,True,discovery,True,True,True,True,True,True
XLI,2020-11-11T00:00:00.000Z,77.912122105,0.051412289395853,329.691827556,287.6254044987545,True,discovery,True,True,True,True,True,True
XLI,2020-11-12T00:00:00.000Z,77.0216453942,0.0356746080728767,326.4935385961,287.765325024711,True,discovery,False,True,True,False,True,False
XLI,2020-11-13T00:00:00.000Z,78.7291574375,0.0509803921562397,331.0136637447,287.9549477866515,True,discovery,True,True,True,True,True,True
XLI,2020-11-16T00:00:00.000Z,80.6478134432,0.090085618563755,335.1455572854,288.15434382327453,True,discovery,True,True,True,True,True,True
XLI,2020-11-17T00:00:00.000Z,80.4366694808,0.0815948648311832,333.3430533918,288.3222261715905,True,discovery,True,True,True,True,True,True
XLI,2020-11-18T00:00:00.000Z,80.0786427621,0.0877914951990928,329.3313267773,288.4527412954195,True,discovery,True,True,True,True,True,True
XLI,2020-11-19T00:00:00.000Z,80.2806065522,0.0816326530619118,330.7178682339,288.585087646957,True,discovery,True,True,True,True,True,True
XLI,2020-11-20T00:00:00.000Z,79.5553729424,0.0676358260450462,328.4531838548,288.71421828520846,True,discovery,True,True,True,True,True,True
XLI,2020-11-23T00:00:00.000Z,80.8864979224,0.1133434420026533,330.4220727232,288.84189723445803,True,discovery,True,True,True,True,True,True
XLI,2020-11-24T00:00:00.000Z,82.3002444528,0.1581191060584248,335.7463919166,288.9935559420375,True,discovery,True,True,True,True,True,True
XLI,2020-11-25T00:00:00.000Z,81.6759927381,0.1883264324825087,335.2287497728,289.1327878711465,True,discovery,True,True,True,True,True,True
XLI,2020-11-27T00:00:00.000Z,81.5382901539,0.1692996313847015,336.1623543536,289.27832758445146,True,discovery,True,True,True,True,True,True
XLI,2020-11-30T00:00:00.000Z,80.8130565442,0.1602741531580689,334.6741331902,289.413966550002,True,discovery,True,True,True,True,True,True
XLI,2020-12-01T00:00:00.000Z,80.6110927541,0.126925051334702,338.3346026356,289.5718706192345,True,discovery,True,True,True,True,True,True
XLI,2020-12-02T00:00:00.000Z,80.7212548214,0.0961106955876223,339.0463605834,289.72600010131754,True,discovery,True,True,True,True,True,True
XLI,2020-12-03T00:00:00.000Z,80.9323987837,0.1104673132636171,338.9539244863,289.8859987034585,True,discovery,True,True,True,True,True,True
XLI,2020-12-04T00:00:00.000Z,81.8963168727,0.0978341127247837,341.8749051549,290.0764076858395,True,discovery,True,True,True,True,True,True
XLI,2020-12-07T00:00:00.000Z,81.5015694648,0.091467912465958,341.1723908169,290.3136812073315,True,discovery,True,True,True,True,True,True
XLI,2020-12-08T00:00:00.000Z,81.8963168727,0.0606348828918021,342.1707006656,290.600447577572,True,discovery,True,True,True,True,True,True
XLI,2020-12-09T00:00:00.000Z,82.0799203182,0.0446313821699204,339.1018222416,290.877107682042,True,discovery,False,True,True,False,True,False
XLI,2020-12-10T00:00:00.000Z,81.2996056748,0.0434782608697885,338.9908989251,291.2169361156895,True,discovery,False,True,True,False,True,False
XLI,2020-12-11T00:00:00.000Z,81.4923892926,0.0580452920152321,338.5934237075,291.56047078884546,True,discovery,True,True,True,True,True,True
XLI,2020-12-14T00:00:00.000Z,80.4366694808,0.0216884328357702,337.077471715,291.837986431553,True,discovery,False,True,True,False,True,False
XLI,2020-12-15T00:00:00.000Z,81.5566504985,0.0112692088786772,341.6345713024,292.1785983706235,True,discovery,False,True,True,False,True,False
XLI,2020-12-16T00:00:00.000Z,81.0517410233,0.0076466560148515,342.1707006656,292.464408213444,True,discovery,False,True,True,False,True,False
XLI,2020-12-17T00:00:00.000Z,81.5474703262,0.0183423134238629,344.0841278758,292.8071560740815,True,discovery,False,True,True,False,True,False
XLI,2020-12-18T00:00:00.000Z,81.5566504985,0.0158947970263565,342.7160736386,293.16583812592,True,discovery,False,True,True,False,True,False
XLI,2020-12-21T00:00:00.000Z,81.066325563,0.0189924648042814,341.4906951858,293.62420343774704,True,discovery,False,True,True,False,True,False
XLI,2020-12-22T00:00:00.000Z,80.6883724873,-0.0024494253081653,340.9151386398,294.0150570425885,True,discovery,False,True,True,False,True,False
XLI,2020-12-23T00:00:00.000Z,81.1124174015,-0.0144328496129951,341.221483253,294.4714841587295,True,discovery,False,True,True,False,True,False
XLI,2020-12-24T00:00:00.000Z,81.1216357692,-0.0067872694327401,342.5489765768,295.05411466902353,True,discovery,False,True,True,False,True,False
XLI,2020-12-28T00:00:00.000Z,81.2230378139,-0.0038663104095629,345.4917414976,295.554849734474,True,discovery,False,True,True,False,True,False
XLI,2020-12-29T00:00:00.000Z,80.7344643258,-0.0009725188201117,344.8326364207,296.1865219558515,True,discovery,False,True,True,False,True,False
XLI,2020-12-30T00:00:00.000Z,81.250692917,0.0079343939034677,345.3246444358,296.761668359721,True,discovery,False,True,True,False,True,False
XLI,2020-12-31T00:00:00.000Z,81.6286459928,0.0112410439283638,347.0791635841,297.403889983044,True,discovery,False,True,True,False,True,False
XLI,2021-01-04T00:00:00.000Z,79.6559153048,-0.0157722185192054,342.3540300048,298.020162943307,True,discovery,False,True,True,False,True,False
XLI,2021-01-05T00:00:00.000Z,80.4394765594,-0.0177888379957856,344.7119552094,298.69516115038846,True,discovery,False,True,True,False,True,False
XLI,2021-01-06T00:00:00.000Z,82.3568970412,0.0104946147910613,346.7728189709,299.4072734891205,True,discovery,False,True,True,False,True,False
XLI,2021-01-07T00:00:00.000Z,82.8085970585,0.0111394531602446,351.9249783747,300.05257257026847,True,discovery,False,True,True,False,True,False
XLI,2021-01-08T00:00:00.000Z,82.6057929691,0.0064068367617968,353.9301431157,300.691215813797,True,discovery,False,True,True,False,True,False
XLI,2021-01-11T00:00:00.000Z,82.578137866,0.01572617948867,351.5443684008,301.251890969552,True,discovery,False,True,True,False,True,False
XLI,2021-01-12T00:00:00.000Z,83.3985725914,0.0233909364462958,351.6186337615,301.8485922117545,True,discovery,False,True,True,False,True,False
XLI,2021-01-13T00:00:00.000Z,82.6795399107,0.0278836809676135,352.5655171114,302.412310817767,True,discovery,False,True,True,False,True,False
XLI,2021-01-14T00:00:00.000Z,82.9653093094,0.0172721513486615,351.3308554885,302.9877293242265,True,discovery,False,True,True,False,True,False
XLI,2021-01-15T00:00:00.000Z,81.8867602884,0.0103022989334671,348.7687005418,303.6034983942395,True,discovery,False,True,True,False,True,False
XLI,2021-01-19T00:00:00.000Z,82.1540929517,0.0074388895581116,351.5072357204,304.206929415881,True,discovery,False,True,True,False,True,False
XLI,2021-01-20T00:00:00.000Z,82.6611031753,0.0135421534608057,356.3716168512,304.85136400450097,True,discovery,False,True,True,False,True,False
XLI,2021-01-21T00:00:00.000Z,82.0158174362,0.0117125312712256,356.6965278046,305.4210266384705,True,discovery,False,True,True,False,True,False
XLI,2021-01-22T00:00:00.000Z,81.591772522,0.0111961613160829,355.4340166714,305.983139340797,True,discovery,False,True,True,False,True,False
XLI,2021-01-25T00:00:00.000Z,81.0386704599,-0.0009091942265134,356.835775356,306.511473258033,True,discovery,False,True,True,False,True,False
XLI,2021-01-26T00:00:00.000Z,80.2919826761,-0.0102272727273454,356.2787851502,307.017911639701,True,discovery,False,True,True,False,True,False
XLI,2021-01-27T00:00:00.000Z,78.6972050639,-0.0310974917705891,347.5711715993,307.4924524535495,True,discovery,False,True,True,False,True,False
XLI,2021-01-28T00:00:00.000Z,79.8679377619,-0.0107330440740052,350.5603523705,307.94468040571354,True,discovery,False,True,True,False,True,False
XLI,2021-01-29T00:00:00.000Z,78.1441030018,-0.0382346267295647,343.5422757772,308.389452705072,True,discovery,False,True,True,False,True,False
XLI,2021-02-01T00:00:00.000Z,78.9553193595,-0.0327498588367594,349.2607085569,308.856676117182,True,discovery,False,True,True,False,True,False
XLI,2021-02-02T00:00:00.000Z,80.6330622811,0.0122670987152804,354.1993550485,309.314037891864,True,discovery,False,True,True,False,True,False
XLI,2021-02-03T00:00:00.000Z,80.6883724873,0.0030942012373265,354.4778501514,309.795935655711,True,discovery,False,True,True,False,True,False
XLI,2021-02-04T00:00:00.000Z,81.5548990512,-0.0097380792479201,358.5067459735,310.337161471285,True,discovery,False,True,True,False,True,False
XLI,2021-02-05T00:00:00.000Z,82.0342541716,-0.0093509963265404,359.9177878282,310.8576702797515,True,discovery,False,True,True,False,True,False
XLI,2021-02-08T00:00:00.000Z,82.7348501169,0.0015623256331223,362.5170754553,311.39126718383346,True,discovery,False,True,True,False,True,False
XLI,2021-02-09T00:00:00.000Z,82.946872574,0.0044652824286053,362.2757130328,311.905829895981,True,discovery,False,True,True,False,True,False
