ticker,date,etf_close,etf_momentum_20d,spy_close,spy_200dma,eligible,research_partition,momentum_signal,positive_regime,group_A,group_B,group_C,group_D
XLP,1999-01-22T00:00:00.000Z,13.3463209667,-0.0418867924590797,75.9222532054,68.79354290947,True,discovery,False,True,True,False,True,False
XLP,1999-01-25T00:00:00.000Z,13.3147818073,-0.066691230658325,76.6965750127,68.838755908347,True,discovery,False,True,True,False,True,False
XLP,1999-01-26T00:00:00.000Z,13.6249168751,-0.0431893687677078,78.0903542659,68.888254642999,True,discovery,False,True,True,False,True,False
XLP,1999-01-27T00:00:00.000Z,13.8088953051,-0.0248700816605013,77.1804933111,68.934162344481,True,discovery,False,True,True,False,True,False
XLP,1999-01-28T00:00:00.000Z,14.0506955274,-0.0290592081383704,78.4775151695,68.983680340443,True,discovery,False,True,True,False,True,False
XLP,1999-01-29T00:00:00.000Z,14.0874912134,-0.0204678362613152,79.0775817389,69.03524039764801,True,discovery,False,True,True,False,True,False
XLP,1999-02-01T00:00:00.000Z,14.0296694211,-0.0173048600889429,78.6129886545,69.0885022301675,True,discovery,False,True,True,False,True,False
XLP,1999-02-02T00:00:00.000Z,14.1453130057,-0.0011135857449386,78.1290703562,69.13484075718,True,discovery,False,True,True,False,True,False
XLP,1999-02-03T00:00:00.000Z,14.09274774,-0.012159174651226,78.9227173775,69.1852431839365,True,discovery,False,True,True,False,True,False
XLP,1999-02-04T00:00:00.000Z,14.0296694211,-0.0283946123091347,77.7419094526,69.228112671865,True,discovery,False,True,True,False,True,False
XLP,1999-02-05T00:00:00.000Z,13.8141518317,-0.0324005890980817,76.8514393742,69.2655715377975,True,discovery,False,True,True,False,True,False
XLP,1999-02-08T00:00:00.000Z,13.7878691988,-0.0303142329008139,77.0063037357,69.30715851362851,True,discovery,False,True,True,False,True,False
XLP,1999-02-09T00:00:00.000Z,13.5460689765,-0.0275471698134905,75.2834048832,69.3437724272915,True,discovery,False,True,True,False,True,False
XLP,1999-02-10T00:00:00.000Z,13.6406864548,-0.0133079847890043,75.767388844,69.389226843028,True,discovery,False,True,True,False,True,False
XLP,1999-02-11T00:00:00.000Z,13.871973624,0.0018982536095089,77.5096129104,69.44387135237551,True,discovery,False,True,True,False,True,False
XLP,1999-02-12T00:00:00.000Z,13.7563300394,0.0127708978341591,76.5804267416,69.4915700790295,True,discovery,False,True,True,False,True,False
XLP,1999-02-16T00:00:00.000Z,13.9192823631,0.0133945656314629,76.1158336573,69.53071723735951,True,discovery,False,True,True,False,True,False
XLP,1999-02-17T00:00:00.000Z,13.7826126722,0.0150987224147349,76.0384014765,69.5656441483695,True,discovery,False,True,True,False,True,False
XLP,1999-02-18T00:00:00.000Z,13.9297954163,0.0227711308405833,76.6384680459,69.6044336741475,True,discovery,False,True,True,False,True,False
XLP,1999-02-19T00:00:00.000Z,13.871973624,0.0340909090924339,76.9675876453,69.647264639455,True,discovery,False,True,True,False,True,False
XLP,1999-02-22T00:00:00.000Z,14.166339112,0.0614415124097496,79.0195404346,69.7043801094455,True,discovery,True,True,True,True,True,True
XLP,1999-02-23T00:00:00.000Z,14.1453130057,0.0623766285035667,78.9808243443,69.76398515947551,True,discovery,True,True,True,True,True,True
XLP,1999-02-24T00:00:00.000Z,14.0612085806,0.0320216049389143,77.5870450911,69.8111590025745,True,discovery,False,True,True,False,True,False
XLP,1999-02-25T00:00:00.000Z,13.8982562568,0.006471259990435,76.8514393742,69.85580474301351,True,discovery,False,True,True,False,True,False
XLP,1999-02-26T00:00:00.000Z,13.9403084694,-0.0078563411885722,76.5417106513,69.895260407743,True,discovery,False,True,True,False,True,False
XLP,1999-03-01T00:00:00.000Z,13.871973624,-0.0152985074585174,76.754616317,69.9349183188805,True,discovery,False,True,True,False,True,False
XLP,1999-03-02T00:00:00.000Z,13.8299214114,-0.0142375421476137,76.0771175669,69.97291362515449,True,discovery,False,True,True,False,True,False
XLP,1999-03-03T00:00:00.000Z,13.8299214114,-0.0222965440335544,76.4836036845,70.0148579052245,True,discovery,False,True,True,False,True,False
XLP,1999-03-04T00:00:00.000Z,14.019156368,-0.0052219321141413,77.4515059436,70.0629832768355,True,discovery,False,True,True,False,True,False
XLP,1999-03-05T00:00:00.000Z,14.2346739574,0.0146122143114564,79.0098143333,70.11660033854551,True,discovery,False,True,True,False,True,False
XLP,1999-03-08T00:00:00.000Z,14.2977522763,0.0350076103471121,79.5228496094,70.16952445318249,True,discovery,False,True,True,False,True,False
XLP,1999-03-09T00:00:00.000Z,14.313521856,0.0381242851684253,79.3292691575,70.223684527726,True,discovery,False,True,True,False,True,False
XLP,1999-03-10T00:00:00.000Z,14.1610825854,0.0454016297987953,80.0261587841,70.282670630648,True,discovery,False,True,True,False,True,False
XLP,1999-03-11T00:00:00.000Z,14.2977522763,0.0481695568384525,80.9166288625,70.3515713946275,True,discovery,False,True,True,False,True,False
XLP,1999-03-12T00:00:00.000Z,14.423908914,0.0397877984027514,80.1423070552,70.4161212512455,True,discovery,False,True,True,False,True,False
XLP,1999-03-15T00:00:00.000Z,14.5448090252,0.0573175391650018,81.2844032259,70.484848354151,True,discovery,True,True,True,True,True,True
XLP,1999-03-16T00:00:00.000Z,14.6131438706,0.0498489425963097,80.974674503,70.5553809265785,True,discovery,False,True,True,False,True,False
XLP,1999-03-17T00:00:00.000Z,14.3660871217,0.0423340961091422,80.6262296897,70.622638040373,True,discovery,False,True,True,False,True,False
XLP,1999-03-18T00:00:00.000Z,14.6131438706,0.0490566037675168,81.923247212,70.69609259777499,True,discovery,False,True,True,False,True,False
XLP,1999-03-19T00:00:00.000Z,14.5495167704,0.0488425918881345,80.5340228295,70.76796735424651,True,discovery,False,True,True,False,True,False
XLP,1999-03-22T00:00:00.000Z,14.5389850898,0.0263050301742628,80.6892691385,70.834485403998,True,discovery,False,True,True,False,True,False
XLP,1999-03-23T00:00:00.000Z,14.1282495458,-0.0012062977958229,78.3605745025,70.88284373366301,True,discovery,False,True,True,False,True,False
XLP,1999-03-24T00:00:00.000Z,14.1177178652,0.004018807080208,78.8068747288,70.93381687310101,True,discovery,False,True,True,False,True,False
XLP,1999-03-25T00:00:00.000Z,14.2283005116,0.0237471700551297,80.4175880977,70.991789643142,True,discovery,False,True,True,False,True,False
XLP,1999-03-26T00:00:00.000Z,14.1756421085,0.0168815230750865,79.8354144386,71.0490554070535,True,discovery,False,True,True,False,True,False
XLP,1999-03-29T00:00:00.000Z,14.3599465193,0.0351768903637297,81.4460663299,71.1207950126905,True,discovery,False,True,True,False,True,False
XLP,1999-03-30T00:00:00.000Z,14.2335663519,0.0291863509916459,81.01913898,71.1872375227625,True,discovery,False,True,True,False,True,False
XLP,1999-03-31T00:00:00.000Z,13.9228817738,0.0067216840670816,79.7189797068,71.256091324908,True,discovery,False,True,True,False,True,False
XLP,1999-04-01T00:00:00.000Z,13.943945135,-0.0053648900850893,80.3205305892,71.3228738794415,True,discovery,False,True,True,False,True,False
XLP,1999-04-05T00:00:00.000Z,14.0229327396,-0.0148750310989683,82.2222978753,71.39217005022,True,discovery,False,True,True,False,True,False
XLP,1999-04-06T00:00:00.000Z,13.8649575304,-0.030270124809576,82.0282399889,71.46202916613251,True,discovery,False,True,True,False,True,False
XLP,1999-04-07T00:00:00.000Z,13.8491600095,-0.0324421795817739,82.6880368025,71.5368866634425,True,discovery,False,True,True,False,True,False
XLP,1999-04-08T00:00:00.000Z,14.1703762682,0.0006562833557359,83.7359493887,71.61534961481401,True,discovery,False,True,True,False,True,False
XLP,1999-04-09T00:00:00.000Z,14.2019713101,-0.0066990226399968,83.7553837426,71.689872124996,True,discovery,False,True,True,False,True,False
XLP,1999-04-12T00:00:00.000Z,14.4389341239,0.0010416877969476,84.6480500198,71.7642435517535,True,discovery,False,True,True,False,True,False
XLP,1999-04-13T00:00:00.000Z,14.491592527,-0.0036587966268788,84.104687938,71.8364749699535,True,discovery,False,True,True,False,True,False
XLP,1999-04-14T00:00:00.000Z,14.0545277815,-0.03822696156601,82.6880368025,71.900180964805,True,discovery,False,True,True,False,True,False
XLP,1999-04-15T00:00:00.000Z,13.7069823212,-0.0458792150511478,82.3775441843,71.96108492226399,True,discovery,False,True,True,False,True,False
XLP,1999-04-16T00:00:00.000Z,13.7649065645,-0.0580461886648879,81.6789357935,72.020899015773,True,discovery,False,True,True,False,True,False
XLP,1999-04-19T00:00:00.000Z,13.190929971,-0.093376764386014,80.4175880977,72.070368757844,True,discovery,False,True,True,False,True,False
XLP,1999-04-20T00:00:00.000Z,13.4384244655,-0.0756972111534877,81.4266891066,72.12421123250901,True,discovery,False,True,True,False,True,False
XLP,1999-04-21T00:00:00.000Z,13.8649575304,-0.0186358553865061,83.7553837426,72.186140072562,True,discovery,False,True,True,False,True,False
XLP,1999-04-22T00:00:00.000Z,14.0387302605,-0.0055949272718293,84.5509925113,72.2527200549945,True,discovery,False,True,True,False,True,False
XLP,1999-04-23T00:00:00.000Z,14.012401059,-0.0151739452244477,84.3375574016,72.31563709050499,True,discovery,False,True,True,False,True,False
XLP,1999-04-26T00:00:00.000Z,13.9123500932,-0.0185735512567803,84.8226735522,72.383383210858,True,discovery,False,True,True,False,True,False
XLP,1999-04-27T00:00:00.000Z,13.9281476141,-0.0300696736314202,85.2302236788,72.4512444090065,True,discovery,False,True,True,False,True,False
XLP,1999-04-28T00:00:00.000Z,13.7227798421,-0.035886052530455,84.0658763608,72.5131875738805,True,discovery,False,True,True,False,True,False
XLP,1999-04-29T00:00:00.000Z,13.6174630359,-0.0219364599126838,83.4254567705,72.567891027844,True,discovery,False,True,True,False,True,False
XLP,1999-04-30T00:00:00.000Z,13.4384244655,-0.0362537764316869,82.7462827337,72.6198717101595,True,discovery,False,True,True,False,True,False
XLP,1999-05-03T00:00:00.000Z,13.7491090436,-0.0195268494176497,84.2599342471,72.676921175353,True,discovery,False,True,True,False,True,False
XLP,1999-05-04T00:00:00.000Z,13.6332605568,-0.0167109760770624,83.0567753518,72.727474014818,True,discovery,False,True,True,False,True,False
XLP,1999-05-05T00:00:00.000Z,13.7649065645,-0.0060836501955501,83.7165721654,72.78132583835101,True,discovery,False,True,True,False,True,False
XLP,1999-05-06T00:00:00.000Z,13.5858679941,-0.0412486064616157,83.2022715717,72.8389509792795,True,discovery,False,True,True,False,True,False
XLP,1999-05-07T00:00:00.000Z,13.7017164808,-0.0352243233264549,83.8330068972,72.8997297968355,True,discovery,False,True,True,False,True,False
XLP,1999-05-10T00:00:00.000Z,13.4858170282,-0.0660102115240179,83.415763191,72.9655362853595,True,discovery,False,True,True,False,True,False
XLP,1999-05-11T00:00:00.000Z,13.5437412716,-0.0654069767442061,84.2599342471,73.0358521931325,True,discovery,False,True,True,False,True,False
XLP,1999-05-12T00:00:00.000Z,13.738577363,-0.0224803297138084,84.9197310606,73.106967610284,True,discovery,False,True,True,False,True,False
XLP,1999-05-13T00:00:00.000Z,13.807033287,0.007299270069478,85.2884124794,73.185886720326,True,discovery,False,True,True,False,True,False
XLP,1999-05-14T00:00:00.000Z,13.5595387925,-0.0149196633509774,83.0761525751,73.255090401833,True,discovery,False,True,True,False,True,False
XLP,1999-05-17T00:00:00.000Z,13.6490580778,0.0347305389238807,83.3284563927,73.3203643857665,True,discovery,False,True,True,False,True,False
XLP,1999-05-18T00:00:00.000Z,13.4700195073,0.0023510971752016,83.1732100836,73.392360562221,True,discovery,False,True,True,False,True,False
XLP,1999-05-19T00:00:00.000Z,13.6595897584,-0.0148120015189167,83.7747609659,73.4688063346725,True,discovery,False,True,True,False,True,False
XLP,1999-05-20T00:00:00.000Z,13.6911848002,-0.0247561890463746,83.2702104615,73.5559957971815,True,discovery,False,True,True,False,True,False
XLP,1999-05-21T00:00:00.000Z,13.6490580778,-0.0259301014629915,82.8044715343,73.636338446929,True,discovery,False,True,True,False,True,False
XLP,1999-05-24T00:00:00.000Z,13.2962467771,-0.044284632860205,81.4266891066,73.708350016867,True,discovery,False,True,True,False,True,False
XLP,1999-05-25T00:00:00.000Z,13.1646007694,-0.054820415884093,80.1070954795,73.773186816818,True,discovery,False,True,True,False,True,False
XLP,1999-05-26T00:00:00.000Z,13.1646007694,-0.040675364548775,80.9997617567,73.844409620993,True,discovery,False,True,True,False,True,False
XLP,1999-05-27T00:00:00.000Z,13.1014106858,-0.0378963650380046,79.8354144386,73.91480963795499,True,discovery,False,True,True,False,True,False
XLP,1999-05-28T00:00:00.000Z,13.2962467771,-0.0105799373107322,80.8541990914,73.984727826952,True,discovery,False,True,True,False,True,False
XLP,1999-06-01T00:00:00.000Z,13.3436393399,-0.0294906166220815,80.5728344067,74.05727680548449,True,discovery,False,True,True,False,True,False
XLP,1999-06-02T00:00:00.000Z,13.1382715679,-0.0363074546134973,80.6504575613,74.13405924546501,True,discovery,False,True,True,False,True,False
XLP,1999-06-03T00:00:00.000Z,13.2646517353,-0.0363427696988637,81.0967621345,74.2061515860965,True,discovery,False,True,True,False,True,False
XLP,1999-06-04T00:00:00.000Z,13.7227798421,0.0100775193796567,82.7268483797,74.2802418048735,True,discovery,False,True,True,False,True,False
XLP,1999-06-07T00:00:00.000Z,13.6069313553,-0.0069177555697361,82.94034062,74.35626485067151,True,discovery,False,True,True,False,True,False
XLP,1999-06-08T00:00:00.000Z,13.4173611042,-0.0050761421319044,82.1252974974,74.4302313242935,True,discovery,False,True,True,False,True,False
XLP,1999-06-09T00:00:00.000Z,13.3436393399,-0.0147744945570982,82.0476743429,74.5065014241155,True,discovery,False,True,True,False,True,False
XLP,1999-06-10T00:00:00.000Z,13.1014106858,-0.0463779225726808,81.2908200208,74.5768723122055,True,discovery,False,True,True,False,True,False
XLP,1999-06-11T00:00:00.000Z,12.9697646781,-0.0606407322627612,80.611645984,74.6430782609765,True,discovery,False,True,True,False,True,False
XLP,1999-06-14T00:00:00.000Z,13.0066255602,-0.0407766990279806,80.6892691385,74.7115949983575,True,discovery,False,True,True,False,True,False
XLP,1999-06-15T00:00:00.000Z,13.0434864424,-0.0443672839508941,81.2326312203,74.79859446341601,True,discovery,False,True,True,False,True,False
XLP,1999-06-16T00:00:00.000Z,13.1382715679,-0.0246286161070673,82.785094311,74.8945098476305,True,discovery,False,True,True,False,True,False
XLP,1999-06-17T00:00:00.000Z,13.2488542144,-0.0300693909015398,83.5613258563,75.0169939290555,True,discovery,False,True,True,False,True,False
XLP,1999-06-18T00:00:00.000Z,13.2437516151,-0.0326803846145925,83.6575599384,75.12746180744651,True,discovery,False,True,True,False,True,False
XLP,1999-06-21T00:00:00.000Z,13.0957176649,-0.0405405566996597,83.852202935,75.2411141376265,True,discovery,False,True,True,False,True,False
XLP,1999-06-22T00:00:00.000Z,13.16973464,-0.0095148758308165,83.2682739452,75.35425000086201,True,discovery,False,True,True,False,True,False
XLP,1999-06-23T00:00:00.000Z,13.0269876166,-0.0104532720141328,82.8594950009,75.4678414440645,True,discovery,False,True,True,False,True,False
XLP,1999-06-24T00:00:00.000Z,12.9846922023,-0.0136660860630261,82.2366374117,75.562168147485,True,discovery,False,True,True,False,True,False
XLP,1999-06-25T00:00:00.000Z,12.9794052755,-0.009312387286068,82.0322716082,75.6631637132385,True,discovery,False,True,True,False,True,False
XLP,1999-06-28T00:00:00.000Z,12.9846922023,-0.0234317683796745,83.0347023492,75.77532398577749,True,discovery,False,True,True,False,True,False
XLP,1999-06-29T00:00:00.000Z,13.2173169812,-0.0094668594887956,83.8132743356,75.8815714867765,True,discovery,False,True,True,False,True,False
XLP,1999-06-30T00:00:00.000Z,13.5292456619,0.0297584116738189,85.3314897091,75.990026580698,True,discovery,False,True,True,False,True,False
XLP,1999-07-01T00:00:00.000Z,13.629697271,0.027520174896755,85.9737829464,76.0997704679685,True,discovery,False,True,True,False,True,False
XLP,1999-07-02T00:00:00.000Z,13.6825665389,-0.0029304050391182,86.8302121315,76.210912491908,True,discovery,False,True,True,False,True,False
XLP,1999-07-06T00:00:00.000Z,13.6719926853,0.004781484399468,86.8107764833,76.331186167227,True,discovery,False,True,True,False,True,False
XLP,1999-07-07T00:00:00.000Z,13.6138364906,0.0146433702480064,86.9275622812,76.4506525962245,True,discovery,False,True,True,False,True,False
XLP,1999-07-08T00:00:00.000Z,13.5080979547,0.0123248695959758,86.9956399929,76.5706523562635,True,discovery,False,True,True,False,True,False
XLP,1999-07-09T00:00:00.000Z,13.5715410762,0.0358839518640197,87.511491271,76.69062648555699,True,discovery,False,True,True,False,True,False
XLP,1999-07-12T00:00:00.000Z,13.5503933691,0.044767866296018,87.1222052778,76.7959199810045,True,discovery,False,True,True,False,True,False
XLP,1999-07-13T00:00:00.000Z,13.5979757102,0.0454653013007093,86.8107764833,76.907759916767,True,discovery,False,True,True,False,True,False
XLP,1999-07-14T00:00:00.000Z,13.5556802959,0.0392681708040136,87.2973553233,77.0224186316955,True,discovery,False,True,True,False,True,False
XLP,1999-07-15T00:00:00.000Z,13.7037142461,0.0430378284752093,87.8520691779,77.1369567786515,True,discovery,False,True,True,False,True,False
XLP,1999-07-16T00:00:00.000Z,13.6825665389,0.0327358364339616,88.3289918567,77.2546513089335,True,discovery,False,True,True,False,True,False
XLP,1999-07-19T00:00:00.000Z,13.5662541495,0.0243512974097381,87.7450628669,77.37926626090099,True,discovery,False,True,True,False,True,False
XLP,1999-07-20T00:00:00.000Z,13.44994176,0.0270488494150582,85.9445678112,77.503947034292,True,discovery,False,True,True,False,True,False
XLP,1999-07-21T00:00:00.000Z,13.5080979547,0.0256924929734196,85.8472743415,77.6222567582175,True,discovery,False,True,True,False,True,False
XLP,1999-07-22T00:00:00.000Z,13.3600640045,0.0255681818163062,84.7183449612,77.7411923023245,True,discovery,False,True,True,False,True,False
XLP,1999-07-23T00:00:00.000Z,13.2596123955,0.0211726384358423,84.5529177227,77.85959028757901,True,discovery,False,True,True,False,True,False
XLP,1999-07-26T00:00:00.000Z,13.3812117117,0.0309572301404637,83.9300601336,77.97940796962399,True,discovery,False,True,True,False,True,False
XLP,1999-07-27T00:00:00.000Z,13.4235071261,0.0337947882755567,84.6307749214,78.10436940032899,True,discovery,False,True,True,False,True,False
XLP,1999-07-28T00:00:00.000Z,13.3019078098,0.0063999999939714,84.9032751166,78.224712115036,True,discovery,False,True,True,False,True,False
XLP,1999-07-29T00:00:00.000Z,13.1010045917,-0.0316529894498093,83.7159241859,78.33468039798,True,discovery,False,True,True,False,True,False
XLP,1999-07-30T00:00:00.000Z,13.0269876166,-0.0442203258382259,82.6843449554,78.440551804813,True,discovery,False,True,True,False,True,False
XLP,1999-08-02T00:00:00.000Z,13.0269876166,-0.0479134466794783,82.878987952,78.5445022893835,True,discovery,False,True,True,False,True,False
XLP,1999-08-03T00:00:00.000Z,13.1274392257,-0.0398298530532055,82.4897019588,78.62981698282151,True,discovery,False,True,True,False,True,False
XLP,1999-08-04T00:00:00.000Z,12.88952752,-0.0532038834975077,81.3607725785,78.709390394501,True,discovery,False,True,True,False,True,False
XLP,1999-08-05T00:00:00.000Z,12.9212490808,-0.0434442270013161,82.1004159656,78.791504368218,True,discovery,False,True,True,False,True,False
XLP,1999-08-06T00:00:00.000Z,12.7044850823,-0.063887806773877,81.2050581812,78.8672121281825,True,discovery,False,True,True,False,True,False
XLP,1999-08-09T00:00:00.000Z,12.6727635215,-0.0647678501792669,81.0298508328,78.94320150630351,True,discovery,False,True,True,False,True,False
XLP,1999-08-10T00:00:00.000Z,12.6304681072,-0.0711508553640275,80.1344930485,79.009794225801,True,discovery,False,True,True,False,True,False
XLP,1999-08-11T00:00:00.000Z,12.4982949374,-0.0780031201252077,81.1077080315,79.08549775483999,True,discovery,False,True,True,False,True,False
XLP,1999-08-12T00:00:00.000Z,12.7309197162,-0.0709876543271362,81.0590566252,79.1585460821945,True,discovery,False,True,True,False,True,False
XLP,1999-08-13T00:00:00.000Z,12.8207974717,-0.0629829984564636,82.9373521995,79.2429153122505,True,discovery,False,True,True,False,True,False
XLP,1999-08-16T00:00:00.000Z,12.8948144468,-0.0494933749066427,83.3072025445,79.32971262148101,True,discovery,False,True,True,False,True,False
XLP,1999-08-17T00:00:00.000Z,12.9635444951,-0.0361635220121576,83.852202935,79.4112279832335,True,discovery,False,True,True,False,True,False
XLP,1999-08-18T00:00:00.000Z,12.7785020574,-0.0540117416787123,83.2487809941,79.4878931180775,True,discovery,False,True,True,False,True,False
XLP,1999-08-19T00:00:00.000Z,12.8525190325,-0.0379897111143364,82.5675591574,79.555363869247,True,discovery,False,True,True,False,True,False
XLP,1999-08-20T00:00:00.000Z,13.1168653721,-0.0107655502394961,83.4044953913,79.6295275538655,True,discovery,False,True,True,False,True,False
XLP,1999-08-23T00:00:00.000Z,13.4076463457,0.0019755037562767,85.0005679634,79.708005694167,True,discovery,False,True,True,False,True,False
XLP,1999-08-24T00:00:00.000Z,13.4340809796,0.0007877116911898,85.311996758,79.78331405122249,True,discovery,False,True,True,False,True,False
XLP,1999-08-25T00:00:00.000Z,13.7460096604,0.0333863275065562,86.1879188942,79.861940671687,True,discovery,False,True,True,False,True,False
XLP,1999-08-26T00:00:00.000Z,13.5239587351,0.0322841000809936,85.1562823607,79.9379173617635,True,discovery,False,True,True,False,True,False
XLP,1999-08-27T00:00:00.000Z,13.349490151,0.0247564935111355,84.1247031302,80.0097008681025,True,discovery,False,True,True,False,True,False
XLP,1999-08-30T00:00:00.000Z,13.3653509313,0.0259740259727299,82.5675591574,80.076013964374,True,discovery,False,True,True,False,True,False
XLP,1999-08-31T00:00:00.000Z,13.2490385419,0.0092629883185397,82.2561303628,80.1411558016385,True,discovery,False,True,True,False,True,False
XLP,1999-09-01T00:00:00.000Z,13.2014562008,0.024200164072422,83.2682739452,80.2079820269775,True,discovery,False,True,True,False,True,False
XLP,1999-09-02T00:00:00.000Z,13.1855954204,0.0204582651372924,82.2852794752,80.26728839283,True,discovery,False,True,True,False,True,False
XLP,1999-09-03T00:00:00.000Z,13.4182201993,0.0561797752822255,84.6891391689,80.338614057151,True,discovery,True,True,True,True,True,True
XLP,1999-09-07T00:00:00.000Z,13.3177685902,0.050896954528167,84.3777103743,80.406260210186,True,discovery,True,True,True,True,True,True
XLP,1999-09-08T00:00:00.000Z,13.323055517,0.0548346588520491,83.9689887329,80.4687756752855,True,discovery,True,True,True,True,True,True
XLP,1999-09-09T00:00:00.000Z,13.1327261525,0.0507614213200811,83.9300601336,80.528395302626,True,discovery,True,True,True,True,True,True
XLP,1999-09-10T00:00:00.000Z,13.1538738596,0.0332225913624915,84.6307749214,80.5830290346525,True,discovery,False,True,True,False,True,False
XLP,1999-09-13T00:00:00.000Z,13.1327261525,0.0243298969107448,84.0565587728,80.6371069957325,True,discovery,False,True,True,False,True,False
XLP,1999-09-14T00:00:00.000Z,12.9212490808,0.0020500205031301,83.5018455411,80.688411390654,True,discovery,False,True,True,False,True,False
XLP,1999-09-15T00:00:00.000Z,12.8207974717,-0.0110114192498784,82.1782731642,80.7303967289285,True,discovery,False,True,True,False,True,False
XLP,1999-09-16T00:00:00.000Z,12.8525190325,0.0057923045101468,82.4994148,80.7844066694655,True,discovery,False,True,True,False,True,False
XLP,1999-09-17T00:00:00.000Z,12.876506348,0.0018663512918628,83.5390413506,80.8389841231625,True,discovery,False,True,True,False,True,False
XLP,1999-09-20T00:00:00.000Z,12.9241971123,-0.0146885901726041,83.421930545,80.89403737010349,True,discovery,False,True,True,False,True,False
XLP,1999-09-21T00:00:00.000Z,12.7016402124,-0.0526569776004292,81.6652684605,80.946288523596,True,discovery,False,True,True,False,True,False
XLP,1999-09-22T00:00:00.000Z,12.6910422648,-0.0553099773574629,81.5773878873,80.9887424001805,True,discovery,False,True,True,False,True,False
XLP,1999-09-23T00:00:00.000Z,12.3942997317,-0.098334714007517,79.8695694408,81.02092070218501,True,discovery,False,False,True,False,False,False
XLP,1999-09-24T00:00:00.000Z,12.330712046,-0.0882320563433142,79.7914955704,81.05434880955849,True,discovery,False,False,True,False,False,False
XLP,1999-09-27T00:00:00.000Z,12.2883202556,-0.0794914175295681,80.3184654645,81.089736304097,True,discovery,False,False,True,False,False,False
XLP,1999-09-28T00:00:00.000Z,12.1028561724,-0.0944602775781513,80.1623177237,81.129697284838,True,discovery,False,False,True,False,False,False
XLP,1999-09-29T00:00:00.000Z,11.7902167178,-0.1101077500443888,79.2059415422,81.1641527793575,True,discovery,False,False,True,False,False,False
XLP,1999-09-30T00:00:00.000Z,12.0551654081,-0.0868306325654084,80.4160865337,81.215077892918,True,discovery,False,False,True,False,False,False
XLP,1999-10-01T00:00:00.000Z,12.2565264127,-0.0704609066241027,80.2403915941,81.25605623507799,True,discovery,False,False,True,False,False,False
XLP,1999-10-04T00:00:00.000Z,12.3942997317,-0.07630821766164,81.6652684605,81.304641481393,True,discovery,False,True,True,False,True,False
XLP,1999-10-05T00:00:00.000Z,12.2459284651,-0.0804819604606077,81.5871945901,81.3470962268735,True,discovery,False,True,True,False,True,False
XLP,1999-10-06T00:00:00.000Z,12.7281350815,-0.0446534531617685,82.8363765168,81.394249572799,True,discovery,False,True,True,False,True,False
XLP,1999-10-07T00:00:00.000Z,12.6274545792,-0.038474233562223,82.3679332943,81.433930984795,True,discovery,False,True,True,False,True,False
XLP,1999-10-08T00:00:00.000Z,12.9665889027,-0.014238007669757,83.617115221,81.4782127084275,True,discovery,False,True,True,False,True,False
XLP,1999-10-11T00:00:00.000Z,12.9824858241,-0.011440147815113,83.4804572166,81.5139712978955,True,discovery,False,True,True,False,True,False
XLP,1999-10-12T00:00:00.000Z,12.7334340553,-0.0145353614287242,82.1922383546,81.5449340627375,True,discovery,False,True,True,False,True,False
XLP,1999-10-13T00:00:00.000Z,12.4843822864,-0.0262398018565215,80.0647541168,81.56622730865,True,discovery,False,False,True,False,False,False
XLP,1999-10-14T00:00:00.000Z,12.521475103,-0.025757124238672,80.0452069181,81.581421824562,True,discovery,False,False,True,False,False,False
XLP,1999-10-15T00:00:00.000Z,12.0657633557,-0.062962962964401,77.9957965507,81.5894665758665,True,discovery,False,False,True,False,False,False
XLP,1999-10-18T00:00:00.000Z,12.2883202556,-0.0492004920054054,78.5617990079,81.600341339457,True,discovery,False,False,True,False,False,False
XLP,1999-10-19T00:00:00.000Z,12.8076196885,0.0083437630359375,79.3230523478,81.61589364593651,True,discovery,False,False,True,False,False,False
XLP,1999-10-20T00:00:00.000Z,12.8606094266,0.0133611691035269,80.1037910521,81.630993921615,True,discovery,False,False,True,False,False,False
XLP,1999-10-21T00:00:00.000Z,12.9506919813,0.0448909790503899,80.5722342746,81.6391445517185,True,discovery,False,False,True,False,False,False
XLP,1999-10-22T00:00:00.000Z,13.0301765884,0.0567253975107544,81.2553519096,81.6526465745155,True,discovery,True,False,True,True,False,False
XLP,1999-10-25T00:00:00.000Z,12.8818053218,0.0482966795994381,80.8454928211,81.66119559509251,True,discovery,False,False,True,False,False,False
XLP,1999-10-26T00:00:00.000Z,12.7175371339,0.0507880910707467,79.8305325056,81.6684447970585,True,discovery,True,False,True,True,False,False
XLP,1999-10-27T00:00:00.000Z,12.876506348,0.0921348314624275,81.2748991084,81.689981354374,True,discovery,True,False,True,True,False,False
XLP,1999-10-28T00:00:00.000Z,13.1043622217,0.0870329670379332,84.0465215083,81.72808615001449,True,discovery,True,True,True,True,True,True
XLP,1999-10-29T00:00:00.000Z,13.1573519597,0.0734976221375887,85.5689619815,81.7804818377655,True,discovery,True,True,True,True,True,True
XLP,1999-11-01T00:00:00.000Z,13.1838468288,0.0637024369420913,84.6711124717,81.818612300994,True,discovery,True,True,True,True,True,True
XLP,1999-11-02T00:00:00.000Z,12.9241971123,0.0553872782397035,84.0660112447,81.8512007122135,True,discovery,True,True,True,True,True,True
XLP,1999-11-03T00:00:00.000Z,13.258032462,0.041631973349355,84.6320755365,81.883522157663,True,discovery,False,True,True,False,True,False
XLP,1999-11-04T00:00:00.000Z,13.1997437502,0.0453210239174153,85.2761562363,81.9294207249405,True,discovery,False,True,True,False,True,False
XLP,1999-11-05T00:00:00.000Z,13.2951252787,0.0253371475308814,86.1154790745,81.980386854286,True,discovery,False,True,True,False,True,False
XLP,1999-11-08T00:00:00.000Z,13.2792283573,0.022857142863129,86.1935529449,82.027871743947,True,discovery,False,True,True,False,True,False
XLP,1999-11-09T00:00:00.000Z,13.0513724836,0.0249687890100365,85.383517177,82.0643375585025,True,discovery,False,True,True,False,True,False
XLP,1999-11-10T00:00:00.000Z,13.0566714574,0.0458404074684117,86.0178580053,82.1085243819735,True,discovery,False,True,True,False,True,False
XLP,1999-11-11T00:00:00.000Z,13.0566714574,0.0427422767683156,86.5058484266,82.148666048259,True,discovery,False,True,True,False,True,False
XLP,1999-11-12T00:00:00.000Z,13.1467540121,0.0895915678546213,87.2865871308,82.1897110752185,True,discovery,True,True,True,True,True,True
XLP,1999-11-15T00:00:00.000Z,13.0884653003,0.0651142733959393,87.4915116783,82.23410369033749,True,discovery,True,True,True,True,True,True
XLP,1999-11-16T00:00:00.000Z,13.3375170691,0.0413736036428218,88.2234735759,82.284575706436,True,discovery,False,True,True,False,True,False
XLP,1999-11-17T00:00:00.000Z,13.2739293835,0.0321384425255242,88.4576951871,82.332250595484,True,discovery,False,True,True,False,True,False
XLP,1999-11-18T00:00:00.000Z,13.3375170691,0.0298690671014763,89.0822861505,82.3889524789735,True,discovery,False,True,True,False,True,False
XLP,1999-11-19T00:00:00.000Z,13.2474345144,0.0166734444868086,89.0042122801,82.44971634350298,True,discovery,False,True,True,False,True,False
XLP,1999-11-22T00:00:00.000Z,13.3905068072,0.0394899218465225,88.9846650813,82.509608150231,True,discovery,False,True,True,False,True,False
XLP,1999-11-23T00:00:00.000Z,13.3534139905,0.04999999999253,88.2039263771,82.57421075770051,True,discovery,False,True,True,False,True,False
XLP,1999-11-24T00:00:00.000Z,13.5123832047,0.0493827160500539,88.6723695996,82.6387356614785,True,discovery,False,True,True,False,True,False
XLP,1999-11-26T00:00:00.000Z,13.3799088596,0.0210270926000284,88.3405843815,82.69289051883399,True,discovery,False,True,True,False,True,False
XLP,1999-11-29T00:00:00.000Z,13.369310912,0.0161095449106487,88.0282888998,82.750129829625,True,discovery,False,True,True,False,True,False
XLP,1999-11-30T00:00:00.000Z,13.1997437502,0.0012057877800333,86.9937813855,82.804519568266,True,discovery,False,True,True,False,True,False
XLP,1999-12-01T00:00:00.000Z,13.1467540121,0.0172201721984102,87.6964462193,82.86280979198,True,discovery,False,True,True,False,True,False
XLP,1999-12-02T00:00:00.000Z,13.2156406716,-0.00319744204289,88.2234735759,82.92073481963,True,discovery,False,True,True,False,True,False
XLP,1999-12-03T00:00:00.000Z,13.3057232263,0.0080289040534133,89.8434776559,82.985114269683,True,discovery,False,True,True,False,True,False
XLP,1999-12-06T00:00:00.000Z,12.9241971123,-0.0278995615779763,89.1798497573,83.03591581629651,True,discovery,False,True,True,False,True,False
XLP,1999-12-07T00:00:00.000Z,12.7175371339,-0.0422984836382619,88.4576951871,83.0833001705105,True,discovery,False,True,True,False,True,False
XLP,1999-12-08T00:00:00.000Z,12.521475103,-0.0406008932214488,87.8916308954,83.13482309953199,True,discovery,False,True,True,False,True,False
XLP,1999-12-09T00:00:00.000Z,12.5002792078,-0.0426136363632446,88.3210371827,83.19217108857451,True,discovery,False,True,True,False,True,False
XLP,1999-12-10T00:00:00.000Z,12.5691658673,-0.0373376623353497,88.613842928,83.252531749958,True,discovery,False,True,True,False,True,False
XLP,1999-12-13T00:00:00.000Z,12.304217177,-0.0640870616674311,88.7699906688,83.31260862171699,True,discovery,False,True,True,False,True,False
XLP,1999-12-14T00:00:00.000Z,12.2883202556,-0.0611336032408367,87.9111780942,83.37177892435349,True,discovery,False,True,True,False,True,False
XLP,1999-12-15T00:00:00.000Z,12.5002792078,-0.0627731426293496,88.3796213167,83.43125901251449,True,discovery,False,True,True,False,True,False
XLP,1999-12-16T00:00:00.000Z,12.1876397533,-0.0818363273463169,88.7699906688,83.4878514361405,True,discovery,False,True,True,False,True,False
XLP,1999-12-17T00:00:00.000Z,12.2230051045,-0.0835621771897913,89.3384009242,83.539494369095,True,discovery,False,True,True,False,True,False
XLP,1999-12-20T00:00:00.000Z,12.0635746031,-0.0893652208669641,88.6926937983,83.5853435900395,True,discovery,False,True,True,False,True,False
XLP,1999-12-21T00:00:00.000Z,11.9466589021,-0.1078262328595099,90.0427772784,83.63891113064399,True,discovery,False,True,True,False,True,False
XLP,1999-12-22T00:00:00.000Z,12.1804903041,-0.08783698964433,90.2775693965,83.69016818370599,True,discovery,False,True,True,False,True,False
XLP,1999-12-23T00:00:00.000Z,12.3877499559,-0.0832298219908994,91.7156235351,83.744163157069,True,discovery,False,True,True,False,True,False
XLP,1999-12-27T00:00:00.000Z,12.4727795566,-0.0677978686191976,91.5884632545,83.8013939380655,True,discovery,False,True,True,False,True,False
XLP,1999-12-28T00:00:00.000Z,12.3718069057,-0.074611474956773,91.5297940261,83.8526208920665,True,discovery,False,True,True,False,True,False
XLP,1999-12-29T00:00:00.000Z,12.2230051045,-0.0739967884365331,91.9211142229,83.907353090666,True,discovery,False,True,True,False,True,False
XLP,1999-12-30T00:00:00.000Z,12.2336338045,-0.069455943783506,91.8134817593,83.963289351014,True,discovery,False,True,True,False,True,False
XLP,1999-12-31T00:00:00.000Z,12.2389481546,-0.0739042882044214,91.9602462426,84.013474346167,True,discovery,False,True,True,False,True,False
XLP,2000-01-03T00:00:00.000Z,12.0901463533,-0.0913574446368536,91.06020979,84.0661052809695,True,discovery,False,True,True,False,True,False
XLP,2000-01-04T00:00:00.000Z,11.7500279504,-0.0908504529679866,87.4991959993,84.1001549152735,True,discovery,False,True,True,False,True,False
XLP,2000-01-05T00:00:00.000Z,11.9254015019,-0.0622868739174722,87.6557240781,84.1466306631515,True,discovery,False,True,True,False,True,False
XLP,2000-01-06T00:00:00.000Z,12.1804903041,-0.027231999113132,86.2469713697,84.183831146356,True,discovery,False,True,True,False,True,False
XLP,2000-01-07T00:00:00.000Z,12.9563854107,0.0364876812203838,91.2558698884,84.23802255530948,True,discovery,False,True,True,False,True,False
XLP,2000-01-10T00:00:00.000Z,12.6640961582,0.007552632521699,91.5689260458,84.2966901133455,True,discovery,False,True,True,False,True,False
XLP,2000-01-11T00:00:00.000Z,12.6640961582,0.0292484256432594,90.4732294949,84.3418259291705,True,discovery,False,True,True,False,True,False
XLP,2000-01-12T00:00:00.000Z,12.7278683588,0.0357695839673197,89.5731930423,84.38459619948199,True,discovery,False,True,True,False,True,False
XLP,2000-01-13T00:00:00.000Z,12.7969549094,0.0237335260011535,90.7862856523,84.4399327292095,True,discovery,False,True,True,False,True,False
XLP,2000-01-14T00:00:00.000Z,12.8394697097,0.0534828703173235,92.018915471,84.4984246536185,True,discovery,True,True,True,True,True,True
XLP,2000-01-18T00:00:00.000Z,12.6215813579,0.0326086956515514,91.2950019081,84.5437881737825,True,discovery,False,True,True,False,True,False
XLP,2000-01-19T00:00:00.000Z,12.7119253086,0.053744493388667,92.038510282,84.593839525248,True,discovery,True,True,True,True,True,True
XLP,2000-01-20T00:00:00.000Z,12.5365517571,0.0493772241958216,90.6297575736,84.63354812910349,True,discovery,False,True,True,False,True,False
XLP,2000-01-21T00:00:00.000Z,12.398378656,0.0178883071584285,90.4340974752,84.66703886953599,True,discovery,False,True,True,False,True,False
XLP,2000-01-24T00:00:00.000Z,12.0423172029,-0.02788502788882,87.8709213851,84.6876165577485,True,discovery,False,True,True,False,True,False
XLP,2000-01-25T00:00:00.000Z,11.8935154016,-0.0464422667274257,88.8688166881,84.70872039109,True,discovery,False,True,True,False,True,False
XLP,2000-01-26T00:00:00.000Z,11.9998024025,-0.0300687285240935,88.1644403339,84.72901915306952,True,discovery,False,True,True,False,True,False
XLP,2000-01-27T00:00:00.000Z,12.2230051045,0.0,87.8122521568,84.754640229841,True,discovery,False,True,True,False,True,False
XLP,2000-01-28T00:00:00.000Z,12.1220324536,-0.0091225021676674,85.0730107793,84.768117562816,True,discovery,False,True,True,False,True,False
XLP,2000-01-31T00:00:00.000Z,12.3452351555,0.0086843247930625,87.3817999403,84.79663188354999,True,discovery,False,True,True,False,True,False
XLP,2000-02-01T00:00:00.000Z,12.2230051045,0.0109890109943737,88.2427043732,84.8357574649275,True,discovery,False,True,True,False,True,False
XLP,2000-02-02T00:00:00.000Z,12.2495768547,0.0425146992338001,88.3209684126,84.8702288614575,True,discovery,False,True,True,False,True,False
XLP,2000-02-03T00:00:00.000Z,12.0795176532,0.012923351157229,89.6514570816,84.8997092281525,True,discovery,False,True,True,False,True,False
XLP,2000-02-04T00:00:00.000Z,12.1379755037,-0.0034904013991693,89.2796740935,84.9233526360635,True,discovery,False,True,True,False,True,False
XLP,2000-02-07T00:00:00.000Z,12.058260253,-0.0693191140299273,89.1427408258,84.94737855318449,True,discovery,False,True,True,False,True,False
XLP,2000-02-08T00:00:00.000Z,12.2070620543,-0.0360889634910163,90.3558334358,84.9750443526025,True,discovery,False,True,True,False,True,False
XLP,2000-02-09T00:00:00.000Z,12.1007750534,-0.0444817456976784,88.4579016803,84.99118274261,True,discovery,False,True,True,False,True,False
XLP,2000-02-10T00:00:00.000Z,11.6915700999,-0.081419624220383,88.63402457,85.014023483656,True,discovery,False,True,True,False,True,False
XLP,2000-02-11T00:00:00.000Z,11.468367398,-0.1038205980099286,86.8339516648,85.03106595812751,True,discovery,False,True,True,False,True,False
XLP,2000-02-14T00:00:00.000Z,11.5268252485,-0.1022350993365652,87.3426679206,85.054047884062,True,discovery,False,True,True,False,True,False
XLP,2000-02-15T00:00:00.000Z,11.7819140507,-0.0665263157912018,88.330732008,85.07440187286652,True,discovery,False,True,True,False,True,False
XLP,2000-02-16T00:00:00.000Z,11.6171691993,-0.0861204013336488,87.0296117632,85.0942660549235,True,discovery,False,True,True,False,True,False
XLP,2000-02-17T00:00:00.000Z,11.4417956478,-0.0873251377660521,86.5795647358,85.1085810177755,True,discovery,False,True,True,False,True,False
XLP,2000-02-18T00:00:00.000Z,11.3089368966,-0.0878696956777312,84.7208226022,85.116173772928,True,discovery,False,False,True,False,False,False
XLP,2000-02-22T00:00:00.000Z,11.4949391482,-0.0454545454564326,84.5055676928,85.119536576906,True,discovery,False,False,True,False,False,False
XLP,2000-02-23T00:00:00.000Z,11.2451646961,-0.0545129579949742,85.5034629958,85.12997507593002,True,discovery,False,True,True,False,True,False
XLP,2000-02-24T00:00:00.000Z,11.0113332941,-0.0823737821044507,83.78165413,85.12758367534451,True,discovery,False,False,True,False,False,False
XLP,2000-02-25T00:00:00.000Z,10.7349870917,-0.1217391304411853,83.478361568,85.1203768278815,True,discovery,False,False,True,False,False,False
XLP,2000-02-28T00:00:00.000Z,10.9422467435,-0.0973257343284563,85.229538858,85.12008245977451,True,discovery,False,True,True,False,True,False
XLP,2000-02-29T00:00:00.000Z,10.9050462932,-0.1166594920355463,86.0513112713,85.1349582532555,True,discovery,False,True,True,False,True,False
XLP,2000-03-01T00:00:00.000Z,10.8040736423,-0.1160869565273771,86.6774235861,85.15170308922251,True,discovery,False,True,True,False,True,False
XLP,2000-03-02T00:00:00.000Z,10.8306453926,-0.11583514099555,86.7360928145,85.16951750287699,True,discovery,False,True,True,False,True,False
XLP,2000-03-03T00:00:00.000Z,10.7721875421,-0.1082270127527545,88.3601004323,85.192444200209,True,discovery,False,True,True,False,True,False
XLP,2000-03-06T00:00:00.000Z,10.5117843898,-0.1339754816117638,87.4991959993,85.21358912789799,True,discovery,False,True,True,False,True,False
XLP,2000-03-07T00:00:00.000Z,9.948463285,-0.1749669457893063,85.8066885637,85.228600213045,True,discovery,False,True,True,False,True,False
XLP,2000-03-08T00:00:00.000Z,10.2566955876,-0.1597736177652159,85.6991230942,85.249962382983,True,discovery,False,True,True,False,True,False
XLP,2000-03-09T00:00:00.000Z,10.52772744,-0.1299956082530444,88.2035723535,85.290444767353,True,discovery,False,True,True,False,True,False
XLP,2000-03-10T00:00:00.000Z,10.4054973889,-0.1100000000009407,87.7339881174,85.32411589915651,True,discovery,False,True,True,False,True,False
XLP,2000-03-13T00:00:00.000Z,10.2407525375,-0.1070435588516361,86.7752248341,85.358814951134,True,discovery,False,True,True,False,True,False
XLP,2000-03-14T00:00:00.000Z,10.182294687,-0.1166436145698456,85.5425950155,85.38225693075451,True,discovery,False,True,True,False,True,False
XLP,2000-03-15T00:00:00.000Z,10.8306453926,-0.0807397383826172,87.538328019,85.417084398816,True,discovery,False,True,True,False,True,False
XLP,2000-03-16T00:00:00.000Z,11.4258525976,-0.0164684355041955,91.6275952742,85.4719700873805,True,discovery,False,True,True,False,True,False
XLP,2000-03-17T00:00:00.000Z,11.2442777311,-0.0172628425449966,92.2315551092,85.527644052254,True,discovery,False,True,True,False,True,False
XLP,2000-03-20T00:00:00.000Z,11.1483095001,-0.014203580581327,91.7607857935,85.572813739323,True,discovery,False,True,True,False,True,False
XLP,2000-03-21T00:00:00.000Z,11.3562406672,-0.0120660474328582,93.6438630564,85.626331351505,True,discovery,False,True,True,False,True,False
XLP,2000-03-22T00:00:00.000Z,11.2656040046,0.0018176086391237,94.2126804391,85.6867682662135,True,discovery,False,True,True,False,True,False
XLP,2000-03-23T00:00:00.000Z,11.1696357736,0.0143763225825541,95.8211422679,85.75563560583849,True,discovery,False,True,True,False,True,False
XLP,2000-03-24T00:00:00.000Z,10.9723677433,0.0221128027050478,96.3900173983,85.831131592726,True,discovery,False,True,True,False,True,False
XLP,2000-03-27T00:00:00.000Z,10.8284153968,-0.0104029226692058,95.3700172142,85.904923448877,True,discovery,False,True,True,False,True,False
XLP,2000-03-28T00:00:00.000Z,10.9563730381,0.0047066966540074,94.8207863458,85.9755810349135,True,discovery,False,True,True,False,True,False
XLP,2000-03-29T00:00:00.000Z,11.2229514575,0.0387703591319494,94.9188344127,86.0440120508755,True,discovery,False,True,True,False,True,False
XLP,2000-03-30T00:00:00.000Z,11.3722353724,0.050005328414689,93.3300168459,86.09673666355,True,discovery,True,True,True,True,True,True
XLP,2000-03-31T00:00:00.000Z,11.3135881201,0.0502591117991673,94.3892478064,86.1508762733005,True,discovery,True,True,True,True,True,True
XLP,2000-04-03T00:00:00.000Z,11.8307502538,0.1254749731434601,94.9384786747,86.207280866982,True,discovery,True,True,True,True,True,True
XLP,2000-04-04T00:00:00.000Z,12.1613074939,0.2224307559375991,94.2323247011,86.2591814758125,True,discovery,True,True,True,True,True,True
XLP,2000-04-05T00:00:00.000Z,11.9960288738,0.1695802777166162,93.6438630564,86.3110594213685,True,discovery,True,True,True,True,True,True
XLP,2000-04-06T00:00:00.000Z,11.7774345699,0.1187062580240965,94.4578539603,86.3690512161655,True,discovery,True,True,True,True,True,True
XLP,2000-04-07T00:00:00.000Z,11.628150655,0.1175007037534081,95.0561710037,86.4331488841255,True,discovery,True,True,True,True,True,True
XLP,2000-04-10T00:00:00.000Z,11.9213869164,0.1641123904464818,94.6834497548,86.49640477485849,True,discovery,True,True,True,True,True,True
XLP,2000-04-11T00:00:00.000Z,12.1293180835,0.1912165632945011,94.4088343207,86.553275434716,True,discovery,True,True,True,True,True,True
XLP,2000-04-12T00:00:00.000Z,12.27327043,0.1331984369450105,91.8196030841,86.5933070784585,True,discovery,True,True,True,True,True,True
XLP,2000-04-13T00:00:00.000Z,12.1879653358,0.0667007325440274,90.5446317278,86.61937278855198,True,discovery,True,True,True,True,True,True
XLP,2000-04-14T00:00:00.000Z,11.5854981079,0.0303461356042669,85.3661692546,86.616334720093,True,discovery,False,False,True,False,False,False
XLP,2000-04-17T00:00:00.000Z,11.9213869164,0.0693448110938312,88.3477082543,86.623922200707,True,discovery,True,True,True,True,True,True
XLP,2000-04-18T00:00:00.000Z,11.9960288738,0.0563380281687659,90.681910571,86.64327787114549,True,discovery,True,True,True,True,True,True
XLP,2000-04-19T00:00:00.000Z,12.1399812203,0.077614765736748,89.8384777542,86.6578324485105,True,discovery,True,True,True,True,True,True
XLP,2000-04-20T00:00:00.000Z,12.1293180835,0.0859188544149538,90.2700162936,86.67420433001399,True,discovery,True,True,True,True,True,True
XLP,2000-04-24T00:00:00.000Z,12.465206892,0.1360544217643056,89.2892468858,86.683093108088,True,discovery,True,True,True,True,True,True
XLP,2000-04-25T00:00:00.000Z,12.4065596397,0.1457410142730921,92.9965263734,86.712464713566,True,discovery,True,True,True,True,True,True
XLP,2000-04-26T00:00:00.000Z,12.2626072933,0.119221411196722,91.9470842763,86.73814625253101,True,discovery,True,True,True,True,True,True
XLP,2000-04-27T00:00:00.000Z,12.2626072933,0.0926365795786476,91.6430934645,86.759874943237,True,discovery,True,True,True,True,True,True
XLP,2000-04-28T00:00:00.000Z,11.9107237796,0.0473511486147122,91.0742183342,86.77598568901851,True,discovery,False,True,True,False,True,False
XLP,2000-05-01T00:00:00.000Z,12.0653392629,0.0664467483542572,92.3100166618,86.79589081304401,True,discovery,True,True,True,True,True,True
XLP,2000-05-02T00:00:00.000Z,12.0973286732,0.0225326723733667,90.4661701752,86.8094963495855,True,discovery,False,True,True,False,True,False
XLP,2000-05-03T00:00:00.000Z,12.0973286732,-0.0052608505074057,88.3477082543,86.821512051801,True,discovery,False,True,True,False,True,False
XLP,2000-05-04T00:00:00.000Z,12.0973286732,0.0084444444462152,89.0146314516,86.8373488373515,True,discovery,False,True,True,False,True,False
XLP,2000-05-05T00:00:00.000Z,12.3799017978,0.0511543684937758,90.0934489264,86.8642243571775,True,discovery,True,True,True,True,True,True
XLP,2000-05-08T00:00:00.000Z,12.6358170804,0.0866574965613051,89.4167274504,86.888543405816,True,discovery,True,True,True,True,True,True
XLP,2000-05-09T00:00:00.000Z,12.6944643327,0.0648479427537491,88.7007852411,86.9123970313535,True,discovery,True,True,True,True,True,True
XLP,2000-05-10T00:00:00.000Z,12.6144908069,0.0400000000049467,86.7000156492,86.92274323499248,True,discovery,False,False,True,False,False,False
XLP,2000-05-11T00:00:00.000Z,12.5984961017,0.0264986967862321,88.6811409791,86.941632564305,True,discovery,False,True,True,False,True,False
XLP,2000-05-12T00:00:00.000Z,12.4278859133,0.0196850393720169,89.6423238726,86.97126456273851,True,discovery,False,True,True,False,True,False
XLP,2000-05-15T00:00:00.000Z,12.7371168798,0.0994017487357514,91.1919106631,87.01380239127701,True,discovery,True,True,True,True,True,True
XLP,2000-05-16T00:00:00.000Z,12.6784696275,0.0635062611765833,92.074632004,87.059780611537,True,discovery,True,True,True,True,True,True
XLP,2000-05-17T00:00:00.000Z,12.7211221747,0.0604444444514171,91.1134491105,87.10289934729549,True,discovery,True,True,True,True,True,True
XLP,2000-05-18T00:00:00.000Z,12.6944643327,0.0456741326315082,89.9954008594,87.14607248869999,True,discovery,False,True,True,False,True,False
XLP,2000-05-19T00:00:00.000Z,12.7851009953,0.054065934068634,88.5830929122,87.178485873433,True,discovery,True,True,True,True,True,True
XLP,2000-05-22T00:00:00.000Z,12.7477800166,0.0226689478199797,87.9161697149,87.2120414311015,True,discovery,False,True,True,False,True,False
XLP,2000-05-23T00:00:00.000Z,12.6784696275,0.02191663085469,86.6215540966,87.23999994742051,True,discovery,False,False,True,False,False,False
XLP,2000-05-24T00:00:00.000Z,12.9557111837,0.0565217391230243,88.0338620438,87.27949679239698,True,discovery,True,True,True,True,True,True
XLP,2000-05-25T00:00:00.000Z,12.918390205,0.053478260863683,86.523448282,87.3065754936495,True,discovery,True,False,True,True,False,False
XLP,2000-05-26T00:00:00.000Z,12.9610427521,0.0881826320495253,86.6215540966,87.3343879810065,True,discovery,True,False,True,True,False,False
XLP,2000-05-30T00:00:00.000Z,12.8864007947,0.0680512593893403,89.4461699911,87.36693206996452,True,discovery,True,True,True,True,True,True
XLP,2000-05-31T00:00:00.000Z,12.7637747218,0.055090348175496,89.6423238726,87.39860767660501,True,discovery,True,True,True,True,True,True
XLP,2000-06-01T00:00:00.000Z,12.7957641321,0.0577346848852085,91.2115549251,87.43540443655549,True,discovery,True,True,True,True,True,True
XLP,2000-06-02T00:00:00.000Z,12.3532439559,0.0211546937024986,92.8003724919,87.4831623940445,True,discovery,False,True,True,False,True,False
XLP,2000-06-05T00:00:00.000Z,12.3372492507,-0.0034453057703237,92.3492474381,87.53207083544801,True,discovery,False,True,True,False,True,False
XLP,2000-06-06T00:00:00.000Z,12.3799017978,-0.0202531645537162,91.937295413,87.5747348355565,True,discovery,False,True,True,False,True,False
XLP,2000-06-07T00:00:00.000Z,12.5131910075,-0.0142797144053612,92.5747766973,87.612605879226,True,discovery,False,True,True,False,True,False
XLP,2000-06-08T00:00:00.000Z,12.5131910075,-0.0080304311090059,92.2119108472,87.64710544967201,True,discovery,False,True,True,False,True,False
XLP,2000-06-09T00:00:00.000Z,12.6518117856,0.0042319085920743,92.0157569656,87.676244640029,True,discovery,False,True,True,False,True,False
XLP,2000-06-12T00:00:00.000Z,12.6358170804,0.0167310167272678,90.9369394909,87.70514792568,True,discovery,False,True,True,False,True,False
XLP,2000-06-13T00:00:00.000Z,12.7797694269,0.003348681456134,92.6434493866,87.74774165696199,True,discovery,False,True,True,False,True,False
XLP,2000-06-14T00:00:00.000Z,12.945048047,0.0210260723361896,92.8003724919,87.79890572363449,True,discovery,False,True,True,False,True,False
XLP,2000-06-15T00:00:00.000Z,13.1849686244,0.0364626990708811,92.9965263734,87.8526077036875,True,discovery,False,True,True,False,True,False
XLP,2000-06-16T00:00:00.000Z,12.9433056904,0.019602351952654,92.2344500267,87.897438584095,True,discovery,False,True,True,False,True,False
XLP,2000-06-19T00:00:00.000Z,12.9700259747,0.0144641000073431,93.4141704995,87.95308303921651,True,discovery,False,True,True,False,True,False
XLP,2000-06-20T00:00:00.000Z,12.7402315301,-0.0005921412583343,93.079945308,87.99503706991202,True,discovery,False,True,True,False,True,False
XLP,2000-06-21T00:00:00.000Z,12.9914022021,0.0246822040667462,93.0406212922,88.0383516245015,True,discovery,False,True,True,False,True,False
XLP,2000-06-22T00:00:00.000Z,12.708167189,-0.0191069398808028,91.6249567248,88.076631464461,True,discovery,False,True,True,False,True,False
XLP,2000-06-23T00:00:00.000Z,12.8578007808,-0.0046901682979469,90.8384764096,88.111173545841,True,discovery,False,True,True,False,True,False
XLP,2000-06-26T00:00:00.000Z,13.0288106,0.00522857992186,92.0083180605,88.1480612615365,True,discovery,False,True,True,False,True,False
XLP,2000-06-27T00:00:00.000Z,13.2265407035,0.0263952607263227,91.3299976641,88.184428455993,True,discovery,False,True,True,False,True,False
XLP,2000-06-28T00:00:00.000Z,13.2265407035,0.0362562009896345,91.5856327091,88.224847391833,True,discovery,False,True,True,False,True,False
XLP,2000-06-29T00:00:00.000Z,13.3441099542,0.0428536988052472,90.7205043623,88.2675585478235,True,discovery,False,True,True,False,True,False
XLP,2000-06-30T00:00:00.000Z,13.4830554323,0.0914586873240201,91.4086456957,88.31210470230201,True,discovery,True,True,True,True,True,True
XLP,2000-07-03T00:00:00.000Z,13.5097757165,0.0950395377424568,92.6670142,88.357744566549,True,discovery,True,True,True,True,True,True
XLP,2000-07-05T00:00:00.000Z,13.5418400576,0.0938568236467338,90.9957724726,88.39561377618698,True,discovery,True,True,True,True,True,True
XLP,2000-07-06T00:00:00.000Z,13.563216285,0.0839134699430903,91.7036047563,88.445805457666,True,discovery,True,True,True,True,True,True
XLP,2000-07-07T00:00:00.000Z,13.4670232617,0.0762261403688557,93.1782264049,88.50380965025401,True,discovery,True,True,True,True,True,True
XLP,2000-07-10T00:00:00.000Z,13.5952806261,0.0745718365470655,93.0209303419,88.5695664547595,True,discovery,True,True,True,True,True,True
XLP,2000-07-11T00:00:00.000Z,13.600624683,0.0763549833351542,93.2175504207,88.636696729011,True,discovery,True,True,True,True,True,True
XLP,2000-07-12T00:00:00.000Z,13.3280777836,0.042904401353742,93.8271016075,88.704239909726,True,discovery,False,True,True,False,True,False
XLP,2000-07-13T00:00:00.000Z,13.1250036233,0.0139014992950685,94.2399748305,88.77462819526001,True,discovery,False,True,True,False,True,False
XLP,2000-07-14T00:00:00.000Z,12.9753700315,-0.0158967835928041,95.1641181434,88.854419078266,True,discovery,False,True,True,False,True,False
XLP,2000-07-17T00:00:00.000Z,13.0448427706,0.0078447564037145,95.0068220803,88.927372755999,True,discovery,False,True,True,False,True,False
XLP,2000-07-18T00:00:00.000Z,13.0608749411,0.0070045323407381,94.2301532643,88.99732156435,True,discovery,False,True,True,False,True,False
XLP,2000-07-19T00:00:00.000Z,13.0769071117,0.0264261745011911,93.4731854656,89.0563611493755,True,discovery,False,True,True,False,True,False
XLP,2000-07-20T00:00:00.000Z,12.8578007808,-0.0102838338172921,94.7708779858,89.122279566354,True,discovery,False,True,True,False,True,False
XLP,2000-07-21T00:00:00.000Z,12.8952091788,0.0147182506350642,92.922649245,89.17271092999499,True,discovery,False,True,True,False,True,False
XLP,2000-07-24T00:00:00.000Z,13.1624120213,0.023690773071773,92.3917460897,89.22282999397201,True,discovery,False,True,True,False,True,False
XLP,2000-07-25T00:00:00.000Z,12.9272735199,-0.0077932731710751,92.6867051504,89.268177943619,True,discovery,False,True,True,False,True,False
XLP,2000-07-26T00:00:00.000Z,12.9326175767,-0.0222222222264224,91.7822527879,89.30968692147549,True,discovery,False,True,True,False,True,False
XLP,2000-07-27T00:00:00.000Z,13.0288106,-0.0149494949535577,91.4676606618,89.35606403301149,True,discovery,False,True,True,False,True,False
XLP,2000-07-28T00:00:00.000Z,13.135691737,-0.0156187424950288,89.4031208918,89.4027558668865,True,discovery,False,True,True,False,True,False
XLP,2000-07-31T00:00:00.000Z,12.9914022021,-0.036464526358187,89.9733480628,89.45239657261,True,discovery,False,True,True,False,True,False
XLP,2000-08-01T00:00:00.000Z,13.4296148638,-0.0059335443002282,90.5238842835,89.515037011274,True,discovery,False,True,True,False,True,False
XLP,2000-08-02T00:00:00.000Z,13.4189267501,-0.0090765587968244,90.9760815223,89.577108423846,True,discovery,False,True,True,False,True,False
XLP,2000-08-03T00:00:00.000Z,13.493743546,-0.0051221434164425,91.6052657745,89.6385194909795,True,discovery,False,True,True,False,True,False
XLP,2000-08-04T00:00:00.000Z,13.3922064658,-0.0055555555556793,92.096844914,89.698484760289,True,discovery,False,True,True,False,True,False
XLP,2000-08-07T00:00:00.000Z,13.2265407035,-0.0271226415063546,93.1979173553,89.76161317569249,True,discovery,False,True,True,False,True,False
XLP,2000-08-08T00:00:00.000Z,13.2853253288,-0.0231827112025306,93.5518334971,89.82309558363,True,discovery,False,True,True,False,True,False
XLP,2000-08-09T00:00:00.000Z,12.7402315301,-0.0441058540507119,92.7653531819,89.88269488543399,True,discovery,False,True,True,False,True,False
XLP,2000-08-10T00:00:00.000Z,12.9700259747,-0.0118078175860368,92.3130980582,89.94510771319702,True,discovery,False,True,True,False,True,False
XLP,2000-08-11T00:00:00.000Z,13.0608749411,0.0065897858321126,92.7456622316,90.002461528813,True,discovery,False,True,True,False,True,False
XLP,2000-08-14T00:00:00.000Z,13.1036273959,0.0045063498528694,93.9253827044,90.05185583479351,True,discovery,False,True,True,False,True,False
XLP,2000-08-15T00:00:00.000Z,13.0769071117,0.0012274959122033,93.8467346729,90.09324469825049,True,discovery,False,True,True,False,True,False
XLP,2000-08-16T00:00:00.000Z,13.1410357939,0.0049039640376908,93.5125094814,90.137451683299,True,discovery,False,True,True,False,True,False
XLP,2000-08-17T00:00:00.000Z,13.135691737,0.0216126350794736,94.4956098754,90.18959967645247,True,discovery,False,True,True,False,True,False
XLP,2000-08-18T00:00:00.000Z,12.9753700315,0.0062163282183733,94.1810177493,90.23734438751652,True,discovery,False,True,True,False,True,False
XLP,2000-08-21T00:00:00.000Z,13.1089714528,-0.0040600893220421,94.6922299542,90.284424756106,True,discovery,False,True,True,False,True,False
XLP,2000-08-22T00:00:00.000Z,13.0608749411,0.010334849107535,94.5349338912,90.3265220301895,True,discovery,False,True,True,False,True,False
XLP,2000-08-23T00:00:00.000Z,13.1410357939,0.0161157024835789,94.9084830985,90.3700966809575,True,discovery,False,True,True,False,True,False
XLP,2000-08-24T00:00:00.000Z,13.0608749411,0.002461033634183,95.2034421591,90.419196305868,True,discovery,False,True,True,False,True,False
XLP,2000-08-25T00:00:00.000Z,13.1089714528,-0.0020341741215451,95.1641181434,90.4649276065585,True,discovery,False,True,True,False,True,False
XLP,2000-08-28T00:00:00.000Z,13.066218998,0.0057589469355283,95.4885217687,90.509840973269,True,discovery,False,True,True,False,True,False
XLP,2000-08-29T00:00:00.000Z,12.8684888945,-0.0417827298095148,95.5081554633,90.5509488149315,True,discovery,False,True,True,False,True,False
XLP,2000-08-30T00:00:00.000Z,12.8097042692,-0.0454002389494719,94.5938909724,90.586460711402,True,discovery,False,True,True,False,True,False
XLP,2000-08-31T00:00:00.000Z,12.8364245534,-0.0487128712917365,95.8522594767,90.624604640906,True,discovery,False,True,True,False,True,False
XLP,2000-09-01T00:00:00.000Z,12.7616077575,-0.0470869912221241,95.9505984586,90.6620691572635,True,discovery,False,True,True,False,True,False
XLP,2000-09-05T00:00:00.000Z,12.7188553027,-0.0383838383883441,95.1837512088,90.692576482555,True,discovery,False,True,True,False,True,False
XLP,2000-09-06T00:00:00.000Z,12.5585335972,-0.0547063555925467,94.1023697178,90.71806726974351,True,discovery,False,True,True,False,True,False
XLP,2000-09-07T00:00:00.000Z,12.6761028479,-0.0050335570470985,94.9084830985,90.7476863598295,True,discovery,False,True,True,False,True,False
XLP,2000-09-08T00:00:00.000Z,12.6654147342,-0.0234857849239615,94.2596657809,90.7779650568485,True,discovery,False,True,True,False,True,False
XLP,2000-09-11T00:00:00.000Z,12.7241993596,-0.0257774140720502,94.1220027832,90.80521322276648,True,discovery,False,True,True,False,True,False
XLP,2000-09-12T00:00:00.000Z,12.8257364397,-0.0212071778145148,93.4338614499,90.83067960810853,True,discovery,False,True,True,False,True,False
XLP,2000-09-13T00:00:00.000Z,12.8257364397,-0.0192071924847792,93.6796170437,90.858936248828,True,discovery,False,True,True,False,True,False
XLP,2000-09-14T00:00:00.000Z,12.6921350185,-0.0341602277355014,94.1515052328,90.8947248680645,True,discovery,False,True,True,False,True,False
XLP,2000-09-15T00:00:00.000Z,12.676243931,-0.0349770545167292,92.0970456237,90.9167278650865,True,discovery,False,True,True,False,True,False
XLP,2000-09-18T00:00:00.000Z,12.6923373427,-0.0218130726224291,91.2493768462,90.931857381438,True,discovery,False,True,True,False,True,False
XLP,2000-09-19T00:00:00.000Z,12.7084307544,-0.0305547006370546,92.0773040543,90.94302651343,True,discovery,False,True,True,False,True,False
XLP,2000-09-20T00:00:00.000Z,12.6065058138,-0.0347885673317481,91.3972304525,90.954113416906,True,discovery,False,True,True,False,True,False
XLP,2000-09-21T00:00:00.000Z,12.944467459,-0.0149583592939641,90.0075150509,90.961862516225,True,discovery,False,False,True,False,False,False
XLP,2000-09-22T00:00:00.000Z,13.3789895743,0.0243563034356111,91.6436278977,90.9806225012365,True,discovery,False,True,True,False,True,False
XLP,2000-09-25T00:00:00.000Z,13.260971222,0.0115950949887477,90.9931426796,90.993983028721,True,discovery,False,False,True,False,False,False
XLP,2000-09-26T00:00:00.000Z,13.1429528697,0.0058726913816264,89.8300730609,91.0000641793855,True,discovery,False,False,True,False,False,False
XLP,2000-09-27T00:00:00.000Z,13.1536818108,0.0221621138766254,90.3031743227,91.007730097655,True,discovery,False,False,True,False,False,False
XLP,2000-09-28T00:00:00.000Z,13.3521672215,0.0423478123225931,91.4662439414,91.02550542689102,True,discovery,False,True,True,False,True,False
XLP,2000-09-29T00:00:00.000Z,13.4004474565,0.0439392527688409,90.5988916281,91.036601778448,True,discovery,False,False,True,False,False,False
XLP,2000-10-02T00:00:00.000Z,13.3789895743,0.0483780592956373,90.7368504793,91.04643607750052,True,discovery,False,False,True,False,False,False
XLP,2000-10-03T00:00:00.000Z,13.3789895743,0.051902019158899,89.8892397355,91.049190271557,True,discovery,True,False,True,True,False,False
XLP,2000-10-04T00:00:00.000Z,13.2663356925,0.0563602501694791,90.6383167333,91.058918386232,True,discovery,True,False,True,True,False,False
XLP,2000-10-05T00:00:00.000Z,13.5774749849,0.0711079854601628,90.9537175745,91.0634730877125,True,discovery,True,False,True,True,False,False
XLP,2000-10-06T00:00:00.000Z,13.5023723971,0.0660821363109405,88.9824623171,91.0569975523155,True,discovery,True,False,True,True,False,False
XLP,2000-10-09T00:00:00.000Z,13.443363221,0.0565193802042574,88.3122355296,91.039980612288,True,discovery,True,False,True,True,False,False
XLP,2000-10-10T00:00:00.000Z,13.6364841611,0.0632125667958107,86.8535066392,91.01630582921148,True,discovery,True,False,True,True,False,False
XLP,2000-10-11T00:00:00.000Z,13.6203907494,0.0619577919315632,86.1241131771,90.98927742496652,True,discovery,True,False,True,True,False,False
XLP,2000-10-12T00:00:00.000Z,13.7062222784,0.0798988711057573,83.9754739634,90.94954922366898,True,discovery,True,False,True,True,False,False
XLP,2000-10-13T00:00:00.000Z,13.5345592205,0.0677105374566808,86.7746564289,90.924355097017,True,discovery,True,False,True,True,False,False
XLP,2000-10-16T00:00:00.000Z,13.7276801606,0.0815722738803093,87.1689074803,90.90039840320549,True,discovery,True,False,True,True,False,False
XLP,2000-10-17T00:00:00.000Z,13.8456985129,0.0894892359630041,85.0005266973,90.870099987742,True,discovery,True,False,True,True,False,False
XLP,2000-10-18T00:00:00.000Z,13.8403340423,0.0978723404188146,84.6851258561,90.856029637026,True,discovery,True,False,True,True,False,False
XLP,2000-10-19T00:00:00.000Z,13.5882039261,0.0497306257780751,87.878559373,90.8571438135005,True,discovery,False,False,True,False,False,False
XLP,2000-10-20T00:00:00.000Z,13.6793999256,0.022453889333845,88.253068855,90.867174300927,True,discovery,False,False,True,False,False,False
XLP,2000-10-23T00:00:00.000Z,13.8242406307,0.0424757281552299,88.6473199065,90.8541315510175,True,discovery,False,False,True,False,False,False
XLP,2000-10-24T00:00:00.000Z,13.8617919246,0.0546938775499397,88.0559433293,90.83656663743498,True,discovery,True,False,True,True,False,False
XLP,2000-10-25T00:00:00.000Z,14.1890246287,0.0787112561176535,85.9861543259,90.81413126159,True,discovery,True,False,True,True,False,False
XLP,2000-10-26T00:00:00.000Z,14.2158469815,0.064684612293447,86.2227049568,90.79737882116252,True,discovery,True,False,True,True,False,False
XLP,2000-10-27T00:00:00.000Z,14.0549128647,0.0488390712567248,87.8588178035,90.78274148191848,True,discovery,False,False,True,False,False,False
XLP,2000-10-30T00:00:00.000Z,14.3821455688,0.0749799518811933,88.6473199065,90.765883504096,True,discovery,True,False,True,True,False,False
XLP,2000-10-31T00:00:00.000Z,14.3338653338,0.0713712910976658,90.175052193,90.7602837555205,True,discovery,True,False,True,True,False,False
XLP,2000-11-01T00:00:00.000Z,14.3177719221,0.0792559644178474,89.869498166,90.74943869494052,True,discovery,True,False,True,True,False,False
XLP,2000-11-02T00:00:00.000Z,14.2051180403,0.0462267878304341,90.0173517724,90.74637666593452,True,discovery,False,False,True,False,False,False
XLP,2000-11-03T00:00:00.000Z,14.1300154525,0.0464839094154152,90.0666236918,90.74453929701752,True,discovery,False,False,True,False,False,False
XLP,2000-11-06T00:00:00.000Z,14.3982389805,0.0710295291291676,90.6974253741,90.7586718169625,True,discovery,True,False,True,True,False,False
XLP,2000-11-07T00:00:00.000Z,14.2587627459,0.0456333595557671,90.6777418384,90.767716442714,True,discovery,False,False,True,False,False,False
XLP,2000-11-08T00:00:00.000Z,14.58599545,0.0708940527746999,88.6670614759,90.770229548424,True,discovery,True,False,True,True,False,False
XLP,2000-11-09T00:00:00.000Z,14.6020888617,0.0653620352204429,88.3319190653,90.77282788296648,True,discovery,True,False,True,True,False,False
XLP,2000-11-10T00:00:00.000Z,14.6771914495,0.0844233055827428,86.1832798517,90.7783792283285,True,discovery,True,False,True,True,False,False
XLP,2000-11-13T00:00:00.000Z,14.2426693343,0.0375146541640791,85.5130530642,90.769035493948,True,discovery,False,False,True,False,False,False
XLP,2000-11-14T00:00:00.000Z,14.4196968627,0.0414567996887413,87.7602840576,90.76662339237,True,discovery,False,False,True,False,False,False
XLP,2000-11-15T00:00:00.000Z,14.4518836861,0.0441860465167192,88.0362597936,90.765199849275,True,discovery,False,False,True,False,False,False
XLP,2000-11-16T00:00:00.000Z,14.4840705094,0.0659297275910935,86.6563811134,90.750224469434,True,discovery,True,False,True,True,False,False
XLP,2000-11-17T00:00:00.000Z,14.4840705094,0.0588235294074646,86.1931165731,90.734791681832,True,discovery,True,False,True,True,False,False
XLP,2000-11-20T00:00:00.000Z,14.4411547449,0.0446255335595067,84.9611015921,90.7138834856635,True,discovery,False,False,True,False,False,False
XLP,2000-11-21T00:00:00.000Z,14.6879203907,0.059597523220205,85.3947777487,90.689078207228,True,discovery,True,False,True,True,False,False
XLP,2000-11-22T00:00:00.000Z,14.6342756851,0.0313799621927073,83.3545090025,90.663561243839,True,discovery,False,False,True,False,False,False
XLP,2000-11-24T00:00:00.000Z,14.4840705094,0.0188679245245855,85.0596353381,90.64568929767952,True,discovery,False,False,True,False,False,False
XLP,2000-11-27T00:00:00.000Z,14.7791163902,0.0515267175593021,85.8087123359,90.640563101035,True,discovery,True,False,True,True,False,False
XLP,2000-11-28T00:00:00.000Z,14.9346860364,0.0384185005607686,84.3302999098,90.625501260981,True,discovery,False,False,True,False,False,False
XLP,2000-11-29T00:00:00.000Z,15.0902556826,0.0527694610759592,84.1725994892,90.604710598387,True,discovery,True,False,True,True,False,False
XLP,2000-11-30T00:00:00.000Z,14.8273966252,0.0355938553758756,83.4432060271,90.5867785697065,True,discovery,False,False,True,False,False,False
XLP,2000-12-01T00:00:00.000Z,14.6074533323,0.0283232628450234,83.4037809219,90.570899650637,True,discovery,False,False,True,False,False,False
XLP,2000-12-04T00:00:00.000Z,14.8864058013,0.0535307517067273,84.1134328146,90.567862701699,True,discovery,True,False,True,True,False,False
XLP,2000-12-05T00:00:00.000Z,14.768387449,0.0257078986535299,86.8731901749,90.57970081410951,True,discovery,False,False,True,False,False,False
XLP,2000-12-06T00:00:00.000Z,14.4840705094,0.0158013544032622,85.4834646805,90.579600822533,True,discovery,False,False,True,False,False,False
XLP,2000-12-07T00:00:00.000Z,14.6932848612,0.0073556454592202,84.3105583403,90.5822453435845,True,discovery,False,False,True,False,False,False
XLP,2000-12-08T00:00:00.000Z,14.6342756851,0.002204261575508,84.507683866,90.58739195507452,True,discovery,False,False,True,False,False,False
XLP,2000-12-11T00:00:00.000Z,14.4357902744,-0.0164473684172201,87.4448832164,90.59846867686647,True,discovery,False,False,True,False,False,False
XLP,2000-12-12T00:00:00.000Z,14.4947994505,0.0177024482056047,87.0703157006,90.603563699013,True,discovery,False,False,True,False,False,False
XLP,2000-12-13T00:00:00.000Z,14.8220321546,0.0279017857123429,85.8777157319,90.599565159742,True,discovery,False,False,True,False,False,False
XLP,2000-12-14T00:00:00.000Z,14.7093782729,0.017817371935235,84.7836596021,90.58980299368,True,discovery,False,False,True,False,False,False
XLP,2000-12-15T00:00:00.000Z,14.6454069615,0.0111388888914407,82.874746475,90.56237622389352,True,discovery,False,False,True,False,False,False
XLP,2000-12-18T00:00:00.000Z,14.7314931156,0.0170823944856817,83.9821164183,90.5447908259885,True,discovery,False,False,True,False,False,False
XLP,2000-12-19T00:00:00.000Z,14.8713831159,0.0297918261108542,82.2716348368,90.527115557354,True,discovery,False,False,True,False,False,False
XLP,2000-12-20T00:00:00.000Z,14.9036654237,0.0146886031011308,79.8888316286,90.498064100026,True,discovery,False,False,True,False,False,False
XLP,2000-12-21T00:00:00.000Z,14.855241962,0.0150992288005737,80.4425166002,90.4592588212595,True,discovery,False,False,True,False,False,False
XLP,2000-12-22T00:00:00.000Z,14.7960577311,0.0215400236761842,82.8550011197,90.434863886271,True,discovery,False,False,True,False,False,False
XLP,2000-12-26T00:00:00.000Z,15.0919788857,0.021169228744112,83.744822859,90.41971187639552,True,discovery,False,False,True,False,False,False
XLP,2000-12-27T00:00:00.000Z,15.1888258091,0.0170167469259541,84.3578603286,90.413788202961,True,discovery,False,False,True,False,False,False
XLP,2000-12-28T00:00:00.000Z,15.4201823481,0.0218635570158314,84.6148992431,90.39917105908152,True,discovery,False,False,True,False,False,False
XLP,2000-12-29T00:00:00.000Z,15.3663785018,0.0363504052817991,83.0131968259,90.35609906684,True,discovery,False,False,True,False,False,False
XLP,2001-01-02T00:00:00.000Z,15.1673042705,0.0383263889648757,81.5103376171,90.3024929793795,True,discovery,False,False,True,False,False,False
XLP,2001-01-03T00:00:00.000Z,14.4678542687,-0.0281163591928582,85.4256813454,90.270817457139,True,discovery,False,False,True,False,False,False
XLP,2001-01-04T00:00:00.000Z,13.897533498,-0.0589674366282263,84.5061207116,90.225128745415,True,discovery,False,False,True,False,False,False
XLP,2001-01-05T00:00:00.000Z,13.9890000367,-0.0341803412499756,81.7476311763,90.162803499101,True,discovery,False,False,True,False,False,False
XLP,2001-01-08T00:00:00.000Z,14.0804665754,-0.0417073711963651,82.3804140011,90.095599857767,True,discovery,False,False,True,False,False,False
XLP,2001-01-09T00:00:00.000Z,14.231117345,-0.0275489097496284,82.1628657971,90.02446409976099,True,discovery,False,False,True,False,False,False
XLP,2001-01-10T00:00:00.000Z,14.1504115756,-0.019768831035602,83.6064307241,89.96564616731051,True,discovery,False,False,True,False,False,False
XLP,2001-01-11T00:00:00.000Z,13.8706315748,-0.0430615047715247,83.6855285772,89.9099698784675,True,discovery,False,False,True,False,False,False
XLP,2001-01-12T00:00:00.000Z,13.8544904209,-0.0652772658707075,83.527332871,89.853012370759,True,discovery,False,False,True,False,False,False
XLP,2001-01-16T00:00:00.000Z,14.0481842676,-0.044950506611021,84.0612142714,89.80666835788651,True,discovery,False,False,True,False,False,False
XLP,2001-01-17T00:00:00.000Z,13.8867727287,-0.0518001469535333,84.446825797,89.7569562478395,True,discovery,False,False,True,False,False,False
XLP,2001-01-18T00:00:00.000Z,13.9997608059,-0.0496712929204119,85.2872309945,89.7087000094385,True,discovery,False,False,True,False,False,False
XLP,2001-01-19T00:00:00.000Z,13.8867727287,-0.0662083936326868,84.802766136,89.661552216613,True,discovery,False,False,True,False,False,False
XLP,2001-01-22T00:00:00.000Z,13.9728588828,-0.0624548736460373,85.3663288476,89.62016454556901,True,discovery,False,False,True,False,False,False
XLP,2001-01-23T00:00:00.000Z,14.0643254215,-0.0532415791357138,86.0386605989,89.578068578762,True,discovery,False,False,True,False,False,False
XLP,2001-01-24T00:00:00.000Z,14.0159019598,-0.0527272727288824,86.2957577295,89.534266512391,True,discovery,False,False,True,False,False,False
XLP,2001-01-25T00:00:00.000Z,14.3064427298,-0.0520499108731402,86.0782095254,89.491240311244,True,discovery,False,False,True,False,False,False
XLP,2001-01-26T00:00:00.000Z,14.1665527295,-0.0673042862199085,85.9793663171,89.449092971226,True,discovery,False,False,True,False,False,False
XLP,2001-01-29T00:00:00.000Z,14.0481842676,-0.0889741800406823,86.4381376617,89.422185644114,True,discovery,False,False,True,False,False,False
XLP,2001-01-30T00:00:00.000Z,14.2095958065,-0.0752801120423068,87.1974751531,89.4054498612405,True,discovery,False,False,True,False,False,False
XLP,2001-01-31T00:00:00.000Z,14.2472584989,-0.0606598084400181,86.7039051826,89.41213854088049,True,discovery,False,False,True,False,False,False
XLP,2001-02-01T00:00:00.000Z,14.3710073454,-0.0066939382648828,87.2797305925,89.40679865257151,True,discovery,False,False,True,False,False,False
XLP,2001-02-02T00:00:00.000Z,14.4624738841,0.0406504065042405,85.2991266788,89.3798847331105,True,discovery,False,False,True,False,False,False
XLP,2001-02-05T00:00:00.000Z,14.4517131148,0.0330769230742782,85.9255753475,89.360320221077,True,discovery,False,False,True,False,False,False
XLP,2001-02-06T00:00:00.000Z,14.5162777304,0.0309514711509211,85.6724660143,89.33733246968052,True,discovery,False,False,True,False,False,False
XLP,2001-02-07T00:00:00.000Z,14.5431796535,0.0219281663508761,85.2295199353,89.31703383492801,True,discovery,False,False,True,False,False,False
XLP,2001-02-08T00:00:00.000Z,14.5001365765,0.0247148288960754,84.2360464709,89.2732314354155,True,discovery,False,False,True,False,False,False
XLP,2001-02-09T00:00:00.000Z,14.6077442691,0.0531419705241955,83.4260850879,89.2306264394735,True,discovery,True,False,True,True,False,False
XLP,2001-02-12T00:00:00.000Z,14.7422538848,0.0640776699055476,84.3815934812,89.194318939557,True,discovery,True,False,True,True,False,False
XLP,2001-02-13T00:00:00.000Z,14.5431796535,0.0352355419370196,83.6918532416,89.157407114094,True,discovery,False,False,True,False,False,False
XLP,2001-02-14T00:00:00.000Z,14.4086700378,0.0375823324321702,83.565298575,89.11368352366,True,discovery,False,False,True,False,False,False
XLP,2001-02-15T00:00:00.000Z,14.2795408067,0.0199846272146371,84.3752593251,89.0832289694095,True,discovery,False,False,True,False,False,False
XLP,2001-02-16T00:00:00.000Z,14.3279642683,0.0317706315368857,82.5148765547,89.0540648109115,True,discovery,False,False,True,False,False,False
XLP,2001-02-20T00:00:00.000Z,14.3979092685,0.0304197150536758,81.2429862408,89.0152065848575,True,discovery,False,False,True,False,False,False
XLP,2001-02-21T00:00:00.000Z,14.3548661915,0.0206579954098511,79.4901803473,88.96219024196199,True,discovery,False,False,True,False,False,False
XLP,2001-02-22T00:00:00.000Z,14.2472584989,0.0165067178525912,79.6104059201,88.9131586343105,True,discovery,False,False,True,False,False,False
XLP,2001-02-23T00:00:00.000Z,14.1396508063,-0.0116585182389592,79.0725411518,88.86501741386401,True,discovery,False,False,True,False,False,False
XLP,2001-02-26T00:00:00.000Z,14.274160422,0.0075958982085966,80.7557459969,88.8352960656025,True,discovery,False,False,True,False,False,False
XLP,2001-02-27T00:00:00.000Z,14.2849211913,0.0168517809270196,80.0090616308,88.791935668861,True,discovery,False,False,True,False,False,False
XLP,2001-02-28T00:00:00.000Z,14.333344653,0.0087088224172704,78.4334292332,88.735891195664,True,discovery,False,False,True,False,False,False
XLP,2001-03-01T00:00:00.000Z,14.1988350372,-0.0033987915432108,78.8447387021,88.674155335859,True,discovery,False,False,True,False,False,False
XLP,2001-03-02T00:00:00.000Z,14.333344653,-0.0026207412949418,78.2182856039,88.60487360385851,True,discovery,False,False,True,False,False,False
XLP,2001-03-05T00:00:00.000Z,14.2795408067,-0.0126488095235985,78.9333282976,88.54397299979401,True,discovery,False,False,True,False,False,False
XLP,2001-03-06T00:00:00.000Z,13.9890000367,-0.0320178704368366,79.7812598139,88.4929022945665,True,discovery,False,False,True,False,False,False
XLP,2001-03-07T00:00:00.000Z,13.897533498,-0.0426241660494154,80.350764989,88.4517406549505,True,discovery,False,False,True,False,False,False
XLP,2001-03-08T00:00:00.000Z,14.0159019598,-0.0362560118394125,80.4393545845,88.4143565792985,True,discovery,False,False,True,False,False,False
XLP,2001-03-09T00:00:00.000Z,14.1019881139,-0.0274582560308617,78.0600898977,88.371549258304,True,discovery,False,False,True,False,False,False
XLP,2001-03-12T00:00:00.000Z,13.6661769589,-0.0644567219178194,74.7189972157,88.30497493416351,True,discovery,False,False,True,False,False,False
XLP,2001-03-13T00:00:00.000Z,13.5962319587,-0.0777372262786496,75.9465927318,88.25209065641249,True,discovery,False,False,True,False,False,False
XLP,2001-03-14T00:00:00.000Z,13.2626481117,-0.0880503144641978,74.446900601,88.19121738893449,True,discovery,False,False,True,False,False,False
XLP,2001-03-15T00:00:00.000Z,13.2787892656,-0.0784167289025182,74.4658828202,88.11631595307999,True,discovery,False,False,True,False,False,False
XLP,2001-03-16T00:00:00.000Z,13.1187013013,-0.0812938960092701,72.9760032526,88.03298434998,True,discovery,False,False,True,False,False,False
XLP,2001-03-19T00:00:00.000Z,13.2698011106,-0.0738530008789274,74.4607746007,87.94923044835801,True,discovery,False,False,True,False,False,False
XLP,2001-03-20T00:00:00.000Z,12.9514122267,-0.1004657700520915,72.4620398887,87.84753878534201,True,discovery,False,False,True,False,False,False
XLP,2001-03-21T00:00:00.000Z,12.6276269211,-0.1203243030870435,71.2310766771,87.741947931537,True,discovery,False,False,True,False,False,False
XLP,2001-03-22T00:00:00.000Z,12.4981127988,-0.1227706860400581,70.5077259312,87.634800084128,True,discovery,False,False,True,False,False,False
XLP,2001-03-23T00:00:00.000Z,12.7949159957,-0.0951038203857796,72.6397089471,87.53512474537702,True,discovery,False,False,True,False,False,False
XLP,2001-03-26T00:00:00.000Z,12.967601492,-0.0915331544113985,73.5661056945,87.4418957196135,True,discovery,False,False,True,False,False,False
XLP,2001-03-27T00:00:00.000Z,13.2590082671,-0.0718178917798171,75.0699126052,87.3571664978115,True,discovery,False,False,True,False,False,False
XLP,2001-03-28T00:00:00.000Z,13.2967832194,-0.0723181824406241,72.9950381808,87.267456991261,True,discovery,False,False,True,False,False,False
XLP,2001-03-29T00:00:00.000Z,13.32916175,-0.0612496225867483,73.2742277019,87.1706108828375,True,discovery,False,False,True,False,False,False
XLP,2001-03-30T00:00:00.000Z,13.3399545935,-0.0693062284867391,74.0419947606,87.07681899418101,True,discovery,False,False,True,False,False,False
XLP,2001-04-02T00:00:00.000Z,13.1618726754,-0.0782705933215714,72.4620398887,86.9741465617575,True,discovery,False,False,True,False,False,False
XLP,2001-04-03T00:00:00.000Z,12.9190336962,-0.0764862633278258,70.0445247021,86.86319693513451,True,discovery,False,False,True,False,False,False
XLP,2001-04-04T00:00:00.000Z,13.0863227708,-0.0583708416545094,70.3364026948,86.747808096111,True,discovery,False,False,True,False,False,False
XLP,2001-04-05T00:00:00.000Z,13.2212333148,-0.0566976458082574,73.0013846373,86.64741529275749,True,discovery,False,False,True,False,False,False
XLP,2001-04-06T00:00:00.000Z,13.1780619407,-0.0655174409265958,71.8909768165,86.541667070379,True,discovery,False,False,True,False,False,False
XLP,2001-04-09T00:00:00.000Z,13.2913867977,-0.0274246530194328,72.6904672749,86.44699462312948,True,discovery,False,False,True,False,False,False
XLP,2001-04-10T00:00:00.000Z,13.2751975324,-0.0236120145107244,74.0166140104,86.36288531113351,True,discovery,False,False,True,False,False,False
XLP,2001-04-11T00:00:00.000Z,13.0215657096,-0.0181775464499674,74.0673761453,86.2731806015575,True,discovery,False,False,True,False,False,False
XLP,2001-04-12T00:00:00.000Z,13.194251206,-0.0063663981639503,75.4125527328,86.19359337690099,True,discovery,False,False,True,False,False,False
XLP,2001-04-16T00:00:00.000Z,13.194251206,0.0057589469387884,74.6194042894,86.10876223480251,True,discovery,False,False,True,False,False,False
XLP,2001-04-17T00:00:00.000Z,13.4856579811,0.0162667751159866,75.6727079603,86.03352325279249,True,discovery,False,False,True,False,False,False
XLP,2001-04-18T00:00:00.000Z,13.3561438588,0.0312500000012063,78.6803255888,85.969881652258,True,discovery,False,False,True,False,False,False
XLP,2001-04-19T00:00:00.000Z,13.3021796412,0.0534188034153009,79.7272828032,85.90518299527399,True,discovery,True,False,True,True,False,False
XLP,2001-04-20T00:00:00.000Z,13.1564762537,0.0526770293642422,78.9975849662,85.84519205774201,True,discovery,True,False,True,True,False,False
XLP,2001-04-23T00:00:00.000Z,13.2212333148,0.033319274565247,77.5635713114,85.7744918905175,True,discovery,False,False,True,False,False,False
XLP,2001-04-24T00:00:00.000Z,12.9783943355,0.0008322929654076,77.1447914713,85.6943247158495,True,discovery,False,False,True,False,False,False
XLP,2001-04-25T00:00:00.000Z,13.3237653282,0.0048840048814724,78.1536737533,85.6199884329065,True,discovery,False,False,True,False,False,False
XLP,2001-04-26T00:00:00.000Z,13.4478830288,0.0113636363703022,78.502660972,85.54641398566301,True,discovery,False,False,True,False,False,False
XLP,2001-04-27T00:00:00.000Z,13.5234329334,0.0145748987853642,79.8097683377,85.47632731931398,True,discovery,False,False,True,False,False,False
XLP,2001-04-30T00:00:00.000Z,13.5989828381,0.0194174757331042,80.3681480145,85.406968185234,True,discovery,False,False,True,False,False,False
XLP,2001-05-01T00:00:00.000Z,13.7500826474,0.0446904469072539,80.6156096943,85.3342256429885,True,discovery,False,False,True,False,False,False
XLP,2001-05-02T00:00:00.000Z,13.669136321,0.0580618212196966,80.4696684772,85.26153987497301,True,discovery,True,False,True,True,False,False
XLP,2001-05-03T00:00:00.000Z,13.5989828381,0.0391752577312181,79.4480926475,85.18762957188899,True,discovery,False,False,True,False,False,False
XLP,2001-05-04T00:00:00.000Z,13.7177041168,0.0375510204062616,80.7996156916,85.124261723019,True,discovery,False,False,True,False,False,False
XLP,2001-05-07T00:00:00.000Z,13.7123076951,0.0405405405441297,80.1016463304,85.05091556474201,True,discovery,False,False,True,False,False,False
XLP,2001-05-08T00:00:00.000Z,13.6637398992,0.0280146163201295,80.0635764741,84.9866202008875,True,discovery,False,False,True,False,False,False
XLP,2001-05-09T00:00:00.000Z,13.7338933821,0.0345528455287003,79.7272828032,84.92329788445498,True,discovery,False,False,True,False,False,False
XLP,2001-05-10T00:00:00.000Z,13.6637398992,0.0493162038975514,79.9620515698,84.859674616552,True,discovery,False,False,True,False,False,False
XLP,2001-05-11T00:00:00.000Z,13.5881899945,0.0298568507109262,79.4100234258,84.7978134697415,True,discovery,False,False,True,False,False,False
XLP,2001-05-14T00:00:00.000Z,13.7069112733,0.0388548057253048,79.5686531145,84.738318432005,True,discovery,False,False,True,False,False,False
XLP,2001-05-15T00:00:00.000Z,13.6259649469,0.0104041616654255,79.9366746267,84.6909862006795,True,discovery,False,False,True,False,False,False
XLP,2001-05-16T00:00:00.000Z,14.0414894225,0.051313131315851,81.8211915212,84.65022541797151,True,discovery,True,False,True,True,False,False
XLP,2001-05-17T00:00:00.000Z,14.1116429054,0.0608519269799139,81.9480933686,84.60734646339701,True,discovery,True,False,True,True,False,False
XLP,2001-05-18T00:00:00.000Z,14.0360930007,0.0668580803885559,82.3224664136,84.5640783878535,True,discovery,True,False,True,True,False,False
XLP,2001-05-21T00:00:00.000Z,14.0253001572,0.0608163265298342,83.5343902555,84.5237240102585,True,discovery,True,False,True,True,False,False
XLP,2001-05-22T00:00:00.000Z,13.8849931914,0.0698544698568885,83.4265233362,84.48037240236948,True,discovery,True,False,True,True,False,False
XLP,2001-05-23T00:00:00.000Z,13.7608754909,0.0328068043779521,82.0115490512,84.42444056084899,True,discovery,False,False,True,False,False,False
XLP,2001-05-24T00:00:00.000Z,13.8202361303,0.027688603529832,82.2526693506,84.36794474011649,True,discovery,False,False,True,False,False,False
XLP,2001-05-25T00:00:00.000Z,13.7069112733,0.0135674381500312,81.2818562904,84.310527255659,True,discovery,False,False,True,False,False,False
XLP,2001-05-29T00:00:00.000Z,13.8202361303,0.0162698412693131,80.6346446224,84.25213498848,True,discovery,False,False,True,False,False,False
XLP,2001-05-30T00:00:00.000Z,13.8957860349,0.0105965463071273,79.5052018735,84.1859326866895,True,discovery,False,False,True,False,False,False
XLP,2001-05-31T00:00:00.000Z,13.7986504432,0.0094749309070116,79.917635257,84.1158939494525,True,discovery,False,False,True,False,False,False
XLP,2001-06-01T00:00:00.000Z,13.9821287831,0.0281746031715364,80.4125636928,84.048723094552,True,discovery,False,False,True,False,False,False
XLP,2001-06-04T00:00:00.000Z,14.0037144702,0.0208497246306489,80.7996156916,83.98515862560299,True,discovery,False,False,True,False,False,False
XLP,2001-06-05T00:00:00.000Z,14.1494178577,0.031877213691478,81.7260175151,83.9213106638015,True,discovery,False,False,True,False,False,False
XLP,2001-06-06T00:00:00.000Z,13.9227681437,0.0189573459690319,81.0470824475,83.8556409872925,True,discovery,False,False,True,False,False,False
XLP,2001-06-07T00:00:00.000Z,14.0199037354,0.0208251473447995,81.3389604402,83.78887463972251,True,discovery,False,False,True,False,False,False
XLP,2001-06-08T00:00:00.000Z,13.938957409,0.0201421800934686,80.583881853,83.7191193795315,True,discovery,False,False,True,False,False,False
XLP,2001-06-11T00:00:00.000Z,13.7446862256,0.0115170770472994,80.0128137047,83.6446410325625,True,discovery,False,False,True,False,False,False
XLP,2001-06-12T00:00:00.000Z,13.9065788785,0.0145669291366128,79.8732189442,83.56798991648799,True,discovery,False,False,True,False,False,False
XLP,2001-06-13T00:00:00.000Z,13.7986504432,0.0126732673225675,79.1879424961,83.4881090382515,True,discovery,False,False,True,False,False,False
XLP,2001-06-14T00:00:00.000Z,13.7878575997,-0.0180630284415256,77.4112880793,83.3977228698045,True,discovery,False,False,True,False,False,False
XLP,2001-06-15T00:00:00.000Z,13.7072674371,-0.0286554493343408,77.5359316744,83.30786175086,True,discovery,False,False,True,False,False,False
XLP,2001-06-18T00:00:00.000Z,13.750576339,-0.0203416051522143,77.1605037688,83.220694814842,True,discovery,False,False,True,False,False,False
XLP,2001-06-19T00:00:00.000Z,13.7938852408,-0.0164998191700875,77.4977542155,83.12892228853599,True,discovery,False,False,True,False,False,False
XLP,2001-06-20T00:00:00.000Z,13.8696758191,-0.0011031602312551,77.90500017,83.03869429709299,True,discovery,False,False,True,False,False,False
XLP,2001-06-21T00:00:00.000Z,13.9887752992,0.0165614323340625,78.7894888593,82.9567229853455,True,discovery,False,False,True,False,False,False
XLP,2001-06-22T00:00:00.000Z,13.5989951825,-0.0160084781268637,78.1722544725,82.877072409119,True,discovery,False,False,True,False,False,False
XLP,2001-06-25T00:00:00.000Z,13.528618217,-0.0130075297596257,77.4532116196,82.7897960517245,True,discovery,False,False,True,False,False,False
XLP,2001-06-26T00:00:00.000Z,13.528618217,-0.0211007909380539,77.3450380166,82.705222912903,True,discovery,False,False,True,False,False,False
XLP,2001-06-27T00:00:00.000Z,13.4257595751,-0.0338251077427,77.3004954208,82.621115376091,True,discovery,False,False,True,False,False,False
XLP,2001-06-28T00:00:00.000Z,13.5123773788,-0.0207464538346267,77.7268310591,82.542580224137,True,discovery,False,False,True,False,False,False
XLP,2001-06-29T00:00:00.000Z,13.1604925512,-0.0587633145600189,78.013173773,82.4642480077835,True,discovery,False,False,True,False,False,False
XLP,2001-07-02T00:00:00.000Z,13.4636548642,-0.038565453983602,78.9867470177,82.388424216708,True,discovery,False,False,True,False,False,False
XLP,2001-07-03T00:00:00.000Z,13.3553826096,-0.0561178739708992,78.9676579701,82.32277727844001,True,discovery,False,False,True,False,False,False
XLP,2001-07-05T00:00:00.000Z,13.2741784186,-0.0465848255465982,77.4277580714,82.25366918456601,True,discovery,False,False,True,False,False,False
XLP,2001-07-06T00:00:00.000Z,13.1171836494,-0.0643884653587634,75.7542310214,82.1720538194015,True,discovery,False,False,True,False,False,False
XLP,2001-07-09T00:00:00.000Z,13.3174873204,-0.044585119988869,76.1678370222,82.09590685225001,True,discovery,False,False,True,False,False,False
XLP,2001-07-10T00:00:00.000Z,13.2092150658,-0.0389584128012078,75.2515353746,82.02212695386851,True,discovery,False,False,True,False,False,False
XLP,2001-07-11T00:00:00.000Z,13.1388381003,-0.0552070199944683,75.3278909287,81.9405482690235,True,discovery,False,False,True,False,False,False
XLP,2001-07-12T00:00:00.000Z,13.0576339093,-0.0537021020244175,77.115961173,81.87116236149049,True,discovery,False,False,True,False,False,False
XLP,2001-07-13T00:00:00.000Z,13.1550789385,-0.0458939074924713,77.7840975657,81.8109324840145,True,discovery,False,False,True,False,False,False
XLP,2001-07-16T00:00:00.000Z,13.0576339093,-0.0473933649271121,76.8105243209,81.7434692340055,True,discovery,False,False,True,False,False,False
XLP,2001-07-17T00:00:00.000Z,13.2525239676,-0.0362204724457549,77.5295671738,81.67378585016749,True,discovery,False,False,True,False,False,False
XLP,2001-07-18T00:00:00.000Z,13.6314768589,-0.0117739403413059,77.0014230693,81.6057985073735,True,discovery,False,False,True,False,False,False
XLP,2001-07-19T00:00:00.000Z,13.5015501533,-0.026541764248956,77.6759239627,81.5404938747905,True,discovery,False,False,True,False,False,False
XLP,2001-07-20T00:00:00.000Z,13.6856129862,-0.0216718266264049,77.2114057748,81.477104704987,True,discovery,False,False,True,False,False,False
XLP,2001-07-23T00:00:00.000Z,13.366209835,-0.0171178343970267,75.6905949236,81.4023660959385,True,discovery,False,False,True,False,False,False
XLP,2001-07-24T00:00:00.000Z,13.2633511931,-0.0196078431400086,74.9588275238,81.322391645685,True,discovery,False,False,True,False,False,False
XLP,2001-07-25T00:00:00.000Z,13.3607962223,-0.012404961985631,75.7860439797,81.256409553998,True,discovery,False,False,True,False,False,False
XLP,2001-07-26T00:00:00.000Z,13.366209835,-0.0044354838746289,76.5814474773,81.1977556137365,True,discovery,False,False,True,False,False,False
XLP,2001-07-27T00:00:00.000Z,13.366209835,-0.0108173076951897,76.8741559644,81.14785886036249,True,discovery,False,False,True,False,False,False
XLP,2001-07-30T00:00:00.000Z,13.5340318297,0.0283833813245795,76.8996088763,81.1017363388585,True,discovery,False,False,True,False,False,False
XLP,2001-07-31T00:00:00.000Z,13.5610998934,0.0072376357076047,77.2177702754,81.06794782041851,True,discovery,False,False,True,False,False,False
XLP,2001-08-01T00:00:00.000Z,13.5610998934,0.0154033238742354,77.7013775109,81.0225814258285,True,discovery,False,False,True,False,False,False
XLP,2001-08-02T00:00:00.000Z,13.4798957024,0.0154975530170473,78.0195389099,80.9768345829765,True,discovery,False,False,True,False,False,False
XLP,2001-08-03T00:00:00.000Z,13.5773407316,0.0350804787444634,77.5932032715,80.9397979658475,True,discovery,False,False,True,False,False,False
XLP,2001-08-06T00:00:00.000Z,13.506963766,0.0142276422752629,76.549634519,80.899120509162,True,discovery,False,False,True,False,False,False
XLP,2001-08-07T00:00:00.000Z,13.5340318297,0.0245901639334333,76.8487024162,80.843971224378,True,discovery,False,False,True,False,False,False
XLP,2001-08-08T00:00:00.000Z,13.4798957024,0.0259579728052372,75.4233406211,80.7798225832085,True,discovery,False,False,True,False,False,False
XLP,2001-08-09T00:00:00.000Z,13.5232046042,0.0356550580399108,75.6460523278,80.71481624531499,True,discovery,False,False,True,False,False,False
XLP,2001-08-10T00:00:00.000Z,13.5719271188,0.031687242794115,75.9069472203,80.65407126477,True,discovery,False,False,True,False,False,False
XLP,2001-08-13T00:00:00.000Z,13.6910265989,0.0485074626842525,75.9260362679,80.60377067448,True,discovery,False,False,True,False,False,False
XLP,2001-08-14T00:00:00.000Z,13.669372148,0.031454248369527,75.894218219,80.55212824079099,True,discovery,False,False,True,False,False,False
XLP,2001-08-15T00:00:00.000Z,13.6423040843,0.0007942811708572,75.2388063733,80.48902818364,True,discovery,False,False,True,False,False,False
XLP,2001-08-16T00:00:00.000Z,13.7776444026,0.0204490777847843,75.4997012658,80.42329009043651,True,discovery,False,False,True,False,False,False
XLP,2001-08-17T00:00:00.000Z,13.7830580154,0.0071202531664644,74.2906866768,80.3438682628555,True,discovery,False,False,True,False,False,False
XLP,2001-08-20T00:00:00.000Z,13.7668171772,0.0299716484437491,74.9779165714,80.2694103548825,True,discovery,False,False,True,False,False,False
XLP,2001-08-21T00:00:00.000Z,13.89133027,0.0473469387756764,73.6989064746,80.1878181283935,True,discovery,False,False,True,False,False,False
XLP,2001-08-22T00:00:00.000Z,13.9508800101,0.0441653160471915,74.4624919233,80.109797469551,True,discovery,False,False,True,False,False,False
XLP,2001-08-23T00:00:00.000Z,13.9075711082,0.0405022276234525,74.1952369845,80.027286527603,True,discovery,False,False,True,False,False,False
XLP,2001-08-24T00:00:00.000Z,14.0753931029,0.0530579181873214,75.7351375195,79.9525735060085,True,discovery,True,False,True,True,False,False
XLP,2001-08-27T00:00:00.000Z,14.0483250392,0.0379999999978868,75.2833489692,79.885654943475,True,discovery,False,False,True,False,False,False
XLP,2001-08-28T00:00:00.000Z,13.8805030445,0.0235528942055391,74.1825130738,79.8149079135175,True,discovery,False,False,True,False,False,False
XLP,2001-08-29T00:00:00.000Z,13.669372148,0.0079840319333313,73.5207367275,79.7515951978965,True,discovery,False,False,True,False,False,False
XLP,2001-08-30T00:00:00.000Z,13.7289218881,0.0184738955847902,72.1080994794,79.6845704299725,True,discovery,False,False,True,False,False,False
XLP,2001-08-31T00:00:00.000Z,13.6260632461,0.0035885167399978,72.6362486744,79.6089502530565,True,discovery,False,False,True,False,False,False
XLP,2001-09-04T00:00:00.000Z,13.6423040843,0.0100200400804124,72.1717304865,79.529627606521,True,discovery,False,False,True,False,False,False
XLP,2001-09-05T00:00:00.000Z,14.1295292302,0.0439999999994975,72.3499002337,79.45809520212251,True,discovery,False,False,True,False,False,False
XLP,2001-09-06T00:00:00.000Z,13.6964402117,0.0160642570299298,70.4854744353,79.3795569914335,True,discovery,False,False,True,False,False,False
XLP,2001-09-07T00:00:00.000Z,13.4798957024,-0.0032025620455782,69.1810152445,79.3006565596955,True,discovery,False,False,True,False,False,False
XLP,2001-09-10T00:00:00.000Z,13.7776444026,0.0151575588344441,70.0273258386,79.223819300145,True,discovery,False,False,True,False,False,False
XLP,2001-09-17T00:00:00.000Z,13.7668171772,0.0055357848991461,66.3684697496,79.13888910388049,True,discovery,False,False,True,False,False,False
XLP,2001-09-18T00:00:00.000Z,13.5989951825,-0.0051485148504277,66.2093890501,79.0446378724405,True,discovery,False,False,True,False,False,False
XLP,2001-09-19T00:00:00.000Z,13.4257595751,-0.0158730158675471,64.8731073561,78.9399598475415,True,discovery,False,False,True,False,False,False
XLP,2001-09-20T00:00:00.000Z,13.1550789385,-0.0451866404668213,62.811422763,78.8323654618075,True,discovery,False,False,True,False,False,False
XLP,2001-09-21T00:00:00.000Z,12.7692453455,-0.0735549882157684,62.1362842742,78.7221838857325,True,discovery,False,False,True,False,False,False
XLP,2001-09-24T00:00:00.000Z,12.9430504714,-0.0598371210423486,64.3207617632,78.62657166441299,True,discovery,False,False,True,False,False,False
XLP,2001-09-25T00:00:00.000Z,13.0082273936,-0.0635722324093874,64.9914369849,78.534509944728,True,discovery,False,False,True,False,False,False
XLP,2001-09-26T00:00:00.000Z,13.2309152112,-0.0516071243089159,64.7614912129,78.43775023671951,True,discovery,False,False,True,False,False,False
XLP,2001-09-27T00:00:00.000Z,13.4916229001,-0.0299080410852442,65.323578039,78.33000217604001,True,discovery,False,False,True,False,False,False
XLP,2001-09-28T00:00:00.000Z,13.6111139242,-0.0329851660487082,66.7096393974,78.2361330496245,True,discovery,False,False,True,False,False,False
XLP,2001-10-01T00:00:00.000Z,13.7251735381,-0.0230028491082238,66.6010510019,78.1475855129325,True,discovery,False,False,True,False,False,False
XLP,2001-10-02T00:00:00.000Z,13.8229389214,-0.0041471208151068,67.4377989862,78.0622360885335,True,discovery,False,False,True,False,False,False
XLP,2001-10-03T00:00:00.000Z,13.7088793075,0.0028901956192464,68.5683600034,77.96785347246849,True,discovery,False,False,True,False,False,False
XLP,2001-10-04T00:00:00.000Z,13.6599966158,-0.0050204431827777,68.6258488417,77.875631138174,True,discovery,False,False,True,False,False,False
XLP,2001-10-05T00:00:00.000Z,13.8066446908,0.0132526498254501,68.4917148193,77.788701133611,True,discovery,False,False,True,False,False,False
XLP,2001-10-08T00:00:00.000Z,13.7794876399,0.0100557467970439,68.0445967274,77.7050058192375,True,discovery,False,False,True,False,False,False
XLP,2001-10-09T00:00:00.000Z,13.7088793075,-0.0297709793331907,67.680516933,77.6290346715275,True,discovery,False,False,True,False,False,False
XLP,2001-10-10T00:00:00.000Z,13.8772530232,0.0132014456826192,69.1879356679,77.5550637677755,True,discovery,False,False,True,False,False,False
XLP,2001-10-11T00:00:00.000Z,13.7794876399,0.0222250931397531,70.2610129567,77.495010658375,True,discovery,False,False,True,False,False,False
XLP,2001-10-12T00:00:00.000Z,13.7686248195,-0.0006546534978285,69.941644716,77.445274723812,True,discovery,False,False,True,False,False,False
XLP,2001-10-15T00:00:00.000Z,13.8283703316,0.0044711245604351,69.8138993359,77.39213163749051,True,discovery,False,False,True,False,False,False
XLP,2001-10-16T00:00:00.000Z,13.752330589,0.0112754953172806,70.2546243144,77.329129753464,True,discovery,False,False,True,False,False,False
XLP,2001-10-17T00:00:00.000Z,13.6382709751,0.0158286314313367,68.7599835028,77.254205556683,True,discovery,False,False,True,False,False,False
XLP,2001-10-18T00:00:00.000Z,13.7414677686,0.0445750901869435,68.6130715571,77.1754816128255,True,discovery,False,False,True,False,False,False
XLP,2001-10-19T00:00:00.000Z,13.9044100742,0.0888983411302408,68.5683600034,77.095248916627,True,discovery,True,False,True,True,False,False
XLP,2001-10-22T00:00:00.000Z,14.0401953288,0.0847671002924959,69.9224832602,77.0297953487985,True,discovery,True,False,True,True,False,False
XLP,2001-10-23T00:00:00.000Z,13.8609587927,0.0655532359097244,69.5647927469,76.9700676244475,True,discovery,True,False,True,True,False,False
XLP,2001-10-24T00:00:00.000Z,13.8338017418,0.0455665024661073,69.3795585285,76.889837010363,True,discovery,False,False,True,False,False,False
XLP,2001-10-25T00:00:00.000Z,13.9641555862,0.035024154588289,70.6250927511,76.8204318705605,True,discovery,False,False,True,False,False,False
XLP,2001-10-26T00:00:00.000Z,13.9152728945,0.0223463687097069,70.4654086307,76.7640207578325,True,discovery,False,False,True,False,False,False
XLP,2001-10-29T00:00:00.000Z,13.8283703316,0.0075187969910568,68.6322330128,76.695279852891,True,discovery,False,False,True,False,False,False
XLP,2001-10-30T00:00:00.000Z,13.6817222566,-0.0102161100184979,67.8082674229,76.62350686101999,True,discovery,False,False,True,False,False,False
XLP,2001-10-31T00:00:00.000Z,13.5242113612,-0.0134706814581823,67.5783216509,76.543366315654,True,discovery,False,False,True,False,False,False
XLP,2001-11-01T00:00:00.000Z,13.8392331519,0.0131212723649347,69.3092968768,76.471485157152,True,discovery,False,False,True,False,False,False
XLP,2001-11-02T00:00:00.000Z,13.8175075112,0.0007867820635116,69.7819605956,76.40275829577499,True,discovery,False,False,True,False,False,False
XLP,2001-11-05T00:00:00.000Z,13.8446645621,0.0047299960566946,70.695353764,76.335928993238,True,discovery,False,False,True,False,False,False
XLP,2001-11-06T00:00:00.000Z,13.8718216131,0.0118858954072822,71.7939817896,76.272664773201,True,discovery,False,False,True,False,False,False
XLP,2001-11-07T00:00:00.000Z,13.8881158436,0.0007827788671028,71.6981700399,76.204719468428,True,discovery,False,False,True,False,False,False
XLP,2001-11-08T00:00:00.000Z,13.7577619992,-0.0015766653498124,71.9217265309,76.1403142704025,True,discovery,False,False,True,False,False,False
XLP,2001-11-09T00:00:00.000Z,13.7903504603,0.0015779092745145,71.9983768249,76.073474510289,True,discovery,False,False,True,False,False,False
XLP,2001-11-12T00:00:00.000Z,13.812076101,-0.0011783189348614,71.5576473752,76.0010694441705,True,discovery,False,False,True,False,False,False
XLP,2001-11-13T00:00:00.000Z,13.812076101,0.0043443917824219,73.1672658634,75.93542698483999,True,discovery,False,False,True,False,False,False
XLP,2001-11-14T00:00:00.000Z,13.7414677686,0.0075667064900244,73.237527515,75.871223574788,True,discovery,False,False,True,False,False,False
XLP,2001-11-15T00:00:00.000Z,13.8229389214,0.0059288537565227,73.3716615374,75.80818505088949,True,discovery,False,False,True,False,False,False
XLP,2001-11-16T00:00:00.000Z,13.9478613557,0.0031250000013036,73.0459046544,75.741223885853,True,discovery,False,False,True,False,False,False
XLP,2001-11-19T00:00:00.000Z,13.9858812269,-0.003868471956981,73.9465205383,75.674969112779,True,discovery,False,False,True,False,False,False
XLP,2001-11-20T00:00:00.000Z,13.9695869964,0.0078369905952833,73.3269499837,75.6080843367845,True,discovery,False,False,True,False,False,False
XLP,2001-11-21T00:00:00.000Z,14.1488235325,0.0227718884931056,72.8415089804,75.53589322872399,True,discovery,False,False,True,False,False,False
XLP,2001-11-23T00:00:00.000Z,14.192274814,0.0163360560108221,73.8890361712,75.478842776186,True,discovery,False,False,True,False,False,False
XLP,2001-11-26T00:00:00.000Z,14.2031376344,0.0206869633159534,74.0487202915,75.419458500906,True,discovery,False,False,True,False,False,False
XLP,2001-11-27T00:00:00.000Z,14.045626739,0.0157109190880961,73.7293520508,75.3597429310885,True,discovery,False,False,True,False,False,False
XLP,2001-11-28T00:00:00.000Z,13.8772530232,0.0142913854654282,72.3943902497,75.2955672826605,True,discovery,False,False,True,False,False,False
XLP,2001-11-29T00:00:00.000Z,14.1433921223,0.0457831325289979,73.3716615374,75.24124535799301,True,discovery,False,False,True,False,False,False
XLP,2001-11-30T00:00:00.000Z,14.1216664816,0.0204081632703199,72.8478976226,75.1883544206665,True,discovery,False,False,True,False,False,False
XLP,2001-12-03T00:00:00.000Z,14.1162350714,0.021619496856279,72.4135568153,75.128514237337,True,discovery,False,False,True,False,False,False
XLP,2001-12-04T00:00:00.000Z,14.1216664816,0.0200078462181234,73.6399295821,75.0782546190395,True,discovery,False,False,True,False,False,False
XLP,2001-12-05T00:00:00.000Z,13.9913126371,0.0086139389139172,74.9876641967,75.035366447148,True,discovery,False,False,True,False,False,False
XLP,2001-12-06T00:00:00.000Z,13.958724176,0.0050840829090965,74.9493361754,74.9882368313995,True,discovery,False,False,True,False,False,False
XLP,2001-12-07T00:00:00.000Z,14.0239010982,0.0193446506063614,74.4511229973,74.9479180636125,True,discovery,False,False,True,False,False,False
XLP,2001-12-10T00:00:00.000Z,13.752330589,-0.002756990941561,73.0586768291,74.906996516554,True,discovery,False,False,True,False,False,False
XLP,2001-12-11T00:00:00.000Z,13.605682514,-0.0149429807286579,72.9117706321,74.874104467978,True,discovery,False,False,True,False,False,False
XLP,2001-12-12T00:00:00.000Z,13.6328395649,-0.0129767990553588,72.9948044584,74.8410264606695,True,discovery,False,False,True,False,False,False
XLP,2001-12-13T00:00:00.000Z,13.4970543103,-0.0177865612622909,71.5768088309,74.803547799065,True,discovery,False,False,True,False,False,False
XLP,2001-12-14T00:00:00.000Z,13.4427402084,-0.0275049115938286,72.2602562273,74.761070350217,True,discovery,False,False,True,False,False,False
XLP,2001-12-17T00:00:00.000Z,13.7849190501,-0.0116822429937197,73.007581743,74.726062950778,True,discovery,False,False,True,False,False,False
XLP,2001-12-18T00:00:00.000Z,13.7088793075,-0.0198058252394724,73.4419225504,74.701105417364,True,discovery,False,False,True,False,False,False
XLP,2001-12-19T00:00:00.000Z,13.8772530232,-0.0066096423053734,73.9592978228,74.6766782129675,True,discovery,False,False,True,False,False,False
XLP,2001-12-20T00:00:00.000Z,13.898978664,-0.0176583493267905,73.2311388728,74.65174247931199,True,discovery,False,False,True,False,False,False
XLP,2001-12-21T00:00:00.000Z,14.040211623,-0.0107145044041845,73.6736331513,74.6254440035805,True,discovery,False,False,True,False,False,False
XLP,2001-12-24T00:00:00.000Z,14.040211623,-0.0114711281122414,73.5326348244,74.594200878633,True,discovery,False,False,True,False,False,False
XLP,2001-12-26T00:00:00.000Z,14.0729139793,0.0019427570450973,73.9364124908,74.56212911614199,True,discovery,False,False,True,False,False,False
XLP,2001-12-27T00:00:00.000Z,13.9857076959,0.0078152839411866,74.3850538438,74.5318576124385,True,discovery,False,False,True,False,False,False
XLP,2001-12-28T00:00:00.000Z,13.9257533761,-0.0153880161363021,74.3465999878,74.513290162889,True,discovery,False,False,True,False,False,False
XLP,2001-12-31T00:00:00.000Z,13.8439974854,-0.019662622436367,73.2570396693,74.505980375157,True,discovery,False,False,True,False,False,False
XLP,2002-01-02T00:00:00.000Z,13.794943951,-0.0227603974271403,74.0453674331,74.4964742486635,True,discovery,False,False,True,False,False,False
XLP,2002-01-03T00:00:00.000Z,13.7513408094,-0.0262239355873841,74.884969355,74.4986645924335,True,discovery,False,True,True,False,True,False
XLP,2002-01-04T00:00:00.000Z,13.7131880604,-0.0198783762405903,75.3848906345,74.503259631505,True,discovery,False,True,True,False,True,False
XLP,2002-01-07T00:00:00.000Z,13.6096305989,-0.0250089888372617,74.8529266113,74.5126442482985,True,discovery,False,True,True,False,True,False
XLP,2002-01-08T00:00:00.000Z,13.5387754936,-0.0345927713838674,74.679875927,74.51373975493,True,discovery,False,True,True,False,True,False
XLP,2002-01-09T00:00:00.000Z,13.587829028,-0.0119617224102784,74.0710048326,74.5217845796495,True,discovery,False,False,True,False,False,False
XLP,2002-01-10T00:00:00.000Z,13.6096305989,0.0002901791142002,74.3978747868,74.537618570198,True,discovery,False,False,True,False,False,False
XLP,2002-01-11T00:00:00.000Z,13.6423329551,0.0006963619101367,73.6672271663,74.5534160763735,True,discovery,False,False,True,False,False,False
XLP,2002-01-14T00:00:00.000Z,13.7513408094,0.0188401478762627,73.2057648702,74.556246355989,True,discovery,False,False,True,False,False,False
XLP,2002-01-15T00:00:00.000Z,13.7676919875,0.02417303124678,73.801820149,74.5574249282615,True,discovery,False,False,True,False,False,False
XLP,2002-01-16T00:00:00.000Z,13.6368825624,-0.0107390175569384,72.3084776777,74.543617753624,True,discovery,False,False,True,False,False,False
XLP,2002-01-17T00:00:00.000Z,13.7622415948,0.0038925346195737,72.8532575165,74.5429088503025,True,discovery,False,False,True,False,False,False
XLP,2002-01-18T00:00:00.000Z,13.7077376677,-0.0122153393914922,72.5199822182,74.539137622884,True,discovery,False,False,True,False,False,False
XLP,2002-01-22T00:00:00.000Z,13.8603486636,-0.0027793409381983,72.0200660661,74.52902797941151,True,discovery,False,False,True,False,False,False
XLP,2002-01-23T00:00:00.000Z,13.909402198,-0.0093167701821326,72.5712563763,74.5295740618495,True,discovery,False,False,True,False,False,False
XLP,2002-01-24T00:00:00.000Z,13.7077376677,-0.0236801242194495,72.7955773733,74.5433293252055,True,discovery,False,False,True,False,False,False
XLP,2002-01-25T00:00:00.000Z,13.6804857041,-0.0278853601874655,72.7763504453,74.555529063958,True,discovery,False,False,True,False,False,False
XLP,2002-01-28T00:00:00.000Z,13.6804857041,-0.0218238503504172,72.9750340427,74.555397310985,True,discovery,False,False,True,False,False,False
XLP,2002-01-29T00:00:00.000Z,13.5115235301,-0.0297455968673781,70.6805428647,74.549345141226,True,discovery,False,False,True,False,False,False
XLP,2002-01-30T00:00:00.000Z,13.6750353114,-0.0122047244069631,71.6996065834,74.5443908377685,True,discovery,False,False,True,False,False,False
XLP,2002-01-31T00:00:00.000Z,13.7513408094,-0.0031608059992762,72.5392085053,74.53700381024301,True,discovery,False,False,True,False,False,False
XLP,2002-02-01T00:00:00.000Z,13.7622415948,0.0007927070931548,72.1995227355,74.527664543194,True,discovery,False,False,True,False,False,False
XLP,2002-02-04T00:00:00.000Z,13.6150809916,-0.0071542130369601,70.4049470686,74.502626514873,True,discovery,False,False,True,False,False,False
XLP,2002-02-05T00:00:00.000Z,13.7731423802,0.0120144172989686,69.9691221722,74.479375104287,True,discovery,False,False,True,False,False,False
XLP,2002-02-06T00:00:00.000Z,13.7077376677,0.0124798711803642,69.6678896175,74.449351012573,True,discovery,False,False,True,False,False,False
XLP,2002-02-07T00:00:00.000Z,13.5605770645,-0.0020056157200566,69.232064721,74.402109708234,True,discovery,False,False,True,False,False,False
XLP,2002-02-08T00:00:00.000Z,13.5932794207,-0.0012014417350403,70.5587663385,74.3562671259105,True,discovery,False,False,True,False,False,False
XLP,2002-02-11T00:00:00.000Z,13.8112951292,0.012385137839407,71.4240107873,74.318399255016,True,discovery,False,False,True,False,False,False
XLP,2002-02-12T00:00:00.000Z,13.8058447365,0.0039635354730458,71.1996853039,74.2865798249785,True,discovery,False,False,True,False,False,False
XLP,2002-02-13T00:00:00.000Z,13.8930510198,0.0091053048262421,71.955970324,74.260635719242,True,discovery,False,False,True,False,False,False
XLP,2002-02-14T00:00:00.000Z,13.8930510198,0.0187849720218544,71.8213779822,74.22897424038649,True,discovery,False,False,True,False,False,False
XLP,2002-02-15T00:00:00.000Z,13.8985014126,0.0099009901011681,71.0715034336,74.19181845269449,True,discovery,False,False,True,False,False,False
XLP,2002-02-19T00:00:00.000Z,13.7240888458,0.001192842939979,69.70634796,74.141301350806,True,discovery,False,False,True,False,False,False
XLP,2002-02-20T00:00:00.000Z,14.0020588741,0.0102241447123301,70.8792258212,74.09385673983951,True,discovery,False,False,True,False,False,False
XLP,2002-02-21T00:00:00.000Z,13.8276463073,-0.0058777429494242,69.4115258768,74.03783632075199,True,discovery,False,False,True,False,False,False
XLP,2002-02-22T00:00:00.000Z,14.0565628012,0.0254473161039512,70.2703547268,73.98683975200001,True,discovery,False,False,True,False,False,False
XLP,2002-02-25T00:00:00.000Z,14.078364372,0.0290836653395103,71.4304167724,73.94675137262449,True,discovery,False,False,True,False,False,False
XLP,2002-02-26T00:00:00.000Z,14.0729139793,0.0286852589657975,71.283007974,73.8991683340365,True,discovery,False,False,True,False,False,False
XLP,2002-02-27T00:00:00.000Z,14.0892651574,0.0427591770841349,71.5586037701,73.856453121235,True,discovery,False,False,True,False,False,False
XLP,2002-02-28T00:00:00.000Z,14.040211623,0.0267038660803731,71.2381442873,73.812325960301,True,discovery,False,False,True,False,False,False
XLP,2002-03-01T00:00:00.000Z,14.3072808659,0.0404280618308852,72.8981218441,73.7781801555055,True,discovery,False,False,True,False,False,False
XLP,2002-03-04T00:00:00.000Z,14.3127312586,0.0400000000005811,74.1863702464,73.7493017488885,True,discovery,False,True,True,False,True,False
XLP,2002-03-05T00:00:00.000Z,14.0620131939,0.0328262610098126,73.9492283064,73.7219977732915,True,discovery,False,True,True,False,True,False
XLP,2002-03-06T00:00:00.000Z,14.1764714408,0.0292837356549671,74.8272892118,73.698290953778,True,discovery,False,True,True,False,True,False
XLP,2002-03-07T00:00:00.000Z,14.1710210481,0.0337972166983944,74.6670594705,73.671942877997,True,discovery,False,True,True,False,True,False
XLP,2002-03-08T00:00:00.000Z,14.1219675137,0.0413987138253617,74.9811084817,73.6377424627995,True,discovery,False,True,True,False,True,False
XLP,2002-03-11T00:00:00.000Z,14.1219675137,0.038893344029617,75.141338223,73.60370868707149,True,discovery,False,True,True,False,True,False
XLP,2002-03-12T00:00:00.000Z,14.116517121,0.0220994475134121,75.0964738954,73.5675787244805,True,discovery,False,True,True,False,True,False
XLP,2002-03-13T00:00:00.000Z,14.2255249752,0.0303987366734936,74.3722373873,73.5217679601395,True,discovery,False,True,True,False,True,False
XLP,2002-03-14T00:00:00.000Z,14.1873722262,0.0211847783457026,74.2696877891,73.475983782404,True,discovery,False,True,True,False,True,False
XLP,2002-03-15T00:00:00.000Z,14.4460587651,0.0398046292719913,74.9753299563,73.4408026869295,True,discovery,False,True,True,False,True,False
XLP,2002-03-18T00:00:00.000Z,14.4023325183,0.036250750404158,74.9881821352,73.40448025085249,True,discovery,False,True,True,False,True,False
XLP,2002-03-19T00:00:00.000Z,14.4569903267,0.0534025602088905,75.4895167378,73.37551855308949,True,discovery,True,True,True,True,True,True
XLP,2002-03-20T00:00:00.000Z,14.172769723,0.0121918391027315,74.0690675188,73.3426906675715,True,discovery,False,True,True,False,True,False
XLP,2002-03-21T00:00:00.000Z,14.2820853398,0.0328645253429782,74.1012063218,73.31567068981299,True,discovery,False,True,True,False,True,False
XLP,2002-03-22T00:00:00.000Z,14.2984826823,0.0172104578140075,73.9405219483,73.28578512326949,True,discovery,False,True,True,False,True,False
XLP,2002-03-25T00:00:00.000Z,14.1563723804,0.0055409851839856,73.0214073319,73.248829341465,True,discovery,False,False,True,False,False,False
XLP,2002-03-26T00:00:00.000Z,14.2656879973,0.0136982303937587,73.445611507,73.212059320542,True,discovery,False,True,True,False,True,False
XLP,2002-03-27T00:00:00.000Z,14.2219617505,0.0094182763698151,73.6384346834,73.17162140638351,True,discovery,False,True,True,False,True,False
XLP,2002-03-28T00:00:00.000Z,14.2656879973,0.0160593287590222,73.6062958805,73.1344174735485,True,discovery,False,True,True,False,True,False
XLP,2002-04-01T00:00:00.000Z,14.2383590931,-0.0048172516808744,73.6384346834,73.09591484476451,True,discovery,False,True,True,False,True,False
XLP,2002-04-02T00:00:00.000Z,14.1399750379,-0.0120701086032197,73.2335113476,73.0591629922375,True,discovery,False,True,True,False,True,False
XLP,2002-04-03T00:00:00.000Z,14.1509065996,0.0063215276841412,72.7193194243,73.0226955208355,True,discovery,False,False,True,False,False,False
XLP,2002-04-04T00:00:00.000Z,13.9869331743,-0.0133699184096337,72.4172321594,72.9854155869115,True,discovery,False,False,True,False,False,False
XLP,2002-04-05T00:00:00.000Z,13.8721517767,-0.0210901720056417,72.4300894802,72.951626321832,True,discovery,False,False,True,False,False,False
XLP,2002-04-08T00:00:00.000Z,13.9158780234,-0.014593539469629,72.5843451933,72.927491607402,True,discovery,False,False,True,False,False,False
XLP,2002-04-09T00:00:00.000Z,13.9049464617,-0.0153676215293274,72.0765819303,72.9001948586815,True,discovery,False,False,True,False,False,False
XLP,2002-04-10T00:00:00.000Z,14.1345092571,0.0012745449848414,72.8928617613,72.878856648644,True,discovery,False,True,True,False,True,False
XLP,2002-04-11T00:00:00.000Z,13.9432069276,-0.0198458790162175,71.0803368864,72.8467695619985,True,discovery,False,False,True,False,False,False
XLP,2002-04-12T00:00:00.000Z,14.0197278594,-0.0118164494542837,71.6138102919,72.815313612608,True,discovery,False,False,True,False,False,False
XLP,2002-04-15T00:00:00.000Z,14.0087962977,-0.0302686341312951,71.0674847075,72.776703591849,True,discovery,False,False,True,False,False,False
XLP,2002-04-16T00:00:00.000Z,14.1563723804,-0.017077798862613,72.7578823884,72.7496317314285,True,discovery,False,True,True,False,True,False
XLP,2002-04-17T00:00:00.000Z,13.9486727085,-0.0351606805229169,72.6036266753,72.725383806707,True,discovery,False,False,True,False,False,False
XLP,2002-04-18T00:00:00.000Z,14.0907830103,-0.005784805249954,72.2886865888,72.70010204956799,True,discovery,False,False,True,False,False,False
XLP,2002-04-19T00:00:00.000Z,14.1181119146,-0.0114810562532526,72.5522063904,72.676360604416,True,discovery,False,False,True,False,False,False
XLP,2002-04-22T00:00:00.000Z,14.0361252019,-0.0183486238525694,71.3438618299,72.64444575827001,True,discovery,False,False,True,False,False,False
XLP,2002-04-23T00:00:00.000Z,13.9213438042,-0.0166023166023384,71.0353459046,72.609556618928,True,discovery,False,False,True,False,False,False
XLP,2002-04-24T00:00:00.000Z,13.861220215,-0.0283524904215312,70.3219117855,72.56623244276699,True,discovery,False,False,True,False,False,False
XLP,2002-04-25T00:00:00.000Z,13.9049464617,-0.0222905457321213,70.3604741069,72.523196523451,True,discovery,False,False,True,False,False,False
XLP,2002-04-26T00:00:00.000Z,13.8174939682,-0.031417624525703,69.023578834,72.48117562726401,True,discovery,False,False,True,False,False,False
XLP,2002-04-29T00:00:00.000Z,13.6753836664,-0.0395393474078639,68.6829292476,72.44581911839501,True,discovery,False,False,True,False,False,False
XLP,2002-04-30T00:00:00.000Z,13.7355072556,-0.0286045612680281,69.3256667416,72.411608266992,True,discovery,False,False,True,False,False,False
XLP,2002-05-01T00:00:00.000Z,13.9322753659,-0.0154499806893064,70.1740795909,72.3862209880735,True,discovery,False,False,True,False,False,False
XLP,2002-05-02T00:00:00.000Z,13.9322753659,-0.0039077764738613,69.9041311289,72.3591021890745,True,discovery,False,False,True,False,False,False
XLP,2002-05-03T00:00:00.000Z,13.8010966257,-0.0051221434240178,69.145700886,72.3192508876395,True,discovery,False,False,True,False,False,False
XLP,2002-05-06T00:00:00.000Z,13.7027125706,-0.0153181461091822,67.789524131,72.269278020466,True,discovery,False,False,True,False,False,False
XLP,2002-05-07T00:00:00.000Z,13.5114102411,-0.028301886791435,67.5517093301,72.222983945512,True,discovery,False,False,True,False,False,False
XLP,2002-05-08T00:00:00.000Z,13.757370379,-0.0266821345714961,70.0648155024,72.185660187155,True,discovery,False,False,True,False,False,False
XLP,2002-05-09T00:00:00.000Z,13.6152600771,-0.0235201881606478,69.2549649745,72.146927896681,True,discovery,False,False,True,False,False,False
XLP,2002-05-10T00:00:00.000Z,13.5879311729,-0.0307992202723456,67.9502085045,72.09829931939,True,discovery,False,False,True,False,False,False
XLP,2002-05-13T00:00:00.000Z,13.7245756939,-0.0202887241530282,69.332095402,72.05890276752599,True,discovery,False,False,True,False,False,False
XLP,2002-05-14T00:00:00.000Z,13.7792335024,-0.026640926634719,70.8425272274,72.034662429045,True,discovery,False,False,True,False,False,False
XLP,2002-05-15T00:00:00.000Z,13.5769996112,-0.0266457680287753,70.566150105,72.012699041951,True,discovery,False,False,True,False,False,False
XLP,2002-05-16T00:00:00.000Z,13.5933969537,-0.0352986811475575,70.9325104765,71.98843137443501,True,discovery,False,False,True,False,False,False
XLP,2002-05-17T00:00:00.000Z,13.7519045981,-0.0259388308234965,71.279589366,71.9619220838785,True,discovery,False,False,True,False,False,False
XLP,2002-05-20T00:00:00.000Z,13.686315228,-0.0249221183815493,70.5083011596,71.9300928098545,True,discovery,False,False,True,False,False,False
XLP,2002-05-21T00:00:00.000Z,13.5715338304,-0.0251276010936862,69.8655636656,71.894922583801,True,discovery,False,False,True,False,False,False
XLP,2002-05-22T00:00:00.000Z,13.6917810089,-0.0122239747635377,70.0198238778,71.858932851813,True,discovery,False,False,True,False,False,False
XLP,2002-05-23T00:00:00.000Z,13.7355072556,-0.012185534591356,70.7653967999,71.82425294825799,True,discovery,False,False,True,False,False,False
XLP,2002-05-24T00:00:00.000Z,13.5769996112,-0.017405063288139,69.8591395043,71.78345095123,True,discovery,False,False,True,False,False,False
XLP,2002-05-28T00:00:00.000Z,13.5278075836,-0.0107913669115251,69.4799218119,71.742884543932,True,discovery,False,False,True,False,False,False
XLP,2002-05-29T00:00:00.000Z,13.5715338304,-0.011937922797365,68.9657350305,71.70496504648949,True,discovery,False,False,True,False,False,False
XLP,2002-05-30T00:00:00.000Z,13.5114102411,-0.0302079246746795,68.7729118541,71.664586093679,True,discovery,False,False,True,False,False,False
XLP,2002-05-31T00:00:00.000Z,13.582465392,-0.0251078854467792,68.9143147455,71.632040964301,True,discovery,False,False,True,False,False,False
XLP,2002-06-03T00:00:00.000Z,13.2709158841,-0.0384158415797706,67.0825141732,71.589223273528,True,discovery,False,False,True,False,False,False
XLP,2002-06-04T00:00:00.000Z,13.2545185415,-0.0327084164387734,67.2496220652,71.5459366477525,True,discovery,False,False,True,False,False,False
XLP,2002-06-05T00:00:00.000Z,13.4075604051,-0.0076860841427272,67.8795073802,71.50570400331401,True,discovery,False,False,True,False,False,False
XLP,2002-06-06T00:00:00.000Z,13.1069424588,-0.0472785061593491,66.4976204827,71.4587210146325,True,discovery,False,False,True,False,False,False
XLP,2002-06-07T00:00:00.000Z,13.1069424588,-0.0373344038543161,66.4204900552,71.414629433042,True,discovery,False,False,True,False,False,False
XLP,2002-06-10T00:00:00.000Z,13.2545185415,-0.0245374094965217,66.6775863383,71.37051885840451,True,discovery,False,False,True,False,False,False
XLP,2002-06-11T00:00:00.000Z,12.8992427868,-0.0601354042199516,65.5335142418,71.32673299622951,True,discovery,False,False,True,False,False,False
XLP,2002-06-12T00:00:00.000Z,12.8883112251,-0.0646568821948494,65.9320134162,71.28150348045351,True,discovery,False,False,True,False,False,False
XLP,2002-06-13T00:00:00.000Z,12.8500507592,-0.0535426731102151,65.2699944402,71.2393589202815,True,discovery,False,False,True,False,False,False
XLP,2002-06-14T00:00:00.000Z,12.9047085677,-0.0506634499342376,65.1735831733,71.1929143765315,True,discovery,False,False,True,False,False,False
XLP,2002-06-17T00:00:00.000Z,13.1506687055,-0.0437201907787426,66.9218297997,71.1565473406075,True,discovery,False,False,True,False,False,False
XLP,2002-06-18T00:00:00.000Z,13.1178740205,-0.0415335463220268,67.4681553841,71.1152124299305,True,discovery,False,False,True,False,False,False
XLP,2002-06-19T00:00:00.000Z,13.0686819929,-0.0370519532857531,65.8934459529,71.068262914849,True,discovery,False,False,True,False,False,False
XLP,2002-06-20T00:00:00.000Z,12.9539005952,-0.0538922155722735,65.0514611213,71.02260765508649,True,discovery,False,False,True,False,False,False
XLP,2002-06-21T00:00:00.000Z,12.6052766958,-0.0822853163532931,64.0381019062,70.97519448098,True,discovery,False,False,True,False,False,False
XLP,2002-06-24T00:00:00.000Z,12.4791690994,-0.0808595818839365,64.3735175939,70.9365215715525,True,discovery,False,False,True,False,False,False
XLP,2002-06-25T00:00:00.000Z,12.2214709678,-0.0965667649932938,62.9286579051,70.887983617706,True,discovery,False,False,True,False,False,False
XLP,2002-06-26T00:00:00.000Z,12.1995392119,-0.101093556236566,63.0318638733,70.84228428464002,True,discovery,False,False,True,False,False,False
XLP,2002-06-27T00:00:00.000Z,12.2927491744,-0.0901949570736136,64.1348563322,70.8012090651325,True,discovery,False,False,True,False,False,False
XLP,2002-06-28T00:00:00.000Z,12.1995392119,-0.1018170221817414,63.8316938399,70.7679401621555,True,discovery,False,False,True,False,False,False
XLP,2002-07-01T00:00:00.000Z,12.3201638693,-0.0716417783899229,62.5867951904,70.73496906188501,True,discovery,False,False,True,False,False,False
XLP,2002-07-02T00:00:00.000Z,12.2379197847,-0.0766982786750812,61.258044554,70.69112265546201,True,discovery,False,False,True,False,False,False
XLP,2002-07-03T00:00:00.000Z,12.1556757001,-0.0933715506158603,61.6063588108,70.667312100768,True,discovery,False,False,True,False,False,False
XLP,2002-07-05T00:00:00.000Z,12.3146809303,-0.060445945420938,64.0574520174,70.6565524156045,True,discovery,False,False,True,False,False,False
XLP,2002-07-08T00:00:00.000Z,12.2927491744,-0.0621192384844377,63.2576220507,70.6484749890775,True,discovery,False,False,True,False,False,False
XLP,2002-07-09T00:00:00.000Z,12.0898804325,-0.0878672511078776,61.6644084994,70.6427399177595,True,discovery,False,False,True,False,False,False
XLP,2002-07-10T00:00:00.000Z,11.8431481787,-0.0818726048928017,59.4197240041,70.62915711640899,True,discovery,False,False,True,False,False,False
XLP,2002-07-11T00:00:00.000Z,11.6457623758,-0.096408973029774,59.9034929094,70.60707077214,True,discovery,False,False,True,False,False,False
XLP,2002-07-12T00:00:00.000Z,11.399030122,-0.1129194478987674,59.2455639731,70.578341407081,True,discovery,False,False,True,False,False,False
XLP,2002-07-15T00:00:00.000Z,11.2345419529,-0.1294230401281872,59.5616250345,70.55234207618899,True,discovery,False,False,True,False,False,False
XLP,2002-07-16T00:00:00.000Z,11.0590879058,-0.1590474862183425,58.4134814561,70.5177915932745,True,discovery,False,False,True,False,False,False
XLP,2002-07-17T00:00:00.000Z,11.1084343565,-0.1531833329745157,58.5295859933,70.476891326254,True,discovery,False,False,True,False,False,False
XLP,2002-07-18T00:00:00.000Z,10.8562191638,-0.1692950238059196,56.6332151099,70.427052146794,True,discovery,False,False,True,False,False,False
XLP,2002-07-19T00:00:00.000Z,10.3517887785,-0.2008747710835606,54.6400846401,70.36306357506349,True,discovery,False,False,True,False,False,False
XLP,2002-07-22T00:00:00.000Z,10.439515802,-0.1718138321010929,53.0210700805,70.285327125449,True,discovery,False,False,True,False,False,False
XLP,2002-07-23T00:00:00.000Z,10.4888622527,-0.1594903339194028,51.5697633648,70.2000466980645,True,discovery,False,False,True,False,False,False
XLP,2002-07-24T00:00:00.000Z,11.026190272,-0.0978017047988099,54.6465361823,70.1308208048795,True,discovery,False,False,True,False,False,False
XLP,2002-07-25T00:00:00.000Z,11.1632637463,-0.0849438202214365,54.1821173882,70.0615084081835,True,discovery,False,False,True,False,False,False
XLP,2002-07-26T00:00:00.000Z,11.212610197,-0.0878679750213582,55.2141564294,69.9991766056655,True,discovery,False,False,True,False,False,False
XLP,2002-07-29T00:00:00.000Z,11.5361035963,-0.0543820224744925,57.9039108975,69.9427564818135,True,discovery,False,False,True,False,False,False
XLP,2002-07-30T00:00:00.000Z,11.4209618779,-0.0729862038313204,58.6585936148,69.884744385104,True,discovery,False,False,True,False,False,False
XLP,2002-07-31T00:00:00.000Z,11.6786600096,-0.0456989247305897,58.8005004504,69.829038663776,True,discovery,False,False,True,False,False,False
XLP,2002-08-01T00:00:00.000Z,11.5690012302,-0.0482634190294476,57.2653372326,69.76629585325949,True,discovery,False,False,True,False,False,False
XLP,2002-08-02T00:00:00.000Z,11.5470694743,-0.0623330365069636,55.9817383608,69.6949314234915,True,discovery,False,False,True,False,False,False
XLP,2002-08-05T00:00:00.000Z,11.3880642441,-0.0735950044587285,54.0337596555,69.621300304255,True,discovery,False,False,True,False,False,False
XLP,2002-08-06T00:00:00.000Z,11.399030122,-0.0571428571487653,55.8527300942,69.55749859694049,True,discovery,False,False,True,False,False,False
XLP,2002-08-07T00:00:00.000Z,11.6622111927,-0.0152777777724184,56.8267194469,69.49879039415801,True,discovery,False,False,True,False,False,False
XLP,2002-08-08T00:00:00.000Z,11.9308752023,0.0244821092256239,58.6650406418,69.442503181066,True,discovery,False,False,True,False,False,False
XLP,2002-08-09T00:00:00.000Z,11.985704592,0.0514670514702584,58.8843517923,69.38910097629301,True,discovery,True,False,True,True,False,False
XLP,2002-08-12T00:00:00.000Z,11.9473240192,0.063445583210093,58.4521861936,69.3344641146185,True,discovery,True,False,True,True,False,False
XLP,2002-08-13T00:00:00.000Z,11.8321823008,0.0699058006939745,57.387893312,69.268278117423,True,discovery,True,False,True,True,False,False
XLP,2002-08-14T00:00:00.000Z,12.2214709678,0.1001974333717619,59.4842252348,69.2133722004435,True,discovery,True,False,True,True,False,False
XLP,2002-08-15T00:00:00.000Z,12.1118121883,0.1156565656565562,60.3098568547,69.17176031965299,True,discovery,True,False,True,True,False,False
XLP,2002-08-16T00:00:00.000Z,12.0569827986,0.1647245762627593,60.1292504418,69.1333652347475,True,discovery,True,False,True,True,False,False
XLP,2002-08-19T00:00:00.000Z,12.1501927612,0.1638655462231559,61.5354060381,69.1031506566835,True,discovery,True,False,True,True,False,False
XLP,2002-08-20T00:00:00.000Z,12.0953633714,0.1531625718782283,60.8839286439,69.06102381551901,True,discovery,True,False,True,True,False,False
XLP,2002-08-21T00:00:00.000Z,12.0789145545,0.0954748881101117,61.7611635705,69.02091983039351,True,discovery,True,False,True,True,False,False
XLP,2002-08-22T00:00:00.000Z,12.1392268832,0.0874263261246941,62.361037013,68.9792482466385,True,discovery,True,False,True,True,False,False
XLP,2002-08-23T00:00:00.000Z,11.9473240192,0.0655256723716817,61.0193832924,68.9253752541525,True,discovery,True,False,True,True,False,False
XLP,2002-08-26T00:00:00.000Z,11.9747387141,0.0380228136942775,61.4451025091,68.8741099164985,True,discovery,False,False,True,False,False,False
XLP,2002-08-27T00:00:00.000Z,11.9418410802,0.0456072971671432,60.7355760714,68.818179164201,True,discovery,False,False,True,False,False,False
XLP,2002-08-28T00:00:00.000Z,11.8157334839,0.0117370892026418,59.4068202749,68.75522138145101,True,discovery,False,False,True,False,False,False
XLP,2002-08-29T00:00:00.000Z,11.6841429486,0.0099526066346533,59.4326219282,68.69459625421601,True,discovery,False,False,True,False,False,False
XLP,2002-08-30T00:00:00.000Z,11.7718699721,0.0194681861315835,59.2004128537,68.6247619891675,True,discovery,False,False,True,False,False,False
XLP,2002-09-03T00:00:00.000Z,11.5141718404,0.0110736639341786,56.9428246291,68.543288474738,True,discovery,False,False,True,False,False,False
XLP,2002-09-04T00:00:00.000Z,11.607381803,0.0182780182848965,57.75555768,68.46520795545099,True,discovery,False,False,True,False,False,False
XLP,2002-09-05T00:00:00.000Z,11.601898864,-0.0051716031980068,57.2653372326,68.386305118342,True,discovery,False,False,True,False,False,False
XLP,2002-09-06T00:00:00.000Z,11.601898864,-0.0275735294118724,58.0522686302,68.3068338588015,True,discovery,False,False,True,False,False,False
XLP,2002-09-09T00:00:00.000Z,11.8321823008,-0.0128087831651106,58.4779878469,68.2325890481175,True,discovery,False,False,True,False,False,False
XLP,2002-09-10T00:00:00.000Z,11.8266993618,-0.0100963744857133,59.148809547,68.1641255509505,True,discovery,False,False,True,False,False,False
XLP,2002-09-11T00:00:00.000Z,11.8047676059,-0.0023169601518179,58.7811451791,68.08858609599001,True,discovery,False,False,True,False,False,False
XLP,2002-09-12T00:00:00.000Z,11.6512453147,-0.0466576940371888,57.6975028313,68.006830008689,True,discovery,False,False,True,False,False,False
XLP,2002-09-13T00:00:00.000Z,11.7170405824,-0.0325939339020918,57.8394090219,67.9273802935445,True,discovery,False,False,True,False,False,False
XLP,2002-09-16T00:00:00.000Z,11.8870116905,-0.0140973169605697,57.9813152124,67.855314918358,True,discovery,False,False,True,False,False,False
XLP,2002-09-17T00:00:00.000Z,11.5854500471,-0.0464801444058919,56.6525652211,67.7717194367765,True,discovery,False,False,True,False,False,False
XLP,2002-09-18T00:00:00.000Z,11.590932986,-0.0417044424306215,56.0849398138,67.6879046477325,True,discovery,False,False,True,False,False,False
XLP,2002-09-19T00:00:00.000Z,11.2564737088,-0.0680889695832479,54.633633098,67.599005029146,True,discovery,False,False,True,False,False,False
XLP,2002-09-20T00:00:00.000Z,11.2575867454,-0.0726273712719003,54.6517589514,67.50406417599251,True,discovery,False,False,True,False,False,False
XLP,2002-09-23T00:00:00.000Z,11.2134393464,-0.0614266987001111,54.2047004255,67.4001493571365,True,discovery,False,False,True,False,False,False
XLP,2002-09-24T00:00:00.000Z,11.0313313255,-0.0787831293128056,53.3300092074,67.29205272229649,True,discovery,False,False,True,False,False,False
XLP,2002-09-25T00:00:00.000Z,11.1196261235,-0.0688516076522959,54.6517589514,67.193055902067,True,discovery,False,False,True,False,False,False
XLP,2002-09-26T00:00:00.000Z,11.3734736678,-0.0374297386364222,55.5458870178,67.1054919530105,True,discovery,False,False,True,False,False,False
XLP,2002-09-27T00:00:00.000Z,11.0368497504,-0.0553992878251766,53.6150937813,67.0090085687565,True,discovery,False,False,True,False,False,False
XLP,2002-09-30T00:00:00.000Z,10.920962828,-0.0722830906318789,52.9930945497,66.90900001921301,True,discovery,False,False,True,False,False,False
XLP,2002-10-01T00:00:00.000Z,11.2465498956,-0.0232428305317616,55.5394065565,66.828813007841,True,discovery,False,False,True,False,False,False
XLP,2002-10-02T00:00:00.000Z,11.185847222,-0.0363160778334226,53.8742616936,66.73688303517251,True,discovery,False,False,True,False,False,False
XLP,2002-10-03T00:00:00.000Z,11.1582550976,-0.0382388927537199,53.3300092074,66.6384951724945,True,discovery,False,False,True,False,False,False
XLP,2002-10-04T00:00:00.000Z,11.0368497504,-0.0487031580109109,52.3516584698,66.5330438520915,True,discovery,False,False,True,False,False,False
XLP,2002-10-07T00:00:00.000Z,11.0147760509,-0.0690833042561162,51.2696339586,66.4195955327705,True,discovery,False,False,True,False,False,False
XLP,2002-10-08T00:00:00.000Z,11.2465498956,-0.0490542160963244,52.0730543571,66.313805110192,True,discovery,False,False,True,False,False,False
XLP,2002-10-09T00:00:00.000Z,11.1030708489,-0.0594418103283366,50.6022805691,66.198448347281,True,discovery,False,False,True,False,False,False
XLP,2002-10-10T00:00:00.000Z,11.1527366728,-0.0427858678137219,52.2415087703,66.09199271701051,True,discovery,False,False,True,False,False,False
XLP,2002-10-11T00:00:00.000Z,11.2796604449,-0.0373285501935516,54.528658696,65.9949539480365,True,discovery,False,False,True,False,False,False
XLP,2002-10-14T00:00:00.000Z,11.4672868906,-0.035309530336833,54.833174935,65.8971945534925,True,discovery,False,False,True,False,False,False
XLP,2002-10-15T00:00:00.000Z,11.5666185384,-0.0016254447279511,57.4701952575,65.812812529841,True,discovery,False,False,True,False,False,False
XLP,2002-10-16T00:00:00.000Z,11.3238078439,-0.0230460431807039,56.0771785815,65.726913224402,True,discovery,False,False,True,False,False,False
XLP,2002-10-17T00:00:00.000Z,11.3734736678,0.0103940152153096,57.1915911448,65.64264434296051,True,discovery,False,False,True,False,False,False
XLP,2002-10-18T00:00:00.000Z,11.5059158648,0.0220588235308487,57.4313215609,65.55537610399,True,discovery,False,False,True,False,False,False
XLP,2002-10-21T00:00:00.000Z,11.7928739583,0.0516732283468428,58.4226332209,65.470564816922,True,discovery,True,False,True,True,False,False
XLP,2002-10-22T00:00:00.000Z,11.5886922379,0.0505252626318644,58.0014868213,65.38630761797201,True,discovery,True,False,True,True,False,False
XLP,2002-10-23T00:00:00.000Z,11.5886922379,0.0421836228296097,58.4420700693,65.3051185886835,True,discovery,False,False,True,False,False,False
XLP,2002-10-24T00:00:00.000Z,11.4176210668,0.0038816108683654,57.2499062252,65.2210130956465,True,discovery,False,False,True,False,False,False
XLP,2002-10-25T00:00:00.000Z,11.494879015,0.0414999999962308,58.4420700693,65.14123407205899,True,discovery,False,False,True,False,False,False
XLP,2002-10-28T00:00:00.000Z,11.2410314708,0.0293077311809342,58.0598019016,65.0631969457355,True,discovery,False,False,True,False,False,False
XLP,2002-10-29T00:00:00.000Z,11.4010657921,0.0137389597640475,57.3859680509,64.984097961639,True,discovery,False,False,True,False,False,False
XLP,2002-10-30T00:00:00.000Z,11.450731616,0.0236803157367493,57.9431762763,64.9048047422755,True,discovery,False,False,True,False,False,False
XLP,2002-10-31T00:00:00.000Z,11.3458815434,0.0168150346231426,57.3535702801,64.8300302052875,True,discovery,False,False,True,False,False,False
XLP,2002-11-01T00:00:00.000Z,11.4893605901,0.0409999999939838,58.4874242271,64.7582010388405,True,discovery,False,False,True,False,False,False
XLP,2002-11-04T00:00:00.000Z,11.229994621,0.0195390781533333,59.0446324525,64.690824290012,True,discovery,False,False,True,False,False,False
XLP,2002-11-05T00:00:00.000Z,11.3403631185,0.0083415112875373,59.5111330101,64.62827962473199,True,discovery,False,False,True,False,False,False
XLP,2002-11-06T00:00:00.000Z,11.2962157195,0.0173956262396663,60.2821556378,64.5668341210395,True,discovery,False,False,True,False,False,False
XLP,2002-11-07T00:00:00.000Z,11.2686235951,0.0103908955891187,58.8049065719,64.4968807670325,True,discovery,False,False,True,False,False,False
XLP,2002-11-08T00:00:00.000Z,11.1968840718,-0.0073385518566231,58.0857192112,64.423427610862,True,discovery,False,False,True,False,False,False
XLP,2002-11-11T00:00:00.000Z,11.1637735225,-0.0264677574561074,57.185115219,64.3444780167435,True,discovery,False,False,True,False,False,False
XLP,2002-11-12T00:00:00.000Z,10.83266803,-0.0634541984732494,57.6386548541,64.2792685766905,True,discovery,False,False,True,False,False,False
XLP,2002-11-13T00:00:00.000Z,10.9927023514,-0.0292397660808384,57.6969699344,64.2092553934455,True,discovery,False,False,True,False,False,False
XLP,2002-11-14T00:00:00.000Z,11.141699823,-0.0203784570633145,58.7854697236,64.14048669953699,True,discovery,False,False,True,False,False,False
XLP,2002-11-15T00:00:00.000Z,11.2189577713,-0.0249400479607095,59.2195731582,64.0755869516505,True,discovery,False,False,True,False,False,False
XLP,2002-11-18T00:00:00.000Z,11.1692919474,-0.0528778661677388,58.6234905883,64.016679669249,True,discovery,False,False,True,False,False,False
XLP,2002-11-19T00:00:00.000Z,11.2355130459,-0.0304761904751386,58.5457393075,63.9595627549255,True,discovery,False,False,True,False,False,False
XLP,2002-11-20T00:00:00.000Z,11.2244761961,-0.0314285714318012,59.8480528511,63.91046357109351,True,discovery,False,False,True,False,False,False
XLP,2002-11-21T00:00:00.000Z,11.0865155743,-0.0289995166736426,60.9624647665,63.869115571321,True,discovery,False,False,True,False,False,False
XLP,2002-11-22T00:00:00.000Z,11.0865155743,-0.0355256841039488,60.5283619797,63.818963549527,True,discovery,False,False,True,False,False,False
XLP,2002-11-25T00:00:00.000Z,11.0147760509,-0.0201276386858026,60.5672402118,63.7646796966495,True,discovery,False,False,True,False,False,False
XLP,2002-11-26T00:00:00.000Z,10.9430365275,-0.0401742497545604,59.413944881,63.705750994535,True,discovery,False,False,True,False,False,False
XLP,2002-11-27T00:00:00.000Z,11.097552424,-0.0308433734929658,61.085570853,63.65139899718,True,discovery,False,False,True,False,False,False
XLP,2002-11-29T00:00:00.000Z,11.0313313255,-0.0277237354097864,60.8911984824,63.59674809968101,True,discovery,False,False,True,False,False,False
XLP,2002-12-02T00:00:00.000Z,10.9430365275,-0.0475504322730325,60.988382076,63.546332492893,True,discovery,False,False,True,False,False,False
XLP,2002-12-03T00:00:00.000Z,11.009257626,-0.0196560196553632,60.1720111217,63.49866080870149,True,discovery,False,False,True,False,False,False
XLP,2002-12-04T00:00:00.000Z,11.1748103723,-0.0145985401410936,59.8998822869,63.44376409103,True,discovery,False,False,True,False,False,False
XLP,2002-12-05T00:00:00.000Z,11.0644418748,-0.0205178309670469,59.2390093586,63.392901508439,True,discovery,False,False,True,False,False,False
XLP,2002-12-06T00:00:00.000Z,11.1527366728,-0.0102840352525743,59.6277586354,63.339688527982,True,discovery,False,False,True,False,False,False
XLP,2002-12-09T00:00:00.000Z,11.1196261235,-0.0068999507188413,57.9885304342,63.27247909629101,True,discovery,False,False,True,False,False,False
XLP,2002-12-10T00:00:00.000Z,11.2686235951,0.0093919920883991,58.7660283398,63.20989419812,True,discovery,False,False,True,False,False,False
XLP,2002-12-11T00:00:00.000Z,11.2024024966,0.0341314314789353,58.817862959,63.146190494064506,True,discovery,False,False,True,False,False,False
XLP,2002-12-12T00:00:00.000Z,11.1306629733,0.0125502008050304,58.8113824977,63.0840566851165,True,discovery,False,False,True,False,False,False
XLP,2002-12-13T00:00:00.000Z,11.1361813981,-0.0004952947025738,57.8848611959,63.0089903818755,True,discovery,False,False,True,False,False,False
XLP,2002-12-16T00:00:00.000Z,11.1913656469,-0.0024594195791149,59.3815522935,62.934966292111,True,discovery,False,False,True,False,False,False
XLP,2002-12-17T00:00:00.000Z,11.0754787245,-0.0083992094881034,58.8632164689,62.8595362329235,True,discovery,False,False,True,False,False,False
XLP,2002-12-18T00:00:00.000Z,11.0589234499,-0.0157170923373578,58.1829073403,62.77631432356599,True,discovery,False,False,True,False,False,False
XLP,2002-12-19T00:00:00.000Z,10.9154444031,-0.0275319567346379,57.7682414019,62.691820233223,True,discovery,False,False,True,False,False,False
XLP,2002-12-20T00:00:00.000Z,11.1004661523,0.0012583374737089,58.5883961888,62.60985667175851,True,discovery,False,False,True,False,False,False
XLP,2002-12-23T00:00:00.000Z,11.1337509084,0.0042606113510992,58.6079271738,62.52718961651251,True,discovery,False,False,True,False,False,False
XLP,2002-12-24T00:00:00.000Z,11.1337509084,0.0108013868779728,58.1717212872,62.4425658534715,True,discovery,False,False,True,False,False,False
XLP,2002-12-26T00:00:00.000Z,11.1282034491,0.016920981770889,58.1977641196,62.36169348713301,True,discovery,False,False,True,False,False,False
XLP,2002-12-27T00:00:00.000Z,11.0394440995,-0.0052361387700526,56.8891432047,62.274790764211005,True,discovery,False,False,True,False,False,False
XLP,2002-12-30T00:00:00.000Z,11.1060136117,0.0067700156940591,57.3644156186,62.186736192522496,True,discovery,False,False,True,False,False,False
XLP,2002-12-31T00:00:00.000Z,11.0616339369,0.0108377057046242,57.4425434647,62.09900799917,True,discovery,False,False,True,False,False,False
XLP,2003-01-02T00:00:00.000Z,11.2724373921,0.0239053145126209,59.2915363874,62.018018097418,True,discovery,False,False,True,False,False,False
XLP,2003-01-03T00:00:00.000Z,11.2613424734,0.0077434961504576,59.4738303547,61.9450419115975,True,discovery,False,False,True,False,False,False
XLP,2003-01-06T00:00:00.000Z,11.3445543636,0.02531645897458,60.5220288051,61.877146024014,True,discovery,False,False,True,False,False,False
XLP,2003-01-07T00:00:00.000Z,11.2447000953,0.0082458167172805,60.3722888665,61.809304858605,True,discovery,False,False,True,False,False,False
XLP,2003-01-08T00:00:00.000Z,11.1781305832,0.0052613693167575,59.4998731871,61.741697187881,True,discovery,False,False,True,False,False,False
XLP,2003-01-09T00:00:00.000Z,11.2890797701,0.0018153215277239,60.424369974,61.676590980216,True,discovery,False,False,True,False,False,False
XLP,2003-01-10T00:00:00.000Z,11.3223645262,0.0107085984132786,60.5871336074,61.61133447483599,True,discovery,False,False,True,False,False,False
XLP,2003-01-13T00:00:00.000Z,11.3501018229,0.0197148049605297,60.5676026224,61.546141008545504,True,discovery,False,False,True,False,False,False
XLP,2003-01-14T00:00:00.000Z,11.383386579,0.0221983795039633,60.7629209357,61.481763439807,True,discovery,False,False,True,False,False,False
XLP,2003-01-15T00:00:00.000Z,11.2724373921,0.0072441333576174,60.1574402194,61.416383084166,True,discovery,False,False,True,False,False,False
XLP,2003-01-16T00:00:00.000Z,11.4388611725,0.0328096380336286,59.9100362413,61.352336668251,True,discovery,False,False,True,False,False,False
XLP,2003-01-17T00:00:00.000Z,11.3722916603,0.0283362310824959,59.0246066328,61.285373540618,True,discovery,False,False,True,False,False,False
XLP,2003-01-21T00:00:00.000Z,11.2890797701,0.0342299729815753,58.106617136,61.21375617889699,True,discovery,False,False,True,False,False,False
XLP,2003-01-22T00:00:00.000Z,11.1559407458,0.0049975012525493,57.4034769374,61.1378518376175,True,discovery,False,False,True,False,False,False
XLP,2003-01-23T00:00:00.000Z,11.078276315,-0.0049825610305459,57.7550470367,61.06624416314949,True,discovery,False,False,True,False,False,False
XLP,2003-01-24T00:00:00.000Z,10.8341881037,-0.0269058295954861,56.238088671,60.982970297698,True,discovery,False,False,True,False,False,False
XLP,2003-01-27T00:00:00.000Z,10.6899541607,-0.0393818544389971,55.4698443212,60.904917834872,True,discovery,False,False,True,False,False,False
XLP,2003-01-28T00:00:00.000Z,10.7232389168,-0.0286432160759183,55.8800119327,60.826248843076,True,discovery,False,False,True,False,False,False
XLP,2003-01-29T00:00:00.000Z,10.7232389168,-0.0344655344647474,56.3031980307,60.752427409692,True,discovery,False,False,True,False,False,False
XLP,2003-01-30T00:00:00.000Z,10.4125811934,-0.0586760280807029,54.9685342834,60.663480669167,True,discovery,False,False,True,False,False,False
XLP,2003-01-31T00:00:00.000Z,10.6844067014,-0.0521653543280804,56.0297518713,60.580611295147,True,discovery,False,False,True,False,False,False
XLP,2003-02-03T00:00:00.000Z,10.7232389168,-0.0477832512305734,56.1404343973,60.49987003418951,True,discovery,False,False,True,False,False,False
XLP,2003-02-04T00:00:00.000Z,10.7287863761,-0.0542787286097147,55.5870341373,60.415044172924,True,discovery,False,False,True,False,False,False
XLP,2003-02-05T00:00:00.000Z,10.6511219453,-0.0527873704918196,55.2419758854,60.334534743201495,True,discovery,False,False,True,False,False,False
XLP,2003-02-06T00:00:00.000Z,10.5679100551,-0.0545905707182488,54.9815534209,60.254265780783,True,discovery,False,False,True,False,False,False
XLP,2003-02-07T00:00:00.000Z,10.4957930836,-0.0702702702660567,54.3109679022,60.174211061366506,True,discovery,False,False,True,False,False,False
XLP,2003-02-10T00:00:00.000Z,10.5679100551,-0.0666340029376538,54.6950926813,60.0958841542385,True,discovery,False,False,True,False,False,False
XLP,2003-02-11T00:00:00.000Z,10.3682015186,-0.0865102639272288,54.3174797496,60.0223536588165,True,discovery,False,False,True,False,False,False
XLP,2003-02-12T00:00:00.000Z,10.3682015186,-0.0891812865490141,53.4515759177,59.946196892167,True,discovery,False,False,True,False,False,False
XLP,2003-02-13T00:00:00.000Z,10.3792964373,-0.0792322834656801,53.6143395511,59.8676402562145,True,discovery,False,False,True,False,False,False
XLP,2003-02-14T00:00:00.000Z,10.5679100551,-0.0761396702229274,54.786240316,59.79070105984,True,discovery,False,False,True,False,False,False
XLP,2003-02-18T00:00:00.000Z,10.6400270266,-0.064390243899239,55.7497977707,59.71992939304901,True,discovery,False,False,True,False,False,False
XLP,2003-02-19T00:00:00.000Z,10.5568151364,-0.0648648648616568,55.4568251837,59.6514850145375,True,discovery,False,False,True,False,False,False
XLP,2003-02-20T00:00:00.000Z,10.4514134088,-0.0631526603675481,54.9034301321,59.58705454454301,True,discovery,False,False,True,False,False,False
XLP,2003-02-21T00:00:00.000Z,10.5124354616,-0.0510766149273466,55.4568251837,59.526580123811,True,discovery,False,False,True,False,False,False
XLP,2003-02-24T00:00:00.000Z,10.3682015186,-0.0430107526876759,54.5583718803,59.449047905700496,True,discovery,False,False,True,False,False,False
XLP,2003-02-25T00:00:00.000Z,10.4458659495,-0.0228334198192685,54.9945771158,59.377745966407,True,discovery,False,False,True,False,False,False
XLP,2003-02-26T00:00:00.000Z,10.390391356,-0.0310398344551038,54.1937780861,59.308963814315,True,discovery,False,False,True,False,False,False
XLP,2003-02-27T00:00:00.000Z,10.4014862747,-0.0300051733059787,54.9099367711,59.236853021160506,True,discovery,False,False,True,False,False,False
XLP,2003-02-28T00:00:00.000Z,10.3571065999,-0.0053276505094781,55.2745312163,59.159013041105,True,discovery,False,False,True,False,False,False
XLP,2003-03-03T00:00:00.000Z,10.2738947097,-0.0384215991746373,54.7471731377,59.0799181562685,True,discovery,False,False,True,False,False,False
XLP,2003-03-04T00:00:00.000Z,10.1851353602,-0.0501810656999311,53.8747626667,58.9946294172195,True,discovery,False,False,True,False,False,False
XLP,2003-03-05T00:00:00.000Z,10.1074709293,-0.05791106514937,54.3304988871,58.90988396482499,True,discovery,False,False,True,False,False,False
XLP,2003-03-06T00:00:00.000Z,10.0409014172,-0.0572916666651507,53.8747626667,58.8267162723605,True,discovery,False,False,True,False,False,False
XLP,2003-03-07T00:00:00.000Z,10.0519963359,-0.0488188976353961,54.2458637509,58.74861777278699,True,discovery,False,False,True,False,False,False
XLP,2003-03-10T00:00:00.000Z,9.8855725555,-0.05813953488217,52.9437546834,58.663237426815,True,discovery,False,False,True,False,False,False
XLP,2003-03-11T00:00:00.000Z,9.9854268237,-0.0551181102377852,52.4229091033,58.571524988332,True,discovery,False,False,True,False,False,False
XLP,2003-03-12T00:00:00.000Z,10.0630912545,-0.0294275013417368,52.7744792026,58.4861016868235,True,discovery,False,False,True,False,False,False
XLP,2003-03-13T00:00:00.000Z,10.2849896284,-0.0080256821832331,54.5974338502,58.411689247015005,True,discovery,False,False,True,False,False,False
XLP,2003-03-14T00:00:00.000Z,10.2683472504,-0.0106894708683031,54.7732159701,58.340726651713005,True,discovery,False,False,True,False,False,False
XLP,2003-03-17T00:00:00.000Z,10.5623625957,-0.0005249343882638,56.4985117866,58.2793546513755,True,discovery,False,False,True,False,False,False
XLP,2003-03-18T00:00:00.000Z,10.4846981649,-0.0145985401457796,56.8305509009,58.2189358321525,True,discovery,False,False,True,False,False,False
XLP,2003-03-19T00:00:00.000Z,10.662216864,0.0099842354193144,57.2667561364,58.1698570419685,True,discovery,False,False,True,False,False,False
XLP,2003-03-20T00:00:00.000Z,10.6511219453,0.0191082802572757,57.390458451,58.120561223897504,True,discovery,False,False,True,False,False,False
XLP,2003-03-21T00:00:00.000Z,10.8700857131,0.0340216358812788,58.6107794437,58.07421758421499,True,discovery,False,True,True,False,True,False
XLP,2003-03-24T00:00:00.000Z,10.5800680338,0.0204342590004567,56.6629720143,58.025044341873,True,discovery,False,False,True,False,False,False
XLP,2003-03-25T00:00:00.000Z,10.5856452968,0.013381307780107,57.2054795973,57.9789692895835,True,discovery,False,False,True,False,False,False
XLP,2003-03-26T00:00:00.000Z,10.5466044554,0.0150343807126951,56.9178867516,57.93017079165,True,discovery,False,False,True,False,False,False
XLP,2003-03-27T00:00:00.000Z,10.5689135076,0.016096472030852,56.9636406788,57.887321423835004,True,discovery,False,False,True,False,False,False
XLP,2003-03-28T00:00:00.000Z,10.4573682463,0.0096804687132376,56.676042604,57.841041569774,True,discovery,False,False,True,False,False,False
XLP,2003-03-31T00:00:00.000Z,10.3569775112,0.008086787323366,55.3883957133,57.7916335761395,True,discovery,False,False,True,False,False,False
XLP,2003-04-01T00:00:00.000Z,10.3235139328,0.013586326318326,56.2381134652,57.746956227599,True,discovery,False,False,True,False,False,False
XLP,2003-04-02T00:00:00.000Z,10.5410271923,0.0428946336855826,57.597660038,57.700335378790506,True,discovery,False,False,True,False,False,False
XLP,2003-04-03T00:00:00.000Z,10.4685227725,0.0425879448002035,57.323132553,57.649610264635,True,discovery,False,False,True,False,False,False
XLP,2003-04-04T00:00:00.000Z,10.513140877,0.0458759161553863,57.6630214839,57.60845814228999,True,discovery,False,True,True,False,True,False
XLP,2003-04-07T00:00:00.000Z,10.4573682463,0.0578414338258912,57.5519061108,57.570960367237504,True,discovery,True,False,True,True,False,False
XLP,2003-04-08T00:00:00.000Z,10.5800680338,0.0595509055946055,57.6434133116,57.5389869242645,True,discovery,True,True,True,True,True,True
XLP,2003-04-09T00:00:00.000Z,10.4964090878,0.0430601116834978,56.8852034141,57.5015453533655,True,discovery,False,False,True,False,False,False
XLP,2003-04-10T00:00:00.000Z,10.5298726662,0.023809750582908,57.1989465901,57.4728967967905,True,discovery,False,False,True,False,False,False
XLP,2003-04-11T00:00:00.000Z,10.5521817184,0.0276416896583764,56.9636406788,57.442555680818,True,discovery,False,False,True,False,False,False
XLP,2003-04-14T00:00:00.000Z,10.7362313996,0.0164611659867446,58.1401669674,57.412582233994,True,discovery,False,True,True,False,True,False
XLP,2003-04-15T00:00:00.000Z,10.775272241,0.0277141097940964,58.6826791258,57.386837160423504,True,discovery,False,True,True,False,True,False
XLP,2003-04-16T00:00:00.000Z,10.4685227725,-0.0181663995368532,57.6826296562,57.3623163327525,True,discovery,False,True,True,False,True,False
XLP,2003-04-17T00:00:00.000Z,10.6525724536,0.000136183615909,58.5388804152,57.3487205120585,True,discovery,False,True,True,False,True,False
XLP,2003-04-21T00:00:00.000Z,10.5744907707,-0.0271934325268259,58.5977095076,57.3336772655425,True,discovery,False,True,True,False,True,False
XLP,2003-04-22T00:00:00.000Z,10.7641177149,0.0173958882411737,59.7023361141,57.311901686026005,True,discovery,False,True,True,False,True,False
XLP,2003-04-23T00:00:00.000Z,10.7418086626,0.0147523709156596,60.2513858551,57.296870505048,True,discovery,False,True,True,False,True,False
XLP,2003-04-24T00:00:00.000Z,10.6693042428,0.0116340560527208,59.7154119328,57.287125522215,True,discovery,False,True,True,False,True,False
XLP,2003-04-25T00:00:00.000Z,10.5075636139,-0.0058047493392658,58.9768141295,57.284910972842006,True,discovery,False,True,True,False,True,False
XLP,2003-04-28T00:00:00.000Z,10.6581497167,0.0192000000067933,59.9964717714,57.285375867152,True,discovery,False,True,True,False,True,False
XLP,2003-04-29T00:00:00.000Z,10.7529631888,0.0382337102858225,60.2056325815,57.290176210194,True,discovery,False,True,True,False,True,False
XLP,2003-04-30T00:00:00.000Z,10.6637269797,0.0329551593686594,60.0749090361,57.292742630202,True,discovery,False,True,True,False,True,False
XLP,2003-05-01T00:00:00.000Z,10.6525724536,0.0105820105825626,60.0683714535,57.301017080189006,True,discovery,False,True,True,False,True,False
XLP,2003-05-02T00:00:00.000Z,10.7362313996,0.0255727224287316,60.9246215589,57.312992258017005,True,discovery,False,True,True,False,True,False
XLP,2003-05-05T00:00:00.000Z,10.6693042428,0.0148541114046749,60.8069686032,57.33386102548349,True,discovery,False,True,True,False,True,False
XLP,2003-05-06T00:00:00.000Z,10.7250768735,0.0256000000090579,61.3821640991,57.3675714227785,True,discovery,False,True,True,False,True,False
XLP,2003-05-07T00:00:00.000Z,10.7529631888,0.0163415919867107,61.0422745146,57.407677444949,True,discovery,False,True,True,False,True,False
XLP,2003-05-08T00:00:00.000Z,10.7027678212,0.0196599362385609,60.4278633277,57.4519679447635,True,discovery,False,True,True,False,True,False
XLP,2003-05-09T00:00:00.000Z,10.8366221347,0.0291313559265196,61.2645104898,57.485057816300994,True,discovery,False,True,True,False,True,False
XLP,2003-05-12T00:00:00.000Z,10.9314356068,0.0359408033827439,62.0161782293,57.52422812050649,True,discovery,False,True,True,False,True,False
XLP,2003-05-13T00:00:00.000Z,10.8812402393,0.0135064935080855,61.9050628562,57.557682652640494,True,discovery,False,True,True,False,True,False
XLP,2003-05-14T00:00:00.000Z,10.7975812933,0.0020703933785648,61.7743393107,57.5770347947065,True,discovery,False,True,True,False,True,False
XLP,2003-05-15T00:00:00.000Z,10.8812402393,0.0394246137462848,62.166515176,57.5945744025125,True,discovery,False,True,True,False,True,False
XLP,2003-05-16T00:00:00.000Z,10.8198903456,0.015706806288227,62.0096458757,57.610620129639,True,discovery,False,True,True,False,True,False
XLP,2003-05-19T00:00:00.000Z,10.7139223473,0.0131856540067478,60.5585921021,57.6270864039865,True,discovery,False,True,True,False,True,False
XLP,2003-05-20T00:00:00.000Z,10.7808495041,0.0015544041456216,60.4344009103,57.649349716734,True,discovery,False,True,True,False,True,False
XLP,2003-05-21T00:00:00.000Z,10.8645084501,0.0114226375980059,60.5585921021,57.681973878967,True,discovery,False,True,True,False,True,False
XLP,2003-05-22T00:00:00.000Z,11.0095172898,0.0318870883478261,61.1599281239,57.7085098691155,True,discovery,False,True,True,False,True,False
XLP,2003-05-23T00:00:00.000Z,10.9537446591,0.0424628450128787,61.2841186621,57.73079686519149,True,discovery,False,True,True,False,True,False
XLP,2003-05-27T00:00:00.000Z,11.0597126573,0.0376766090994951,62.3560678138,57.7492520010515,True,discovery,False,True,True,False,True,False
XLP,2003-05-28T00:00:00.000Z,11.1266398141,0.034751037340964,62.5325446328,57.76749296525399,True,discovery,False,True,True,False,True,False
XLP,2003-05-29T00:00:00.000Z,11.0708671835,0.0381799163252261,62.3691377499,57.7870777230355,True,discovery,False,True,True,False,True,False
XLP,2003-05-30T00:00:00.000Z,11.1879897078,0.050261780103552,63.3691872195,57.816984192573,True,discovery,True,True,True,True,True,True
XLP,2003-06-02T00:00:00.000Z,11.1656806556,0.0400000000014901,63.6306388857,57.8377162608275,True,discovery,False,True,True,False,True,False
XLP,2003-06-03T00:00:00.000Z,11.2772259169,0.0569785676990368,63.8920912056,57.855627432582,True,discovery,True,True,True,True,True,True
XLP,2003-06-04T00:00:00.000Z,11.3608848628,0.0592823712873316,64.8137086395,57.8790497235705,True,discovery,True,True,True,True,True,True
XLP,2003-06-05T00:00:00.000Z,11.372039389,0.0575726141092729,65.1339848227,57.8970426174935,True,discovery,True,True,True,True,True,True
XLP,2003-06-06T00:00:00.000Z,11.3329985475,0.0588848358507452,64.8790700854,57.91701832470099,True,discovery,True,True,True,True,True,True
XLP,2003-06-09T00:00:00.000Z,11.3106894953,0.0437467833340783,64.2189049714,57.92930703170551,True,discovery,False,True,True,False,True,False
XLP,2003-06-10T00:00:00.000Z,11.3441530736,0.0377551020419737,64.8725325029,57.941864509155,True,discovery,False,True,True,False,True,False
XLP,2003-06-11T00:00:00.000Z,11.4278120196,0.0502306509441758,65.5588433718,57.964561809552,True,discovery,True,True,True,True,True,True
XLP,2003-06-12T00:00:00.000Z,11.4668528611,0.06198347107748,65.7614665994,57.98614363000351,True,discovery,True,True,True,True,True,True
XLP,2003-06-13T00:00:00.000Z,11.3553075998,0.0435674013324143,65.0751557304,58.00784152829849,True,discovery,False,True,True,False,True,False
XLP,2003-06-16T00:00:00.000Z,11.5839753854,0.07061855669459,66.4477774683,58.0430463142655,True,discovery,True,True,True,True,True,True
XLP,2003-06-17T00:00:00.000Z,11.5114709656,0.0744403956316697,66.4477774683,58.078122091966,True,discovery,True,True,True,True,True,True
XLP,2003-06-18T00:00:00.000Z,11.4947391764,0.0662183135038201,66.388948376,58.114064769577496,True,discovery,True,True,True,True,True,True
XLP,2003-06-19T00:00:00.000Z,11.3664621259,0.0462012320304632,65.3758237413,58.1562297651385,True,discovery,False,True,True,False,True,False
XLP,2003-06-20T00:00:00.000Z,11.3674548787,0.032511651462832,65.2321923593,58.19361293853501,True,discovery,False,True,True,False,True,False
XLP,2003-06-23T00:00:00.000Z,11.3058274743,0.0321426896606997,64.5630743405,58.23010162407451,True,discovery,False,True,True,False,True,False
XLP,2003-06-24T00:00:00.000Z,11.4290822832,0.0333977597199321,64.628673233,58.2629836470885,True,discovery,False,True,True,False,True,False
XLP,2003-06-25T00:00:00.000Z,11.266610035,0.012579738648736,63.9792390146,58.29048990292699,True,discovery,False,True,True,False,True,False
XLP,2003-06-26T00:00:00.000Z,11.3394424221,0.0242596387571412,64.8123559048,58.318807634716,True,discovery,False,True,True,False,True,False
XLP,2003-06-27T00:00:00.000Z,11.2778150177,0.0080287265403342,64.0645217077,58.345224517359,True,discovery,False,True,True,False,True,False
XLP,2003-06-30T00:00:00.000Z,11.2946224916,0.0115480497765563,64.0448372512,58.376961189458505,True,discovery,False,True,True,False,True,False
XLP,2003-07-01T00:00:00.000Z,11.389864844,0.009988176873463,64.6352344998,58.410940316848,True,discovery,False,True,True,False,True,False
XLP,2003-07-02T00:00:00.000Z,11.4626972311,0.0089616583153107,65.4486675895,58.4482770787335,True,discovery,False,True,True,False,True,False
XLP,2003-07-03T00:00:00.000Z,11.3954673353,0.0020601358734881,64.7729928957,58.48887921710651,True,discovery,False,True,True,False,True,False
XLP,2003-07-07T00:00:00.000Z,11.479504705,0.0129273957713793,66.0587433907,58.53874823499101,True,discovery,False,True,True,False,True,False
XLP,2003-07-08T00:00:00.000Z,11.4907096877,0.0159159344330692,66.353944639,58.597349792696,True,discovery,False,True,True,False,True,False
XLP,2003-07-09T00:00:00.000Z,11.3394424221,-0.0004152492891658,65.9800272125,58.6539911340015,True,discovery,False,True,True,False,True,False
XLP,2003-07-10T00:00:00.000Z,11.2946224916,-0.0116548581453356,65.1403536474,58.708669400111006,True,discovery,False,True,True,False,True,False
XLP,2003-07-11T00:00:00.000Z,11.37305737,-0.0081797065189691,65.7569861235,58.7708042846915,True,discovery,False,True,True,False,True,False
XLP,2003-07-14T00:00:00.000Z,11.3450449135,-0.0009037788020977,66.0784271912,58.8279376258905,True,discovery,False,True,True,False,True,False
XLP,2003-07-15T00:00:00.000Z,11.4066723179,-0.0153058912507243,65.9341075285,58.879878728444,True,discovery,False,True,True,False,True,False
XLP,2003-07-16T00:00:00.000Z,11.2890200003,-0.0193242867019126,65.5470675683,58.939538597379006,True,discovery,False,True,True,False,True,False
XLP,2003-07-17T00:00:00.000Z,11.2498025611,-0.0213085840001383,64.6155552913,58.997650901087,True,discovery,False,True,True,False,True,False
XLP,2003-07-18T00:00:00.000Z,11.3506474048,-0.0013913494739901,65.2781120433,59.046344428521,True,discovery,False,True,True,False,True,False
XLP,2003-07-21T00:00:00.000Z,11.2554050524,-0.0098570724489925,64.4712356285,59.0993292981955,True,discovery,False,True,True,False,True,False
XLP,2003-07-22T00:00:00.000Z,11.37305737,0.0059464816576075,65.0550709544,59.157954606930495,True,discovery,False,True,True,False,True,False
XLP,2003-07-23T00:00:00.000Z,11.3226349482,-0.0093137254910196,65.1009906383,59.22170126777301,True,discovery,False,True,True,False,True,False
XLP,2003-07-24T00:00:00.000Z,11.2442000698,-0.0019890601636501,64.6089940244,59.288398068102,True,discovery,False,True,True,False,True,False
XLP,2003-07-25T00:00:00.000Z,11.3338399308,-0.0004940711448986,65.7504294486,59.3567849435595,True,discovery,False,True,True,False,True,False
XLP,2003-07-28T00:00:00.000Z,11.266610035,-0.0009935419833021,65.5077098071,59.4313120897495,True,discovery,False,True,True,False,True,False
XLP,2003-07-29T00:00:00.000Z,11.2049826306,-0.0079365079325729,65.2059525399,59.49613430859749,True,discovery,False,True,True,False,True,False
XLP,2003-07-30T00:00:00.000Z,11.2778150177,-0.0098376783073967,65.0485149355,59.548733589795,True,discovery,False,True,True,False,True,False
XLP,2003-07-31T00:00:00.000Z,11.2778150177,-0.0161290322576423,65.1993906171,59.6005646682055,True,discovery,False,True,True,False,True,False
XLP,2003-08-01T00:00:00.000Z,11.1657651914,-0.0201573254646999,64.6221165581,59.63632427470851,True,discovery,False,True,True,False,True,False
XLP,2003-08-04T00:00:00.000Z,11.2105851219,-0.0234260614905162,64.6221165581,59.6790489645915,True,discovery,False,True,True,False,True,False
XLP,2003-08-05T00:00:00.000Z,11.0761253303,-0.0360799610004753,63.2510833701,59.709346425718,True,discovery,False,True,True,False,True,False
XLP,2003-08-06T00:00:00.000Z,11.1433552261,-0.0172924901155487,63.6184441218,59.7402820385225,True,discovery,False,True,True,False,True,False
XLP,2003-08-07T00:00:00.000Z,11.2385975785,-0.0049603174556446,64.2875575487,59.7696066601615,True,discovery,False,True,True,False,True,False
XLP,2003-08-08T00:00:00.000Z,11.3058274743,-0.0059113300419411,64.4712356285,59.8019554041975,True,discovery,False,True,True,False,True,False
XLP,2003-08-11T00:00:00.000Z,11.2890200003,-0.0049382716090734,64.713955926,59.833314833481,True,discovery,False,True,True,False,True,False
XLP,2003-08-12T00:00:00.000Z,11.3786598614,-0.0024557956711039,65.3043525187,59.873587064948495,True,discovery,False,True,True,False,True,False
XLP,2003-08-13T00:00:00.000Z,11.3394424221,0.0044665012373668,64.9697935093,59.906225682148495,True,discovery,False,True,True,False,True,False
XLP,2003-08-14T00:00:00.000Z,11.4010698266,0.0134462151383045,65.1469103223,59.941661224252,True,discovery,False,True,True,False,True,False
XLP,2003-08-15T00:00:00.000Z,11.4402872658,0.0078973346456072,65.3502722027,59.981482745011,True,discovery,False,True,True,False,True,False
XLP,2003-08-18T00:00:00.000Z,11.4626972311,0.0184171229498131,65.9144283199,60.021339005229,True,discovery,False,True,True,False,True,False
XLP,2003-08-19T00:00:00.000Z,11.4010698266,0.0024630541892711,66.1637052923,60.06538968029,True,discovery,False,True,True,False,True,False
XLP,2003-08-20T00:00:00.000Z,11.3618523874,0.0034636318647927,65.8947445194,60.1024262817515,True,discovery,False,True,True,False,True,False
XLP,2003-08-21T00:00:00.000Z,11.4010698266,0.0139511708993267,66.1046630747,60.1377264348625,True,discovery,False,True,True,False,True,False
XLP,2003-08-22T00:00:00.000Z,11.3002249829,-0.0029658922399857,65.4486675895,60.16741410775951,True,discovery,False,True,True,False,True,False
XLP,2003-08-25T00:00:00.000Z,11.3674548787,0.0089507707630533,65.5536288351,60.193771473746,True,discovery,False,True,True,False,True,False
XLP,2003-08-26T00:00:00.000Z,11.3842623527,0.0160000000009281,65.6717086784,60.228105484278494,True,discovery,False,True,True,False,True,False
XLP,2003-08-27T00:00:00.000Z,11.4290822832,0.0134128166903422,65.691387231,60.26613382437751,True,discovery,False,True,True,False,True,False
XLP,2003-08-28T00:00:00.000Z,11.4626972311,0.0163934426225147,66.0981063998,60.3106987802815,True,discovery,False,True,True,False,True,False
XLP,2003-08-29T00:00:00.000Z,11.4682997224,0.0270948319093271,66.5441833297,60.3552264226595,True,discovery,False,True,True,False,True,False
XLP,2003-09-02T00:00:00.000Z,11.5971570227,0.0344827586246883,67.4363378456,60.4039232622155,True,discovery,False,True,True,False,True,False
XLP,2003-09-03T00:00:00.000Z,11.6251694792,0.0495700556401277,67.8036940053,60.449014383624,True,discovery,False,True,True,False,True,False
XLP,2003-09-04T00:00:00.000Z,11.6811943924,0.0482654600331029,67.8364957475,60.492098996570505,True,discovery,False,True,True,False,True,False
XLP,2003-09-05T00:00:00.000Z,11.5579395834,0.0284147557263654,67.4560170541,60.5362616288995,True,discovery,False,True,True,False,True,False
XLP,2003-09-08T00:00:00.000Z,11.5915545313,0.0252725470691557,68.0136119046,60.58360099188501,True,discovery,False,True,True,False,True,False
XLP,2003-09-09T00:00:00.000Z,11.4626972311,0.0153846153869321,67.5675349746,60.6221984025025,True,discovery,False,True,True,False,True,False
XLP,2003-09-10T00:00:00.000Z,11.4570947398,0.0068931560794849,66.885299014,60.65181257374001,True,discovery,False,True,True,False,True,False
XLP,2003-09-11T00:00:00.000Z,11.5187221442,0.0158102766808527,67.0820996276,60.6845812619795,True,discovery,False,True,True,False,True,False
XLP,2003-09-12T00:00:00.000Z,11.5467346008,0.0127764127766454,67.2067354898,60.717778738369496,True,discovery,False,True,True,False,True,False
XLP,2003-09-15T00:00:00.000Z,11.5355296182,0.0083251714041063,66.9705764591,60.75556189626,True,discovery,False,True,True,False,True,False
XLP,2003-09-16T00:00:00.000Z,11.5411321095,0.0068426197446089,67.948013668,60.789874110335006,True,discovery,False,True,True,False,True,False
XLP,2003-09-17T00:00:00.000Z,11.5971570227,0.017199017204728,67.816811291,60.824502174378,True,discovery,False,True,True,False,True,False
XLP,2003-09-18T00:00:00.000Z,11.6699894097,0.0271203155782691,68.6171264389,60.8626458961925,True,discovery,False,True,True,False,True,False
XLP,2003-09-19T00:00:00.000Z,11.6426716621,0.0211911547928873,68.2694881915,60.90313328154151,True,discovery,False,True,True,False,True,False
XLP,2003-09-22T00:00:00.000Z,11.5471016871,0.0218470609721119,67.5319412937,60.9412935765755,True,discovery,False,True,True,False,True,False
XLP,2003-09-23T00:00:00.000Z,11.6145628459,0.0217381964421097,67.7887661479,60.984042360522,True,discovery,False,True,True,False,True,False
XLP,2003-09-24T00:00:00.000Z,11.5133711077,0.0113409855641088,66.5836611602,61.018821873146,True,discovery,False,True,True,False,True,False
XLP,2003-09-25T00:00:00.000Z,11.5021275812,0.0063911778907543,66.0370824699,61.059064633324496,True,discovery,False,True,True,False,True,False
XLP,2003-09-26T00:00:00.000Z,11.474018765,0.0009876849812697,65.8197672574,61.0943333279125,True,discovery,False,True,True,False,True,False
XLP,2003-09-29T00:00:00.000Z,11.474018765,0.0004986826938984,66.4651256497,61.132569641366,True,discovery,False,True,True,False,True,False
XLP,2003-09-30T00:00:00.000Z,11.4234228959,-0.0149807514427834,65.8197672574,61.1676115651645,True,discovery,False,True,True,False,True,False
XLP,2003-10-01T00:00:00.000Z,11.6314281356,0.0005383711963251,67.2224329659,61.2142994240145,True,discovery,False,True,True,False,True,False
XLP,2003-10-02T00:00:00.000Z,11.6314281356,-0.0042603739932945,67.4660846469,61.254722085781495,True,discovery,False,True,True,False,True,False
XLP,2003-10-03T00:00:00.000Z,11.7213763474,0.0141406487566984,68.0851013024,61.30083150994899,True,discovery,False,True,True,False,True,False
XLP,2003-10-06T00:00:00.000Z,11.7607286901,0.0145946049206073,68.3946102887,61.351890024691,True,discovery,False,True,True,False,True,False
XLP,2003-10-07T00:00:00.000Z,11.8225680857,0.031394954201845,68.6580217296,61.4063389263295,True,discovery,False,True,True,False,True,False
XLP,2003-10-08T00:00:00.000Z,11.7888375062,0.0289552259044854,68.486803404,61.4558309624055,True,discovery,False,True,True,False,True,False
XLP,2003-10-09T00:00:00.000Z,11.8057027959,0.0249142785204261,68.6711902931,61.506147278002,True,discovery,False,True,True,False,True,False
XLP,2003-10-10T00:00:00.000Z,11.8000810327,0.0219409591247075,68.8621637688,61.55959949041,True,discovery,False,True,True,False,True,False
XLP,2003-10-13T00:00:00.000Z,11.8450551386,0.0268323631982747,69.0794789813,61.6140080647185,True,discovery,False,True,True,False,True,False
XLP,2003-10-14T00:00:00.000Z,11.9068945342,0.0316920750260647,69.3231306623,61.6761780020065,True,discovery,False,True,True,False,True,False
XLP,2003-10-15T00:00:00.000Z,11.8900292445,0.025253794634904,69.1387437732,61.7350496427795,True,discovery,False,True,True,False,True,False
XLP,2003-10-16T00:00:00.000Z,11.9068945342,0.020300371849788,69.4153290458,61.79491357068501,True,discovery,False,True,True,False,True,False
XLP,2003-10-17T00:00:00.000Z,11.8338116121,0.0164171897608529,68.6580217296,61.841745997396,True,discovery,False,True,True,False,True,False
XLP,2003-10-20T00:00:00.000Z,11.8394333754,0.0253164556978469,69.1716720966,61.89023520610551,True,discovery,False,True,True,False,True,False
XLP,2003-10-21T00:00:00.000Z,11.8225680857,0.0179090029095176,69.0531372445,61.9328907483025,True,discovery,False,True,True,False,True,False
XLP,2003-10-22T00:00:00.000Z,11.7663504533,0.0219726562475528,68.1838816629,61.9719487122845,True,discovery,False,True,True,False,True,False
XLP,2003-10-23T00:00:00.000Z,11.7663504533,0.0229716520039184,68.0587595657,62.0147431441775,True,discovery,False,True,True,False,True,False
XLP,2003-10-24T00:00:00.000Z,11.7551069268,0.0244977951977403,68.2102233996,62.05367241130551,True,discovery,False,True,True,False,True,False
XLP,2003-10-27T00:00:00.000Z,11.7494851636,0.0240078392969229,68.2431464548,62.091952475542506,True,discovery,False,True,True,False,True,False
XLP,2003-10-28T00:00:00.000Z,11.878785718,0.0398622047217944,69.1716720966,62.1349728229135,True,discovery,False,True,True,False,True,False
XLP,2003-10-29T00:00:00.000Z,11.9350033504,0.0260995650113553,69.2638652118,62.177477544294,True,discovery,False,True,True,False,True,False
XLP,2003-10-30T00:00:00.000Z,11.9181380607,0.0246495891783464,69.4087424592,62.223734055493,True,discovery,False,True,True,False,True,False
XLP,2003-10-31T00:00:00.000Z,11.9406251136,0.0187050359703391,69.3428904221,62.270898326397,True,discovery,False,True,True,False,True,False
XLP,2003-11-03T00:00:00.000Z,12.0474386151,0.0243785850821767,69.797270729,62.324761646878,True,discovery,False,True,True,False,True,False
XLP,2003-11-04T00:00:00.000Z,11.974355693,0.0128388017053244,69.6458121633,62.3824576220145,True,discovery,False,True,True,False,True,False
XLP,2003-11-05T00:00:00.000Z,11.9574904033,0.0143061516465301,69.6984903686,62.443932689170495,True,discovery,False,True,True,False,True,False
XLP,2003-11-06T00:00:00.000Z,12.0305733254,0.0190476190522173,70.067269415,62.505493801062,True,discovery,False,True,True,False,True,False
XLP,2003-11-07T00:00:00.000Z,12.0305733254,0.0195331110067182,69.5470324614,62.57203852001399,True,discovery,False,True,True,False,True,False
XLP,2003-11-10T00:00:00.000Z,11.996842746,0.0128144280988076,69.2638652118,62.64100862446699,True,discovery,False,True,True,False,True,False
XLP,2003-11-11T00:00:00.000Z,12.0080862724,0.0084985835651225,69.2441107202,62.7078291184045,True,discovery,False,True,True,False,True,False
XLP,2003-11-12T00:00:00.000Z,12.0980344842,0.0174940898312943,70.0211725281,62.7764189908915,True,discovery,False,True,True,False,True,False
XLP,2003-11-13T00:00:00.000Z,11.9574904033,0.0042492917825613,70.0409276782,62.8517809578655,True,discovery,False,True,True,False,True,False
XLP,2003-11-14T00:00:00.000Z,11.8900292445,0.0047505938274798,69.4482521009,62.918873459013504,True,discovery,False,True,True,False,True,False
XLP,2003-11-17T00:00:00.000Z,11.901272771,0.005223171890007,69.0992334729,62.9836674543915,True,discovery,False,True,True,False,True,False
XLP,2003-11-18T00:00:00.000Z,11.8562986651,0.0028530670456277,68.381436457,63.04763946599,True,discovery,False,True,True,False,True,False
XLP,2003-11-19T00:00:00.000Z,11.9181380607,0.0129001433369198,68.9609434707,63.1162343039165,True,discovery,False,True,True,False,True,False
XLP,2003-11-20T00:00:00.000Z,11.8338116121,0.0057333970348538,68.3419268152,63.183036170888,True,discovery,False,True,True,False,True,False
XLP,2003-11-21T00:00:00.000Z,11.8619204283,0.0090865614549604,68.6250934062,63.25460679840799,True,discovery,False,True,True,False,True,False
XLP,2003-11-24T00:00:00.000Z,12.0249515622,0.0234449760789006,69.5338586296,63.32880062814949,True,discovery,False,True,True,False,True,False
XLP,2003-11-25T00:00:00.000Z,12.0530603783,0.0146710837653987,69.797270729,63.4061995830465,True,discovery,False,True,True,False,True,False
XLP,2003-11-26T00:00:00.000Z,12.0361950886,0.008478568059774,70.0475142648,63.489179274782,True,discovery,False,True,True,False,True,False
XLP,2003-11-28T00:00:00.000Z,12.0811691945,0.0136792452788907,70.1001924701,63.571608539377,True,discovery,False,True,True,False,True,False
XLP,2003-12-01T00:00:00.000Z,12.0586821416,0.0098870056531241,70.8574991278,63.651964833436,True,discovery,False,True,True,False,True,False
XLP,2003-12-02T00:00:00.000Z,11.9518686401,-0.0079328044784735,70.6796994839,63.726614342002,True,discovery,False,True,True,False,True,False
XLP,2003-12-03T00:00:00.000Z,11.9574904033,-0.0014084507035195,70.5677512185,63.802168972176,True,discovery,False,True,True,False,True,False
XLP,2003-12-04T00:00:00.000Z,12.0080862724,0.0042313117045058,70.8574991278,63.88193931715449,True,discovery,False,True,True,False,True,False
XLP,2003-12-05T00:00:00.000Z,11.9687339298,-0.0051401869160665,70.363603911,63.956473210791,True,discovery,False,True,True,False,True,False
XLP,2003-12-08T00:00:00.000Z,11.996842746,-0.0028037383163431,70.8377446362,64.03787007457049,True,discovery,False,True,True,False,True,False
XLP,2003-12-09T00:00:00.000Z,11.9518686401,-0.0037488284919793,70.2911659459,64.11435301872099,True,discovery,False,True,True,False,True,False
XLP,2003-12-10T00:00:00.000Z,11.9631121666,-0.0037453183446366,70.2845839689,64.194807048135,True,discovery,False,True,True,False,True,False
XLP,2003-12-11T00:00:00.000Z,11.9574904033,-0.0116171003714322,71.0748143403,64.275631435981,True,discovery,False,True,True,False,True,False
XLP,2003-12-12T00:00:00.000Z,12.0361950886,0.0065820404320189,71.2131043425,64.355324301612,True,discovery,False,True,True,False,True,False
XLP,2003-12-15T00:00:00.000Z,11.9574904033,0.0056737588623849,70.8574991278,64.4358759315625,True,discovery,False,True,True,False,True,False
XLP,2003-12-16T00:00:00.000Z,12.0755474313,0.01464336324806,71.2262781743,64.5226335091005,True,discovery,False,True,True,False,True,False
XLP,2003-12-17T00:00:00.000Z,12.0643039048,0.0175438596458672,71.4501747051,64.6082318881905,True,discovery,False,True,True,False,True,False
XLP,2003-12-18T00:00:00.000Z,12.1261433004,0.0174528301854377,72.2535782497,64.7001259661055,True,discovery,False,True,True,False,True,False
XLP,2003-12-19T00:00:00.000Z,12.0815908268,0.020938242285913,72.0531167177,64.7891622309395,True,discovery,False,True,True,False,True,False
XLP,2003-12-22T00:00:00.000Z,12.149338065,0.0242302785992631,72.5559680657,64.887223297851,True,discovery,False,True,True,False,True,False
XLP,2003-12-23T00:00:00.000Z,12.1549836682,0.0108135243063058,72.602282538,64.9881201650245,True,discovery,False,True,True,False,True,False
XLP,2003-12-24T00:00:00.000Z,12.1154644459,0.0051774458636539,72.5295016133,65.08689527707799,True,discovery,False,True,True,False,True,False
XLP,2003-12-26T00:00:00.000Z,12.1267556523,0.0075240192630123,72.582429225,65.17682025395199,True,discovery,False,True,True,False,True,False
XLP,2003-12-29T00:00:00.000Z,12.2057940969,0.0103156325678095,73.5484352199,65.27069635020099,True,discovery,False,True,True,False,True,False
XLP,2003-12-30T00:00:00.000Z,12.2227309065,0.0136042034256849,73.5616654687,65.3560121186115,True,discovery,False,True,True,False,True,False
XLP,2003-12-31T00:00:00.000Z,12.296123748,0.0288034547790276,73.627829284,65.439998510527,True,discovery,False,True,True,False,True,False
XLP,2004-01-02T00:00:00.000Z,12.149338065,0.0160441409718425,73.5947496921,65.5216384783055,True,discovery,False,True,True,False,True,False
XLP,2004-01-05T00:00:00.000Z,12.2283765097,0.0183451577797477,74.3953392015,65.606662882058,True,discovery,False,True,True,False,True,False
XLP,2004-01-06T00:00:00.000Z,12.2566045257,0.0240518836485497,74.4681207878,65.6859495887785,True,discovery,False,True,True,False,True,False
XLP,2004-01-07T00:00:00.000Z,12.2057940969,0.0174171951174126,74.7195438153,65.7762324477835,True,discovery,False,True,True,False,True,False
XLP,2004-01-08T00:00:00.000Z,12.1888572874,0.0198285853397746,75.0172819766,65.86529145968001,True,discovery,False,True,True,False,True,False
XLP,2004-01-09T00:00:00.000Z,12.0985276363,0.0113194182094245,74.3622549781,65.9525133008125,True,discovery,False,True,True,False,True,False
XLP,2004-01-12T00:00:00.000Z,12.1549836682,0.016516280443386,74.9114214601,66.04225220471899,True,discovery,False,True,True,False,True,False
XLP,2004-01-13T00:00:00.000Z,12.1380468587,0.0084621235656496,74.4747339273,66.1312456613355,True,discovery,False,True,True,False,True,False
XLP,2004-01-14T00:00:00.000Z,12.1832116842,0.0188769778011033,75.0966813339,66.2297870894385,True,discovery,False,True,True,False,True,False
XLP,2004-01-15T00:00:00.000Z,12.1945028906,0.0098509371916064,75.2819412077,66.325006228151,True,discovery,False,True,True,False,True,False
XLP,2004-01-16T00:00:00.000Z,12.1888572874,0.0103241250869388,75.5796840005,66.4149163479635,True,discovery,False,True,True,False,True,False
XLP,2004-01-20T00:00:00.000Z,12.149338065,0.0019127899139401,75.5598306876,66.5060998386365,True,discovery,False,True,True,False,True,False
XLP,2004-01-21T00:00:00.000Z,12.2001484938,0.0098130841128147,76.1553116417,66.5985612894255,True,discovery,False,True,True,False,True,False
XLP,2004-01-22T00:00:00.000Z,12.1606292714,0.0009293680313766,75.9568215191,66.690585866467,True,discovery,False,True,True,False,True,False
XLP,2004-01-23T00:00:00.000Z,12.2622501288,0.0088248954937415,75.7120109695,66.7809288547565,True,discovery,False,True,True,False,True,False
XLP,2004-01-26T00:00:00.000Z,12.3808077958,0.0219012115536183,76.6647814224,66.879826744798,True,discovery,False,True,True,False,True,False
XLP,2004-01-27T00:00:00.000Z,12.3187061607,0.0158286778346683,75.8774221619,66.973219122657,True,discovery,False,True,True,False,True,False
XLP,2004-01-28T00:00:00.000Z,12.1945028906,-0.0009250693736401,75.0106694988,67.06345426675699,True,discovery,False,True,True,False,True,False
XLP,2004-01-29T00:00:00.000Z,12.3638709863,0.0115473441148035,75.0834504234,67.148170684037,True,discovery,False,True,True,False,True,False
XLP,2004-01-30T00:00:00.000Z,12.296123748,0.0,75.0834504234,67.230174540525,True,discovery,False,True,True,False,True,False
XLP,2004-02-02T00:00:00.000Z,12.3469341767,0.0162639405244009,75.4076550372,67.31879966743,True,discovery,False,True,True,False,True,False
XLP,2004-02-03T00:00:00.000Z,12.4090358118,0.0147737765480719,75.2819412077,67.40251497139249,True,discovery,False,True,True,False,True,False
XLP,2004-02-04T00:00:00.000Z,12.4824286533,0.0184246890830559,74.6666109104,67.4828594784065,True,discovery,False,True,True,False,True,False
XLP,2004-02-05T00:00:00.000Z,12.5614670979,0.0291396854785821,74.8849550077,67.55877257287449,True,discovery,False,True,True,False,True,False
XLP,2004-02-06T00:00:00.000Z,12.6574423521,0.0384437239399293,75.7252418799,67.63614185299849,True,discovery,False,True,True,False,True,False
XLP,2004-02-09T00:00:00.000Z,12.6743791617,0.0475968268793496,75.7450951929,67.716290269299,True,discovery,False,True,True,False,True,False
XLP,2004-02-10T00:00:00.000Z,12.7251895904,0.0469112865771903,75.9899004494,67.8013557008985,True,discovery,False,True,True,False,True,False
XLP,2004-02-11T00:00:00.000Z,12.7082527809,0.0469767441860964,76.7971083914,67.88535888399849,True,discovery,False,True,True,False,True,False
XLP,2004-02-12T00:00:00.000Z,12.7308351936,0.0449490268736112,76.5192189115,67.9669268156485,True,discovery,False,True,True,False,True,False
XLP,2004-02-13T00:00:00.000Z,12.651796749,0.037500000000205,76.1751603232,68.047428072084,True,discovery,False,True,True,False,True,False
XLP,2004-02-17T00:00:00.000Z,12.7647088128,0.0472440944890935,76.8632715451,68.13140257254199,True,discovery,False,True,True,False,True,False
XLP,2004-02-18T00:00:00.000Z,12.7477720032,0.0492565055806601,76.5258366825,68.20940864816,True,discovery,False,True,True,False,True,False
XLP,2004-02-19T00:00:00.000Z,12.8098736383,0.0499768625611283,76.24132877,68.286580448994,True,discovery,False,True,True,False,True,False
XLP,2004-02-20T00:00:00.000Z,12.9114944957,0.0617455896024989,76.0097491308,68.3597183741525,True,discovery,True,True,True,True,True,True
XLP,2004-02-23T00:00:00.000Z,12.9848873372,0.0589318600427797,75.817871486,68.4335963590095,True,discovery,True,True,True,True,True,True
XLP,2004-02-24T00:00:00.000Z,12.9058488925,0.042407660740692,75.6855445171,68.5098847649565,True,discovery,False,True,True,False,True,False
XLP,2004-02-25T00:00:00.000Z,12.9453681148,0.0508707607702521,76.003136653,68.58357789577249,True,discovery,True,True,True,True,True,True
XLP,2004-02-26T00:00:00.000Z,12.9453681148,0.0615740740673238,76.0494511252,68.653744260252,True,discovery,True,True,True,True,True,True
XLP,2004-02-27T00:00:00.000Z,12.9961785436,0.0511415525122058,76.1023793985,68.7247308429635,True,discovery,True,True,True,True,True,True
XLP,2004-03-01T00:00:00.000Z,13.1429642265,0.0688705234149698,76.8566590672,68.800142441746,True,discovery,True,True,True,True,True,True
XLP,2004-03-02T00:00:00.000Z,13.0131153531,0.0539551897552961,76.4067399624,68.871343565678,True,discovery,True,True,True,True,True,True
XLP,2004-03-03T00:00:00.000Z,13.0808625914,0.0541401273869437,76.5456847023,68.944023759811,True,discovery,True,True,True,True,True,True
XLP,2004-03-04T00:00:00.000Z,13.0526345755,0.045680687471765,76.7441754866,69.0249516767335,True,discovery,False,True,True,False,True,False
XLP,2004-03-05T00:00:00.000Z,13.0582801786,0.0395505617956883,77.002216285,69.107790753607,True,discovery,False,True,True,False,True,False
XLP,2004-03-08T00:00:00.000Z,13.0526345755,0.0312221231119755,76.0626820357,69.18531120327499,True,discovery,False,True,True,False,True,False
XLP,2004-03-09T00:00:00.000Z,13.0526345755,0.0298440980007155,75.7583261033,69.258303193172,True,discovery,False,True,True,False,True,False
XLP,2004-03-10T00:00:00.000Z,13.0187609563,0.0230700976055768,74.4879694693,69.324322447208,True,discovery,False,True,True,False,True,False
XLP,2004-03-11T00:00:00.000Z,12.7703544159,0.0048867170074973,73.5219687675,69.3801519519765,True,discovery,False,True,True,False,True,False
XLP,2004-03-12T00:00:00.000Z,12.7703544159,0.0031042128579172,74.4879694693,69.43992907615899,True,discovery,False,True,True,False,True,False
XLP,2004-03-15T00:00:00.000Z,12.6461511458,-0.0004462293626751,73.5748963792,69.4959578693055,True,discovery,False,True,True,False,True,False
XLP,2004-03-16T00:00:00.000Z,12.6687335585,-0.0075187969978414,73.9652694398,69.548938280407,True,discovery,False,True,True,False,True,False
XLP,2004-03-17T00:00:00.000Z,12.8211648447,0.0057573073539107,74.7923254016,69.6047467129865,True,discovery,False,True,True,False,True,False
XLP,2004-03-18T00:00:00.000Z,12.8155192415,0.0004407227861422,74.812174083,69.6593471273735,True,discovery,False,True,True,False,True,False
XLP,2004-03-19T00:00:00.000Z,12.7881493572,-0.009553126366671,73.7434576623,69.7039958724875,True,discovery,False,True,True,False,True,False
XLP,2004-03-22T00:00:00.000Z,12.6181695253,-0.0282418940093073,72.8072251555,69.7423620741515,True,discovery,False,True,True,False,True,False
XLP,2004-03-23T00:00:00.000Z,12.5955055477,-0.0240467207841206,72.6810638154,69.78137204280151,True,discovery,False,True,True,False,True,False
XLP,2004-03-24T00:00:00.000Z,12.629501514,-0.0243999705530877,72.7408261626,69.8239816487575,True,discovery,False,True,True,False,True,False
XLP,2004-03-25T00:00:00.000Z,12.8051473404,-0.0108317332621612,73.7036191961,69.8681370822235,True,discovery,False,True,True,False,True,False
XLP,2004-03-26T00:00:00.000Z,12.7314894132,-0.0203666892934728,73.7235384292,69.9089605575105,True,discovery,False,True,True,False,True,False
XLP,2004-03-29T00:00:00.000Z,12.884471262,-0.0196677827045137,74.7593710854,69.9539500799405,True,discovery,False,True,True,False,True,False
XLP,2004-03-30T00:00:00.000Z,12.9637951836,-0.0037900355266005,75.0116931017,70.003632766797,True,discovery,False,True,True,False,True,False
XLP,2004-03-31T00:00:00.000Z,12.9637951836,-0.0089495174329685,75.0980106637,70.046883932774,True,discovery,False,True,True,False,True,False
XLP,2004-04-01T00:00:00.000Z,12.912801234,-0.0107130358006398,75.5495289949,70.092392690407,True,discovery,False,True,True,False,True,False
XLP,2004-04-02T00:00:00.000Z,12.9297992172,-0.0098390415615799,76.1205660445,70.1410507787495,True,discovery,False,True,True,False,True,False
XLP,2004-04-05T00:00:00.000Z,12.9751271724,-0.0059380658097548,76.5388825552,70.196866072819,True,discovery,False,True,True,False,True,False
XLP,2004-04-06T00:00:00.000Z,13.0374531107,-0.0011630958265311,76.2932071445,70.252171146745,True,discovery,False,True,True,False,True,False
XLP,2004-04-07T00:00:00.000Z,13.0034571443,-0.0011755198556429,76.1139247508,70.3099253987965,True,discovery,False,True,True,False,True,False
XLP,2004-04-08T00:00:00.000Z,12.9354652116,0.0129292257930151,75.9412896268,70.3664884807655,True,discovery,False,True,True,False,True,False
XLP,2004-04-12T00:00:00.000Z,12.9864591611,0.0169223764793038,76.240086091,70.42779271614751,True,discovery,False,True,True,False,True,False
XLP,2004-04-13T00:00:00.000Z,12.85614129,0.0166050636101833,75.1710509504,70.47958619137549,True,discovery,False,True,True,False,True,False
XLP,2004-04-14T00:00:00.000Z,12.9467972004,0.0219488112695713,75.2905703328,70.535716434501,True,discovery,False,True,True,False,True,False
XLP,2004-04-15T00:00:00.000Z,12.9864591611,0.0128923010040176,75.005051808,70.590517507285,True,discovery,False,True,True,False,True,False
XLP,2004-04-16T00:00:00.000Z,13.0771150715,0.0204124253625934,75.5827308153,70.6452549888625,True,discovery,False,True,True,False,True,False
XLP,2004-04-19T00:00:00.000Z,13.1167770323,0.0256978289759319,75.5827308153,70.69592530499149,True,discovery,False,True,True,False,True,False
XLP,2004-04-20T00:00:00.000Z,13.0147891331,0.0314324202892313,74.3144947119,70.7436328140725,True,discovery,False,True,True,False,True,False
XLP,2004-04-21T00:00:00.000Z,13.0431191051,0.0355375618473476,74.8124921389,70.7874015578135,True,discovery,False,True,True,False,True,False
XLP,2004-04-22T00:00:00.000Z,13.1734369763,0.0430686406503881,75.8616080465,70.834939874851,True,discovery,False,True,True,False,True,False
XLP,2004-04-23T00:00:00.000Z,13.1847689651,0.0296460176996402,75.9346483331,70.884712980454,True,discovery,False,True,True,False,True,False
XLP,2004-04-26T00:00:00.000Z,13.1564389931,0.0333778371177384,75.828406226,70.938153243347,True,discovery,False,True,True,False,True,False
XLP,2004-04-27T00:00:00.000Z,13.1904349595,0.0237467018458392,75.8948098669,70.98884236206399,True,discovery,False,True,True,False,True,False
XLP,2004-04-28T00:00:00.000Z,13.0374531107,0.0056818181756821,74.9120929523,71.0330106908695,True,discovery,False,True,True,False,True,False
XLP,2004-04-29T00:00:00.000Z,13.1054450435,0.0109265734218939,74.2547376767,71.0746138416105,True,discovery,False,True,True,False,True,False
XLP,2004-04-30T00:00:00.000Z,13.1337750155,0.0171127687552539,73.6770586694,71.115263797116,True,discovery,False,True,True,False,True,False
XLP,2004-05-03T00:00:00.000Z,13.2130989371,0.0219106047310571,74.4672165789,71.164522103554,True,discovery,False,True,True,False,True,False
XLP,2004-05-04T00:00:00.000Z,13.1564389931,0.0139737991228074,74.4074542316,71.2101688144955,True,discovery,False,True,True,False,True,False
XLP,2004-05-05T00:00:00.000Z,13.1791029707,0.0108648413763994,74.8855324256,71.262240298481,True,discovery,False,True,True,False,True,False
XLP,2004-05-06T00:00:00.000Z,13.1224430267,0.009150326799989,74.2414550893,71.3081722191555,True,discovery,False,True,True,False,True,False
XLP,2004-05-07T00:00:00.000Z,12.9977911499,0.0048182216318055,73.0130621,71.347732576464,True,discovery,False,True,True,False,True,False
XLP,2004-05-10T00:00:00.000Z,12.9354652116,-0.0039267015640991,72.2627479687,71.38600134618551,True,discovery,False,True,True,False,True,False
XLP,2004-05-11T00:00:00.000Z,12.912801234,0.004407227854914,72.8736234845,71.421617316365,True,discovery,False,True,True,False,True,False
XLP,2004-05-12T00:00:00.000Z,12.8448093012,-0.0078774617089738,73.338419091,71.4607708627845,True,discovery,False,True,True,False,True,False
XLP,2004-05-13T00:00:00.000Z,12.8221453236,-0.0126527050569867,73.0329813331,71.49990600675049,True,discovery,False,True,True,False,True,False
XLP,2004-05-14T00:00:00.000Z,12.8731392732,-0.0155979202740627,73.0661831536,71.53999434784099,True,discovery,False,True,True,False,True,False
XLP,2004-05-17T00:00:00.000Z,12.7881493572,-0.025053995679789,72.4420243864,71.5762075166875,True,discovery,False,True,True,False,True,False
XLP,2004-05-18T00:00:00.000Z,12.8618072844,-0.0117544623378437,72.8072251555,71.6171330596745,True,discovery,False,True,True,False,True,False
XLP,2004-05-19T00:00:00.000Z,12.7938153516,-0.0191138140724729,72.5549031392,71.65679699258,True,discovery,False,True,True,False,True,False
XLP,2004-05-20T00:00:00.000Z,12.8391433068,-0.0253763440855577,72.7873059224,71.70447810534151,True,discovery,False,True,True,False,True,False
XLP,2004-05-21T00:00:00.000Z,12.8448093012,-0.0257842715939787,72.9134619506,71.7509531944855,True,discovery,False,True,True,False,True,False
XLP,2004-05-24T00:00:00.000Z,12.7938153516,-0.027562446167248,73.2188997085,71.7956099052845,True,discovery,False,True,True,False,True,False
XLP,2004-05-25T00:00:00.000Z,12.9467972004,-0.0184707903756067,74.2680149521,71.8445938019025,True,discovery,False,True,True,False,True,False
XLP,2004-05-26T00:00:00.000Z,12.9581291892,-0.0060843111631134,74.5269736141,71.893658890343,True,discovery,False,True,True,False,True,False
XLP,2004-05-27T00:00:00.000Z,13.1111110379,0.0004323389538618,74.9452947728,71.94186360161349,True,discovery,False,True,True,False,True,False
XLP,2004-05-28T00:00:00.000Z,13.0601170883,-0.0056082830041683,74.9386534791,71.9917079014625,True,discovery,False,True,True,False,True,False
XLP,2004-06-01T00:00:00.000Z,13.0601170883,-0.0115780446001546,74.8390526657,72.0401686131795,True,discovery,False,True,True,False,True,False
XLP,2004-06-02T00:00:00.000Z,13.1677709819,0.0008613264429639,75.1179298968,72.08900690165,True,discovery,False,True,True,False,True,False
XLP,2004-06-03T00:00:00.000Z,13.1394410099,-0.0030094582983513,74.4273728007,72.13157162405399,True,discovery,False,True,True,False,True,False
XLP,2004-06-04T00:00:00.000Z,13.1621049875,0.00302245250517,75.0183343954,72.1758447695695,True,discovery,False,True,True,False,True,False
XLP,2004-06-07T00:00:00.000Z,13.2754248755,0.021360069753247,76.1604045107,72.227173069526,True,discovery,False,True,True,False,True,False
XLP,2004-06-08T00:00:00.000Z,13.3377508138,0.031099430567,76.2666466178,72.2779829872415,True,discovery,False,True,True,False,True,False
XLP,2004-06-09T00:00:00.000Z,13.2867568643,0.0289600702065604,75.5561702886,72.328520500737,True,discovery,False,True,True,False,True,False
XLP,2004-06-10T00:00:00.000Z,13.2867568643,0.0344067048981966,75.9280063754,72.38039238843851,True,discovery,False,True,True,False,True,False
XLP,2004-06-14T00:00:00.000Z,13.2187649315,0.0309323906327902,75.1776922441,72.42792230626699,True,discovery,False,True,True,False,True,False
XLP,2004-06-15T00:00:00.000Z,13.2810908699,0.0316901408461645,75.7088868435,72.47800980432949,True,discovery,False,True,True,False,True,False
XLP,2004-06-16T00:00:00.000Z,13.2640928867,0.0372175454169241,75.6956089041,72.525997316851,True,discovery,False,True,True,False,True,False
XLP,2004-06-17T00:00:00.000Z,13.2130989371,0.0273127753302664,75.5827308153,72.571190054279,True,discovery,False,True,True,False,True,False
XLP,2004-06-18T00:00:00.000Z,13.2112574889,0.0326284322407228,75.724663402,72.61263168206101,True,discovery,False,True,True,False,True,False
XLP,2004-06-21T00:00:00.000Z,13.1941960285,0.027653926217332,75.4381052209,72.650803738139,True,discovery,False,True,True,False,True,False
XLP,2004-06-22T00:00:00.000Z,13.199883182,0.027643375037637,75.8179614145,72.69071106647401,True,discovery,False,True,True,False,True,False
XLP,2004-06-23T00:00:00.000Z,13.2169446424,0.0330729558909168,76.471049501,72.73578622870849,True,discovery,False,True,True,False,True,False
XLP,2004-06-24T00:00:00.000Z,13.1657602612,0.0169125272768801,76.2311396597,72.776873867484,True,discovery,False,True,True,False,True,False
XLP,2004-06-25T00:00:00.000Z,13.0406428851,0.0063677167201552,75.8646097543,72.8183592413825,True,discovery,False,True,True,False,True,False
XLP,2004-06-28T00:00:00.000Z,13.0406428851,-0.0053746896503507,75.6047088146,72.86195629038549,True,discovery,False,True,True,False,True,False
XLP,2004-06-29T00:00:00.000Z,13.052017192,-0.0006202008944664,75.9179242371,72.90613541343299,True,discovery,False,True,True,False,True,False
XLP,2004-06-30T00:00:00.000Z,13.1316373405,0.0054762336138678,76.3244376721,72.9517239243445,True,discovery,False,True,True,False,True,False
XLP,2004-07-01T00:00:00.000Z,13.0008328109,-0.0126777851186405,75.2648408155,72.9931952461265,True,discovery,False,True,True,False,True,False
XLP,2004-07-02T00:00:00.000Z,13.0008328109,-0.0105490179449464,75.224852621,73.0295794408915,True,discovery,False,True,True,False,True,False
XLP,2004-07-06T00:00:00.000Z,13.0065199643,-0.0118206793934372,74.5651037228,73.0633209030505,True,discovery,False,True,True,False,True,False
XLP,2004-07-07T00:00:00.000Z,13.0178942712,-0.0193990479939574,74.7850217993,73.0941603798525,True,discovery,False,True,True,False,True,False
XLP,2004-07-08T00:00:00.000Z,13.0008328109,-0.0252604811413483,74.2652192534,73.124139035162,True,discovery,False,True,True,False,True,False
XLP,2004-07-09T00:00:00.000Z,13.0349557316,-0.0189512862522953,74.4584800885,73.158771729136,True,discovery,False,True,True,False,True,False
XLP,2004-07-12T00:00:00.000Z,13.052017192,-0.0176671910758537,74.4917981416,73.19228688910451,True,discovery,False,True,True,False,True,False
XLP,2004-07-13T00:00:00.000Z,13.0690786524,-0.0113237719163385,74.5451126244,73.2320941464255,True,discovery,False,True,True,False,True,False
XLP,2004-07-14T00:00:00.000Z,13.0633914989,-0.0163916784496512,74.3185290713,73.2735013794325,True,discovery,False,True,True,False,True,False
XLP,2004-07-15T00:00:00.000Z,12.978084197,-0.0215626271727019,73.83871472,73.31359611674549,True,discovery,False,True,True,False,True,False
XLP,2004-07-16T00:00:00.000Z,12.9723970436,-0.0182169144911307,73.7787347606,73.3501641623,True,discovery,False,True,True,False,True,False
XLP,2004-07-19T00:00:00.000Z,12.978084197,-0.0176495910473254,73.4655193381,73.3883929227035,True,discovery,False,True,True,False,True,False
XLP,2004-07-20T00:00:00.000Z,12.9837713505,-0.0159482758589818,74.3985001291,73.42427325851949,True,discovery,False,True,True,False,True,False
XLP,2004-07-21T00:00:00.000Z,12.8074695932,-0.0297285652751165,73.0256885164,73.45207127786699,True,discovery,False,False,True,False,False,False
XLP,2004-07-22T00:00:00.000Z,12.767659519,-0.0339931153194582,73.2256094968,73.47777381883901,True,discovery,False,False,True,False,False,False
XLP,2004-07-23T00:00:00.000Z,12.5799834548,-0.0444924406018775,72.6125096048,73.4988633154195,True,discovery,False,False,True,False,False,False
XLP,2004-07-26T00:00:00.000Z,12.5344862271,-0.0388137810735025,72.4725632526,73.5179360230345,True,discovery,False,False,True,False,False,False
XLP,2004-07-27T00:00:00.000Z,12.6652907567,-0.0287832533800056,73.1523039155,73.541263525592,True,discovery,False,False,True,False,False,False
XLP,2004-07-28T00:00:00.000Z,12.6311678359,-0.0322440087159823,73.3722213256,73.5647686807545,True,discovery,False,False,True,False,False,False
XLP,2004-07-29T00:00:00.000Z,12.483301846,-0.0493720225200274,73.6854374146,73.5888850489835,True,discovery,False,True,True,False,True,False
XLP,2004-07-30T00:00:00.000Z,12.483301846,-0.0398075240584663,73.8653666301,73.6128144872275,True,discovery,False,True,True,False,True,False
XLP,2004-08-02T00:00:00.000Z,12.6084192221,-0.0301837270356247,74.0186446019,73.6362920569255,True,discovery,False,True,True,False,True,False
XLP,2004-08-03T00:00:00.000Z,12.5572348409,-0.0345430695246067,73.4455275733,73.657825975926,True,discovery,False,False,True,False,False,False
XLP,2004-08-04T00:00:00.000Z,12.5856706082,-0.0332022717342409,73.4388620967,73.6779436411805,True,discovery,False,False,True,False,False,False
XLP,2004-08-05T00:00:00.000Z,12.4378046183,-0.0433070866143247,72.2393195542,73.69585013030351,True,discovery,False,False,True,False,False,False
XLP,2004-08-06T00:00:00.000Z,12.2842514748,-0.0575916230371312,71.2063746077,73.706023642859,True,discovery,False,False,True,False,False,False
XLP,2004-08-09T00:00:00.000Z,12.3297487025,-0.0553376906324258,71.3063380968,73.71728964712051,True,discovery,False,False,True,False,False,False
XLP,2004-08-10T00:00:00.000Z,12.4264303113,-0.0491731940860256,72.2259879347,73.73750017847951,True,discovery,False,False,True,False,False,False
XLP,2004-08-11T00:00:00.000Z,12.5231119202,-0.0413582934221556,72.0793814371,73.7576032878365,True,discovery,False,False,True,False,False,False
XLP,2004-08-12T00:00:00.000Z,12.4946761529,-0.0372480280419003,71.2930118085,73.77301722988099,True,discovery,False,False,True,False,False,False
XLP,2004-08-13T00:00:00.000Z,12.5515476875,-0.0324419114436239,71.4329581608,73.788966288411,True,discovery,False,False,True,False,False,False
XLP,2004-08-16T00:00:00.000Z,12.6311678359,-0.0267309377743282,72.1726787832,73.803971321844,True,discovery,False,False,True,False,False,False
XLP,2004-08-17T00:00:00.000Z,12.6425421428,-0.026281208940641,72.5791922182,73.820547956876,True,discovery,False,False,True,False,False,False
XLP,2004-08-18T00:00:00.000Z,12.7278494448,-0.0062166962662377,73.3255729858,73.840132109509,True,discovery,False,False,True,False,False,False
XLP,2004-08-19T00:00:00.000Z,12.6652907567,-0.0080178173726878,73.1123203859,73.858979259328,True,discovery,False,False,True,False,False,False
XLP,2004-08-20T00:00:00.000Z,12.7221622913,0.0113019891489403,73.6254621201,73.87812021628349,True,discovery,False,False,True,False,False,False
XLP,2004-08-23T00:00:00.000Z,12.6766650636,0.011343012703034,73.4388620967,73.89708546595051,True,discovery,False,False,True,False,False,False
XLP,2004-08-24T00:00:00.000Z,12.6823522171,0.00134710372843,73.5388249193,73.916287138704,True,discovery,False,False,True,False,False,False
XLP,2004-08-25T00:00:00.000Z,12.7562852121,0.009905448001759,74.0386357004,73.936143970131,True,discovery,False,True,True,False,True,False
XLP,2004-08-26T00:00:00.000Z,12.7790338259,0.0236902050073202,74.0386357004,73.958601986326,True,discovery,False,True,True,False,True,False
XLP,2004-08-27T00:00:00.000Z,12.7562852121,0.0218678815482997,74.2718800651,73.9836420605925,True,discovery,False,True,True,False,True,False
XLP,2004-08-30T00:00:00.000Z,12.693726524,0.0067658998639952,73.6587801732,74.00571540785751,True,discovery,False,False,True,False,False,False
XLP,2004-08-31T00:00:00.000Z,12.7051008309,0.0117753623208818,74.0453018433,74.0258360544335,True,discovery,False,True,True,False,True,False
XLP,2004-09-01T00:00:00.000Z,12.7051008309,0.0094893809331213,74.1852481956,74.0465576570205,True,discovery,False,True,True,False,True,False
XLP,2004-09-02T00:00:00.000Z,12.8529668209,0.033379058068589,75.0249316406,74.074441054719,True,discovery,False,True,True,False,True,False
XLP,2004-09-03T00:00:00.000Z,12.9098383555,0.0509259259290917,74.7183816947,74.102536795828,True,discovery,True,True,True,True,True,True
XLP,2004-09-07T00:00:00.000Z,12.9098383555,0.0470479704815378,75.2115269991,74.13668724853851,True,discovery,False,True,True,False,True,False
XLP,2004-09-08T00:00:00.000Z,12.7733466724,0.0279176201378228,75.0249316406,74.167007189388,True,discovery,False,True,True,False,True,False
XLP,2004-09-09T00:00:00.000Z,12.7221622913,0.015894641233616,74.9582908696,74.20008900965999,True,discovery,False,True,True,False,True,False
XLP,2004-09-10T00:00:00.000Z,12.7335365982,0.0191169776933002,75.3448078748,74.233687582003,True,discovery,False,True,True,False,True,False
XLP,2004-09-13T00:00:00.000Z,12.7449109051,0.0154055278611233,75.5913825263,74.2639752014865,True,discovery,False,True,True,False,True,False
XLP,2004-09-14T00:00:00.000Z,12.7505980586,0.0094552003624366,75.7446604982,74.2937121503325,True,discovery,False,True,True,False,True,False
XLP,2004-09-15T00:00:00.000Z,12.6254806825,-0.001349527658859,75.1715434695,74.319332296356,True,discovery,False,True,True,False,True,False
XLP,2004-09-16T00:00:00.000Z,12.5572348409,-0.013404825743732,75.3981216912,74.34582194246151,True,discovery,False,True,True,False,True,False
XLP,2004-09-17T00:00:00.000Z,12.6157783987,-0.0039092950135239,75.7171895648,74.3701203946465,True,discovery,False,True,True,False,True,False
XLP,2004-09-20T00:00:00.000Z,12.4044683938,-0.0249716903640864,75.2621496734,74.393032645594,True,discovery,False,True,True,False,True,False
XLP,2004-09-21T00:00:00.000Z,12.3587797441,-0.0250764154377464,75.5900442452,74.41814411072751,True,discovery,False,True,True,False,True,False
XLP,2004-09-22T00:00:00.000Z,12.2388470386,-0.0349702618968434,74.6465097111,74.437089163644,True,discovery,False,True,True,False,True,False
XLP,2004-09-23T00:00:00.000Z,12.3073800132,-0.0351909032634508,74.2450005,74.456496146589,True,discovery,False,False,True,False,False,False
XLP,2004-09-24T00:00:00.000Z,12.2959578508,-0.0378022299401791,74.586281255,74.47523882968301,True,discovery,False,True,True,False,True,False
XLP,2004-09-27T00:00:00.000Z,12.2445581198,-0.0401156828803576,74.1111674422,74.4943388371645,True,discovery,False,False,True,False,False,False
XLP,2004-09-28T00:00:00.000Z,12.3073800132,-0.0304360197196258,74.4658296962,74.515245065801,True,discovery,False,False,True,False,False,False
XLP,2004-09-29T00:00:00.000Z,12.3416465005,-0.0286069615060468,74.8405658717,74.534073823458,True,discovery,False,True,True,False,True,False
XLP,2004-09-30T00:00:00.000Z,12.3702019065,-0.0263594070489777,74.7870358606,74.5519434810485,True,discovery,False,True,True,False,True,False
XLP,2004-10-01T00:00:00.000Z,12.4958456932,-0.0277851123928284,76.0517772282,74.57791487155049,True,discovery,False,True,True,False,True,False
XLP,2004-10-04T00:00:00.000Z,12.4672902871,-0.0342799077891985,76.1789165252,74.602678063305,True,discovery,False,True,True,False,True,False
XLP,2004-10-05T00:00:00.000Z,12.4672902871,-0.0342799077891985,76.2190710599,74.626522545079,True,discovery,False,True,True,False,True,False
XLP,2004-10-06T00:00:00.000Z,12.5244010993,-0.0194894556207347,76.7410264765,74.648959786213,True,discovery,False,True,True,False,True,False
XLP,2004-10-07T00:00:00.000Z,12.4273127186,-0.0231760581219461,75.917938817,74.6682838967095,True,discovery,False,True,True,False,True,False
XLP,2004-10-08T00:00:00.000Z,12.3416465005,-0.030776217956243,75.2889173557,74.6819486431595,True,discovery,False,True,True,False,True,False
XLP,2004-10-11T00:00:00.000Z,12.3359354192,-0.0320893169787749,75.5967373368,74.69692091715349,True,discovery,False,True,True,False,True,False
XLP,2004-10-12T00:00:00.000Z,12.301668932,-0.0352084760680858,75.3022988547,74.7107849033605,True,discovery,False,True,True,False,True,False
XLP,2004-10-13T00:00:00.000Z,12.2502692011,-0.0297185897975412,74.6398166195,74.72107184033301,True,discovery,False,False,True,False,False,False
XLP,2004-10-14T00:00:00.000Z,12.2045805514,-0.0280837536263457,74.037557487,74.7235174516685,True,discovery,False,False,True,False,False,False
XLP,2004-10-15T00:00:00.000Z,12.2845356883,-0.0262562245413356,74.4524481972,74.727971365311,True,discovery,False,False,True,False,False,False
XLP,2004-10-18T00:00:00.000Z,12.330224338,-0.0059852670378932,74.7335004961,74.73349972137152,True,discovery,False,True,True,False,True,False
XLP,2004-10-19T00:00:00.000Z,12.2559802823,-0.0083179297575131,74.1044743505,74.7360483446635,True,discovery,False,False,True,False,False,False
XLP,2004-10-20T00:00:00.000Z,12.2902467695,0.0041997200175711,73.9572551095,74.7338579242035,True,discovery,False,False,True,False,False,False
XLP,2004-10-21T00:00:00.000Z,12.2902467695,-0.0013921113739581,74.4390620139,74.733712630334,True,discovery,False,False,True,False,False,False
XLP,2004-10-22T00:00:00.000Z,12.2102916326,-0.0069670227597946,73.6025928554,74.7281278755345,True,discovery,False,False,True,False,False,False
XLP,2004-10-25T00:00:00.000Z,12.141758658,-0.0083955223858808,73.5156020705,74.72061947600399,True,discovery,False,False,True,False,False,False
XLP,2004-10-26T00:00:00.000Z,12.2731135259,-0.0027842227397909,74.6398166195,74.72200728421099,True,discovery,False,False,True,False,False,False
XLP,2004-10-27T00:00:00.000Z,12.4044683938,0.0050902359986939,75.5365088807,74.725132721314,True,discovery,False,True,True,False,True,False
XLP,2004-10-28T00:00:00.000Z,12.4615792059,0.0073868882731804,75.7640311685,74.73157920752,True,discovery,False,True,True,False,True,False
XLP,2004-10-29T00:00:00.000Z,12.4501570435,-0.0036563071297256,75.7506449853,74.73484902577701,True,discovery,False,True,True,False,True,False
XLP,2004-11-01T00:00:00.000Z,12.4216016374,-0.0036646816307208,75.9580926825,74.738229783151,True,discovery,False,True,True,False,True,False
XLP,2004-11-02T00:00:00.000Z,12.5015567744,0.0027485112250458,75.9848603647,74.740255664972,True,discovery,False,True,True,False,True,False
XLP,2004-11-03T00:00:00.000Z,12.598645155,0.005927952571253,76.941781082,74.747165416944,True,discovery,False,True,True,False,True,False
XLP,2004-11-04T00:00:00.000Z,12.9355989466,0.0409007353005004,77.9923863451,74.756350790461,True,discovery,False,True,True,False,True,False
XLP,2004-11-05T00:00:00.000Z,12.9927097587,0.0527533549250194,78.4808816569,74.76897109115,True,discovery,True,True,True,True,True,True
XLP,2004-11-08T00:00:00.000Z,12.9698654338,0.051388888889069,78.3671231897,74.78224665225099,True,discovery,True,True,True,True,True,True
XLP,2004-11-09T00:00:00.000Z,12.9641543526,0.0538532961878606,78.2132101879,74.78998879607849,True,discovery,True,True,True,True,True,True
XLP,2004-11-10T00:00:00.000Z,12.9812875963,0.0596736596722591,78.273438644,74.80196887848899,True,discovery,True,True,True,True,True,True
XLP,2004-11-11T00:00:00.000Z,13.0783759769,0.0715956948966809,78.8690046848,74.821260554419,True,discovery,True,True,True,True,True,True
XLP,2004-11-12T00:00:00.000Z,13.1183535454,0.0678754067924718,79.4913377387,74.84329999099549,True,discovery,True,True,True,True,True,True
XLP,2004-11-15T00:00:00.000Z,13.1583311139,0.067160722562678,79.6860824807,74.866313151282,True,discovery,True,True,True,True,True,True
XLP,2004-11-16T00:00:00.000Z,13.0726648957,0.0666356011178843,79.1155977968,74.88485286507999,True,discovery,True,True,True,True,True,True
XLP,2004-11-17T00:00:00.000Z,13.0840870581,0.0645910780709486,79.5854087524,74.9063702028035,True,discovery,True,True,True,True,True,True
XLP,2004-11-18T00:00:00.000Z,13.0783759769,0.0641263940571035,79.6927906621,74.93150110156199,True,discovery,True,True,True,True,True,True
XLP,2004-11-19T00:00:00.000Z,12.9355989466,0.0594013096348589,78.8068677595,74.951110665321,True,discovery,True,True,True,True,True,True
XLP,2004-11-22T00:00:00.000Z,13.0212651648,0.0724365004752016,79.1827171952,74.9683980418975,True,discovery,True,True,True,True,True,True
XLP,2004-11-23T00:00:00.000Z,12.9927097587,0.0586319218250066,79.3035255348,74.986190193607,True,discovery,True,True,True,True,True,True
XLP,2004-11-24T00:00:00.000Z,12.9869986775,0.0469613259679198,79.4914472325,75.0036979275225,True,discovery,False,True,True,False,True,False
XLP,2004-11-26T00:00:00.000Z,12.9869986775,0.0421631530738286,79.4310407136,75.0168675891335,True,discovery,False,True,True,False,True,False
XLP,2004-11-29T00:00:00.000Z,12.8556438096,0.0325688073397993,79.068617708,75.029614583116,True,discovery,False,True,True,False,True,False
XLP,2004-11-30T00:00:00.000Z,12.758555429,0.0271264367861765,79.1223106763,75.04435033488149,True,discovery,False,True,True,False,True,False
XLP,2004-12-01T00:00:00.000Z,12.9298878654,0.034262220196217,80.0216593377,75.0601422738445,True,discovery,False,True,True,False,True,False
XLP,2004-12-02T00:00:00.000Z,13.0498205708,0.0358114233911051,80.088774038,75.077956960622,True,discovery,False,True,True,False,True,False
XLP,2004-12-03T00:00:00.000Z,13.026976246,0.007064017659887,80.0350803985,75.09692571876451,True,discovery,False,True,True,False,True,False
XLP,2004-12-06T00:00:00.000Z,12.9413100278,-0.0039560439550019,80.0082335788,75.1169181410045,True,discovery,False,True,True,False,True,False
XLP,2004-12-07T00:00:00.000Z,12.9070435405,-0.0048436811947396,79.2632522851,75.134145045,True,discovery,False,True,True,False,True,False
XLP,2004-12-08T00:00:00.000Z,12.9127546217,-0.0039647577082181,79.7263503612,75.1543490742205,True,discovery,False,True,True,False,True,False
XLP,2004-12-09T00:00:00.000Z,13.0612427332,0.0061592608827794,80.0082335788,75.17437455884951,True,discovery,False,True,True,False,True,False
XLP,2004-12-10T00:00:00.000Z,13.0840870581,0.0004366812217424,80.088774038,75.19457117341351,True,discovery,False,True,True,False,True,False
XLP,2004-12-13T00:00:00.000Z,13.1126424642,-0.0004353504561555,80.7867745717,75.2179931492795,True,discovery,False,True,True,False,True,False
XLP,2004-12-14T00:00:00.000Z,13.2325751696,0.0056423611062326,81.0686577893,75.23905314289,True,discovery,False,True,True,False,True,False
XLP,2004-12-15T00:00:00.000Z,13.2268640884,0.0117955439025076,81.1290589389,75.2626647377725,True,discovery,False,True,True,False,True,False
XLP,2004-12-16T00:00:00.000Z,13.1925976011,0.0082933216905511,81.0820788501,75.28534670851151,True,discovery,False,True,True,False,True,False
XLP,2004-12-17T00:00:00.000Z,13.0928078791,0.0011034934479243,80.5437424292,75.3043445432245,True,discovery,False,True,True,False,True,False
XLP,2004-12-20T00:00:00.000Z,13.0985427928,0.0125965443790159,80.5639720984,75.3221533222915,True,discovery,False,True,True,False,True,False
XLP,2004-12-21T00:00:00.000Z,13.1903014113,0.0129815532024453,81.1843679516,75.347761751871,True,discovery,False,True,True,False,True,False
XLP,2004-12-22T00:00:00.000Z,13.2419156342,0.019180438886748,81.3799286135,75.375869764422,True,discovery,False,True,True,False,True,False
XLP,2004-12-23T00:00:00.000Z,13.2132410659,0.0174206831014747,81.440617621,75.4106330051805,True,discovery,False,True,True,False,True,False
XLP,2004-12-27T00:00:00.000Z,13.2017712386,0.0165375054262608,81.2720314249,75.4493833184675,True,discovery,False,True,True,False,True,False
XLP,2004-12-28T00:00:00.000Z,13.2820600298,0.0331695733419101,81.7171010058,75.48552897615,True,discovery,False,True,True,False,True,False
XLP,2004-12-29T00:00:00.000Z,13.2533854615,0.0387841739022631,81.8384837414,75.526846912961,True,discovery,False,True,True,False,True,False
XLP,2004-12-30T00:00:00.000Z,13.2820600298,0.0272370625380597,81.6833817435,75.56543747447951,True,discovery,False,True,True,False,True,False
XLP,2004-12-31T00:00:00.000Z,13.2361807205,0.0142806675914759,81.5080561456,75.5990161281995,True,discovery,False,True,True,False,True,False
XLP,2005-01-03T00:00:00.000Z,13.2361807205,0.0160593272413647,81.1236796183,75.630573655876,True,discovery,False,True,True,False,True,False
XLP,2005-01-04T00:00:00.000Z,13.1903014113,0.0192400447068439,80.1323921105,75.662518328117,True,discovery,False,True,True,False,True,False
XLP,2005-01-05T00:00:00.000Z,13.1214824474,0.0166140995981867,79.5794293871,75.696379349275,True,discovery,False,True,True,False,True,False
XLP,2005-01-06T00:00:00.000Z,13.1845664976,0.0210498754032868,79.9840355835,75.73289420811551,True,discovery,False,True,True,False,True,False
XLP,2005-01-07T00:00:00.000Z,13.2476505478,0.0142718283709846,79.8693976445,75.768537065525,True,discovery,False,True,True,False,True,False
XLP,2005-01-10T00:00:00.000Z,13.327939339,0.0186373172096128,80.2470293752,75.8012541164205,True,discovery,False,True,True,False,True,False
XLP,2005-01-11T00:00:00.000Z,13.2705902025,0.0120454545093582,79.6940666518,75.8311067575335,True,discovery,False,True,True,False,True,False
XLP,2005-01-12T00:00:00.000Z,13.3107345981,0.0059065924431367,79.9570611178,75.85709520769551,True,discovery,False,True,True,False,True,False
XLP,2005-01-13T00:00:00.000Z,13.2247108932,-0.0001627895460034,79.3164355954,75.878618920164,True,discovery,False,True,True,False,True,False
XLP,2005-01-14T00:00:00.000Z,13.2992647708,0.0080853803720282,79.7345259902,75.9018014967965,True,discovery,False,True,True,False,True,False
XLP,2005-01-18T00:00:00.000Z,13.4369026985,0.0262812089337443,80.5639720984,75.926873712314,True,discovery,False,True,True,False,True,False
XLP,2005-01-19T00:00:00.000Z,13.4139630439,0.0240805604172535,79.7210411175,75.94487608767899,True,discovery,False,True,True,False,True,False
XLP,2005-01-20T00:00:00.000Z,13.4024932166,0.0160869565208128,79.2355121982,75.958359235894,True,discovery,False,True,True,False,True,False
XLP,2005-01-21T00:00:00.000Z,13.2877949434,0.003464703330499,78.7499832789,75.970643116566,True,discovery,False,True,True,False,True,False
XLP,2005-01-24T00:00:00.000Z,13.2361807205,0.0017361111089693,78.5948866758,75.983047926191,True,discovery,False,True,True,False,True,False
XLP,2005-01-25T00:00:00.000Z,13.2877949434,0.0065160729757594,78.8174164087,75.9974285601005,True,discovery,False,True,True,False,True,False
XLP,2005-01-26T00:00:00.000Z,13.2763251161,-0.0004317789324195,79.0534411294,76.01149533529251,True,discovery,False,True,True,False,True,False
XLP,2005-01-27T00:00:00.000Z,13.3508789937,0.0073561228927665,79.1883080633,76.03158162085701,True,discovery,False,True,True,False,True,False
XLP,2005-01-28T00:00:00.000Z,13.3566139073,0.005613126076281,79.1883080633,76.0510703095095,True,discovery,False,True,True,False,True,False
XLP,2005-01-31T00:00:00.000Z,13.3910233893,0.0116984402124535,79.6805824535,76.074447962737,True,discovery,False,True,True,False,True,False
XLP,2005-02-01T00:00:00.000Z,13.3967583029,0.0121317157714007,80.186341042,76.0974660138705,True,discovery,False,True,True,False,True,False
XLP,2005-02-02T00:00:00.000Z,13.5057216624,0.0239130434752448,80.429100444,76.121697862014,True,discovery,False,True,True,False,True,False
XLP,2005-02-03T00:00:00.000Z,13.5171914897,0.0301573426544048,80.2200549095,76.151225663002,True,discovery,False,True,True,False,True,False
XLP,2005-02-04T00:00:00.000Z,13.5573358853,0.0282731622437382,81.0764754834,76.1825455797245,True,discovery,False,True,True,False,True,False
XLP,2005-02-07T00:00:00.000Z,13.528661317,0.0212121212124414,80.9685782948,76.20808043096599,True,discovery,False,True,True,False,True,False
XLP,2005-02-08T00:00:00.000Z,13.545866058,0.0163511187631464,81.0629858903,76.233722118752,True,discovery,False,True,True,False,True,False
XLP,2005-02-09T00:00:00.000Z,13.4254328712,0.0116681071706088,80.4560749098,76.256860462171,True,discovery,False,True,True,False,True,False
XLP,2005-02-10T00:00:00.000Z,13.4196979576,0.0081861266706912,80.7460431672,76.28111662867249,True,discovery,False,True,True,False,True,False
XLP,2005-02-11T00:00:00.000Z,13.4999867488,0.0208152645319108,81.440617621,76.31375925201601,True,discovery,False,True,True,False,True,False
XLP,2005-02-14T00:00:00.000Z,13.5057216624,0.0155239327254614,81.3799286135,76.3493852067,True,discovery,False,True,True,False,True,False
XLP,2005-02-15T00:00:00.000Z,13.528661317,0.0068288518983055,81.6833817435,76.3894168220705,True,discovery,False,True,True,False,True,False
XLP,2005-02-16T00:00:00.000Z,13.563070799,0.0111158614804598,81.737330675,76.425767392551,True,discovery,False,True,True,False,True,False
XLP,2005-02-17T00:00:00.000Z,13.4770470941,0.005562687202681,81.0764754834,76.45911249881,True,discovery,False,True,True,False,True,False
XLP,2005-02-18T00:00:00.000Z,13.4598423532,0.012947777304876,81.1843679516,76.49060667644,True,discovery,False,True,True,False,True,False
XLP,2005-02-22T00:00:00.000Z,13.2591203752,0.0017331022584536,79.9772901127,76.519285851557,True,discovery,False,True,True,False,True,False
XLP,2005-02-23T00:00:00.000Z,13.2935298571,0.0004315925798394,80.5504825053,76.5569729535835,True,discovery,False,True,True,False,True,False
XLP,2005-02-24T00:00:00.000Z,13.3566139073,0.0060475161987887,81.0832155595,76.6010752915375,True,discovery,False,True,True,False,True,False
XLP,2005-02-25T00:00:00.000Z,13.4024932166,0.0038659793804105,81.885687202,76.646135610125,True,discovery,False,True,True,False,True,False
XLP,2005-02-28T00:00:00.000Z,13.3738186483,0.0012881064856262,81.3462093512,76.686174561426,True,discovery,False,True,True,False,True,False
XLP,2005-03-01T00:00:00.000Z,13.4827820078,0.0068522483930031,81.7508202681,76.72976375610101,True,discovery,False,True,True,False,True,False
XLP,2005-03-02T00:00:00.000Z,13.4483725258,0.0038527397250143,81.7103562093,76.7729846213795,True,discovery,False,True,True,False,True,False
XLP,2005-03-03T00:00:00.000Z,13.5401311444,0.0025477707049004,81.7440754715,76.819494876805,True,discovery,False,True,True,False,True,False
XLP,2005-03-04T00:00:00.000Z,13.6089501082,0.0067882901984424,82.7623374451,76.869270438253,True,discovery,False,True,True,False,True,False
XLP,2005-03-07T00:00:00.000Z,13.5688057126,0.0008460236876211,82.8027967835,76.92050990647449,True,discovery,False,True,True,False,True,False
XLP,2005-03-08T00:00:00.000Z,13.5057216624,-0.0016956337410246,82.4925988569,76.969036371147,True,discovery,False,True,True,False,True,False
XLP,2005-03-09T00:00:00.000Z,13.4082281302,-0.0101608806118906,81.5754892754,77.012346507771,True,discovery,False,True,True,False,True,False
XLP,2005-03-10T00:00:00.000Z,13.4369026985,0.0008543357528982,81.7575603442,77.0550398109495,True,discovery,False,True,True,False,True,False
XLP,2005-03-11T00:00:00.000Z,13.3336742527,-0.0064102564135046,81.1843679516,77.08962157594699,True,discovery,False,True,True,False,True,False
XLP,2005-03-14T00:00:00.000Z,13.3738186483,-0.0093457943957769,81.6901265401,77.125437340577,True,discovery,False,True,True,False,True,False
XLP,2005-03-15T00:00:00.000Z,13.2935298571,-0.0157112526530694,81.0157817554,77.15578977549,True,discovery,False,True,True,False,True,False
XLP,2005-03-16T00:00:00.000Z,13.2591203752,-0.0199236964755187,80.3279527724,77.1827362719565,True,discovery,False,True,True,False,True,False
XLP,2005-03-17T00:00:00.000Z,13.3049996844,-0.0190274841460701,80.489794172,77.21098997948799,True,discovery,False,True,True,False,True,False
XLP,2005-03-18T00:00:00.000Z,13.2622917824,-0.0159348936158288,80.2518111541,77.2366593857745,True,discovery,False,True,True,False,True,False
XLP,2005-03-21T00:00:00.000Z,13.1874286503,-0.0202389965462884,79.9539282676,77.264292163109,True,discovery,False,True,True,False,True,False
XLP,2005-03-22T00:00:00.000Z,13.1125655183,-0.0110531357098256,79.1415286424,77.28490813434401,True,discovery,False,True,True,False,True,False
XLP,2005-03-23T00:00:00.000Z,13.1989460553,-0.0071150253406533,79.2092274829,77.300152249205,True,discovery,False,True,True,False,True,False
XLP,2005-03-24T00:00:00.000Z,13.1931873528,-0.0122356276549012,79.3040070781,77.3153390515065,True,discovery,False,True,True,False,True,False
XLP,2005-03-28T00:00:00.000Z,13.2047047577,-0.0147575869432281,79.4190967316,77.3346536837215,True,discovery,False,True,True,False,True,False
XLP,2005-03-29T00:00:00.000Z,13.1759112454,-0.0147981222195768,78.891035892,77.34946883130449,True,discovery,False,True,True,False,True,False
XLP,2005-03-30T00:00:00.000Z,13.3486723194,-0.0099467371290594,80.0080897771,77.3736208189695,True,discovery,False,True,True,False,True,False
XLP,2005-03-31T00:00:00.000Z,13.2565330799,-0.014264881905373,79.8591486724,77.394372128114,True,discovery,False,True,True,False,True,False
XLP,2005-04-01T00:00:00.000Z,13.1298416257,-0.0303017389066937,79.5003383189,77.41339577518801,True,discovery,False,True,True,False,True,False
XLP,2005-04-04T00:00:00.000Z,13.2047047577,-0.0297043744951658,79.6357366768,77.4336608044955,True,discovery,False,True,True,False,True,False
XLP,2005-04-05T00:00:00.000Z,13.3026026997,-0.0196187504293618,80.0148611506,77.45511179323849,True,discovery,False,True,True,False,True,False
XLP,2005-04-06T00:00:00.000Z,13.2680504849,-0.0175978139814384,80.2924292397,77.4793834133325,True,discovery,False,True,True,False,True,False
XLP,2005-04-07T00:00:00.000Z,13.3601897244,-0.0035827557029552,80.7257104841,77.5039221586805,True,discovery,False,True,True,False,True,False
XLP,2005-04-08T00:00:00.000Z,13.2968439972,-0.0104234364453377,79.8862294272,77.5209980583115,True,discovery,False,True,True,False,True,False
XLP,2005-04-11T00:00:00.000Z,13.331396212,-0.0001708486840781,79.9471568941,77.5395781444835,True,discovery,False,True,True,False,True,False
XLP,2005-04-12T00:00:00.000Z,13.3832245342,0.0007033059253569,80.3601287572,77.562055739498,True,discovery,False,True,True,False,True,False
XLP,2005-04-13T00:00:00.000Z,13.3198788071,0.0019820883003416,79.4123300972,77.581093845911,True,discovery,False,True,True,False,True,False
XLP,2005-04-14T00:00:00.000Z,13.2910852948,0.00241078734452,78.3765130604,77.5933867900275,True,discovery,False,True,True,False,True,False
XLP,2005-04-15T00:00:00.000Z,13.1643938405,-0.0105678953201974,77.2797732956,77.59816346814499,True,discovery,False,False,True,False,False,False
XLP,2005-04-18T00:00:00.000Z,13.0780133035,-0.013894919665736,77.5167226221,77.60942287717799,True,discovery,False,False,True,False,False,False
XLP,2005-04-19T00:00:00.000Z,13.1125655183,-0.005676855889438,78.1327970994,77.62396259957,True,discovery,False,True,True,False,True,False
XLP,2005-04-20T00:00:00.000Z,12.9455631467,-0.01273605621775,77.0428232921,77.6363511974165,True,discovery,False,False,True,False,False,False
XLP,2005-04-21T00:00:00.000Z,13.158635138,-0.0030541012237726,78.538996912,77.65512107298,True,discovery,False,True,True,False,True,False
XLP,2005-04-22T00:00:00.000Z,13.0261849813,-0.0126582278439756,78.2411147025,77.67500055022549,True,discovery,False,True,True,False,True,False
XLP,2005-04-25T00:00:00.000Z,13.1643938405,-0.0030527692924366,78.7556375342,77.696486337454,True,discovery,False,True,True,False,True,False
XLP,2005-04-26T00:00:00.000Z,13.0664958985,-0.0083041958056753,77.9906219521,77.71398045650649,True,discovery,False,True,True,False,True,False
XLP,2005-04-27T00:00:00.000Z,13.1125655183,-0.0176876617726887,78.2952762121,77.732731274445,True,discovery,False,True,True,False,True,False
XLP,2005-04-28T00:00:00.000Z,13.0837720059,-0.013032145958429,77.3136200078,77.7477067291275,True,discovery,False,False,True,False,False,False
XLP,2005-04-29T00:00:00.000Z,13.1183242207,-0.0008771929874199,78.3629750525,77.77032803079001,True,discovery,False,True,True,False,True,False
XLP,2005-05-02T00:00:00.000Z,13.2162221627,0.0008722198043302,78.8030276703,77.7954494953385,True,discovery,False,True,True,False,True,False
XLP,2005-05-03T00:00:00.000Z,13.2738091874,-0.0021645021617198,78.9384253511,77.82281402540349,True,discovery,False,True,True,False,True,False
XLP,2005-05-04T00:00:00.000Z,13.3601897244,0.0069444444460669,79.547728455,77.848560167033,True,discovery,False,True,True,False,True,False
XLP,2005-05-05T00:00:00.000Z,13.3371549145,-0.0017241379333058,79.5206477002,77.88103496295201,True,discovery,False,True,True,False,True,False
XLP,2005-05-06T00:00:00.000Z,13.2853265923,-0.0008661758310787,79.2701549499,77.9112576902175,True,discovery,False,True,True,False,True,False
XLP,2005-05-09T00:00:00.000Z,13.3682519078,0.0027645788343477,79.7643690772,77.9470169875795,True,discovery,False,True,True,False,True,False
XLP,2005-05-10T00:00:00.000Z,13.2910852948,-0.0068846815776379,78.9384253511,77.979346298072,True,discovery,False,True,True,False,True,False
XLP,2005-05-11T00:00:00.000Z,13.3371549145,0.0012970168610535,79.3717065955,78.010443311472,True,discovery,False,True,True,False,True,False
XLP,2005-05-12T00:00:00.000Z,13.2738091874,-0.0012998266896052,78.4983734104,78.036074071896,True,discovery,False,True,True,False,True,False
XLP,2005-05-13T00:00:00.000Z,13.158635138,-0.0004374453218107,78.3426656712,78.05936021317899,True,discovery,False,True,True,False,True,False
XLP,2005-05-16T00:00:00.000Z,13.2853265923,0.0158520475540819,79.073829125,78.08540252565349,True,discovery,False,True,True,False,True,False
XLP,2005-05-17T00:00:00.000Z,13.3544310219,0.0184453227907575,79.6018899646,78.11331875246701,True,discovery,False,True,True,False,True,False
XLP,2005-05-18T00:00:00.000Z,13.4811224762,0.0413701067640708,80.4210616402,78.1481964228015,True,discovery,False,True,True,False,True,False
XLP,2005-05-19T00:00:00.000Z,13.5617443107,0.0306345733028106,80.7595626123,78.18479992537951,True,discovery,False,True,True,False,True,False
XLP,2005-05-20T00:00:00.000Z,13.5444682033,0.0397877984032954,80.6444736358,78.2268256957875,True,discovery,False,True,True,False,True,False
XLP,2005-05-23T00:00:00.000Z,13.5675030132,0.0306211723520335,81.091292211,78.27625028380399,True,discovery,False,True,True,False,True,False
XLP,2005-05-24T00:00:00.000Z,13.5444682033,0.0365799911860738,80.9017323436,78.324227255038,True,discovery,False,True,True,False,True,False
XLP,2005-05-25T00:00:00.000Z,13.4983985836,0.0294246815973218,80.8408048766,78.36730133974748,True,discovery,False,True,True,False,True,False
XLP,2005-05-26T00:00:00.000Z,13.5099159885,0.0325704225362406,81.274085444,78.413274859782,True,discovery,False,True,True,False,True,False
XLP,2005-05-27T00:00:00.000Z,13.4696050712,0.0267778753284431,81.4094838018,78.46385721974849,True,discovery,False,True,True,False,True,False
XLP,2005-05-31T00:00:00.000Z,13.4235354515,0.0156862745077861,80.8881943357,78.51113340062301,True,discovery,False,True,True,False,True,False
XLP,2005-06-01T00:00:00.000Z,13.515674691,0.0182212581321108,81.5787342879,78.5581636781465,True,discovery,False,True,True,False,True,False
XLP,2005-06-02T00:00:00.000Z,13.5502269058,0.0142241379291891,81.7547561474,78.60404149779251,True,discovery,False,True,True,False,True,False
XLP,2005-06-03T00:00:00.000Z,13.4408115589,0.007772020724398,81.3417849614,78.6441225576705,True,discovery,False,True,True,False,True,False
XLP,2005-06-06T00:00:00.000Z,13.4465702614,0.0121369744266168,81.2673140705,78.6848975260935,True,discovery,False,True,True,False,True,False
XLP,2005-06-07T00:00:00.000Z,13.4983985836,0.0097355044397438,81.3282415375,78.7234114231805,True,discovery,False,True,True,False,True,False
XLP,2005-06-08T00:00:00.000Z,13.4638463688,0.0129982668960517,81.1793058488,78.762113641941,True,discovery,False,True,True,False,True,False
XLP,2005-06-09T00:00:00.000Z,13.4696050712,0.0099309153675648,81.56519628,78.8022454987445,True,discovery,False,True,True,False,True,False
XLP,2005-06-10T00:00:00.000Z,13.4580876663,0.01388286333624,81.3756316736,78.83893047861051,True,discovery,False,True,True,False,True,False
XLP,2005-06-13T00:00:00.000Z,13.504157286,0.0262582056859521,81.6328957975,78.876901779096,True,discovery,False,True,True,False,True,False
XLP,2005-06-14T00:00:00.000Z,13.4811224762,0.0147377546603544,81.8224556649,78.914654657095,True,discovery,False,True,True,False,True,False
XLP,2005-06-15T00:00:00.000Z,13.4868811786,0.0099180681290571,81.978162727,78.956251569864,True,discovery,False,True,True,False,True,False
XLP,2005-06-16T00:00:00.000Z,13.4465702614,-0.0025630072615243,82.1880373918,78.9969652476065,True,discovery,False,True,True,False,True,False
XLP,2005-06-17T00:00:00.000Z,13.4824354603,-0.0058479830162722,82.4910763251,79.03849438825401,True,discovery,False,True,True,False,True,False
XLP,2005-06-20T00:00:00.000Z,13.4766490074,-0.0050071508812339,82.5182658893,79.0759610594975,True,discovery,False,True,True,False,True,False
XLP,2005-06-21T00:00:00.000Z,13.4477167424,-0.0088289105728193,82.5658457575,79.1151983798115,True,discovery,False,True,True,False,True,False
XLP,2005-06-22T00:00:00.000Z,13.4592896484,-0.0062888076240044,82.6338172891,79.1523098312615,True,discovery,False,True,True,False,True,False
XLP,2005-06-23T00:00:00.000Z,13.2914825118,-0.0153289348005618,81.4714931554,79.1845426388355,True,discovery,False,True,True,False,True,False
XLP,2005-06-24T00:00:00.000Z,13.1583940931,-0.0260195471014937,80.8733390554,79.2141178797645,True,discovery,False,True,True,False,True,False
XLP,2005-06-27T00:00:00.000Z,13.1468211871,-0.0239638714270962,80.9888911349,79.242338296065,True,discovery,False,True,True,False,True,False
XLP,2005-06-28T00:00:00.000Z,13.3146283237,-0.0081131478509136,81.668613248,79.27272444967349,True,discovery,False,True,True,False,True,False
XLP,2005-06-29T00:00:00.000Z,13.2799096058,-0.0174438265636116,81.4511021718,79.3012566580415,True,discovery,False,True,True,False,True,False
XLP,2005-06-30T00:00:00.000Z,13.164180546,-0.0284900291695305,81.0092814388,79.330445347888,True,discovery,False,True,True,False,True,False
XLP,2005-07-01T00:00:00.000Z,13.2104721699,-0.0171373125789773,81.2471834987,79.3596906569255,True,discovery,False,True,True,False,True,False
XLP,2005-07-05T00:00:00.000Z,13.2856960588,-0.0119639580556694,81.8997160475,79.39060328933901,True,discovery,False,True,True,False,True,False
XLP,2005-07-06T00:00:00.000Z,13.1583940931,-0.025188505761942,81.2132001119,79.4203585415315,True,discovery,False,True,True,False,True,False
XLP,2005-07-07T00:00:00.000Z,13.1352482811,-0.0244059593892475,81.5326654267,79.450071647439,True,discovery,False,True,True,False,True,False
XLP,2005-07-08T00:00:00.000Z,13.3088418707,-0.0119352571697692,82.4638867608,79.4891585326875,True,discovery,False,True,True,False,True,False
XLP,2005-07-11T00:00:00.000Z,13.3840657596,-0.005500180154522,82.8853158304,79.5323601093395,True,discovery,False,True,True,False,True,False
XLP,2005-07-12T00:00:00.000Z,13.3956386655,-0.0080359416883053,83.1028269066,79.5749428375975,True,discovery,False,True,True,False,True,False
XLP,2005-07-13T00:00:00.000Z,13.4477167424,-0.002477963823782,83.2183783064,79.6204788919185,True,discovery,False,True,True,False,True,False
XLP,2005-07-14T00:00:00.000Z,13.5229406312,0.0026736687394575,83.5446476396,79.6658729816355,True,discovery,False,True,True,False,True,False
XLP,2005-07-15T00:00:00.000Z,13.5171541783,0.0052492134074233,83.4970616539,79.7091554605465,True,discovery,False,True,True,False,True,False
XLP,2005-07-18T00:00:00.000Z,13.4535031954,-0.0021459227440912,83.1639991779,79.751040277133,True,discovery,False,True,True,False,True,False
XLP,2005-07-19T00:00:00.000Z,13.4303573835,-0.003434950622709,83.6194123139,79.7888784525615,True,discovery,False,True,True,False,True,False
XLP,2005-07-20T00:00:00.000Z,13.4824354603,0.0025817555920502,83.9048990001,79.827508364936,True,discovery,False,True,True,False,True,False
XLP,2005-07-21T00:00:00.000Z,13.4303573835,-0.0021496130669451,83.4154983989,79.863490501631,True,discovery,False,True,True,False,True,False
XLP,2005-07-22T00:00:00.000Z,13.4708625544,0.0134958641702118,83.9728705316,79.8996497219065,True,discovery,False,True,True,False,True,False
XLP,2005-07-25T00:00:00.000Z,13.4245709305,0.0202286719425417,83.7349684718,79.93873487018051,True,discovery,False,True,True,False,True,False
XLP,2005-07-26T00:00:00.000Z,13.4940083663,0.0264084507014263,83.8369227104,79.981474896954,True,discovery,False,True,True,False,True,False
XLP,2005-07-27T00:00:00.000Z,13.5287270842,0.0160799652303402,84.1428010599,80.0242052155695,True,discovery,False,True,True,False,True,False
XLP,2005-07-28T00:00:00.000Z,13.644456144,0.0274509803922748,84.6729836284,80.07105863943801,True,discovery,False,True,True,False,True,False
XLP,2005-07-29T00:00:00.000Z,13.5865916141,0.0320879120902326,84.1088129151,80.118403620916,True,discovery,False,True,True,False,True,False
XLP,2005-08-01T00:00:00.000Z,13.5171541783,0.0232150678988427,84.0476406438,80.1684540367,True,discovery,False,True,True,False,True,False
XLP,2005-08-02T00:00:00.000Z,13.5634458022,0.0209059233457347,84.5506329683,80.2189449605555,True,discovery,False,True,True,False,True,False
XLP,2005-08-03T00:00:00.000Z,13.5923780671,0.0329815303394487,84.7749426251,80.26915217120049,True,discovery,False,True,True,False,True,False
XLP,2005-08-04T00:00:00.000Z,13.4766490074,0.0259911894312065,84.095220512,80.31910590200799,True,discovery,False,True,True,False,True,False
XLP,2005-08-05T00:00:00.000Z,13.3898522125,0.0060869565201122,83.5242512181,80.36694088255099,True,discovery,False,True,True,False,True,False
XLP,2005-08-08T00:00:00.000Z,13.3667064006,-0.0012970168640682,83.3679185307,80.411585165135,True,discovery,False,True,True,False,True,False
XLP,2005-08-09T00:00:00.000Z,13.3898522125,-0.0004319654437159,83.8709108552,80.462926755134,True,discovery,False,True,True,False,True,False
XLP,2005-08-10T00:00:00.000Z,13.3667064006,-0.0060240963839295,83.8301295676,80.5144993926195,True,discovery,False,True,True,False,True,False
XLP,2005-08-11T00:00:00.000Z,13.4014251185,-0.0089858793300947,84.1631920436,80.56211626974,True,discovery,False,True,True,False,True,False
XLP,2005-08-12T00:00:00.000Z,13.3551334946,-0.0119863013740053,83.6466018782,80.6026667347275,True,discovery,False,True,True,False,True,False
XLP,2005-08-15T00:00:00.000Z,13.4187844775,-0.0025806451595352,84.1631920436,80.644662539103,True,discovery,False,True,True,False,True,False
XLP,2005-08-16T00:00:00.000Z,13.2856960588,-0.0107712193033467,83.0688387618,80.6812535079855,True,discovery,False,True,True,False,True,False
XLP,2005-08-17T00:00:00.000Z,13.2799096058,-0.0150214592234727,83.0620401812,80.716773245479,True,discovery,False,True,True,False,True,False
XLP,2005-08-18T00:00:00.000Z,13.4303573835,0.0,83.0552463587,80.752125175449,True,discovery,False,True,True,False,True,False
XLP,2005-08-19T00:00:00.000Z,13.4129980245,-0.0042955326480633,83.2455678706,80.783644109392,True,discovery,False,True,True,False,True,False
XLP,2005-08-22T00:00:00.000Z,13.4535031954,0.0021551724110799,83.2455678706,80.8099100170195,True,discovery,False,True,True,False,True,False
XLP,2005-08-23T00:00:00.000Z,13.4187844775,-0.0055746140626282,83.0892297454,80.83295175746201,True,discovery,False,True,True,False,True,False
XLP,2005-08-24T00:00:00.000Z,13.2972689647,-0.017108639863858,82.3483353611,80.852857818319,True,discovery,False,True,True,False,True,False
XLP,2005-08-25T00:00:00.000Z,13.3146283237,-0.024173027991668,82.6474090125,80.87502881244201,True,discovery,False,True,True,False,True,False
XLP,2005-08-26T00:00:00.000Z,13.2799096058,-0.0225724020424465,82.083243737,80.89407783790699,True,discovery,False,True,True,False,True,False
XLP,2005-08-29T00:00:00.000Z,13.3724928536,-0.010702054795841,82.7153853021,80.9133097409935,True,discovery,False,True,True,False,True,False
XLP,2005-08-30T00:00:00.000Z,13.3030554177,-0.0191979522237457,82.2803638295,80.9272548714475,True,discovery,False,True,True,False,True,False
XLP,2005-08-31T00:00:00.000Z,13.3493470416,-0.017879948916978,83.3203379828,80.945426148958,True,discovery,False,True,True,False,True,False
XLP,2005-09-01T00:00:00.000Z,13.3319876827,-0.0107342206968934,83.2591602737,80.96614396134251,True,discovery,False,True,True,False,True,False
XLP,2005-09-02T00:00:00.000Z,13.3551334946,-0.0025929127035164,83.1096207291,80.983765021226,True,discovery,False,True,True,False,True,False
XLP,2005-09-06T00:00:00.000Z,13.4997948193,0.0099567099561659,84.0816233508,81.0057091846695,True,discovery,False,True,True,False,True,False
XLP,2005-09-07T00:00:00.000Z,13.5113677253,0.0090751944735103,84.2243697527,81.0327966946355,True,discovery,False,True,True,False,True,False
XLP,2005-09-08T00:00:00.000Z,13.4592896484,0.006926406926679,83.9456809674,81.0566115134965,True,discovery,False,True,True,False,True,False
XLP,2005-09-09T00:00:00.000Z,13.5171541783,0.0086355785878504,84.6933739324,81.0835607554845,True,discovery,False,True,True,False,True,False
XLP,2005-09-12T00:00:00.000Z,13.5460864432,0.0142980935890464,84.5234434041,81.1087207363425,True,discovery,False,True,True,False,True,False
XLP,2005-09-13T00:00:00.000Z,13.4187844775,0.0,84.0544392244,81.1318377288965,True,discovery,False,True,True,False,True,False
XLP,2005-09-14T00:00:00.000Z,13.3319876827,0.0034843205576224,83.7485608749,81.155237444731,True,discovery,False,True,True,False,True,False
XLP,2005-09-15T00:00:00.000Z,13.3840657596,0.0078431372570872,83.7077795873,81.178164789286,True,discovery,False,True,True,False,True,False
XLP,2005-09-16T00:00:00.000Z,13.4213768084,-0.0006686772990146,84.3002851966,81.19955791858051,True,discovery,False,True,True,False,True,False
XLP,2005-09-19T00:00:00.000Z,13.3399646441,-0.0054449706371832,84.0204191712,81.2192161442465,True,discovery,False,True,True,False,True,False
XLP,2005-09-20T00:00:00.000Z,13.2585524797,-0.0144907027462302,83.3105268109,81.2355933763085,True,discovery,False,True,True,False,True,False
XLP,2005-09-21T00:00:00.000Z,13.095728151,-0.0240749321998341,82.5323710147,81.248214063488,True,discovery,False,True,True,False,True,False
XLP,2005-09-22T00:00:00.000Z,13.1945857792,-0.0077221259322189,82.825880717,81.2660272056475,True,discovery,False,True,True,False,True,False
XLP,2005-09-23T00:00:00.000Z,13.2178463975,-0.0072688417466169,82.8941441528,81.2818661746055,True,discovery,False,True,True,False,True,False
XLP,2005-09-26T00:00:00.000Z,13.1713251608,-0.0081765951895166,82.9897072292,81.2967735428575,True,discovery,False,True,True,False,True,False
XLP,2005-09-27T00:00:00.000Z,13.3108888711,-0.0046067687733643,82.9692301097,81.311175823216,True,discovery,False,True,True,False,True,False
XLP,2005-09-28T00:00:00.000Z,13.3283343349,0.0019002339241829,83.051137905,81.3224976398825,True,discovery,False,True,True,False,True,False
XLP,2005-09-29T00:00:00.000Z,13.4446374268,0.0071382057042228,83.7269094689,81.33578889828051,True,discovery,False,True,True,False,True,False
XLP,2005-09-30T00:00:00.000Z,13.5376799003,0.0154284734201273,83.9862929141,81.3500750681565,True,discovery,False,True,True,False,True,False
XLP,2005-10-03T00:00:00.000Z,13.5202344366,0.0123623580450735,83.6859497692,81.363094422752,True,discovery,False,True,True,False,True,False
XLP,2005-10-04T00:00:00.000Z,13.4620828906,-0.0027935186574898,82.7439729217,81.3740955752145,True,discovery,False,True,True,False,True,False
XLP,2005-10-05T00:00:00.000Z,13.369040417,-0.0105338934735298,81.6586466815,81.37956894813,True,discovery,False,True,True,False,True,False
XLP,2005-10-06T00:00:00.000Z,13.2934434073,-0.0123220649404566,81.3651315185,81.3804727659645,True,discovery,False,False,True,False,False,False
XLP,2005-10-07T00:00:00.000Z,13.2818130981,-0.0174105493727229,81.6449975438,81.381798110616,True,discovery,False,True,True,False,True,False
XLP,2005-10-10T00:00:00.000Z,13.2352918613,-0.0229434961310184,80.9555761596,81.37937290330899,True,discovery,False,False,True,False,False,False
XLP,2005-10-11T00:00:00.000Z,13.2352918613,-0.0136743098085874,80.8395366464,81.3772104294165,True,discovery,False,False,True,False,False,False
XLP,2005-10-12T00:00:00.000Z,13.1887706246,-0.0107423635176202,80.2047247822,81.3696485482985,True,discovery,False,False,True,False,False,False
XLP,2005-10-13T00:00:00.000Z,13.153879697,-0.0171985155134861,80.156943244,81.3612408458115,True,discovery,False,False,True,False,False,False
XLP,2005-10-14T00:00:00.000Z,13.2294767067,-0.0142980935890195,81.0033576978,81.357840725583,True,discovery,False,False,True,False,False,False
XLP,2005-10-17T00:00:00.000Z,13.3748555716,0.002615518738682,81.3037008426,81.356818949068,True,discovery,False,False,True,False,False,False
XLP,2005-10-18T00:00:00.000Z,13.2759979435,0.0013157894745079,80.4231546709,81.353316324331,True,discovery,False,False,True,False,False,False
XLP,2005-10-19T00:00:00.000Z,13.4155616538,0.024422735346379,81.7610370571,81.36145954906401,True,discovery,False,True,True,False,True,False
XLP,2005-10-20T00:00:00.000Z,13.3108888711,0.0088144557052589,80.3207642954,81.3651662236055,True,discovery,False,False,True,False,False,False
XLP,2005-10-21T00:00:00.000Z,13.2992585619,0.0061592608925609,80.6347565779,81.3684198285775,True,discovery,False,False,True,False,False,False
XLP,2005-10-24T00:00:00.000Z,13.4155616538,0.0185430463539755,81.8839038695,81.37849235970249,True,discovery,False,True,True,False,True,False
XLP,2005-10-25T00:00:00.000Z,13.369040417,0.0043687199602617,81.7200828181,81.385857626917,True,discovery,False,True,True,False,True,False
XLP,2005-10-26T00:00:00.000Z,13.3283343349,0.0,81.4811764924,81.39479317612,True,discovery,False,True,True,False,True,False
XLP,2005-10-27T00:00:00.000Z,13.2004009338,-0.018166089961872,80.6142794584,81.398079267823,True,discovery,False,False,True,False,False,False
XLP,2005-10-28T00:00:00.000Z,13.4213768084,-0.0085910652901036,81.7746916555,81.4103705481235,True,discovery,False,True,True,False,True,False
XLP,2005-10-31T00:00:00.000Z,13.4737131998,-0.0034408602171914,81.9999433827,81.421697635086,True,discovery,False,True,True,False,True,False
XLP,2005-11-01T00:00:00.000Z,13.39811619,-0.0047516198733752,82.2456776902,81.430106163045,True,discovery,False,True,True,False,True,False
XLP,2005-11-02T00:00:00.000Z,13.4330071176,0.0047846889982217,83.1057467424,81.4470296911695,True,discovery,False,True,True,False,True,False
XLP,2005-11-03T00:00:00.000Z,13.485343509,0.0144356955395483,83.4606932638,81.4681555964975,True,discovery,False,True,True,False,True,False
XLP,2005-11-04T00:00:00.000Z,13.4795283544,0.0148861646252409,83.3514810498,81.491163085352,True,discovery,False,True,True,False,True,False
XLP,2005-11-07T00:00:00.000Z,13.5086041274,0.020650263625781,83.4333936233,81.5153556200895,True,discovery,False,True,True,False,True,False
XLP,2005-11-08T00:00:00.000Z,13.4678980452,0.017574692446348,83.4333936233,81.5384355061625,True,discovery,False,True,True,False,True,False
XLP,2005-11-09T00:00:00.000Z,13.4911586636,0.0229276895934469,83.5426058373,81.560881329702,True,discovery,False,True,True,False,True,False
XLP,2005-11-10T00:00:00.000Z,13.6481678377,0.0375773651641904,84.1910675218,81.5858951269945,True,discovery,False,True,True,False,True,False
XLP,2005-11-11T00:00:00.000Z,13.6656133015,0.0329670329725984,84.4777608464,81.61234239091,True,discovery,False,True,True,False,True,False
XLP,2005-11-14T00:00:00.000Z,13.6132769101,0.0178260869602406,84.4299793082,81.6360893751835,True,discovery,False,True,True,False,True,False
XLP,2005-11-15T00:00:00.000Z,13.5434950549,0.0201489268481671,84.1228095468,81.65577171770751,True,discovery,False,True,True,False,True,False
XLP,2005-11-16T00:00:00.000Z,13.5783859825,0.0121369744258064,84.2934578974,81.6750935049745,True,discovery,False,True,True,False,True,False
XLP,2005-11-17T00:00:00.000Z,13.5725708279,0.0196592398399593,85.0784409927,81.69938543539051,True,discovery,False,True,True,False,True,False
XLP,2005-11-18T00:00:00.000Z,13.6074617555,0.0231744643632199,85.4129103947,81.721067609947,True,discovery,False,True,True,False,True,False
XLP,2005-11-21T00:00:00.000Z,13.6249072193,0.015604681406738,85.8429476512,81.745439456729,True,discovery,False,True,True,False,True,False
XLP,2005-11-22T00:00:00.000Z,13.7179496928,0.0260983036117032,86.2115487711,81.771182271133,True,discovery,False,True,True,False,True,False
XLP,2005-11-23T00:00:00.000Z,13.7702860842,0.033158813261666,86.7098392245,81.80245109270649,True,discovery,False,True,True,False,True,False
XLP,2005-11-25T00:00:00.000Z,13.7819163934,0.0440528634331867,86.7780971995,81.83261136286801,True,discovery,False,True,True,False,True,False
XLP,2005-11-28T00:00:00.000Z,13.7179496928,0.0220970537250979,86.1637672329,81.85622711092749,True,discovery,False,True,True,False,True,False
XLP,2005-11-29T00:00:00.000Z,13.7063193836,0.0172637030602262,86.0681993784,81.879668464752,True,discovery,False,True,True,False,True,False
XLP,2005-11-30T00:00:00.000Z,13.5958314463,0.0147569444462327,85.6040413255,81.899271762662,True,discovery,False,True,True,False,True,False
XLP,2005-12-01T00:00:00.000Z,13.6888739199,0.0190476190520856,86.4777595154,81.92297390686399,True,discovery,False,True,True,False,True,False
XLP,2005-12-02T00:00:00.000Z,13.6830587653,0.0146614920241405,86.5869717294,81.950526388094,True,discovery,False,True,True,False,True,False
XLP,2005-12-05T00:00:00.000Z,13.6307223739,0.011216566004748,86.4026742412,81.97661791954201,True,discovery,False,True,True,False,True,False
XLP,2005-12-06T00:00:00.000Z,13.6190920647,0.0081790787751263,86.5664952925,82.009563945441,True,discovery,False,True,True,False,True,False
XLP,2005-12-07T00:00:00.000Z,13.5842011371,0.0086355785817262,86.06137754,82.03711842061449,True,discovery,False,True,True,False,True,False
XLP,2005-12-08T00:00:00.000Z,13.5609405187,0.0051724137889117,86.0067687026,82.06173618633,True,discovery,False,True,True,False,True,False
XLP,2005-12-09T00:00:00.000Z,13.5842011371,-0.0046868342594166,86.2320258906,82.083467879773,True,discovery,False,True,True,False,True,False
XLP,2005-12-12T00:00:00.000Z,13.6132769101,-0.0038297872364246,86.3139336859,82.10830650144649,True,discovery,False,True,True,False,True,False
XLP,2005-12-13T00:00:00.000Z,13.7819163934,0.012387868432683,86.9009646945,82.13405722357851,True,discovery,False,True,True,False,True,False
XLP,2005-12-14T00:00:00.000Z,13.8982194853,0.02619149849888,87.2422613957,82.1617167495105,True,discovery,False,True,True,False,True,False
XLP,2005-12-15T00:00:00.000Z,13.9214801037,0.025267665953979,86.9897045672,82.187944894989,True,discovery,False,True,True,False,True,False
XLP,2005-12-16T00:00:00.000Z,13.9100824007,0.0248671808075007,86.7109805206,82.2076881103665,True,discovery,False,True,True,False,True,False
XLP,2005-12-19T00:00:00.000Z,13.8867041109,0.0205212669649528,86.2649350132,82.224998801515,True,discovery,False,True,True,False,True,False
XLP,2005-12-20T00:00:00.000Z,13.8048800968,0.0132091084807581,86.3472836814,82.2442722256375,True,discovery,False,True,True,False,True,False
XLP,2005-12-21T00:00:00.000Z,13.8457921039,0.0093193526702535,86.484525972,82.26881740912049,True,discovery,False,True,True,False,True,False
XLP,2005-12-22T00:00:00.000Z,13.8574812488,0.006332124406627,86.9374343831,82.29471677931501,True,discovery,False,True,True,False,True,False
XLP,2005-12-23T00:00:00.000Z,13.834102959,0.0037865971690984,86.9854699053,82.3237222890835,True,discovery,False,True,True,False,True,False
XLP,2005-12-27T00:00:00.000Z,13.7405898,0.00165040022066,86.1002431666,82.345772872216,True,discovery,False,True,True,False,True,False
XLP,2005-12-28T00:00:00.000Z,13.7581235173,0.0037795802250153,86.2923845693,82.37215588628551,True,discovery,False,True,True,False,True,False
XLP,2005-12-29T00:00:00.000Z,13.7230560827,0.009357620893029,85.9081017639,82.400056631243,True,discovery,False,True,True,False,True,False
XLP,2005-12-30T00:00:00.000Z,13.6120092064,-0.0056151231978446,85.4414709766,82.42481501526599,True,discovery,False,True,True,False,True,False
XLP,2006-01-03T00:00:00.000Z,13.699677793,0.0012145696357122,86.9442931694,82.45827742534249,True,discovery,False,True,True,False,True,False
XLP,2006-01-04T00:00:00.000Z,13.7464343725,0.0084890584244869,87.3560303344,82.49528793567652,True,discovery,False,True,True,False,True,False
XLP,2006-01-05T00:00:00.000Z,13.6762995032,0.0042005324751623,87.4109239567,82.53663491224799,True,discovery,False,True,True,False,True,False
XLP,2006-01-06T00:00:00.000Z,13.7347452276,0.0110822925088207,88.1383224387,82.581280387027,True,discovery,False,True,True,False,True,False
XLP,2006-01-09T00:00:00.000Z,13.7990355244,0.0175574109606686,88.3647769873,82.626584236573,True,discovery,False,True,True,False,True,False
XLP,2006-01-10T00:00:00.000Z,13.7639680898,0.0132335314300549,88.4539789521,82.6717586476755,True,discovery,False,True,True,False,True,False
XLP,2006-01-11T00:00:00.000Z,13.7756572346,0.0119280850284861,88.7353326129,82.72098013127999,True,discovery,False,True,True,False,True,False
XLP,2006-01-12T00:00:00.000Z,13.7405898,-0.0029986100786237,88.3853629535,82.762866497162,True,discovery,False,True,True,False,True,False
XLP,2006-01-13T00:00:00.000Z,13.7230560827,-0.0126032980544932,88.3030094818,82.805085801209,True,discovery,False,True,True,False,True,False
XLP,2006-01-17T00:00:00.000Z,13.6704549308,-0.0180315003167862,88.0628380466,82.84789829984751,True,discovery,False,True,True,False,True,False
XLP,2006-01-18T00:00:00.000Z,13.7055223654,-0.014705882352624,87.7128635837,82.88828393438202,True,discovery,False,True,True,False,True,False
XLP,2006-01-19T00:00:00.000Z,13.7405898,-0.0105218855196397,88.0491108668,82.928455182963,True,discovery,False,True,True,False,True,False
XLP,2006-01-20T00:00:00.000Z,13.5418743371,-0.0190516511447981,86.4433540397,82.959209806963,True,discovery,False,True,True,False,True,False
XLP,2006-01-23T00:00:00.000Z,13.553563482,-0.0211059518810546,86.7521517667,82.98934201337599,True,discovery,False,True,True,False,True,False
XLP,2006-01-24T00:00:00.000Z,13.6003200615,-0.0185575706495917,86.8413640248,83.024117686364,True,discovery,False,True,True,False,True,False
XLP,2006-01-25T00:00:00.000Z,13.6120092064,-0.0160540768894245,86.9168491031,83.058966147409,True,discovery,False,True,True,False,True,False
XLP,2006-01-26T00:00:00.000Z,13.6412320686,-0.0072309655441428,87.3972022667,83.09415151495651,True,discovery,False,True,True,False,True,False
XLP,2006-01-27T00:00:00.000Z,13.7522789449,-0.0004248088333158,88.2069384373,83.138124556657,True,discovery,False,True,True,False,True,False
XLP,2006-01-30T00:00:00.000Z,13.699677793,-0.0017035775092015,88.1383224387,83.1869336035485,True,discovery,False,True,True,False,True,False
XLP,2006-01-31T00:00:00.000Z,13.6353874961,0.0017174753076869,87.4932726249,83.23800110019499,True,discovery,False,True,True,False,True,False
XLP,2006-02-01T00:00:00.000Z,13.6704549308,-0.002133105803038,88.1040092927,83.290937533548,True,discovery,False,True,True,False,True,False
XLP,2006-02-02T00:00:00.000Z,13.6646103583,-0.0059523809580533,87.0815409497,83.33568125279952,True,discovery,False,True,True,False,True,False
XLP,2006-02-03T00:00:00.000Z,13.5769417718,-0.0072649572625074,86.6492178186,83.383713225432,True,discovery,False,True,True,False,True,False
XLP,2006-02-06T00:00:00.000Z,13.5477189096,-0.0136170212771161,86.875671681,83.42539659927701,True,discovery,False,True,True,False,True,False
XLP,2006-02-07T00:00:00.000Z,13.4834286128,-0.0228716645479992,86.1071067565,83.464726559547,True,discovery,False,True,True,False,True,False
XLP,2006-02-08T00:00:00.000Z,13.5418743371,-0.0161358811100839,86.8893995471,83.5053953696115,True,discovery,False,True,True,False,True,False
XLP,2006-02-09T00:00:00.000Z,13.5827863442,-0.0140008485341498,86.7452936666,83.549168728184,True,discovery,False,True,True,False,True,False
XLP,2006-02-10T00:00:00.000Z,13.5652526269,-0.012760527433837,86.9031212371,83.59220795330901,True,discovery,False,True,True,False,True,False
XLP,2006-02-13T00:00:00.000Z,13.5477189096,-0.0127768313445164,86.7452936666,83.639366321603,True,discovery,False,True,True,False,True,False
XLP,2006-02-14T00:00:00.000Z,13.7172115103,0.0034202650706711,87.6648280615,83.685875586648,True,discovery,False,True,True,False,True,False
XLP,2006-02-15T00:00:00.000Z,13.8048800968,0.0072494669485076,87.9736257885,83.73172857723901,True,discovery,False,True,True,False,True,False
XLP,2006-02-16T00:00:00.000Z,13.8691703936,0.0093577201176617,88.6324034683,83.78019846782499,True,discovery,False,True,True,False,True,False
XLP,2006-02-17T00:00:00.000Z,13.8107246693,0.0198532585303532,88.3922217399,83.8244209342495,True,discovery,False,True,True,False,True,False
XLP,2006-02-21T00:00:00.000Z,13.793190952,0.0176800345029735,88.1726355847,83.867680873672,True,discovery,False,True,True,False,True,False
XLP,2006-02-22T00:00:00.000Z,13.9042378283,0.0223463687196843,88.7078878604,83.91486953822451,True,discovery,False,True,True,False,True,False
XLP,2006-02-23T00:00:00.000Z,13.9100824007,0.0218978102189244,88.5775043562,83.9589352146195,True,discovery,False,True,True,False,True,False
XLP,2006-02-24T00:00:00.000Z,13.8399475314,0.0145672664903495,88.8039589048,84.00826288238801,True,discovery,False,True,True,False,True,False
XLP,2006-02-27T00:00:00.000Z,13.9393052629,0.0135996600090313,88.8382720508,84.0555957096645,True,discovery,False,True,True,False,True,False
XLP,2006-02-28T00:00:00.000Z,13.7522789449,0.0038395904410888,87.9942117547,84.10307490138601,True,discovery,False,True,True,False,True,False
XLP,2006-03-01T00:00:00.000Z,13.8048800968,0.0124303471939084,88.776503859,84.15524409232499,True,discovery,False,True,True,False,True,False
XLP,2006-03-02T00:00:00.000Z,13.7289006551,0.0042753313328527,88.7696457589,84.20372317549449,True,discovery,False,True,True,False,True,False
XLP,2006-03-03T00:00:00.000Z,13.7639680898,0.0072711719467104,88.3579085939,84.24750326864101,True,discovery,False,True,True,False,True,False
XLP,2006-03-06T00:00:00.000Z,13.7172115103,0.0103314679297916,87.9530398224,84.285163159552,True,discovery,False,True,True,False,True,False
XLP,2006-03-07T00:00:00.000Z,13.8107246693,0.0194132873183272,87.8157975318,84.3204443341495,True,discovery,False,True,True,False,True,False
XLP,2006-03-08T00:00:00.000Z,13.9626835526,0.0355439965280817,88.0010801481,84.357227366711,True,discovery,False,True,True,False,True,False
XLP,2006-03-09T00:00:00.000Z,13.9860618424,0.0328010358272992,87.4109239567,84.3888255254395,True,discovery,False,True,True,False,True,False
XLP,2006-03-10T00:00:00.000Z,14.114642436,0.0391566265066893,88.2412515833,84.425523121638,True,discovery,False,True,True,False,True,False
XLP,2006-03-13T00:00:00.000Z,14.1263315809,0.0413614821214149,88.4059489197,84.46334884185349,True,discovery,False,True,True,False,True,False
XLP,2006-03-14T00:00:00.000Z,14.0912641463,0.0401207937902254,89.3323421009,84.503640125138,True,discovery,False,True,True,False,True,False
XLP,2006-03-15T00:00:00.000Z,14.0386629943,0.0234341712788075,89.730352086,84.545244466559,True,discovery,False,True,True,False,True,False
XLP,2006-03-16T00:00:00.000Z,14.0854195738,0.020321761220152,89.9156347024,84.59038166839251,True,discovery,False,True,True,False,True,False
XLP,2006-03-17T00:00:00.000Z,14.0773306856,0.0150088495629165,89.990752652,84.632441760213,True,discovery,False,True,True,False,True,False
XLP,2006-03-20T00:00:00.000Z,14.1595855393,0.0252601422701217,89.8460791804,84.67289837537801,True,discovery,False,True,True,False,True,False
XLP,2006-03-21T00:00:00.000Z,14.0655799922,0.0197480801322846,89.2811339965,84.7125951205535,True,discovery,False,True,True,False,True,False
XLP,2006-03-22T00:00:00.000Z,14.1948376195,0.0209000877853604,89.8254113448,84.75538560692499,True,discovery,False,True,True,False,True,False
XLP,2006-03-23T00:00:00.000Z,14.089081379,0.0128682902907169,89.6393918676,84.7969413585755,True,discovery,False,True,True,False,True,False
XLP,2006-03-24T00:00:00.000Z,14.089081379,0.0180010687926934,89.7082910833,84.83958628474801,True,discovery,False,True,True,False,True,False
XLP,2006-03-27T00:00:00.000Z,14.0420786054,0.0073729171261882,89.5773883606,84.87964724515099,True,discovery,False,True,True,False,True,False
XLP,2006-03-28T00:00:00.000Z,13.9304470181,0.0129555307824871,89.0262256379,84.91790021497249,True,discovery,False,True,True,False,True,False
XLP,2006-03-29T00:00:00.000Z,14.030327912,0.0163310230599003,89.5842744241,84.95765710810551,True,discovery,False,True,True,False,True,False
XLP,2006-03-30T00:00:00.000Z,13.9186963247,0.0138245351443704,89.4258184913,84.99567392223749,True,discovery,False,True,True,False,True,False
XLP,2006-03-31T00:00:00.000Z,13.8658182045,0.0073997639369329,89.446486327,85.0330155402375,True,discovery,False,True,True,False,True,False
XLP,2006-04-03T00:00:00.000Z,13.9128209781,0.0142601481105046,89.3775871113,85.06896328883501,True,discovery,False,True,True,False,True,False
XLP,2006-04-04T00:00:00.000Z,13.9010702847,0.0065416998429363,89.9494176697,85.10625499555799,True,discovery,False,True,True,False,True,False
XLP,2006-04-05T00:00:00.000Z,13.9304470181,-0.0023087635251889,90.2594434718,85.1449608834705,True,discovery,False,True,True,False,True,False
XLP,2006-04-06T00:00:00.000Z,13.8775688979,-0.0077572189886286,90.162990357,85.182946606468,True,discovery,False,True,True,False,True,False
XLP,2006-04-07T00:00:00.000Z,13.7541866172,-0.0255377222933145,89.2466843886,85.2160109419655,True,discovery,False,True,True,False,True,False
XLP,2006-04-10T00:00:00.000Z,13.7718126573,-0.0250963189961744,89.38448282,85.25557589028851,True,discovery,False,True,True,False,True,False
XLP,2006-04-11T00:00:00.000Z,13.64255503,-0.0318430704045682,88.6266327844,85.2943423589335,True,discovery,False,True,True,False,True,False
XLP,2006-04-12T00:00:00.000Z,13.6895578036,-0.0248674101544957,88.7919851149,85.3333578288335,True,discovery,False,True,True,False,True,False
XLP,2006-04-13T00:00:00.000Z,13.6660564168,-0.0297728551714603,88.6748648534,85.3683890868605,True,discovery,False,True,True,False,True,False
XLP,2006-04-17T00:00:00.000Z,13.6014276031,-0.0338063439105548,88.6404152456,85.40433565222949,True,discovery,False,True,True,False,True,False
XLP,2006-04-18T00:00:00.000Z,13.7189345371,-0.0311203319459436,90.0458700955,85.449518595513,True,discovery,False,True,True,False,True,False
XLP,2006-04-19T00:00:00.000Z,13.7365605771,-0.0233918128710266,90.2181078005,85.494373217022,True,discovery,False,True,True,False,True,False
XLP,2006-04-20T00:00:00.000Z,13.7600619639,-0.0306291390753727,90.3421244597,85.536585259083,True,discovery,False,True,True,False,True,False
XLP,2006-04-21T00:00:00.000Z,13.7600619639,-0.0233527940004951,90.3558958976,85.5822987380115,True,discovery,False,True,True,False,True,False
XLP,2006-04-24T00:00:00.000Z,13.8188154309,-0.0191826522134249,90.1905545904,85.62558818383,True,discovery,False,True,True,False,True,False
XLP,2006-04-25T00:00:00.000Z,13.8188154309,-0.015899581591442,89.818514947,85.66236132476098,True,discovery,False,True,True,False,True,False
XLP,2006-04-26T00:00:00.000Z,13.9480730582,0.0012652889083242,89.8391827827,85.6971306595225,True,discovery,False,True,True,False,True,False
XLP,2006-04-27T00:00:00.000Z,13.9656990983,-0.0046063651616242,90.273225244,85.7329826512095,True,discovery,False,True,True,False,True,False
XLP,2006-04-28T00:00:00.000Z,14.0009511785,0.0059096665291871,90.5763649827,85.76977258459101,True,discovery,False,True,True,False,True,False
XLP,2006-05-01T00:00:00.000Z,13.9950758318,0.0093220338961352,89.8391827827,85.80124526030652,True,discovery,False,True,True,False,True,False
XLP,2006-05-02T00:00:00.000Z,14.0773306856,0.0118243243235109,90.5143621647,85.8363317628605,True,discovery,False,True,True,False,True,False
XLP,2006-05-03T00:00:00.000Z,13.9833251384,0.0059171597593123,90.1767721292,85.871395627617,True,discovery,False,True,True,False,True,False
XLP,2006-05-04T00:00:00.000Z,14.0068265252,0.005482918602738,90.5005803925,85.90580146801001,True,discovery,False,True,True,False,True,False
XLP,2006-05-05T00:00:00.000Z,14.1360841525,0.0186282811133526,91.2997654104,85.9427758000615,True,discovery,False,True,True,False,True,False
XLP,2006-05-08T00:00:00.000Z,14.2124636596,0.0333190944077281,91.1895312124,85.981645964129,True,discovery,False,True,True,False,True,False
XLP,2006-05-09T00:00:00.000Z,14.253532333,0.03497866894411,91.3686542918,86.01862488293,True,discovery,False,True,True,False,True,False
XLP,2006-05-10T00:00:00.000Z,14.1948376195,0.0404823428078926,91.3204332461,86.0565522068015,True,discovery,False,True,True,False,True,False
XLP,2006-05-11T00:00:00.000Z,14.0185772186,0.0240343347623308,90.2181078005,86.08845813225201,True,discovery,False,True,True,False,True,False
XLP,2006-05-12T00:00:00.000Z,13.9069456314,0.0176268271733364,89.0400074101,86.112944164003,True,discovery,False,True,True,False,True,False
XLP,2006-05-15T00:00:00.000Z,14.0597046455,0.033693304539264,89.2191311785,86.1356749017535,True,discovery,False,True,True,False,True,False
XLP,2006-05-16T00:00:00.000Z,14.1125827657,0.0286937901435027,89.0882291448,86.160571982902,True,discovery,False,True,True,False,True,False
XLP,2006-05-17T00:00:00.000Z,13.9363223648,0.0145423438843212,87.3934101278,86.177300830322,True,discovery,False,True,True,False,True,False
XLP,2006-05-18T00:00:00.000Z,13.8658182045,0.0076857386890738,86.952482292,86.18931007694052,True,discovery,False,True,True,False,True,False
XLP,2006-05-19T00:00:00.000Z,13.8775688979,0.0085397096545265,87.5656478328,86.20326360297899,True,discovery,False,True,True,False,True,False
XLP,2006-05-22T00:00:00.000Z,13.9186963247,0.0072278911531489,86.8973648485,86.2172743246615,True,discovery,False,True,True,False,True,False
XLP,2006-05-23T00:00:00.000Z,13.9128209781,0.0068027210921273,86.2359727504,86.23083293232301,True,discovery,False,True,True,False,True,False
XLP,2006-05-24T00:00:00.000Z,14.0185772186,0.005054759901659,86.9249235703,86.248617957521,True,discovery,False,True,True,False,True,False
XLP,2006-05-25T00:00:00.000Z,14.1537101926,0.0134623474970103,87.9996902941,86.26926185471551,True,discovery,False,True,True,False,True,False
XLP,2006-05-26T00:00:00.000Z,14.1537101926,0.0109106168682724,88.4475097049,86.292348755402,True,discovery,False,True,True,False,True,False
XLP,2006-05-30T00:00:00.000Z,13.9774497917,-0.0012594458445126,86.8766970129,86.30591628024851,True,discovery,False,True,True,False,True,False
XLP,2006-05-31T00:00:00.000Z,14.030327912,-0.0033388981654085,87.8481204248,86.3269238729815,True,discovery,False,True,True,False,True,False
XLP,2006-06-01T00:00:00.000Z,14.106707419,0.008823529409409,88.6886362913,86.34955109421999,True,discovery,False,True,True,False,True,False
XLP,2006-06-02T00:00:00.000Z,14.0773306856,0.005033557049711,88.8746557685,86.37858017925349,True,discovery,False,True,True,False,True,False
XLP,2006-06-05T00:00:00.000Z,13.8775688979,-0.0182876142934025,87.5794302939,86.401167129817,True,discovery,False,True,True,False,True,False
XLP,2006-06-06T00:00:00.000Z,13.9186963247,-0.0206696982265681,87.365852095,86.4227201584985,True,discovery,False,True,True,False,True,False
XLP,2006-06-07T00:00:00.000Z,13.9128209781,-0.0239036434576418,86.711350883,86.44004907356052,True,discovery,False,True,True,False,True,False
XLP,2006-06-08T00:00:00.000Z,13.9598237516,-0.0165562913926645,86.6355656038,86.4569990622265,True,discovery,False,True,True,False,True,False
XLP,2006-06-09T00:00:00.000Z,14.0009511785,-0.0012573344516456,86.3599838979,86.47335283298901,True,discovery,False,False,True,False,False,False
XLP,2006-06-12T00:00:00.000Z,13.8893195913,-0.0012674271236239,85.4230107829,86.488726210098,True,discovery,False,False,True,False,False,False
XLP,2006-06-13T00:00:00.000Z,13.8423168177,-0.0154617634780527,84.430925047,86.4976437902705,True,discovery,False,False,True,False,False,False
XLP,2006-06-14T00:00:00.000Z,13.9010702847,-0.0149875104019989,85.085426259,86.5126547028805,True,discovery,False,False,True,False,False,False
XLP,2006-06-15T00:00:00.000Z,13.9363223648,0.0,86.890479474,86.53353017374,True,discovery,False,True,True,False,True,False
XLP,2006-06-16T00:00:00.000Z,14.0283418274,0.0117211707598514,86.2604125917,86.55343041755101,True,discovery,False,False,True,False,False,False
XLP,2006-06-19T00:00:00.000Z,13.9751817952,0.0070338614794966,85.5822292943,86.5647398741085,True,discovery,False,False,True,False,False,False
XLP,2006-06-20T00:00:00.000Z,14.0755951894,0.0112725258917796,85.8728767086,86.577808456283,True,discovery,False,False,True,False,False,False
XLP,2006-06-21T00:00:00.000Z,14.1287552215,0.0155205219516516,86.5095401331,86.594808053303,True,discovery,False,False,True,False,False,False
XLP,2006-06-22T00:00:00.000Z,14.1051285406,0.0061740446730331,86.1289265355,86.60504456922651,True,discovery,False,False,True,False,False,False
XLP,2006-06-23T00:00:00.000Z,14.0578751786,-0.0067710171181903,86.1150881926,86.614498161426,True,discovery,False,False,True,False,False,False
XLP,2006-06-26T00:00:00.000Z,14.1346618918,-0.0013458167887285,86.4956969461,86.6272482413195,True,discovery,False,False,True,False,False,False
XLP,2006-06-27T00:00:00.000Z,14.0696885191,0.0065991099073574,85.748318474,86.6325229640275,True,discovery,False,False,True,False,False,False
XLP,2006-06-28T00:00:00.000Z,14.1346618918,0.0074363179858942,86.3296133025,86.6415538135195,True,discovery,False,False,True,False,False,False
XLP,2006-06-29T00:00:00.000Z,14.359115361,0.0178927608337604,88.0735040162,86.6616491374785,True,discovery,False,True,True,False,True,False
XLP,2006-06-30T00:00:00.000Z,14.2882353181,0.0149818624858857,88.0804256098,86.68330846115299,True,discovery,False,True,True,False,True,False
XLP,2006-07-03T00:00:00.000Z,14.3709287015,0.0355508812263694,88.440279271,86.70697095957149,True,discovery,False,True,True,False,True,False
XLP,2006-07-05T00:00:00.000Z,14.2527952967,0.024003610985255,87.9351019026,86.7251450431015,True,discovery,False,True,True,False,True,False
XLP,2006-07-06T00:00:00.000Z,14.4181820635,0.0363234089043109,88.1911510376,86.7459987024335,True,discovery,False,True,True,False,True,False
XLP,2006-07-07T00:00:00.000Z,14.3886487122,0.0307185082154672,87.6167729584,86.767529933171,True,discovery,False,True,True,False,True,False
XLP,2006-07-10T00:00:00.000Z,14.4772487659,0.0340189449507837,87.78285591,86.7937823576475,True,discovery,False,True,True,False,True,False
XLP,2006-07-11T00:00:00.000Z,14.5540354791,0.0478580598157136,88.1703917931,86.820504913028,True,discovery,False,True,True,False,True,False
XLP,2006-07-12T00:00:00.000Z,14.4359020742,0.0428819296883156,87.2292426114,86.842180405321,True,discovery,False,True,True,False,True,False
XLP,2006-07-13T00:00:00.000Z,14.3177686693,0.0299759929318992,85.8105975913,86.8562848571315,True,discovery,False,False,True,False,False,False
XLP,2006-07-14T00:00:00.000Z,14.1760085835,0.0171986706697737,85.47842546,86.86883083388301,True,discovery,False,False,True,False,False,False
XLP,2006-07-17T00:00:00.000Z,14.211448605,0.0130526315834673,85.3538609973,86.8803444493445,True,discovery,False,False,True,False,False,False
XLP,2006-07-18T00:00:00.000Z,14.2764219776,0.0215553677093107,85.7898376549,86.89065909027451,True,discovery,False,False,True,False,False,False
XLP,2006-07-19T00:00:00.000Z,14.4536220849,0.0268569030590395,86.980114378,86.905628197594,True,discovery,False,True,True,False,True,False
XLP,2006-07-20T00:00:00.000Z,14.4654354254,0.0238294314411837,86.3849763624,86.91912333056,True,discovery,False,False,True,False,False,False
XLP,2006-07-21T00:00:00.000Z,14.4359020742,0.0234505862635638,85.7759944678,86.93428343829049,True,discovery,False,False,True,False,False,False
XLP,2006-07-24T00:00:00.000Z,14.5422221386,0.0344537815172316,87.3399631951,86.96269002085852,True,discovery,False,True,True,False,True,False
XLP,2006-07-25T00:00:00.000Z,14.6131021815,0.0338487254497088,87.6513760819,86.99412124367551,True,discovery,False,True,True,False,True,False
XLP,2006-07-26T00:00:00.000Z,14.5422221386,0.0335852225057096,87.7690182591,87.024741347252,True,discovery,False,True,True,False,True,False
XLP,2006-07-27T00:00:00.000Z,14.4477154147,0.0221479314677921,87.6859736692,87.0583933348,True,discovery,False,True,True,False,True,False
XLP,2006-07-28T00:00:00.000Z,14.5835688303,0.0156314274004389,88.5648430417,87.0970198667765,True,discovery,False,True,True,False,True,False
XLP,2006-07-31T00:00:00.000Z,14.5126887874,0.0157089706533366,88.4748768583,87.138370627157,True,discovery,False,True,True,False,True,False
XLP,2006-08-01T00:00:00.000Z,14.4418087444,0.0049321824895423,88.0389057369,87.17778043962149,True,discovery,False,True,True,False,True,False
XLP,2006-08-02T00:00:00.000Z,14.5717554898,0.0223787815975893,88.6340444445,87.21593387335501,True,discovery,False,True,True,False,True,False
XLP,2006-08-03T00:00:00.000Z,14.6071955112,0.0131093813954876,88.8693287988,87.253762013136,True,discovery,False,True,True,False,True,False
XLP,2006-08-04T00:00:00.000Z,14.6131021815,0.0155993431898637,88.7170834982,87.2952316572725,True,discovery,False,True,True,False,True,False
XLP,2006-08-07T00:00:00.000Z,14.57766216,0.0069359445101553,88.5094806738,87.328973875356,True,discovery,False,True,True,False,True,False
XLP,2006-08-08T00:00:00.000Z,14.6426355327,0.0060876623344248,88.1703917931,87.36822201284451,True,discovery,False,True,True,False,True,False
XLP,2006-08-09T00:00:00.000Z,14.5481288088,0.0077741407515206,87.8728220933,87.40441234042152,True,discovery,False,True,True,False,True,False
XLP,2006-08-10T00:00:00.000Z,14.7017022351,0.0268151815179991,88.1427102632,87.43570637239,True,discovery,False,True,True,False,True,False
XLP,2006-08-11T00:00:00.000Z,14.6721688839,0.0349999999984127,87.8935820298,87.4665738684485,True,discovery,False,True,True,False,True,False
XLP,2006-08-14T00:00:00.000Z,14.7017022351,0.034497090601131,87.9627834326,87.49898190314951,True,discovery,False,True,True,False,True,False
XLP,2006-08-15T00:00:00.000Z,14.796208959,0.0364087712044065,89.0146580421,87.54098379606799,True,discovery,False,True,True,False,True,False
XLP,2006-08-16T00:00:00.000Z,14.8139289698,0.0249284838626311,89.7551149206,87.5808859123935,True,discovery,False,True,True,False,True,False
XLP,2006-08-17T00:00:00.000Z,14.7903022888,0.0224581461840798,89.9834832176,87.62080361156801,True,discovery,False,True,True,False,True,False
XLP,2006-08-18T00:00:00.000Z,14.8789023424,0.0306873977062878,90.4402191196,87.661776318715,True,discovery,False,True,True,False,True,False
XLP,2006-08-21T00:00:00.000Z,14.9143423639,0.0255889520702798,90.0526894646,87.696511032326,True,discovery,False,True,True,False,True,False
XLP,2006-08-22T00:00:00.000Z,14.9025290234,0.0198059822141263,90.0457623349,87.72943637768148,True,discovery,False,True,True,False,True,False
XLP,2006-08-23T00:00:00.000Z,14.8552756615,0.0215272136483908,89.7966347935,87.7616621464,True,discovery,False,True,True,False,True,False
XLP,2006-08-24T00:00:00.000Z,14.9320623746,0.0335241210113534,89.7205117972,87.79309773726949,True,discovery,False,True,True,False,True,False
XLP,2006-08-25T00:00:00.000Z,14.9084356936,0.0222762251874197,89.831237917,87.82508695873801,True,discovery,False,True,True,False,True,False
XLP,2006-08-28T00:00:00.000Z,14.9675023961,0.0313390313375196,90.2602874448,87.8586753667755,True,discovery,False,True,True,False,True,False
XLP,2006-08-29T00:00:00.000Z,15.0206624283,0.0400817995962214,90.3640968153,87.889540513243,True,discovery,False,True,True,False,True,False
XLP,2006-08-30T00:00:00.000Z,15.06200912,0.0336441021497493,90.4194598752,87.919249008387,True,discovery,False,True,True,False,True,False
XLP,2006-08-31T00:00:00.000Z,15.0738224604,0.031945006065142,90.4056159961,87.9491271918265,True,discovery,False,True,True,False,True,False
XLP,2006-09-01T00:00:00.000Z,15.1565158439,0.0371867421202292,90.9453916438,87.9832401023115,True,discovery,False,True,True,False,True,False
XLP,2006-09-05T00:00:00.000Z,15.1033558117,0.036061588334957,91.1183968808,88.01736479722851,True,discovery,False,True,True,False,True,False
XLP,2006-09-06T00:00:00.000Z,15.06200912,0.028640580882004,90.3156505047,88.04355084478851,True,discovery,False,True,True,False,True,False
XLP,2006-09-07T00:00:00.000Z,15.0088490878,0.0316686967138561,89.9004441639,88.0659885136345,True,discovery,False,True,True,False,True,False
XLP,2006-09-08T00:00:00.000Z,15.0856358009,0.0261149055844271,90.1564884547,88.087556217652,True,discovery,False,True,True,False,True,False
XLP,2006-09-11T00:00:00.000Z,15.1978625356,0.03582930757271,90.2464546381,88.107730746987,True,discovery,False,True,True,False,True,False
XLP,2006-09-12T00:00:00.000Z,15.2037692058,0.0341502611514825,91.1322400679,88.129842751204,True,discovery,False,True,True,False,True,False
XLP,2006-09-13T00:00:00.000Z,15.0915424712,0.0199600798433141,91.4990104785,88.15344731759899,True,discovery,False,True,True,False,True,False
XLP,2006-09-14T00:00:00.000Z,15.0915424712,0.0187400318960588,91.5059272279,88.18015811757401,True,discovery,False,True,True,False,True,False
XLP,2006-09-15T00:00:00.000Z,15.1871123957,0.0268290734801603,91.7200046002,88.208417143683,True,discovery,False,True,True,False,True,False
XLP,2006-09-18T00:00:00.000Z,15.1277413543,0.0167242855805895,91.845109679,88.2396224854505,True,discovery,False,True,True,False,True,False
XLP,2006-09-19T00:00:00.000Z,15.1633639791,0.0166967881736948,91.6157394787,88.26531238526701,True,discovery,False,True,True,False,True,False
XLP,2006-09-20T00:00:00.000Z,15.2524205413,0.0234786671007718,92.1022787683,88.29288892046151,True,discovery,False,True,True,False,True,False
XLP,2006-09-21T00:00:00.000Z,15.115867146,0.0175420160781913,91.6574409399,88.31916275395498,True,discovery,False,True,True,False,True,False
XLP,2006-09-22T00:00:00.000Z,15.1277413543,0.0131046184238325,91.3794214676,88.3432273848305,True,discovery,False,True,True,False,True,False
XLP,2006-09-25T00:00:00.000Z,15.032747688,0.0083383660737368,92.0814276901,88.373327635581,True,discovery,False,True,True,False,True,False
XLP,2006-09-26T00:00:00.000Z,15.0505590004,0.005549129180139,92.845996878,88.40752377645798,True,discovery,False,True,True,False,True,False
XLP,2006-09-27T00:00:00.000Z,15.1455526667,0.0083145626230636,92.9572084203,88.4411496891065,True,discovery,False,True,True,False,True,False
XLP,2006-09-28T00:00:00.000Z,15.1099300419,0.0031815756794602,92.9224533797,88.47419228757549,True,discovery,False,True,True,False,True,False
XLP,2006-09-29T00:00:00.000Z,15.0683703129,-0.0003616964120628,92.845996878,88.503917448493,True,discovery,False,True,True,False,True,False
XLP,2006-10-02T00:00:00.000Z,14.9674395424,-0.0124749186057887,92.4984673246,88.53019847813749,True,discovery,False,True,True,False,True,False
XLP,2006-10-03T00:00:00.000Z,14.9852508549,-0.0078197824557976,92.6930831794,88.55871537119849,True,discovery,False,True,True,False,True,False
XLP,2006-10-04T00:00:00.000Z,15.1455526667,0.0055466402944257,93.7773733009,88.5940473351,True,discovery,False,True,True,False,True,False
XLP,2006-10-05T00:00:00.000Z,15.0861816253,0.0051524628602508,93.9580851934,88.632513086001,True,discovery,False,True,True,False,True,False
XLP,2006-10-06T00:00:00.000Z,15.0030621673,-0.0054736594923678,93.8399265353,88.6699763002705,True,discovery,False,True,True,False,True,False
XLP,2006-10-09T00:00:00.000Z,15.0564961046,-0.0093017311262592,93.8955319589,88.70703133020501,True,discovery,False,True,True,False,True,False
XLP,2006-10-10T00:00:00.000Z,15.0030621673,-0.0132011368880444,94.0206481586,88.74244739908251,True,discovery,False,True,True,False,True,False
XLP,2006-10-11T00:00:00.000Z,15.0268105839,-0.0042892823860472,93.9094366163,88.7770672326375,True,discovery,False,True,True,False,True,False
XLP,2006-10-12T00:00:00.000Z,15.0505590004,-0.0027156581826019,94.7226543812,88.82017928871049,True,discovery,False,True,True,False,True,False
XLP,2006-10-13T00:00:00.000Z,15.0208734797,-0.0109460516040604,94.9659292389,88.8635470120585,True,discovery,False,True,True,False,True,False
XLP,2006-10-16T00:00:00.000Z,15.0446218963,-0.0054945054951228,95.1118853958,88.909565930218,True,discovery,False,True,True,False,True,False
XLP,2006-10-17T00:00:00.000Z,15.0149363756,-0.0097885669502216,94.8130155404,88.956423653037,True,discovery,False,True,True,False,True,False
XLP,2006-10-18T00:00:00.000Z,15.074307417,-0.0116776956036395,94.9381206191,88.9963927902855,True,discovery,False,True,True,False,True,False
XLP,2006-10-19T00:00:00.000Z,15.1099300419,-0.0003927729744284,95.0910350128,89.03506781367749,True,discovery,False,True,True,False,True,False
XLP,2006-10-20T00:00:00.000Z,15.1633639791,0.0023547880655609,95.1118853958,89.073572620873,True,discovery,False,True,True,False,True,False
XLP,2006-10-23T00:00:00.000Z,15.3117915827,0.0185624012649894,95.5497761084,89.11062988922149,True,discovery,False,True,True,False,True,False
XLP,2006-10-24T00:00:00.000Z,15.2642947496,0.0142011834373938,95.8347531225,89.1479797698975,True,discovery,False,True,True,False,True,False
XLP,2006-10-25T00:00:00.000Z,15.36522552,0.0145041160355268,96.1614315977,89.1865170331255,True,discovery,False,True,True,False,True,False
XLP,2006-10-26T00:00:00.000Z,15.4661562904,0.0235756385047569,96.4603021482,89.225141880802,True,discovery,False,True,True,False,True,False
XLP,2006-10-27T00:00:00.000Z,15.4127223531,0.0228526398707629,95.8556042006,89.26249308703751,True,discovery,False,True,True,False,True,False
XLP,2006-10-30T00:00:00.000Z,15.3474142075,0.0253867512892638,95.7860941196,89.29990851022649,True,discovery,False,True,True,False,True,False
XLP,2006-10-31T00:00:00.000Z,15.3355399993,0.0233755942954707,95.7721894621,89.338455267304,True,discovery,False,True,True,False,True,False
XLP,2006-11-01T00:00:00.000Z,15.2167979164,0.0047040376318945,95.1257900533,89.37551989965199,True,discovery,False,True,True,False,True,False
XLP,2006-11-02T00:00:00.000Z,15.1930494999,0.0070838252683356,95.0701839346,89.410625264991,True,discovery,False,True,True,False,True,False
XLP,2006-11-03T00:00:00.000Z,15.1218042501,0.0079145231470683,94.9033655786,89.4529253226855,True,discovery,False,True,True,False,True,False
XLP,2006-11-06T00:00:00.000Z,15.1752381874,0.0078864353283178,95.9737628586,89.49903337814501,True,discovery,False,True,True,False,True,False
XLP,2006-11-07T00:00:00.000Z,15.198986604,0.0130589631979949,96.3421434902,89.546537275472,True,discovery,False,True,True,False,True,False
XLP,2006-11-08T00:00:00.000Z,15.2524205413,0.0150138285260428,96.5506633074,89.5947063464935,True,discovery,False,True,True,False,True,False
XLP,2006-11-09T00:00:00.000Z,15.1633639791,0.0074950690334492,96.0432625138,89.637936647729,True,discovery,False,True,True,False,True,False
XLP,2006-11-10T00:00:00.000Z,15.1693010833,0.0098814229279404,96.0849744009,89.677326827547,True,discovery,False,True,True,False,True,False
XLP,2006-11-13T00:00:00.000Z,15.1218042501,0.0051302288839163,96.321292412,89.71824167741352,True,discovery,False,True,True,False,True,False
XLP,2006-11-14T00:00:00.000Z,15.1633639791,0.0098853301663803,97.0441490177,89.7659960593775,True,discovery,False,True,True,False,True,False
XLP,2006-11-15T00:00:00.000Z,15.240546333,0.011027963766516,97.322178916,89.81208690749399,True,discovery,False,True,True,False,True,False
XLP,2006-11-16T00:00:00.000Z,15.3474142075,0.0157170923320923,97.5724008895,89.864541207193,True,discovery,False,True,True,False,True,False
XLP,2006-11-17T00:00:00.000Z,15.3711626241,0.0137039937369052,97.6001983883,89.9192961100415,True,discovery,False,True,True,False,True,False
XLP,2006-11-20T00:00:00.000Z,15.323665791,0.0007754943786864,97.655804507,89.97319677417148,True,discovery,False,True,True,False,True,False
XLP,2006-11-21T00:00:00.000Z,15.2999173744,0.0023337222835619,97.7531120869,90.0314268008235,True,discovery,False,True,True,False,True,False
XLP,2006-11-22T00:00:00.000Z,15.3355399993,-0.0019319938169055,97.9477279417,90.0867184427965,True,discovery,False,True,True,False,True,False
XLP,2006-11-24T00:00:00.000Z,15.2761689578,-0.0122840691011203,97.5515498113,90.14074972352,True,discovery,False,True,True,False,True,False
XLP,2006-11-27T00:00:00.000Z,15.0861816253,-0.0211864406766739,96.2100801747,90.187284518208,True,discovery,False,True,True,False,True,False
XLP,2006-11-28T00:00:00.000Z,15.1514897709,-0.0127659574408472,96.6271198092,90.236693648921,True,discovery,False,True,True,False,True,False
XLP,2006-11-29T00:00:00.000Z,15.282106062,-0.003484320558809,97.6349534289,90.286544275758,True,discovery,False,True,True,False,True,False
XLP,2006-11-30T00:00:00.000Z,15.2049237081,-0.000780335545312,97.6766555851,90.335059424741,True,discovery,False,True,True,False,True,False
XLP,2006-12-01T00:00:00.000Z,15.157426875,-0.0023446658881901,97.4611886522,90.3792033506605,True,discovery,False,True,True,False,True,False
XLP,2006-12-04T00:00:00.000Z,15.3770997283,0.0168826069943546,98.204896336,90.428266723641,True,discovery,False,True,True,False,True,False
XLP,2006-12-05T00:00:00.000Z,15.4602191863,0.0187793427279856,98.6288830862,90.48054796114852,True,discovery,False,True,True,False,True,False
XLP,2006-12-06T00:00:00.000Z,15.4780304987,0.0183593750011308,98.5454794687,90.52973591919,True,discovery,False,True,True,False,True,False
XLP,2006-12-07T00:00:00.000Z,15.448344978,0.0128454651620366,98.1145462977,90.5774211288975,True,discovery,False,True,True,False,True,False
XLP,2006-12-08T00:00:00.000Z,15.4780304987,0.0207517619463406,98.2952574952,90.6248776218495,True,discovery,False,True,True,False,True,False
XLP,2006-12-11T00:00:00.000Z,15.5077160194,0.0223091976513383,98.5802345092,90.67358743414148,True,discovery,False,True,True,False,True,False
XLP,2006-12-12T00:00:00.000Z,15.4720933945,0.0231645072642494,98.5037773124,90.72613526193,True,discovery,False,True,True,False,True,False
XLP,2006-12-13T00:00:00.000Z,15.4661562904,0.0199686765890039,98.608032008,90.775292902675,True,discovery,False,True,True,False,True,False
XLP,2006-12-14T00:00:00.000Z,15.5255273318,0.0186988702749413,99.4768558916,90.8288289533385,True,discovery,False,True,True,False,True,False
XLP,2006-12-15T00:00:00.000Z,15.5503444271,0.013222437138683,99.4856490843,90.88446765579047,True,discovery,False,True,True,False,True,False
XLP,2006-12-18T00:00:00.000Z,15.5384101643,0.0108806044337712,99.2130672047,90.940767792702,True,discovery,False,True,True,False,True,False
XLP,2006-12-19T00:00:00.000Z,15.5503444271,0.0147927159983569,99.4017810163,90.99869771012447,True,discovery,False,True,True,False,True,False
XLP,2006-12-20T00:00:00.000Z,15.5622786899,0.0171478910035804,99.3458652434,91.05542163560102,True,discovery,False,True,True,False,True,False
XLP,2006-12-21T00:00:00.000Z,15.5682458213,0.0151742828756353,98.9824190096,91.11327911086548,True,discovery,False,True,True,False,True,False
XLP,2006-12-22T00:00:00.000Z,15.5563115585,0.018338537723292,98.3743536751,91.1639446213245,True,discovery,False,True,True,False,True,False
XLP,2006-12-26T00:00:00.000Z,15.6159828725,0.0351183129276069,98.9544667145,91.2166872102985,True,discovery,False,True,True,False,True,False
XLP,2006-12-27T00:00:00.000Z,15.6696870551,0.0342010780481305,99.6044664325,91.2680478319565,True,discovery,False,True,True,False,True,False
XLP,2006-12-28T00:00:00.000Z,15.6637199237,0.0249712873442822,99.394795913,91.3163700510915,True,discovery,False,True,True,False,True,False
XLP,2006-12-29T00:00:00.000Z,15.6219500039,0.0274270561172129,98.9824190096,91.3617039726275,True,discovery,False,True,True,False,True,False
XLP,2007-01-03T00:00:00.000Z,15.6857983099,0.0348589136703323,98.8076865874,91.40578864230449,True,discovery,False,True,True,False,True,False
XLP,2007-01-04T00:00:00.000Z,15.7114569749,0.0217438432804497,99.0173675908,91.4516450843565,True,discovery,False,True,True,False,True,False
XLP,2007-01-05T00:00:00.000Z,15.5980814783,0.008917227520433,98.227573548,91.496377282114,True,discovery,False,True,True,False,True,False
XLP,2007-01-08T00:00:00.000Z,15.6219500039,0.0092983086712541,98.681884136,91.54065964607,True,discovery,False,True,True,False,True,False
XLP,2007-01-09T00:00:00.000Z,15.6577527923,0.0135553559037047,98.598016068,91.585452767072,True,discovery,False,True,True,False,True,False
XLP,2007-01-10T00:00:00.000Z,15.7233912377,0.0158521937930413,98.9265032366,91.63154382783848,True,discovery,False,True,True,False,True,False
XLP,2007-01-11T00:00:00.000Z,15.8427338657,0.0216033003106901,99.3598473318,91.68045612269452,True,discovery,False,True,True,False,True,False
XLP,2007-01-12T00:00:00.000Z,15.8188653401,0.0224127360634516,100.1146920945,91.7358984549775,True,discovery,False,True,True,False,True,False
XLP,2007-01-16T00:00:00.000Z,15.8307996029,0.0235768542392358,99.9189931795,91.7875720487545,True,discovery,False,True,True,False,True,False
XLP,2007-01-17T00:00:00.000Z,15.8785366541,0.0227373482881287,99.960926864,91.840247590618,True,discovery,False,True,True,False,True,False
XLP,2007-01-18T00:00:00.000Z,15.8546681285,0.0195702225649514,99.6254329253,91.89114232360951,True,discovery,False,True,True,False,True,False
XLP,2007-01-19T00:00:00.000Z,15.8785366541,0.0218894009234902,99.8211430231,91.94336010316847,True,discovery,False,True,True,False,True,False
XLP,2007-01-22T00:00:00.000Z,15.8606352599,0.0199539524191663,99.5136125622,91.991181077631,True,discovery,False,True,True,False,True,False
XLP,2007-01-23T00:00:00.000Z,15.8904709169,0.0210889570569763,99.8071616336,92.03891966844,True,discovery,False,True,True,False,True,False
XLP,2007-01-24T00:00:00.000Z,15.9501422309,0.0245304714470464,100.6109265819,92.09115934956448,True,discovery,False,True,True,False,True,False
XLP,2007-01-25T00:00:00.000Z,15.8487009971,0.0187955504426908,99.4297340103,92.142074597673,True,discovery,False,True,True,False,True,False
XLP,2007-01-26T00:00:00.000Z,15.8069310773,0.0122277416899747,99.3388801401,92.19184658427348,True,discovery,False,True,True,False,True,False
XLP,2007-01-29T00:00:00.000Z,15.8487009971,0.011424219345959,99.2829643671,92.245128242187,True,discovery,False,True,True,False,True,False
XLP,2007-01-30T00:00:00.000Z,15.8367667343,0.0110476190485357,99.8001653474,92.3001691433495,True,discovery,False,True,True,False,True,False
XLP,2007-01-31T00:00:00.000Z,15.9024051797,0.0179526356011883,100.471142741,92.3591505327875,True,discovery,False,True,True,False,True,False
XLP,2007-02-01T00:00:00.000Z,15.9620764937,0.0176132689163566,101.0722229722,92.4213095714205,True,discovery,False,True,True,False,True,False
XLP,2007-02-02T00:00:00.000Z,15.9919121507,0.017850360806642,101.2120068131,92.4771402550085,True,discovery,False,True,True,False,True,False
XLP,2007-02-05T00:00:00.000Z,15.9382079681,0.0218056618227815,101.2399695921,92.5322495639665,True,discovery,False,True,True,False,True,False
XLP,2007-02-06T00:00:00.000Z,15.9143394425,0.0187165775416644,101.2679218871,92.5868785511035,True,discovery,False,True,True,False,True,False
XLP,2007-02-07T00:00:00.000Z,15.8785366541,0.0141006097572682,101.4915849789,92.64255699651,True,discovery,False,True,True,False,True,False
XLP,2007-02-08T00:00:00.000Z,15.8487009971,0.0079696394693495,101.3587862413,92.69839815476448,True,discovery,False,True,True,False,True,False
XLP,2007-02-09T00:00:00.000Z,15.8248324715,-0.0011299435029175,100.6039407797,92.752325283928,True,discovery,False,True,True,False,True,False
XLP,2007-02-12T00:00:00.000Z,15.7890296831,-0.0018860807244099,100.2614617376,92.80443667870252,True,discovery,False,True,True,False,True,False
XLP,2007-02-13T00:00:00.000Z,15.8427338657,0.0007538635507591,101.1071715534,92.85860641024952,True,discovery,False,True,True,False,True,False
XLP,2007-02-14T00:00:00.000Z,15.9382079681,0.0037579857199618,101.7711526608,92.91458034864,True,discovery,False,True,True,False,True,False
XLP,2007-02-15T00:00:00.000Z,16.0336820705,0.0112909296207976,101.9039506995,92.974904188224,True,discovery,False,True,True,False,True,False
XLP,2007-02-16T00:00:00.000Z,16.0575505961,0.0112739571598858,101.8550207288,93.03160748104447,True,discovery,False,True,True,False,True,False
XLP,2007-02-20T00:00:00.000Z,16.1410904357,0.0176824680225178,102.0716868355,93.091082054576,True,discovery,False,True,True,False,True,False
XLP,2007-02-21T00:00:00.000Z,16.0515834647,0.0101389410447647,102.0297531509,93.148727918368,True,discovery,False,True,True,False,True,False
XLP,2007-02-22T00:00:00.000Z,15.9919121507,0.0026187803967716,101.9528701863,93.2019934422475,True,discovery,False,True,True,False,True,False
XLP,2007-02-23T00:00:00.000Z,16.0038464135,0.0097891566273089,101.5544858552,93.2538182154615,True,discovery,False,True,True,False,True,False
XLP,2007-02-26T00:00:00.000Z,15.9978792821,0.012080030201069,101.463621501,93.3042930515075,True,discovery,False,True,True,False,True,False
XLP,2007-02-27T00:00:00.000Z,15.6338842667,-0.0135542168685816,97.5006915643,93.33519434309852,True,discovery,False,True,True,False,True,False
XLP,2007-02-28T00:00:00.000Z,15.6935555807,-0.0090429540323926,98.5001561266,93.376604584729,True,discovery,False,True,True,False,True,False
XLP,2007-03-01T00:00:00.000Z,15.6935555807,-0.013133208256233,98.2066070552,93.4224375829545,True,discovery,False,True,True,False,True,False
XLP,2007-03-02T00:00:00.000Z,15.4489031933,-0.0321495327128987,96.9205785249,93.4609448196865,True,discovery,False,True,True,False,True,False
XLP,2007-03-05T00:00:00.000Z,15.3951990107,-0.037313432838854,95.9979969273,93.495493658599,True,discovery,False,True,True,False,True,False
XLP,2007-03-06T00:00:00.000Z,15.5145416387,-0.0265818045697457,97.6404754053,93.54672898498649,True,discovery,False,True,True,False,True,False
XLP,2007-03-07T00:00:00.000Z,15.4548703247,-0.0288713910784739,97.5426259478,93.59967970326552,True,discovery,False,True,True,False,True,False
XLP,2007-03-08T00:00:00.000Z,15.5980814783,-0.0176625328838211,98.3673678729,93.653688303466,True,discovery,False,True,True,False,True,False
XLP,2007-03-09T00:00:00.000Z,15.6458185295,-0.0128012048203272,98.3953208668,93.7111780835575,True,discovery,False,True,True,False,True,False
XLP,2007-03-12T00:00:00.000Z,15.6637199237,-0.0101809954759495,98.542100295,93.77270872128052,True,discovery,False,True,True,False,True,False
XLP,2007-03-13T00:00:00.000Z,15.3653633537,-0.0268329554065933,96.6270294535,93.8212192506965,True,discovery,False,True,True,False,True,False
XLP,2007-03-14T00:00:00.000Z,15.3951990107,-0.0282485875729393,97.3469263339,93.86795543089548,True,discovery,False,True,True,False,True,False
XLP,2007-03-15T00:00:00.000Z,15.5145416387,-0.0265818045697457,97.4797243726,93.91311650423398,True,discovery,False,True,True,False,True,False
XLP,2007-03-16T00:00:00.000Z,15.5497596483,-0.0301816151818524,97.2080280369,93.964773159354,True,discovery,False,True,True,False,True,False
XLP,2007-03-19T00:00:00.000Z,15.6517056236,-0.0252744009786007,98.3798840506,94.017431977483,True,discovery,False,True,True,False,True,False
XLP,2007-03-20T00:00:00.000Z,15.8016261755,-0.021031061163575,98.9202043491,94.068589817772,True,discovery,False,True,True,False,True,False
XLP,2007-03-21T00:00:00.000Z,15.9515467275,-0.0062322036589097,100.5481683209,94.126957380534,True,discovery,False,True,True,False,True,False
XLP,2007-03-22T00:00:00.000Z,16.0295054145,0.0023507672782179,100.4709801078,94.1914151296035,True,discovery,False,True,True,False,True,False
XLP,2007-03-23T00:00:00.000Z,16.065486347,0.0038515699230907,100.618343634,94.25767758729847,True,discovery,False,True,True,False,True,False
XLP,2007-03-26T00:00:00.000Z,15.9515467275,-0.0028961685347782,100.4850171352,94.32654591855948,True,discovery,False,True,True,False,True,False
XLP,2007-03-27T00:00:00.000Z,15.8795848625,0.0157159021781514,100.2464381925,94.394600281503,True,discovery,False,True,True,False,True,False
XLP,2007-03-28T00:00:00.000Z,15.8496007522,0.0099432643353241,99.5166629334,94.46038367668052,True,discovery,False,True,True,False,True,False
XLP,2007-03-29T00:00:00.000Z,15.9395530833,0.0156750649229884,99.6219153773,94.5313781996525,True,discovery,False,True,True,False,True,False
XLP,2007-03-30T00:00:00.000Z,15.9815308379,0.034476728731849,99.6429660065,94.60743840444998,True,discovery,False,True,True,False,True,False
XLP,2007-04-02T00:00:00.000Z,16.0235085924,0.0408120467467363,99.7552425778,94.680787486044,True,discovery,False,True,True,False,True,False
XLP,2007-04-03T00:00:00.000Z,16.1314513898,0.0397633243357418,100.8288590476,94.750479383912,True,discovery,False,True,True,False,True,False
XLP,2007-04-04T00:00:00.000Z,16.2034132548,0.0484341126372105,100.9411356189,94.823882999048,True,discovery,False,True,True,False,True,False
XLP,2007-04-05T00:00:00.000Z,16.2453910093,0.0414993043792299,101.2148022182,94.9020458636675,True,discovery,False,True,True,False,True,False
XLP,2007-04-09T00:00:00.000Z,16.2034132548,0.0356385780806969,101.3551423187,94.979457191718,True,discovery,False,True,True,False,True,False
XLP,2007-04-10T00:00:00.000Z,16.2813719418,0.0394320136665276,101.4744324918,95.0542816535115,True,discovery,False,True,True,False,True,False
XLP,2007-04-11T00:00:00.000Z,16.1734291444,0.0525900866838542,101.0604250903,95.1289391462855,True,discovery,True,True,True,True,True,True
XLP,2007-04-12T00:00:00.000Z,16.1914196106,0.0517187598124979,101.5095201484,95.2059113060645,True,discovery,True,True,True,True,True,True
XLP,2007-04-13T00:00:00.000Z,16.2453910093,0.0471073775571264,101.9726515321,95.2832960789945,True,discovery,False,True,True,False,True,False
XLP,2007-04-16T00:00:00.000Z,16.2813719418,0.0470497493239379,102.941005734,95.36925951529447,True,discovery,False,True,True,False,True,False
XLP,2007-04-17T00:00:00.000Z,16.4312924937,0.0498084291161546,103.2146723332,95.453684810448,True,discovery,False,True,True,False,True,False
XLP,2007-04-18T00:00:00.000Z,16.3893147392,0.0371916508575045,103.340985932,95.530022220027,True,discovery,False,True,True,False,True,False
XLP,2007-04-19T00:00:00.000Z,16.4013083833,0.0281954887186348,103.3129118772,95.606184651364,True,discovery,False,True,True,False,True,False
XLP,2007-04-20T00:00:00.000Z,16.5512289353,0.0325476992152269,104.2882895047,95.68542470253249,True,discovery,False,True,True,False,True,False
XLP,2007-04-23T00:00:00.000Z,16.5152480028,0.0279955207135067,103.895333434,95.76522586018947,True,discovery,False,True,True,False,True,False
XLP,2007-04-24T00:00:00.000Z,16.5092511807,0.0349624060116084,103.9374339906,95.8439572749545,True,discovery,False,True,True,False,True,False
XLP,2007-04-25T00:00:00.000Z,16.5932066898,0.0449395770405329,104.8917616907,95.930332218616,True,discovery,False,True,True,False,True,False
XLP,2007-04-26T00:00:00.000Z,16.527241647,0.04275444570463,105.0110511621,96.01647319487648,True,discovery,False,True,True,False,True,False
XLP,2007-04-27T00:00:00.000Z,16.4912607145,0.0346124905959897,104.9268493472,96.100255482647,True,discovery,False,True,True,False,True,False
XLP,2007-04-30T00:00:00.000Z,16.4312924937,0.0281425891150173,104.056723462,96.1843928869,True,discovery,False,True,True,False,True,False
XLP,2007-05-01T00:00:00.000Z,16.3653274509,0.0213323353327328,104.3233771612,96.27695678474949,True,discovery,False,True,True,False,True,False
XLP,2007-05-02T00:00:00.000Z,16.3713242729,0.0148698884746152,104.9338622472,96.37423396868552,True,discovery,False,True,True,False,True,False
XLP,2007-05-03T00:00:00.000Z,16.4312924937,0.0140636565467151,105.5022573023,96.4749759502105,True,discovery,False,True,True,False,True,False
XLP,2007-05-04T00:00:00.000Z,16.4312924937,0.0114433370236257,105.9022269747,96.5755378968095,True,discovery,False,True,True,False,True,False
XLP,2007-05-07T00:00:00.000Z,16.4612766041,0.0159141376724198,105.9232776039,96.670253712939,True,discovery,False,True,True,False,True,False
XLP,2007-05-08T00:00:00.000Z,16.3473369846,0.0040515653739623,105.7829375034,96.767243518644,True,discovery,False,True,True,False,True,False
XLP,2007-05-09T00:00:00.000Z,16.3713242729,0.0122358175704824,106.0706418318,96.868716755464,True,discovery,False,True,True,False,True,False
XLP,2007-05-10T00:00:00.000Z,16.2693782976,0.0048148148139501,104.9619370038,96.95682662450749,True,discovery,False,True,True,False,True,False
XLP,2007-05-11T00:00:00.000Z,16.3113560522,0.0040605389468457,105.8601264182,97.04787037618898,True,discovery,False,True,True,False,True,False
XLP,2007-05-14T00:00:00.000Z,16.2513878314,-0.0018416206267618,105.6285603754,97.13716808677049,True,discovery,False,True,True,False,True,False
XLP,2007-05-15T00:00:00.000Z,16.3593306288,-0.00437956204161,105.6566344303,97.227021390576,True,discovery,False,True,True,False,True,False
XLP,2007-05-16T00:00:00.000Z,16.527241647,0.0084156604467486,106.3793960876,97.31609415580552,True,discovery,False,True,True,False,True,False
XLP,2007-05-17T00:00:00.000Z,16.4852638924,0.0051188299822153,106.168880674,97.404564174884,True,discovery,False,True,True,False,True,False
XLP,2007-05-18T00:00:00.000Z,16.605200334,0.0032608695650926,107.0951336176,97.4998453142875,True,discovery,False,True,True,False,True,False
XLP,2007-05-21T00:00:00.000Z,16.4792670703,-0.0021786492394119,107.0389953319,97.59187006872448,True,discovery,False,True,True,False,True,False
XLP,2007-05-22T00:00:00.000Z,16.5092511807,0.0,106.9547935171,97.682297392316,True,discovery,False,True,True,False,True,False
XLP,2007-05-23T00:00:00.000Z,16.4612766041,-0.0079508492943137,106.9688305445,97.7735561275475,True,discovery,False,True,True,False,True,False
XLP,2007-05-24T00:00:00.000Z,16.3893147392,-0.0083454281570958,106.0004665187,97.861011056772,True,discovery,False,True,True,False,True,False
XLP,2007-05-25T00:00:00.000Z,16.4912607145,0.0,106.4425472733,97.952371834173,True,discovery,False,True,True,False,True,False
XLP,2007-05-29T00:00:00.000Z,16.5932066898,0.0098540145981869,106.828490444,98.04715017592648,True,discovery,False,True,True,False,True,False
XLP,2007-05-30T00:00:00.000Z,16.6291876223,0.0161231220207263,107.6986058035,98.144929653628,True,discovery,False,True,True,False,True,False
XLP,2007-05-31T00:00:00.000Z,16.6531749106,0.0172161172182361,107.5863397578,98.243393442268,True,discovery,False,True,True,False,True,False
XLP,2007-06-01T00:00:00.000Z,16.7311335976,0.0182481751825038,108.1196366307,98.3441777082585,True,discovery,False,True,True,False,True,False
XLP,2007-06-04T00:00:00.000Z,16.7911018184,0.021897810220222,108.1336736581,98.43977278633852,True,discovery,False,True,True,False,True,False
XLP,2007-06-05T00:00:00.000Z,16.6891558431,0.013843351550465,107.7056292292,98.5295253578815,True,discovery,False,True,True,False,True,False
XLP,2007-06-06T00:00:00.000Z,16.5812130457,0.0143066764525821,106.5477997173,98.61234694038,True,discovery,False,True,True,False,True,False
XLP,2007-06-07T00:00:00.000Z,16.3713242729,0.0,104.6251185171,98.6832714373675,True,discovery,False,True,True,False,True,False
XLP,2007-06-08T00:00:00.000Z,16.4672734262,0.0121636564704621,105.9864287896,98.7629401339925,True,discovery,False,True,True,False,True,False
XLP,2007-06-11T00:00:00.000Z,16.5572257574,0.0150735294118504,106.168880674,98.843555725688,True,discovery,False,True,True,False,True,False
XLP,2007-06-12T00:00:00.000Z,16.4013083833,0.0092250922478347,105.0110511621,98.919627807531,True,discovery,False,True,True,False,True,False
XLP,2007-06-13T00:00:00.000Z,16.527241647,0.0102639296197364,106.5828873738,99.003939685414,True,discovery,False,True,True,False,True,False
XLP,2007-06-14T00:00:00.000Z,16.5512289353,0.0014513788091403,107.2635484746,99.091101238202,True,discovery,False,True,True,False,True,False
XLP,2007-06-15T00:00:00.000Z,16.5867121315,0.0061538741364504,107.8709537509,99.1791545697325,True,discovery,False,True,True,False,True,False
XLP,2007-06-18T00:00:00.000Z,16.5022399708,-0.0062004890714375,107.74409915,99.26605458140598,True,discovery,False,True,True,False,True,False
XLP,2007-06-19T00:00:00.000Z,16.3815654555,-0.0059287597186944,108.0118949291,99.3540167566755,True,discovery,False,True,True,False,True,False
XLP,2007-06-20T00:00:00.000Z,16.4479364389,-0.0037139626218589,106.5108453418,99.434542903404,True,discovery,False,True,True,False,True,False
XLP,2007-06-21T00:00:00.000Z,16.4117340843,-0.0030096401993305,107.1028050556,99.515329970463,True,discovery,False,True,True,False,True,False
XLP,2007-06-22T00:00:00.000Z,16.3212281978,-0.0041543250882326,106.0950654481,99.5902133132995,True,discovery,False,True,True,False,True,False
XLP,2007-06-25T00:00:00.000Z,16.2488234886,-0.0147009516189892,105.5876688909,99.66657340523048,True,discovery,False,True,True,False,True,False
XLP,2007-06-26T00:00:00.000Z,16.2065874082,-0.0232998532970517,104.5023991971,99.73958318039652,True,discovery,False,True,True,False,True,False
XLP,2007-06-27T00:00:00.000Z,16.3332956493,-0.0177935314532868,105.9893516364,99.818747496305,True,discovery,False,True,True,False,True,False
XLP,2007-06-28T00:00:00.000Z,16.3031270205,-0.0210198891189925,105.975265059,99.89739154840947,True,discovery,False,True,True,False,True,False
XLP,2007-06-29T00:00:00.000Z,16.3212281978,-0.0244995593041464,106.0104924255,99.97178281019752,True,discovery,False,True,True,False,True,False
XLP,2007-07-02T00:00:00.000Z,16.4539701647,-0.0200779947228101,106.9689068137,100.0491322918735,True,discovery,False,True,True,False,True,False
XLP,2007-07-03T00:00:00.000Z,16.4479364389,-0.0144536611957954,107.3565029818,100.128385170643,True,discovery,False,True,True,False,True,False
XLP,2007-07-05T00:00:00.000Z,16.4358689874,-0.0087655865647111,107.2437462338,100.206003878811,True,discovery,False,True,True,False,True,False
XLP,2007-07-06T00:00:00.000Z,16.5324085996,0.0098394194638637,107.8075215174,100.285815938003,True,discovery,False,True,True,False,True,False
XLP,2007-07-09T00:00:00.000Z,16.5324085996,0.0039554315832497,107.89209454,100.36719771330952,True,discovery,False,True,True,False,True,False
XLP,2007-07-10T00:00:00.000Z,16.3815654555,-0.0106092834919215,106.3558070154,100.438465354545,True,discovery,False,True,True,False,True,False
XLP,2007-07-11T00:00:00.000Z,16.4600038904,0.0035787088278738,107.1098585626,100.5157274426585,True,discovery,False,True,True,False,True,False
XLP,2007-07-12T00:00:00.000Z,16.598779583,0.0043284861157084,108.8011738428,100.60283620453448,True,discovery,False,True,True,False,True,False
XLP,2007-07-13T00:00:00.000Z,16.7134203726,0.009799359185594,109.1253483483,100.68805580782548,True,discovery,False,True,True,False,True,False
XLP,2007-07-16T00:00:00.000Z,16.6470493892,0.0036376864336731,109.1112512002,100.76938207943653,True,discovery,False,True,True,False,True,False
XLP,2007-07-17T00:00:00.000Z,16.5686109542,0.0040219378410106,109.0548724738,100.849870399704,True,discovery,False,True,True,False,True,False
XLP,2007-07-18T00:00:00.000Z,16.57464468,0.0117863720060511,108.8575525692,100.9295458956515,True,discovery,False,True,True,False,True,False
XLP,2007-07-19T00:00:00.000Z,16.6289482119,0.0110051357306986,109.2803866746,101.01171784463448,True,discovery,False,True,True,False,True,False
XLP,2007-07-20T00:00:00.000Z,16.5324085996,0.0073529411749024,108.1739768965,101.090095392494,True,discovery,False,True,True,False,True,False
XLP,2007-07-23T00:00:00.000Z,16.5324085996,0.0129390018472057,108.5051943383,101.1691559482885,True,discovery,False,True,True,False,True,False
XLP,2007-07-24T00:00:00.000Z,16.4117340843,0.0100259933166422,106.6236027945,101.2333870957565,True,discovery,False,True,True,False,True,False
XLP,2007-07-25T00:00:00.000Z,16.4117340843,0.0126582278509912,106.8420634883,101.297806987231,True,discovery,False,True,True,False,True,False
XLP,2007-07-26T00:00:00.000Z,16.1703850536,-0.0099741411162773,104.3121335043,101.350168022076,True,discovery,False,True,True,False,True,False
XLP,2007-07-27T00:00:00.000Z,15.9531709261,-0.0214655810483446,102.2614064861,101.391997394712,True,discovery,False,True,True,False,True,False
XLP,2007-07-30T00:00:00.000Z,15.9893732807,-0.0203327171875907,103.8611156734,101.441199732286,True,discovery,False,True,True,False,True,False
XLP,2007-07-31T00:00:00.000Z,15.8566313138,-0.0363036303652426,102.6912835279,101.485108966844,True,discovery,False,True,True,False,True,False
XLP,2007-08-01T00:00:00.000Z,16.0919466187,-0.0216434336016809,103.1916265781,101.52745382782852,True,discovery,False,True,True,False,True,False
XLP,2007-08-02T00:00:00.000Z,16.110047796,-0.0198237885474615,104.0161539998,101.572704951633,True,discovery,False,True,True,False,True,False
XLP,2007-08-03T00:00:00.000Z,16.0798791671,-0.0273722627754886,101.3382293305,101.6038366713065,True,discovery,False,False,True,False,False,False
XLP,2007-08-06T00:00:00.000Z,16.496206245,-0.0021897810220391,103.0365988225,101.644954587717,True,discovery,False,True,True,False,True,False
XLP,2007-08-07T00:00:00.000Z,16.4539701647,0.0044198895030322,104.1359543889,101.690943756566,True,discovery,False,True,True,False,True,False
XLP,2007-08-08T00:00:00.000Z,16.7435890014,0.017228739002024,105.5876688909,101.7434269259565,True,discovery,False,True,True,False,True,False
XLP,2007-08-09T00:00:00.000Z,16.4419027131,-0.009451108686368,102.458725686,101.7801611274075,True,discovery,False,True,True,False,True,False
XLP,2007-08-10T00:00:00.000Z,16.3513968266,-0.0216606498208772,101.9795241297,101.812309867514,True,discovery,False,True,True,False,True,False
XLP,2007-08-13T00:00:00.000Z,16.3031270205,-0.020659659298129,102.345968938,101.84486594659148,True,discovery,False,True,True,False,True,False
XLP,2007-08-14T00:00:00.000Z,16.0436768125,-0.031682447197961,100.7814976879,101.86796627704253,True,discovery,False,False,True,False,False,False
XLP,2007-08-15T00:00:00.000Z,15.9592046518,-0.0371314160925951,99.3932048486,101.8826307905445,True,discovery,False,False,True,False,False,False
XLP,2007-08-16T00:00:00.000Z,16.0014407322,-0.0377358490569441,100.1402134595,101.904053836839,True,discovery,False,False,True,False,False,False
XLP,2007-08-17T00:00:00.000Z,16.1402164248,-0.0237226277367407,101.9795241297,101.9350209868895,True,discovery,False,True,True,False,True,False
XLP,2007-08-20T00:00:00.000Z,16.2005536825,-0.0200729926979925,101.9301883396,101.965810981277,True,discovery,False,False,True,False,False,False
XLP,2007-08-21T00:00:00.000Z,16.2005536825,-0.0128676470576026,102.1345518853,102.000854790437,True,discovery,False,True,True,False,True,False
XLP,2007-08-22T00:00:00.000Z,16.2427897628,-0.0102941176497379,103.3466649044,102.042237195286,True,discovery,False,True,True,False,True,False
XLP,2007-08-23T00:00:00.000Z,16.2488234886,0.004850746271038,103.2550588115,102.0839956614505,True,discovery,False,True,True,False,True,False
XLP,2007-08-24T00:00:00.000Z,16.3634642782,0.0257186081689091,104.5305941981,102.126779818148,True,discovery,False,True,True,False,True,False
XLP,2007-08-27T00:00:00.000Z,16.291059569,0.0188679245273579,103.5580819571,102.1628595104825,True,discovery,False,True,True,False,True,False
XLP,2007-08-28T00:00:00.000Z,16.1040140702,0.015601217654894,101.2818506041,102.186515446966,True,discovery,False,False,True,False,False,False
XLP,2007-08-29T00:00:00.000Z,16.2427897628,0.0093738282679058,103.2691453889,102.22264486134152,True,discovery,False,True,True,False,True,False
XLP,2007-08-30T00:00:00.000Z,16.1884862309,0.004868913853842,102.9943066735,102.2571915227045,True,discovery,False,True,True,False,True,False
XLP,2007-08-31T00:00:00.000Z,16.2307223113,0.0093808630420948,104.009099788,102.2956305595845,True,discovery,False,True,True,False,True,False
XLP,2007-09-04T00:00:00.000Z,16.4057003585,-0.0054864667157901,105.0591315445,102.33570547221848,True,discovery,False,True,True,False,True,False
XLP,2007-09-05T00:00:00.000Z,16.2548572144,-0.0121012101217474,104.1500409662,102.3698447824695,True,discovery,False,True,True,False,True,False
XLP,2007-09-06T00:00:00.000Z,16.212621134,-0.0317117117098134,104.3896530198,102.403931043121,True,discovery,False,True,True,False,True,False
XLP,2007-09-07T00:00:00.000Z,16.1402164248,-0.0183486238523741,102.9379385178,102.43061974376847,True,discovery,False,True,True,False,True,False
XLP,2007-09-10T00:00:00.000Z,16.1824525052,-0.01033210331763,102.7406080425,102.456043761446,True,discovery,False,True,True,False,True,False
XLP,2007-09-11T00:00:00.000Z,16.291059569,-0.0007401924480392,103.9386344842,102.4869713734325,True,discovery,False,True,True,False,True,False
XLP,2007-09-12T00:00:00.000Z,16.3755317297,0.0206844678485074,104.2064196926,102.518264832187,True,discovery,False,True,True,False,True,False
XLP,2007-09-13T00:00:00.000Z,16.4238015358,0.0291115311907224,104.9393311554,102.5552037389075,True,discovery,False,True,True,False,True,False
XLP,2007-09-14T00:00:00.000Z,16.472071342,0.0294117647077205,104.9322769436,102.598814722752,True,discovery,False,True,True,False,True,False
XLP,2007-09-17T00:00:00.000Z,16.4238015358,0.0175700934570035,104.3685122307,102.6375216848595,True,discovery,False,True,True,False,True,False
XLP,2007-09-18T00:00:00.000Z,16.7435890014,0.0335195530685221,107.4410767092,102.686552301261,True,discovery,False,True,True,False,True,False
XLP,2007-09-19T00:00:00.000Z,16.755656453,0.0342644320298526,108.0753172965,102.738545609818,True,discovery,False,True,True,False,True,False
XLP,2007-09-20T00:00:00.000Z,16.7737576303,0.0326894502270815,107.3142221083,102.78781077709851,True,discovery,False,True,True,False,True,False
XLP,2007-09-21T00:00:00.000Z,16.7820962393,0.0328191607887264,107.60225523,102.83479757156849,True,discovery,False,True,True,False,True,False
XLP,2007-09-24T00:00:00.000Z,16.7699616795,0.0248417691015192,107.4040021296,102.8786731667855,True,discovery,False,True,True,False,True,False
XLP,2007-09-25T00:00:00.000Z,16.7456925598,0.0279069012592103,107.1915852107,102.92190369549547,True,discovery,False,True,True,False,True,False
XLP,2007-09-26T00:00:00.000Z,16.8609708781,0.0470042316530712,107.7580267875,102.9701210979445,True,discovery,False,True,True,False,True,False
XLP,2007-09-27T00:00:00.000Z,16.9216436773,0.0417941698694359,108.3952669235,103.020621145086,True,discovery,False,True,True,False,True,False
XLP,2007-09-28T00:00:00.000Z,16.9762491965,0.0486619288773488,108.0341660207,103.0678908026435,True,discovery,False,True,True,False,True,False
XLP,2007-10-01T00:00:00.000Z,16.9277109572,0.0429425525575499,109.2520115519,103.121631973841,True,discovery,False,True,True,False,True,False
XLP,2007-10-02T00:00:00.000Z,16.9337782371,0.0321886824128418,109.1033162393,103.17410839499748,True,discovery,False,True,True,False,True,False
XLP,2007-10-03T00:00:00.000Z,16.8913072777,0.0391544542597503,108.8838230755,103.221143230917,True,discovery,False,True,True,False,True,False
XLP,2007-10-04T00:00:00.000Z,16.9277109572,0.0441069841384476,109.0537584515,103.268983777753,True,discovery,False,True,True,False,True,False
XLP,2007-10-05T00:00:00.000Z,16.9883837563,0.0525499354641094,110.3494901156,103.3246658923075,True,discovery,True,True,True,True,True,True
XLP,2007-10-08T00:00:00.000Z,16.8791727179,0.0430540557728267,109.7618077673,103.3764660260625,True,discovery,False,True,True,False,True,False
XLP,2007-10-09T00:00:00.000Z,16.9762491965,0.0420592426537949,110.795554104,103.43371447036547,True,discovery,False,True,True,False,True,False
XLP,2007-10-10T00:00:00.000Z,17.0490565554,0.0411299514921057,110.6114648222,103.49185969942852,True,discovery,False,True,True,False,True,False
XLP,2007-10-11T00:00:00.000Z,17.0915275148,0.0406559941402431,110.0804278353,103.5503900702295,True,discovery,False,True,True,False,True,False
XLP,2007-10-12T00:00:00.000Z,17.1279311943,0.0398164771559548,110.6893509549,103.60906449143152,True,discovery,False,True,True,False,True,False
XLP,2007-10-15T00:00:00.000Z,17.0733256751,0.0395477342979451,109.7547209017,103.6598157637775,True,discovery,False,True,True,False,True,False
XLP,2007-10-16T00:00:00.000Z,17.0005183161,0.0153449367801918,108.8838230755,103.70726089959,True,discovery,False,True,True,False,True,False
XLP,2007-10-17T00:00:00.000Z,17.0611911153,0.0182347175210373,109.216606962,103.758431839352,True,discovery,False,True,True,False,True,False
XLP,2007-10-18T00:00:00.000Z,17.0005183161,0.0135187768178062,108.8201007612,103.808493910221,True,discovery,False,True,True,False,True,False
XLP,2007-10-19T00:00:00.000Z,16.8245671987,0.0025307302970019,105.9737396795,103.84327577066448,True,discovery,False,True,True,False,True,False
XLP,2007-10-22T00:00:00.000Z,16.9337782371,0.0097684515165143,106.589739044,103.8850865981445,True,discovery,False,True,True,False,True,False
XLP,2007-10-23T00:00:00.000Z,16.9883837563,0.0144927536220633,107.4535606254,103.9289449805915,True,discovery,False,True,True,False,True,False
XLP,2007-10-24T00:00:00.000Z,16.939845517,0.0046779417075231,107.255307525,103.97223143787647,True,discovery,False,True,True,False,True,False
XLP,2007-10-25T00:00:00.000Z,17.079392955,0.0093223377532536,107.5102052787,104.015149948087,True,discovery,False,True,True,False,True,False
XLP,2007-10-26T00:00:00.000Z,17.1946712734,0.0128663330970091,108.7705323528,104.062203373192,True,discovery,False,True,True,False,True,False
XLP,2007-10-29T00:00:00.000Z,17.2007385533,0.0161290322590172,109.1316445843,104.107288135641,True,discovery,False,True,True,False,True,False
XLP,2007-10-30T00:00:00.000Z,17.1279311943,0.0114654245781153,108.3740268601,104.149563304044,True,discovery,False,True,True,False,True,False
XLP,2007-10-31T00:00:00.000Z,17.2371422328,0.0204741379346389,109.49982244,104.197257781924,True,discovery,False,True,True,False,True,False
XLP,2007-11-01T00:00:00.000Z,16.8973745576,-0.0017921146974154,106.9366874571,104.233814054583,True,discovery,False,True,True,False,True,False
XLP,2007-11-02T00:00:00.000Z,17.0065855961,0.0010714285750255,107.0570544246,104.26999361159052,True,discovery,False,True,True,False,True,False
XLP,2007-11-05T00:00:00.000Z,17.0308547157,0.0089863407605954,106.2428019598,104.30363955857848,True,discovery,False,True,True,False,True,False
XLP,2007-11-06T00:00:00.000Z,17.1461330341,0.0100071479649948,107.6730644099,104.34296907246,True,discovery,False,True,True,False,True,False
XLP,2007-11-07T00:00:00.000Z,16.9580473568,-0.0053380782862834,104.727577132,104.3635523252105,True,discovery,False,True,True,False,True,False
XLP,2007-11-08T00:00:00.000Z,17.079392955,-0.0007099751493535,104.1965401452,104.387386355885,True,discovery,False,False,True,False,False,False
XLP,2007-11-09T00:00:00.000Z,16.9155763974,-0.0123981579848166,102.766276987,104.40452334011952,True,discovery,False,False,True,False,False,False
XLP,2007-11-12T00:00:00.000Z,16.9277109572,-0.0085287846475259,101.7466845562,104.416841941065,True,discovery,False,False,True,False,False,False
XLP,2007-11-13T00:00:00.000Z,17.1825367135,0.0107066381162992,104.8479440996,104.442080834826,True,discovery,False,True,True,False,True,False
XLP,2007-11-14T00:00:00.000Z,17.2674786323,0.0120910384044057,104.5576410479,104.46251332636052,True,discovery,False,True,True,False,True,False
XLP,2007-11-15T00:00:00.000Z,17.2553440725,0.014989293365172,103.049492465,104.4723996738245,True,discovery,False,False,True,False,False,False
XLP,2007-11-16T00:00:00.000Z,17.3342187114,0.0302921024167195,103.226504794,104.482472163729,True,discovery,False,False,True,False,False,False
XLP,2007-11-19T00:00:00.000Z,17.2128731131,0.0164815478325168,101.789166099,104.48521814626348,True,discovery,False,False,True,False,False,False
XLP,2007-11-20T00:00:00.000Z,17.3524205511,0.0214285714298749,102.4122523291,104.4909397984735,True,discovery,False,False,True,False,False,False
XLP,2007-11-21T00:00:00.000Z,17.1400657541,0.0118194842390428,100.316422106,104.485063984109,True,discovery,False,False,True,False,False,False
XLP,2007-11-23T00:00:00.000Z,17.3160168716,0.0138543516870561,102.0511514263,104.488525810034,True,discovery,False,False,True,False,False,False
XLP,2007-11-26T00:00:00.000Z,17.1400657541,-0.0031757233640444,99.7995489377,104.484503850824,True,discovery,False,False,True,False,False,False
XLP,2007-11-27T00:00:00.000Z,17.3220841515,0.0070546737178747,100.9465959098,104.48792952168498,True,discovery,False,False,True,False,False,False
XLP,2007-11-28T00:00:00.000Z,17.5951117476,0.0272759475736026,104.1752993737,104.5032701607865,True,discovery,False,False,True,False,False,False
XLP,2007-11-29T00:00:00.000Z,17.6861209463,0.0260471664871253,104.2106933429,104.515467864197,True,discovery,False,False,True,False,False,False
XLP,2007-11-30T00:00:00.000Z,17.710390066,0.048114901260464,105.2586141189,104.532241181294,True,discovery,False,True,True,False,True,False
XLP,2007-12-03T00:00:00.000Z,17.6436499869,0.0374598644272308,104.5647180008,104.545789667654,True,discovery,False,True,True,False,True,False
XLP,2007-12-04T00:00:00.000Z,17.6193808673,0.0345564659803869,103.6300985684,104.5535817263185,True,discovery,False,False,True,False,False,False
XLP,2007-12-05T00:00:00.000Z,17.6921882262,0.0318471337539496,105.3648172679,104.57025704690348,True,discovery,False,True,True,False,True,False
XLP,2007-12-06T00:00:00.000Z,17.6861209463,0.0429338103722212,106.8729651428,104.594857521686,True,discovery,False,True,True,False,True,False
XLP,2007-12-07T00:00:00.000Z,17.8742066236,0.0465364120782358,106.8517250794,104.621343717807,True,discovery,False,True,True,False,True,False
XLP,2007-12-10T00:00:00.000Z,17.8924084634,0.0577474892401623,107.6801413628,104.65242631711598,True,discovery,True,True,True,True,True,True
XLP,2007-12-11T00:00:00.000Z,17.6982555061,0.0455197132588243,104.727577132,104.6885607449545,True,discovery,False,True,True,False,True,False
XLP,2007-12-12T00:00:00.000Z,17.7467937454,0.0328389830505455,105.7613227606,104.72486657812448,True,discovery,False,True,True,False,True,False
XLP,2007-12-13T00:00:00.000Z,17.8256683843,0.0323260716799651,105.5418295969,104.761542690833,True,discovery,False,True,True,False,True,False
XLP,2007-12-14T00:00:00.000Z,17.6072463074,0.0203938115300075,104.20361639,104.7979578801585,True,discovery,False,False,True,False,False,False
XLP,2007-12-17T00:00:00.000Z,17.4859007092,0.0087504375204545,102.7167191993,104.8315514915185,True,discovery,False,False,True,False,False,False
XLP,2007-12-18T00:00:00.000Z,17.4070260703,0.0112795206194971,103.290237729,104.859800303137,True,discovery,False,False,True,False,False,False
XLP,2007-12-19T00:00:00.000Z,17.5526407882,0.0115384615368436,103.290237729,104.888538362043,True,discovery,False,False,True,False,False,False
XLP,2007-12-20T00:00:00.000Z,17.4737661494,0.0194690265537735,103.9416416834,104.9164097310955,True,discovery,False,False,True,False,False,False
XLP,2007-12-21T00:00:00.000Z,17.8907156923,0.0331888577472203,105.4323772095,104.951595012809,True,discovery,False,True,True,False,True,False
XLP,2007-12-24T00:00:00.000Z,17.8663248051,0.0423720107856806,106.2153020871,104.98996102176947,True,discovery,False,True,True,False,True,False
XLP,2007-12-26T00:00:00.000Z,17.8053475874,0.0278986888456,106.4430688973,105.0390412189885,True,discovery,False,True,True,False,True,False
XLP,2007-12-27T00:00:00.000Z,17.6346113776,0.0022449206669792,105.1049645996,105.077831410317,True,discovery,False,True,True,False,True,False
XLP,2007-12-28T00:00:00.000Z,17.7016863172,0.0008800895881726,104.8416185449,105.11464088117852,True,discovery,False,False,True,False,False,False
XLP,2007-12-31T00:00:00.000Z,17.5614387163,-0.0084103935116568,104.0658076656,105.148929779322,True,discovery,False,False,True,False,False,False
XLP,2008-01-02T00:00:00.000Z,17.3114321235,-0.0188293161362113,103.1547503893,105.17280411101552,True,discovery,False,False,True,False,False,False
XLP,2008-01-03T00:00:00.000Z,17.2199662968,-0.0226690468585804,103.1049331835,105.1937277551875,True,discovery,False,False,True,False,False,False
XLP,2008-01-04T00:00:00.000Z,17.1467936355,-0.0308268589349697,100.5781982699,105.19387790493248,True,discovery,False,False,True,False,False,False
XLP,2008-01-07T00:00:00.000Z,17.3480184541,-0.0191168257429977,100.4927904315,105.193986956551,True,discovery,False,False,True,False,False,False
XLP,2008-01-08T00:00:00.000Z,17.2199662968,-0.0366024820333106,98.8699888311,105.1852451825365,True,discovery,False,False,True,False,False,False
XLP,2008-01-09T00:00:00.000Z,17.4516797243,-0.0246321639706323,99.9091457651,105.182365825686,True,discovery,False,False,True,False,False,False
XLP,2008-01-10T00:00:00.000Z,17.4821683332,-0.0122095182107367,100.5639595969,105.183953432708,True,discovery,False,False,True,False,False,False
XLP,2008-01-11T00:00:00.000Z,17.2382594622,-0.0286549948399448,99.7525587967,105.18513291202449,True,discovery,False,False,True,False,False,False
XLP,2008-01-14T00:00:00.000Z,17.1650868009,-0.037057885805943,100.5568463103,105.18980756668952,True,discovery,False,False,True,False,False,False
XLP,2008-01-15T00:00:00.000Z,16.9821551476,-0.0355019262459732,98.3432853335,105.18330916332452,True,discovery,False,False,True,False,False,False
XLP,2008-01-16T00:00:00.000Z,16.9211779298,-0.0322958930621674,97.4962946125,105.172014423498,True,discovery,False,False,True,False,False,False
XLP,2008-01-17T00:00:00.000Z,16.7992234943,-0.0349170831103099,94.9695596988,105.142717926754,True,discovery,False,False,True,False,False,False
XLP,2008-01-18T00:00:00.000Z,16.5553146232,-0.0568191520030687,93.9944579319,105.107984538319,True,discovery,False,False,True,False,False,False
XLP,2008-01-22T00:00:00.000Z,16.3845784135,-0.0623327407833826,93.0407074128,105.067114064292,True,discovery,False,False,True,False,False,False
XLP,2008-01-23T00:00:00.000Z,16.5858032321,-0.072937968644911,95.2756203491,105.036716454444,True,discovery,False,False,True,False,False,False
XLP,2008-01-24T00:00:00.000Z,16.506532849,-0.0761092150139263,96.079907151,105.00974382774,True,discovery,False,False,True,False,False,False
XLP,2008-01-25T00:00:00.000Z,16.2809171433,-0.085616438354664,94.6919749711,104.97790157714398,True,discovery,False,False,True,False,False,False
XLP,2008-01-28T00:00:00.000Z,16.4089693006,-0.0695020746846083,96.257846079,104.951643206797,True,discovery,False,False,True,False,False,False
XLP,2008-01-29T00:00:00.000Z,16.4577510748,-0.0702721322765345,96.7347216945,104.925453557609,True,discovery,False,False,True,False,False,False
XLP,2008-01-30T00:00:00.000Z,16.341894361,-0.0694444444445234,96.0229659822,104.89086335885,True,discovery,False,False,True,False,False,False
XLP,2008-01-31T00:00:00.000Z,16.5858032321,-0.0419161676644285,97.7738786285,104.8636593903265,True,discovery,False,False,True,False,False,False
XLP,2008-02-01T00:00:00.000Z,16.75044172,-0.0272662889524498,99.3468637348,104.8436887793405,True,discovery,False,False,True,False,False,False
XLP,2008-02-04T00:00:00.000Z,16.6467804498,-0.0291607396886606,98.0941772401,104.817595106155,True,discovery,False,False,True,False,False,False
XLP,2008-02-05T00:00:00.000Z,16.4211647441,-0.0534270650248789,95.4677972385,104.773492644824,True,discovery,False,False,True,False,False,False
XLP,2008-02-06T00:00:00.000Z,16.3540898046,-0.0502832861154266,94.6990996458,104.727511475883,True,discovery,False,False,True,False,False,False
XLP,2008-02-07T00:00:00.000Z,16.5248260143,-0.0531097134855983,95.325437555,104.684451493705,True,discovery,False,False,True,False,False,False
XLP,2008-02-08T00:00:00.000Z,16.341894361,-0.0652249738400316,94.713337607,104.6335593732865,True,discovery,False,False,True,False,False,False
XLP,2008-02-11T00:00:00.000Z,16.5492169014,-0.03997170145344,95.197326509,104.584490750021,True,discovery,False,False,True,False,False,False
XLP,2008-02-12T00:00:00.000Z,16.7687348854,-0.0230905861471797,96.079907151,104.54025603904,True,discovery,False,False,True,False,False,False
XLP,2008-02-13T00:00:00.000Z,16.6894645023,-0.0172351885114748,97.0621229163,104.5052830363115,True,discovery,False,False,True,False,False,False
XLP,2008-02-14T00:00:00.000Z,16.6040963974,-0.018738738740025,96.2080181969,104.46470624149,True,discovery,False,False,True,False,False,False
XLP,2008-02-15T00:00:00.000Z,16.6772690587,-0.0072595281348201,96.1866662373,104.42097026144047,True,discovery,False,False,True,False,False,False
XLP,2008-02-19T00:00:00.000Z,16.9455688169,0.0235727440149708,96.4571369667,104.37574465976247,True,discovery,False,False,True,False,False,False
XLP,2008-02-20T00:00:00.000Z,16.5858032321,0.0122813546691078,96.741834981,104.329942699794,True,discovery,False,False,True,False,False,False
XLP,2008-02-21T00:00:00.000Z,16.6467804498,0.0036764705843117,95.9375474675,104.280014049112,True,discovery,False,False,True,False,False,False
XLP,2008-02-22T00:00:00.000Z,16.8297121031,0.0195788695940213,96.5283061321,104.2337408922555,True,discovery,False,False,True,False,False,False
XLP,2008-02-25T00:00:00.000Z,16.8541029903,0.0352059925098187,97.7454133823,104.192114750008,True,discovery,False,False,True,False,False,False
XLP,2008-02-26T00:00:00.000Z,17.0614255307,0.0397621701977433,98.4785210541,104.1596976702595,True,discovery,False,False,True,False,False,False
XLP,2008-02-27T00:00:00.000Z,16.8297121031,0.0226009633156709,98.3788752544,104.12229141444053,True,discovery,False,False,True,False,False,False
XLP,2008-02-28T00:00:00.000Z,16.860200712,0.0317164179103335,97.4180007724,104.08123861642552,True,discovery,False,False,True,False,False,False
XLP,2008-02-29T00:00:00.000Z,16.5431191796,-0.0025735294156504,95.2471543912,104.02919121623,True,discovery,False,False,True,False,False,False
XLP,2008-03-03T00:00:00.000Z,16.7077576676,-0.0025482344354559,95.019387581,103.972391173697,True,discovery,False,False,True,False,False,False
XLP,2008-03-04T00:00:00.000Z,16.6955622241,0.0029304029356971,94.6563957265,103.9148287489595,True,discovery,False,False,True,False,False,False
XLP,2008-03-05T00:00:00.000Z,16.7382462765,0.0193093204618097,95.2542683895,103.855624422819,True,discovery,False,False,True,False,False,False
XLP,2008-03-06T00:00:00.000Z,16.5858032321,0.014168530946603,93.2827022197,103.78684295725802,True,discovery,False,False,True,False,False,False
XLP,2008-03-07T00:00:00.000Z,16.506532849,-0.0011070110683265,92.321838414,103.71367818174252,True,discovery,False,False,True,False,False,False
XLP,2008-03-10T00:00:00.000Z,16.4211647441,0.004850746268999,91.1047311638,103.634357684839,True,discovery,False,False,True,False,False,False
XLP,2008-03-11T00:00:00.000Z,16.7687348854,0.0132645541663924,94.3788117105,103.57624941079798,True,discovery,False,False,True,False,False,False
XLP,2008-03-12T00:00:00.000Z,16.7260508329,-0.0025454545492972,93.4962310686,103.5115178297745,True,discovery,False,False,True,False,False,False
XLP,2008-03-13T00:00:00.000Z,16.7260508329,0.0021921812167764,93.7026352429,103.445888553769,True,discovery,False,False,True,False,False,False
XLP,2008-03-14T00:00:00.000Z,16.4394579094,-0.0099155343392115,92.2506585722,103.3686488176125,True,discovery,False,False,True,False,False,False
XLP,2008-03-17T00:00:00.000Z,16.3479920828,-0.0197440584990876,91.3182600127,103.287308418887,True,discovery,False,False,True,False,False,False
XLP,2008-03-18T00:00:00.000Z,16.6467804498,-0.0176322418166342,95.1119193824,103.22226983264552,True,discovery,False,False,True,False,False,False
XLP,2008-03-19T00:00:00.000Z,16.7382462765,0.0091911764698233,92.7560093984,103.145381511347,True,discovery,False,False,True,False,False,False
XLP,2008-03-20T00:00:00.000Z,16.9312147798,0.0170864468872968,94.4656074726,103.079181402564,True,discovery,False,False,True,False,False,False
XLP,2008-03-24T00:00:00.000Z,17.1211845287,0.0173189192907412,96.3537745341,103.028211276648,True,discovery,False,False,True,False,False,False
XLP,2008-03-25T00:00:00.000Z,17.1640947656,0.0183926593707426,96.4467560689,102.987319464407,True,discovery,False,False,True,False,False,False
XLP,2008-03-26T00:00:00.000Z,17.0231039872,-0.0022460927096065,95.2666447715,102.93372054431649,True,discovery,False,False,True,False,False,False
XLP,2008-03-27T00:00:00.000Z,17.108924461,0.0165904417252966,94.9662558738,102.87770742031552,True,discovery,False,False,True,False,False,False
XLP,2008-03-28T00:00:00.000Z,17.0905343595,0.0136613822951741,94.0579298779,102.82294181389447,True,discovery,False,False,True,False,False,False
XLP,2008-03-31T00:00:00.000Z,17.0782742918,0.0323491057756459,94.3869331,102.7619620425255,True,discovery,False,False,True,False,False,False
XLP,2008-04-01T00:00:00.000Z,17.2866954425,0.03465083624134,97.7055310107,102.714171955206,True,discovery,False,False,True,False,False,False
XLP,2008-04-02T00:00:00.000Z,17.2928254763,0.0357737729453548,97.7698975058,102.6636666739805,True,discovery,False,False,True,False,False,False
XLP,2008-04-03T00:00:00.000Z,17.2437852056,0.0302026222310851,98.0130677677,102.61501151706902,True,discovery,False,False,True,False,False,False
XLP,2008-04-04T00:00:00.000Z,17.3909060179,0.0485416819754505,97.905789799,102.56448099141848,True,discovery,False,False,True,False,False,False
XLP,2008-04-07T00:00:00.000Z,17.2805654087,0.0468924980661151,97.9558605754,102.52170606758648,True,discovery,False,False,True,False,False,False
XLP,2008-04-08T00:00:00.000Z,17.2744353748,0.0519616387751407,97.855730466,102.4754706946385,True,discovery,True,False,True,True,False,False
XLP,2008-04-09T00:00:00.000Z,17.1027944272,0.0199215709523115,97.1476639737,102.4307336872665,True,discovery,False,False,True,False,False,False
XLP,2008-04-10T00:00:00.000Z,17.1457046641,0.025089833541253,97.2835562668,102.389213124146,True,discovery,False,False,True,False,False,False
XLP,2008-04-11T00:00:00.000Z,17.0353640549,0.0184929021853492,95.3953892053,102.343678074187,True,discovery,False,False,True,False,False,False
XLP,2008-04-14T00:00:00.000Z,17.029234021,0.0358756423022177,95.0735338426,102.289098985218,True,discovery,False,False,True,False,False,False
XLP,2008-04-15T00:00:00.000Z,17.1334445964,0.0480458095172671,95.2952590959,102.23569895540253,True,discovery,False,False,True,False,False,False
XLP,2008-04-16T00:00:00.000Z,17.2315251379,0.0351265933892355,97.8771862028,102.195032424289,True,discovery,False,False,True,False,False,False
XLP,2008-04-17T00:00:00.000Z,17.2560452733,0.0309350805482515,98.0202270705,102.150289025573,True,discovery,False,False,True,False,False,False
XLP,2008-04-18T00:00:00.000Z,17.1395746302,0.0123062552279817,99.0429796098,102.108721408713,True,discovery,False,False,True,False,False,False
XLP,2008-04-21T00:00:00.000Z,17.188614901,0.0039384174726326,99.093049671,102.067967925899,True,discovery,False,False,True,False,False,False
XLP,2008-04-22T00:00:00.000Z,17.0844043256,-0.0046428571438392,98.6567677649,102.02221415713652,True,discovery,False,False,True,False,False,False
XLP,2008-04-23T00:00:00.000Z,17.1947449348,0.010082823187185,98.499419735,101.97525078311148,True,discovery,False,False,True,False,False,False
XLP,2008-04-24T00:00:00.000Z,17.2192650702,0.006449301325254,98.9285530664,101.93811451336649,True,discovery,False,False,True,False,False,False
XLP,2008-04-25T00:00:00.000Z,17.1211845287,0.0017934002855188,99.8440276369,101.901785358738,True,discovery,False,False,True,False,False,False
XLP,2008-04-28T00:00:00.000Z,17.2253951041,0.0086145010781701,99.8654833737,101.85710690639252,True,discovery,False,False,True,False,False,False
XLP,2008-04-29T00:00:00.000Z,17.2437852056,-0.002482269502736,99.4721129412,101.808840729357,True,discovery,False,False,True,False,False,False
XLP,2008-04-30T00:00:00.000Z,16.949543581,-0.0198511166246644,98.8856315798,101.757712631255,True,discovery,False,False,True,False,False,False
XLP,2008-05-01T00:00:00.000Z,17.2560452733,0.0007109847144244,100.9311466713,101.7170940022425,True,discovery,False,False,True,False,False,False
XLP,2008-05-02T00:00:00.000Z,17.2327511447,-0.0090941135003096,101.2100805474,101.67885664213352,True,discovery,False,False,True,False,False,False
XLP,2008-05-05T00:00:00.000Z,17.1702247994,-0.0063852429993087,100.7237393084,101.63607340530253,True,discovery,False,False,True,False,False,False
XLP,2008-05-06T00:00:00.000Z,17.2805654087,0.0003548616071666,101.5963024053,101.60318503284648,True,discovery,False,False,True,False,False,False
XLP,2008-05-07T00:00:00.000Z,17.1150544948,0.0007168458728885,99.7868090011,101.5595931061605,True,discovery,False,False,True,False,False,False
XLP,2008-05-08T00:00:00.000Z,17.1640947656,0.0010725777598694,99.529331577,101.524121750073,True,discovery,False,False,True,False,False,False
XLP,2008-05-09T00:00:00.000Z,17.0660142241,0.0017992083468967,99.3433685075,101.486628275169,True,discovery,False,False,True,False,False,False
XLP,2008-05-12T00:00:00.000Z,17.2560452733,0.013318934487617,100.4591133097,101.467363174196,True,discovery,False,False,True,False,False,False
XLP,2008-05-13T00:00:00.000Z,17.1947449348,0.0035778175284659,100.4734097437,101.45842319048398,True,discovery,False,False,True,False,False,False
XLP,2008-05-14T00:00:00.000Z,17.2621753071,0.0017787264304647,100.6808278348,101.44252175129098,True,discovery,False,False,True,False,False,False
XLP,2008-05-15T00:00:00.000Z,17.4705964578,0.0124333925358883,101.9396027765,101.438763347534,True,discovery,False,True,True,False,True,False
XLP,2008-05-16T00:00:00.000Z,17.464466424,0.0189556509312396,102.0325843113,101.4329681362,True,discovery,False,True,True,False,True,False
XLP,2008-05-19T00:00:00.000Z,17.5625469655,0.0217546362318143,102.3115174722,101.42444495356202,True,discovery,False,True,True,False,True,False
XLP,2008-05-20T00:00:00.000Z,17.2989555102,0.0125583064244449,101.4818651337,101.425163132578,True,discovery,False,True,True,False,True,False
XLP,2008-05-21T00:00:00.000Z,17.1211845287,-0.0042780748640895,99.7653532643,101.408806904787,True,discovery,False,False,True,False,False,False
XLP,2008-05-22T00:00:00.000Z,17.305085544,0.0049839800624549,99.7796504135,101.38702538491002,True,discovery,False,False,True,False,False,False
XLP,2008-05-23T00:00:00.000Z,17.2131350364,0.0053705692819248,98.4422010992,101.3512980459515,True,discovery,False,False,True,False,False,False
XLP,2008-05-27T00:00:00.000Z,17.2621753071,0.0021352313127056,99.1717240435,101.334863037739,True,discovery,False,False,True,False,False,False
XLP,2008-05-28T00:00:00.000Z,17.2866954425,0.002488446497586,99.6294609712,101.32311272194652,True,discovery,False,False,True,False,False,False
XLP,2008-05-29T00:00:00.000Z,17.3541258148,0.0238698010873594,100.1301093724,101.31203342411852,True,discovery,False,False,True,False,False,False
XLP,2008-05-30T00:00:00.000Z,17.464466424,0.0120781527516324,100.3804389371,101.3100281303645,True,discovery,False,False,True,False,False,False
XLP,2008-06-02T00:00:00.000Z,17.3112155779,0.0045532157077619,99.3433685075,101.309778948659,True,discovery,False,False,True,False,False,False
XLP,2008-06-03T00:00:00.000Z,17.4031660856,0.0135665833686777,98.7640457337,101.30289811003,True,discovery,False,False,True,False,False,False
XLP,2008-06-04T00:00:00.000Z,17.3909060179,0.006385242993522,98.7139864007,101.286570421385,True,discovery,False,False,True,False,False,False
XLP,2008-06-05T00:00:00.000Z,17.5686769994,0.0265042979990408,100.6879764094,101.280359361734,True,discovery,False,False,True,False,False,False
XLP,2008-06-06T00:00:00.000Z,17.1334445964,-0.0017857142842994,97.4766564675,101.257069884645,True,discovery,False,False,True,False,False,False
XLP,2008-06-09T00:00:00.000Z,17.1947449348,0.0075431034458068,97.71267887,101.228899954473,True,discovery,False,False,True,False,False,False
XLP,2008-06-10T00:00:00.000Z,17.2253951041,-0.0017761989328705,97.226337631,101.1987563485705,True,discovery,False,False,True,False,False,False
XLP,2008-06-11T00:00:00.000Z,17.1334445964,-0.003565062385772,95.7959074971,101.1550829150655,True,discovery,False,False,True,False,False,False
XLP,2008-06-12T00:00:00.000Z,17.2499152394,-0.0007102272733239,96.1606636052,101.118095823306,True,discovery,False,False,True,False,False,False
XLP,2008-06-13T00:00:00.000Z,17.2376551717,-0.0133333333331043,97.3765270734,101.0985692056525,True,discovery,False,False,True,False,False,False
XLP,2008-06-16T00:00:00.000Z,17.0537541564,-0.02351702351671,97.4337457091,101.0693922072535,True,discovery,False,False,True,False,False,False
XLP,2008-06-17T00:00:00.000Z,16.9985838518,-0.0321116928431767,96.9617116323,101.03922923204748,True,discovery,False,False,True,False,False,False
XLP,2008-06-18T00:00:00.000Z,16.8085528026,-0.0283486888737786,96.0176227375,100.999271846795,True,discovery,False,False,True,False,False,False
XLP,2008-06-19T00:00:00.000Z,16.8637231072,-0.0150375939858846,96.1392078684,100.95467222841452,True,discovery,False,False,True,False,False,False
XLP,2008-06-20T00:00:00.000Z,16.6730974447,-0.0365203684022885,94.5866361662,100.9068552044145,True,discovery,False,False,True,False,False,False
XLP,2008-06-23T00:00:00.000Z,16.611527661,-0.034950482531381,94.4931817245,100.857372847938,True,discovery,False,False,True,False,False,False
XLP,2008-06-24T00:00:00.000Z,16.6669404664,-0.0344820296463551,94.3062836237,100.81421457346752,True,discovery,False,False,True,False,False,False
XLP,2008-06-25T00:00:00.000Z,17.0425161473,-0.0141252731623695,94.7519694056,100.774271380283,True,discovery,False,False,True,False,False,False
XLP,2008-06-26T00:00:00.000Z,16.5253299637,-0.0477578565434384,92.1784753982,100.715470584853,True,discovery,False,False,True,False,False,False
XLP,2008-06-27T00:00:00.000Z,16.3529345691,-0.0636453372186918,91.6752806836,100.652814889808,True,discovery,False,False,True,False,False,False
XLP,2008-06-30T00:00:00.000Z,16.4699171583,-0.048598460103173,91.9987672619,100.5881120703405,True,discovery,False,False,True,False,False,False
XLP,2008-07-01T00:00:00.000Z,16.4514462232,-0.0546865931014405,92.2863097688,100.52488223446652,True,discovery,False,False,True,False,False,False
XLP,2008-07-02T00:00:00.000Z,16.432975288,-0.0550822785721472,90.7048302937,100.45656382478153,True,discovery,False,False,True,False,False,False
XLP,2008-07-03T00:00:00.000Z,16.4206613313,-0.0653444575330975,90.7982797035,100.373349839753,True,discovery,False,False,True,False,False,False
XLP,2008-07-07T00:00:00.000Z,16.5868997475,-0.0318992976470615,89.8709590363,100.282328048452,True,discovery,False,False,True,False,False,False
XLP,2008-07-08T00:00:00.000Z,16.8023939906,-0.0228180729454108,91.4668126895,100.203091001358,True,discovery,False,False,True,False,False,False
XLP,2008-07-09T00:00:00.000Z,16.6361555745,-0.0342076060397447,89.7056257969,100.11360785419252,True,discovery,False,False,True,False,False,False
XLP,2008-07-10T00:00:00.000Z,16.759295142,-0.0218373749828808,90.0722420979,100.026949054034,True,discovery,False,False,True,False,False,False
XLP,2008-07-11T00:00:00.000Z,16.5807427691,-0.0387927975884522,89.0227121632,99.93610468879648,True,discovery,False,False,True,False,False,False
XLP,2008-07-14T00:00:00.000Z,16.5930567258,-0.0373947871377697,88.2176007636,99.838402558677,True,discovery,False,False,True,False,False,False
XLP,2008-07-15T00:00:00.000Z,16.5622718339,-0.0288195970220173,86.9739834825,99.731296141472,True,discovery,False,False,True,False,False,False
XLP,2008-07-16T00:00:00.000Z,16.7716090988,-0.0133525683656268,89.1089766405,99.636670194571,True,discovery,False,False,True,False,False,False
XLP,2008-07-17T00:00:00.000Z,16.8023939906,-0.0003664094150359,90.0003525175,99.540411899399,True,discovery,False,False,True,False,False,False
XLP,2008-07-18T00:00:00.000Z,16.5191729853,-0.0204314385210044,90.5610619156,99.4477006277805,True,discovery,False,False,True,False,False,False
XLP,2008-07-21T00:00:00.000Z,16.482231115,-0.0114475627778851,90.6113816028,99.35633842041702,True,discovery,False,False,True,False,False,False
XLP,2008-07-22T00:00:00.000Z,16.7716090988,0.009636767976243,91.6393409253,99.269266332786,True,discovery,False,False,True,False,False,False
XLP,2008-07-23T00:00:00.000Z,16.8885916879,0.0132988548166259,92.1353456755,99.1781956105855,True,discovery,False,False,True,False,False,False
XLP,2008-07-24T00:00:00.000Z,16.7839230555,-0.0151734104028392,90.2232004404,99.080502573951,True,discovery,False,False,True,False,False,False
XLP,2008-07-25T00:00:00.000Z,16.6915683799,0.010059612520002,90.2016355791,98.97753298132652,True,discovery,False,False,True,False,False,False
XLP,2008-07-28T00:00:00.000Z,16.5499578772,0.0120481927734419,88.8789437851,98.868870376141,True,discovery,False,False,True,False,False,False
XLP,2008-07-29T00:00:00.000Z,16.9378475149,0.0284112149504156,90.7767148422,98.7723518111755,True,discovery,False,False,True,False,False,False
XLP,2008-07-30T00:00:00.000Z,17.134870823,0.0415419161651713,92.3941333567,98.68087572318449,True,discovery,False,False,True,False,False,False
XLP,2008-07-31T00:00:00.000Z,16.8701207528,0.0266017234942972,91.1720859689,98.5879625485205,True,discovery,False,False,True,False,False,False
XLP,2008-08-01T00:00:00.000Z,16.8393358609,0.0254968128964423,90.6904561157,98.4969957137215,True,discovery,False,False,True,False,False,False
XLP,2008-08-04T00:00:00.000Z,16.9932603203,0.0244988864095141,89.849394175,98.40015964978652,True,discovery,False,False,True,False,False,False
XLP,2008-08-05T00:00:00.000Z,17.2887952824,0.0289483327240223,92.27192984,98.31741879518049,True,discovery,False,False,True,False,False,False
XLP,2008-08-06T00:00:00.000Z,17.4735046337,0.0503330865986546,92.6816701128,98.250958447347,True,discovery,True,False,True,True,False,False
XLP,2008-08-07T00:00:00.000Z,17.134870823,0.0224099926529,91.3014794501,98.1745171493775,True,discovery,False,False,True,False,False,False
XLP,2008-08-08T00:00:00.000Z,17.4919755689,0.0549572966959104,92.9979667267,98.102239179884,True,discovery,True,False,True,True,False,False
XLP,2008-08-11T00:00:00.000Z,17.6151151364,0.0615955473117157,93.9612379349,98.03576883193352,True,discovery,True,False,True,True,False,False
XLP,2008-08-12T00:00:00.000Z,17.7074698121,0.0691449814183091,92.9835975806,97.963135793443,True,discovery,True,False,True,True,False,False
XLP,2008-08-13T00:00:00.000Z,17.5904872229,0.0488252569730229,92.4228932144,97.881397597751,True,discovery,False,False,True,False,False,False
XLP,2008-08-14T00:00:00.000Z,17.6459000283,0.0502015390290155,93.1201702434,97.8013402260465,True,discovery,True,False,True,True,False,False
XLP,2008-08-15T00:00:00.000Z,17.836766358,0.0797614610533161,93.5730510217,97.72733534685447,True,discovery,True,False,True,True,False,False
XLP,2008-08-18T00:00:00.000Z,17.7567256391,0.0773253642184472,92.2934939824,97.64130370456652,True,discovery,True,False,True,True,False,False
XLP,2008-08-19T00:00:00.000Z,17.5289174391,0.0451541850181915,91.2870995212,97.563055764887,True,discovery,False,False,True,False,False,False
XLP,2008-08-20T00:00:00.000Z,17.4796616121,0.0349981771791829,91.7112254738,97.48632662013298,True,discovery,False,False,True,False,False,False
XLP,2008-08-21T00:00:00.000Z,17.4488767202,0.0396184886275499,91.8693737807,97.41445947923752,True,discovery,False,False,True,False,False,False
XLP,2008-08-22T00:00:00.000Z,17.6335860715,0.0564367392062676,93.1992447563,97.34209038096952,True,discovery,True,False,True,True,False,False
XLP,2008-08-25T00:00:00.000Z,17.3503650662,0.0483630952380051,91.3086643826,97.2749958172225,True,discovery,False,False,True,False,False,False
XLP,2008-08-26T00:00:00.000Z,17.3072662176,0.0218102508228998,91.5746413093,97.211886323043,True,discovery,False,False,True,False,False,False
XLP,2008-08-27T00:00:00.000Z,17.3873069365,0.0147323032725263,92.4660229371,97.1603850527935,True,discovery,False,False,True,False,False,False
XLP,2008-08-28T00:00:00.000Z,17.4981325472,0.0372262773694591,93.5874309506,97.11958878476553,True,discovery,False,False,True,False,False,False
XLP,2008-08-29T00:00:00.000Z,17.3011092392,0.0274223034752938,92.5810307386,97.0582542179605,True,discovery,False,False,True,False,False,False
XLP,2008-09-02T00:00:00.000Z,17.4488767202,0.0268115942033635,92.0059521943,96.9954957736925,True,discovery,False,False,True,False,False,False
XLP,2008-09-03T00:00:00.000Z,17.3934639148,0.0060541310536863,91.9268776814,96.93988269977451,True,discovery,False,False,True,False,False,False
XLP,2008-09-04T00:00:00.000Z,17.2764813257,-0.0112755461557501,89.1592963277,96.869546657443,True,discovery,False,False,True,False,False,False
XLP,2008-09-05T00:00:00.000Z,17.4365627635,0.0176068990315958,89.4396481513,96.80779906770452,True,discovery,False,False,True,False,False,False
XLP,2008-09-08T00:00:00.000Z,17.935278012,0.0253431890156636,91.2870995212,96.752173303665,True,discovery,False,False,True,False,False,False
XLP,2008-09-09T00:00:00.000Z,17.6889988769,0.0041943376428648,88.5770271001,96.6934763286355,True,discovery,False,False,True,False,False,False
XLP,2008-09-10T00:00:00.000Z,17.7567256391,0.0027816411674095,88.9364534367,96.62790283868748,True,discovery,False,False,True,False,False,False
XLP,2008-09-11T00:00:00.000Z,17.9414349904,0.0199509975507172,90.2232004404,96.580021096201,True,discovery,False,False,True,False,False,False
XLP,2008-09-12T00:00:00.000Z,17.9475919688,0.0170969993038696,90.6401306777,96.52848877004052,True,discovery,False,False,True,False,False,False
XLP,2008-09-15T00:00:00.000Z,17.6951558553,-0.007939247499112,86.327014639,96.439247346367,True,discovery,False,False,True,False,False,False
XLP,2008-09-16T00:00:00.000Z,17.1964406068,-0.0315533980581568,87.7719099497,96.357053429401,True,discovery,False,False,True,False,False,False
XLP,2008-09-17T00:00:00.000Z,17.0979289527,-0.0245872848621351,83.8254109308,96.2498874134605,True,discovery,False,False,True,False,False,False
XLP,2008-09-18T00:00:00.000Z,17.3134231959,-0.0095103909840521,86.312640461,96.1586270257615,True,discovery,False,False,True,False,False,False
XLP,2008-09-19T00:00:00.000Z,17.3004996983,-0.0085035285811967,89.7206656326,96.0890798610825,True,discovery,False,False,True,False,False,False
XLP,2008-09-22T00:00:00.000Z,17.077347427,-0.0315442725174894,87.6894417127,96.0007029833065,True,discovery,False,False,True,False,False,False
XLP,2008-09-23T00:00:00.000Z,16.8479964816,-0.028954352411792,85.6943677314,95.89480999624948,True,discovery,False,False,True,False,False,False
XLP,2008-09-24T00:00:00.000Z,17.0401553818,-0.0154334504618858,85.9690501593,95.790396621649,True,discovery,False,False,True,False,False,False
XLP,2008-09-25T00:00:00.000Z,17.2261156079,-0.0092706322599978,87.3135596966,95.688563713318,True,discovery,False,False,True,False,False,False
XLP,2008-09-26T00:00:00.000Z,17.3314930693,-0.0095232721234967,87.3569287801,95.60171047155848,True,discovery,False,False,True,False,False,False
XLP,2008-09-29T00:00:00.000Z,16.8851885268,-0.024040118275054,80.511498771,95.4754613516105,True,discovery,False,False,True,False,False,False
XLP,2008-09-30T00:00:00.000Z,17.077347427,-0.0212924475974946,83.8438573618,95.366971490435,True,discovery,False,False,True,False,False,False
XLP,2008-10-01T00:00:00.000Z,17.4058771598,0.0007136729670871,83.8944571559,95.26542569426452,True,discovery,False,False,True,False,False,False
XLP,2008-10-02T00:00:00.000Z,17.1455328433,-0.0075795805830672,80.8512409685,95.1560983031105,True,discovery,False,False,True,False,False,False
XLP,2008-10-03T00:00:00.000Z,16.8789898526,-0.0319772261576214,79.7597296788,95.0384457628595,True,discovery,False,False,True,False,False,False
XLP,2008-10-06T00:00:00.000Z,16.3644998938,-0.087580360736479,75.6972926818,94.9004810376235,True,discovery,False,False,True,False,False,False
XLP,2008-10-07T00:00:00.000Z,15.7446324736,-0.1099195277715316,72.3071050321,94.742308354367,True,discovery,False,False,True,False,False,False
XLP,2008-10-08T00:00:00.000Z,15.4346987635,-0.1307688659944679,70.4855146134,94.5675740413865,True,discovery,False,False,True,False,False,False
XLP,2008-10-09T00:00:00.000Z,14.6288711172,-0.1846320472678171,65.5628738884,94.364311900393,True,discovery,False,False,True,False,False,False
XLP,2008-10-10T00:00:00.000Z,14.6288711172,-0.1849117618324089,63.9725968141,94.151959539977,True,discovery,False,False,True,False,False,False
XLP,2008-10-13T00:00:00.000Z,15.7384337994,-0.1105795321556283,73.2612718549,93.99274107625352,True,discovery,False,False,True,False,False,False
XLP,2008-10-14T00:00:00.000Z,15.1557584244,-0.118668870440145,72.176990553,93.829417936294,True,discovery,False,False,True,False,False,False
XLP,2008-10-15T00:00:00.000Z,14.3809241491,-0.1589084158155275,65.0713330315,93.6344455631235,True,discovery,False,False,True,False,False,False
XLP,2008-10-16T00:00:00.000Z,14.8210300174,-0.1439572723602242,67.7820362863,93.4575819926085,True,discovery,False,False,True,False,False,False
XLP,2008-10-17T00:00:00.000Z,15.0689769855,-0.1289860265145564,67.3772393793,93.2789435235875,True,discovery,False,False,True,False,False,False
XLP,2008-10-20T00:00:00.000Z,15.236341189,-0.10780399273773,71.4252221837,93.13317864315653,True,discovery,False,False,True,False,False,False
XLP,2008-10-21T00:00:00.000Z,15.0503809629,-0.1066961000771342,69.2928044584,92.977178713291,True,discovery,False,False,True,False,False,False
XLP,2008-10-22T00:00:00.000Z,14.4739042621,-0.1506002182609744,65.519504082,92.8104262895455,True,discovery,False,False,True,False,False,False
XLP,2008-10-23T00:00:00.000Z,14.5606857009,-0.1547319179593579,66.2785031619,92.6422730765295,True,discovery,False,False,True,False,False,False
XLP,2008-10-24T00:00:00.000Z,14.0647917648,-0.1884835479227374,62.9172304031,92.4540394305605,True,discovery,False,False,True,False,False,False
XLP,2008-10-27T00:00:00.000Z,13.7734540773,-0.1842878120407768,60.6836080297,92.2586946767255,True,discovery,False,False,True,False,False,False
XLP,2008-10-28T00:00:00.000Z,15.0317849403,-0.1197822141549852,67.7748113586,92.094784501967,True,discovery,False,False,True,False,False,False
XLP,2008-10-29T00:00:00.000Z,14.5668843752,-0.1631054131047664,67.2832705017,91.939484427808,True,discovery,False,False,True,False,False,False
XLP,2008-10-30T00:00:00.000Z,15.0689769855,-0.1211135213340108,69.6108617527,91.800057263509,True,discovery,False,False,True,False,False,False
XLP,2008-10-31T00:00:00.000Z,14.9759968725,-0.1127432978346668,69.9939737565,91.6751793337975,True,discovery,False,False,True,False,False,False
XLP,2008-11-03T00:00:00.000Z,15.1929504696,-0.0715909090899786,70.19637221,91.556188905188,True,discovery,False,False,True,False,False,False
XLP,2008-11-04T00:00:00.000Z,15.2859305826,-0.0291338582700569,72.5817932429,91.45389433433851,True,discovery,False,False,True,False,False,False
XLP,2008-11-05T00:00:00.000Z,15.1309637276,-0.0196787148589043,69.5313470677,91.32517296793152,True,discovery,False,False,True,False,False,False
XLP,2008-11-06T00:00:00.000Z,14.5668843752,-0.0042372881340869,65.678533452,91.1731660994365,True,discovery,False,False,True,False,False,False
XLP,2008-11-07T00:00:00.000Z,15.0379836145,0.0279661016918102,67.8470960558,91.03894170486,True,discovery,False,False,True,False,False,False
XLP,2008-11-10T00:00:00.000Z,15.0813743339,-0.0417487199726982,66.9579824968,90.892442386949,True,discovery,False,False,True,False,False,False
XLP,2008-11-11T00:00:00.000Z,14.7404472528,-0.0274028629891177,64.8906194812,90.7332218758825,True,discovery,False,False,True,False,False,False
XLP,2008-11-12T00:00:00.000Z,14.4243148685,0.0030172413782403,62.0353475546,90.5632837837445,True,discovery,False,False,True,False,False,False
XLP,2008-11-13T00:00:00.000Z,15.0007915693,0.0121288163973056,65.9026160858,90.403927471031,True,discovery,False,False,True,False,False,False
XLP,2008-11-14T00:00:00.000Z,14.5544870267,-0.0341423282612391,62.6136330842,90.22026131777798,True,discovery,False,False,True,False,False,False
XLP,2008-11-17T00:00:00.000Z,14.3623281265,-0.0573637103329637,61.782349307,90.0387021781125,True,discovery,False,False,True,False,False,False
XLP,2008-11-18T00:00:00.000Z,14.4615069137,-0.0391268533767754,62.946145294,89.87609391839,True,discovery,False,False,True,False,False,False
XLP,2008-11-19T00:00:00.000Z,14.0895864616,-0.0265524625243196,58.9126174051,89.69716150718651,True,discovery,False,False,True,False,False,False
XLP,2008-11-20T00:00:00.000Z,13.5998911996,-0.0659855257531322,54.5393473187,89.493231056005,True,discovery,False,False,True,False,False,False
XLP,2008-11-21T00:00:00.000Z,14.2507519908,0.0132216835563396,57.4813639179,89.3070711875595,True,discovery,False,False,True,False,False,False
XLP,2008-11-24T00:00:00.000Z,14.4305135427,0.0477047704745969,61.4642920128,89.1384060150785,True,discovery,False,False,True,False,False,False
XLP,2008-11-25T00:00:00.000Z,14.5110963073,-0.0346391752588237,61.9196937738,88.96760494819249,True,discovery,False,False,True,False,False,False
XLP,2008-11-26T00:00:00.000Z,14.6970565334,0.0089361702095758,64.3123390115,88.8038560286685,True,discovery,False,False,True,False,False,False
XLP,2008-11-28T00:00:00.000Z,14.9202088047,-0.0098724804572435,65.1219321027,88.6484255981975,True,discovery,False,False,True,False,False,False
XLP,2008-12-01T00:00:00.000Z,14.0957851358,-0.0587748344363177,59.3535591907,88.4642600629645,True,discovery,False,False,True,False,False,False
XLP,2008-12-02T00:00:00.000Z,14.3003413845,-0.0587515299866241,61.6377755754,88.290163256008,True,discovery,False,False,True,False,False,False
XLP,2008-12-03T00:00:00.000Z,14.4739042621,-0.0531224655320842,63.1196288566,88.122052225386,True,discovery,False,False,True,False,False,False
XLP,2008-12-04T00:00:00.000Z,14.2879440361,-0.0557148709544699,61.6594655385,87.95066181574099,True,discovery,False,False,True,False,False,False
XLP,2008-12-05T00:00:00.000Z,14.6908578592,0.0085106382948341,63.5605699193,87.78582313467699,True,discovery,False,False,True,False,False,False
XLP,2008-12-08T00:00:00.000Z,14.777639298,-0.0173124484754039,65.7797323173,87.62599472935199,True,discovery,False,False,True,False,False,False
XLP,2008-12-09T00:00:00.000Z,14.4925002847,-0.039046444717994,64.6954510154,87.45707937915851,True,discovery,False,False,True,False,False,False
XLP,2008-12-10T00:00:00.000Z,14.4863016105,-0.0172413793110465,65.136392801,87.2908669668915,True,discovery,False,False,True,False,False,False
XLP,2008-12-11T00:00:00.000Z,14.3251360813,-0.0068758057560561,63.5677999071,87.12161596256499,True,discovery,False,False,True,False,False,False
XLP,2008-12-12T00:00:00.000Z,14.3437321039,-0.0438016528904188,64.326793927,86.96701416024399,True,discovery,False,False,True,False,False,False
XLP,2008-12-15T00:00:00.000Z,14.3313347555,-0.015332197609619,63.4304561631,86.80906950315449,True,discovery,False,False,True,False,False,False
XLP,2008-12-16T00:00:00.000Z,14.6660631624,0.0211480362532294,66.4158418459,86.66786673375151,True,discovery,False,False,True,False,False,False
XLP,2008-12-17T00:00:00.000Z,14.591679072,0.0090012859017258,65.7725023296,86.52045790345201,True,discovery,False,False,True,False,False,False
XLP,2008-12-18T00:00:00.000Z,14.6412684656,0.0391553013641361,64.543652356,86.37676265413349,True,discovery,False,False,True,False,False,False
XLP,2008-12-19T00:00:00.000Z,14.5234936557,0.0679124886033768,64.2684913985,86.236495919056,True,discovery,True,False,True,True,False,False
XLP,2008-12-22T00:00:00.000Z,14.561005908,0.0217710558292147,63.4450006319,86.09819726639651,True,discovery,False,False,True,False,False,False
XLP,2008-12-23T00:00:00.000Z,14.4422171092,0.0008110291061622,62.7891297244,85.940248856466,True,discovery,False,False,True,False,False,False
XLP,2008-12-24T00:00:00.000Z,14.56725795,0.0038702549766516,63.15350488,85.78853522552299,True,discovery,False,False,True,False,False,False
XLP,2008-12-26T00:00:00.000Z,14.5797620341,-0.0079808156846535,63.5178800356,85.6376114494865,True,discovery,False,False,True,False,False,False
XLP,2008-12-29T00:00:00.000Z,14.5485018239,-0.024912987858649,63.3356924578,85.4930366189145,True,discovery,False,False,True,False,False,False
XLP,2008-12-30T00:00:00.000Z,14.7798273793,0.048528140639906,64.8369159125,85.36062989841349,True,discovery,False,False,True,False,False,False
XLP,2008-12-31T00:00:00.000Z,14.9236243462,0.0435851805870572,65.7624266214,85.2138824346085,True,discovery,False,False,True,False,False,False
XLP,2009-01-02T00:00:00.000Z,15.1361937755,0.0457574888853045,67.7446281965,85.08882552859899,True,discovery,False,False,True,False,False,False
XLP,2009-01-05T00:00:00.000Z,15.1987141959,0.0637439618673505,67.6644649335,84.9548198159035,True,discovery,True,False,True,True,False,False
XLP,2009-01-06T00:00:00.000Z,14.9736406825,0.0192488979207507,68.1162923127,84.8136324047965,True,discovery,False,False,True,False,False,False
XLP,2009-01-07T00:00:00.000Z,14.8235916736,0.0031095883904961,66.0757892552,84.66177757072799,True,discovery,False,False,True,False,False,False
XLP,2009-01-08T00:00:00.000Z,14.6297783704,0.0094723534934084,66.3454290566,84.51717149215351,True,discovery,False,False,True,False,False,False
XLP,2009-01-09T00:00:00.000Z,14.3796966888,-0.0073590157492462,64.9243623061,84.366962024315,True,discovery,False,False,True,False,False,False
XLP,2009-01-12T00:00:00.000Z,14.3859487309,0.0042451708140758,63.364837369,84.21349656177051,True,discovery,False,False,True,False,False,False
XLP,2009-01-13T00:00:00.000Z,14.4734773194,0.0090454293596797,63.4814403337,84.05896909793898,True,discovery,False,False,True,False,False,False
XLP,2009-01-14T00:00:00.000Z,14.1546231755,-0.0123304341859842,61.4846659387,83.877864772579,True,discovery,False,False,True,False,False,False
XLP,2009-01-15T00:00:00.000Z,14.2171435958,-0.0306094117848145,61.5065277193,83.6965479236465,True,discovery,False,False,True,False,False,False
XLP,2009-01-16T00:00:00.000Z,14.3484364787,-0.0166699522446843,61.9875000096,83.516420084856,True,discovery,False,False,True,False,False,False
XLP,2009-01-20T00:00:00.000Z,14.1796313436,-0.0315298584330057,58.71541257,83.32046819871101,True,discovery,False,False,True,False,False,False
XLP,2009-01-21T00:00:00.000Z,14.248403806,-0.0189410245373043,61.2514658391,83.13694622502949,True,discovery,False,False,True,False,False,False
XLP,2009-01-22T00:00:00.000Z,14.235899722,-0.0223271790461525,60.3040882483,82.949188013941,True,discovery,False,False,True,False,False,False
XLP,2009-01-23T00:00:00.000Z,14.0983547971,-0.0238095238078751,60.5664390891,82.766281889518,True,discovery,False,False,True,False,False,False
XLP,2009-01-26T00:00:00.000Z,14.1921354277,-0.0257510729601654,60.9818260377,82.5847732383725,True,discovery,False,False,True,False,False,False
XLP,2009-01-27T00:00:00.000Z,14.2671599322,-0.0214408233254334,61.6012630735,82.4158026077135,True,discovery,False,False,True,False,False,False
XLP,2009-01-28T00:00:00.000Z,14.410956899,-0.0094542329213612,63.6854889634,82.2588623833175,True,discovery,False,False,True,False,False,False
XLP,2009-01-29T00:00:00.000Z,14.2859160583,-0.0334179356987451,61.6158409947,82.0904652928115,True,discovery,False,False,True,False,False,False
XLP,2009-01-30T00:00:00.000Z,13.8482731156,-0.0720569752798566,60.3623897307,81.90289131045101,True,discovery,False,False,True,False,False,False
XLP,2009-02-02T00:00:00.000Z,13.7294843168,-0.0929368029746653,60.1802021529,81.713691185863,True,discovery,False,False,True,False,False,False
XLP,2009-02-03T00:00:00.000Z,14.0295823347,-0.0769230769215585,61.0255495989,81.52360403580849,True,discovery,False,False,True,False,False,False
XLP,2009-02-04T00:00:00.000Z,13.6482077703,-0.0885177453035225,60.7267648863,81.331772611885,True,discovery,False,False,True,False,False,False
XLP,2009-02-05T00:00:00.000Z,13.8420210735,-0.0662167861685048,61.6304138147,81.146640842134,True,discovery,False,False,True,False,False,False
XLP,2009-02-06T00:00:00.000Z,14.079598671,-0.037606837606861,63.3867042508,80.97107726471299,True,discovery,False,False,True,False,False,False
XLP,2009-02-09T00:00:00.000Z,13.9420537461,-0.0304347826085142,63.4741506444,80.793805252603,True,discovery,False,False,True,False,False,False
XLP,2009-02-10T00:00:00.000Z,13.4919067194,-0.0621468926536392,60.5664390891,80.597417309864,True,discovery,False,False,True,False,False,False
XLP,2009-02-11T00:00:00.000Z,13.5669312238,-0.0626349892008938,60.9235245553,80.402707515772,True,discovery,False,False,True,False,False,False
XLP,2009-02-12T00:00:00.000Z,13.6919720646,-0.0326855123703183,60.9672539465,80.2101832207985,True,discovery,False,False,True,False,False,False
XLP,2009-02-13T00:00:00.000Z,13.4794026353,-0.0518909410690584,60.311377209,80.0173119489445,True,discovery,False,False,True,False,False,False
XLP,2009-02-17T00:00:00.000Z,13.2843389237,-0.0741612200450992,57.7316003787,79.80131421748149,True,discovery,False,False,True,False,False,False
XLP,2009-02-18T00:00:00.000Z,13.3543617945,-0.0582010582011701,57.5931363621,79.583229496555,True,discovery,False,False,True,False,False,False
XLP,2009-02-19T00:00:00.000Z,13.5231669296,-0.0508995173266076,56.9736993264,79.364479296645,True,discovery,False,False,True,False,False,False
XLP,2009-02-20T00:00:00.000Z,13.3168495423,-0.0645586297773445,56.4198476324,79.1385970227805,True,discovery,False,False,True,False,False,False
XLP,2009-02-23T00:00:00.000Z,12.9729872302,-0.079822616404255,54.4012121855,78.9116690387025,True,discovery,False,False,True,False,False,False
XLP,2009-02-24T00:00:00.000Z,13.2230689117,-0.0682819383268137,56.4635762948,78.6963402622915,True,discovery,False,False,True,False,False,False
XLP,2009-02-25T00:00:00.000Z,13.0980280709,-0.081945661705337,56.019038605,78.47971861277901,True,discovery,False,False,True,False,False,False
XLP,2009-02-26T00:00:00.000Z,12.8086835654,-0.1111843817748968,55.108100716,78.2529635498105,True,discovery,False,False,True,False,False,False
XLP,2009-02-27T00:00:00.000Z,12.7291575906,-0.10897155361595,53.8765105039,78.0199790536115,True,discovery,False,False,True,False,False,False
XLP,2009-03-02T00:00:00.000Z,12.4853279511,-0.0984198645652539,51.4497705103,77.773823766989,True,discovery,False,False,True,False,False,False
XLP,2009-03-03T00:00:00.000Z,12.3352789422,-0.1015482695802338,51.0635343029,77.51944342462099,True,discovery,False,False,True,False,False,False
XLP,2009-03-04T00:00:00.000Z,12.5728565397,-0.1038324420675742,52.2732620056,77.2706468130925,True,discovery,False,False,True,False,False,False
XLP,2009-03-05T00:00:00.000Z,12.2852626059,-0.0998625744374964,50.1380235939,77.009779343701,True,discovery,False,False,True,False,False,False
XLP,2009-03-06T00:00:00.000Z,12.3227748581,-0.1097560975621209,50.2254699875,76.75349736797,True,discovery,False,False,True,False,False,False
XLP,2009-03-09T00:00:00.000Z,12.135213597,-0.1380994671392789,49.6351844217,76.502846523757,True,discovery,False,False,True,False,False,False
XLP,2009-03-10T00:00:00.000Z,12.3602871104,-0.1134529147933076,52.5939084988,76.2669178141835,True,discovery,False,False,True,False,False,False
XLP,2009-03-11T00:00:00.000Z,12.3477830263,-0.0848007414292943,52.9364218738,76.0393889180565,True,discovery,False,False,True,False,False,False
XLP,2009-03-12T00:00:00.000Z,12.6666371703,-0.0663594470001178,55.0206484924,75.818633540301,True,discovery,False,False,True,False,False,False
XLP,2009-03-13T00:00:00.000Z,12.8541984314,-0.0611872146135928,55.450608261,75.59773927675,True,discovery,False,False,True,False,False,False
XLP,2009-03-16T00:00:00.000Z,13.0542637767,-0.0315398886807225,55.2829993332,75.373503726554,True,discovery,False,False,True,False,False,False
XLP,2009-03-17T00:00:00.000Z,13.2980934162,0.0010353915673937,56.9736993264,75.1564700285005,True,discovery,False,False,True,False,False,False
XLP,2009-03-18T00:00:00.000Z,13.2293209537,-0.0093632958822111,58.2490123709,74.95099824781751,True,discovery,False,False,True,False,False,False
XLP,2009-03-19T00:00:00.000Z,13.0605158187,-0.0342117429525573,57.5275510203,74.7448157742505,True,discovery,False,False,True,False,False,False
XLP,2009-03-20T00:00:00.000Z,12.9372410548,-0.0285058779326298,56.3115779274,74.532803731884,True,discovery,False,False,True,False,False,False
XLP,2009-03-23T00:00:00.000Z,13.5032846595,0.0408770485848868,60.356381878,74.331145759227,True,discovery,False,False,True,False,False,False
XLP,2009-03-24T00:00:00.000Z,13.4403909256,0.0164350662732846,59.1671637008,74.1395982953935,True,discovery,False,False,True,False,False,False
XLP,2009-03-25T00:00:00.000Z,13.5724677667,0.0362222231645745,59.7911343116,73.94999057260151,True,discovery,False,False,True,False,False,False
XLP,2009-03-26T00:00:00.000Z,13.723412728,0.0714147677963525,61.0097165802,73.7689074673475,True,discovery,True,False,True,True,False,False
XLP,2009-03-27T00:00:00.000Z,13.5913358869,0.0677325494765408,59.9085906775,73.5894708832495,True,discovery,True,False,True,True,False,False
XLP,2009-03-30T00:00:00.000Z,13.2957353378,0.0649087785177962,57.8384739806,73.3978599351265,True,discovery,True,False,True,True,False,False
XLP,2009-03-31T00:00:00.000Z,13.2705778442,0.0758230848594971,58.3743523169,73.202849061344,True,discovery,True,False,True,True,False,False
XLP,2009-04-01T00:00:00.000Z,13.4969952861,0.0735026875938609,59.504842311,73.0132045443535,True,discovery,True,False,True,True,False,False
XLP,2009-04-02T00:00:00.000Z,13.7800170885,0.1216705357101721,61.2446227053,72.83461909971851,True,discovery,True,False,True,True,False,False
XLP,2009-04-03T00:00:00.000Z,13.723412728,0.1136625383510381,61.8539138396,72.663800555229,True,discovery,True,False,True,True,False,False
XLP,2009-04-06T00:00:00.000Z,13.7611489683,0.1339848992606076,61.3694155061,72.4899515934175,True,discovery,True,False,True,True,False,False
XLP,2009-04-07T00:00:00.000Z,13.5095740329,0.0929822189593787,59.937954769,72.3167081864315,True,discovery,True,False,True,True,False,False
XLP,2009-04-08T00:00:00.000Z,13.6227827538,0.103257380275012,60.5839464297,72.1471620099575,True,discovery,True,False,True,True,False,False
XLP,2009-04-09T00:00:00.000Z,13.6290721272,0.0759818840596984,62.9917410027,71.99058929685249,True,discovery,True,False,True,True,False,False
XLP,2009-04-13T00:00:00.000Z,13.5913358869,0.0573460460746686,63.0064256177,71.831861577913,True,discovery,True,False,True,True,False,False
XLP,2009-04-14T00:00:00.000Z,13.4026546853,0.026687901712376,61.9199784575,71.6805690932095,True,discovery,False,False,True,False,False,False
XLP,2009-04-15T00:00:00.000Z,13.641650874,0.0258350913207956,62.5806554672,71.5350959671275,True,discovery,False,False,True,False,False,False
XLP,2009-04-16T00:00:00.000Z,13.8240427022,0.0449548204765315,63.4982603861,71.39259343274851,True,discovery,False,False,True,False,False,False
XLP,2009-04-17T00:00:00.000Z,13.8932258094,0.0637578180111178,63.9240305366,71.2507820365875,True,discovery,True,False,True,True,False,False
XLP,2009-04-20T00:00:00.000Z,13.6227827538,0.0529897909528127,61.2446227053,71.1034809986455,True,discovery,True,False,True,True,False,False
XLP,2009-04-21T00:00:00.000Z,13.7611489683,0.0190964135987894,62.4411780514,70.961695490385,True,discovery,False,False,True,False,False,False
XLP,2009-04-22T00:00:00.000Z,13.5787571401,0.0102948058033383,62.0594566074,70.8226379782405,True,discovery,False,False,True,False,False,False
XLP,2009-04-23T00:00:00.000Z,13.5787571401,0.0004633920306984,62.6687477417,70.6786476535015,True,discovery,False,False,True,False,False,False
XLP,2009-04-24T00:00:00.000Z,13.5221527796,-0.0146654445500546,63.615716752,70.548198108277,True,discovery,False,False,True,False,False,False
XLP,2009-04-27T00:00:00.000Z,13.6039146337,0.000925497456959,63.0137620526,70.41290570805049,True,discovery,False,False,True,False,False,False
XLP,2009-04-28T00:00:00.000Z,13.6668083675,0.0279091769106618,62.8155623265,70.281869958867,True,discovery,False,False,True,False,False,False
XLP,2009-04-29T00:00:00.000Z,13.8932258094,0.0469194312794851,64.1515943543,70.16153992682051,True,discovery,False,False,True,False,False,False
XLP,2009-04-30T00:00:00.000Z,13.8366214489,0.0251630941258287,64.1736161382,70.047538090099,True,discovery,False,False,True,False,False,False
XLP,2009-05-01T00:00:00.000Z,13.8932258094,0.0082154267424296,64.5186363218,69.92458638850549,True,discovery,False,False,True,False,False,False
XLP,2009-05-04T00:00:00.000Z,14.1070645045,0.0279560036635226,66.7135458196,69.808152355016,True,discovery,False,False,True,False,False,False
XLP,2009-05-05T00:00:00.000Z,13.9875664102,0.0164533820847061,66.485982002,69.687776955448,True,discovery,False,False,True,False,False,False
XLP,2009-05-06T00:00:00.000Z,14.0756176376,0.0418994413385285,67.638493046,69.572912512664,True,discovery,False,False,True,False,False,False
XLP,2009-05-07T00:00:00.000Z,14.1322219981,0.0373961218869101,66.6988670772,69.4482101434235,True,discovery,False,False,True,False,False,False
XLP,2009-05-08T00:00:00.000Z,14.3146138263,0.0502999538561279,68.2551264878,69.328809047485,True,discovery,True,False,True,True,False,False
XLP,2009-05-11T00:00:00.000Z,14.245430719,0.0481258676514977,66.9778167703,69.2125821291345,True,discovery,False,False,True,False,False,False
XLP,2009-05-12T00:00:00.000Z,14.4152438004,0.0755513843246746,66.7796163101,69.0954720327895,True,discovery,True,False,True,True,False,False
XLP,2009-05-13T00:00:00.000Z,14.1510901182,0.0373443983360515,65.0985633646,68.976570130687,True,discovery,False,False,True,False,False,False
XLP,2009-05-14T00:00:00.000Z,14.2014051053,0.02729754321722,65.6564686235,68.85096889959351,True,discovery,False,False,True,False,False,False
XLP,2009-05-15T00:00:00.000Z,14.0693282642,0.0126754187411861,65.1205851486,68.71460115855301,True,discovery,False,False,True,False,False,False
XLP,2009-05-18T00:00:00.000Z,14.3649288134,0.054478301020618,66.9704796014,68.59359312671549,True,discovery,True,False,True,True,False,False
XLP,2009-05-19T00:00:00.000Z,14.4466906674,0.0498171846463695,66.8897303685,68.47458949797951,True,discovery,False,False,True,False,False,False
XLP,2009-05-20T00:00:00.000Z,14.4655587875,0.06530801296837,66.441938434,68.35755221927451,True,discovery,True,False,True,True,False,False
XLP,2009-05-21T00:00:00.000Z,14.3334819464,0.0555812876328121,65.4876271161,68.223630705655,True,discovery,True,False,True,True,False,False
XLP,2009-05-22T00:00:00.000Z,14.4215331738,0.0665116279086002,65.3481497003,68.08696310359251,True,discovery,True,False,True,True,False,False
XLP,2009-05-26T00:00:00.000Z,14.603925002,0.0735090152523263,67.0218654768,67.965565033726,True,discovery,True,False,True,True,False,False
XLP,2009-05-27T00:00:00.000Z,14.2328519723,0.0414173953112613,65.8253049922,67.8297017250535,True,discovery,False,False,True,False,False,False
XLP,2009-05-28T00:00:00.000Z,14.3837969335,0.0353100950657609,66.7429099111,67.6936100849345,True,discovery,False,False,True,False,False,False
XLP,2009-05-29T00:00:00.000Z,14.5410312682,0.050909090915109,67.9247857807,67.568316025935,True,discovery,True,True,True,True,True,True
XLP,2009-06-01T00:00:00.000Z,14.8303424439,0.0674513354462256,69.5691323271,67.4540472214985,True,discovery,True,True,True,True,True,True
XLP,2009-06-02T00:00:00.000Z,14.9812874052,0.0619705751271735,69.627859776,67.33658566916151,True,discovery,True,True,True,True,True,True
XLP,2009-06-03T00:00:00.000Z,14.9058149245,0.0656474820116239,68.7469619902,67.212455224004,True,discovery,True,True,True,True,True,True
XLP,2009-06-04T00:00:00.000Z,14.9309724181,0.060768543343711,69.3929536509,67.0979525223465,True,discovery,True,True,True,True,True,True
XLP,2009-06-05T00:00:00.000Z,14.8554999375,0.0511793502463546,69.4076382659,66.98855521607,True,discovery,True,True,True,True,True,True
XLP,2009-06-08T00:00:00.000Z,14.9121042979,0.0417398945476432,69.1213462653,66.8756058200275,True,discovery,False,True,True,False,True,False
XLP,2009-06-09T00:00:00.000Z,14.7800274568,0.0375275938190464,69.4737028837,66.7636274655425,True,discovery,False,True,True,False,True,False
XLP,2009-06-10T00:00:00.000Z,14.6165037488,0.013961605588274,69.2975249416,66.644118866469,True,discovery,False,True,True,False,True,False
XLP,2009-06-11T00:00:00.000Z,14.6793974826,0.0373333333324288,69.6058387261,66.53560473818649,True,discovery,False,True,True,False,True,False
XLP,2009-06-12T00:00:00.000Z,14.7926062036,0.0416297608522808,69.7967020174,66.426715041727,True,discovery,False,True,True,False,True,False
XLP,2009-06-15T00:00:00.000Z,14.4341119206,0.0259275815838491,68.1963990389,66.305366922236,True,discovery,False,True,True,False,True,False
XLP,2009-06-16T00:00:00.000Z,14.245430719,-0.008318739059015,67.2714510784,66.17378702287499,True,discovery,False,True,True,False,True,False
XLP,2009-06-17T00:00:00.000Z,14.3900863069,-0.0039181541159271,67.2053864606,66.046908801485,True,discovery,False,True,True,False,True,False
XLP,2009-06-18T00:00:00.000Z,14.6542399891,0.0130434782625228,67.697221229,65.9253651466585,True,discovery,False,True,True,False,True,False
XLP,2009-06-19T00:00:00.000Z,14.507710168,0.0121553312901585,67.945481075,65.8054581636265,True,discovery,False,True,True,False,True,False
XLP,2009-06-22T00:00:00.000Z,14.4506680572,0.002020234814765,65.9080010487,65.6892016872315,True,discovery,False,True,True,False,True,False
XLP,2009-06-23T00:00:00.000Z,14.3619358849,-0.0165701424149233,65.9596754911,65.5718018239305,True,discovery,False,True,True,False,True,False
XLP,2009-06-24T00:00:00.000Z,14.3999639588,0.0117412860630625,66.5281061689,65.44800685716899,True,discovery,False,True,True,False,True,False
XLP,2009-06-25T00:00:00.000Z,14.6471464387,0.0183087613387156,67.9750104878,65.3449967741075,True,discovery,False,True,True,False,True,False
XLP,2009-06-26T00:00:00.000Z,14.5964423402,0.003810670025941,67.7978340107,65.2393036769775,True,discovery,False,True,True,False,True,False
XLP,2009-06-29T00:00:00.000Z,14.6851745125,-0.0097885758167175,68.4327012536,65.1303511810435,True,discovery,False,True,True,False,True,False
XLP,2009-06-30T00:00:00.000Z,14.571090291,-0.027380631791205,67.8790386042,65.01654572067599,True,discovery,False,True,True,False,True,False
XLP,2009-07-01T00:00:00.000Z,14.8182727709,-0.0058730202973411,68.1595647043,64.9257084710025,True,discovery,False,True,True,False,True,False
XLP,2009-07-02T00:00:00.000Z,14.507710168,-0.0283479359714644,66.2992552494,64.818345197501,True,discovery,False,True,True,False,True,False
XLP,2009-07-06T00:00:00.000Z,14.8055967463,-0.0033592401070278,66.2918767718,64.730677526706,True,discovery,False,True,True,False,True,False
XLP,2009-07-07T00:00:00.000Z,14.6217943895,-0.0194680712125171,65.0073757341,64.6241512030715,True,discovery,False,True,True,False,True,False
XLP,2009-07-08T00:00:00.000Z,14.6851745125,-0.0064176433079872,64.9630841985,64.50036329590101,True,discovery,False,True,True,False,True,False
XLP,2009-07-09T00:00:00.000Z,14.5774283033,-0.002673378406461,65.0885795893,64.387358985284,True,discovery,False,True,True,False,True,False
XLP,2009-07-10T00:00:00.000Z,14.507710168,-0.0116958011937143,64.9335547857,64.2835549205555,True,discovery,False,True,True,False,True,False
XLP,2009-07-13T00:00:00.000Z,14.7675686725,-0.0016925706501879,66.5133381405,64.18627636046149,True,discovery,False,True,True,False,True,False
XLP,2009-07-14T00:00:00.000Z,14.8119347586,0.0261756899266369,66.8898309567,64.084157716762,True,discovery,False,True,True,False,True,False
XLP,2009-07-15T00:00:00.000Z,15.0527792263,0.056674208258455,68.8461063896,63.9916036048095,True,discovery,True,True,True,True,True,True
XLP,2009-07-16T00:00:00.000Z,15.1541874232,0.0530991336677122,68.7353731215,63.932722976562,True,discovery,True,True,True,True,True,True
XLP,2009-07-17T00:00:00.000Z,15.1668634478,0.034981238131851,69.4883513718,63.86094544661201,True,discovery,False,True,True,False,True,False
XLP,2009-07-20T00:00:00.000Z,15.2112295339,0.048492791608959,70.2265682377,63.792606002021,True,discovery,False,True,True,False,True,False
XLP,2009-07-21T00:00:00.000Z,15.192215497,0.0513157894752502,70.5513858733,63.741106726545006,True,discovery,True,True,True,True,True,True
XLP,2009-07-22T00:00:00.000Z,15.1985535093,0.0582524271870348,70.5366237507,63.6949911969045,True,discovery,True,True,True,True,True,True
XLP,2009-07-23T00:00:00.000Z,15.4077079154,0.0699823943645465,72.0942620759,63.676976043875,True,discovery,True,True,True,True,True,True
XLP,2009-07-24T00:00:00.000Z,15.5471441861,0.0614452617898371,72.389544393,63.67738824067951,True,discovery,True,True,True,True,True,True
XLP,2009-07-27T00:00:00.000Z,15.4901020754,0.0612244898017906,72.6036272841,63.687978804033,True,discovery,True,True,True,True,True,True
XLP,2009-07-28T00:00:00.000Z,15.5091161123,0.0561070349622785,72.264048264,63.721484675911,True,discovery,True,True,True,True,True,True
XLP,2009-07-29T00:00:00.000Z,15.5915102723,0.0700304480255862,72.0868784308,63.762056083994494,True,discovery,True,True,True,True,True,True
XLP,2009-07-30T00:00:00.000Z,15.5724962353,0.0508982035936831,72.8398566812,63.75994900812601,True,discovery,True,True,True,True,True,True
XLP,2009-07-31T00:00:00.000Z,15.5408061738,0.0712101354270728,72.9432070424,63.763780090573,True,discovery,True,True,True,True,True,True
XLP,2009-08-03T00:00:00.000Z,15.5598202107,0.0509417808227474,74.1465020102,63.8091559354665,True,discovery,True,True,True,True,True,True
XLP,2009-08-04T00:00:00.000Z,15.5851722599,0.0658864325907775,74.3384383954,63.841937946012,True,discovery,True,True,True,True,True,True
XLP,2009-08-05T00:00:00.000Z,15.4837640631,0.0543806646574231,74.1243555043,63.875673526637,True,discovery,True,True,True,True,True,True
XLP,2009-08-06T00:00:00.000Z,15.3253137554,0.0513043478272978,73.740482734,63.8872498293885,True,discovery,True,True,True,True,True,True
XLP,2009-08-07T00:00:00.000Z,15.3886938785,0.0607252075136715,74.7075468283,63.914323541238,True,discovery,True,True,True,True,True,True
XLP,2009-08-10T00:00:00.000Z,15.4013699031,0.0429184549370174,74.5525212865,63.9594886272605,True,discovery,False,True,True,False,True,False
XLP,2009-08-11T00:00:00.000Z,15.4013699031,0.0397946084766385,73.6223680355,63.99620795162849,True,discovery,False,True,True,False,True,False
XLP,2009-08-12T00:00:00.000Z,15.3950318908,0.0227368421043485,74.412260082,64.053683100023,True,discovery,False,True,True,False,True,False
XLP,2009-08-13T00:00:00.000Z,15.4837640631,0.0217482225008938,74.9806870687,64.12516849521799,True,discovery,False,True,True,False,True,False
XLP,2009-08-14T00:00:00.000Z,15.4647500261,0.0196406184657256,74.4048779133,64.1583188279915,True,discovery,False,True,True,False,True,False
XLP,2009-08-17T00:00:00.000Z,15.3062997185,0.0062500000008629,72.5741000859,64.1847729759125,True,discovery,False,True,True,False,True,False
XLP,2009-08-18T00:00:00.000Z,15.3316517677,0.0091781393390275,73.1499092413,64.2024682133555,True,discovery,False,True,True,False,True,False
XLP,2009-08-19T00:00:00.000Z,15.4330599646,0.0154295246028843,73.7921579146,64.221459134146,True,discovery,False,True,True,False,True,False
XLP,2009-08-20T00:00:00.000Z,15.5091161123,0.0065816536409444,74.5525212865,64.2432398795285,True,discovery,False,True,True,False,True,False
XLP,2009-08-21T00:00:00.000Z,15.6802424445,0.0085609457792894,76.0141906809,64.2604018667185,True,discovery,False,True,True,False,True,False
XLP,2009-08-24T00:00:00.000Z,15.6865804568,0.01268412438108,76.0068085123,64.2927791739415,True,discovery,False,True,True,False,True,False
XLP,2009-08-25T00:00:00.000Z,15.7119325061,0.0130772374345145,76.1544518855,64.34515876610901,True,discovery,False,True,True,False,True,False
XLP,2009-08-26T00:00:00.000Z,15.7626366045,0.0109756097524449,76.1618340541,64.3867324561005,True,discovery,False,True,True,False,True,False
XLP,2009-08-27T00:00:00.000Z,15.7626366045,0.0122100122117216,76.3316239333,64.433600663283,True,discovery,False,True,True,False,True,False
XLP,2009-08-28T00:00:00.000Z,15.6992564815,0.0101957585679903,76.316859596,64.490731863857,True,discovery,False,True,True,False,True,False
XLP,2009-08-31T00:00:00.000Z,15.730946543,0.0109979633429388,75.6377000793,64.5587436264805,True,discovery,False,True,True,False,True,False
XLP,2009-09-01T00:00:00.000Z,15.5851722599,0.0,73.9693299624,64.5990771958635,True,discovery,False,True,True,False,True,False
XLP,2009-09-02T00:00:00.000Z,15.5978482846,0.0073679901757142,73.6888075534,64.65445306820949,True,discovery,False,True,True,False,True,False
XLP,2009-09-03T00:00:00.000Z,15.6295383461,0.0198511166267512,74.3015275521,64.717048959435,True,discovery,False,True,True,False,True,False
XLP,2009-09-04T00:00:00.000Z,15.7436225676,0.0230642504102236,75.342413333,64.77903029963,True,discovery,False,True,True,False,True,False
XLP,2009-09-08T00:00:00.000Z,15.876720826,0.0308641975285794,75.992044175,64.86442743347949,True,discovery,False,True,True,False,True,False
XLP,2009-09-09T00:00:00.000Z,15.8703828137,0.0304526748952114,76.575235499,64.974606874381,True,discovery,False,True,True,False,True,False
XLP,2009-09-10T00:00:00.000Z,15.9844670352,0.038287361051343,77.3577453769,65.073988781676,True,discovery,False,True,True,False,True,False
XLP,2009-09-11T00:00:00.000Z,16.0541851706,0.0368399508785717,77.3429810396,65.15338222681,True,discovery,False,True,True,False,True,False
XLP,2009-09-14T00:00:00.000Z,16.0161570967,0.0356557377047404,77.7194716412,65.232381116147,True,discovery,False,True,True,False,True,False
XLP,2009-09-15T00:00:00.000Z,15.9337629368,0.0409937888215801,78.0442870622,65.3010408564005,True,discovery,False,True,True,False,True,False
XLP,2009-09-16T00:00:00.000Z,16.0605231829,0.0475403059137795,79.2254340476,65.371558366125,True,discovery,False,True,True,False,True,False
XLP,2009-09-17T00:00:00.000Z,16.0034810721,0.0369609856249131,79.107319349,65.47032716691649,True,discovery,False,True,True,False,True,False
XLP,2009-09-18T00:00:00.000Z,16.2117735085,0.0453060890841312,79.1577617075,65.557927097577,True,discovery,False,True,True,False,True,False
XLP,2009-09-21T00:00:00.000Z,16.1607128046,0.0306417685696263,78.9574937571,65.6371164220795,True,discovery,False,True,True,False,True,False
XLP,2009-09-22T00:00:00.000Z,16.1926257446,0.0322597578990284,79.4173683098,65.725905935936,True,discovery,False,True,True,False,True,False
XLP,2009-09-23T00:00:00.000Z,16.1926257446,0.0305941511849912,78.7572258068,65.80188921537349,True,discovery,False,True,True,False,True,False
XLP,2009-09-24T00:00:00.000Z,16.1096521006,0.0220150666926453,77.889398022,65.86243754389699,True,discovery,False,True,True,False,True,False
XLP,2009-09-25T00:00:00.000Z,16.1096521006,0.0220150666926453,77.4740274583,65.9263304261115,True,discovery,False,True,True,False,True,False
XLP,2009-09-28T00:00:00.000Z,16.1415650406,0.0281738539415044,78.8610684477,65.994953804345,True,discovery,False,True,True,False,True,False
XLP,2009-09-29T00:00:00.000Z,16.2181560965,0.0309714073573532,78.6237138399,66.07023337400899,True,discovery,False,True,True,False,True,False
XLP,2009-09-30T00:00:00.000Z,16.2500690365,0.0426621384423675,78.3196032486,66.140197420617,True,discovery,False,True,True,False,True,False
XLP,2009-10-01T00:00:00.000Z,16.1032695126,0.0324032660645257,76.3762623971,66.204926451787,True,discovery,False,True,True,False,True,False
XLP,2009-10-02T00:00:00.000Z,16.1543302166,0.0335769271541501,76.0202304854,66.2529483949845,True,discovery,False,True,True,False,True,False
XLP,2009-10-05T00:00:00.000Z,16.1926257446,0.028519686309302,77.155082204,66.30986129435651,True,discovery,False,True,True,False,True,False
XLP,2009-10-06T00:00:00.000Z,16.3394252685,0.0291435774157009,78.2602645967,66.37844435556,True,discovery,False,True,True,False,True,False
XLP,2009-10-07T00:00:00.000Z,16.4096337364,0.0339784445674804,78.47536721,66.4494787346175,True,discovery,False,True,True,False,True,False
XLP,2009-10-08T00:00:00.000Z,16.5053725563,0.0325882320600927,79.076171061,66.527634586763,True,discovery,False,True,True,False,True,False
XLP,2009-10-09T00:00:00.000Z,16.5436680843,0.0304894274295768,79.5582976082,66.611480426182,True,discovery,False,True,True,False,True,False
XLP,2009-10-12T00:00:00.000Z,16.6138765523,0.0373197797693403,79.8698255309,66.6950620294365,True,discovery,False,True,True,False,True,False
XLP,2009-10-13T00:00:00.000Z,16.5564332603,0.039078673755206,79.7066442381,66.776005850449,True,discovery,False,True,True,False,True,False
XLP,2009-10-14T00:00:00.000Z,16.6138765523,0.0344542555119977,81.0788505645,66.8647216409825,True,discovery,False,True,True,False,True,False
XLP,2009-10-15T00:00:00.000Z,16.7415283122,0.0461179187687288,81.3755438243,66.94741478054151,True,discovery,False,True,True,False,True,False
XLP,2009-10-16T00:00:00.000Z,16.8308845441,0.0381889763803693,80.7673226418,67.0224392606435,True,discovery,False,True,True,False,True,False
XLP,2009-10-19T00:00:00.000Z,16.926623364,0.0473933649252149,81.4348824762,67.090890532042,True,discovery,False,True,True,False,True,False
XLP,2009-10-20T00:00:00.000Z,16.9074756001,0.0441466298780104,81.0046772496,67.1575915936225,True,discovery,False,True,True,False,True,False
XLP,2009-10-21T00:00:00.000Z,16.7766325461,0.03606621993933,80.2777787631,67.2183990258745,True,discovery,False,True,True,False,True,False
XLP,2009-10-22T00:00:00.000Z,16.8053541921,0.0431854199678272,81.0936852275,67.293488505736,True,discovery,False,True,True,False,True,False
XLP,2009-10-23T00:00:00.000Z,16.6394069042,0.0328843106165073,80.1665187907,67.3625939544065,True,discovery,False,True,True,False,True,False
XLP,2009-10-26T00:00:00.000Z,16.5117551443,0.0229339659920757,79.2986910059,67.4344655979055,True,discovery,False,True,True,False,True,False
XLP,2009-10-27T00:00:00.000Z,16.5245203203,0.0188902007094453,78.9352417627,67.512317619874,True,discovery,False,True,True,False,True,False
XLP,2009-10-28T00:00:00.000Z,16.4798422044,0.0141398271837427,77.4443581323,67.582132208867,True,discovery,False,True,True,False,True,False
XLP,2009-10-29T00:00:00.000Z,16.7479109002,0.0400317082872891,79.105840387,67.6702380811085,True,discovery,False,True,True,False,True,False
XLP,2009-10-30T00:00:00.000Z,16.4862247924,0.0205452390380724,76.8138849553,67.74677486728851,True,discovery,False,True,True,False,True,False
XLP,2009-11-02T00:00:00.000Z,16.6457894922,0.0279858100068248,77.3776021488,67.8237253779845,True,discovery,False,True,True,False,True,False
XLP,2009-11-03T00:00:00.000Z,16.5372854963,0.0121093749962823,77.6223740882,67.9182601855755,True,discovery,False,True,True,False,True,False
XLP,2009-11-04T00:00:00.000Z,16.6011113763,0.0116686114373938,77.8226420385,68.0011160665725,True,discovery,False,True,True,False,True,False
XLP,2009-11-05T00:00:00.000Z,16.6777024322,0.0104408352681637,79.2541870169,68.0958665604155,True,discovery,False,True,True,False,True,False
XLP,2009-11-06T00:00:00.000Z,16.7223805482,0.0108024691373977,79.4618722988,68.190343726464,True,discovery,False,True,True,False,True,False
XLP,2009-11-09T00:00:00.000Z,16.996831832,0.0230503265444683,81.2717011834,68.2917931021925,True,discovery,False,True,True,False,True,False
XLP,2009-11-10T00:00:00.000Z,16.990449244,0.0262143407868353,81.2865358464,68.39021946605699,True,discovery,False,True,True,False,True,False
XLP,2009-11-11T00:00:00.000Z,17.041509948,0.0257395313100963,81.70190641,68.48030155329,True,discovery,False,True,True,False,True,False
XLP,2009-11-12T00:00:00.000Z,16.93938854,0.0118185283989762,80.8711652827,68.57657817473,True,discovery,False,True,True,False,True,False
XLP,2009-11-13T00:00:00.000Z,17.054275124,0.0132726583272955,81.3087878408,68.6813101652805,True,discovery,False,True,True,False,True,False
XLP,2009-11-16T00:00:00.000Z,17.1500139439,0.0131975867304467,82.4881435484,68.792849872258,True,discovery,False,True,True,False,True,False
XLP,2009-11-17T00:00:00.000Z,17.2329875878,0.0192525481271772,82.5845688579,68.90064496855301,True,discovery,False,True,True,False,True,False
XLP,2009-11-18T00:00:00.000Z,17.2202224118,0.0264409358958701,82.5326475374,69.0096743818085,True,discovery,False,True,True,False,True,False
XLP,2009-11-19T00:00:00.000Z,17.1372487679,0.0197493353609898,81.4571344707,69.1088079850885,True,discovery,False,True,True,False,True,False
XLP,2009-11-20T00:00:00.000Z,17.1627791199,0.0314537782934976,81.1678585424,69.1977137565465,True,discovery,False,True,True,False,True,False
XLP,2009-11-23T00:00:00.000Z,17.3095786438,0.0483185156591552,82.1988676202,69.2913373414255,True,discovery,False,True,True,False,True,False
XLP,2009-11-24T00:00:00.000Z,17.3478741717,0.0498261877162344,82.3249622556,69.400129957258,True,discovery,False,True,True,False,True,False
XLP,2009-11-25T00:00:00.000Z,17.3159612318,0.0507358636708767,82.6142381838,69.5085835254005,True,discovery,True,True,True,True,True,True
XLP,2009-11-27T00:00:00.000Z,17.1563965319,0.0243902439017107,81.2717011834,69.610105761585,True,discovery,False,True,True,False,True,False
XLP,2009-11-30T00:00:00.000Z,17.0925706519,0.0367789392135136,81.5461424487,69.7162795877835,True,discovery,False,True,True,False,True,False
XLP,2009-12-01T00:00:00.000Z,17.3287264078,0.0410276073670172,82.5548995319,69.8403960835495,True,discovery,False,True,True,False,True,False
XLP,2009-12-02T00:00:00.000Z,17.3095786438,0.046700115788216,82.5178128744,69.965019466111,True,discovery,False,True,True,False,True,False
XLP,2009-12-03T00:00:00.000Z,17.1755442959,0.0346020761248593,81.8725050344,70.089513494651,True,discovery,False,True,True,False,True,False
XLP,2009-12-04T00:00:00.000Z,17.2649005278,0.0352085725229323,82.3397969186,70.219113241082,True,discovery,False,True,True,False,True,False
XLP,2009-12-07T00:00:00.000Z,17.2457527638,0.031297709921829,82.2137022831,70.35817569157,True,discovery,False,True,True,False,True,False
XLP,2009-12-08T00:00:00.000Z,17.047892536,0.0030041306818053,81.3013705093,70.4823646626425,True,discovery,False,True,True,False,True,False
XLP,2009-12-09T00:00:00.000Z,17.0798054759,0.0052592036041396,81.6054811006,70.6102968751205,True,discovery,False,True,True,False,True,False
XLP,2009-12-10T00:00:00.000Z,17.1372487679,0.0056179775261777,82.0653556533,70.745083149807,True,discovery,False,True,True,False,True,False
XLP,2009-12-11T00:00:00.000Z,17.2329875878,0.0173323285611346,82.4139702335,70.887770448455,True,discovery,False,True,True,False,True,False
XLP,2009-12-14T00:00:00.000Z,17.2968134678,0.0142215568845069,82.9776874271,71.04541003303899,True,discovery,False,True,True,False,True,False
XLP,2009-12-15T00:00:00.000Z,17.2266049998,0.0044659471502785,82.5919861894,71.2030522924715,True,discovery,False,True,True,False,True,False
XLP,2009-12-16T00:00:00.000Z,17.1436313559,-0.0051851851830533,82.7180808248,71.3552763865675,True,discovery,False,True,True,False,True,False
XLP,2009-12-17T00:00:00.000Z,16.93938854,-0.0163083765751805,81.7241584045,71.5132070606205,True,discovery,False,True,True,False,True,False
XLP,2009-12-18T00:00:00.000Z,16.857314841,-0.0163348230915774,82.1841738865,71.6730005801155,True,discovery,False,True,True,False,True,False
XLP,2009-12-21T00:00:00.000Z,16.947254783,-0.0125576595372075,83.019363749,71.839921476752,True,discovery,False,True,True,False,True,False
XLP,2009-12-22T00:00:00.000Z,17.0628918513,-0.0142514614351029,83.3176458428,71.993540163472,True,discovery,False,True,True,False,True,False
XLP,2009-12-23T00:00:00.000Z,17.0757404144,-0.0156868648346515,83.4817009944,72.146266559075,True,discovery,False,True,True,False,True,False
XLP,2009-12-24T00:00:00.000Z,17.1399832301,-0.0101627625139759,83.8769247686,72.290547940456,True,discovery,False,True,True,False,True,False
XLP,2009-12-28T00:00:00.000Z,17.172104638,0.0009155830637741,84.0558940249,72.4335743692755,True,discovery,False,True,True,False,True,False
XLP,2009-12-29T00:00:00.000Z,17.2042260458,0.0065323932937837,83.9365811874,72.57684227854651,True,discovery,False,True,True,False,True,False
XLP,2009-12-30T00:00:00.000Z,17.172104638,-0.0090382735646112,83.906752978,72.71150754680451,True,discovery,False,True,True,False,True,False
XLP,2009-12-31T00:00:00.000Z,17.0050733171,-0.0175917238060019,83.1013913248,72.83576944157399,True,discovery,False,True,True,False,True,False
XLP,2010-01-04T00:00:00.000Z,17.1335589485,-0.0024444842432168,84.5107742179,72.970685557562,True,discovery,False,True,True,False,True,False
XLP,2010-01-05T00:00:00.000Z,17.1399832301,-0.0072353326043701,84.7344857882,73.11280009686601,True,discovery,False,True,True,False,True,False
XLP,2010-01-06T00:00:00.000Z,17.127134667,-0.0068781049122417,84.794142207,73.234988898511,True,discovery,False,True,True,False,True,False
XLP,2010-01-07T00:00:00.000Z,17.127134667,0.0046482068579833,85.1520807195,73.3649134836045,True,discovery,False,True,True,False,True,False
XLP,2010-01-08T00:00:00.000Z,17.0693161328,-0.0006141371524868,85.4354487086,73.4931350555895,True,discovery,False,True,True,False,True,False
XLP,2010-01-11T00:00:00.000Z,17.1142861038,-0.0013399271032938,85.5547615461,73.615860280419,True,discovery,False,True,True,False,True,False
XLP,2010-01-12T00:00:00.000Z,17.2106503274,-0.0012961919856435,84.7568569453,73.74010161175799,True,discovery,False,True,True,False,True,False
XLP,2010-01-13T00:00:00.000Z,17.3327116772,0.0020754232834172,85.4727339703,73.8782729117065,True,discovery,False,True,True,False,True,False
XLP,2010-01-14T00:00:00.000Z,17.2813174247,0.0031760422265811,85.703902593,74.01492066308701,True,discovery,False,True,True,False,True,False
XLP,2010-01-15T00:00:00.000Z,17.1978017642,0.0031597977800286,84.7419428406,74.141106165735,True,discovery,False,True,True,False,True,False
XLP,2010-01-19T00:00:00.000Z,17.3005902694,0.0213231858131759,85.8008442735,74.263887273576,True,discovery,False,True,True,False,True,False
XLP,2010-01-20T00:00:00.000Z,17.172104638,0.018673780490495,84.9283691492,74.379259550124,True,discovery,False,True,True,False,True,False
XLP,2010-01-21T00:00:00.000Z,16.9279819383,-0.0011372251699038,83.2952746858,74.4888888460225,True,discovery,False,True,True,False,True,False
XLP,2010-01-22T00:00:00.000Z,16.8894362489,-0.0101656626503663,81.438468652,74.5963914154375,True,discovery,False,True,True,False,True,False
XLP,2010-01-25T00:00:00.000Z,16.9215576567,-0.0090293453729231,81.8560635833,74.7027520012055,True,discovery,False,True,True,False,True,False
XLP,2010-01-26T00:00:00.000Z,16.902284812,-0.0138680659665156,81.5130391755,74.7953584920695,True,discovery,False,True,True,False,True,False
XLP,2010-01-27T00:00:00.000Z,16.9408305014,-0.0134680134715819,81.9008058974,74.889830393468,True,discovery,False,True,True,False,True,False
XLP,2010-01-28T00:00:00.000Z,16.8958605304,-0.0179238237499953,80.961217302,74.9850365876905,True,discovery,False,True,True,False,True,False
XLP,2010-01-29T00:00:00.000Z,16.8316177147,-0.0198279087204338,80.0812851254,75.0725397359815,True,discovery,False,True,True,False,True,False
XLP,2010-02-01T00:00:00.000Z,16.9601033461,-0.0026445032115668,81.3266128669,75.16168149838549,True,discovery,False,True,True,False,True,False
XLP,2010-02-02T00:00:00.000Z,17.2042260458,0.0041244844408805,82.3109437763,75.25361606458401,True,discovery,False,True,True,False,True,False
XLP,2010-02-03T00:00:00.000Z,17.082164696,-0.0033733133413144,81.9008058974,75.35689698054449,True,discovery,False,True,True,False,True,False
XLP,2010-02-04T00:00:00.000Z,16.7352534912,-0.0228807201799529,79.3728651527,75.441555416051,True,discovery,False,True,True,False,True,False
XLP,2010-02-05T00:00:00.000Z,16.6902835202,-0.0255063765944287,79.5369203042,75.52894273453501,True,discovery,False,True,True,False,True,False
XLP,2010-02-08T00:00:00.000Z,16.6710106755,-0.0233345878769347,78.9627272737,75.61041263219501,True,discovery,False,True,True,False,True,False
XLP,2010-02-09T00:00:00.000Z,16.8701634041,-0.0142642642655013,79.9545152355,75.69210662461249,True,discovery,False,True,True,False,True,False
XLP,2010-02-10T00:00:00.000Z,16.8508905594,-0.0209033221381094,79.7979171363,75.77602740003101,True,discovery,False,True,True,False,True,False
XLP,2010-02-11T00:00:00.000Z,16.9864429006,-0.0199777613017986,80.6331069989,75.865115123393,True,discovery,False,True,True,False,True,False
XLP,2010-02-12T00:00:00.000Z,16.9858004724,-0.0171003717504557,80.5659935278,75.94718711926049,True,discovery,False,True,True,False,True,False
XLP,2010-02-16T00:00:00.000Z,17.1592560748,-0.0022413149034106,81.8336924263,76.035487500701,True,discovery,False,True,True,False,True,False
XLP,2010-02-17T00:00:00.000Z,17.2813174247,-0.0011139992566664,82.2214591482,76.124001614833,True,discovery,False,True,True,False,True,False
XLP,2010-02-18T00:00:00.000Z,17.3841059298,0.0123456790107641,82.7061675506,76.203964723488,True,discovery,False,True,True,False,True,False
XLP,2010-02-19T00:00:00.000Z,17.4226516192,0.0292220113834595,82.8776797545,76.2859232122505,True,discovery,False,True,True,False,True,False
XLP,2010-02-22T00:00:00.000Z,17.4226516192,0.0315709395175771,82.8925938592,76.3621937163165,True,discovery,False,True,True,False,True,False
XLP,2010-02-23T00:00:00.000Z,17.3262873956,0.0239179954417347,81.8858917927,76.438128839894,True,discovery,False,True,True,False,True,False
XLP,2010-02-24T00:00:00.000Z,17.4355001823,0.0315469403237977,82.6390540795,76.51004847785251,True,discovery,False,True,True,False,True,False
XLP,2010-02-25T00:00:00.000Z,17.4483487455,0.0299582859327975,82.5271982943,76.5877953854725,True,discovery,False,True,True,False,True,False
XLP,2010-02-26T00:00:00.000Z,17.3648330851,0.0277566539955864,82.5793976607,76.6667942922255,True,discovery,False,True,True,False,True,False
XLP,2010-03-01T00:00:00.000Z,17.4868944349,0.0389312977104816,83.4369586803,76.758486268804,True,discovery,False,True,True,False,True,False
XLP,2010-03-02T00:00:00.000Z,17.5511372506,0.0348484848493515,83.668127303,76.8485445622015,True,discovery,False,True,True,False,True,False
XLP,2010-03-03T00:00:00.000Z,17.5575615322,0.0205377147137788,83.7426978264,76.9416551255905,True,discovery,False,True,True,False,True,False
XLP,2010-03-04T00:00:00.000Z,17.6153800663,0.031214742381266,83.9962376061,77.026783915614,True,discovery,False,True,True,False,True,False
XLP,2010-03-05T00:00:00.000Z,17.724592853,0.0591170825300153,85.1968230336,77.11831937893949,True,discovery,True,True,True,True,True,True
XLP,2010-03-08T00:00:00.000Z,17.6603500373,0.0581216320217652,85.2117371383,77.21216837246101,True,discovery,True,True,True,True,True,True
XLP,2010-03-09T00:00:00.000Z,17.634652911,0.0578034682034116,85.3534211328,77.31149734254451,True,discovery,True,True,True,True,True,True
XLP,2010-03-10T00:00:00.000Z,17.6089557847,0.0437928408221848,85.7337308024,77.413425248055,True,discovery,False,True,True,False,True,False
XLP,2010-03-11T00:00:00.000Z,17.6410771926,0.0468928707604245,86.0916693149,77.5087742672455,True,discovery,False,True,True,False,True,False
XLP,2010-03-12T00:00:00.000Z,17.6539257557,0.0392950342226401,86.0991263672,77.6101433741205,True,discovery,False,True,True,False,True,False
XLP,2010-03-15T00:00:00.000Z,17.7881932406,0.0472390317726736,86.1214975243,77.7070363121865,True,discovery,False,True,True,False,True,False
XLP,2010-03-16T00:00:00.000Z,17.8723513291,0.0415574691112192,86.8075463399,77.8014501149825,True,discovery,False,True,True,False,True,False
XLP,2010-03-17T00:00:00.000Z,17.949442708,0.0386617100352,87.3220829517,77.89021486810549,True,discovery,False,True,True,False,True,False
XLP,2010-03-18T00:00:00.000Z,17.9687155527,0.033628972652419,87.2773406376,77.9784622724135,True,discovery,False,True,True,False,True,False
XLP,2010-03-19T00:00:00.000Z,17.9161970509,0.028327802362535,86.8376579173,78.068915752049,True,discovery,False,True,True,False,True,False
XLP,2010-03-22T00:00:00.000Z,18.0065199744,0.0335120260659158,87.3019102921,78.158460535255,True,discovery,False,True,True,False,True,False
XLP,2010-03-23T00:00:00.000Z,18.1484559971,0.0474520930380497,87.9159214975,78.251001951413,True,discovery,False,True,True,False,True,False
XLP,2010-03-24T00:00:00.000Z,18.0194232492,0.0334904683430177,87.4891088304,78.3428407642385,True,discovery,False,True,True,False,True,False
XLP,2010-03-25T00:00:00.000Z,17.9936166996,0.0312504043822845,87.3468379413,78.4322064395265,True,discovery,False,True,True,False,True,False
XLP,2010-03-26T00:00:00.000Z,18.0065199744,0.0369532425768379,87.2944223506,78.5221909265715,True,discovery,False,True,True,False,True,False
XLP,2010-03-29T00:00:00.000Z,18.0903912606,0.034511378103567,87.8485300238,78.61340438306,True,discovery,False,True,True,False,True,False
XLP,2010-03-30T00:00:00.000Z,18.1226494476,0.0325626874680422,87.908433556,78.70396304075301,True,discovery,False,True,True,False,True,False
XLP,2010-03-31T00:00:00.000Z,18.0194232492,0.0263055730235066,87.6089158948,78.8010256250325,True,discovery,False,True,True,False,True,False
XLP,2010-04-01T00:00:00.000Z,18.1355527223,0.029529459713171,88.2079512172,78.9057081257265,True,discovery,False,True,True,False,True,False
XLP,2010-04-05T00:00:00.000Z,18.1355527223,0.0231858566630174,88.926793604,79.0143151614435,True,discovery,False,True,True,False,True,False
XLP,2010-04-06T00:00:00.000Z,18.0774879858,0.0236200272145781,89.1364559668,79.1215113351325,True,discovery,False,True,True,False,True,False
XLP,2010-04-07T00:00:00.000Z,17.9613585126,0.0185263414737362,88.6272759428,79.2249203094715,True,discovery,False,True,True,False,True,False
XLP,2010-04-08T00:00:00.000Z,17.9936166996,0.0218446181365405,88.9342815456,79.34005171195601,True,discovery,False,True,True,False,True,False
XLP,2010-04-09T00:00:00.000Z,18.0903912606,0.0254697637278338,89.5183409849,79.457845039425,True,discovery,False,True,True,False,True,False
XLP,2010-04-12T00:00:00.000Z,18.1484559971,0.0280124799573449,89.6606118739,79.57350756795,True,discovery,False,True,True,False,True,False
XLP,2010-04-13T00:00:00.000Z,18.0903912606,0.0169886854675189,89.7280033477,79.6822725322495,True,discovery,False,True,True,False,True,False
XLP,2010-04-14T00:00:00.000Z,18.1161978102,0.0136437828805975,90.7463633957,79.79701517917451,True,discovery,False,True,True,False,True,False
XLP,2010-04-15T00:00:00.000Z,18.0839396232,0.0074930969940394,90.821242811,79.9089578869615,True,discovery,False,True,True,False,True,False
XLP,2010-04-16T00:00:00.000Z,18.0065199744,0.0021039022844522,89.3760700958,80.0164430444195,True,discovery,False,True,True,False,True,False
XLP,2010-04-19T00:00:00.000Z,18.0774879858,0.0090025207046882,89.7130274646,80.124210358221,True,discovery,False,True,True,False,True,False
XLP,2010-04-20T00:00:00.000Z,18.1284559212,0.0067717663920268,90.5142372083,80.2452852680155,True,discovery,False,True,True,False,True,False
XLP,2010-04-21T00:00:00.000Z,18.1291010849,-0.0010664770712778,90.3495024946,80.3655733966295,True,discovery,False,True,True,False,True,False
XLP,2010-04-22T00:00:00.000Z,18.1291010849,0.0060866451818801,90.6190683897,80.4936318599075,True,discovery,False,True,True,False,True,False
XLP,2010-04-23T00:00:00.000Z,18.0839396232,0.005019720332378,91.2106157705,80.62486951776751,True,discovery,False,True,True,False,True,False
XLP,2010-04-26T00:00:00.000Z,18.0452297988,0.0021497671096377,90.8661704602,80.753757472122,True,discovery,False,True,True,False,True,False
XLP,2010-04-27T00:00:00.000Z,17.7290995663,-0.0199714693339373,88.7171312412,80.8726753543995,True,discovery,False,True,True,False,True,False
XLP,2010-04-28T00:00:00.000Z,17.8710355891,-0.0138839444655992,89.3910459788,80.987063893591,True,discovery,False,True,True,False,True,False
XLP,2010-04-29T00:00:00.000Z,17.9291003256,-0.0050125313308242,90.4992613252,81.1051110454335,True,discovery,False,True,True,False,True,False
XLP,2010-04-30T00:00:00.000Z,17.8258741273,-0.017075773743538,88.9642333117,81.205701680044,True,discovery,False,True,True,False,True,False
XLP,2010-05-03T00:00:00.000Z,17.9291003256,-0.0113838491641967,90.1173763072,81.3126116959725,True,discovery,False,True,True,False,True,False
XLP,2010-05-04T00:00:00.000Z,17.7484544785,-0.0182012848001037,87.9982888544,81.40516138338549,True,discovery,False,True,True,False,True,False
XLP,2010-05-05T00:00:00.000Z,17.8129708525,-0.0082614942514456,87.4741329473,81.4913992069335,True,discovery,False,True,True,False,True,False
XLP,2010-05-06T00:00:00.000Z,17.3678078721,-0.0347794908576614,84.5688131315,81.5614863432245,True,discovery,False,True,True,False,True,False
XLP,2010-05-07T00:00:00.000Z,17.251678399,-0.0463623395159328,83.3108374569,81.62535741175549,True,discovery,False,True,True,False,True,False
XLP,2010-05-10T00:00:00.000Z,17.7549061159,-0.0216850337716271,86.9799288064,81.699785745408,True,discovery,False,True,True,False,True,False
XLP,2010-05-11T00:00:00.000Z,17.7484544785,-0.0189015691907515,86.7328267359,81.7715021571225,True,discovery,False,True,True,False,True,False
XLP,2010-05-12T00:00:00.000Z,17.8710355891,-0.0135327635339665,87.9458732637,81.84821338702051,True,discovery,False,True,True,False,True,False
XLP,2010-05-13T00:00:00.000Z,17.7613577533,-0.0178380306847605,86.8526338004,81.92115631470251,True,discovery,False,True,True,False,True,False
XLP,2010-05-14T00:00:00.000Z,17.593615181,-0.022930849158362,85.2801660792,81.9871227529445,True,discovery,False,True,True,False,True,False
XLP,2010-05-17T00:00:00.000Z,17.7807126655,-0.0164168451132767,85.3250937283,82.04954893818,True,discovery,False,True,True,False,True,False
XLP,2010-05-18T00:00:00.000Z,17.6774864672,-0.0248763301165997,84.1644627913,82.1056552169245,True,discovery,False,True,True,False,True,False
XLP,2010-05-19T00:00:00.000Z,17.6323250054,-0.0274021352285235,83.6852345334,82.1533488795405,True,discovery,False,True,True,False,True,False
XLP,2010-05-20T00:00:00.000Z,17.1097423763,-0.0562277580022452,80.525323208,82.1842833036035,True,discovery,False,False,True,False,False,False
XLP,2010-05-21T00:00:00.000Z,17.1742587502,-0.0503032465244998,81.7009300281,82.22216617622249,True,discovery,False,False,True,False,False,False
XLP,2010-05-24T00:00:00.000Z,17.0516776397,-0.0550589917766562,80.652618214,82.2567268536225,True,discovery,False,False,True,False,False,False
XLP,2010-05-25T00:00:00.000Z,16.8516768804,-0.04949053857015,80.7349855708,82.286864047335,True,discovery,False,False,True,False,False,False
XLP,2010-05-26T00:00:00.000Z,16.7419990446,-0.0631768953103438,80.2482693714,82.3153427877595,True,discovery,False,False,True,False,False,False
XLP,2010-05-27T00:00:00.000Z,17.0839358267,-0.0471392587219356,82.9364403804,82.36191314948401,True,discovery,False,True,True,False,True,False
XLP,2010-05-28T00:00:00.000Z,17.0000645405,-0.0463264567505999,81.8956165078,82.399329931613,True,discovery,False,False,True,False,False,False
XLP,2010-06-01T00:00:00.000Z,16.9613547161,-0.0539762504490093,80.5178352664,82.4270156726015,True,discovery,False,False,True,False,False,False
XLP,2010-06-02T00:00:00.000Z,17.251678399,-0.0279898218800844,82.6144588947,82.46806357750849,True,discovery,False,True,True,False,True,False
XLP,2010-06-03T00:00:00.000Z,17.2774849486,-0.0300615718924194,82.8990006728,82.51968808044299,True,discovery,False,True,True,False,True,False
XLP,2010-06-04T00:00:00.000Z,16.8194186934,-0.0315750371456459,79.9861914178,82.5538694913255,True,discovery,False,False,True,False,False,False
XLP,2010-06-07T00:00:00.000Z,16.6903859455,-0.0325355272987545,78.9902951944,82.5798601777245,True,discovery,False,False,True,False,False,False
XLP,2010-06-08T00:00:00.000Z,16.9613547161,-0.0446947674417355,79.8364325872,82.60627973422801,True,discovery,False,False,True,False,False,False
XLP,2010-06-09T00:00:00.000Z,16.9290965291,-0.0461650308984676,79.4096199201,82.623256880424,True,discovery,False,False,True,False,False,False
XLP,2010-06-10T00:00:00.000Z,17.219420212,-0.0364620938641875,81.7308817942,82.65187724683351,True,discovery,False,False,True,False,False,False
XLP,2010-06-11T00:00:00.000Z,17.0774841893,-0.0385034507777389,82.1277426953,82.6817437008825,True,discovery,False,False,True,False,False,False
XLP,2010-06-14T00:00:00.000Z,17.1742587502,-0.0238357169055782,82.0004476893,82.71093676905849,True,discovery,False,False,True,False,False,False
XLP,2010-06-15T00:00:00.000Z,17.3484529599,-0.0243105950662323,83.8649451301,82.74860337504249,True,discovery,False,True,True,False,True,False
XLP,2010-06-16T00:00:00.000Z,17.2323234868,-0.0251824817530471,83.834993364,82.7861940438825,True,discovery,False,True,True,False,True,False
XLP,2010-06-17T00:00:00.000Z,17.3871627843,-0.013904134651835,83.9697763115,82.8278544250435,True,discovery,False,True,True,False,True,False
XLP,2010-06-18T00:00:00.000Z,17.3240206091,0.0125237556526165,84.0605900664,82.8783107255635,True,discovery,False,True,True,False,True,False
XLP,2010-06-21T00:00:00.000Z,17.2785336833,0.0060715827458222,83.819836564,82.92896587061648,True,discovery,False,True,True,False,True,False
XLP,2010-06-22T00:00:00.000Z,17.0900878477,0.0022525764802505,82.4355039253,82.9696357524825,True,discovery,False,False,True,False,False,False
XLP,2010-06-23T00:00:00.000Z,17.2005560961,0.0207029376468628,82.179703329,83.00382220246249,True,discovery,False,False,True,False,False,False
XLP,2010-06-24T00:00:00.000Z,16.9926158638,0.014969348554636,80.8179413312,83.02795168824349,True,discovery,False,False,True,False,False,False
XLP,2010-06-25T00:00:00.000Z,16.8171662927,-0.0156152268836711,81.1565009439,83.05085801546798,True,discovery,False,False,True,False,False,False
XLP,2010-06-28T00:00:00.000Z,16.9601252025,-0.0023493639041693,80.9007003476,83.06857279032148,True,discovery,False,False,True,False,False,False
XLP,2010-06-29T00:00:00.000Z,16.6872036475,-0.0161632766479302,78.4028827604,83.07387229892551,True,discovery,False,False,True,False,False,False
XLP,2010-06-30T00:00:00.000Z,16.5702372668,-0.039499990461189,77.6580516124,83.07356519878151,True,discovery,False,False,True,False,False,False
XLP,2010-07-01T00:00:00.000Z,16.6027279281,-0.0390541228950501,77.3119684527,83.069903605734,True,discovery,False,False,True,False,False,False
XLP,2010-07-02T00:00:00.000Z,16.5377466055,-0.0167468384630039,76.8906498235,83.0582296846135,True,discovery,False,False,True,False,False,False
XLP,2010-07-06T00:00:00.000Z,16.6352185894,-0.0033053373529012,77.3947274692,83.04966672521451,True,discovery,False,False,True,False,False,False
XLP,2010-07-07T00:00:00.000Z,16.9536270702,-0.0004556031065529,79.8323566808,83.05303970008099,True,discovery,False,False,True,False,False,False
XLP,2010-07-08T00:00:00.000Z,17.2070542284,0.0164189328604871,80.6223291105,83.061363876848,True,discovery,False,False,True,False,False,False
XLP,2010-07-09T00:00:00.000Z,17.2070542284,-0.0007181416939567,81.2242128664,83.070398099631,True,discovery,False,False,True,False,False,False
XLP,2010-07-12T00:00:00.000Z,17.2655374188,0.0110117642280018,81.2768776951,83.0829963590725,True,discovery,False,False,True,False,False,False
XLP,2010-07-13T00:00:00.000Z,17.421492593,0.0143956048640014,82.5032158478,83.10606544820149,True,discovery,False,False,True,False,False,False
XLP,2010-07-14T00:00:00.000Z,17.4279907253,0.0045847180485687,82.4956923009,83.1311737724145,True,discovery,False,False,True,False,False,False
XLP,2010-07-15T00:00:00.000Z,17.4799757834,0.0143713815951578,82.5182629417,83.1494597448845,True,discovery,False,False,True,False,False,False
XLP,2010-07-16T00:00:00.000Z,17.2330467575,-0.0088637823612695,80.246151763,83.1575719345,True,discovery,False,False,True,False,False,False
XLP,2010-07-19T00:00:00.000Z,17.2655374188,-0.0033758439579134,80.7201352208,83.169574594361,True,discovery,False,False,True,False,False,False
XLP,2010-07-20T00:00:00.000Z,17.4734776511,0.0112824370038076,81.6154373078,83.1957704689145,True,discovery,False,False,True,False,False,False
XLP,2010-07-21T00:00:00.000Z,17.2850318155,0.0114068441038606,80.5546171879,83.21844240242699,True,discovery,False,False,True,False,False,False
XLP,2010-07-22T00:00:00.000Z,17.4799757834,0.0162448054434329,82.3527449089,83.24443071595151,True,discovery,False,False,True,False,False,False
XLP,2010-07-23T00:00:00.000Z,17.6424290899,0.0382409177791347,83.0674818691,83.26846680231351,True,discovery,False,False,True,False,False,False
XLP,2010-07-26T00:00:00.000Z,17.7334029416,0.0544822256587733,83.9326897682,83.2957534151045,True,discovery,True,True,True,True,True,True
XLP,2010-07-27T00:00:00.000Z,17.7983842642,0.0494252873543903,83.9251662213,83.31999839090601,True,discovery,False,True,True,False,True,False
XLP,2010-07-28T00:00:00.000Z,17.7009122803,0.0607476635518779,83.3834708409,83.33912425706949,True,discovery,True,True,True,True,True,True
XLP,2010-07-29T00:00:00.000Z,17.4864739157,0.0552941176488621,82.9771993057,83.3546611259435,True,discovery,True,False,True,True,False,False
XLP,2010-07-30T00:00:00.000Z,17.5319608415,0.0559686888458419,82.9621522118,83.37093866581199,True,discovery,True,False,True,True,False,False
XLP,2010-08-02T00:00:00.000Z,17.7334029416,0.0722986247535295,84.8355154022,83.38972199000051,True,discovery,True,True,True,True,True,True
XLP,2010-08-03T00:00:00.000Z,17.5774477673,0.0566406249990842,84.4292438669,83.4049904902135,True,discovery,True,True,True,True,True,True
XLP,2010-08-04T00:00:00.000Z,17.6424290899,0.0406285933297854,84.9935098881,83.42612142644501,True,discovery,False,True,True,False,True,False
XLP,2010-08-05T00:00:00.000Z,17.5644515028,0.0207703927503244,84.9032273247,83.44346315068749,True,discovery,False,True,True,False,True,False
XLP,2010-08-06T00:00:00.000Z,17.6034402964,0.0230362537793231,84.557144165,83.46122548526449,True,discovery,False,True,True,False,True,False
XLP,2010-08-09T00:00:00.000Z,17.694414148,0.024840045160309,85.008556982,83.484879376359,True,discovery,False,True,True,False,True,False
XLP,2010-08-10T00:00:00.000Z,17.7334029416,0.0179037672538648,84.5496206181,83.50215905331201,True,discovery,False,True,True,False,True,False
XLP,2010-08-11T00:00:00.000Z,17.4409869898,0.0007457121537901,82.2323681577,83.512488300147,True,discovery,False,False,True,False,False,False
XLP,2010-08-12T00:00:00.000Z,17.421492593,-0.00334572490973,81.728290512,83.5246362976775,True,discovery,False,False,True,False,False,False
XLP,2010-08-13T00:00:00.000Z,17.4149944608,0.0105580693803208,81.4875370097,83.53739777391249,True,discovery,False,False,True,False,False,False
XLP,2010-08-16T00:00:00.000Z,17.395500064,0.0075272864115127,81.4499192749,83.5574255796255,True,discovery,False,False,True,False,False,False
XLP,2010-08-17T00:00:00.000Z,17.5644515028,0.0052063964321533,82.4505510192,83.5741491327865,True,discovery,False,False,True,False,False,False
XLP,2010-08-18T00:00:00.000Z,17.5774477673,0.0169172932350512,82.6010219582,83.60308481780099,True,discovery,False,False,True,False,False,False
XLP,2010-08-19T00:00:00.000Z,17.3695075349,-0.006319702605361,81.1640244908,83.62201692951099,True,discovery,False,False,True,False,False,False
XLP,2010-08-20T00:00:00.000Z,17.3695075349,-0.0154696132606956,80.9007003476,83.638408560808,True,discovery,False,False,True,False,False,False
XLP,2010-08-23T00:00:00.000Z,17.4084963285,-0.0183217295727159,80.5922349227,83.652256525229,True,discovery,False,False,True,False,False,False
XLP,2010-08-24T00:00:00.000Z,17.3240206091,-0.0266520627973037,79.3959909577,83.652965544933,True,discovery,False,False,True,False,False,False
XLP,2010-08-25T00:00:00.000Z,17.3630094027,-0.0190895741557943,79.7044563826,83.654178465352,True,discovery,False,False,True,False,False,False
XLP,2010-08-26T00:00:00.000Z,17.2330467575,-0.0144927536232712,79.1702845492,83.643671382181,True,discovery,False,False,True,False,False,False
XLP,2010-08-27T00:00:00.000Z,17.3435150059,-0.01074870274373,80.396622702,83.639221816459,True,discovery,False,False,True,False,False,False
XLP,2010-08-30T00:00:00.000Z,17.1940579639,-0.0304140710881144,79.2304729248,83.626864649033,True,discovery,False,False,True,False,False,False
XLP,2010-08-31T00:00:00.000Z,17.2070542284,-0.0210720887243401,79.2304729248,83.61866118724349,True,discovery,False,False,True,False,False,False
XLP,2010-09-01T00:00:00.000Z,17.5124664447,-0.0073664825029338,81.6003902139,83.620119199109,True,discovery,False,False,True,False,False,False
XLP,2010-09-02T00:00:00.000Z,17.6229346931,0.003329633737249,82.3602684558,83.619479823646,True,discovery,False,False,True,False,False,False
XLP,2010-09-03T00:00:00.000Z,17.7334029416,0.0073827980787699,83.4286121226,83.62370003996949,True,discovery,False,False,True,False,False,False
XLP,2010-09-07T00:00:00.000Z,17.6619234867,-0.0018362100620139,82.4881687539,83.623477646052,True,discovery,False,False,True,False,False,False
XLP,2010-09-08T00:00:00.000Z,17.7399010739,0.0003664345935971,83.0674818691,83.631529383044,True,discovery,False,False,True,False,False,False
XLP,2010-09-09T00:00:00.000Z,17.7983842642,0.0204918032797694,83.4511827635,83.64294600414951,True,discovery,False,False,True,False,False,False
XLP,2010-09-10T00:00:00.000Z,17.8828599836,0.0264826557275223,83.8725013926,83.65131417301149,True,discovery,False,True,True,False,True,False
XLP,2010-09-13T00:00:00.000Z,17.9023543804,0.02798507462618,84.8054212144,83.6637164678055,True,discovery,False,True,True,False,True,False
XLP,2010-09-14T00:00:00.000Z,17.9348450417,0.0310048561820981,84.7527563857,83.674409058815,True,discovery,False,True,True,False,True,False
XLP,2010-09-15T00:00:00.000Z,18.0583095547,0.0281169071417499,85.0762689046,83.693431897421,True,discovery,False,True,True,False,True,False
XLP,2010-09-16T00:00:00.000Z,18.0778039514,0.0284658040646168,85.0536982637,83.710969676496,True,discovery,False,True,True,False,True,False
XLP,2010-09-17T00:00:00.000Z,18.0306665,0.0380643471768877,85.085394967,83.7236221536715,True,discovery,False,True,True,False,True,False
XLP,2010-09-20T00:00:00.000Z,18.227007696,0.0493681331711366,86.3863717591,83.742964948095,True,discovery,False,True,True,False,True,False
XLP,2010-09-21T00:00:00.000Z,18.1942841634,0.0451381796607879,86.2124039323,83.76466444258449,True,discovery,False,True,True,False,True,False
XLP,2010-09-22T00:00:00.000Z,18.227007696,0.052123413338915,85.788830093,83.7819096084565,True,discovery,True,True,True,True,True,True
XLP,2010-09-23T00:00:00.000Z,18.1092029784,0.0429760508903462,85.0929587856,83.796305890969,True,discovery,False,True,True,False,True,False
XLP,2010-09-24T00:00:00.000Z,18.3513571202,0.064893363224544,86.8477646912,83.8240378618785,True,discovery,True,True,True,True,True,True
XLP,2010-09-27T00:00:00.000Z,18.2466418156,0.0520728819615154,86.4317546705,83.84816922972801,True,discovery,True,True,True,True,True,True
XLP,2010-09-28T00:00:00.000Z,18.3644465332,0.0680693627855217,86.7343074128,83.8715139885255,True,discovery,True,True,True,True,True,True
XLP,2010-09-29T00:00:00.000Z,18.312088881,0.0642198622688221,86.5830310416,83.892359292566,True,discovery,True,True,True,True,True,True
XLP,2010-09-30T00:00:00.000Z,18.2466418156,0.0419230137124513,86.3258612106,83.9091001614835,True,discovery,False,True,True,False,True,False
XLP,2010-10-01T00:00:00.000Z,18.2793653483,0.0372486573111467,86.6889245015,83.92958485304399,True,discovery,False,True,True,False,True,False
XLP,2010-10-04T00:00:00.000Z,18.2253715194,0.0277424800767318,86.0384361054,83.946186629447,True,discovery,False,True,True,False,True,False
XLP,2010-10-05T00:00:00.000Z,18.3971700659,0.0416289075056668,87.7705505554,83.9764185902015,True,discovery,False,True,True,False,True,False
XLP,2010-10-06T00:00:00.000Z,18.4757065443,0.0414774280496164,87.7629867368,84.004312654453,True,discovery,False,True,True,False,True,False
XLP,2010-10-07T00:00:00.000Z,18.410259479,0.0343781326280687,87.657093277,84.02750130209299,True,discovery,False,True,True,False,True,False
XLP,2010-10-08T00:00:00.000Z,18.4495277182,0.0316877577255358,88.1487414833,84.0516567802955,True,discovery,False,True,True,False,True,False
XLP,2010-10-11T00:00:00.000Z,18.4691618378,0.031661056716683,88.2319434874,84.07540799276049,True,discovery,False,True,True,False,True,False
XLP,2010-10-12T00:00:00.000Z,18.5149747835,0.032346515425762,88.5042409555,84.098544573695,True,discovery,False,True,True,False,True,False
XLP,2010-10-13T00:00:00.000Z,18.6720477403,0.0339864694278797,89.1925484444,84.1242278457925,True,discovery,False,True,True,False,True,False
XLP,2010-10-14T00:00:00.000Z,18.6785924468,0.0332334888139702,88.8446127907,84.148768003809,True,discovery,False,True,True,False,True,False
XLP,2010-10-15T00:00:00.000Z,18.7244053926,0.0384754990948339,89.0261444361,84.17436496109951,True,discovery,False,True,True,False,True,False
XLP,2010-10-18T00:00:00.000Z,18.7898524579,0.0308797127475575,89.4648459125,84.20618223403798,True,discovery,False,True,True,False,True,False
XLP,2010-10-19T00:00:00.000Z,18.5607877292,0.0201438848876103,88.2924540359,84.225090633128,True,discovery,False,True,True,False,True,False
XLP,2010-10-20T00:00:00.000Z,18.7244053926,0.027289048476627,89.1547293516,84.247191850945,True,discovery,False,True,True,False,True,False
XLP,2010-10-21T00:00:00.000Z,18.7898524579,0.0375858330326219,89.3513886341,84.2699780830805,True,discovery,False,True,True,False,True,False
XLP,2010-10-22T00:00:00.000Z,18.8552995233,0.0274607703288218,89.5177926424,84.29180664269501,True,discovery,False,True,True,False,True,False
XLP,2010-10-25T00:00:00.000Z,18.901112469,0.0358680057412241,89.782526292,84.31354203061198,True,discovery,False,True,True,False,True,False
XLP,2010-10-26T00:00:00.000Z,18.7963971645,0.0235210263766514,89.7976539291,84.33475649252699,True,discovery,False,True,True,False,True,False
XLP,2010-10-27T00:00:00.000Z,18.6982265665,0.021086490351226,89.5404840981,84.358674628291,True,discovery,False,True,True,False,True,False
XLP,2010-10-28T00:00:00.000Z,18.7636736318,0.0283357245363342,89.5556117352,84.37908901711549,True,discovery,False,True,True,False,True,False
XLP,2010-10-29T00:00:00.000Z,18.8291206971,0.030075187968773,89.6236861022,84.3986879346615,True,discovery,False,True,True,False,True,False
XLP,2010-11-01T00:00:00.000Z,18.7505842187,0.0288176676530811,89.6539413765,84.423247927341,True,discovery,False,True,True,False,True,False
XLP,2010-11-02T00:00:00.000Z,18.8618442298,0.0252579153334726,90.364940321,84.44606840757851,True,discovery,False,True,True,False,True,False
XLP,2010-11-03T00:00:00.000Z,18.9207465886,0.0240878498060634,90.7280036118,84.4750665798915,True,discovery,False,True,True,False,True,False
XLP,2010-11-04T00:00:00.000Z,19.1498113173,0.0401706363315292,92.4752456989,84.520966434957,True,discovery,False,True,True,False,True,False
XLP,2010-11-05T00:00:00.000Z,19.0516407193,0.0326356864141315,92.8231813526,84.57788999846001,True,discovery,False,True,True,False,True,False
XLP,2010-11-08T00:00:00.000Z,19.0189171866,0.0297661233156145,92.6492135257,84.631855748172,True,discovery,False,True,True,False,True,False
XLP,2010-11-09T00:00:00.000Z,18.9207465886,0.021915871333598,91.9835974926,84.68420853975749,True,discovery,False,True,True,False,True,False
XLP,2010-11-10T00:00:00.000Z,18.8618442298,0.0101647388727676,92.3542246019,84.73647563328,True,discovery,False,True,True,False,True,False
XLP,2010-11-11T00:00:00.000Z,18.8814783494,0.0108619481461387,92.0062889482,84.79170099151101,True,discovery,False,True,True,False,True,False
XLP,2010-11-12T00:00:00.000Z,18.7898524579,0.0034952813682331,90.9170990758,84.845880061263,True,discovery,False,True,True,False,True,False
XLP,2010-11-15T00:00:00.000Z,18.7963971645,0.0003483106966732,90.7885141603,84.89318956773,True,discovery,False,True,True,False,True,False
XLP,2010-11-16T00:00:00.000Z,18.5869665554,0.0014104372390841,89.3740800898,84.92850524929749,True,discovery,False,True,True,False,True,False
XLP,2010-11-17T00:00:00.000Z,18.5935112619,-0.0069905627418069,89.4194630012,84.9660985348165,True,discovery,False,True,True,False,True,False
XLP,2010-11-18T00:00:00.000Z,18.8422101102,0.0027864855467765,90.7355674304,85.02291204620501,True,discovery,False,True,True,False,True,False
XLP,2010-11-19T00:00:00.000Z,18.8552995233,0.0,90.9851734428,85.08015331189802,True,discovery,False,True,True,False,True,False
XLP,2010-11-22T00:00:00.000Z,18.8552995233,-0.0024238227128238,90.9095352572,85.1398873518155,True,discovery,False,True,True,False,True,False
XLP,2010-11-23T00:00:00.000Z,18.6327795011,-0.0087047353792363,89.593430828,85.188081929778,True,discovery,False,True,True,False,True,False
XLP,2010-11-24T00:00:00.000Z,18.7767630449,0.0042002100103282,90.9170990758,85.24367783947551,True,discovery,False,True,True,False,True,False
XLP,2010-11-26T00:00:00.000Z,18.6524136207,-0.0059295430779312,89.8581644776,85.28980312686899,True,discovery,False,True,True,False,True,False
XLP,2010-11-29T00:00:00.000Z,18.619690088,-0.0111226972554409,90.1304619457,85.3376254689585,True,discovery,False,True,True,False,True,False
XLP,2010-11-30T00:00:00.000Z,18.5346089031,-0.0115183246068997,89.6236861022,85.37657543733802,True,discovery,False,True,True,False,True,False
XLP,2010-12-01T00:00:00.000Z,18.8356654037,-0.001387925050226,91.529768379,85.423116983492,True,discovery,False,True,True,False,True,False
XLP,2010-12-02T00:00:00.000Z,18.8487548167,-0.0038049117968407,92.7021602556,85.473096947017,True,discovery,False,True,True,False,True,False
XLP,2010-12-03T00:00:00.000Z,18.8552995233,-0.0153793574840048,92.9517662681,85.523467379585,True,discovery,False,True,True,False,True,False
XLP,2010-12-06T00:00:00.000Z,18.8094865775,-0.0127104087972166,92.8534366268,85.573271593423,True,discovery,False,True,True,False,True,False
XLP,2010-12-07T00:00:00.000Z,18.9142018821,-0.0055058499636235,92.9063833567,85.62837405124301,True,discovery,False,True,True,False,True,False
XLP,2010-12-08T00:00:00.000Z,18.9861936539,0.0034590107210374,93.2467551919,85.68141255680501,True,discovery,False,True,True,False,True,False
XLP,2010-12-09T00:00:00.000Z,19.0385513062,0.0093684941009541,93.6098184827,85.73682565774699,True,discovery,False,True,True,False,True,False
XLP,2010-12-10T00:00:00.000Z,19.0712748389,0.0100519930689659,94.1544134189,85.794700736538,True,discovery,False,True,True,False,True,False
XLP,2010-12-13T00:00:00.000Z,19.0712748389,0.0149773598079359,94.2149239674,85.84859056297351,True,discovery,False,True,True,False,True,False
XLP,2010-12-14T00:00:00.000Z,19.1629007303,0.0194986072379976,94.2981259715,85.901740556316,True,discovery,False,True,True,False,True,False
XLP,2010-12-15T00:00:00.000Z,19.1825348499,0.0320422535180693,93.8669883137,85.9523620087525,True,discovery,False,True,True,False,True,False
XLP,2010-12-16T00:00:00.000Z,19.3526972198,0.040830693418066,94.4115832499,86.00443873697151,True,discovery,False,True,True,False,True,False
XLP,2010-12-17T00:00:00.000Z,19.3825018134,0.0286745397721428,94.5120005051,86.051014624329,True,discovery,False,True,True,False,True,False
XLP,2010-12-20T00:00:00.000Z,19.3626968047,0.0269100621166475,94.740106701,86.09865647214251,True,discovery,False,True,True,False,True,False
XLP,2010-12-21T00:00:00.000Z,19.3164851178,0.0244592027790435,95.3407863502,86.1485932982295,True,discovery,False,True,True,False,True,False
XLP,2010-12-22T00:00:00.000Z,19.4006564046,0.0412110766112305,95.6373244049,86.198111266242,True,discovery,False,True,True,False,True,False
XLP,2010-12-23T00:00:00.000Z,19.4089084916,0.0336663697139052,95.5004606874,86.24515522310449,True,discovery,False,True,True,False,True,False
XLP,2010-12-27T00:00:00.000Z,19.3164851178,0.0356024432335679,95.5384783867,86.29235198320201,True,discovery,False,True,True,False,True,False
XLP,2010-12-28T00:00:00.000Z,19.3692984743,0.0402589077883259,95.6753421042,86.3401212061015,True,discovery,False,True,True,False,True,False
XLP,2010-12-29T00:00:00.000Z,19.3759001438,0.0453902882493133,95.743773963,86.38480234421701,True,discovery,False,True,True,False,True,False
XLP,2010-12-30T00:00:00.000Z,19.342891796,0.0269290402769823,95.5917031657,86.42615044528698,True,discovery,False,True,True,False,True,False
XLP,2010-12-31T00:00:00.000Z,19.3494934656,0.0265661394489753,95.6145137853,86.4678363110255,True,discovery,False,True,True,False,True,False
XLP,2011-01-03T00:00:00.000Z,19.3759001438,0.0276103076409195,96.6029739676,86.516662891277,True,discovery,False,True,True,False,True,False
XLP,2011-01-04T00:00:00.000Z,19.3230867874,0.0273053816638659,96.5497491885,86.56290208575902,True,discovery,False,True,True,False,True,False
XLP,2011-01-05T00:00:00.000Z,19.3296884569,0.0219669102291442,97.0515828195,86.608580392369,True,discovery,False,True,True,False,True,False
XLP,2011-01-06T00:00:00.000Z,19.2636717614,0.0146147307121249,96.861494323,86.655442319832,True,discovery,False,True,True,False,True,False
XLP,2011-01-07T00:00:00.000Z,19.1662971354,0.0067098503003431,96.6714058264,86.70206515925749,True,discovery,False,True,True,False,True,False
XLP,2011-01-10T00:00:00.000Z,19.1795004745,0.0056747981723408,96.5497491885,86.748341793447,True,discovery,False,True,True,False,True,False
XLP,2011-01-11T00:00:00.000Z,19.164646718,0.0048959432386528,96.8919084824,86.79355868574001,True,discovery,False,True,True,False,True,False
XLP,2011-01-12T00:00:00.000Z,19.3230867874,0.0083591758551835,97.7663155667,86.8428480957935,True,discovery,False,True,True,False,True,False
XLP,2011-01-13T00:00:00.000Z,19.3626968047,0.0093919784955291,97.6066412296,86.8928367224675,True,discovery,False,True,True,False,True,False
XLP,2011-01-14T00:00:00.000Z,19.3626968047,0.0005167023896683,98.3137704369,86.943365818566,True,discovery,False,True,True,False,True,False
XLP,2011-01-18T00:00:00.000Z,19.3742497264,-0.000425749321705,98.4810483139,86.9911370921155,True,discovery,False,True,True,False,True,False
XLP,2011-01-19T00:00:00.000Z,19.3362901265,-0.0013637913389001,97.5153987512,87.03303180603751,True,discovery,False,True,True,False,True,False
XLP,2011-01-20T00:00:00.000Z,19.4353151698,0.0061517429944073,97.3861385735,87.07682611919101,True,discovery,False,True,True,False,True,False
XLP,2011-01-21T00:00:00.000Z,19.4683235176,0.0034878775021218,97.6066412296,87.120187917611,True,discovery,False,True,True,False,True,False
XLP,2011-01-24T00:00:00.000Z,19.5013318654,0.004761904763475,98.1616996396,87.16340471088449,True,discovery,False,True,True,False,True,False
XLP,2011-01-25T00:00:00.000Z,19.5640477261,0.012816131236623,98.2149244187,87.20617627360849,True,discovery,False,True,True,False,True,False
XLP,2011-01-26T00:00:00.000Z,19.5145352045,0.0074982958413649,98.5951014119,87.2505117639295,True,discovery,False,True,True,False,True,False
XLP,2011-01-27T00:00:00.000Z,19.3164851178,-0.0030664395232761,98.8384146875,87.29097202038851,True,discovery,False,True,True,False,True,False
XLP,2011-01-28T00:00:00.000Z,19.1316383703,-0.0109215017034675,97.1124111385,87.322427862026,True,discovery,False,True,True,False,True,False
XLP,2011-01-31T00:00:00.000Z,19.0656216747,-0.0146707608343686,97.8423509654,87.36475926637401,True,discovery,False,True,True,False,True,False
XLP,2011-02-01T00:00:00.000Z,19.2042567354,-0.0088586030649482,99.4086801773,87.4132375299375,True,discovery,False,True,True,False,True,False
XLP,2011-02-02T00:00:00.000Z,19.1316383703,-0.0099077553812385,99.2185916807,87.45675930229949,True,discovery,False,True,True,False,True,False
XLP,2011-02-03T00:00:00.000Z,19.2306634136,-0.005122950818416,99.4390943367,87.50220726151,True,discovery,False,True,True,False,True,False
XLP,2011-02-04T00:00:00.000Z,19.342891796,0.0041124057542725,99.7204253117,87.54771404612,True,discovery,False,True,True,False,True,False
XLP,2011-02-07T00:00:00.000Z,19.3692984743,0.0105915784079677,100.3439155805,87.59338054517,True,discovery,False,True,True,False,True,False
XLP,2011-02-08T00:00:00.000Z,19.461721848,0.014714740557254,100.8001279723,87.6430503327305,True,discovery,False,True,True,False,True,False
XLP,2011-02-09T00:00:00.000Z,19.4947301958,0.0172235618353442,100.5720217764,87.7023247854065,True,discovery,False,True,True,False,True,False
XLP,2011-02-10T00:00:00.000Z,19.4221118307,0.0051247010578336,100.6100394757,87.758419752891,True,discovery,False,True,True,False,True,False
XLP,2011-02-11T00:00:00.000Z,19.5277385436,0.0085236958758729,101.210719125,87.81197704189,True,discovery,False,True,True,False,True,False
XLP,2011-02-14T00:00:00.000Z,19.4419168394,0.0040913740218651,101.4540324006,87.8744260373345,True,discovery,False,True,True,False,True,False
XLP,2011-02-15T00:00:00.000Z,19.4353151698,0.0031518868736779,101.1346837263,87.92951257443,True,discovery,False,True,True,False,True,False
XLP,2011-02-16T00:00:00.000Z,19.4881285262,0.007852509385547,101.7733810749,87.9983880355325,True,discovery,False,True,True,False,True,False
XLP,2011-02-17T00:00:00.000Z,19.6201619173,0.009510869563218,102.0775226694,88.07140498414302,True,discovery,False,True,True,False,True,False
XLP,2011-02-18T00:00:00.000Z,19.6729752738,0.0105120379787704,102.2904217856,88.1600130274135,True,discovery,False,True,True,False,True,False
XLP,2011-02-22T00:00:00.000Z,19.5343402131,0.0016926201721925,100.2374660224,88.244646170241,True,discovery,False,True,True,False,True,False
XLP,2011-02-23T00:00:00.000Z,19.4881285262,-0.0038805466518422,99.6215792935,88.3078544226765,True,discovery,False,True,True,False,True,False
XLP,2011-02-24T00:00:00.000Z,19.4089084916,-0.0054127198927926,99.5531474347,88.3719560261705,True,discovery,False,True,True,False,True,False
XLP,2011-02-25T00:00:00.000Z,19.5079335349,0.0099111414904144,100.6176430156,88.43531487492999,True,discovery,False,True,True,False,True,False
XLP,2011-02-28T00:00:00.000Z,19.6201619173,0.0255348516182694,101.2411332844,88.50725737235,True,discovery,False,True,True,False,True,False
XLP,2011-03-01T00:00:00.000Z,19.4683235176,0.021121883659025,99.5531474347,88.5786222791275,True,discovery,False,True,True,False,True,False
XLP,2011-03-02T00:00:00.000Z,19.4155101611,0.0110003437576724,99.7660465509,88.6508270432405,True,discovery,False,True,True,False,True,False
XLP,2011-03-03T00:00:00.000Z,19.6135602478,0.0251897860586856,101.4844465601,88.7374269620845,True,discovery,False,True,True,False,True,False
XLP,2011-03-04T00:00:00.000Z,19.5277385436,0.0154479917624636,100.7240925737,88.82262125228601,True,discovery,False,True,True,False,True,False
XLP,2011-03-07T00:00:00.000Z,19.4749251871,0.0068259385666058,99.9333244279,88.91966125838549,True,discovery,False,True,True,False,True,False
XLP,2011-03-08T00:00:00.000Z,19.6465685956,0.0143149284248935,100.8077315122,89.01519526580601,True,discovery,False,True,True,False,True,False
XLP,2011-03-09T00:00:00.000Z,19.7455936389,0.0145861601104515,100.6632642548,89.11524849601001,True,discovery,False,True,True,False,True,False
XLP,2011-03-10T00:00:00.000Z,19.6135602478,0.006095496106204,98.8003969882,89.205575553097,True,discovery,False,True,True,False,True,False
XLP,2011-03-11T00:00:00.000Z,19.6267635869,0.0105370496259069,99.4847155759,89.30175778411949,True,discovery,False,True,True,False,True,False
XLP,2011-03-14T00:00:00.000Z,19.4881285262,-0.002028397569517,98.8840359267,89.381495761851,True,discovery,False,True,True,False,True,False
XLP,2011-03-15T00:00:00.000Z,19.3164851178,-0.0064516129060797,97.751108487,89.460773221747,True,discovery,False,True,True,False,True,False
XLP,2011-03-16T00:00:00.000Z,19.0408654139,-0.0202955163038942,95.9414659995,89.53789137541251,True,discovery,False,True,True,False,True,False
XLP,2011-03-17T00:00:00.000Z,19.1316383703,-0.0182926829233875,97.2112571567,89.6108753667225,True,discovery,False,True,True,False,True,False
XLP,2011-03-18T00:00:00.000Z,19.2861636495,-0.0170232166894349,97.5635443656,89.6841980851865,True,discovery,False,True,True,False,True,False
XLP,2011-03-21T00:00:00.000Z,19.5251660218,-0.0075133145822049,99.0755654821,89.77964495550799,True,discovery,False,True,True,False,True,False
XLP,2011-03-22T00:00:00.000Z,19.4986102027,-0.0018290871363055,98.7319243193,89.8783531011325,True,discovery,False,True,True,False,True,False
XLP,2011-03-23T00:00:00.000Z,19.5318049766,0.0022411823865631,99.0144737199,89.974243306796,True,discovery,False,True,True,False,True,False
XLP,2011-03-24T00:00:00.000Z,19.7110567558,0.0155675041865837,99.9613960352,90.0770021873715,True,discovery,False,True,True,False,True,False
XLP,2011-03-25T00:00:00.000Z,19.7110567558,0.010412339191981,100.2668548467,90.16968205263402,True,discovery,False,True,True,False,True,False
XLP,2011-03-28T00:00:00.000Z,19.704417801,0.0042943521085681,100.0224877975,90.259155778145,True,discovery,False,True,True,False,True,False
XLP,2011-03-29T00:00:00.000Z,19.797363168,0.0169012832616295,100.6944971826,90.3526260256115,True,discovery,False,True,True,False,True,False
XLP,2011-03-30T00:00:00.000Z,19.9035864445,0.0251384732798773,101.3894159786,90.440248379854,True,discovery,False,True,True,False,True,False
XLP,2011-03-31T00:00:00.000Z,19.8637527158,0.0127560965392841,101.2519595135,90.5273332106015,True,discovery,False,True,True,False,True,False
XLP,2011-04-01T00:00:00.000Z,19.9633370376,0.0223066533294382,101.6796018495,90.6158823382915,True,discovery,False,True,True,False,True,False
XLP,2011-04-04T00:00:00.000Z,20.0031707663,0.0271243958128222,101.7636030226,90.7043974030725,True,discovery,False,True,True,False,True,False
XLP,2011-04-05T00:00:00.000Z,20.0230876306,0.0191646206902675,101.748330082,90.79403987066252,True,discovery,False,True,True,False,True,False
XLP,2011-04-06T00:00:00.000Z,20.1160329976,0.018760608846432,102.069061834,90.892207660206,True,discovery,False,True,True,False,True,False
XLP,2011-04-07T00:00:00.000Z,20.1425888168,0.0269725925490422,101.8094218443,90.99035625278252,True,discovery,False,True,True,False,True,False
XLP,2011-04-08T00:00:00.000Z,20.0828382237,0.0232373837276163,101.4581442112,91.09355726718252,True,discovery,False,True,True,False,True,False
XLP,2011-04-11T00:00:00.000Z,20.1890615003,0.0359671773078495,101.1526853998,91.19353818946202,True,discovery,False,True,True,False,True,False
XLP,2011-04-12T00:00:00.000Z,20.2554510481,0.0486095645545134,100.3966748415,91.2910180619315,True,discovery,False,True,True,False,True,False
XLP,2011-04-13T00:00:00.000Z,20.2687289577,0.0644857004715577,100.3890383712,91.4009488399855,True,discovery,True,True,True,True,True,True
XLP,2011-04-14T00:00:00.000Z,20.3882301438,0.0656813467397929,100.4654030741,91.514985597294,True,discovery,True,True,True,True,True,True
XLP,2011-04-15T00:00:00.000Z,20.474536556,0.0616179001742944,100.8319536478,91.6325855232695,True,discovery,True,True,True,True,True,True
XLP,2011-04-18T00:00:00.000Z,20.3616743247,0.0428425705556629,99.7017560455,91.74664105437952,True,discovery,False,True,True,False,True,False
XLP,2011-04-19T00:00:00.000Z,20.4015080534,0.0463057541698523,100.2744913169,91.861039873618,True,discovery,False,True,True,False,True,False
XLP,2011-04-20T00:00:00.000Z,20.5077313299,0.0499660095146969,101.641419498,91.970085187704,True,discovery,False,True,True,False,True,False
XLP,2011-04-21T00:00:00.000Z,20.5143702847,0.0407544627795575,102.1606994774,92.0777770395385,True,discovery,False,True,True,False,True,False
XLP,2011-04-25T00:00:00.000Z,20.4612586464,0.0380599528424192,102.0537888934,92.18192491967348,True,discovery,False,True,True,False,True,False
XLP,2011-04-26T00:00:00.000Z,20.6006766969,0.0454851752003813,102.9319829762,92.290200446079,True,discovery,False,True,True,False,True,False
XLP,2011-04-27T00:00:00.000Z,20.7334557926,0.0472837022110641,103.6039923614,92.395704328647,True,discovery,False,True,True,False,True,False
XLP,2011-04-28T00:00:00.000Z,20.8662348883,0.0483655770523714,103.9399970539,92.502925852412,True,discovery,False,True,True,False,True,False
XLP,2011-04-29T00:00:00.000Z,20.9259854814,0.0534759358313539,104.184364103,92.61125635821853,True,discovery,True,True,True,True,True,True
XLP,2011-05-02T00:00:00.000Z,20.9525413005,0.0495510475546687,104.0239982271,92.730145590539,True,discovery,False,True,True,False,True,False
XLP,2011-05-03T00:00:00.000Z,21.0056529388,0.0501161632929174,103.6498111831,92.8447939703505,True,discovery,True,True,True,True,True,True
XLP,2011-05-04T00:00:00.000Z,20.9790971196,0.0477453580904772,102.9625288574,92.9515294280985,True,discovery,False,True,True,False,True,False
XLP,2011-05-05T00:00:00.000Z,20.8197622048,0.03498349835099,102.0308794826,93.058910739572,True,discovery,False,True,True,False,True,False
XLP,2011-05-06T00:00:00.000Z,20.8728738431,0.0362557679622046,102.4814312294,93.15955417117448,True,discovery,False,True,True,False,True,False
XLP,2011-05-09T00:00:00.000Z,20.9459023457,0.0429752066110598,102.8785276843,93.25860940025048,True,discovery,False,True,True,False,True,False
XLP,2011-05-10T00:00:00.000Z,21.0720424866,0.04373561328182,103.7567217671,93.357729560245,True,discovery,False,True,True,False,True,False
XLP,2011-05-11T00:00:00.000Z,21.0322087579,0.0383480825954187,102.6647065163,93.45142726172,True,discovery,False,True,True,False,True,False
XLP,2011-05-12T00:00:00.000Z,21.3442396328,0.0530625614139173,103.1534406145,93.550277110588,True,discovery,True,True,True,True,True,True
XLP,2011-05-13T00:00:00.000Z,21.3176838137,0.0455877564332205,102.3592477048,93.6471873525835,True,discovery,False,True,True,False,True,False
XLP,2011-05-16T00:00:00.000Z,21.3243227684,0.0415045395570123,101.7101477306,93.74092733017751,True,discovery,False,True,True,False,True,False
XLP,2011-05-17T00:00:00.000Z,21.3707954519,0.0495598304494966,101.69487479,93.82522412711648,True,discovery,False,True,True,False,True,False
XLP,2011-05-18T00:00:00.000Z,21.4039902259,0.0491376505048573,102.603614754,93.916095981552,True,discovery,False,True,True,False,True,False
XLP,2011-05-19T00:00:00.000Z,21.523491412,0.0495305924268196,102.8479818031,94.005368341127,True,discovery,False,True,True,False,True,False
XLP,2011-05-20T00:00:00.000Z,21.4571018641,0.0459546925553502,102.0308794826,94.0910066019165,True,discovery,False,True,True,False,True,False
XLP,2011-05-23T00:00:00.000Z,21.3097170679,0.041466580143606,100.8472265883,94.172457014033,True,discovery,False,True,True,False,True,False
XLP,2011-05-24T00:00:00.000Z,21.2911279945,0.0335159523038337,100.7632254152,94.251230356199,True,discovery,False,True,True,False,True,False
XLP,2011-05-25T00:00:00.000Z,21.151709944,0.0201729106611006,101.0992301078,94.33397840364748,True,discovery,False,True,True,False,True,False
XLP,2011-05-26T00:00:00.000Z,21.184904718,0.0152720330910625,101.5650547952,94.430641836835,True,discovery,False,True,True,False,True,False
XLP,2011-05-27T00:00:00.000Z,21.2712111302,0.0164974619287034,101.9545147797,94.53177295817352,True,discovery,False,True,True,False,True,False
XLP,2011-05-31T00:00:00.000Z,21.4504629094,0.0237642585574151,103.0159841494,94.639415193872,True,discovery,False,True,True,False,True,False
XLP,2011-06-01T00:00:00.000Z,21.2313774015,0.0107458912778217,100.7021336529,94.735676265762,True,discovery,False,True,True,False,True,False
XLP,2011-06-02T00:00:00.000Z,20.9857360744,0.0003164556969326,100.5952230689,94.8263996260105,True,discovery,False,True,True,False,True,False
XLP,2011-06-03T00:00:00.000Z,20.7865674309,-0.0015943877539748,99.5948454616,94.9113687435275,True,discovery,False,True,True,False,True,False
XLP,2011-06-06T00:00:00.000Z,20.6803441543,-0.0092239185771558,98.5410125622,94.9982536838845,True,discovery,False,True,True,False,True,False
XLP,2011-06-07T00:00:00.000Z,20.6338714708,-0.0148969889074297,98.4799207999,95.086149786146,True,discovery,False,True,True,False,True,False
XLP,2011-06-08T00:00:00.000Z,20.6471493804,-0.0201638311269635,98.0675514045,95.173526368555,True,discovery,False,True,True,False,True,False
XLP,2011-06-09T00:00:00.000Z,20.7600116118,-0.0129419191884808,98.8159254924,95.2706260412285,True,discovery,False,True,True,False,True,False
XLP,2011-06-10T00:00:00.000Z,20.5210092395,-0.0385692068428116,97.4413608411,95.359310563521,True,discovery,False,True,True,False,True,False
XLP,2011-06-13T00:00:00.000Z,20.6139546065,-0.0330115228910442,97.5177255439,95.4510477684945,True,discovery,False,True,True,False,True,False
XLP,2011-06-14T00:00:00.000Z,20.8330401144,-0.0230386052272675,98.7548337302,95.5428388236355,True,discovery,False,True,True,False,True,False
XLP,2011-06-15T00:00:00.000Z,20.5210092395,-0.0397639018310125,96.9984455645,95.631678686834,True,discovery,False,True,True,False,True,False
XLP,2011-06-16T00:00:00.000Z,20.6869831091,-0.0334987593076163,97.2122667325,95.72158765587253,True,discovery,False,True,True,False,True,False
XLP,2011-06-17T00:00:00.000Z,20.8144112073,-0.0329444787152266,97.5006351234,95.80108888042,True,discovery,False,True,True,False,True,False
XLP,2011-06-20T00:00:00.000Z,20.9715137168,-0.0226306493008937,97.9994577352,95.879284826817,True,discovery,False,True,True,False,True,False
XLP,2011-06-21T00:00:00.000Z,20.9514580773,-0.0168120012789688,99.3424416901,95.9588539746545,True,discovery,False,True,True,False,True,False
XLP,2011-06-22T00:00:00.000Z,20.8177538138,-0.0222334007302141,98.7438545559,96.0401324036645,True,discovery,False,True,True,False,True,False
XLP,2011-06-23T00:00:00.000Z,20.6305678451,-0.0246382963968276,98.4599093769,96.1170945412035,True,discovery,False,True,True,False,True,False
XLP,2011-06-24T00:00:00.000Z,20.4634375158,-0.0340557208920083,97.3164544668,96.18642089972,True,discovery,False,True,True,False,True,False
XLP,2011-06-27T00:00:00.000Z,20.5570305002,-0.0335749866628909,98.1836383919,96.2579765847165,True,discovery,False,True,True,False,True,False
XLP,2011-06-28T00:00:00.000Z,20.5971417792,-0.0397810123634234,99.4652287946,96.33127562261753,True,discovery,False,True,True,False,True,False
XLP,2011-06-29T00:00:00.000Z,20.7174756163,-0.0242048255033936,100.3170643316,96.409097162347,True,discovery,False,True,True,False,True,False
XLP,2011-06-30T00:00:00.000Z,20.8779207324,-0.0051375535086195,101.2763385851,96.49009751074952,True,discovery,False,True,True,False,True,False
XLP,2011-07-01T00:00:00.000Z,21.0383658485,0.0121135160212018,102.7728064205,96.5786930515335,True,discovery,False,True,True,False,True,False
XLP,2011-07-05T00:00:00.000Z,21.0316806353,0.0169889088101538,102.6883902862,96.6667080281295,True,discovery,False,True,True,False,True,False
XLP,2011-07-06T00:00:00.000Z,21.1453292592,0.0247872915717144,102.8111773907,96.7488320562875,True,discovery,False,True,True,False,True,False
XLP,2011-07-07T00:00:00.000Z,21.292403949,0.031251508705242,103.8778903606,96.837159488429,True,discovery,False,True,True,False,True,False
XLP,2011-07-08T00:00:00.000Z,21.2188666041,0.0221028292700562,103.1411677339,96.9239211766335,True,discovery,False,True,True,False,True,False
XLP,2011-07-11T00:00:00.000Z,21.0651067012,0.0265141667912069,101.2763385851,97.004838075631,True,discovery,False,True,True,False,True,False
XLP,2011-07-12T00:00:00.000Z,20.9982545695,0.018642709287757,100.8389095255,97.0747937998025,True,discovery,False,True,True,False,True,False
XLP,2011-07-13T00:00:00.000Z,20.9982545695,0.0079304054613613,101.1765740628,97.148517896764,True,discovery,False,True,True,False,True,False
XLP,2011-07-14T00:00:00.000Z,20.9046615851,0.0186955885610891,100.4782224062,97.21723747173098,True,discovery,False,True,True,False,True,False
XLP,2011-07-15T00:00:00.000Z,20.9648285036,0.0134309286682685,101.0614611523,97.28962962228452,True,discovery,False,True,True,False,True,False
XLP,2011-07-18T00:00:00.000Z,20.8311242402,0.0008029548726382,100.2326481973,97.359163557218,True,discovery,False,True,True,False,True,False
XLP,2011-07-19T00:00:00.000Z,21.1185884065,0.0070130698091754,101.8595773312,97.4350168213665,True,discovery,False,True,True,False,True,False
XLP,2011-07-20T00:00:00.000Z,21.0851623407,0.006381620930949,101.798183779,97.5138155597345,True,discovery,False,True,True,False,True,False
XLP,2011-07-21T00:00:00.000Z,21.2589778831,0.021194605011013,103.2102354801,97.591013984358,True,discovery,False,True,True,False,True,False
XLP,2011-07-22T00:00:00.000Z,21.2188666041,0.0285158781579406,103.2793032264,97.668595566806,True,discovery,False,True,True,False,True,False
XLP,2011-07-25T00:00:00.000Z,21.0249954221,0.0274420124119625,102.7037386743,97.7438287937925,True,discovery,False,True,True,False,True,False
XLP,2011-07-26T00:00:00.000Z,20.9715137168,0.0201626016265319,102.3200289729,97.81468523124047,True,discovery,False,True,True,False,True,False
XLP,2011-07-27T00:00:00.000Z,20.744216469,0.0071405387881791,100.2249740033,97.87465038382,True,discovery,False,True,True,False,True,False
XLP,2011-07-28T00:00:00.000Z,20.7435479476,0.0012584704711555,99.9333546303,97.931795952194,True,discovery,False,True,True,False,True,False
XLP,2011-07-29T00:00:00.000Z,20.6105122055,-0.0128081972494996,99.2503513618,97.982084966781,True,discovery,False,True,True,False,True,False
XLP,2011-08-01T00:00:00.000Z,20.5369748607,-0.0238322211625456,98.8282706902,98.03200325627851,True,discovery,False,True,True,False,True,False
XLP,2011-08-02T00:00:00.000Z,20.2695663338,-0.0362364907833779,96.3034608551,98.06838983837348,True,discovery,False,False,True,False,False,False
XLP,2011-08-03T00:00:00.000Z,20.3497888919,-0.0376225102739353,96.825306049,98.105192139056,True,discovery,False,False,True,False,False,False
XLP,2011-08-04T00:00:00.000Z,19.7146936407,-0.0740973312397682,92.2898573785,98.125179155769,True,discovery,False,False,True,False,False,False
XLP,2011-08-05T00:00:00.000Z,19.9954725938,-0.0576559546334869,92.151721886,98.140164118441,True,discovery,False,False,True,False,False,False
XLP,2011-08-08T00:00:00.000Z,19.2400435055,-0.0866391621741006,86.1505021563,98.124159686052,True,discovery,False,False,True,False,False,False
XLP,2011-08-09T00:00:00.000Z,19.7080084275,-0.0614453995559269,90.1564314388,98.127352880034,True,discovery,False,False,True,False,False,False
XLP,2011-08-10T00:00:00.000Z,18.9525793392,-0.0974212034399919,86.1735247384,98.109307872266,True,discovery,False,False,True,False,False,False
XLP,2011-08-11T00:00:00.000Z,19.5141372455,-0.066517428849033,90.0413185284,98.1105261952625,True,discovery,False,False,True,False,False,False
XLP,2011-08-12T00:00:00.000Z,19.7481197065,-0.0580357142864809,90.6475798566,98.116061674055,True,discovery,False,False,True,False,False,False
XLP,2011-08-15T00:00:00.000Z,20.0288986597,-0.0385109114251194,92.5661283635,98.13111425719651,True,discovery,False,False,True,False,False,False
XLP,2011-08-16T00:00:00.000Z,20.0756951519,-0.049382716047395,91.7756863787,98.141874258579,True,discovery,False,False,True,False,False,False
XLP,2011-08-17T00:00:00.000Z,20.2093994153,-0.0415345592909922,91.8370799309,98.15278995135098,True,discovery,False,False,True,False,False,False
XLP,2011-08-18T00:00:00.000Z,19.8483979041,-0.0663522012561738,87.8771958126,98.140351228809,True,discovery,False,False,True,False,False,False
XLP,2011-08-19T00:00:00.000Z,19.7548049197,-0.0689981096406491,86.4421215294,98.118921818397,True,discovery,False,False,True,False,False,False
XLP,2011-08-22T00:00:00.000Z,19.8149718382,-0.0575516693158519,86.5111892756,98.08910153628048,True,discovery,False,False,True,False,False,False
XLP,2011-08-23T00:00:00.000Z,20.2227698416,-0.0357029008640511,89.3583152599,98.071777205817,True,discovery,False,False,True,False,False,False
XLP,2011-08-24T00:00:00.000Z,20.3096776129,-0.0209474701900345,90.6168830805,98.061615553591,True,discovery,False,False,True,False,False,False
XLP,2011-08-25T00:00:00.000Z,19.9988152004,-0.0359018982230647,89.2355281555,98.0478752069055,True,discovery,False,False,True,False,False,False
XLP,2011-08-26T00:00:00.000Z,20.1692881363,-0.021407719750034,90.5324669462,98.038766418627,True,discovery,False,False,True,False,False,False
XLP,2011-08-29T00:00:00.000Z,20.5302896475,-0.0003255208347551,93.1340187216,98.04440506749398,True,discovery,False,False,True,False,False,False
XLP,2011-08-30T00:00:00.000Z,20.5837713529,0.0155013192648358,93.3795929305,98.05671753676752,True,discovery,False,False,True,False,False,False
XLP,2011-08-31T00:00:00.000Z,20.6506234846,0.0147831800269802,93.793999408,98.07174496300598,True,discovery,False,False,True,False,False,False
XLP,2011-09-01T00:00:00.000Z,20.5770861397,0.0437436419108048,92.8117025724,98.088933075419,True,discovery,False,False,True,False,False,False
XLP,2011-09-02T00:00:00.000Z,20.2829367602,0.0143764627243236,90.4403766178,98.094037643502,True,discovery,False,False,True,False,False,False
XLP,2011-09-06T00:00:00.000Z,20.2027142021,0.0500347463520447,89.7803959315,98.0892617860075,True,discovery,True,False,True,True,False,False
XLP,2011-09-07T00:00:00.000Z,20.5637157134,0.0434192673018127,92.3128799606,98.0959003185965,True,discovery,False,False,True,False,False,False
XLP,2011-09-08T00:00:00.000Z,20.510234008,0.0821869488538835,91.3536057072,98.0981206708465,True,discovery,True,False,True,True,False,False
XLP,2011-09-09T00:00:00.000Z,20.0556395124,0.027749229191512,88.9592571705,98.094949802559,True,discovery,False,False,True,False,False,False
XLP,2011-09-12T00:00:00.000Z,20.0756951519,0.0165876777267144,89.5348217226,98.088038415793,True,discovery,False,False,True,False,False,False
XLP,2011-09-13T00:00:00.000Z,20.1492324968,0.0060080106821909,90.3559604835,98.0905273958225,True,discovery,False,False,True,False,False,False
XLP,2011-09-14T00:00:00.000Z,20.3899001709,0.0156510156496505,91.6068541101,98.09790935664452,True,discovery,False,False,True,False,False,False
XLP,2011-09-15T00:00:00.000Z,20.6305678451,0.0208402249440993,93.1877380798,98.1157296165325,True,discovery,False,False,True,False,False,False
XLP,2011-09-16T00:00:00.000Z,20.7638041436,0.0461199056932906,93.7364080045,98.12676281466,True,discovery,False,False,True,False,False,False
XLP,2011-09-19T00:00:00.000Z,20.5887526171,0.0422149295216964,92.8030550282,98.127267288523,True,discovery,False,False,True,False,False,False
XLP,2011-09-20T00:00:00.000Z,20.6291491232,0.0410889953136546,92.6950637747,98.125983776056,True,discovery,False,False,True,False,False,False
XLP,2011-09-21T00:00:00.000Z,20.204985809,-0.0008794063691225,89.9644277943,98.1115387318935,True,discovery,False,False,True,False,False,False
XLP,2011-09-22T00:00:00.000Z,19.8212190008,-0.0240505349917394,87.0563776118,98.082288703169,True,discovery,False,False,True,False,False,False
XLP,2011-09-23T00:00:00.000Z,19.861615507,-0.0068603910794302,87.5809065572,98.0539594599955,True,discovery,False,False,True,False,False,False
XLP,2011-09-26T00:00:00.000Z,20.2453823151,0.0037727746406204,89.6635950168,98.034228342666,True,discovery,False,False,True,False,False,False
XLP,2011-09-27T00:00:00.000Z,20.3665718334,-0.0079744522318483,90.6663709418,98.01678813028052,True,discovery,False,False,True,False,False,False
XLP,2011-09-28T00:00:00.000Z,19.9828050253,-0.0291961233583821,88.8150923111,97.989788971999,True,discovery,False,False,True,False,False,False
XLP,2011-09-29T00:00:00.000Z,20.1780548049,-0.0228839908902708,89.5170354586,97.9658835194345,True,discovery,False,False,True,False,False,False
XLP,2011-09-30T00:00:00.000Z,19.9693395233,-0.0295351155296694,87.2800737797,97.9329489467645,True,discovery,False,False,True,False,False,False
XLP,2011-10-03T00:00:00.000Z,19.6798312294,-0.0297346256082321,84.7962749501,97.88487240526548,True,discovery,False,False,True,False,False,False
XLP,2011-10-04T00:00:00.000Z,19.868348258,-0.0165505456719891,86.6552672418,97.845588738949,True,discovery,False,False,True,False,False,False
XLP,2011-10-05T00:00:00.000Z,19.8952792621,-0.03250562595866,88.2597087218,97.813186749053,True,discovery,False,False,True,False,False,False
XLP,2011-10-06T00:00:00.000Z,20.1309255477,-0.018493619339109,89.8564365409,97.7857650000065,True,discovery,False,False,True,False,False,False
XLP,2011-10-07T00:00:00.000Z,20.2453823151,0.0094608203634038,89.2547709859,97.7538522329115,True,discovery,False,False,True,False,False,False
XLP,2011-10-10T00:00:00.000Z,20.561821613,0.0242146763746804,92.239957778,97.7375497183645,True,discovery,False,False,True,False,False,False
XLP,2011-10-11T00:00:00.000Z,20.5214251069,0.0184718008568867,92.3325217095,97.7215199349785,True,discovery,False,False,True,False,False,False
XLP,2011-10-12T00:00:00.000Z,20.6830111313,0.0143753013964393,93.1424561105,97.70885550501,True,discovery,False,False,True,False,False,False
XLP,2011-10-13T00:00:00.000Z,20.6224163721,-0.000395116269276,92.9573282474,97.694923276432,True,discovery,False,False,True,False,False,False
XLP,2011-10-14T00:00:00.000Z,20.7840023966,0.0009727626431219,94.5463424055,97.689696472631,True,discovery,False,False,True,False,False,False
XLP,2011-10-17T00:00:00.000Z,20.6426146252,0.0026160889443718,92.7413457405,97.675330632407,True,discovery,False,False,True,False,False,False
XLP,2011-10-18T00:00:00.000Z,20.7974678986,0.008159268925479,94.5540560664,97.665086042901,True,discovery,False,False,True,False,False,False
XLP,2011-10-19T00:00:00.000Z,20.7368731395,0.0263245584791786,93.435575227,97.64951517309348,True,discovery,False,False,True,False,False,False
XLP,2011-10-20T00:00:00.000Z,20.8513299068,0.0519701086980788,93.844399258,97.633479255286,True,discovery,True,False,True,True,False,False
XLP,2011-10-21T00:00:00.000Z,21.1879674578,0.0667796610166249,95.6262549401,97.62730305837152,True,discovery,True,False,True,True,False,False
XLP,2011-10-24T00:00:00.000Z,21.0398469353,0.0392417692012392,96.7987314062,97.62793968627052,True,discovery,False,False,True,False,False,False
XLP,2011-10-25T00:00:00.000Z,20.7907351476,0.0208264462801932,94.9165981316,97.619773930986,True,discovery,False,False,True,False,False,False
XLP,2011-10-26T00:00:00.000Z,20.9994504292,0.0508760107809107,95.8808057518,97.614718417333,True,discovery,True,False,True,True,False,False
XLP,2011-10-27T00:00:00.000Z,21.26876047,0.0540540540525806,99.2208209482,97.6219909442405,True,discovery,True,True,True,True,True,True
XLP,2011-10-28T00:00:00.000Z,21.2148984618,0.0623735670900229,99.1976799653,97.62994613791902,True,discovery,True,True,True,True,True,True
XLP,2011-10-31T00:00:00.000Z,20.8984591639,0.0619226821762308,96.8064450672,97.62240951107052,True,discovery,True,False,True,True,False,False
XLP,2011-11-01T00:00:00.000Z,20.5348906089,0.0335479498468935,94.1066637307,97.60053758815452,True,discovery,False,False,True,False,False,False
XLP,2011-11-02T00:00:00.000Z,20.7301403885,0.0419627749578961,95.641682262,97.5911690057085,True,discovery,False,False,True,False,False,False
XLP,2011-11-03T00:00:00.000Z,20.9859849272,0.0424749163904039,97.3849696393,97.5911631610375,True,discovery,False,False,True,False,False,False
XLP,2011-11-04T00:00:00.000Z,20.8647954088,0.0305952776815685,96.7910177453,97.587085043616,True,discovery,False,False,True,False,False,False
XLP,2011-11-07T00:00:00.000Z,21.0398469353,0.0232481990796853,97.3926833003,97.5832399619195,True,discovery,False,False,True,False,False,False
XLP,2011-11-08T00:00:00.000Z,21.2485622169,0.0354330708619019,98.642296376,97.585376821706,True,discovery,False,True,True,False,True,False
XLP,2011-11-09T00:00:00.000Z,20.7503386415,0.0032552083336703,95.0014484022,97.5674085566575,True,discovery,False,False,True,False,False,False
XLP,2011-11-10T00:00:00.000Z,20.9523211721,0.0159973881841668,95.8962330737,97.55269764858848,True,discovery,False,False,True,False,False,False
XLP,2011-11-11T00:00:00.000Z,21.1947002088,0.0197602850674798,97.7012297387,97.5556417415895,True,discovery,False,True,True,False,True,False
XLP,2011-11-14T00:00:00.000Z,21.0129159313,0.0179386823240863,96.7755904234,97.5503079388795,True,discovery,False,False,True,False,False,False
XLP,2011-11-15T00:00:00.000Z,21.1139071966,0.0152152800303781,97.253837403,97.539533725008,True,discovery,False,False,True,False,False,False
XLP,2011-11-16T00:00:00.000Z,20.925390168,0.0090909090889363,95.7111052107,97.521996292658,True,discovery,False,False,True,False,False,False
XLP,2011-11-17T00:00:00.000Z,20.8513299068,0.0,94.1915140012,97.4957583909805,True,discovery,False,False,True,False,False,False
XLP,2011-11-18T00:00:00.000Z,20.911924666,-0.0130282809028186,94.0912364087,97.4676124464655,True,discovery,False,False,True,False,False,False
XLP,2011-11-21T00:00:00.000Z,20.575287115,-0.0220799999985066,92.3016670657,97.42740120389148,True,discovery,False,False,True,False,False,False
XLP,2011-11-22T00:00:00.000Z,20.5954853681,-0.0093911917069723,91.9391250005,97.38309618903251,True,discovery,False,False,True,False,False,False
XLP,2011-11-23T00:00:00.000Z,20.3733045844,-0.0298172491185453,89.9104321676,97.32978824098848,True,discovery,False,False,True,False,False,False
XLP,2011-11-25T00:00:00.000Z,20.4473648456,-0.0386198163996719,89.7407316264,97.275441701742,True,discovery,False,False,True,False,False,False
XLP,2011-11-28T00:00:00.000Z,20.7705368946,-0.0209457315103406,92.3402353705,97.23108928296948,True,discovery,False,False,True,False,False,False
XLP,2011-11-29T00:00:00.000Z,20.9859849272,0.0041881443322477,92.6024998432,97.18683162018247,True,discovery,False,False,True,False,False,False
XLP,2011-11-30T00:00:00.000Z,21.4774757516,0.0459016393440867,96.4130483582,97.163223443342,True,discovery,False,False,True,False,False,False
XLP,2011-12-01T00:00:00.000Z,21.4438119965,0.0344267619333589,96.3976210362,97.13634464314852,True,discovery,False,False,True,False,False,False
XLP,2011-12-02T00:00:00.000Z,21.3697517353,0.0182868142444245,96.3127707657,97.10752088363,True,discovery,False,False,True,False,False,False
XLP,2011-12-05T00:00:00.000Z,21.4976740047,0.0303323652832501,97.3618286564,97.082877917984,True,discovery,False,True,True,False,True,False
XLP,2011-12-06T00:00:00.000Z,21.5246050087,0.0230400000005079,97.3926833003,97.0686540043735,True,discovery,False,True,True,False,True,False
XLP,2011-12-07T00:00:00.000Z,21.5784670169,0.0155259822585835,97.7552253655,97.0593222347335,True,discovery,False,True,True,False,True,False
XLP,2011-12-08T00:00:00.000Z,21.3293552292,0.0279039584704408,95.6108276182,97.039610635651,True,discovery,False,False,True,False,False,False
XLP,2011-12-09T00:00:00.000Z,21.5515360128,0.0285989717214678,97.2306964201,97.02267590267353,True,discovery,False,True,True,False,True,False
XLP,2011-12-12T00:00:00.000Z,21.3562862333,0.0076238881846939,95.8113828032,96.99552715026748,True,discovery,False,False,True,False,False,False
XLP,2011-12-13T00:00:00.000Z,21.3091569761,0.0140980454958528,94.9165981316,96.972344403752,True,discovery,False,False,True,False,False,False
XLP,2011-12-14T00:00:00.000Z,21.2014329598,0.0041454081608398,93.9061085457,96.943044713726,True,discovery,False,False,True,False,False,False
XLP,2011-12-15T00:00:00.000Z,21.4168809924,0.0234877734873306,94.245509628,96.9068500290655,True,discovery,False,False,True,False,False,False
XLP,2011-12-16T00:00:00.000Z,21.3935924067,0.0260061349719069,94.3844558029,96.87515184521148,True,discovery,False,False,True,False,False,False
XLP,2011-12-19T00:00:00.000Z,21.3052733526,0.0188097792471264,93.3753284689,96.84236186541652,True,discovery,False,False,True,False,False,False
XLP,2011-12-20T00:00:00.000Z,21.746868623,0.0569411985092487,96.2008850041,96.819327632876,True,discovery,True,False,True,True,False,False
XLP,2011-12-21T00:00:00.000Z,21.9778569182,0.0671201248911148,96.387185435,96.797947238777,True,discovery,True,False,True,True,False,False
XLP,2011-12-22T00:00:00.000Z,21.9710631448,0.078424123773392,97.24106241,96.790150565886,True,discovery,True,True,True,True,True,True
XLP,2011-12-23T00:00:00.000Z,22.1273199328,0.0821599800211665,98.1104644208,96.7832793101105,True,discovery,True,True,True,True,True,True
XLP,2011-12-27T00:00:00.000Z,22.1680825732,0.0672850049900894,98.1880896003,96.77979957847847,True,discovery,True,True,True,True,True,True
XLP,2011-12-28T00:00:00.000Z,22.0593821989,0.0511482913679579,96.89951162,96.7755415941435,True,discovery,True,True,True,True,True,True
XLP,2011-12-29T00:00:00.000Z,22.1748763466,0.0324712551449648,97.900876436,96.785338646326,True,discovery,False,True,True,False,True,False
XLP,2011-12-30T00:00:00.000Z,22.0729697457,0.0293398276996035,97.4196003229,96.786380362157,True,discovery,False,True,True,False,True,False
XLP,2012-01-03T00:00:00.000Z,22.0525884255,0.0319534217644674,98.9721039137,96.7934231598975,True,discovery,False,True,True,False,True,False
XLP,2012-01-04T00:00:00.000Z,22.0050320118,0.0236006000923205,99.1273542728,96.793682103851,True,discovery,False,True,True,False,True,False
XLP,2012-01-05T00:00:00.000Z,21.991444465,0.0216886421893136,99.3912798832,96.7969788816705,True,discovery,False,True,True,False,True,False
XLP,2012-01-06T00:00:00.000Z,21.8487752238,0.0125267567287472,99.1351167907,96.7975820970245,True,discovery,False,True,True,False,True,False
XLP,2012-01-09T00:00:00.000Z,21.8827440908,0.0259449409348486,99.3757548473,96.794653891085,True,discovery,False,True,True,False,True,False
XLP,2012-01-10T00:00:00.000Z,21.9574755981,0.0188357611753937,100.2373943402,96.79450658855248,True,discovery,False,True,True,False,True,False
XLP,2012-01-11T00:00:00.000Z,21.8623627706,0.0236968418465424,100.2917319659,96.7958528093945,True,discovery,False,True,True,False,True,False
XLP,2012-01-12T00:00:00.000Z,21.8555689972,0.0256421228541723,100.5323700225,96.795042173594,True,discovery,False,True,True,False,True,False
XLP,2012-01-13T00:00:00.000Z,21.835187677,0.0298920699559157,100.0122813195,96.7881565002985,True,discovery,False,True,True,False,True,False
XLP,2012-01-17T00:00:00.000Z,21.9167129577,0.0233382239681572,100.4004072172,96.783898738817,True,discovery,False,True,True,False,True,False
XLP,2012-01-18T00:00:00.000Z,21.9642693715,0.0266751349633675,101.5104472847,96.783052965993,True,discovery,False,True,True,False,True,False
XLP,2012-01-19T00:00:00.000Z,22.0050320118,0.0328443877541053,102.0460610235,96.78446525599747,True,discovery,False,True,True,False,True,False
XLP,2012-01-20T00:00:00.000Z,22.0118257852,0.0121836925947018,102.4264244032,96.78785572760349,True,discovery,False,True,True,False,True,False
XLP,2012-01-23T00:00:00.000Z,21.991444465,0.0006182380225048,102.1624987928,96.78832291239748,True,discovery,False,True,True,False,True,False
XLP,2012-01-24T00:00:00.000Z,21.869156544,-0.0046382189213323,102.0460610235,96.7895061082935,True,discovery,False,True,True,False,True,False
XLP,2012-01-25T00:00:00.000Z,22.1205261594,-0.000307031010562,102.8999379984,96.79671507722948,True,discovery,False,True,True,False,True,False
XLP,2012-01-26T00:00:00.000Z,22.0390008787,-0.0058228624001992,102.3720867776,96.80281208411849,True,discovery,False,True,True,False,True,False
XLP,2012-01-27T00:00:00.000Z,21.8895378642,-0.0076994148416571,102.3255116698,96.81245626826,True,discovery,False,True,True,False,True,False
XLP,2012-01-30T00:00:00.000Z,21.746868623,-0.0193014705881606,101.9761983619,96.8203920682135,True,discovery,False,True,True,False,True,False
XLP,2012-01-31T00:00:00.000Z,21.7604561697,-0.0141582025255518,101.9373857721,96.8277519817035,True,discovery,False,True,True,False,True,False
XLP,2012-02-01T00:00:00.000Z,21.9167129577,-0.006161429451197,102.8300753368,96.8377425901485,True,discovery,False,True,True,False,True,False
XLP,2012-02-02T00:00:00.000Z,21.9982382384,-0.00030873726502,102.9930882139,96.85419925099048,True,discovery,False,True,True,False,True,False
XLP,2012-02-03T00:00:00.000Z,22.0661759723,0.0033982082176975,104.4369165533,96.87501137717248,True,discovery,False,True,True,False,True,False
XLP,2012-02-06T00:00:00.000Z,22.0525884255,0.0093283582082892,104.3670538917,96.888639549141,True,discovery,False,True,True,False,True,False
XLP,2012-02-07T00:00:00.000Z,22.0729697457,0.0086929524976704,104.6309795022,96.900990949265,True,discovery,False,True,True,False,True,False
XLP,2012-02-08T00:00:00.000Z,22.0797635191,0.0055693069293711,104.9414802203,96.9154294058995,True,discovery,False,True,True,False,True,False
XLP,2012-02-09T00:00:00.000Z,22.2020514401,0.0155376009932834,105.0734430256,96.9261367061465,True,discovery,False,True,True,False,True,False
XLP,2012-02-10T00:00:00.000Z,22.1544950264,0.0136773391366884,104.2971912302,96.9296027004905,True,discovery,False,True,True,False,True,False
XLP,2012-02-13T00:00:00.000Z,22.2496078539,0.0189794648450183,105.0734430256,96.935269930349,True,discovery,False,True,True,False,True,False
XLP,2012-02-14T00:00:00.000Z,22.303958041,0.0176689398655445,104.9414802203,96.9390555109355,True,discovery,False,True,True,False,True,False
XLP,2012-02-15T00:00:00.000Z,22.2971642676,0.0151562016686952,104.4524415892,96.941197727746,True,discovery,False,True,True,False,True,False
XLP,2012-02-16T00:00:00.000Z,22.4398335088,0.0197591849340115,105.6090567644,96.9509939556525,True,discovery,False,True,True,False,True,False
XLP,2012-02-17T00:00:00.000Z,22.460214829,0.0203703703716155,105.8885074107,96.965623848419,True,discovery,False,True,True,False,True,False
XLP,2012-02-21T00:00:00.000Z,22.3311331345,0.0154464009874668,105.9350825184,96.985144863598,True,discovery,False,True,True,False,True,False
XLP,2012-02-22T00:00:00.000Z,22.269989174,0.0183286734992973,105.5935317285,97.0007053660935,True,discovery,False,True,True,False,True,False
XLP,2012-02-23T00:00:00.000Z,22.3854833217,0.0119778869811109,106.0592828057,97.0166091417005,True,discovery,False,True,True,False,True,False
XLP,2012-02-24T00:00:00.000Z,22.460214829,0.0191122071557741,106.2921583443,97.02928632458652,True,discovery,False,True,True,False,True,False
XLP,2012-02-27T00:00:00.000Z,22.460214829,0.026070763500829,106.4706962573,97.04831627329148,True,discovery,False,True,True,False,True,False
XLP,2012-02-28T00:00:00.000Z,22.5349463363,0.0362386754140091,106.7811969754,97.066455055096,True,discovery,False,True,True,False,True,False
XLP,2012-02-29T00:00:00.000Z,22.5757089766,0.0374648766800755,106.3620210059,97.08646892160152,True,discovery,False,True,True,False,True,False
XLP,2012-03-01T00:00:00.000Z,22.5417401096,0.0285182889015485,106.9131597807,97.112483981852,True,discovery,False,True,True,False,True,False
XLP,2012-03-02T00:00:00.000Z,22.5621214298,0.0256331068556068,106.5871340266,97.136945278035,True,discovery,False,True,True,False,True,False
XLP,2012-03-05T00:00:00.000Z,22.6640280307,0.0270935960607987,106.1524330212,97.154689369371,True,discovery,False,True,True,False,True,False
XLP,2012-03-06T00:00:00.000Z,22.4738023757,0.0191004312996172,104.5999294304,97.16344910750747,True,discovery,False,True,True,False,True,False
XLP,2012-03-07T00:00:00.000Z,22.5077712427,0.0196983687292329,105.329606118,97.1799427406845,True,discovery,False,True,True,False,True,False
XLP,2012-03-08T00:00:00.000Z,22.6640280307,0.0264615384623383,106.3775460418,97.207594337952,True,discovery,False,True,True,False,True,False
XLP,2012-03-09T00:00:00.000Z,22.738759538,0.0241738066118804,106.7889594934,97.237723008343,True,discovery,False,True,True,False,True,False
XLP,2012-03-12T00:00:00.000Z,22.8202848187,0.0300521312495105,106.7967220113,97.2662104678605,True,discovery,False,True,True,False,True,False
XLP,2012-03-13T00:00:00.000Z,22.9901291534,0.0332824427451741,108.7218264639,97.30199432620398,True,discovery,False,True,True,False,True,False
XLP,2012-03-14T00:00:00.000Z,22.9221914195,0.0277185501050323,108.6053886946,97.3352486957785,True,discovery,False,True,True,False,True,False
XLP,2012-03-15T00:00:00.000Z,22.9629540599,0.0298598415614428,109.2341526489,97.366339538276,True,discovery,False,True,True,False,True,False
XLP,2012-03-16T00:00:00.000Z,22.9481368401,0.0226518316680319,109.3846601095,97.409752170559,True,discovery,False,True,True,False,True,False
XLP,2012-03-19T00:00:00.000Z,22.9617964454,0.0223320044006156,109.8134666887,97.455843388658,True,discovery,False,True,True,False,True,False
XLP,2012-03-20T00:00:00.000Z,22.9481368401,0.0276297535769365,109.4938108751,97.5053382157255,True,discovery,False,True,True,False,True,False
XLP,2012-03-21T00:00:00.000Z,22.9822858532,0.0319845992575336,109.3144917602,97.5592056117155,True,discovery,False,True,True,False,True,False
XLP,2012-03-22T00:00:00.000Z,23.0027752611,0.027575546640157,108.5270469511,97.60944124247152,True,discovery,False,True,True,False,True,False
XLP,2012-03-23T00:00:00.000Z,23.0574136822,0.026589187046818,108.8778886977,97.6634929289375,True,discovery,False,True,True,False,True,False
XLP,2012-03-26T00:00:00.000Z,23.2144991427,0.0335831299674875,110.4059994163,97.721443298557,True,discovery,False,True,True,False,True,False
XLP,2012-03-27T00:00:00.000Z,23.2008395374,0.0295493581907209,110.062954153,97.78455126511648,True,discovery,False,True,True,False,True,False
XLP,2012-03-28T00:00:00.000Z,23.1462011164,0.0252701760281957,109.5172003249,97.84454863902148,True,discovery,False,True,True,False,True,False
XLP,2012-03-29T00:00:00.000Z,23.1359564124,0.0263607112809776,109.3300847267,97.897424894004,True,discovery,False,True,True,False,True,False
XLP,2012-03-30T00:00:00.000Z,23.2759673664,0.0316391319327424,109.7822807557,97.96134406996,True,discovery,False,True,True,False,True,False
XLP,2012-04-02T00:00:00.000Z,23.4603720374,0.0351369141275901,110.5853185312,98.0282093289535,True,discovery,False,True,True,False,True,False
XLP,2012-04-03T00:00:00.000Z,23.3306057874,0.0381245415162334,110.1331225023,98.091371765848,True,discovery,False,True,True,False,True,False
XLP,2012-04-04T00:00:00.000Z,23.2554779585,0.0332199358051723,109.0416148462,98.146582551403,True,discovery,False,True,True,False,True,False
XLP,2012-04-05T00:00:00.000Z,23.2554779585,0.0260964170622644,108.9870394634,98.1948055402695,True,discovery,False,True,True,False,True,False
XLP,2012-04-09T00:00:00.000Z,23.0437540769,0.0134129805273812,107.7629915919,98.2399012254495,True,discovery,False,True,True,False,True,False
XLP,2012-04-10T00:00:00.000Z,22.838859998,0.0008139766636383,105.954207476,98.277372715945,True,discovery,False,True,True,False,True,False
XLP,2012-04-11T00:00:00.000Z,22.9515517414,-0.0016779989247819,106.8118206344,98.324849546783,True,discovery,False,True,True,False,True,False
XLP,2012-04-12T00:00:00.000Z,22.9720411493,0.0021747366509465,108.2073911376,98.3749683105115,True,discovery,False,True,True,False,True,False
XLP,2012-04-13T00:00:00.000Z,22.968626248,0.0002470147388355,106.9209714,98.4122470235385,True,discovery,False,True,True,False,True,False
XLP,2012-04-16T00:00:00.000Z,23.0642434848,0.0050595238083603,106.8508030507,98.444915717134,True,discovery,False,True,True,False,True,False
XLP,2012-04-17T00:00:00.000Z,23.2964567743,0.0145746579408878,108.433489152,98.4807014699685,True,discovery,False,True,True,False,True,False
XLP,2012-04-18T00:00:00.000Z,23.3032865769,0.0154761904757081,108.0670544389,98.5071727100605,True,discovery,False,True,True,False,True,False
XLP,2012-04-19T00:00:00.000Z,23.2213289453,0.0104011887079855,107.373167429,98.5305965957745,True,discovery,False,True,True,False,True,False
XLP,2012-04-20T00:00:00.000Z,23.4330528269,0.0187054631850289,107.5524865439,98.5543031415405,True,discovery,False,True,True,False,True,False
XLP,2012-04-23T00:00:00.000Z,23.0710732874,0.0005924170589239,106.648094486,98.5681541621675,True,discovery,False,True,True,False,True,False
XLP,2012-04-24T00:00:00.000Z,23.0779030901,-0.0058840835531422,107.0535116154,98.587715881575,True,discovery,False,True,True,False,True,False
XLP,2012-04-25T00:00:00.000Z,23.228158748,0.0011775095705464,108.5192504679,98.623930440989,True,discovery,False,True,True,False,True,False
XLP,2012-04-26T00:00:00.000Z,23.4398826295,0.0126881085852104,109.2755093439,98.666113440081,True,discovery,False,True,True,False,True,False
XLP,2012-04-27T00:00:00.000Z,23.4057336164,0.0116605166084859,109.4548284588,98.707504712061,True,discovery,False,True,True,False,True,False
XLP,2012-04-30T00:00:00.000Z,23.3442653927,0.0029342723000458,109.0494113294,98.750360656677,True,discovery,False,True,True,False,True,False
XLP,2012-05-01T00:00:00.000Z,23.4057336164,-0.0023289665190686,109.7277053729,98.79369187778,True,discovery,False,True,True,False,True,False
XLP,2012-05-02T00:00:00.000Z,23.4262230243,0.0040983606585836,109.400253076,98.83952990217352,True,discovery,False,True,True,False,True,False
XLP,2012-05-03T00:00:00.000Z,23.4603720374,0.0088105726859555,108.5660293674,98.87306216235449,True,discovery,False,True,True,False,True,False
XLP,2012-05-04T00:00:00.000Z,23.2759673664,0.0008810572690256,106.8118206344,98.89813034663148,True,discovery,False,True,True,False,True,False
XLP,2012-05-07T00:00:00.000Z,23.3101163795,0.0115589804383049,106.889785467,98.916528096566,True,discovery,False,True,True,False,True,False
XLP,2012-05-08T00:00:00.000Z,23.2554779585,0.0182416267947034,106.4609788878,98.932436474873,True,discovery,False,True,True,False,True,False
XLP,2012-05-09T00:00:00.000Z,23.1393713138,0.0081833060577429,105.8294637439,98.948065100221,True,discovery,False,True,True,False,True,False
XLP,2012-05-10T00:00:00.000Z,23.3032865769,0.0144195034932754,106.0477652751,98.966703781732,True,discovery,False,True,True,False,True,False
XLP,2012-05-11T00:00:00.000Z,23.2418183532,0.0118941421332845,105.7281094615,98.994219459023,True,discovery,False,True,True,False,True,False
XLP,2012-05-14T00:00:00.000Z,23.1462011164,0.003553449808749,104.5586369728,99.0173458707355,True,discovery,False,True,True,False,True,False
XLP,2012-05-15T00:00:00.000Z,23.1188819059,-0.0076223981234733,103.958307762,99.04088565273648,True,discovery,False,True,True,False,True,False
XLP,2012-05-16T00:00:00.000Z,23.1940097348,-0.0046893317704087,103.5606871158,99.0645477348645,True,discovery,False,True,True,False,True,False
XLP,2012-05-17T00:00:00.000Z,23.0300944717,-0.0082352941147542,102.024779914,99.093154330159,True,discovery,False,True,True,False,True,False
XLP,2012-05-18T00:00:00.000Z,22.893498419,-0.0230253570410005,101.1515737891,99.11478566885953,True,discovery,False,True,True,False,True,False
XLP,2012-05-21T00:00:00.000Z,22.9822858532,-0.0038484310241644,102.8901895556,99.16778732974498,True,discovery,False,True,True,False,True,False
XLP,2012-05-22T00:00:00.000Z,23.0096050638,-0.0029594554597683,103.0695086705,99.2223762636675,True,discovery,False,True,True,False,True,False
XLP,2012-05-23T00:00:00.000Z,22.9481368401,-0.0120552778607176,103.1240840534,99.307244173153,True,discovery,False,True,True,False,True,False
XLP,2012-05-24T00:00:00.000Z,23.1666905243,-0.0116550116533509,103.3267926181,99.37309597904952,True,discovery,False,True,True,False,True,False
XLP,2012-05-25T00:00:00.000Z,23.1462011164,-0.0110884155247391,102.991543838,99.4571860745475,True,discovery,False,True,True,False,True,False
XLP,2012-05-29T00:00:00.000Z,23.3101163795,-0.0014628437702168,104.2389811592,99.5281743877015,True,discovery,False,True,True,False,True,False
XLP,2012-05-30T00:00:00.000Z,23.1188819059,-0.0122556171577978,102.7264634072,99.5885688054545,True,discovery,False,True,True,False,True,False
XLP,2012-05-31T00:00:00.000Z,23.0710732874,-0.0151603498580032,102.5003653927,99.63823999060048,True,discovery,False,True,True,False,True,False
XLP,2012-06-01T00:00:00.000Z,22.6476255243,-0.0346433770020498,99.9197294343,99.6789602058785,True,discovery,False,True,True,False,True,False
XLP,2012-06-04T00:00:00.000Z,22.7227533533,-0.0237676056333792,99.8729505348,99.719139558898,True,discovery,False,True,True,False,True,False
XLP,2012-06-05T00:00:00.000Z,22.6954341427,-0.0263697626726813,100.6292094108,99.782899626889,True,discovery,False,True,True,False,True,False
XLP,2012-06-06T00:00:00.000Z,23.0027752611,-0.0108663729832151,102.8901895556,99.86513996702,True,discovery,False,True,True,False,True,False
XLP,2012-06-07T00:00:00.000Z,23.0847328927,-0.0023612750907979,102.9525614217,99.94734682775052,True,discovery,False,True,True,False,True,False
XLP,2012-06-08T00:00:00.000Z,23.282797169,-0.0008792497072199,103.7711921638,100.01941121227,True,discovery,False,True,True,False,True,False
XLP,2012-06-11T00:00:00.000Z,23.1735203269,-0.0029385836022849,102.4535864932,100.07859472933347,True,discovery,False,True,True,False,True,False
XLP,2012-06-12T00:00:00.000Z,23.282797169,0.0059014458533852,103.6308554651,100.15057136588148,True,discovery,False,True,True,False,True,False
XLP,2012-06-13T00:00:00.000Z,23.2520630572,0.0057607090101539,102.9681543882,100.2127498030915,True,discovery,False,True,True,False,True,False
XLP,2012-06-14T00:00:00.000Z,23.5696488795,0.0161955241458915,104.0596620443,100.267378019705,True,discovery,False,True,True,False,True,False
XLP,2012-06-15T00:00:00.000Z,23.6075679437,0.0250747330936751,105.1186271793,100.326073190949,True,discovery,False,True,True,False,True,False
XLP,2012-06-18T00:00:00.000Z,23.6694578684,0.0338943151107042,105.322375823,100.383715073024,True,discovery,False,True,True,False,True,False
XLP,2012-06-19T00:00:00.000Z,23.6488278935,0.0290024258055772,106.3411190415,100.4513621553695,True,discovery,False,True,True,False,True,False
XLP,2012-06-20T00:00:00.000Z,23.5250480441,0.0224012093589092,106.168716343,100.5300038539955,True,discovery,False,True,True,False,True,False
XLP,2012-06-21T00:00:00.000Z,23.246543383,0.0130035194133302,103.7864245089,100.6000339968825,True,discovery,False,True,True,False,True,False
XLP,2012-06-22T00:00:00.000Z,23.3187482951,0.0065636380233293,104.5857461112,100.66139832763548,True,discovery,False,True,True,False,True,False
XLP,2012-06-25T00:00:00.000Z,23.1743384708,0.001215635959374,102.9087380437,100.719173989318,True,discovery,False,True,True,False,True,False
XLP,2012-06-26T00:00:00.000Z,23.2293517372,-0.0034647893208731,103.4259461393,100.791507434162,True,discovery,False,True,True,False,True,False
XLP,2012-06-27T00:00:00.000Z,23.3668849032,0.0107272920165186,104.3584880086,100.865625765592,True,discovery,False,True,True,False,True,False
XLP,2012-06-28T00:00:00.000Z,23.4700347777,0.017292714791812,104.0607015293,100.934149470821,True,discovery,False,True,True,False,True,False
XLP,2012-06-29T00:00:00.000Z,23.9101409089,0.0557460376252412,106.6545784934,101.0093880927375,True,discovery,True,True,True,True,True,True
XLP,2012-07-02T00:00:00.000Z,24.0442357458,0.0581567898904329,106.9758744315,101.078328774496,True,discovery,True,True,True,True,True,True
XLP,2012-07-03T00:00:00.000Z,24.1577006077,0.0644299842781521,107.6811581982,101.14805252546448,True,discovery,True,True,True,True,True,True
XLP,2012-07-05T00:00:00.000Z,24.0683040498,0.0463217492935261,107.1952960478,101.2200137305625,True,discovery,False,True,True,False,True,False
XLP,2012-07-06T00:00:00.000Z,24.0407974166,0.0414154466652865,106.1765528293,101.2874211758355,True,discovery,False,True,True,False,True,False
XLP,2012-07-09T00:00:00.000Z,24.0132907834,0.0313748218952238,106.0433325623,101.3678156996755,True,discovery,False,True,True,False,True,False
XLP,2012-07-10T00:00:00.000Z,24.0407974166,0.0374253491686051,105.1186271793,101.458126947513,True,discovery,False,True,True,False,True,False
XLP,2012-07-11T00:00:00.000Z,24.0064141251,0.031079468280704,105.1343001519,101.5458939154865,True,discovery,False,True,True,False,True,False
XLP,2012-07-12T00:00:00.000Z,24.0270441,0.0333295605165679,104.6249285426,101.62070058311548,True,discovery,False,True,True,False,True,False
XLP,2012-07-13T00:00:00.000Z,24.2952337737,0.0307847137608863,106.380301473,101.6992702357715,True,discovery,False,True,True,False,True,False
XLP,2012-07-16T00:00:00.000Z,24.1714539243,0.0238858141569164,106.1295339115,101.7858424437735,True,discovery,False,True,True,False,True,False
XLP,2012-07-17T00:00:00.000Z,24.2746037988,0.0255665310867936,106.8583271371,101.872548902166,True,discovery,False,True,True,False,True,False
XLP,2012-07-18T00:00:00.000Z,24.2814804571,0.026751962780104,107.649812253,101.97439759453248,True,discovery,False,True,True,False,True,False
XLP,2012-07-19T00:00:00.000Z,24.2470971656,0.0306927798891822,107.9319257597,102.09007584858053,True,discovery,False,True,True,False,True,False
XLP,2012-07-20T00:00:00.000Z,24.0992490122,0.0366809643546222,106.9445284864,102.1915221548035,True,discovery,False,True,True,False,True,False
XLP,2012-07-23T00:00:00.000Z,23.889510934,0.024476555588532,105.8630933775,102.279539078082,True,discovery,False,True,True,False,True,False
XLP,2012-07-24T00:00:00.000Z,23.8138676927,0.0275964391693777,104.9540609671,102.355027200213,True,discovery,False,True,True,False,True,False
XLP,2012-07-25T00:00:00.000Z,23.820744351,0.025458851391575,104.977570426,102.4336411974135,True,discovery,False,True,True,False,True,False
XLP,2012-07-26T00:00:00.000Z,24.2127138741,0.0361977633905394,106.7094338975,102.505988578011,True,discovery,False,True,True,False,True,False
XLP,2012-07-27T00:00:00.000Z,24.4877802061,0.0433636097278817,108.6763919579,102.587707929253,True,discovery,False,True,True,False,True,False
XLP,2012-07-30T00:00:00.000Z,24.6115600555,0.0293356341676309,108.6763919579,102.66537760849,True,discovery,False,True,True,False,True,False
XLP,2012-07-31T00:00:00.000Z,24.5015335227,0.0190190190170582,107.9162527871,102.7401722311885,True,discovery,False,True,True,False,True,False
XLP,2012-08-01T00:00:00.000Z,24.3777536733,0.0091090236266053,107.8222149516,102.806551593919,True,discovery,False,True,True,False,True,False
XLP,2012-08-02T00:00:00.000Z,24.1783305826,0.0045714285714666,107.0777487534,102.8782336089835,True,discovery,False,True,True,False,True,False
XLP,2012-08-03T00:00:00.000Z,24.5840534223,0.0225972540047645,109.2014365397,102.95147051135,True,discovery,False,True,True,False,True,False
XLP,2012-08-06T00:00:00.000Z,24.5703001057,0.0231958762888531,109.4130216697,103.03135774356348,True,discovery,False,True,True,False,True,False
XLP,2012-08-07T00:00:00.000Z,24.439643598,0.0165903890161562,109.9615757105,103.111943625826,True,discovery,False,True,True,False,True,False
XLP,2012-08-08T00:00:00.000Z,24.6115600555,0.0252076768836244,110.0947959775,103.18428633101298,True,discovery,False,True,True,False,True,False
XLP,2012-08-09T00:00:00.000Z,24.508410181,0.0200343445908937,110.1888338131,103.2512368430475,True,discovery,False,True,True,False,True,False
XLP,2012-08-10T00:00:00.000Z,24.5015335227,0.0084913671101745,110.3690729979,103.328499217379,True,discovery,False,True,True,False,True,False
XLP,2012-08-13T00:00:00.000Z,24.4946568644,0.0133712660029556,110.3142175938,103.400666276589,True,discovery,False,True,True,False,True,False
XLP,2012-08-14T00:00:00.000Z,24.5909300806,0.013031161473195,110.3298905664,103.45621162468,True,discovery,False,True,True,False,True,False
XLP,2012-08-15T00:00:00.000Z,24.6046833972,0.0133106768621884,110.4552743471,103.51249959658898,True,discovery,False,True,True,False,True,False
XLP,2012-08-16T00:00:00.000Z,24.6665733219,0.0173000567216401,111.270268922,103.584818715863,True,discovery,False,True,True,False,True,False
XLP,2012-08-17T00:00:00.000Z,24.6872032968,0.0243972035934543,111.4191621616,103.67138120801748,True,discovery,False,True,True,False,True,False
XLP,2012-08-20T00:00:00.000Z,24.6872032968,0.0333909038575046,111.4269986479,103.750307789947,True,discovery,False,True,True,False,True,False
XLP,2012-08-21T00:00:00.000Z,24.5359168142,0.0303205313314702,111.0900297371,103.818833090436,True,discovery,False,True,True,False,True,False
XLP,2012-08-22T00:00:00.000Z,24.4602735729,0.0268475750579622,111.1370486549,103.89056324498398,True,discovery,False,True,True,False,True,False
XLP,2012-08-23T00:00:00.000Z,24.2677271405,0.0022720817949632,110.2280162445,103.954739909705,True,discovery,False,True,True,False,True,False
XLP,2012-08-24T00:00:00.000Z,24.4809035478,-0.0002808199943857,110.8941175797,104.01599901572348,True,discovery,False,True,True,False,True,False
XLP,2012-08-27T00:00:00.000Z,24.5152868393,-0.0039117071808085,110.9176270386,104.09557990890548,True,discovery,False,True,True,False,True,False
XLP,2012-08-28T00:00:00.000Z,24.5290401559,0.0011226494527174,110.8079162305,104.1701383246895,True,discovery,False,True,True,False,True,False
XLP,2012-08-29T00:00:00.000Z,24.4740268895,0.0039492242595529,110.8941175797,104.23610276389452,True,discovery,False,True,True,False,True,False
XLP,2012-08-30T00:00:00.000Z,24.3777536733,0.0082480091013195,110.0947959775,104.302698791665,True,discovery,False,True,True,False,True,False
XLP,2012-08-31T00:00:00.000Z,24.3846303316,-0.008111888111954,110.6198405594,104.369528807447,True,discovery,False,True,True,False,True,False
XLP,2012-09-04T00:00:00.000Z,24.5290401559,-0.0016792611251186,110.5179662375,104.443563112581,True,discovery,False,True,True,False,True,False
XLP,2012-09-05T00:00:00.000Z,24.4877802061,0.001969611705137,110.4239284019,104.52472518458453,True,discovery,False,True,True,False,True,False
XLP,2012-09-06T00:00:00.000Z,24.7903531713,0.007264599050073,112.6651634827,104.6175948199545,True,discovery,False,True,True,False,True,False
XLP,2012-09-07T00:00:00.000Z,24.5909300806,0.0033670033670309,113.1040067153,104.72160651820252,True,discovery,False,True,True,False,True,False
XLP,2012-09-10T00:00:00.000Z,24.5634234474,0.0025259612686145,112.461414839,104.824217967395,True,discovery,False,True,True,False,True,False
XLP,2012-09-11T00:00:00.000Z,24.4877802061,-0.0002807411566558,112.7748742909,104.9385401780115,True,discovery,False,True,True,False,True,False
XLP,2012-09-12T00:00:00.000Z,24.3571236984,-0.009507829977706,113.1510256331,105.055591648045,True,discovery,False,True,True,False,True,False
XLP,2012-09-13T00:00:00.000Z,24.7903531713,0.0075461151481888,114.8750526183,105.16826573428402,True,discovery,False,True,True,False,True,False
XLP,2012-09-14T00:00:00.000Z,24.6046833972,-0.0025090604962567,115.3844242275,105.2821753562055,True,discovery,False,True,True,False,True,False
XLP,2012-09-17T00:00:00.000Z,24.6734499802,-0.0005571030640713,114.9925999127,105.375073113978,True,discovery,False,True,True,False,True,False
XLP,2012-09-18T00:00:00.000Z,24.8109831462,0.0050139275766423,114.8985620772,105.467577819183,True,discovery,False,True,True,False,True,False
XLP,2012-09-19T00:00:00.000Z,24.8797497292,0.0140134529149125,114.9612539675,105.560820235192,True,discovery,False,True,True,False,True,False
XLP,2012-09-20T00:00:00.000Z,25.0172828952,0.0227719988756429,114.9690904538,105.648856544179,True,discovery,False,True,True,False,True,False
XLP,2012-09-21T00:00:00.000Z,24.9037561433,0.0262088410306271,114.9216405293,105.736501330324,True,discovery,False,True,True,False,True,False
XLP,2012-09-24T00:00:00.000Z,24.9868610025,0.0206674338515364,114.7483166045,105.821466786519,True,discovery,False,True,True,False,True,False
XLP,2012-09-25T00:00:00.000Z,24.8137258792,0.0121735895588861,113.5271707704,105.91104850228,True,discovery,False,True,True,False,True,False
XLP,2012-09-26T00:00:00.000Z,24.8102631767,0.0114649011544123,112.8890235925,105.989340138142,True,discovery,False,True,True,False,True,False
XLP,2012-09-27T00:00:00.000Z,24.8968307384,0.0172756142995573,113.9526022222,106.080046235237,True,discovery,False,True,True,False,True,False
XLP,2012-09-28T00:00:00.000Z,24.8102631767,0.0177419752942089,113.4247520875,106.17258700501652,True,discovery,False,True,True,False,True,False
XLP,2012-10-01T00:00:00.000Z,24.9730101927,0.0241291277783906,113.7241297759,106.2716771111675,True,discovery,False,True,True,False,True,False
XLP,2012-10-02T00:00:00.000Z,24.9937864075,0.0189467769079507,113.8423051792,106.36966108892352,True,discovery,False,True,True,False,True,False
XLP,2012-10-03T00:00:00.000Z,25.0699658618,0.0237745377817044,114.3071284321,106.4692744520695,True,discovery,False,True,True,False,True,False
XLP,2012-10-04T00:00:00.000Z,25.1876977456,0.0160281933683787,115.126477895,106.5780301992,True,discovery,False,True,True,False,True,False
XLP,2012-10-05T00:00:00.000Z,25.2846534147,0.0282105366420151,115.1343562552,106.6726975554555,True,discovery,False,True,True,False,True,False
XLP,2012-10-08T00:00:00.000Z,25.2084739604,0.0262606112043504,114.7404382442,106.7644638195015,True,discovery,False,True,True,False,True,False
XLP,2012-10-09T00:00:00.000Z,24.9660847877,0.0195323780912104,113.6059543726,106.8462882793145,True,discovery,False,True,True,False,True,False
XLP,2012-10-10T00:00:00.000Z,24.8622037137,0.0207364392263271,112.8811452323,106.920141683372,True,discovery,False,True,True,False,True,False
XLP,2012-10-11T00:00:00.000Z,24.8068004743,0.0006634557759765,112.9441721141,106.99392209594102,True,discovery,False,True,True,False,True,False
XLP,2012-10-12T00:00:00.000Z,24.8275766891,0.0090589782563659,112.5738891837,107.0722939837595,True,discovery,False,True,True,False,True,False
XLP,2012-10-15T00:00:00.000Z,24.9937864075,0.0129830415915512,113.5114140499,107.150346671829,True,discovery,False,True,True,False,True,False
XLP,2012-10-16T00:00:00.000Z,25.0561150519,0.0098799755034109,114.661654642,107.23655694342452,True,discovery,False,True,True,False,True,False
XLP,2012-10-17T00:00:00.000Z,25.1634588284,0.0114032135486887,115.1816264166,107.317604555939,True,discovery,False,True,True,False,True,False
XLP,2012-10-18T00:00:00.000Z,25.0284134321,0.0004449138999875,114.8822487282,107.396379028216,True,discovery,False,True,True,False,True,False
XLP,2012-10-19T00:00:00.000Z,24.73062102,-0.0069521690745666,112.9678071947,107.46426166477352,True,discovery,False,True,True,False,True,False
XLP,2012-10-22T00:00:00.000Z,24.7444718298,-0.0097006651886265,112.9835639152,107.53350390039598,True,discovery,False,True,True,False,True,False
XLP,2012-10-23T00:00:00.000Z,24.412052393,-0.0161875523311354,111.4157702314,107.5937039773165,True,discovery,False,True,True,False,True,False
XLP,2012-10-24T00:00:00.000Z,24.412052393,-0.0160502442422284,111.1006358226,107.64802018472852,True,discovery,False,True,True,False,True,False
XLP,2012-10-25T00:00:00.000Z,24.5644113016,-0.0133518776061438,111.4236485916,107.703679767857,True,discovery,False,True,True,False,True,False
XLP,2012-10-26T00:00:00.000Z,24.4813064423,-0.0132588974190702,111.3606217099,107.757821026294,True,discovery,False,True,True,False,True,False
XLP,2012-10-31T00:00:00.000Z,24.5090080621,-0.0185801442044672,111.3606217099,107.814562728246,True,discovery,False,True,True,False,True,False
XLP,2012-11-01T00:00:00.000Z,24.522858872,-0.018841784426816,112.5266190224,107.875193787272,True,discovery,False,True,True,False,True,False
XLP,2012-11-02T00:00:00.000Z,24.3774253683,-0.0276243093954606,111.5260672745,107.925271887221,True,discovery,False,True,True,False,True,False
XLP,2012-11-05T00:00:00.000Z,24.3358729387,-0.033819081660562,111.7545397209,107.973814280708,True,discovery,False,True,True,False,True,False
XLP,2012-11-06T00:00:00.000Z,24.515933467,-0.0304026294168257,112.6290377053,108.0248273472185,True,discovery,False,True,True,False,True,False
XLP,2012-11-07T00:00:00.000Z,24.2252049679,-0.039005494503341,110.076448994,108.0643970982245,True,discovery,False,True,True,False,True,False
XLP,2012-11-08T00:00:00.000Z,23.9619010723,-0.0402219140061052,108.752884477,108.097931215492,True,discovery,False,True,True,False,True,False
XLP,2012-11-09T00:00:00.000Z,23.9619010723,-0.0362116991626088,108.8474247997,108.1276686494985,True,discovery,False,True,True,False,True,False
XLP,2012-11-12T00:00:00.000Z,23.9619010723,-0.0340591848140722,108.9340867621,108.160478649421,True,discovery,False,True,True,False,True,False
XLP,2012-11-13T00:00:00.000Z,23.9480502624,-0.035425383544828,108.5559254715,108.1916307184295,True,discovery,False,True,True,False,True,False
XLP,2012-11-14T00:00:00.000Z,23.6848848749,-0.0523690773082398,107.0905504706,108.217202478973,True,discovery,False,False,True,False,False,False
XLP,2012-11-15T00:00:00.000Z,23.67795947,-0.0550027639578345,106.9093481856,108.2420622910405,True,discovery,False,False,True,False,False,False
XLP,2012-11-16T00:00:00.000Z,23.8303183785,-0.0529792211393208,107.4371983203,108.26509790595802,True,discovery,False,False,True,False,False,False
XLP,2012-11-19T00:00:00.000Z,24.2181410548,-0.0323741007194963,109.611625741,108.2981905935935,True,discovery,False,True,True,False,True,False
XLP,2012-11-20T00:00:00.000Z,24.308171319,-0.017082049846559,109.6588959023,108.3243004903385,True,discovery,False,True,True,False,True,False
XLP,2012-11-21T00:00:00.000Z,24.3427983437,-0.0162328575393659,109.8637332681,108.35178388722052,True,discovery,False,True,True,False,True,False
XLP,2012-11-23T00:00:00.000Z,24.7029194002,0.011914893615557,111.3606217099,108.385432098259,True,discovery,False,True,True,False,True,False
XLP,2012-11-26T00:00:00.000Z,24.522858872,0.0045390070943716,111.1242709033,108.416346051674,True,discovery,False,True,True,False,True,False
XLP,2012-11-27T00:00:00.000Z,24.5020826571,-0.0025373555154541,110.5570289674,108.443763981383,True,discovery,False,True,True,False,True,False
XLP,2012-11-28T00:00:00.000Z,24.7375464249,0.0104667609632653,111.4472836723,108.4795144435935,True,discovery,False,True,True,False,True,False
XLP,2012-11-29T00:00:00.000Z,24.8691291187,0.0146934162201723,111.9672554468,108.51398350569949,True,discovery,False,True,True,False,True,False
XLP,2012-11-30T00:00:00.000Z,24.9591593828,0.0177915842959959,111.9908905275,108.54923055723548,True,discovery,False,True,True,False,True,False
XLP,2012-12-03T00:00:00.000Z,24.8618574435,0.0198721590931398,111.4394053121,108.58416537585,True,discovery,False,True,True,False,True,False
XLP,2012-12-04T00:00:00.000Z,24.8102631767,0.019493454752782,111.2818381077,108.6125292825665,True,discovery,False,True,True,False,True,False
XLP,2012-12-05T00:00:00.000Z,24.8552783088,0.0138418079106299,111.4787971132,108.640480731079,True,discovery,False,True,True,False,True,False
XLP,2012-12-06T00:00:00.000Z,24.8829799285,0.027152503414175,111.8569584037,108.6700901105055,True,discovery,False,True,True,False,True,False
XLP,2012-12-07T00:00:00.000Z,25.0561150519,0.0456647398843037,112.1957278932,108.703101091329,True,discovery,False,True,True,False,True,False
XLP,2012-12-10T00:00:00.000Z,25.0284134321,0.0445086705175028,112.2429980545,108.734019667573,True,discovery,False,True,True,False,True,False
XLP,2012-12-11T00:00:00.000Z,25.042264242,0.0450867052009034,113.0071989958,108.76759487083052,True,discovery,False,True,True,False,True,False
XLP,2012-12-12T00:00:00.000Z,24.9868610025,0.0433776749554848,113.0623475174,108.800553127131,True,discovery,False,True,True,False,True,False
XLP,2012-12-13T00:00:00.000Z,24.9453085729,0.0532163742681195,112.369051818,108.828492401344,True,discovery,True,True,True,True,True,True
XLP,2012-12-14T00:00:00.000Z,24.9037561433,0.0517695232502228,111.9514987264,108.85643978994648,True,discovery,True,True,True,True,True,True
XLP,2012-12-17T00:00:00.000Z,24.9591593828,0.0473699505969862,113.2671848831,108.8882099154585,True,discovery,False,True,True,False,True,False
XLP,2012-12-18T00:00:00.000Z,24.9522339779,0.0303116957424156,114.5277225183,108.927912857917,True,discovery,False,True,True,False,True,False
XLP,2012-12-19T00:00:00.000Z,24.7029194002,0.016239316237312,113.6768596145,108.9655349908835,True,discovery,False,True,True,False,True,False
XLP,2012-12-20T00:00:00.000Z,24.8414274989,0.0204836415337206,114.3307635128,109.0141891612955,True,discovery,False,True,True,False,True,False
XLP,2012-12-21T00:00:00.000Z,24.6321002094,-0.0028668348729431,113.3001400639,109.054041831025,True,discovery,False,True,True,False,True,False
XLP,2012-12-24T00:00:00.000Z,24.5550592363,0.001313075464328,112.9510115421,109.08690915852652,True,discovery,False,True,True,False,True,False
XLP,2012-12-26T00:00:00.000Z,24.3449474916,-0.0064131350668865,112.4749271942,109.1153389970305,True,discovery,False,True,True,False,True,False
XLP,2012-12-27T00:00:00.000Z,24.3869698405,-0.0141718413935797,112.3241671507,109.1429762227275,True,discovery,False,True,True,False,True,False
XLP,2012-12-28T00:00:00.000Z,24.127832022,-0.0298079234363937,111.1101520635,109.15491785072552,True,discovery,False,True,True,False,True,False
XLP,2012-12-31T00:00:00.000Z,24.4429996391,-0.0206801733898016,112.9986199769,109.176884007137,True,discovery,False,True,True,False,True,False
XLP,2013-01-02T00:00:00.000Z,25.0733348734,0.0085060993685044,115.89479976,109.2101872426925,True,discovery,False,True,True,False,True,False
XLP,2013-01-03T00:00:00.000Z,25.0103013499,0.0080627187134338,115.6329533687,109.2414287089885,True,discovery,False,True,True,False,True,False
XLP,2013-01-04T00:00:00.000Z,25.0803385982,0.0090548287813907,116.1407766731,109.2730652589105,True,discovery,False,True,True,False,True,False
XLP,2013-01-07T00:00:00.000Z,24.9122492024,0.0011762768761662,115.8233871078,109.304713140074,True,discovery,False,True,True,False,True,False
XLP,2013-01-08T00:00:00.000Z,24.8422119541,-0.0085369618297541,115.4901280643,109.33559132159448,True,discovery,False,True,True,False,True,False
XLP,2013-01-09T00:00:00.000Z,24.8982417527,-0.0052009560954849,115.7837134122,109.3718746539,True,discovery,False,True,True,False,True,False
XLP,2013-01-10T00:00:00.000Z,25.0453199741,0.0001220229956233,116.7041431515,109.411005926169,True,discovery,False,True,True,False,True,False
XLP,2013-01-11T00:00:00.000Z,25.1573795713,0.0068243293458487,116.6962084123,109.442456971149,True,discovery,False,True,True,False,True,False
XLP,2013-01-14T00:00:00.000Z,25.2344205443,0.0115898334372213,116.616861021,109.475226505489,True,discovery,False,True,True,False,True,False
XLP,2013-01-15T00:00:00.000Z,25.3114615174,0.0163712402158935,116.6962084123,109.51112154592602,True,discovery,False,True,True,False,True,False
XLP,2013-01-16T00:00:00.000Z,25.2764428933,0.0127121072322111,116.6803389341,109.547872816963,True,discovery,False,True,True,False,True,False
XLP,2013-01-17T00:00:00.000Z,25.4445322891,0.0197296286831882,117.4341391516,109.58613210894252,True,discovery,False,True,True,False,True,False
XLP,2013-01-18T00:00:00.000Z,25.5495881615,0.0342740365048976,117.695985543,109.6216854440015,True,discovery,False,True,True,False,True,False
XLP,2013-01-22T00:00:00.000Z,25.5565918863,0.0287891824023265,118.3307646735,109.66267365485751,True,discovery,False,True,True,False,True,False
XLP,2013-01-23T00:00:00.000Z,25.5495881615,0.0372476542519859,118.5211984127,109.71007157269,True,discovery,False,True,True,False,True,False
XLP,2013-01-24T00:00:00.000Z,25.6196254097,0.0433542498576522,118.5529373692,109.757901062219,True,discovery,False,True,True,False,True,False
XLP,2013-01-25T00:00:00.000Z,25.7456924566,0.0575373993097876,119.2194554563,109.815183381541,True,discovery,True,True,True,True,True,True
XLP,2013-01-28T00:00:00.000Z,25.766703631,0.0565766800682485,119.0766301519,109.88079549492048,True,discovery,True,True,True,True,True,True
XLP,2013-01-29T00:00:00.000Z,25.9067781275,0.0737300435396739,119.5447797607,109.944460290552,True,discovery,True,True,True,True,True,True
XLP,2013-01-30T00:00:00.000Z,25.8577520537,0.057879656158768,119.0766301519,109.9988064856235,True,discovery,True,True,True,True,True,True
XLP,2013-01-31T00:00:00.000Z,25.8227334296,0.0298882681535526,118.783044804,110.05811685264352,True,discovery,False,True,True,False,True,False
XLP,2013-02-01T00:00:00.000Z,26.0328451744,0.0408849061910279,120.0049946303,110.1238878105415,True,discovery,False,True,True,False,True,False
XLP,2013-02-04T00:00:00.000Z,25.7877148055,0.0282044121745137,118.6560889779,110.175000809671,True,discovery,False,True,True,False,True,False
XLP,2013-02-05T00:00:00.000Z,26.0958786978,0.0475119482702497,119.8542345868,110.2339367104105,True,discovery,False,True,True,False,True,False
XLP,2013-02-06T00:00:00.000Z,26.1308973219,0.0518748237951214,119.9415167173,110.296778456852,True,discovery,True,True,True,True,True,True
XLP,2013-02-07T00:00:00.000Z,26.2709718184,0.055133614627673,119.7828219346,110.3579301338055,True,discovery,True,True,True,True,True,True
XLP,2013-02-08T00:00:00.000Z,26.2499606439,0.0480984340006735,120.4493400217,110.426936361484,True,discovery,False,True,True,False,True,False
XLP,2013-02-11T00:00:00.000Z,26.2499606439,0.0434298440941931,120.4255358043,110.4937964824285,True,discovery,False,True,True,False,True,False
XLP,2013-02-12T00:00:00.000Z,26.2219457446,0.0391340549534855,120.6239042826,110.554319751502,True,discovery,False,True,True,False,True,False
XLP,2013-02-13T00:00:00.000Z,26.2499606439,0.0370780298820294,120.7270558913,110.611577484239,True,discovery,False,True,True,False,True,False
XLP,2013-02-14T00:00:00.000Z,26.3045896976,0.040676087558686,120.8381422392,110.668494053141,True,discovery,False,True,True,False,True,False
XLP,2013-02-15T00:00:00.000Z,26.3410090667,0.0352325901460579,120.6953169348,110.726723581168,True,discovery,False,True,True,False,True,False
XLP,2013-02-19T00:00:00.000Z,26.60715061,0.0413925438568756,121.5998771958,110.78608444028252,True,discovery,False,True,True,False,True,False
XLP,2013-02-20T00:00:00.000Z,26.5581245362,0.0391888188517377,120.0843420216,110.8395048850105,True,discovery,False,True,True,False,True,False
XLP,2013-02-21T00:00:00.000Z,26.6421692341,0.0427631578909901,119.3543460215,110.893446468281,True,discovery,False,True,True,False,True,False
XLP,2013-02-22T00:00:00.000Z,26.7962511803,0.0459267359215374,120.5207526739,110.96199112847847,True,discovery,False,True,True,False,True,False
XLP,2013-02-25T00:00:00.000Z,26.4320574894,0.0266594124029493,118.2276130648,111.01868026646753,True,discovery,False,True,True,False,True,False
XLP,2013-02-26T00:00:00.000Z,26.4950910128,0.0282685512369411,119.0369564562,111.0815601543095,True,discovery,False,True,True,False,True,False
XLP,2013-02-27T00:00:00.000Z,26.6911953079,0.0302784536363223,120.5366221522,111.155095946351,True,discovery,False,True,True,False,True,False
XLP,2013-02-28T00:00:00.000Z,26.6771878583,0.0316901408482159,120.2985799782,111.22635001986652,True,discovery,False,True,True,False,True,False
XLP,2013-03-01T00:00:00.000Z,26.768236281,0.0366151342567084,120.6953169348,111.301186057233,True,discovery,False,True,True,False,True,False
XLP,2013-03-04T00:00:00.000Z,26.9713443009,0.0360505784217122,121.3380308045,111.38508302639153,True,discovery,False,True,True,False,True,False
XLP,2013-03-05T00:00:00.000Z,27.0623927236,0.0494296577930253,122.4250900655,111.477416937909,True,discovery,False,True,True,False,True,False
XLP,2013-03-06T00:00:00.000Z,26.9993592002,0.0346215780990799,122.5917195873,111.5725721002665,True,discovery,False,True,True,False,True,False
XLP,2013-03-07T00:00:00.000Z,26.9993592002,0.033235057625524,122.813892283,111.67651766211152,True,discovery,False,True,True,False,True,False
XLP,2013-03-08T00:00:00.000Z,27.048385274,0.0295921087721431,123.3375850657,111.78744771849448,True,discovery,False,True,True,False,True,False
XLP,2013-03-11T00:00:00.000Z,27.0764001733,0.0314834578463283,123.8057346745,111.892025444089,True,discovery,False,True,True,False,True,False
XLP,2013-03-12T00:00:00.000Z,27.048385274,0.0304162219871952,123.5280188049,111.994317994761,True,discovery,False,True,True,False,True,False
XLP,2013-03-13T00:00:00.000Z,27.1184225222,0.0341880341882949,123.7025830658,112.097210489823,True,discovery,False,True,True,False,True,False
XLP,2013-03-14T00:00:00.000Z,27.209470945,0.0365528281781624,124.3611664137,112.202382358801,True,discovery,False,True,True,False,True,False
XLP,2013-03-15T00:00:00.000Z,27.0875360958,0.0297646307051668,124.1974886149,112.30841208268548,True,discovery,False,True,True,False,True,False
XLP,2013-03-18T00:00:00.000Z,27.0065937377,0.0252680020463387,123.5120632141,112.40477749296,True,discovery,False,True,True,False,True,False
XLP,2013-03-19T00:00:00.000Z,27.2318246471,0.0234776750902903,123.2251409533,112.5072708806905,True,discovery,False,True,True,False,True,False
XLP,2013-03-20T00:00:00.000Z,27.4922478862,0.0351727904855159,124.0859077357,112.6151985924055,True,discovery,False,True,True,False,True,False
XLP,2013-03-21T00:00:00.000Z,27.4077862952,0.0287370391792298,123.0258893833,112.7307293921505,True,discovery,False,True,True,False,True,False
XLP,2013-03-22T00:00:00.000Z,27.6611710683,0.0322776451892594,124.0141771705,112.851435525329,True,discovery,False,True,True,False,True,False
XLP,2013-03-25T00:00:00.000Z,27.6400556705,0.0457020109609114,123.4961230885,112.96577009371752,True,discovery,False,True,True,False,True,False
XLP,2013-03-26T00:00:00.000Z,27.9004789096,0.0530433315409653,124.4844108757,113.073741200318,True,discovery,True,True,True,True,True,True
XLP,2013-03-27T00:00:00.000Z,27.8793635118,0.0445153613464561,124.4844108757,113.181400447588,True,discovery,False,True,True,False,True,False
XLP,2013-03-28T00:00:00.000Z,27.9919789666,0.0492852213390599,124.8669738901,113.2868793562195,True,discovery,False,True,True,False,True,False
XLP,2013-04-01T00:00:00.000Z,27.9779020347,0.0451903420532273,124.3728299965,113.396475573736,True,discovery,False,True,True,False,True,False
XLP,2013-04-02T00:00:00.000Z,28.2805560693,0.0485408422284801,124.9865248321,113.503253920571,True,discovery,False,True,True,False,True,False
XLP,2013-04-03T00:00:00.000Z,27.9708635688,0.0335694945557329,123.7192848469,113.6070095728645,True,discovery,False,True,True,False,True,False
XLP,2013-04-04T00:00:00.000Z,28.1186713531,0.0414569895752086,124.2213988033,113.70781825665952,True,discovery,False,True,True,False,True,False
XLP,2013-04-05T00:00:00.000Z,27.9145558414,0.0338969763842846,123.6634944073,113.8005425927995,True,discovery,False,True,True,False,True,False
XLP,2013-04-08T00:00:00.000Z,28.2312868079,0.0437327966870189,124.5003510013,113.896432468691,True,discovery,False,True,True,False,True,False
XLP,2013-04-09T00:00:00.000Z,28.2031329442,0.0416130934573446,124.9307343925,113.989380545446,True,discovery,False,True,True,False,True,False
XLP,2013-04-10T00:00:00.000Z,28.4142869218,0.0504984543056239,126.4609864502,114.090841895982,True,discovery,True,True,True,True,True,True
XLP,2013-04-11T00:00:00.000Z,28.5515370073,0.0528465283674521,126.8754297158,114.2062869220165,True,discovery,True,True,True,True,True,True
XLP,2013-04-12T00:00:00.000Z,28.6535947631,0.05307430714177,126.5645972666,114.3161811777935,True,discovery,True,True,True,True,True,True
XLP,2013-04-15T00:00:00.000Z,28.1960944783,0.0409250357278485,123.6316141561,114.41979555835547,True,discovery,False,True,True,False,True,False
XLP,2013-04-16T00:00:00.000Z,28.7239794223,0.0635913474050082,125.4567585373,114.52994962034548,True,discovery,True,True,True,True,True,True
XLP,2013-04-17T00:00:00.000Z,28.4776331151,0.0457482553646169,123.6236440933,114.626275400769,True,discovery,False,True,True,False,True,False
XLP,2013-04-18T00:00:00.000Z,28.4213253877,0.0337941628253088,122.8505480017,114.720224633131,True,discovery,False,True,True,False,True,False
XLP,2013-04-19T00:00:00.000Z,28.8647487407,0.053158705697992,123.9185364169,114.8065444227485,True,discovery,True,True,True,True,True,True
XLP,2013-04-22T00:00:00.000Z,28.9351333999,0.0460559796421624,124.4684707501,114.8940074043415,True,discovery,False,True,True,False,True,False
XLP,2013-04-23T00:00:00.000Z,29.1603643094,0.0550038197109208,125.7516508609,114.984359867655,True,discovery,True,True,True,True,True,True
XLP,2013-04-24T00:00:00.000Z,28.6958255586,0.028506559029936,125.8313514889,115.0775401448605,True,discovery,False,True,True,False,True,False
XLP,2013-04-25T00:00:00.000Z,28.7873256156,0.0325675334523223,126.3414355082,115.178364558255,True,discovery,False,True,True,False,True,False
XLP,2013-04-26T00:00:00.000Z,28.7802871497,0.0281619311032137,126.1182737498,115.2787392641925,True,discovery,False,True,True,False,True,False
XLP,2013-04-29T00:00:00.000Z,28.8717872067,0.0319496855372265,126.9631004066,115.38796163032902,True,discovery,False,True,True,False,True,False
XLP,2013-04-30T00:00:00.000Z,28.8154794793,0.0189148830273773,127.265962793,115.49861994353452,True,discovery,False,True,True,False,True,False
XLP,2013-05-01T00:00:00.000Z,28.7873256156,0.029189733266252,126.150154001,115.60624607082651,True,discovery,False,True,True,False,True,False
XLP,2013-05-02T00:00:00.000Z,28.8929026044,0.0275344180234404,127.3217532326,115.7109533296245,True,discovery,False,True,True,False,True,False
XLP,2013-05-03T00:00:00.000Z,29.019594991,0.0395864851254814,128.6129034062,115.823370177098,True,discovery,False,True,True,False,True,False
XLP,2013-05-06T00:00:00.000Z,28.8084410134,0.0204437796061953,128.939675981,115.93377692131747,True,discovery,False,True,True,False,True,False
XLP,2013-05-07T00:00:00.000Z,29.0267038416,0.0292013975549962,129.5932211306,116.04349396570552,True,discovery,False,True,True,False,True,False
XLP,2013-05-08T00:00:00.000Z,29.0618257865,0.0227891999008145,130.1830057778,116.154749365796,True,discovery,False,True,True,False,True,False
XLP,2013-05-09T00:00:00.000Z,28.8577102748,0.0107235301350578,129.816382889,116.269108637809,True,discovery,False,True,True,False,True,False
XLP,2013-05-10T00:00:00.000Z,28.9703257295,0.0110537951352578,130.2387962174,116.39098715200848,True,discovery,False,True,True,False,True,False
XLP,2013-05-13T00:00:00.000Z,29.019594991,0.0292061907131775,130.3424070338,116.517928882342,True,discovery,False,True,True,False,True,False
XLP,2013-05-14T00:00:00.000Z,29.3644798211,0.0222984562613475,131.6893476471,116.65148776844752,True,discovery,False,True,True,False,True,False
XLP,2013-05-15T00:00:00.000Z,29.6565761568,0.041398912505649,132.3986832363,116.77993401514152,True,discovery,False,True,True,False,True,False
XLP,2013-05-16T00:00:00.000Z,29.4748429667,0.0370678553736951,131.7770183379,116.8954371470415,True,discovery,False,True,True,False,True,False
XLP,2013-05-17T00:00:00.000Z,29.5193260714,0.0226773957597983,133.0522283859,117.0173163291815,True,discovery,False,True,True,False,True,False
XLP,2013-05-20T00:00:00.000Z,29.2166720368,0.0097299927050265,133.0442583231,117.14295635686148,True,discovery,False,True,True,False,True,False
XLP,2013-05-21T00:00:00.000Z,29.2448259005,0.0028964518482637,133.2355398303,117.27002298125498,True,discovery,False,True,True,False,True,False
XLP,2013-05-22T00:00:00.000Z,29.195556639,0.0174147657602494,132.2472520431,117.39587049770348,True,discovery,False,True,True,False,True,False
XLP,2013-05-23T00:00:00.000Z,29.0759027184,0.0100244498795545,131.8646890287,117.50918676014852,True,discovery,False,True,True,False,True,False
XLP,2013-05-24T00:00:00.000Z,29.3504028893,0.0198092443148518,131.7531081495,117.62088719254751,True,discovery,False,True,True,False,True,False
XLP,2013-05-28T00:00:00.000Z,29.3996721507,0.0182837640157411,132.5421443667,117.73379003582852,True,discovery,False,True,True,False,True,False
XLP,2013-05-29T00:00:00.000Z,28.8365948771,0.0007327796788934,131.6813775843,117.84172294386252,True,discovery,False,True,True,False,True,False
XLP,2013-05-30T00:00:00.000Z,28.7239794223,-0.0022004889980357,132.1675514151,117.9516165318725,True,discovery,False,True,True,False,True,False
XLP,2013-05-31T00:00:00.000Z,28.1890560124,-0.0243605359294297,130.2706764686,118.051124549226,True,discovery,False,True,True,False,True,False
XLP,2013-06-03T00:00:00.000Z,28.4987485129,-0.0179480960455007,130.9879821206,118.15449337186,True,discovery,False,True,True,False,True,False
XLP,2013-06-04T00:00:00.000Z,28.5057869788,-0.0105057415102477,130.3583471594,118.254635654825,True,discovery,False,True,True,False,True,False
XLP,2013-06-05T00:00:00.000Z,28.1609021487,-0.0298277647239837,128.5332027782,118.34502529698052,True,discovery,False,True,True,False,True,False
XLP,2013-06-06T00:00:00.000Z,28.2805560693,-0.0268830225237575,129.696831947,118.4371581121055,True,discovery,False,True,True,False,True,False
XLP,2013-06-07T00:00:00.000Z,28.6324793654,-0.007804878046637,131.3466349467,118.536795476031,True,discovery,False,True,True,False,True,False
XLP,2013-06-10T00:00:00.000Z,28.6324793654,-0.0116618075769848,131.3466349467,118.636393657525,True,discovery,False,True,True,False,True,False
XLP,2013-06-11T00:00:00.000Z,28.5620947061,-0.0157652195022669,129.9917242706,118.7309021301925,True,discovery,False,True,True,False,True,False
XLP,2013-06-12T00:00:00.000Z,28.4213253877,-0.032118887824544,128.9157657926,118.819795715881,True,discovery,False,True,True,False,True,False
XLP,2013-06-13T00:00:00.000Z,28.7169409564,-0.0316838732641276,130.8764012414,118.9230376408655,True,discovery,False,True,True,False,True,False
XLP,2013-06-14T00:00:00.000Z,28.6465562972,-0.0281014786214731,130.055484773,119.018844476832,True,discovery,False,True,True,False,True,False
XLP,2013-06-17T00:00:00.000Z,28.8999410703,-0.0209823557489713,131.0597126859,119.11955490506853,True,discovery,False,True,True,False,True,False
XLP,2013-06-18T00:00:00.000Z,29.0055180592,-0.0072271741741851,132.0958208499,119.2259944281655,True,discovery,False,True,True,False,True,False
XLP,2013-06-19T00:00:00.000Z,28.4283638537,-0.0279181708784268,130.2706764686,119.32287722261,True,discovery,False,True,True,False,True,False
XLP,2013-06-20T00:00:00.000Z,27.5696710113,-0.0556894889110664,127.0428010346,119.40761724789547,True,discovery,False,True,True,False,True,False
XLP,2013-06-21T00:00:00.000Z,27.9313918519,-0.0393628661364217,127.4485728719,119.491760909458,True,discovery,False,True,True,False,True,False
XLP,2013-06-24T00:00:00.000Z,27.8145092839,-0.0523295578324045,125.8381395314,119.5683617759275,True,discovery,False,True,True,False,True,False
XLP,2013-06-25T00:00:00.000Z,27.8605539319,-0.0523515436128205,127.0479675633,119.65148197173448,True,discovery,False,True,True,False,True,False
XLP,2013-06-26T00:00:00.000Z,28.1509894039,-0.0237755350838757,128.3058682322,119.729685495482,True,discovery,False,True,True,False,True,False
XLP,2013-06-27T00:00:00.000Z,28.2784976599,-0.015509054502878,129.0590062123,119.809460492967,True,discovery,False,True,True,False,True,False
XLP,2013-06-28T00:00:00.000Z,28.1014028599,-0.0031094745585464,128.530207205,119.889804454797,True,discovery,False,True,True,False,True,False
XLP,2013-07-01T00:00:00.000Z,28.3068328279,-0.0067341793943382,129.2833451852,119.97234680926849,True,discovery,False,True,True,False,True,False
XLP,2013-07-02T00:00:00.000Z,28.3422517879,-0.0057369119828764,129.1631635926,120.052407499066,True,discovery,False,True,True,False,True,False
XLP,2013-07-03T00:00:00.000Z,28.2855814519,0.004427390235641,129.2192483358,120.12412847765349,True,discovery,False,True,True,False,True,False
XLP,2013-07-05T00:00:00.000Z,28.3564193719,0.0026825251389717,130.6133548096,120.200273130564,True,discovery,False,True,True,False,True,False
XLP,2013-07-08T00:00:00.000Z,28.6397710518,0.0002546648617798,131.3584806836,120.2821025344185,True,discovery,False,True,True,False,True,False
XLP,2013-07-09T00:00:00.000Z,28.8522848118,0.0076767870359706,132.3039092118,120.3691292700915,True,discovery,False,True,True,False,True,False
XLP,2013-07-10T00:00:00.000Z,28.8877037718,0.0114000415253316,132.3519818489,120.4560829094985,True,discovery,False,True,True,False,True,False
XLP,2013-07-11T00:00:00.000Z,29.3410664597,0.0323609493735306,134.1547057375,120.552010985917,True,discovery,False,True,True,False,True,False
XLP,2013-07-12T00:00:00.000Z,29.3481502517,0.0219803807187661,134.2107904807,120.648456735674,True,discovery,False,True,True,False,True,False
XLP,2013-07-15T00:00:00.000Z,29.3906530037,0.0259750840128984,134.7235652757,120.74833297903,True,discovery,False,True,True,False,True,False
XLP,2013-07-16T00:00:00.000Z,29.2843961237,0.0133029701501743,134.2188025869,120.85179113811247,True,discovery,False,True,True,False,True,False
XLP,2013-07-17T00:00:00.000Z,29.3410664597,0.0115684332827687,134.5633231522,120.960162635911,True,discovery,False,True,True,False,True,False
XLP,2013-07-18T00:00:00.000Z,29.4402395477,0.0355938772701582,135.30043692,121.0669018094,True,discovery,False,True,True,False,True,False
XLP,2013-07-19T00:00:00.000Z,29.6102505557,0.0740153752129877,135.5408001052,121.1774820494885,True,discovery,True,True,True,True,True,True
XLP,2013-07-22T00:00:00.000Z,29.5464964277,0.0578239918856795,135.8051996088,121.287887398653,True,discovery,True,True,True,True,True,True
XLP,2013-07-23T00:00:00.000Z,29.4898260917,0.060231758565294,135.5167637867,121.39625969169047,True,discovery,True,True,True,True,True,True
XLP,2013-07-24T00:00:00.000Z,29.2985637077,0.0516145436058073,135.020013204,121.49982411555,True,discovery,True,True,True,True,True,True
XLP,2013-07-25T00:00:00.000Z,29.4544071317,0.0463009562150389,135.3485095571,121.60093427386052,True,discovery,False,True,True,False,True,False
XLP,2013-07-26T00:00:00.000Z,29.4189881717,0.0403306613214202,135.4927274682,121.70272612992548,True,discovery,False,True,True,False,True,False
XLP,2013-07-29T00:00:00.000Z,29.3552340437,0.0446180993187776,135.0760979472,121.8044044284405,True,discovery,False,True,True,False,True,False
XLP,2013-07-30T00:00:00.000Z,29.3268988757,0.03603603603419,135.0760979472,121.9117551463135,True,discovery,False,True,True,False,True,False
XLP,2013-07-31T00:00:00.000Z,29.3198150837,0.0344913771536439,135.1722432213,122.0232106362585,True,discovery,False,True,True,False,True,False
XLP,2013-08-01T00:00:00.000Z,29.5606640117,0.0450788880535579,136.7346039248,122.142162795312,True,discovery,False,True,True,False,True,False
XLP,2013-08-02T00:00:00.000Z,29.5748315957,0.0429677741685325,136.9669550037,122.264128124412,True,discovery,False,True,True,False,True,False
XLP,2013-08-05T00:00:00.000Z,29.5960829717,0.0333910462541877,136.7666523494,122.38040431590952,True,discovery,False,True,True,False,True,False
XLP,2013-08-06T00:00:00.000Z,29.5606640117,0.0245519273264032,135.9894780508,122.4870434329535,True,discovery,False,True,True,False,True,False
XLP,2013-08-07T00:00:00.000Z,29.4189881717,0.0183913683170151,135.5488122114,122.58887936192748,True,discovery,False,True,True,False,True,False
XLP,2013-08-08T00:00:00.000Z,29.5748315957,0.0079671656216409,136.045562794,122.69469593225652,True,discovery,False,True,True,False,True,False
XLP,2013-08-09T00:00:00.000Z,29.4473233397,0.0033791938213978,135.6529695916,122.808121744241,True,discovery,False,True,True,False,True,False
XLP,2013-08-12T00:00:00.000Z,29.3623178357,-0.0009640877321246,135.4927274682,122.920667562006,True,discovery,False,True,True,False,True,False
XLP,2013-08-13T00:00:00.000Z,29.3835692117,0.0033865505568591,135.8933327767,123.0430553747325,True,discovery,False,True,True,False,True,False
XLP,2013-08-14T00:00:00.000Z,29.1781392437,-0.0055528730090224,135.1962795398,123.1635335933185,True,discovery,False,True,True,False,True,False
XLP,2013-08-15T00:00:00.000Z,28.7106089718,-0.0247834456210123,133.3054224833,123.272942462777,True,discovery,False,True,True,False,True,False
XLP,2013-08-16T00:00:00.000Z,28.5405979638,-0.0361244019157442,132.8647566439,123.380463137447,True,discovery,False,True,True,False,True,False
XLP,2013-08-19T00:00:00.000Z,28.4130897079,-0.0383601054891037,132.0154733897,123.483737395846,True,discovery,False,True,True,False,True,False
XLP,2013-08-20T00:00:00.000Z,28.4201734999,-0.0362719192874811,132.6644539896,123.584426570682,True,discovery,False,True,True,False,True,False
XLP,2013-08-21T00:00:00.000Z,28.2005759479,-0.037475822048964,131.8472191601,123.68603233011,True,discovery,False,True,True,False,True,False
XLP,2013-08-22T00:00:00.000Z,28.3210004119,-0.0384800384788659,133.0490350858,123.7925048069345,True,discovery,False,True,True,False,True,False
XLP,2013-08-23T00:00:00.000Z,28.4839276278,-0.0317842523489469,133.4977130314,123.896848183565,True,discovery,False,True,True,False,True,False
XLP,2013-08-26T00:00:00.000Z,28.1509894039,-0.0410231660223621,133.0009624488,124.011470750839,True,discovery,False,True,True,False,True,False
XLP,2013-08-27T00:00:00.000Z,28.0008130135,-0.045217391304158,130.861730101,124.122014978959,True,discovery,False,True,True,False,True,False
XLP,2013-08-28T00:00:00.000Z,27.7897160119,-0.0521865184835574,131.3264322589,124.234410016255,True,discovery,False,True,True,False,True,False
XLP,2013-08-29T00:00:00.000Z,27.9030566839,-0.0560747663565311,131.5347470194,124.34741331754152,True,discovery,False,True,True,False,True,False
XLP,2013-08-30T00:00:00.000Z,27.9880621879,-0.0536526946118167,131.1181174984,124.460224277676,True,discovery,False,True,True,False,True,False
XLP,2013-09-03T00:00:00.000Z,27.9668108119,-0.0550502632851084,131.7110133551,124.58332659209852,True,discovery,False,True,True,False,True,False
XLP,2013-09-04T00:00:00.000Z,28.1403637159,-0.0480469686079395,132.8006597945,124.712783150143,True,discovery,False,True,True,False,True,False
XLP,2013-09-05T00:00:00.000Z,28.1014028599,-0.044786901035144,132.9689140241,124.840441728662,True,discovery,False,True,True,False,True,False
XLP,2013-09-06T00:00:00.000Z,28.1722407799,-0.0474251497007316,133.0330108735,124.95754865432453,True,discovery,False,True,True,False,True,False
XLP,2013-09-09T00:00:00.000Z,28.3705869559,-0.0365648304050907,134.3069357548,125.080788853587,True,discovery,False,True,True,False,True,False
XLP,2013-09-10T00:00:00.000Z,28.3989221239,-0.0328106151970285,135.30043692,125.2079723718465,True,discovery,False,True,True,False,True,False
XLP,2013-09-11T00:00:00.000Z,28.6008101958,-0.0266393442627901,135.7250785471,125.3297946560325,True,discovery,False,True,True,False,True,False
XLP,2013-09-12T00:00:00.000Z,28.6114358838,-0.0194221898513408,135.3645337694,125.45099597036298,True,discovery,False,True,True,False,True,False
XLP,2013-09-13T00:00:00.000Z,28.8452010198,0.0046878855175869,135.6689938039,125.5765557945455,True,discovery,False,True,True,False,True,False
XLP,2013-09-16T00:00:00.000Z,29.1073013238,0.019856043686218,136.4541802087,125.7015902772275,True,discovery,False,True,True,False,True,False
XLP,2013-09-17T00:00:00.000Z,29.2064744117,0.0279232111662748,137.0631002778,125.8270695013825,True,discovery,False,True,True,False,True,False
XLP,2013-09-18T00:00:00.000Z,29.5535802197,0.0398803589219463,138.6494972998,125.960362535244,True,discovery,False,True,True,False,True,False
XLP,2013-09-19T00:00:00.000Z,29.4189881717,0.0432052248170744,138.4171462208,126.0952512397875,True,discovery,False,True,True,False,True,False
XLP,2013-09-20T00:00:00.000Z,29.2140540692,0.0315332666329384,137.4540509984,126.226112304241,True,discovery,False,True,True,False,True,False
XLP,2013-09-23T00:00:00.000Z,29.0857346516,0.0211279508803639,136.8179878524,126.352808257937,True,discovery,False,True,True,False,True,False
XLP,2013-09-24T00:00:00.000Z,28.9502863775,0.0283932107014777,136.4959305633,126.476003118735,True,discovery,False,True,True,False,True,False
XLP,2013-09-25T00:00:00.000Z,28.7071923697,0.0252271016509211,136.1014103841,126.5955315311895,True,discovery,False,True,True,False,True,False
XLP,2013-09-26T00:00:00.000Z,28.8576112426,0.0384277129799639,136.6247534789,126.71744030831152,True,discovery,False,True,True,False,True,False
XLP,2013-09-27T00:00:00.000Z,28.6793898293,0.0278225125725362,135.9967417651,126.832388022158,True,discovery,False,True,True,False,True,False
XLP,2013-09-30T00:00:00.000Z,28.3728489984,0.0137482476606169,135.2721128646,126.943436848894,True,discovery,False,True,True,False,True,False
XLP,2013-10-01T00:00:00.000Z,28.5439415551,0.0206362730123819,136.342953351,127.063306356559,True,discovery,False,True,True,False,True,False
XLP,2013-10-02T00:00:00.000Z,28.4833462746,0.0121882773855621,136.2141304353,127.18461951510348,True,discovery,False,True,True,False,True,False
XLP,2013-10-03T00:00:00.000Z,28.3372047157,0.0083911062011956,134.9581070077,127.29307412572648,True,discovery,False,True,True,False,True,False
XLP,2013-10-04T00:00:00.000Z,28.3799778549,0.0073738215083059,135.9806389007,127.40033870763853,True,discovery,False,True,True,False,True,False
XLP,2013-10-07T00:00:00.000Z,28.28730272,-0.0029355838153598,134.8051297954,127.505980058543,True,discovery,False,True,True,False,True,False
XLP,2013-10-08T00:00:00.000Z,28.28730272,-0.0039304098730587,133.2351005109,127.6005017435335,True,discovery,False,True,True,False,True,False
XLP,2013-10-09T00:00:00.000Z,28.3086892896,-0.0102137283594468,133.3317176976,127.700659631702,True,discovery,False,True,True,False,True,False
XLP,2013-10-10T00:00:00.000Z,28.836224673,0.0078566063623279,136.2060790031,127.816934969007,True,discovery,False,True,True,False,True,False
XLP,2013-10-11T00:00:00.000Z,28.9217709514,0.0026545119774841,137.0836851159,127.93997875861552,True,discovery,False,True,True,False,True,False
XLP,2013-10-14T00:00:00.000Z,29.0429615124,-0.0022104354740503,137.6311825074,128.066513835399,True,discovery,False,True,True,False,True,False
XLP,2013-10-15T00:00:00.000Z,28.7791938207,-0.014629653171313,136.6328049112,128.1941270996375,True,discovery,False,True,True,False,True,False
XLP,2013-10-16T00:00:00.000Z,29.2069252126,-0.0117297127631569,138.5409943492,128.321838971499,True,discovery,False,True,True,False,True,False
XLP,2013-10-17T00:00:00.000Z,29.5348526131,0.0039384237392452,139.4669090555,128.4396995179765,True,discovery,False,True,True,False,True,False
XLP,2013-10-18T00:00:00.000Z,29.5776257523,0.0124450951668262,140.4089266261,128.5635793842635,True,discovery,False,True,True,False,True,False
XLP,2013-10-21T00:00:00.000Z,29.5134660435,0.0147058823517276,140.4169780584,128.68496039119,True,discovery,False,True,True,False,True,False
XLP,2013-10-22T00:00:00.000Z,29.8841665832,0.0322580645152377,141.2301727134,128.811994319218,True,discovery,False,True,True,False,True,False
XLP,2013-10-23T00:00:00.000Z,29.9411974355,0.0429859196924626,140.5538524063,128.937312940928,True,discovery,False,True,True,False,True,False
XLP,2013-10-24T00:00:00.000Z,29.8841665832,0.0355731225280553,141.0208354755,129.0634985512445,True,discovery,False,True,True,False,True,False
XLP,2013-10-25T00:00:00.000Z,29.9554551485,0.0444941585854912,141.6649500537,129.1883025857555,True,discovery,False,True,True,False,True,False
XLP,2013-10-28T00:00:00.000Z,30.3475422578,0.0695979899484664,141.8903901561,129.3142734944745,True,discovery,True,True,True,True,True,True
XLP,2013-10-29T00:00:00.000Z,30.6113099495,0.0724275724293099,142.6472247856,129.4444253132975,True,discovery,True,True,True,True,True,True
XLP,2013-10-30T00:00:00.000Z,30.3475422578,0.0654486297090168,141.9386987495,129.5706377649835,True,discovery,True,True,True,True,True,True
XLP,2013-10-31T00:00:00.000Z,30.1871429858,0.0652830188672439,141.5361271381,129.6949167060035,True,discovery,True,True,True,True,True,True
XLP,2013-11-01T00:00:00.000Z,30.3047691186,0.0678221552370827,141.8742872917,129.817117446704,True,discovery,True,True,True,True,True,True
XLP,2013-11-04T00:00:00.000Z,30.3332845447,0.0723286290302054,142.3734760898,129.940504899438,True,discovery,True,True,True,True,True,True
XLP,2013-11-05T00:00:00.000Z,30.390315397,0.0743447580639458,141.922595885,130.0584640554955,True,discovery,True,True,True,True,True,True
XLP,2013-11-06T00:00:00.000Z,30.7182427975,0.0851170989673908,142.6472247856,130.17909418736,True,discovery,True,True,True,True,True,True
XLP,2013-11-07T00:00:00.000Z,30.269124836,0.0496909765147466,140.8437039665,130.2905480203465,True,discovery,False,True,True,False,True,False
XLP,2013-11-08T00:00:00.000Z,30.4188308231,0.0517623859968896,142.7438419723,130.4081699529265,True,discovery,True,True,True,True,True,True
XLP,2013-11-11T00:00:00.000Z,30.3225912599,0.0440598919966772,142.767996269,130.526626783512,True,discovery,False,True,True,False,True,False
XLP,2013-11-12T00:00:00.000Z,30.3760576839,0.0554867475839933,142.4781447088,130.64129360825248,True,discovery,True,True,True,True,True,True
XLP,2013-11-13T00:00:00.000Z,30.6326965191,0.0488162069824766,143.6214480852,130.764017697919,True,discovery,False,True,True,False,True,False
XLP,2013-11-14T00:00:00.000Z,30.8536910716,0.0446536326345179,144.3380255535,130.89179260166648,True,discovery,False,True,True,False,True,False
XLP,2013-11-15T00:00:00.000Z,30.8893353543,0.0443480356734853,144.9660372673,131.01659781485148,True,discovery,False,True,True,False,True,False
XLP,2013-11-18T00:00:00.000Z,30.7930957911,0.0433574879247984,144.4587970369,131.1456113551465,True,discovery,False,True,True,False,True,False
XLP,2013-11-19T00:00:00.000Z,30.6825985148,0.0267175572514997,144.14479118,131.2670641381125,True,discovery,False,True,True,False,True,False
XLP,2013-11-20T00:00:00.000Z,30.5542790972,0.0204761904737014,143.6939109752,131.385826109402,True,discovery,False,True,True,False,True,False
XLP,2013-11-21T00:00:00.000Z,30.6077455212,0.0242127862587533,144.8533172161,131.5111785858095,True,discovery,False,True,True,False,True,False
XLP,2013-11-22T00:00:00.000Z,30.7681447932,0.0271299381255001,145.5779461166,131.636821616284,True,discovery,False,True,True,False,True,False
XLP,2013-11-25T00:00:00.000Z,30.7182427975,0.0122151750066257,145.4330203365,131.761859038945,True,discovery,False,True,True,False,True,False
XLP,2013-11-26T00:00:00.000Z,30.6897273714,0.0025617140210387,145.4732774976,131.88610590502,True,discovery,False,True,True,False,True,False
XLP,2013-11-27T00:00:00.000Z,30.711113941,0.0119802677960372,145.8275405157,132.011608328142,True,discovery,False,True,True,False,True,False
XLP,2013-11-29T00:00:00.000Z,30.6612119452,0.0157043334515956,145.7309233289,132.1360722335905,True,discovery,False,True,True,False,True,False
XLP,2013-12-02T00:00:00.000Z,30.497248245,0.0063514467193832,145.3525060142,132.2593581789875,True,discovery,False,True,True,False,True,False
XLP,2013-12-03T00:00:00.000Z,30.6469542322,0.0103407755608453,144.7244943004,132.3749812645105,True,discovery,False,True,True,False,True,False
XLP,2013-12-04T00:00:00.000Z,30.5756656668,0.0060989913193956,144.708391436,132.4981015115825,True,discovery,False,True,True,False,True,False
XLP,2013-12-05T00:00:00.000Z,30.2976402621,-0.0136922719887555,144.0723282899,132.6216914229245,True,discovery,False,True,True,False,True,False
XLP,2013-12-06T00:00:00.000Z,30.711113941,0.0146019783325328,145.6826147356,132.747500733233,True,discovery,False,True,True,False,True,False
XLP,2013-12-09T00:00:00.000Z,30.8180467889,0.0131239746892848,146.0529806181,132.8866275709995,True,discovery,False,True,True,False,True,False
XLP,2013-12-10T00:00:00.000Z,30.5542790972,0.007640766427716,145.5296375232,133.0190909763345,True,discovery,False,True,True,False,True,False
XLP,2013-12-11T00:00:00.000Z,30.604181093,0.0075099741867066,143.8951967809,133.135883849478,True,discovery,False,True,True,False,True,False
XLP,2013-12-12T00:00:00.000Z,30.1835785576,-0.0146613916675591,143.4201622795,133.2514917609845,True,discovery,False,True,True,False,True,False
XLP,2013-12-13T00:00:00.000Z,30.1336765618,-0.0233364140494279,143.404059415,133.36503547338552,True,discovery,False,True,True,False,True,False
XLP,2013-12-16T00:00:00.000Z,30.1265477053,-0.0246942072482572,144.2977683923,133.47983416132448,True,discovery,False,True,True,False,True,False
XLP,2013-12-17T00:00:00.000Z,29.9839705747,-0.0262761893733939,143.8388367553,133.58690289477352,True,discovery,False,True,True,False,True,False
XLP,2013-12-18T00:00:00.000Z,30.4829905319,-0.0065055762080814,146.2945235849,133.70541691476149,True,discovery,False,True,True,False,True,False
XLP,2013-12-19T00:00:00.000Z,30.4259596797,-0.0041997200160339,146.1254435081,133.821974670887,True,discovery,False,True,True,False,True,False
XLP,2013-12-20T00:00:00.000Z,30.5629264002,-0.0014643065092447,146.9710451779,133.940141971448,True,discovery,False,True,True,False,True,False
XLP,2013-12-23T00:00:00.000Z,30.5341950946,-0.0076036335688235,147.7562506957,134.05989455155398,True,discovery,False,True,True,False,True,False
XLP,2013-12-24T00:00:00.000Z,30.5772920531,-0.00458850284273,148.0800467856,134.18265469145751,True,discovery,False,True,True,False,True,False
XLP,2013-12-26T00:00:00.000Z,30.6994001021,0.0003151781240329,148.8328726944,134.3083061396005,True,discovery,False,True,True,False,True,False
XLP,2013-12-27T00:00:00.000Z,30.7712283663,0.001957415983526,148.8247777922,134.430624196493,True,discovery,False,True,True,False,True,False
XLP,2013-12-30T00:00:00.000Z,30.8502394569,0.0061650371824129,148.8004930855,134.553639218846,True,discovery,False,True,True,False,True,False
XLP,2013-12-31T00:00:00.000Z,30.8717879361,0.0122810978909024,149.5047495809,134.68360265068,True,discovery,False,True,True,False,True,False
XLP,2014-01-02T00:00:00.000Z,30.4910981361,-0.0050855329674569,148.0719518833,134.80783670533,True,discovery,False,True,True,False,True,False
XLP,2014-01-03T00:00:00.000Z,30.4336355247,-0.0046452019605321,148.0476671766,134.92764550253452,True,discovery,False,True,True,False,True,False
XLP,2014-01-06T00:00:00.000Z,30.3187103021,0.0006954350179659,147.6186373575,135.0506092424055,True,discovery,False,True,True,False,True,False
XLP,2014-01-07T00:00:00.000Z,30.4839153096,-0.0073979287054347,148.5252664091,135.1731646885985,True,discovery,False,True,True,False,True,False
XLP,2014-01-08T00:00:00.000Z,30.2540648643,-0.0183003786211115,148.5576460181,135.29847230324648,True,discovery,False,True,True,False,True,False
XLP,2014-01-09T00:00:00.000Z,30.4120870455,-0.0046537524661489,148.654784845,135.419324173093,True,discovery,False,True,True,False,True,False
XLP,2014-01-10T00:00:00.000Z,30.455184004,-0.0048685206948432,149.0595299573,135.542199768501,True,discovery,False,True,True,False,True,False
XLP,2014-01-13T00:00:00.000Z,30.28279617,0.0032871388066415,147.0762789071,135.653246293586,True,discovery,False,True,True,False,True,False
XLP,2014-01-14T00:00:00.000Z,30.4408183511,0.0101926423969571,148.6790695518,135.7747774913625,True,discovery,False,True,True,False,True,False
XLP,2014-01-15T00:00:00.000Z,30.4480011776,0.0106701064935976,149.4804648741,135.8972471915725,True,discovery,False,True,True,False,True,False
XLP,2014-01-16T00:00:00.000Z,30.455184004,0.0157155113304974,149.2861872202,136.025081703439,True,discovery,False,True,True,False,True,False
XLP,2014-01-17T00:00:00.000Z,30.2181507322,-0.0086881173755851,148.654784845,136.1472486336475,True,discovery,False,True,True,False,True,False
XLP,2014-01-21T00:00:00.000Z,30.3330759549,-0.0030527788039491,149.0919095663,136.2743907094425,True,discovery,False,True,True,False,True,False
XLP,2014-01-22T00:00:00.000Z,30.3330759549,-0.0075205640418809,149.1890483933,136.3978341964025,True,discovery,False,True,True,False,True,False
XLP,2014-01-23T00:00:00.000Z,30.0673113775,-0.0152905198795486,147.9667181541,136.5130141152105,True,discovery,False,True,True,False,True,False
XLP,2014-01-24T00:00:00.000Z,29.7943639737,-0.0256048860716763,144.8097062782,136.6047577143505,True,discovery,False,True,True,False,True,False
XLP,2014-01-27T00:00:00.000Z,29.6722559246,-0.0334581188584768,144.0973548806,136.6908673401745,True,discovery,False,True,True,False,True,False
XLP,2014-01-28T00:00:00.000Z,29.9021063699,-0.0282446311877443,144.9554145186,136.7828214264345,True,discovery,False,True,True,False,True,False
XLP,2014-01-29T00:00:00.000Z,29.3777600416,-0.047729918510265,143.5630913323,136.88247881231553,True,discovery,False,True,True,False,True,False
XLP,2014-01-30T00:00:00.000Z,29.4208570001,-0.0469986040006238,145.0849329546,136.980619684402,True,discovery,False,True,True,False,True,False
XLP,2014-01-31T00:00:00.000Z,29.2772004717,-0.0398115429946684,144.2349682187,137.08367630502897,True,discovery,False,True,True,False,True,False
XLP,2014-02-03T00:00:00.000Z,28.6451117471,-0.0587679962240604,140.9889124181,137.17436812711102,True,discovery,False,True,True,False,True,False
XLP,2014-02-04T00:00:00.000Z,28.7959511019,-0.0502250651504305,141.9764904921,137.26465789748698,True,discovery,False,True,True,False,True,False
XLP,2014-02-05T00:00:00.000Z,28.8174995811,-0.0546654099900091,141.7984026427,137.35130755695,True,discovery,False,True,True,False,True,False
XLP,2014-02-06T00:00:00.000Z,29.126361117,-0.0372744539405909,143.6683250615,137.440890927953,True,discovery,False,True,True,False,True,False
XLP,2014-02-07T00:00:00.000Z,29.3993085208,-0.0333018422308462,145.4492035556,137.5389801882865,True,discovery,False,True,True,False,True,False
XLP,2014-02-10T00:00:00.000Z,29.5142337435,-0.0308962264150632,145.7163353297,137.63585468739402,True,discovery,False,True,True,False,True,False
XLP,2014-02-11T00:00:00.000Z,29.8590094114,-0.0139943074021622,147.3110310722,137.74181847400598,True,discovery,False,True,True,False,True,False
XLP,2014-02-12T00:00:00.000Z,29.729718536,-0.0233600755044847,147.3838851924,137.843922397935,True,discovery,False,True,True,False,True,False
XLP,2014-02-13T00:00:00.000Z,29.8805578907,-0.0186364708668448,148.1448060035,137.9483166139875,True,discovery,False,True,True,False,True,False
XLP,2014-02-14T00:00:00.000Z,30.0529457247,-0.0132075471698732,148.9623911304,138.0623777996345,True,discovery,False,True,True,False,True,False
XLP,2014-02-18T00:00:00.000Z,29.8805578907,-0.0111718564280065,149.1404789798,138.17147142837052,True,discovery,False,True,True,False,True,False
XLP,2014-02-19T00:00:00.000Z,29.815912453,-0.0170494908814698,148.1529009058,138.2691714158685,True,discovery,False,True,True,False,True,False
XLP,2014-02-20T00:00:00.000Z,29.9452033284,-0.0127871181635749,149.0271503483,138.369608787705,True,discovery,False,True,True,False,True,False
XLP,2014-02-21T00:00:00.000Z,29.8805578907,-0.0062111801236658,148.8571574012,138.465928469058,True,discovery,False,True,True,False,True,False
XLP,2014-02-24T00:00:00.000Z,29.9883002869,0.0065091610403629,149.6828374303,138.5634276273205,True,discovery,False,True,True,False,True,False
XLP,2014-02-25T00:00:00.000Z,30.1032255096,0.0145243282511156,149.6261731146,138.6624765784485,True,discovery,False,True,True,False,True,False
XLP,2014-02-26T00:00:00.000Z,30.0744942039,0.00576507326499,149.6342680168,138.7594539374455,True,discovery,False,True,True,False,True,False
XLP,2014-02-27T00:00:00.000Z,30.2109679058,0.0283618581886484,150.4194735347,138.85983926995002,True,discovery,False,True,True,False,True,False
XLP,2014-02-28T00:00:00.000Z,30.4192698719,0.033935546873995,150.7999339402,138.9553922014155,True,discovery,False,True,True,False,True,False
XLP,2014-03-03T00:00:00.000Z,30.2540648643,0.0333660451430204,149.739501746,139.042096293964,True,discovery,False,True,True,False,True,False
XLP,2014-03-04T00:00:00.000Z,30.66348597,0.0704613841523706,151.8441763299,139.142432083924,True,discovery,True,True,True,True,True,True
XLP,2014-03-05T00:00:00.000Z,30.5629264002,0.0613619356432166,151.9817896681,139.237079890335,True,discovery,True,True,True,True,True,True
XLP,2014-03-06T00:00:00.000Z,30.5557435738,0.0603190428721314,152.3298704647,139.333507951043,True,discovery,True,True,True,True,True,True
XLP,2014-03-07T00:00:00.000Z,30.6419374908,0.0520345252780449,152.3946296827,139.429303400305,True,discovery,True,True,True,True,True,True
XLP,2014-03-10T00:00:00.000Z,30.6706687965,0.0432445638917158,152.3136806602,139.5296355433905,True,discovery,False,True,True,False,True,False
XLP,2014-03-11T00:00:00.000Z,30.6563031436,0.0386955463599498,151.5608547513,139.6281163720035,True,discovery,False,True,True,False,True,False
XLP,2014-03-12T00:00:00.000Z,30.7209485814,0.0288669713761808,151.6013292626,139.727357477569,True,discovery,False,True,True,False,True,False
XLP,2014-03-13T00:00:00.000Z,30.5701092266,0.0282676975088871,149.9013997909,139.81415375468998,True,discovery,False,True,True,False,True,False
XLP,2014-03-14T00:00:00.000Z,30.5844748795,0.0235576923086529,149.4804648741,139.903149191139,True,discovery,False,True,True,False,True,False
XLP,2014-03-17T00:00:00.000Z,30.7640455399,0.0236615678780387,150.8323135492,139.9964730018095,True,discovery,False,True,True,False,True,False
XLP,2014-03-18T00:00:00.000Z,30.8286909776,0.0317307692302188,151.9089355479,140.104664297206,True,discovery,False,True,True,False,True,False
XLP,2014-03-19T00:00:00.000Z,30.5916577059,0.0260178270285318,151.0994453233,140.20522161321952,True,discovery,False,True,True,False,True,False
XLP,2014-03-20T00:00:00.000Z,30.6994001021,0.0251858958988839,151.9817896681,140.313338825763,True,discovery,False,True,True,False,True,False
XLP,2014-03-21T00:00:00.000Z,30.6824342661,0.0268360576911976,151.3945935541,140.4276457796425,True,discovery,False,True,True,False,True,False
XLP,2014-03-24T00:00:00.000Z,30.6535566809,0.0221838646283867,150.768525686,140.5330042483375,True,discovery,False,True,True,False,True,False
XLP,2014-03-25T00:00:00.000Z,30.8773579662,0.0257159305521306,151.484031821,140.633691232709,True,discovery,False,True,True,False,True,False
XLP,2014-03-26T00:00:00.000Z,30.8051640032,0.0242953312646319,150.3945111155,140.728930613553,True,discovery,False,True,True,False,True,False
XLP,2014-03-27T00:00:00.000Z,30.7835058143,0.0189513262297724,150.0774118057,140.8293590512285,True,discovery,False,True,True,False,True,False
XLP,2014-03-28T00:00:00.000Z,30.8629191736,0.0145844822564207,150.8173101952,140.9388667732415,True,discovery,False,True,True,False,True,False
XLP,2014-03-31T00:00:00.000Z,31.0867204588,0.027522106475105,152.0531844283,141.044750689176,True,discovery,False,True,True,False,True,False
XLP,2014-04-01T00:00:00.000Z,31.0361846847,0.0121544796004158,153.0613976185,141.1597802534035,True,discovery,False,True,True,False,True,False
XLP,2014-04-02T00:00:00.000Z,31.0722816662,0.0166657884565879,153.5736349651,141.27234986479948,True,discovery,False,True,True,False,True,False
XLP,2014-04-03T00:00:00.000Z,31.1083786477,0.0180861274923729,153.3703661768,141.37872259143398,True,discovery,False,True,True,False,True,False
XLP,2014-04-04T00:00:00.000Z,31.0073070995,0.0119238415915996,151.5572085848,141.485155252015,True,discovery,False,True,True,False,True,False
XLP,2014-04-07T00:00:00.000Z,31.0361846847,0.0119174410778324,149.8822737689,141.5993526156865,True,discovery,False,True,True,False,True,False
XLP,2014-04-08T00:00:00.000Z,31.1950114033,0.0175725121576659,150.5002108854,141.714610805754,True,discovery,False,True,True,False,True,False
XLP,2014-04-09T00:00:00.000Z,31.3321799329,0.0198962395279054,152.1182304406,141.8460112603,True,discovery,False,True,True,False,True,False
XLP,2014-04-10T00:00:00.000Z,31.0217458921,0.0147737995357575,148.9228450879,141.955385647923,True,discovery,False,True,True,False,True,False
XLP,2014-04-11T00:00:00.000Z,30.8629191736,0.0091041057659824,147.5812710849,142.0517626621865,True,discovery,False,True,True,False,True,False
XLP,2014-04-14T00:00:00.000Z,31.1083786477,0.0111927121988364,148.7439685542,142.150187473896,True,discovery,False,True,True,False,True,False
XLP,2014-04-15T00:00:00.000Z,31.187792007,0.0116482736701639,149.7684432474,142.256378654108,True,discovery,False,True,True,False,True,False
XLP,2014-04-16T00:00:00.000Z,31.4910066515,0.0293985031555366,151.3376782934,142.366650319649,True,discovery,False,True,True,False,True,False
XLP,2014-04-17T00:00:00.000Z,31.4982260478,0.0260208975759548,151.5490778332,142.478579890852,True,discovery,False,True,True,False,True,False
XLP,2014-04-21T00:00:00.000Z,31.5126648404,0.0270588235307422,152.0775766829,142.5928715325875,True,discovery,False,True,True,False,True,False
XLP,2014-04-22T00:00:00.000Z,31.4982260478,0.0275553462096718,152.7686905633,142.703648211356,True,discovery,False,True,True,False,True,False
XLP,2014-04-23T00:00:00.000Z,31.4476902737,0.0184708908101631,152.4109374958,142.808910495417,True,discovery,False,True,True,False,True,False
XLP,2014-04-24T00:00:00.000Z,31.5704200108,0.0248418092343383,152.7199060541,142.91099047962848,True,discovery,False,True,True,False,True,False
XLP,2014-04-25T00:00:00.000Z,31.6137363886,0.0269699812395742,151.4677703179,143.0065694219735,True,discovery,False,True,True,False,True,False
XLP,2014-04-28T00:00:00.000Z,31.9747062035,0.036023391813533,151.9474846584,143.095533316578,True,discovery,False,True,True,False,True,False
XLP,2014-04-29T00:00:00.000Z,31.8375376738,0.0241523455648877,152.6548600418,143.1877536643835,True,discovery,False,True,True,False,True,False
XLP,2014-04-30T00:00:00.000Z,31.938609222,0.0290765294274353,153.1101821277,143.2796867486435,True,discovery,False,True,True,False,True,False
XLP,2014-05-01T00:00:00.000Z,31.9097316368,0.0269516728638234,153.1264436307,143.3742249538625,True,discovery,False,True,True,False,True,False
XLP,2014-05-02T00:00:00.000Z,31.9097316368,0.0257600371326085,152.9069133393,143.465942904798,True,discovery,False,True,True,False,True,False
XLP,2014-05-05T00:00:00.000Z,31.8375376738,0.0267753201410188,153.1996203945,143.55543882217052,True,discovery,False,True,True,False,True,False
XLP,2014-05-06T00:00:00.000Z,31.6353945775,0.0193068155408739,151.8661771431,143.63706570736,True,discovery,False,True,True,False,True,False
XLP,2014-05-07T00:00:00.000Z,31.938609222,0.0238370747516809,152.7605598117,143.7218425083745,True,discovery,False,True,True,False,True,False
XLP,2014-05-08T00:00:00.000Z,31.9819255998,0.0207373271917712,152.5979447811,143.8072484133465,True,discovery,False,True,True,False,True,False
XLP,2014-05-09T00:00:00.000Z,32.133532922,0.035838957412875,152.825605824,143.8962763764465,True,discovery,False,True,True,False,True,False
XLP,2014-05-12T00:00:00.000Z,32.1624105072,0.0421052631570761,154.3135333546,143.991101495434,True,discovery,False,True,True,False,True,False
XLP,2014-05-13T00:00:00.000Z,32.2273850739,0.0359712230223459,154.4517561307,144.0858966387465,True,discovery,False,True,True,False,True,False
XLP,2014-05-14T00:00:00.000Z,32.0541195627,0.0277777777761747,153.7199884927,144.179116091474,True,discovery,False,True,True,False,True,False
XLP,2014-05-15T00:00:00.000Z,31.7725631071,0.0089408528192156,152.3702837381,144.2655870204285,True,discovery,False,True,True,False,True,False
XLP,2014-05-16T00:00:00.000Z,31.9674868072,0.0148980059603316,152.8987825878,144.354219717261,True,discovery,False,True,True,False,True,False
XLP,2014-05-19T00:00:00.000Z,31.9025122405,0.0123711340210177,153.4598044436,144.437845719855,True,discovery,False,True,True,False,True,False
XLP,2014-05-20T00:00:00.000Z,31.7870018997,0.0091680036666754,152.4922450111,144.515472169892,True,discovery,False,True,True,False,True,False
XLP,2014-05-21T00:00:00.000Z,31.9674868072,0.0165289256214378,153.7769037534,144.600523426912,True,discovery,False,True,True,False,True,False
XLP,2014-05-22T00:00:00.000Z,31.9169510331,0.0109764463754822,154.150918324,144.691330628278,True,discovery,False,True,True,False,True,False
XLP,2014-05-23T00:00:00.000Z,31.9674868072,0.0111897693537914,154.7688554405,144.7874308444235,True,discovery,False,True,True,False,True,False
XLP,2014-05-27T00:00:00.000Z,32.0541195627,0.0024836306139792,155.7201533699,144.885803797303,True,discovery,False,True,True,False,True,False
XLP,2014-05-28T00:00:00.000Z,32.0108031849,0.0054421768691799,155.6063228485,144.9855705635875,True,discovery,False,True,True,False,True,False
XLP,2014-05-29T00:00:00.000Z,32.2634820554,0.0101717902348803,156.4112672503,145.090163262498,True,discovery,False,True,True,False,True,False
XLP,2014-05-30T00:00:00.000Z,32.5161609258,0.0190045248860895,156.6633205478,145.1940132013535,True,discovery,False,True,True,False,True,False
XLP,2014-06-02T00:00:00.000Z,32.4367475665,0.0165158371025664,156.8421970816,145.30224278906252,True,discovery,False,True,True,False,True,False
XLP,2014-06-03T00:00:00.000Z,32.3212372258,0.0151927437654215,156.7608895662,145.419520124477,True,discovery,False,True,True,False,True,False
XLP,2014-06-04T00:00:00.000Z,32.4367475665,0.0253308991306195,157.077988876,145.5405862856375,True,discovery,False,True,True,False,True,False
XLP,2014-06-05T00:00:00.000Z,32.5666966999,0.01966546112056,158.1024635693,145.6710212365355,True,discovery,False,True,True,False,True,False
XLP,2014-06-06T00:00:00.000Z,32.6533294555,0.020993227990756,158.8586234619,145.80199208389698,True,discovery,False,True,True,False,True,False
XLP,2014-06-09T00:00:00.000Z,32.6027936814,0.0146034598977669,159.0212384925,145.937862180559,True,discovery,False,True,True,False,True,False
XLP,2014-06-10T00:00:00.000Z,32.6027936814,0.0136924803599971,159.0374999956,146.067804505108,True,discovery,False,True,True,False,True,False
XLP,2014-06-11T00:00:00.000Z,32.5161609258,0.0089605734761852,158.4846088913,146.1927389844075,True,discovery,False,True,True,False,True,False
XLP,2014-06-12T00:00:00.000Z,32.2851402443,0.0072072072092983,157.3625651797,146.314546998062,True,discovery,False,True,True,False,True,False
XLP,2014-06-13T00:00:00.000Z,32.277920848,0.0159054760296335,157.8422795202,146.449449745158,True,discovery,False,True,True,False,True,False
XLP,2014-06-16T00:00:00.000Z,32.400650585,0.0135501354989984,157.9723715447,146.58267944158698,True,discovery,False,True,True,False,True,False
XLP,2014-06-17T00:00:00.000Z,32.400650585,0.0156143923947036,158.4114321275,146.7170628671275,True,discovery,False,True,True,False,True,False
XLP,2014-06-18T00:00:00.000Z,32.7832785888,0.0313422666360176,159.5741295968,146.85934292761948,True,discovery,False,True,True,False,True,False
XLP,2014-06-19T00:00:00.000Z,32.9709828926,0.0313911472444552,159.7530061306,146.99955289149702,True,discovery,False,True,True,False,True,False
XLP,2014-06-20T00:00:00.000Z,32.870741575,0.0298835105179957,160.0755449131,147.13592731709002,True,discovery,False,True,True,False,True,False
XLP,2014-06-23T00:00:00.000Z,32.6890147861,0.0225706819948541,160.0265271899,147.27121538291902,True,discovery,False,True,True,False,True,False
XLP,2014-06-24T00:00:00.000Z,32.5727096412,0.0161785781539125,159.0625119659,147.401362888381,True,discovery,False,True,True,False,True,False
XLP,2014-06-25T00:00:00.000Z,32.5218261403,0.015964077891087,159.7814385736,147.528735402475,True,discovery,False,True,True,False,True,False
XLP,2014-06-26T00:00:00.000Z,32.4055209954,0.0044024677731966,159.667063886,147.650568537305,True,discovery,False,True,True,False,True,False
XLP,2014-06-27T00:00:00.000Z,32.4600390321,-0.0017259692442803,159.9775094666,147.7718306919025,True,discovery,False,True,True,False,True,False
XLP,2014-06-30T00:00:00.000Z,32.4345972816,-6.629163098414992e-05,159.8958132612,147.8944870893615,True,discovery,False,True,True,False,True,False
XLP,2014-07-01T00:00:00.000Z,32.5072879972,0.0057563010382377,160.9660335523,148.0209722881035,True,discovery,False,True,True,False,True,False
XLP,2014-07-02T00:00:00.000Z,32.5945168559,0.004863905947307,161.1294259632,148.144348516876,True,discovery,False,True,True,False,True,False
XLP,2014-07-03T00:00:00.000Z,32.7762436447,0.0064343935994173,161.9218791558,148.268642411266,True,discovery,False,True,True,False,True,False
XLP,2014-07-07T00:00:00.000Z,32.8271271456,0.0053225105371521,161.3581753383,148.3821858014585,True,discovery,False,True,True,False,True,False
XLP,2014-07-08T00:00:00.000Z,32.7617055016,0.0048741780153231,160.3206335294,148.4917032380015,True,discovery,False,True,True,False,True,False
XLP,2014-07-09T00:00:00.000Z,32.9070869327,0.0093333489845564,161.0395601372,148.6096307836955,True,discovery,False,True,True,False,True,False
XLP,2014-07-10T00:00:00.000Z,32.8562034319,0.0104576461801857,160.4023297349,148.72755249310802,True,discovery,False,True,True,False,True,False
XLP,2014-07-11T00:00:00.000Z,32.8998178612,0.0190390257638271,160.6229094895,148.848187387739,True,discovery,False,True,True,False,True,False
XLP,2014-07-14T00:00:00.000Z,33.0161230061,0.0228701892410068,161.4317019232,148.9748388454345,True,discovery,False,True,True,False,True,False
XLP,2014-07-15T00:00:00.000Z,32.7253601439,0.0100216987325039,161.1294259632,149.09736220785598,True,discovery,False,True,True,False,True,False
XLP,2014-07-16T00:00:00.000Z,32.7326292154,0.0102460482862554,161.7258082628,149.2260075403445,True,discovery,False,True,True,False,True,False
XLP,2014-07-17T00:00:00.000Z,32.8562034319,0.002224452411081,159.8876436407,149.34908519422498,True,discovery,False,True,True,False,True,False
XLP,2014-07-18T00:00:00.000Z,32.8562034319,-0.0034812265401332,161.5215677492,149.474978266216,True,discovery,False,True,True,False,True,False
XLP,2014-07-21T00:00:00.000Z,32.7035529292,-0.005086245024881,161.2192917891,149.600004072985,True,discovery,False,True,True,False,True,False
XLP,2014-07-22T00:00:00.000Z,32.6454003567,-0.0013342228172182,161.9218791558,149.7348229337255,True,discovery,False,True,True,False,True,False
XLP,2014-07-23T00:00:00.000Z,32.6017859274,0.0008926578881611,162.2813424597,149.86632645152048,True,discovery,False,True,True,False,True,False
XLP,2014-07-24T00:00:00.000Z,32.6890147861,0.0051408135901946,162.2895120802,150.00374836294452,True,discovery,False,True,True,False,True,False
XLP,2014-07-25T00:00:00.000Z,32.5581714981,0.0047106325715815,161.5297373697,150.14522154723852,True,discovery,False,True,True,False,True,False
XLP,2014-07-28T00:00:00.000Z,32.3909828523,-0.0021274213420294,161.5950943341,150.286538430421,True,discovery,False,True,True,False,True,False
XLP,2014-07-29T00:00:00.000Z,32.2456014212,-0.0058269834140106,160.900676588,150.4100114183455,True,discovery,False,True,True,False,True,False
XLP,2014-07-30T00:00:00.000Z,31.9039550581,-0.0185599284428762,160.9251854496,150.529218920014,True,discovery,False,True,True,False,True,False
XLP,2014-07-31T00:00:00.000Z,31.3587020007,-0.0379148082072675,157.7472030585,150.6297990227695,True,discovery,False,True,True,False,True,False
XLP,2014-08-01T00:00:00.000Z,31.7004210545,-0.0328232424027017,157.2651954465,150.732960975446,True,discovery,False,True,True,False,True,False
XLP,2014-08-04T00:00:00.000Z,31.7004210545,-0.0343224092106098,158.4007727019,150.8322598672095,True,discovery,False,True,True,False,True,False
XLP,2014-08-05T00:00:00.000Z,32.8416652887,0.0024406478806817,156.8648840399,150.9192497421315,True,discovery,False,True,True,False,True,False
XLP,2014-08-06T00:00:00.000Z,31.8312643425,-0.0326927324925545,156.9139017631,151.0017746178165,True,discovery,False,True,True,False,True,False
XLP,2014-08-07T00:00:00.000Z,31.5695777665,-0.039159292036487,156.0642612267,151.08001103365802,True,discovery,False,True,True,False,True,False
XLP,2014-08-08T00:00:00.000Z,31.8894169149,-0.0307114449861926,157.8697473666,151.163208906924,True,discovery,False,True,True,False,True,False
XLP,2014-08-11T00:00:00.000Z,32.1147581332,-0.027300748568615,158.327246117,151.2520758754775,True,discovery,False,True,True,False,True,False
XLP,2014-08-12T00:00:00.000Z,32.0929509185,-0.0193247445595454,158.1066663624,151.337505029912,True,discovery,False,True,True,False,True,False
XLP,2014-08-13T00:00:00.000Z,32.1874488487,-0.0166555629586732,159.1768866535,151.425064712911,True,discovery,False,True,True,False,True,False
XLP,2014-08-14T00:00:00.000Z,32.3182921367,-0.0163716814182414,159.9284917434,151.5152552208475,True,discovery,False,True,True,False,True,False
XLP,2014-08-15T00:00:00.000Z,32.3619065661,-0.0150442477879257,159.8958132612,151.60149816322553,True,discovery,False,True,True,False,True,False
XLP,2014-08-18T00:00:00.000Z,32.5509024265,-0.0046677039351189,161.2356310302,151.697982824629,True,discovery,False,True,True,False,True,False
XLP,2014-08-19T00:00:00.000Z,32.6381312852,-0.0002226675556304,162.0771019461,151.80068769866898,True,discovery,False,True,True,False,True,False
XLP,2014-08-20T00:00:00.000Z,32.6163240705,0.0004459308803625,162.5100918349,151.903866721385,True,discovery,False,True,True,False,True,False
XLP,2014-08-21T00:00:00.000Z,32.674476643,-0.0004447409380531,162.9839298263,152.0069189900675,True,discovery,False,True,True,False,True,False
XLP,2014-08-22T00:00:00.000Z,32.5945168559,0.0011163206079345,162.7306715895,152.11095936859,True,discovery,False,True,True,False,True,False
XLP,2014-08-25T00:00:00.000Z,32.7762436447,0.0118940754023044,163.5558032643,152.2155022609835,True,discovery,False,True,True,False,True,False
XLP,2014-08-26T00:00:00.000Z,32.7544364301,0.0157799819657098,163.6620083314,152.329593782808,True,discovery,False,True,True,False,True,False
XLP,2014-08-27T00:00:00.000Z,32.7689745732,0.0271132376385536,163.596651367,152.4338578297815,True,discovery,False,True,True,False,True,False
XLP,2014-08-28T00:00:00.000Z,32.7835127163,0.045435895770437,163.5067855411,152.537551776142,True,discovery,False,True,True,False,True,False
XLP,2014-08-29T00:00:00.000Z,32.805319931,0.0348543911956384,163.972453912,152.645023322158,True,discovery,False,True,True,False,True,False
XLP,2014-09-02T00:00:00.000Z,32.8198580741,0.0353130016057336,163.8907577066,152.746369870265,True,discovery,False,True,True,False,True,False
XLP,2014-09-03T00:00:00.000Z,32.8416652887,0.0,163.8008918806,152.84368420190052,True,discovery,False,True,True,False,True,False
XLP,2014-09-04T00:00:00.000Z,32.9434322905,0.034939483899641,163.5639728849,152.9366738799885,True,discovery,False,True,True,False,True,False
XLP,2014-09-05T00:00:00.000Z,33.132428151,0.0495049504956768,164.2992387337,153.0358760884725,True,discovery,False,True,True,False,True,False
XLP,2014-09-08T00:00:00.000Z,32.8852797181,0.0312286300454334,163.8744184655,153.1345242249,True,discovery,False,True,True,False,True,False
XLP,2014-09-09T00:00:00.000Z,32.805319931,0.0215029425081081,162.8368766566,153.230239053307,True,discovery,False,True,True,False,True,False
XLP,2014-09-10T00:00:00.000Z,32.9652395052,0.0271800679505969,163.4495981973,153.323220458213,True,discovery,False,True,True,False,True,False
XLP,2014-09-11T00:00:00.000Z,32.9797776483,0.0246160794949736,163.6374994698,153.413518224979,True,discovery,False,True,True,False,True,False
XLP,2014-09-12T00:00:00.000Z,32.7471673585,0.0132703553760187,162.6816538663,153.49976139262802,True,discovery,False,True,True,False,True,False
XLP,2014-09-15T00:00:00.000Z,32.9070869327,0.0168463611835247,162.5591095581,153.5851905529305,True,discovery,False,True,True,False,True,False
XLP,2014-09-16T00:00:00.000Z,33.1542353656,0.0185350602940217,163.7845526395,153.6749756135495,True,discovery,False,True,True,False,True,False
XLP,2014-09-17T00:00:00.000Z,33.0815446501,0.0135857461024759,164.0051323942,153.766346658876,True,discovery,False,True,True,False,True,False
XLP,2014-09-18T00:00:00.000Z,33.1469662941,0.0162692221984617,164.8792817922,153.863980537766,True,discovery,False,True,True,False,True,False
XLP,2014-09-19T00:00:00.000Z,33.2316291705,0.0170516129022486,164.7315668832,153.96401590068,True,discovery,False,True,True,False,True,False
XLP,2014-09-22T00:00:00.000Z,33.1731099028,0.0177512386349507,163.459349999,154.05777069349497,True,discovery,False,True,True,False,True,False
XLP,2014-09-23T00:00:00.000Z,32.880513564,0.0031812650781553,162.5236550002,154.1500273270465,True,discovery,False,True,True,False,True,False
XLP,2014-09-24T00:00:00.000Z,33.3047782552,0.0168020544720548,163.7958718845,154.240593612791,True,discovery,False,True,True,False,True,False
XLP,2014-09-25T00:00:00.000Z,32.8658837471,0.0029573453292999,161.1529439056,154.3160934292285,True,discovery,False,True,True,False,True,False
XLP,2014-09-26T00:00:00.000Z,32.990237191,0.0063057451008663,162.4333686407,154.400612084816,True,discovery,False,True,True,False,True,False
XLP,2014-09-29T00:00:00.000Z,32.9829222826,0.005413827756399,162.1378860095,154.491825530959,True,discovery,False,True,True,False,True,False
XLP,2014-09-30T00:00:00.000Z,32.9975520995,0.0054142228463878,161.7110777645,154.58328010838397,True,discovery,False,True,True,False,True,False
XLP,2014-10-01T00:00:00.000Z,32.7890772082,-0.0016012610821564,159.5195815832,154.663857719225,True,discovery,False,True,True,False,True,False
XLP,2014-10-02T00:00:00.000Z,32.8512539302,-0.0027980800387511,159.5442051358,154.74008990294251,True,discovery,False,True,True,False,True,False
XLP,2014-10-03T00:00:00.000Z,33.238944079,0.0032148542664773,161.3006852212,154.82739914527198,True,discovery,False,True,True,False,True,False
XLP,2014-10-06T00:00:00.000Z,33.2535738959,0.0111993627835036,161.1119046512,154.9014860506035,True,discovery,False,True,True,False,True,False
XLP,2014-10-07T00:00:00.000Z,33.0560713673,0.0076436211208246,158.6249258388,154.963983462257,True,discovery,False,True,True,False,True,False
XLP,2014-10-08T00:00:00.000Z,33.5388553262,0.0174006265269062,161.3991794316,155.0361241335255,True,discovery,False,True,True,False,True,False
XLP,2014-10-09T00:00:00.000Z,33.2023695366,0.0067493447249324,158.1981175938,155.088333468016,True,discovery,False,True,True,False,True,False
XLP,2014-10-10T00:00:00.000Z,33.3632975229,0.0188147621336192,156.3923904032,155.129895186104,True,discovery,False,True,True,False,True,False
XLP,2014-10-13T00:00:00.000Z,32.9024582894,-0.0001406579473127,153.8233330821,155.1548474880425,True,discovery,False,False,True,False,False,False
XLP,2014-10-14T00:00:00.000Z,32.8878284725,-0.008035380401999,154.0613607572,155.18103040286752,True,discovery,False,False,True,False,False,False
XLP,2014-10-15T00:00:00.000Z,32.4928234152,-0.0177960624610138,153.0189636972,155.202122755926,True,discovery,False,False,True,False,False,False
XLP,2014-10-16T00:00:00.000Z,32.2514314358,-0.0270170986495195,152.8876380834,155.2190371984385,True,discovery,False,False,True,False,False,False
XLP,2014-10-17T00:00:00.000Z,32.646436493,-0.017609509136539,154.6933652739,155.2521442653915,True,discovery,False,False,True,False,False,False
XLP,2014-10-20T00:00:00.000Z,33.114590635,-0.0017640573335291,156.1954019824,155.2928829394205,True,discovery,False,True,True,False,True,False
XLP,2014-10-21T00:00:00.000Z,33.2535738959,0.0113459399341151,159.289761759,155.351238561428,True,discovery,False,True,True,False,True,False
XLP,2014-10-22T00:00:00.000Z,33.3267229806,0.0006589062155542,158.1570783394,155.3993976210795,True,discovery,False,True,True,False,True,False
XLP,2014-10-23T00:00:00.000Z,33.3047782552,0.0133541063881699,159.9956369335,155.4565875756565,True,discovery,False,True,True,False,True,False
XLP,2014-10-24T00:00:00.000Z,33.582744777,0.0179600886944106,161.2268145634,155.5194477242485,True,discovery,False,True,True,False,True,False
XLP,2014-10-27T00:00:00.000Z,33.6632087701,0.0206254158340264,161.00520259,155.579176087412,True,discovery,False,True,True,False,True,False
XLP,2014-10-28T00:00:00.000Z,33.7948771225,0.0241631567273767,162.8519690349,155.658054538051,True,discovery,False,True,True,False,True,False
XLP,2014-10-29T00:00:00.000Z,33.7363578548,0.0288901282761047,162.6057335089,155.7276878578365,True,discovery,False,True,True,False,True,False
XLP,2014-10-30T00:00:00.000Z,33.9484902004,0.0334001336001155,163.6481305689,155.7985261863105,True,discovery,False,True,True,False,True,False
XLP,2014-10-31T00:00:00.000Z,34.1679374544,0.0279489436605455,165.5195205664,155.87969285304152,True,discovery,False,True,True,False,True,False
XLP,2014-11-03T00:00:00.000Z,34.2996058068,0.0314562252518961,165.6098069259,155.964467963446,True,discovery,False,True,True,False,True,False
XLP,2014-11-04T00:00:00.000Z,34.4824785185,0.0431511396303145,165.0352573653,156.044184702441,True,discovery,False,True,True,False,True,False
XLP,2014-11-05T00:00:00.000Z,34.723870498,0.0353326063240531,166.0776544253,156.128627732601,True,discovery,False,True,True,False,True,False
XLP,2014-11-06T00:00:00.000Z,34.7970195827,0.048028200045848,166.7424903454,156.2225065935575,True,discovery,False,True,True,False,True,False
XLP,2014-11-07T00:00:00.000Z,34.9213730266,0.0467002850252007,166.8984395119,156.332950259726,True,discovery,False,True,True,False,True,False
XLP,2014-11-10T00:00:00.000Z,35.0749861045,0.0660293463786536,167.4237419673,156.4495821951595,True,discovery,True,True,True,True,True,True
XLP,2014-11-11T00:00:00.000Z,35.0091519282,0.0645017793580928,167.5878989846,156.5627446174895,True,discovery,True,True,True,True,True,True
XLP,2014-11-12T00:00:00.000Z,35.0091519282,0.0774425934258107,167.4073262656,156.68196579215598,True,discovery,True,True,True,True,True,True
XLP,2014-11-13T00:00:00.000Z,35.1335053722,0.0893626672706631,167.5961068355,156.7945216615605,True,discovery,True,True,True,True,True,True
XLP,2014-11-14T00:00:00.000Z,34.9360028436,0.0701321980759193,167.6371460898,156.911532550916,True,discovery,True,True,True,True,True,True
XLP,2014-11-17T00:00:00.000Z,35.1700799145,0.0620720123692992,167.7438481511,157.045307229581,True,discovery,True,True,True,True,True,True
XLP,2014-11-18T00:00:00.000Z,35.301748267,0.0615926088880489,168.7123745533,157.17898664988698,True,discovery,True,True,True,True,True,True
XLP,2014-11-19T00:00:00.000Z,35.4480464363,0.0636523266009336,168.4415154747,157.312202214047,True,discovery,True,True,True,True,True,True
XLP,2014-11-20T00:00:00.000Z,35.2944333585,0.0597408302212416,168.7369981059,157.437545579269,True,discovery,True,True,True,True,True,True
XLP,2014-11-21T00:00:00.000Z,35.4407315279,0.0553256371162516,169.6398617012,157.558498869997,True,discovery,True,True,True,True,True,True
XLP,2014-11-24T00:00:00.000Z,35.4187868025,0.0521512385937292,170.1159170514,157.68049677860552,True,discovery,True,True,True,True,True,True
XLP,2014-11-25T00:00:00.000Z,35.4480464363,0.0489177489182035,169.9927992884,157.7939056196865,True,discovery,False,True,True,False,True,False
XLP,2014-11-26T00:00:00.000Z,35.6089744226,0.0555073720719845,170.4278153843,157.909125270646,True,discovery,True,True,True,True,True,True
XLP,2014-11-28T00:00:00.000Z,36.0624987476,0.0622710622687747,170.0666699462,158.0187345903595,True,discovery,True,True,True,True,True,True
XLP,2014-12-01T00:00:00.000Z,35.8247642224,0.0484906872184245,168.8847394215,158.118346331815,True,discovery,False,True,True,False,True,False
XLP,2014-12-02T00:00:00.000Z,35.9527751206,0.0481979100025766,169.9763835867,158.2225258548495,True,discovery,False,True,True,False,True,False
XLP,2014-12-03T00:00:00.000Z,35.6967533242,0.0352142554094114,170.633011656,158.3349264086005,True,discovery,False,True,True,False,True,False
XLP,2014-12-04T00:00:00.000Z,35.6674936904,0.0271750579318152,170.444231086,158.442011812289,True,discovery,False,True,True,False,True,False
XLP,2014-12-05T00:00:00.000Z,35.7333278666,0.0269077149459517,170.7232980155,158.5513425153605,True,discovery,False,True,True,False,True,False
XLP,2014-12-08T00:00:00.000Z,35.6601787819,0.0211562630924404,169.5824067451,158.65084036193448,True,discovery,False,True,True,False,True,False
XLP,2014-12-09T00:00:00.000Z,35.5431402464,0.0133472367032509,169.467496833,158.75004698052652,True,discovery,False,True,True,False,True,False
XLP,2014-12-10T00:00:00.000Z,35.2066544569,0.0056414542433091,166.7506981963,158.835629131424,True,discovery,False,True,True,False,True,False
XLP,2014-12-11T00:00:00.000Z,35.4992507956,0.0139991642301173,167.5961068355,158.921512297928,True,discovery,False,True,True,False,True,False
XLP,2014-12-12T00:00:00.000Z,35.0457264706,-0.0024984384754688,164.8875160497,158.9919502084755,True,discovery,False,True,True,False,True,False
XLP,2014-12-15T00:00:00.000Z,34.8116493996,-0.0035594639878151,163.7548326301,159.062026862896,True,discovery,False,True,True,False,True,False
XLP,2014-12-16T00:00:00.000Z,34.6799810472,-0.0139351081513448,162.4415764916,159.1150138637045,True,discovery,False,True,True,False,True,False
XLP,2014-12-17T00:00:00.000Z,35.1847097315,-0.0033153750521021,165.6262226276,159.18323602850202,True,discovery,False,True,True,False,True,False
XLP,2014-12-18T00:00:00.000Z,35.8576813105,0.0115559224098884,169.721939389,159.2701963731235,True,discovery,False,True,True,False,True,False
XLP,2014-12-19T00:00:00.000Z,35.8213481602,0.014929119171511,170.4400614978,159.360423532199,True,discovery,False,True,True,False,True,False
XLP,2014-12-22T00:00:00.000Z,36.1676261041,0.0205101459496617,171.224092383,159.45497559081298,True,discovery,False,True,True,False,True,False
XLP,2014-12-23T00:00:00.000Z,36.4181250423,0.0282149201036288,171.4551751703,159.554447192908,True,discovery,False,True,True,False,True,False
XLP,2014-12-24T00:00:00.000Z,36.3812869632,0.0263269945941035,171.4716810837,159.6537989520135,True,discovery,False,True,True,False,True,False
XLP,2014-12-26T00:00:00.000Z,36.4402278898,0.0233439317104406,172.0246291817,159.7644150989675,True,discovery,False,True,True,False,True,False
XLP,2014-12-29T00:00:00.000Z,36.3297136524,0.0074097723141768,172.2557119689,159.87829133444149,True,discovery,False,True,True,False,True,False
XLP,2014-12-30T00:00:00.000Z,36.1676261041,0.0095705272356161,171.33138082,159.9807866707955,True,discovery,False,True,True,False,True,False
XLP,2014-12-31T00:00:00.000Z,35.7255691544,-0.0063195668606349,169.6312717425,160.06939835176848,True,discovery,False,True,True,False,True,False
XLP,2015-01-02T00:00:00.000Z,35.6224225328,-0.0020822843670101,169.5404892189,160.16160357124647,True,discovery,False,True,True,False,True,False
XLP,2015-01-05T00:00:00.000Z,35.3719235946,-0.0082868198804659,166.4786422881,160.2340878343465,True,discovery,False,True,True,False,True,False
XLP,2015-01-06T00:00:00.000Z,35.3277178996,-0.0113510269324542,164.9105805176,160.301667769164,True,discovery,False,True,True,False,True,False
XLP,2015-01-07T00:00:00.000Z,35.9318623976,0.0076186835002043,166.9655667326,160.38265297439702,True,discovery,False,True,True,False,True,False
XLP,2015-01-08T00:00:00.000Z,36.477065969,0.0262758359595025,169.9283781832,160.474874706208,True,discovery,False,True,True,False,True,False
XLP,2015-01-09T00:00:00.000Z,36.1823613358,0.0277137062283059,168.5666403299,160.56573535228,True,discovery,False,True,True,False,True,False
XLP,2015-01-12T00:00:00.000Z,36.0718470984,0.0161298137275329,167.24616726,160.6515791295515,True,discovery,False,True,True,False,True,False
XLP,2015-01-13T00:00:00.000Z,36.0644794825,0.0290692507902392,166.7757487288,160.7313713222195,True,discovery,False,True,True,False,True,False
XLP,2015-01-14T00:00:00.000Z,35.9539652451,0.0328141833323509,165.768888013,160.799949840143,True,discovery,False,True,True,False,True,False
XLP,2015-01-15T00:00:00.000Z,36.0129061717,0.0384350015268424,164.2503439826,160.8558945719635,True,discovery,False,True,True,False,True,False
XLP,2015-01-16T00:00:00.000Z,36.3002431891,0.0317050635379063,166.4043656779,160.9200482255275,True,discovery,False,True,True,False,True,False
XLP,2015-01-20T00:00:00.000Z,36.4475955056,0.0164515432548968,166.7592428154,160.9869926087205,True,discovery,False,True,True,False,True,False
XLP,2015-01-21T00:00:00.000Z,36.6244182855,0.0224187577114214,167.6010443975,161.067211787784,True,discovery,False,True,True,False,True,False
XLP,2015-01-22T00:00:00.000Z,36.992799077,0.022815237320938,170.0934373169,161.168267605524,True,discovery,False,True,True,False,True,False
XLP,2015-01-23T00:00:00.000Z,36.5802125906,0.0044507384197218,169.1608532113,161.26157081715348,True,discovery,False,True,True,False,True,False
XLP,2015-01-26T00:00:00.000Z,36.5802125906,0.0054678007295678,169.5569951323,161.34876464061202,True,discovery,False,True,True,False,True,False
XLP,2015-01-27T00:00:00.000Z,36.1602584883,-0.0076829761423737,167.3204438701,161.440752634523,True,discovery,False,True,True,False,True,False
XLP,2015-01-28T00:00:00.000Z,35.7403043861,-0.0162238896771779,165.1746751316,161.5287196547565,True,discovery,False,True,True,False,True,False
XLP,2015-01-29T00:00:00.000Z,36.0276414034,-0.0038704420438624,166.7014721186,161.6185071725785,True,discovery,False,True,True,False,True,False
XLP,2015-01-30T00:00:00.000Z,35.3792912104,-0.0096927201496341,164.6052211202,161.69269106194253,True,discovery,False,True,True,False,True,False
XLP,2015-02-02T00:00:00.000Z,35.7992453127,0.0049638055844514,166.6437014218,161.76922117758448,True,discovery,False,True,True,False,True,False
XLP,2015-02-03T00:00:00.000Z,36.1160527933,0.021037283898623,169.0535647744,161.8567436122905,True,discovery,False,True,True,False,True,False
XLP,2015-02-04T00:00:00.000Z,36.130788025,0.022732012514431,168.4098341528,161.93840489964,True,discovery,False,True,True,False,True,False
XLP,2015-02-05T00:00:00.000Z,36.3149784207,0.0106622923927703,170.1099432303,162.02511116297498,True,discovery,False,True,True,False,True,False
XLP,2015-02-06T00:00:00.000Z,36.1528908725,-0.0088870935172116,169.6395246992,162.111254098992,True,discovery,False,True,True,False,True,False
XLP,2015-02-09T00:00:00.000Z,35.8802890868,-0.0083486051724636,168.880252684,162.1920558321415,True,discovery,False,True,True,False,True,False
XLP,2015-02-10T00:00:00.000Z,36.3002431891,0.0063316993465003,170.6793972417,162.2881139667605,True,discovery,False,True,True,False,True,False
XLP,2015-02-11T00:00:00.000Z,36.4696983531,0.0112359550564602,170.778432722,162.38226870707848,True,discovery,False,True,True,False,True,False
XLP,2015-02-12T00:00:00.000Z,36.6391535172,0.0190573770494864,172.4207711026,162.4810982623825,True,discovery,False,True,True,False,True,False
XLP,2015-02-13T00:00:00.000Z,36.4696983531,0.0126841243864666,173.1305253777,162.5811999786325,True,discovery,False,True,True,False,True,False
XLP,2015-02-17T00:00:00.000Z,36.477065969,0.0048711183277443,173.4028729484,162.682582125221,True,discovery,False,True,True,False,True,False
XLP,2015-02-18T00:00:00.000Z,36.6759915963,0.0062664240955183,173.4193788618,162.7851444528335,True,discovery,False,True,True,False,True,False
XLP,2015-02-19T00:00:00.000Z,36.4402278898,-0.0050291691806316,173.2955845115,162.8856242734185,True,discovery,False,True,True,False,True,False
XLP,2015-02-20T00:00:00.000Z,36.5433745114,-0.012148974308879,174.335457054,162.997970672973,True,discovery,False,True,True,False,True,False
XLP,2015-02-23T00:00:00.000Z,36.646521133,0.0018126888201037,174.3106981839,163.10572136483398,True,discovery,False,True,True,False,True,False
XLP,2015-02-24T00:00:00.000Z,36.7717706021,0.0052366565947521,174.8058755852,163.2167610188545,True,discovery,False,True,True,False,True,False
XLP,2015-02-25T00:00:00.000Z,36.646521133,0.0134474327626097,174.6573223648,163.3259196015585,True,discovery,False,True,True,False,True,False
XLP,2015-02-26T00:00:00.000Z,36.6980944438,0.0267985982254952,174.4509984476,163.4266069270235,True,discovery,False,True,True,False,True,False
XLP,2015-02-27T00:00:00.000Z,36.8454467604,0.0226993865027984,173.8567855662,163.523632074201,True,discovery,False,True,True,False,True,False
XLP,2015-03-02T00:00:00.000Z,36.9117553029,0.0433152853002754,174.9544288055,163.629804275765,True,discovery,False,True,True,False,True,False
XLP,2015-03-03T00:00:00.000Z,36.7717706021,0.0271660835558169,174.2364215738,163.7391349649435,True,discovery,False,True,True,False,True,False
XLP,2015-03-04T00:00:00.000Z,36.5139040481,0.0110159118737862,173.5019084286,163.84215059414748,True,discovery,False,True,True,False,True,False
XLP,2015-03-05T00:00:00.000Z,36.6391535172,0.0140701468190576,173.6917322095,163.94331023297698,True,discovery,False,True,True,False,True,False
XLP,2015-03-06T00:00:00.000Z,35.9244947818,-0.0107526881711547,171.2488512531,164.03709326418698,True,discovery,False,True,True,False,True,False
XLP,2015-03-09T00:00:00.000Z,36.1234204092,-0.0008151620130166,171.9586055282,164.12800177306102,True,discovery,False,True,True,False,True,False
XLP,2015-03-10T00:00:00.000Z,35.6076873011,-0.007597535935135,169.169106168,164.203092712281,True,discovery,False,True,True,False,True,False
XLP,2015-03-11T00:00:00.000Z,35.3350855155,-0.0265881875383637,168.772964247,164.2731132563135,True,discovery,False,True,True,False,True,False
XLP,2015-03-12T00:00:00.000Z,35.8508186235,-0.0169696969689193,170.9187329856,164.349106154392,True,discovery,False,True,True,False,True,False
XLP,2015-03-13T00:00:00.000Z,35.570849222,-0.0291574502314441,169.8706074864,164.4204275775815,True,discovery,False,True,True,False,True,False
XLP,2015-03-16T00:00:00.000Z,36.0055385559,-0.0127272727266893,172.1401705753,164.4990720942065,True,discovery,False,True,True,False,True,False
XLP,2015-03-17T00:00:00.000Z,35.7476720019,-0.0199959604130407,171.6284872607,164.573897927771,True,discovery,False,True,True,False,True,False
XLP,2015-03-18T00:00:00.000Z,35.9908033242,-0.0186822016877418,173.6917264324,164.658145574525,True,discovery,False,True,True,False,True,False
XLP,2015-03-19T00:00:00.000Z,35.828715776,-0.0167812373635337,172.8994425905,164.7388383396465,True,discovery,False,True,True,False,True,False
XLP,2015-03-20T00:00:00.000Z,36.274891223,-0.0073469758058674,174.4186551104,164.8255416708185,True,discovery,False,True,True,False,True,False
XLP,2015-03-23T00:00:00.000Z,36.3341881437,-0.0085228550935698,174.0787870024,164.90542328798398,True,discovery,False,True,True,False,True,False
XLP,2015-03-24T00:00:00.000Z,36.1266489213,-0.0175439384679276,173.1006300088,164.9766333207185,True,discovery,False,True,True,False,True,False
XLP,2015-03-25T00:00:00.000Z,36.0377035403,-0.0166132438735572,170.5640533982,165.034347395247,True,discovery,False,True,True,False,True,False
XLP,2015-03-26T00:00:00.000Z,35.8820491235,-0.022236721897092,170.1578695618,165.08994924307797,True,discovery,False,True,True,False,True,False
XLP,2015-03-27T00:00:00.000Z,36.104412576,-0.0201119608948923,170.5474744661,165.150263570952,True,discovery,False,True,True,False,True,False
XLP,2015-03-30T00:00:00.000Z,36.4676062152,-0.0120327273535296,172.6281304441,165.22659139727398,True,discovery,False,True,True,False,True,False
XLP,2015-03-31T00:00:00.000Z,36.1266489213,-0.0175439384679276,171.1194476234,165.29297723779,True,discovery,False,True,True,False,True,False
XLP,2015-04-01T00:00:00.000Z,36.1711216118,-0.0093877235326153,170.5143166019,165.355686963076,True,discovery,False,True,True,False,True,False
XLP,2015-04-02T00:00:00.000Z,36.4157214096,-0.0060981787555519,171.1277370894,165.4192684878855,True,discovery,False,True,True,False,True,False
XLP,2015-04-06T00:00:00.000Z,36.7047938979,0.0217205313766948,172.2799728701,165.482797704252,True,discovery,False,True,True,False,True,False
XLP,2015-04-07T00:00:00.000Z,36.5343152509,0.0113747490421851,171.8240522374,165.54315293478598,True,discovery,False,True,True,False,True,False
XLP,2015-04-08T00:00:00.000Z,36.5936121716,0.0276885398976625,172.4043148608,165.60479678452452,True,discovery,False,True,True,False,True,False
XLP,2015-04-09T00:00:00.000Z,36.6973817828,0.0385536428573922,173.1669457372,165.67049887726097,True,discovery,False,True,True,False,True,False
XLP,2015-04-10T00:00:00.000Z,36.7640908186,0.0254742354614285,174.1119448666,165.74574604176448,True,discovery,False,True,True,False,True,False
XLP,2015-04-13T00:00:00.000Z,36.5936121716,0.0287528403726564,173.3244455921,165.81346107685698,True,discovery,False,True,True,False,True,False
XLP,2015-04-14T00:00:00.000Z,36.6751454375,0.01859732997912,173.656024234,165.88340587859696,True,discovery,False,True,True,False,True,False
XLP,2015-04-15T00:00:00.000Z,36.5713758264,0.0230421668984828,174.4352340425,165.9556945014765,True,discovery,False,True,True,False,True,False
XLP,2015-04-16T00:00:00.000Z,36.7047938979,0.019838139406572,174.3854972462,166.0281429214015,True,discovery,False,True,True,False,True,False
XLP,2015-04-17T00:00:00.000Z,36.363836604,0.0149355291254522,172.3794464626,166.085209985953,True,discovery,False,True,True,False,True,False
XLP,2015-04-20T00:00:00.000Z,36.4898425604,0.0059256232107931,173.9544450117,166.1493350811955,True,discovery,False,True,True,False,True,False
XLP,2015-04-21T00:00:00.000Z,36.5565515962,0.006119951039516,173.7472083605,166.208461727219,True,discovery,False,True,True,False,True,False
XLP,2015-04-22T00:00:00.000Z,36.5787879414,0.0125153877705335,174.6010233634,166.2746759673445,True,discovery,False,True,True,False,True,False
XLP,2015-04-23T00:00:00.000Z,36.452781985,0.0115178938701194,175.0403650639,166.348274625017,True,discovery,False,True,True,False,True,False
XLP,2015-04-24T00:00:00.000Z,36.4601941001,0.0161123734770585,175.4465489003,166.4203095688325,True,discovery,False,True,True,False,True,False
XLP,2015-04-27T00:00:00.000Z,36.2600669928,0.0043112297277332,174.7170758881,166.49188329959853,True,discovery,False,True,True,False,True,False
XLP,2015-04-28T00:00:00.000Z,36.2971275682,-0.0046747967495861,175.2724701133,166.5651311027175,True,discovery,False,True,True,False,True,False
XLP,2015-04-29T00:00:00.000Z,35.9709945045,-0.0043085761189499,174.5512865671,166.630729025937,True,discovery,False,True,True,False,True,False
XLP,2015-04-30T00:00:00.000Z,35.8524006632,-0.0088114754090462,172.8022092311,166.6890929422765,True,discovery,False,True,True,False,True,False
XLP,2015-05-01T00:00:00.000Z,36.1785337269,-0.0065133319763774,174.6756285578,166.7538420437515,True,discovery,False,True,True,False,True,False
XLP,2015-05-04T00:00:00.000Z,36.2304185325,-0.0129240710823643,175.1729965207,166.83026880815152,True,discovery,False,True,True,False,True,False
XLP,2015-05-05T00:00:00.000Z,35.9413460442,-0.0162304727111421,173.1669457372,166.8884956980915,True,discovery,False,True,True,False,True,False
XLP,2015-05-06T00:00:00.000Z,36.0525277705,-0.0147863074725356,172.4540516571,166.9446694974315,True,discovery,False,True,True,False,True,False
XLP,2015-05-07T00:00:00.000Z,36.1414731515,-0.0151484548568135,173.142077339,167.00077048834748,True,discovery,False,True,True,False,True,False
XLP,2015-05-08T00:00:00.000Z,36.4453698699,-0.0086693548406412,175.4216805021,167.06647217855948,True,discovery,False,True,True,False,True,False
XLP,2015-05-11T00:00:00.000Z,36.2971275682,-0.0081020862878932,174.5844444313,167.12794684031502,True,discovery,False,True,True,False,True,False
XLP,2015-05-12T00:00:00.000Z,36.2155943023,-0.0125303152780442,174.0622080703,167.19060919381798,True,discovery,False,True,True,False,True,False
XLP,2015-05-13T00:00:00.000Z,36.2007700721,-0.0101337657095326,174.0953659345,167.25311055182,True,discovery,False,True,True,False,True,False
XLP,2015-05-14T00:00:00.000Z,36.7566787035,0.0014135702748891,175.910758999,167.328160963875,True,discovery,False,True,True,False,True,False
XLP,2015-05-15T00:00:00.000Z,36.8752725448,0.014064410924774,176.1014167181,167.4040421202175,True,discovery,False,True,True,False,True,False
XLP,2015-05-18T00:00:00.000Z,36.7566787035,0.0073126142613062,176.6485214772,167.498548712311,True,discovery,False,True,True,False,True,False
XLP,2015-05-19T00:00:00.000Z,36.6603212074,0.0028386050288942,176.5904952149,167.595175211153,True,discovery,False,True,True,False,True,False
XLP,2015-05-20T00:00:00.000Z,36.5787879414,0.0,176.4661532242,167.6855021137645,True,discovery,False,True,True,False,True,False
XLP,2015-05-21T00:00:00.000Z,36.6603212074,0.0056933712901638,176.9801001191,167.7860781941605,True,discovery,False,True,True,False,True,False
XLP,2015-05-22T00:00:00.000Z,36.5046667906,0.0012197601136709,176.5573373507,167.8842953720985,True,discovery,False,True,True,False,True,False
XLP,2015-05-26T00:00:00.000Z,36.2155943023,-0.0012264922320422,174.6590496258,167.977269314094,True,discovery,False,True,True,False,True,False
XLP,2015-05-27T00:00:00.000Z,36.4453698699,0.0040841331430832,176.3169428353,168.06950529143748,True,discovery,False,True,True,False,True,False
XLP,2015-05-28T00:00:00.000Z,36.3934850643,0.0117453121777644,176.1179956502,168.15845903910352,True,discovery,False,True,True,False,True,False
XLP,2015-05-29T00:00:00.000Z,36.1637094967,0.0086830680161269,175.0237861319,168.243044637951,True,discovery,False,True,True,False,True,False
XLP,2015-06-01T00:00:00.000Z,36.1637094967,-0.0004097521008424,175.3802331719,168.32406137054303,True,discovery,False,True,True,False,True,False
XLP,2015-06-02T00:00:00.000Z,36.0673520006,-0.0045008183318038,175.2061543849,168.40044968375048,True,discovery,False,True,True,False,True,False
XLP,2015-06-03T00:00:00.000Z,36.0451156554,0.0028871932362348,175.6703644836,168.47932243986253,True,discovery,False,True,True,False,True,False
XLP,2015-06-04T00:00:00.000Z,35.7856916274,-0.0074013157911867,174.186550061,168.5440770350165,True,discovery,False,True,True,False,True,False
XLP,2015-06-05T00:00:00.000Z,35.2742556866,-0.0239950779334519,173.8881292833,168.6031321717025,True,discovery,False,True,True,False,True,False
XLP,2015-06-08T00:00:00.000Z,35.2594314564,-0.0325401667683294,172.7690513669,168.6544269693625,True,discovery,False,True,True,False,True,False
XLP,2015-06-09T00:00:00.000Z,35.4299101034,-0.0238921788830411,172.793919765,168.70347691905602,True,discovery,False,True,True,False,True,False
XLP,2015-06-10T00:00:00.000Z,35.7782795123,-0.0120753172334996,174.874575743,168.7641964398235,True,discovery,False,True,True,False,True,False
XLP,2015-06-11T00:00:00.000Z,35.7634552822,-0.0120802620780998,175.4465489003,168.82365016800352,True,discovery,False,True,True,False,True,False
XLP,2015-06-12T00:00:00.000Z,35.6226250956,-0.0308529945550279,174.0207607401,168.875443930047,True,discovery,False,True,True,False,True,False
XLP,2015-06-15T00:00:00.000Z,35.3632010676,-0.0410050251252508,173.3327350581,168.9241243485025,True,discovery,False,True,True,False,True,False
XLP,2015-06-16T00:00:00.000Z,35.748631052,-0.0274248840498206,174.2860236536,168.978020539065,True,discovery,False,True,True,False,True,False
XLP,2015-06-17T00:00:00.000Z,35.9413460442,-0.0196118075216119,174.5678654992,169.030997597001,True,discovery,False,True,True,False,True,False
XLP,2015-06-18T00:00:00.000Z,36.3416002587,-0.0064842958459964,176.3252323013,169.09316996997447,True,discovery,False,True,True,False,True,False
XLP,2015-06-19T00:00:00.000Z,36.2909606885,-0.0100752122931603,175.6041067815,169.152186044479,True,discovery,False,True,True,False,True,False
XLP,2015-06-22T00:00:00.000Z,36.4326639875,-0.001972427347797,176.5037435886,169.2168848979975,True,discovery,False,True,True,False,True,False
XLP,2015-06-23T00:00:00.000Z,36.2760445518,0.0016691773437544,176.6370231156,169.278573819907,True,discovery,False,True,True,False,True,False
XLP,2015-06-24T00:00:00.000Z,36.1119670476,-0.0091480158793876,175.3542076683,169.335972765921,True,discovery,False,True,True,False,True,False
XLP,2015-06-25T00:00:00.000Z,36.0448444323,-0.0095797539417843,174.7877696786,169.39572723103095,True,discovery,False,True,True,False,True,False
XLP,2015-06-26T00:00:00.000Z,36.119425116,-0.001224553048244,174.8460794717,169.452709637403,True,discovery,False,True,True,False,True,False
XLP,2015-06-29T00:00:00.000Z,35.5600699882,-0.0166918581334993,171.1559025681,169.4903016528945,True,discovery,False,True,True,False,True,False
XLP,2015-06-30T00:00:00.000Z,35.5004054413,-0.015719106833531,171.5057613265,169.5344221901955,True,discovery,False,True,True,False,True,False
XLP,2015-07-01T00:00:00.000Z,35.9553476118,-0.0024904357211168,172.9051963599,169.5861526242045,True,discovery,False,True,True,False,True,False
XLP,2015-07-02T00:00:00.000Z,35.9255153384,0.0039072518831224,172.696947099,169.630714596502,True,discovery,False,True,True,False,True,False
XLP,2015-07-06T00:00:00.000Z,35.8956830649,0.0176170231293091,172.1554990206,169.671466429634,True,discovery,False,True,True,False,True,False
XLP,2015-07-07T00:00:00.000Z,36.6340318335,0.03898532450246,173.2717150591,169.7134285959685,True,discovery,False,True,True,False,True,False
XLP,2015-07-08T00:00:00.000Z,36.2238380732,0.0224084105063482,170.372885347,169.74163518828746,True,discovery,False,True,True,False,True,False
XLP,2015-07-09T00:00:00.000Z,36.2536703466,0.0132871351216474,170.5977945488,169.77732741103648,True,discovery,False,True,True,False,True,False
XLP,2015-07-10T00:00:00.000Z,36.6787802437,0.0255938626253366,172.830226626,169.8288602691655,True,discovery,False,True,True,False,True,False
XLP,2015-07-13T00:00:00.000Z,37.0218513888,0.0392791460327506,174.7294598856,169.883528209171,True,discovery,False,True,True,False,True,False
XLP,2015-07-14T00:00:00.000Z,37.0815159357,0.0485904786960682,175.5291370475,169.9554091748805,True,discovery,False,True,True,False,True,False
XLP,2015-07-15T00:00:00.000Z,36.9845610469,0.0345727922588758,175.4541673136,170.020513168245,True,discovery,False,True,True,False,True,False
XLP,2015-07-16T00:00:00.000Z,37.3649225338,0.0396083242917308,176.8202824653,170.093925150524,True,discovery,False,True,True,False,True,False
XLP,2015-07-17T00:00:00.000Z,37.3425483287,0.0275427626432156,176.986881874,170.1703041710715,True,discovery,False,True,True,False,True,False
XLP,2015-07-20T00:00:00.000Z,37.409670944,0.030826140567133,177.1118314305,170.258265420308,True,discovery,False,True,True,False,True,False
XLP,2015-07-21T00:00:00.000Z,37.3201741236,0.0243602865934948,176.395453973,170.34252166449403,True,discovery,False,True,True,False,True,False
XLP,2015-07-22T00:00:00.000Z,37.4022128756,0.0310444078927045,176.0039453624,170.41603796520002,True,discovery,False,True,True,False,True,False
XLP,2015-07-23T00:00:00.000Z,37.2605095766,0.0318050392404845,175.0459987622,170.485708435755,True,discovery,False,True,True,False,True,False
XLP,2015-07-24T00:00:00.000Z,37.0516836622,0.0279329608923977,173.2134052661,170.55865083289152,True,discovery,False,True,True,False,True,False
XLP,2015-07-27T00:00:00.000Z,37.0293094571,0.0251909973145429,172.2138088136,170.61272397980147,True,discovery,False,True,True,False,True,False
XLP,2015-07-28T00:00:00.000Z,37.4469612858,0.0530620805365718,174.3546112159,170.693506447912,True,discovery,True,True,True,True,True,True
XLP,2015-07-29T00:00:00.000Z,37.5737484481,0.058403361342683,175.5707868997,170.7893984303945,True,discovery,True,True,True,True,True,True
XLP,2015-07-30T00:00:00.000Z,37.4469612858,0.0414851690520292,175.6124367519,170.8983439487435,True,discovery,False,True,True,False,True,False
XLP,2015-07-31T00:00:00.000Z,37.5215419695,0.0444259912785174,175.3042278457,171.00455828418598,True,discovery,False,True,True,False,True,False
XLP,2015-08-03T00:00:00.000Z,37.5737484481,0.0467483897761753,174.7044699743,171.11298581557148,True,discovery,False,True,True,False,True,False
XLP,2015-08-04T00:00:00.000Z,37.5737484481,0.0256514657974575,174.3629411864,171.2203623310865,True,discovery,False,True,True,False,True,False
XLP,2015-08-05T00:00:00.000Z,37.9019034564,0.0463248919070644,175.0126788804,171.32195889911898,True,discovery,False,True,True,False,True,False
XLP,2015-08-06T00:00:00.000Z,37.6184968584,0.0376465747813032,173.554934054,171.408756559477,True,discovery,False,True,True,False,True,False
XLP,2015-08-07T00:00:00.000Z,37.409670944,0.0199267995130656,173.1967453252,171.478291477308,True,discovery,False,True,True,False,True,False
XLP,2015-08-10T00:00:00.000Z,37.551374243,0.014302981464622,175.4541673136,171.56477692217902,True,discovery,False,True,True,False,True,False
XLP,2015-08-11T00:00:00.000Z,37.4171290124,0.0090506838307786,173.8131631375,171.63386455319903,True,discovery,False,True,True,False,True,False
XLP,2015-08-12T00:00:00.000Z,37.4395032175,0.0123008671110922,174.0297423689,171.6978791922265,True,discovery,False,True,True,False,True,False
XLP,2015-08-13T00:00:00.000Z,37.2903418501,-0.0019960079840265,173.8464830193,171.762085594373,True,discovery,False,True,True,False,True,False
XLP,2015-08-14T00:00:00.000Z,37.409670944,0.0017974835222589,174.3962610681,171.819807054539,True,discovery,False,True,True,False,True,False
XLP,2015-08-17T00:00:00.000Z,37.4469612858,0.0009968102059978,175.3958575205,171.883757674597,True,discovery,False,True,True,False,True,False
XLP,2015-08-18T00:00:00.000Z,37.2605095766,-0.001598721024248,174.871069383,171.9398723686675,True,discovery,False,True,True,False,True,False
XLP,2015-08-19T00:00:00.000Z,36.9174384316,-0.0129611166486958,173.4966242609,171.97975788714,True,discovery,False,True,True,False,True,False
XLP,2015-08-20T00:00:00.000Z,36.5818253549,-0.0182145716580919,169.9397268843,172.001407486932,True,discovery,False,False,True,False,False,False
XLP,2015-08-21T00:00:00.000Z,35.5824441933,-0.0396537842192287,164.6252057456,171.9993572288335,True,discovery,False,False,True,False,False,False
XLP,2015-08-24T00:00:00.000Z,34.3444048439,-0.0725075528699926,157.8529397803,171.9582336556085,True,discovery,False,False,True,False,False,False
XLP,2015-08-25T00:00:00.000Z,34.083372451,-0.0898227444712711,155.9620364911,171.90433138633705,True,discovery,False,False,True,False,False,False
XLP,2015-08-26T00:00:00.000Z,35.1200439544,-0.0653036919403784,162.1678644666,171.8806785111105,True,discovery,False,False,True,False,False,False
XLP,2015-08-27T00:00:00.000Z,35.6048183985,-0.0491933877689174,165.8996912224,171.873058257386,True,discovery,False,False,True,False,False,False
XLP,2015-08-28T00:00:00.000Z,35.5302377148,-0.0530709600452631,165.9663309859,171.8649504173925,True,discovery,False,False,True,False,False,False
XLP,2015-08-31T00:00:00.000Z,35.2841214585,-0.0609368797143734,164.5502360116,171.8506649661225,True,discovery,False,False,True,False,False,False
XLP,2015-09-01T00:00:00.000Z,34.5606888266,-0.0801905518067191,159.7438430695,171.8114036472925,True,discovery,False,False,True,False,False,False
XLP,2015-09-02T00:00:00.000Z,35.030547134,-0.0757575757561365,162.7759523085,171.78709767838598,True,discovery,False,False,True,False,False,False
XLP,2015-09-03T00:00:00.000Z,35.2692053218,-0.0624504361629062,162.975871599,171.7632577956255,True,discovery,False,False,True,False,False,False
XLP,2015-09-04T00:00:00.000Z,34.6949340573,-0.0725677830944782,160.4269006453,171.72183042608546,True,discovery,False,False,True,False,False,False
XLP,2015-09-08T00:00:00.000Z,35.4183666892,-0.0568023833161742,164.4835962481,171.7020408299525,True,discovery,False,False,True,False,False,False
XLP,2015-09-09T00:00:00.000Z,34.8366373563,-0.0689655172433144,162.2345042301,171.6695283605735,True,discovery,False,False,True,False,False,False
XLP,2015-09-10T00:00:00.000Z,34.8963019033,-0.0679282868532094,163.1424710078,171.6370414071065,True,discovery,False,False,True,False,False,False
XLP,2015-09-11T00:00:00.000Z,35.1275020228,-0.0579999999998444,163.8838383767,171.60588101373298,True,discovery,False,False,True,False,False,False
XLP,2015-09-14T00:00:00.000Z,35.0156309972,-0.0639952153116698,163.2507606235,171.5721708204085,True,discovery,False,False,True,False,False,False
XLP,2015-09-15T00:00:00.000Z,35.4332828259,-0.0537741485759377,165.3082633214,171.546573060094,True,discovery,False,False,True,False,False,False
XLP,2015-09-16T00:00:00.000Z,35.8360185179,-0.038230584468297,166.7160283252,171.529819851989,True,discovery,False,False,True,False,False,False
XLP,2015-09-17T00:00:00.000Z,35.8360185179,-0.0292929292942042,166.349509626,171.5171437030115,True,discovery,False,False,True,False,False,False
XLP,2015-09-18T00:00:00.000Z,35.4240773322,-0.0316481753293625,163.5951465912,171.485237518034,True,discovery,False,False,True,False,False,False
XLP,2015-09-21T00:00:00.000Z,35.6868115357,0.0029331133587404,164.4995423648,171.454570171578,True,discovery,False,False,True,False,False,False
XLP,2015-09-22T00:00:00.000Z,35.2964635761,0.0277209267863931,162.37253749,171.41421170359797,True,discovery,False,False,True,False,False,False
XLP,2015-09-23T00:00:00.000Z,35.3565171084,0.0373538346074859,162.1213164418,171.3712017957295,True,discovery,False,False,True,False,False,False
XLP,2015-09-24T00:00:00.000Z,35.4165706406,0.0084432322062297,161.5602561008,171.33109104250798,True,discovery,False,False,True,False,False,False
XLP,2015-09-25T00:00:00.000Z,35.6417713865,0.00103786480769,161.5100118911,171.29130361779852,True,discovery,False,False,True,False,False,False
XLP,2015-09-28T00:00:00.000Z,35.1087962879,-0.0118614862721408,157.3564905608,171.24433257962102,True,discovery,False,False,True,False,False,False
XLP,2015-09-29T00:00:00.000Z,35.1012895963,-0.0051817036854677,157.4988491548,171.1938462912175,True,discovery,False,False,True,False,False,False
XLP,2015-09-30T00:00:00.000Z,35.4353373694,0.025307613143602,160.4381354188,171.17159938806302,True,discovery,False,False,True,False,False,False
XLP,2015-10-01T00:00:00.000Z,35.4240773322,0.0112339152652869,160.8903333056,171.1572768914405,True,discovery,False,False,True,False,False,False
XLP,2015-10-02T00:00:00.000Z,35.9120122816,0.0182257284771505,163.2936813334,171.16153741564952,True,discovery,False,False,True,False,False,False
XLP,2015-10-05T00:00:00.000Z,36.5275609871,0.052821167689016,166.1994714576,171.1644036597995,True,discovery,True,False,True,True,False,False
XLP,2015-10-06T00:00:00.000Z,36.2798401666,0.0243227894995703,165.6300370817,171.143944148263,True,discovery,False,False,True,False,False,False
XLP,2015-10-07T00:00:00.000Z,36.610134594,0.0509089674632237,166.986630742,171.12667699448397,True,discovery,True,False,True,True,False,False
XLP,2015-10-08T00:00:00.000Z,37.0455227027,0.0615887839736035,168.4939570312,171.11302631772503,True,discovery,True,False,True,True,False,False
XLP,2015-10-09T00:00:00.000Z,37.1280963096,0.056952364147655,168.5944454505,171.098722669126,True,discovery,True,False,True,True,False,False
XLP,2015-10-12T00:00:00.000Z,37.2256832995,0.0631161638205728,168.7535521144,171.0851320242795,True,discovery,True,False,True,True,False,False
XLP,2015-10-13T00:00:00.000Z,37.0004825535,0.0442295943985875,167.690049677,171.063459126756,True,discovery,False,False,True,False,False,False
XLP,2015-10-14T00:00:00.000Z,36.5726011363,0.0205542537609773,166.8861423227,171.036611278525,True,discovery,False,False,True,False,False,False
XLP,2015-10-15T00:00:00.000Z,36.9028955636,0.0297710819958163,169.4485970144,171.027197359497,True,discovery,False,False,True,False,False,False
XLP,2015-10-16T00:00:00.000Z,37.2557100656,0.0517058698868373,170.2190082289,171.030136041929,True,discovery,True,False,True,True,False,False
XLP,2015-10-19T00:00:00.000Z,37.4208572792,0.0485906604955534,170.3027485783,171.033947338726,True,discovery,False,False,True,False,False,False
XLP,2015-10-20T00:00:00.000Z,37.3983372047,0.0595491280328497,170.0850236699,171.051979245635,True,discovery,True,False,True,True,False,False
XLP,2015-10-21T00:00:00.000Z,37.4058438962,0.057961783439159,169.0298952674,171.072575819384,True,discovery,True,False,True,True,False,False
XLP,2015-10-22T00:00:00.000Z,38.1490063577,0.0771513353121675,171.8435710073,171.09696584075752,True,discovery,True,True,True,True,True,True
XLP,2015-10-23T00:00:00.000Z,38.0889528255,0.0686604886289945,173.7779730785,171.116213815234,True,discovery,True,True,True,True,True,True
XLP,2015-10-26T00:00:00.000Z,38.0138859102,0.0827453495835521,173.3341492266,171.14005135971746,True,discovery,True,True,True,True,True,True
XLP,2015-10-27T00:00:00.000Z,38.0664327509,0.0844739093264697,172.9824397592,171.1687327222135,True,discovery,True,True,True,True,True,True
XLP,2015-10-28T00:00:00.000Z,37.8487386965,0.0681071920366158,174.96708604,171.2096894087695,True,discovery,True,True,True,True,True,True
XLP,2015-10-29T00:00:00.000Z,37.8637520795,0.0688705234132485,174.9252158653,171.25547104803098,True,discovery,True,True,True,True,True,True
XLP,2015-10-30T00:00:00.000Z,37.4433773538,0.0426421404679853,174.121308511,171.304825870673,True,discovery,False,True,True,False,True,False
XLP,2015-11-02T00:00:00.000Z,37.6685780998,0.0312371557767834,176.1813211063,171.35371064781498,True,discovery,False,True,True,False,True,False
XLP,2015-11-03T00:00:00.000Z,37.488417503,0.0333126422511815,176.6921372377,171.40337511992652,True,discovery,False,True,True,False,True,False
XLP,2015-11-04T00:00:00.000Z,37.3307769809,0.0196842321092722,176.1729470714,171.446234633296,True,discovery,False,True,True,False,True,False
XLP,2015-11-05T00:00:00.000Z,37.3232702894,0.0074974670739296,175.9803442677,171.47566916805002,True,discovery,False,True,True,False,True,False
XLP,2015-11-06T00:00:00.000Z,36.9179089467,-0.0056611403166837,175.8882298834,171.5093060514105,True,discovery,False,True,True,False,True,False
XLP,2015-11-09T00:00:00.000Z,36.6701881262,-0.0149223633809686,174.2469190351,171.5327556709245,True,discovery,False,True,True,False,True,False
XLP,2015-11-10T00:00:00.000Z,36.7677751161,-0.0062893081749277,174.6488727123,171.5693978151355,True,discovery,False,True,True,False,True,False
XLP,2015-11-11T00:00:00.000Z,36.7152282754,0.0038998357969797,173.9622018472,171.61333544871349,True,discovery,False,True,True,False,True,False
XLP,2015-11-12T00:00:00.000Z,36.2197866344,-0.0185109845384001,171.5337317145,171.637496746693,True,discovery,False,False,True,False,False,False
XLP,2015-11-13T00:00:00.000Z,35.9045055901,-0.0362683860573531,169.6077036783,171.66250915948353,True,discovery,False,False,True,False,False,False
XLP,2015-11-16T00:00:00.000Z,36.5200542956,-0.0240722166485668,172.1869064398,171.6902251845735,True,discovery,False,True,True,False,True,False
XLP,2015-11-17T00:00:00.000Z,36.5050409125,-0.02388598956447,172.0612959157,171.70526384028005,True,discovery,False,True,True,False,True,False
XLP,2015-11-18T00:00:00.000Z,37.0079892451,-0.0106361629536826,174.7912313062,171.737170826047,True,discovery,False,True,True,False,True,False
XLP,2015-11-19T00:00:00.000Z,37.1048255658,-0.0273711137351614,174.6404986773,171.75982360328203,True,discovery,False,True,True,False,True,False
XLP,2015-11-20T00:00:00.000Z,36.8428420314,-0.0327158060713539,175.2769253328,171.78801060644997,True,discovery,False,True,True,False,True,False
XLP,2015-11-23T00:00:00.000Z,37.1656297672,-0.022314375988917,175.0759484942,171.818989085501,True,discovery,False,True,True,False,True,False
XLP,2015-11-24T00:00:00.000Z,37.2632167571,-0.0211003746806565,175.3104214725,171.842144206655,True,discovery,False,True,True,False,True,False
XLP,2015-11-25T00:00:00.000Z,37.360803747,-0.0128917096395902,175.2852993677,171.8646785398835,True,discovery,False,True,True,False,True,False
XLP,2015-11-27T00:00:00.000Z,37.5034308861,-0.0095162569373331,175.4862762063,171.880006065402,True,discovery,False,True,True,False,True,False
XLP,2015-11-30T00:00:00.000Z,37.0980695434,-0.0092221331194889,174.7577351665,171.888142114346,True,discovery,False,True,True,False,True,False
XLP,2015-12-01T00:00:00.000Z,37.4133505877,-0.0067756078135945,176.4241681196,171.90324859020205,True,discovery,False,True,True,False,True,False
XLP,2015-12-02T00:00:00.000Z,37.2256832995,-0.0070084100903693,174.6237506074,171.90927044893,True,discovery,False,True,True,False,True,False
XLP,2015-12-03T00:00:00.000Z,37.0305093197,-0.0080434345460751,172.1785324049,171.903685188397,True,discovery,False,True,True,False,True,False
XLP,2015-12-04T00:00:00.000Z,37.8637520795,0.0144810941246351,175.5365204159,171.9096905052065,True,discovery,False,True,True,False,True,False
XLP,2015-12-07T00:00:00.000Z,37.968845761,0.0284668564467527,174.4730179785,171.9105021041795,True,discovery,False,True,True,False,True,False
XLP,2015-12-08T00:00:00.000Z,37.8712587711,0.0327533265105302,173.3006530869,171.902975991688,True,discovery,False,True,True,False,True,False
XLP,2015-12-09T00:00:00.000Z,37.5109375776,0.020212331563532,171.9524334615,171.8894515471715,True,discovery,False,True,True,False,True,False
XLP,2015-12-10T00:00:00.000Z,37.5559777268,0.0228992026167877,172.3962573134,171.8791778415005,True,discovery,False,True,True,False,True,False
XLP,2015-12-11T00:00:00.000Z,37.1431096926,0.0254922279780374,169.0550173722,171.8551690005305,True,discovery,False,False,True,False,False,False
XLP,2015-12-14T00:00:00.000Z,37.5109375776,0.0447417938528289,169.9091689361,171.8299427011835,True,discovery,False,False,True,False,False,False
XLP,2015-12-15T00:00:00.000Z,37.7511517066,0.0337101747175749,171.6928383784,171.8172247852065,True,discovery,False,False,True,False,False,False
XLP,2015-12-16T00:00:00.000Z,38.479300785,0.0540818424839506,174.2050488604,171.8207404873655,True,discovery,True,True,True,True,True,True
XLP,2015-12-17T00:00:00.000Z,37.983859144,0.0263691683554303,171.5504797844,171.81003422524,True,discovery,False,False,True,False,False,False
XLP,2015-12-18T00:00:00.000Z,37.3156757695,0.0056825547751486,168.5120030765,171.796349984357,True,discovery,False,False,True,False,False,False
XLP,2015-12-21T00:00:00.000Z,37.7392018828,0.0243292808583026,169.9020880934,171.786067397183,True,discovery,False,False,True,False,False,False
XLP,2015-12-22T00:00:00.000Z,38.2307946929,0.0286599455564733,171.4438187485,171.7974409600855,True,discovery,False,False,True,False,False,False
XLP,2015-12-23T00:00:00.000Z,38.5106244464,0.0334755772007344,173.5668576834,171.82141042726752,True,discovery,False,True,True,False,True,False
XLP,2015-12-24T00:00:00.000Z,38.4728096148,0.0297639706931971,173.2804159223,171.833218841951,True,discovery,False,True,True,False,True,False
XLP,2015-12-28T00:00:00.000Z,38.4198688507,0.0244361100557246,172.8844523114,171.84828806607598,True,discovery,False,True,True,False,True,False
XLP,2015-12-29T00:00:00.000Z,38.7526393683,0.0445998901092243,174.7294742429,171.86123458441398,True,discovery,False,True,True,False,True,False
XLP,2015-12-30T00:00:00.000Z,38.6165059747,0.0321584506092202,173.4910348643,171.870547322432,True,discovery,False,True,True,False,True,False
XLP,2015-12-31T00:00:00.000Z,38.1854168951,0.025781490372613,171.7555347826,171.86086636418298,True,discovery,False,False,True,False,False,False
XLP,2016-01-04T00:00:00.000Z,37.7013870513,0.0181168918258194,169.3544822142,171.8431415623015,True,discovery,False,False,True,False,False,False
XLP,2016-01-05T00:00:00.000Z,37.9434019732,0.0021035922043002,169.6409214479,171.819252893989,True,discovery,False,False,True,False,False,False
XLP,2016-01-06T00:00:00.000Z,37.8148315459,-0.0040563312371796,167.5010380525,171.78636414923952,True,discovery,False,False,True,False,False,False
XLP,2016-01-07T00:00:00.000Z,37.3610535674,-0.0134720952050674,163.4824252702,171.73827312554647,True,discovery,False,False,True,False,False,False
XLP,2016-01-08T00:00:00.000Z,37.0736608476,-0.0116573127263317,161.6879476723,171.69389259691698,True,discovery,False,False,True,False,False,False
XLP,2016-01-11T00:00:00.000Z,37.4215572979,-0.0035792019549547,161.8480205957,171.6523433520865,True,discovery,False,False,True,False,False,False
XLP,2016-01-12T00:00:00.000Z,37.6257573882,0.0129942726819169,163.1538605632,171.615375282572,True,discovery,False,False,True,False,False,False
XLP,2016-01-13T00:00:00.000Z,36.9375274541,-0.0152864780389391,159.0847009197,171.54765813494998,True,discovery,False,False,True,False,False,False
XLP,2016-01-14T00:00:00.000Z,37.1114756792,-0.0169445433710613,161.6963682176,171.500542737921,True,discovery,False,False,True,False,False,False
XLP,2016-01-15T00:00:00.000Z,36.5291272734,-0.0506811057325713,158.2253722667,171.439098016245,True,discovery,False,False,True,False,False,False
XLP,2016-01-19T00:00:00.000Z,36.9677793193,-0.0267503051980041,158.4359912086,171.375639286841,True,discovery,False,False,True,False,False,False
XLP,2016-01-20T00:00:00.000Z,36.5064383744,-0.0216862586141728,156.4056212383,171.296267528682,True,discovery,False,False,True,False,False,False
XLP,2016-01-21T00:00:00.000Z,36.6501347343,-0.0288577154302871,157.2818027766,171.223556281378,True,discovery,False,False,True,False,False,False
XLP,2016-01-22T00:00:00.000Z,37.277860938,-0.0249258160222594,160.5084866523,171.1640771403355,True,discovery,False,False,True,False,False,False
XLP,2016-01-25T00:00:00.000Z,36.9450904204,-0.0406520031421185,158.0821522286,171.0886531727925,True,discovery,False,False,True,False,False,False
XLP,2016-01-26T00:00:00.000Z,37.277860938,-0.0310595635921613,160.2388885092,171.01928789100552,True,discovery,False,False,True,False,False,False
XLP,2016-01-27T00:00:00.000Z,37.2476090727,-0.0305118110255766,158.4949704097,170.94514051509353,True,discovery,False,False,True,False,False,False
XLP,2016-01-28T00:00:00.000Z,37.6257573882,-0.0290788446533992,159.3205932922,170.87346336038453,True,discovery,False,False,True,False,False,False
XLP,2016-01-29T00:00:00.000Z,38.3896169854,-0.0058754406586822,163.2044065818,170.817309223081,True,discovery,False,False,True,False,False,False
XLP,2016-02-01T00:00:00.000Z,38.5181874127,0.008714596949777,163.1454273807,170.7611088737535,True,discovery,False,False,True,False,False,False
XLP,2016-02-02T00:00:00.000Z,38.0265946026,0.0086258776330294,160.2051953759,170.70023761832,True,discovery,False,False,True,False,False,False
XLP,2016-02-03T00:00:00.000Z,37.9434019732,0.0,161.1656169087,170.636293477805,True,discovery,False,False,True,False,False,False
XLP,2016-02-04T00:00:00.000Z,37.595505523,-0.0057999999982487,161.4183621665,170.574649246835,True,discovery,False,False,True,False,False,False
XLP,2016-02-05T00:00:00.000Z,37.5350017925,0.0046558704450396,158.3433180317,170.4933607201765,True,discovery,False,False,True,False,False,False
XLP,2016-02-08T00:00:00.000Z,37.4366832305,0.0097919216662278,156.2118551816,170.39921817076498,True,discovery,False,False,True,False,False,False
XLP,2016-02-09T00:00:00.000Z,37.6862611187,0.0070735650762148,156.2202757269,170.30308680489802,True,discovery,False,False,True,False,False,False
XLP,2016-02-10T00:00:00.000Z,37.6408833208,0.000402010049763,156.0854888713,170.209928869814,True,discovery,False,False,True,False,False,False
XLP,2016-02-11T00:00:00.000Z,37.3383646685,0.0108517608521061,154.0551197435,170.103842117965,True,discovery,False,False,True,False,False,False
XLP,2016-02-12T00:00:00.000Z,37.8677723101,0.0203790503357399,157.231256758,170.0172419689195,True,discovery,False,False,True,False,False,False
XLP,2016-02-16T00:00:00.000Z,38.1702909625,0.0449275362320267,159.8850503717,169.9526561746225,True,discovery,False,False,True,False,False,False
XLP,2016-02-17T00:00:00.000Z,38.5635652105,0.043166939442502,162.4967303068,169.89176168336752,True,discovery,False,False,True,False,False,False
XLP,2016-02-18T00:00:00.000Z,38.3896169854,0.0515848353018346,161.8311668679,169.8250525351035,True,discovery,True,False,True,True,False,False
XLP,2016-02-19T00:00:00.000Z,38.4501207159,0.0491126702438948,161.7553474187,169.767994543511,True,discovery,False,False,True,False,False,False
XLP,2016-02-22T00:00:00.000Z,38.6391948736,0.0365185636017084,164.0974292107,169.726211431279,True,discovery,False,False,True,False,False,False
XLP,2016-02-23T00:00:00.000Z,38.6316319073,0.0456499488215824,162.0249455618,169.670625772393,True,discovery,False,False,True,False,False,False
XLP,2016-02-24T00:00:00.000Z,38.7526393683,0.0395617772369725,162.7663158127,169.60734894894605,True,discovery,False,False,True,False,False,False
XLP,2016-02-25T00:00:00.000Z,39.1912914142,0.0521827411178612,164.7377057394,169.55811525548648,True,discovery,True,False,True,True,False,False
XLP,2016-02-26T00:00:00.000Z,38.6391948736,0.0269346733660125,164.3585941713,169.5095971859915,True,discovery,False,False,True,False,False,False
XLP,2016-02-29T00:00:00.000Z,38.5106244464,0.0031520882598548,163.0696079315,169.4544683959765,True,discovery,False,False,True,False,False,False
XLP,2016-03-01T00:00:00.000Z,38.8812097955,0.0094247005683425,166.9028752025,169.40942897699398,True,discovery,False,False,True,False,False,False
XLP,2016-03-02T00:00:00.000Z,38.9946542902,0.0254574383458943,167.6526777934,169.36718528237049,True,discovery,False,False,True,False,False,False
XLP,2016-03-03T00:00:00.000Z,39.1912914142,0.0328881801869376,168.3098080498,169.3254917152335,True,discovery,False,False,True,False,False,False
XLP,2016-03-04T00:00:00.000Z,39.357676673,0.0468718567681434,168.857412244,169.28682630037903,True,discovery,False,False,True,False,False,False
XLP,2016-03-07T00:00:00.000Z,39.1156617511,0.042111626032101,168.9922108943,169.24945658872952,True,discovery,False,False,True,False,False,False
XLP,2016-03-08T00:00:00.000Z,39.2291062458,0.0478787878793625,167.1471872778,169.200292024523,True,discovery,False,False,True,False,False,False
XLP,2016-03-09T00:00:00.000Z,39.5240619318,0.0487658037318028,167.9728227975,169.157369451757,True,discovery,False,False,True,False,False,False
XLP,2016-03-10T00:00:00.000Z,39.5391878644,0.0504319871407219,168.1076088106,169.124612247681,True,discovery,True,False,True,True,False,False
XLP,2016-03-11T00:00:00.000Z,39.6677582917,0.0623860644107201,170.8203824679,169.097129445844,True,discovery,True,True,True,True,True,True
XLP,2016-03-14T00:00:00.000Z,39.6450693928,0.0469342919922957,170.6013429807,169.06954618249648,True,discovery,False,True,True,False,True,False
XLP,2016-03-15T00:00:00.000Z,39.7433879548,0.0412126015451512,170.3233242924,169.04604387329903,True,discovery,False,True,True,False,True,False
XLP,2016-03-16T00:00:00.000Z,39.8341435505,0.032947636793033,171.3090192557,169.025687803718,True,discovery,False,True,True,False,True,False
XLP,2016-03-17T00:00:00.000Z,40.0761584724,0.0439322301038174,172.3958205785,169.011636134686,True,discovery,False,True,True,False,True,False
XLP,2016-03-18T00:00:00.000Z,40.0239195515,0.0409309205354249,173.0694675723,168.9986316501295,True,discovery,False,True,True,False,True,False
XLP,2016-03-21T00:00:00.000Z,40.0467252037,0.0364275274033125,173.3150343249,168.994274071449,True,discovery,False,True,True,False,True,False
XLP,2016-03-22T00:00:00.000Z,39.8110667979,0.0305302891016914,173.2218860669,168.99094285536702,True,discovery,False,True,True,False,True,False
XLP,2016-03-23T00:00:00.000Z,39.818668682,0.0275085602187916,172.0787105219,168.98749115114202,True,discovery,False,True,True,False,True,False
XLP,2016-03-24T00:00:00.000Z,39.7730573777,0.0148442662261751,172.0024881492,168.983533993063,True,discovery,False,True,True,False,True,False
XLP,2016-03-28T00:00:00.000Z,39.9859101312,0.0348536055682706,172.1041128987,168.96968167884148,True,discovery,False,True,True,False,True,False
XLP,2016-03-29T00:00:00.000Z,40.2823836094,0.0460070224378204,173.6960928398,168.960929398539,True,discovery,False,True,True,False,True,False
XLP,2016-03-30T00:00:00.000Z,40.5484495513,0.0428803466910889,174.4582225719,168.963116707698,True,discovery,False,True,True,False,True,False
XLP,2016-03-31T00:00:00.000Z,40.3355967978,0.0343878547459517,174.0348213992,168.9666271394035,True,discovery,False,True,True,False,True,False
XLP,2016-04-01T00:00:00.000Z,40.7613023049,0.0400601979176205,175.2203396018,168.9712987191445,True,discovery,False,True,True,False,True,False
XLP,2016-04-04T00:00:00.000Z,40.776506073,0.0360496228420246,174.6529837241,168.97172431026902,True,discovery,False,True,True,False,True,False
XLP,2016-04-05T00:00:00.000Z,40.502838247,0.035463454631724,172.9085725863,168.954641011694,True,discovery,False,True,True,False,True,False
XLP,2016-04-06T00:00:00.000Z,40.8221173773,0.0406078874578121,174.7969384292,168.9506051699325,True,discovery,False,True,True,False,True,False
XLP,2016-04-07T00:00:00.000Z,40.3812081021,0.0216866923186951,172.7053357894,168.93161313093648,True,discovery,False,True,True,False,True,False
XLP,2016-04-08T00:00:00.000Z,40.6016627397,0.0268714390124491,173.1710796198,168.9142834134575,True,discovery,False,True,True,False,True,False
XLP,2016-04-11T00:00:00.000Z,40.3127911456,0.0162608849523762,172.7646178812,168.901335464522,True,discovery,False,True,True,False,True,False
XLP,2016-04-12T00:00:00.000Z,40.5636533194,0.023170193435626,174.3735372565,168.8992643024115,True,discovery,False,True,True,False,True,False
XLP,2016-04-13T00:00:00.000Z,40.2519760732,0.0127967982744303,176.1348878284,168.905708344195,True,discovery,False,True,True,False,True,False
XLP,2016-04-14T00:00:00.000Z,40.0695308558,0.0059091845416878,176.1433516179,168.930645589444,True,discovery,False,True,True,False,True,False
XLP,2016-04-15T00:00:00.000Z,40.3165920876,0.0059994177177831,175.9485904656,168.9528597351395,True,discovery,False,True,True,False,True,False
XLP,2016-04-18T00:00:00.000Z,40.5484495513,0.0131054131049077,177.1849269706,168.97425838819302,True,discovery,False,True,True,False,True,False
XLP,2016-04-19T00:00:00.000Z,40.5256438991,0.0119589977198872,177.7438072037,168.99949268871651,True,discovery,False,True,True,False,True,False
XLP,2016-04-20T00:00:00.000Z,39.9783082472,0.0042008783675402,177.9131778344,169.0282810827855,True,discovery,False,True,True,False,True,False
XLP,2016-04-21T00:00:00.000Z,39.3549537546,-0.0116456662854131,176.9562869502,169.046703942241,True,discovery,False,True,True,False,True,False
XLP,2016-04-22T00:00:00.000Z,39.4993895517,-0.0068807339451213,176.9562869502,169.079620950257,True,discovery,False,True,True,False,True,False
XLP,2016-04-25T00:00:00.000Z,39.7730573777,-0.0053231939150966,176.6514381059,169.1098891680425,True,discovery,False,True,True,False,True,False
XLP,2016-04-26T00:00:00.000Z,39.6134178125,-0.0166069069642614,176.9139442925,169.130307756375,True,discovery,False,True,True,False,True,False
XLP,2016-04-27T00:00:00.000Z,39.8034649139,-0.0183727034114457,177.2780760754,169.14305083732398,True,discovery,False,True,True,False,True,False
XLP,2016-04-28T00:00:00.000Z,39.8414743342,-0.0122502826988529,175.6691439981,169.143750872077,True,discovery,False,True,True,False,True,False
XLP,2016-04-29T00:00:00.000Z,39.7578536096,-0.0246176799699399,174.7207296053,169.1400836835355,True,discovery,False,True,True,False,True,False
XLP,2016-05-02T00:00:00.000Z,40.2139666529,-0.0137956748695662,176.1094846049,169.1365296942335,True,discovery,False,True,True,False,True,False
XLP,2016-05-03T00:00:00.000Z,40.1379478123,-0.0090090090100544,174.5767749002,169.12447915936448,True,discovery,False,True,True,False,True,False
XLP,2016-05-04T00:00:00.000Z,40.2595779572,-0.0137802607077116,173.6029445819,169.1069347251215,True,discovery,False,True,True,False,True,False
XLP,2016-05-05T00:00:00.000Z,40.2671798413,-0.0028237951799681,173.5690775689,169.09280284310097,True,discovery,False,True,True,False,True,False
XLP,2016-05-06T00:00:00.000Z,40.4724307108,-0.0031829245449506,174.2041793279,169.08380401292848,True,discovery,False,True,True,False,True,False
XLP,2016-05-09T00:00:00.000Z,40.6928853484,0.0094286253072179,174.348134033,169.0803146892825,True,discovery,False,True,True,False,True,False
XLP,2016-05-10T00:00:00.000Z,41.0957852033,0.0131184407802218,176.5159463434,169.096827394669,True,discovery,False,True,True,False,True,False
XLP,2016-05-11T00:00:00.000Z,40.7689041889,0.0128423040588105,174.8646843104,169.110081772153,True,discovery,False,True,True,False,True,False
XLP,2016-05-12T00:00:00.000Z,40.9893588265,0.0229557958641999,174.9154907575,169.112886169861,True,discovery,False,True,True,False,True,False
XLP,2016-05-13T00:00:00.000Z,40.4724307108,0.0038653719258163,173.3912439955,169.10198845534,True,discovery,False,True,True,False,True,False
XLP,2016-05-16T00:00:00.000Z,40.7308947686,0.0044994375695963,175.1017881203,169.099435212182,True,discovery,False,True,True,False,True,False
XLP,2016-05-17T00:00:00.000Z,39.9326969428,-0.0146314012376042,173.4674655214,169.09025140056053,True,discovery,False,True,True,False,True,False
XLP,2016-05-18T00:00:00.000Z,39.4689820155,-0.0127400646508264,173.5182719686,169.08432041053203,True,discovery,False,True,True,False,True,False
XLP,2016-05-19T00:00:00.000Z,39.8566781023,0.0127486961572496,172.9170363758,169.07709088647903,True,discovery,False,True,True,False,True,False
XLP,2016-05-20T00:00:00.000Z,39.6514272328,0.0038491147034311,174.0094181756,169.07207458295505,True,discovery,False,True,True,False,True,False
XLP,2016-05-23T00:00:00.000Z,39.6894366531,-0.0021024464829521,173.7723152126,169.073161488748,True,discovery,False,True,True,False,True,False
XLP,2016-05-24T00:00:00.000Z,40.0239195515,0.0103626943007797,176.0247992895,169.0873017585695,True,discovery,False,True,True,False,True,False
XLP,2016-05-25T00:00:00.000Z,40.0847346239,0.0070664629475956,177.2187939836,169.0961248919195,True,discovery,False,True,True,False,True,False
XLP,2016-05-26T00:00:00.000Z,40.2443741891,0.0101125739354015,177.2695995839,169.11340707415147,True,discovery,False,True,True,False,True,False
XLP,2016-05-27T00:00:00.000Z,40.2899854934,0.0133843212217954,178.031729316,169.13341700888702,True,discovery,False,True,True,False,True,False
XLP,2016-05-31T00:00:00.000Z,40.0315214355,-0.0045368620055501,177.6930007566,169.15264959757351,True,discovery,False,True,True,False,True,False
XLP,2016-06-01T00:00:00.000Z,40.4420231745,0.0075757575753989,178.0571325395,169.1709539549305,True,discovery,False,True,True,False,True,False
XLP,2016-06-02T00:00:00.000Z,40.4572269426,0.004909365557933,178.5990860405,169.1869700975305,True,discovery,False,True,True,False,True,False
XLP,2016-06-03T00:00:00.000Z,40.7156910005,0.0111383802135551,178.065596329,169.20294273226054,True,discovery,False,True,True,False,True,False
XLP,2016-06-06T00:00:00.000Z,40.7613023049,0.0071374906084629,178.9716807661,169.2303180147865,True,discovery,False,True,True,False,True,False
XLP,2016-06-07T00:00:00.000Z,40.7156910005,0.0005604334002062,179.2511145316,169.276874953023,True,discovery,False,True,True,False,True,False
XLP,2016-06-08T00:00:00.000Z,40.9589512903,-0.0033296337403722,179.8354098435,169.3529259735125,True,discovery,False,True,True,False,True,False
XLP,2016-06-09T00:00:00.000Z,41.1185908555,0.0085772888321882,179.589843091,169.46161049006596,True,discovery,False,True,True,False,True,False
XLP,2016-06-10T00:00:00.000Z,41.1489983917,0.0038946587546226,177.8877746109,169.571239180665,True,discovery,False,True,True,False,True,False
XLP,2016-06-13T00:00:00.000Z,40.8069136092,0.0082644628090189,176.5159463434,169.642979590049,True,discovery,False,True,True,False,True,False
XLP,2016-06-14T00:00:00.000Z,40.9665531744,0.005785740950176,176.1687539946,169.69432490390997,True,discovery,False,True,True,False,True,False
XLP,2016-06-15T00:00:00.000Z,40.8449230295,0.0228440890933734,175.9231872421,169.744109185191,True,discovery,False,True,True,False,True,False
XLP,2016-06-16T00:00:00.000Z,41.057775783,0.0402542372862835,176.4482004622,169.80359900744403,True,discovery,False,True,True,False,True,False
XLP,2016-06-17T00:00:00.000Z,40.8931448208,0.0260048445542728,175.7948509594,169.8838540468935,True,discovery,False,True,True,False,True,False
XLP,2016-06-20T00:00:00.000Z,41.0231585597,0.0345947528911465,176.9269810138,169.95460919042,True,discovery,False,True,True,False,True,False
XLP,2016-06-21T00:00:00.000Z,41.1302286976,0.036301650161806,177.4291999606,170.026875832228,True,discovery,False,True,True,False,True,False
XLP,2016-06-22T00:00:00.000Z,41.1531722986,0.0282144467546952,177.139787095,170.11044026447652,True,discovery,False,True,True,False,True,False
XLP,2016-06-23T00:00:00.000Z,41.4055519094,0.0329506306551043,179.4465982054,170.185255274263,True,discovery,False,True,True,False,True,False
XLP,2016-06-24T00:00:00.000Z,40.610173742,0.0090894580986944,173.0028360254,170.2390969332395,True,discovery,False,True,True,False,True,False
XLP,2016-06-27T00:00:00.000Z,40.5222232715,0.0057641564089925,169.9043803344,170.27290647987252,True,discovery,False,False,True,False,False,False
XLP,2016-06-28T00:00:00.000Z,40.7784268159,0.0186579313904777,172.9687802426,170.318331189202,True,discovery,False,True,True,False,True,False
XLP,2016-06-29T00:00:00.000Z,41.2525945695,0.0200428003194232,175.9140223649,170.381647497909,True,discovery,False,True,True,False,True,False
XLP,2016-06-30T00:00:00.000Z,42.1779864759,0.0425328096693671,178.314468151,170.446678522057,True,discovery,False,True,True,False,True,False
XLP,2016-07-01T00:00:00.000Z,41.979141934,0.0310310571294119,178.6890085564,170.506543423213,True,discovery,False,True,True,False,True,False
XLP,2016-07-05T00:00:00.000Z,42.2162258109,0.0356937444028893,177.4036649333,170.5618141997495,True,discovery,False,True,True,False,True,False
XLP,2016-07-06T00:00:00.000Z,42.2544651459,0.0377931482332229,178.4676953393,170.63617694349,True,discovery,False,True,True,False,True,False
XLP,2016-07-07T00:00:00.000Z,42.1709504383,0.0295905805646694,178.3570319209,170.70546439127048,True,discovery,False,True,True,False,True,False
XLP,2016-07-08T00:00:00.000Z,42.5909712936,0.0358081443810727,181.0128475581,170.798665941611,True,discovery,False,True,True,False,True,False
XLP,2016-07-11T00:00:00.000Z,42.5986191606,0.0352285796874316,181.6512658017,170.8963156884105,True,discovery,False,True,True,False,True,False
XLP,2016-07-12T00:00:00.000Z,42.3691831508,0.0382844327939513,182.9706660588,171.0033677382005,True,discovery,False,True,True,False,True,False
XLP,2016-07-13T00:00:00.000Z,42.6062670276,0.040025672802384,182.9451301803,171.1105433296465,True,discovery,False,True,True,False,True,False
XLP,2016-07-14T00:00:00.000Z,42.5986191606,0.0429354740081993,183.9665968163,171.24359386092397,True,discovery,False,True,True,False,True,False
XLP,2016-07-15T00:00:00.000Z,42.5986191606,0.0375286617020786,183.7197477207,171.37469835375347,True,discovery,False,True,True,False,True,False
XLP,2016-07-18T00:00:00.000Z,42.5527319586,0.040583504767671,184.2134595316,171.49357497431748,True,discovery,False,True,True,False,True,False
XLP,2016-07-19T00:00:00.000Z,42.5221404907,0.0365398956011289,184.0261884777,171.60925425017803,True,discovery,False,True,True,False,True,False
XLP,2016-07-20T00:00:00.000Z,42.3691831508,0.0301227222029107,184.7922852626,171.716747269824,True,discovery,False,True,True,False,True,False
XLP,2016-07-21T00:00:00.000Z,42.2468172789,0.0265749860634001,184.0942881261,171.8062213531665,True,discovery,False,True,True,False,True,False
XLP,2016-07-22T00:00:00.000Z,42.4456618207,0.0251200591064666,184.9199765723,171.9026710506195,True,discovery,False,True,True,False,True,False
XLP,2016-07-25T00:00:00.000Z,42.3997746188,0.0440677966110043,184.4177448573,171.98982662119602,True,discovery,False,True,True,False,True,False
XLP,2016-07-26T00:00:00.000Z,42.070916338,0.0382183636895665,184.5028723971,172.0698711980255,True,discovery,False,True,True,False,True,False
XLP,2016-07-27T00:00:00.000Z,41.4437912444,0.0163165791437684,184.3070942073,172.14843444180948,True,discovery,False,True,True,False,True,False
XLP,2016-07-28T00:00:00.000Z,41.6273400523,0.0090841675950503,184.5199002885,172.22726618268004,True,discovery,False,True,True,False,True,False
XLP,2016-07-29T00:00:00.000Z,41.8338324611,-0.008159564824097,184.8178211411,172.31290504000052,True,discovery,False,True,True,False,True,False
XLP,2016-08-01T00:00:00.000Z,41.8797196631,-0.00236837310911,184.6646067212,172.401797361993,True,discovery,False,True,True,False,True,False
XLP,2016-08-02T00:00:00.000Z,41.8185367272,-0.0094202898544597,183.481405761,172.471961405726,True,discovery,False,True,True,False,True,False
XLP,2016-08-03T00:00:00.000Z,41.5891007173,-0.0157466063362196,184.0176685734,172.54095470744846,True,discovery,False,True,True,False,True,False
XLP,2016-08-04T00:00:00.000Z,41.6808751212,-0.011621158925906,184.2134595316,172.610508262215,True,discovery,False,True,True,False,True,False
XLP,2016-08-05T00:00:00.000Z,41.7497059242,-0.0197521996763293,185.720117223,172.68868372998048,True,discovery,False,True,True,False,True,False
XLP,2016-08-08T00:00:00.000Z,41.7038187222,-0.0210053859968216,185.609466573,172.77158158650852,True,discovery,False,True,True,False,True,False
XLP,2016-08-09T00:00:00.000Z,41.8338324611,-0.0126353790629991,185.720117223,172.84096431758698,True,discovery,False,True,True,False,True,False
XLP,2016-08-10T00:00:00.000Z,41.986789801,-0.0145395799683343,185.2604611949,172.898376758169,True,discovery,False,True,True,False,True,False
XLP,2016-08-11T00:00:00.000Z,41.986789801,-0.0143626570920846,186.1201935068,172.96230697957003,True,discovery,False,True,True,False,True,False
XLP,2016-08-12T00:00:00.000Z,42.1320992739,-0.0109515260328317,185.958471951,173.027187140529,True,discovery,False,True,True,False,True,False
XLP,2016-08-15T00:00:00.000Z,42.025029136,-0.0124011502507854,186.4947339122,173.08482537989,True,discovery,False,True,True,False,True,False
XLP,2016-08-16T00:00:00.000Z,41.8414803281,-0.0160071942462272,185.5328597886,173.1378635995065,True,discovery,False,True,True,False,True,False
XLP,2016-08-17T00:00:00.000Z,41.9561983331,-0.0097472924184095,185.8818515471,173.19666631468698,True,discovery,False,True,True,False,True,False
XLP,2016-08-18T00:00:00.000Z,42.101507806,-0.0034395365677065,186.2989565736,173.2472544920235,True,discovery,False,True,True,False,True,False
XLP,2016-08-19T00:00:00.000Z,42.002085535,-0.0104504504505965,186.0265579799,173.2939265957345,True,discovery,False,True,True,False,True,False
XLP,2016-08-22T00:00:00.000Z,42.063268471,-0.0079365079372567,186.018050844,173.3431521145975,True,discovery,False,True,True,False,True,False
XLP,2016-08-23T00:00:00.000Z,41.979141934,-0.0021814215612202,186.3925912493,173.3952133495055,True,discovery,False,True,True,False,True,False
XLP,2016-08-24T00:00:00.000Z,41.9103111311,0.0112566894266228,185.4392242617,173.442968321397,True,discovery,False,True,True,False,True,False
XLP,2016-08-25T00:00:00.000Z,41.7497059242,0.0029395553918714,185.311532952,173.4982913909815,True,discovery,False,True,True,False,True,False
XLP,2016-08-26T00:00:00.000Z,41.5355656483,-0.0071297989032524,184.9625275739,173.54985966528952,True,discovery,False,True,True,False,True,False
XLP,2016-08-29T00:00:00.000Z,41.7802973922,-0.0023739956164893,185.8733444112,173.6094153781095,True,discovery,False,True,True,False,True,False
XLP,2016-08-30T00:00:00.000Z,41.5355656483,-0.0067666422846389,185.5669028031,173.67958123355248,True,discovery,False,True,True,False,True,False
XLP,2016-08-31T00:00:00.000Z,41.5891007173,0.0,185.0391479778,173.75673845505,True,discovery,False,True,True,False,True,False
XLP,2016-09-01T00:00:00.000Z,41.6043964513,-0.0018348623841898,185.0476551137,173.8210421984195,True,discovery,False,True,True,False,True,False
XLP,2016-09-02T00:00:00.000Z,41.9256068651,0.0042132258660543,185.8818515471,173.8901449765765,True,discovery,False,True,True,False,True,False
XLP,2016-09-06T00:00:00.000Z,42.0167694397,0.0075041261709065,186.4436630064,173.9484071350775,True,discovery,False,True,True,False,True,False
XLP,2016-09-07T00:00:00.000Z,41.6502836533,-0.0043875685540089,186.426635115,174.00733781726598,True,discovery,False,True,True,False,True,False
XLP,2016-09-08T00:00:00.000Z,41.4208476434,-0.0134790528230981,186.0010229526,174.06095830536503,True,discovery,False,True,True,False,True,False
XLP,2016-09-09T00:00:00.000Z,40.2966111952,-0.0402550091066915,181.5491231389,174.09332417858852,True,discovery,False,True,True,False,True,False
XLP,2016-09-12T00:00:00.000Z,41.0537500277,-0.0255944817558146,184.153867019,174.137541406321,True,discovery,False,True,True,False,True,False
XLP,2016-09-13T00:00:00.000Z,40.548990806,-0.0351228389449367,181.5065593689,174.168647706327,True,discovery,False,True,True,False,True,False
XLP,2016-09-14T00:00:00.000Z,40.4266249341,-0.0338146591111359,181.4384597205,174.198408623898,True,discovery,False,True,True,False,True,False
XLP,2016-09-15T00:00:00.000Z,40.7554832149,-0.0286183011307945,183.2515717884,174.24087780700748,True,discovery,False,True,True,False,True,False
XLP,2016-09-16T00:00:00.000Z,40.6240523262,-0.0350926975491705,182.5468125259,174.271491029039,True,discovery,False,True,True,False,True,False
XLP,2016-09-19T00:00:00.000Z,40.5394028518,-0.0348240489625487,182.581041872,174.311277485362,True,discovery,False,True,True,False,True,False
XLP,2016-09-20T00:00:00.000Z,40.6471385465,-0.0336666639559009,182.5895921504,174.3633327840895,True,discovery,False,True,True,False,True,False
XLP,2016-09-21T00:00:00.000Z,40.8703053428,-0.0264139889505916,184.6428986285,174.4088646751525,True,discovery,False,True,True,False,True,False
XLP,2016-09-22T00:00:00.000Z,41.2319894609,-0.0161850783707649,185.8064226253,174.46553169838649,True,discovery,False,True,True,False,True,False
XLP,2016-09-23T00:00:00.000Z,41.0472996984,-0.0168242197220568,184.7883389143,174.5229701275235,True,discovery,False,True,True,False,True,False
XLP,2016-09-26T00:00:00.000Z,40.7010063939,-0.0200926420857388,183.2911418884,174.579663669658,True,discovery,False,True,True,False,True,False
XLP,2016-09-27T00:00:00.000Z,40.8703053428,-0.0217804110118633,184.4290133391,174.6398274497865,True,discovery,False,True,True,False,True,False
XLP,2016-09-28T00:00:00.000Z,40.9395640037,-0.0143491881065641,185.3444355335,174.721274540593,True,discovery,False,True,True,False,True,False
XLP,2016-09-29T00:00:00.000Z,40.5394028518,-0.0252397346274754,183.6675697313,174.790066544569,True,discovery,False,True,True,False,True,False
XLP,2016-09-30T00:00:00.000Z,40.9472594105,-0.0157948942143459,185.053554962,174.856870127487,True,discovery,False,True,True,False,True,False
XLP,2016-10-03T00:00:00.000Z,40.6856155804,-0.0295759889341566,184.6086701379,174.9088882338745,True,discovery,False,True,True,False,True,False
XLP,2016-10-04T00:00:00.000Z,40.3393222758,-0.0399232779261473,183.6675697313,174.96947368360898,True,discovery,False,True,True,False,True,False
XLP,2016-10-05T00:00:00.000Z,40.300845242,-0.0323992610118294,184.4803440975,175.04931538871404,True,discovery,False,True,True,False,True,False
XLP,2016-10-06T00:00:00.000Z,40.3777993097,-0.0251817235291706,184.6086701379,175.12284829893647,True,discovery,False,True,True,False,True,False
XLP,2016-10-07T00:00:00.000Z,40.2700636149,-0.0006588042893085,183.975564548,175.185507027934,True,discovery,False,True,True,False,True,False
XLP,2016-10-10T00:00:00.000Z,40.2700636149,-0.0190892771615558,184.9337800555,175.24234163979452,True,discovery,False,True,True,False,True,False
XLP,2016-10-11T00:00:00.000Z,40.0622876322,-0.0120028430825456,182.5981432842,175.28893027660396,True,discovery,False,True,True,False,True,False
XLP,2016-10-12T00:00:00.000Z,40.2854544284,-0.0034920180927822,182.8377067859,175.33869654897651,True,discovery,False,True,True,False,True,False
XLP,2016-10-13T00:00:00.000Z,40.2931498352,-0.011344077979941,182.2388177091,175.3762432663075,True,discovery,False,True,True,False,True,False
XLP,2016-10-14T00:00:00.000Z,40.300845242,-0.0079560522816566,182.3329272365,175.4204527281685,True,discovery,False,True,True,False,True,False
XLP,2016-10-17T00:00:00.000Z,40.1084600728,-0.0106302201977517,181.6998353352,175.47017423093152,True,discovery,False,True,True,False,True,False
XLP,2016-10-18T00:00:00.000Z,40.2315865811,-0.0102234002259375,182.8377067859,175.53759035379,True,discovery,False,True,True,False,True,False
XLP,2016-10-19T00:00:00.000Z,40.000724378,-0.0212765957461384,183.3253584015,175.60601253855802,True,discovery,False,True,True,False,True,False
XLP,2016-10-20T00:00:00.000Z,39.9776381577,-0.0304217991806943,182.9831470717,175.683423083654,True,discovery,False,True,True,False,True,False
XLP,2016-10-21T00:00:00.000Z,40.1931095472,-0.020809898762556,183.0686934876,175.781354424741,True,discovery,False,True,True,False,True,False
XLP,2016-10-24T00:00:00.000Z,40.4547533773,-0.0060502930619649,183.8472385076,175.8921508789175,True,discovery,False,True,True,False,True,False
XLP,2016-10-25T00:00:00.000Z,40.6009661059,-0.0065900960279331,183.2312480186,175.99906701603203,True,discovery,False,True,True,False,True,False
XLP,2016-10-26T00:00:00.000Z,40.5470982585,-0.0095864661666775,182.8633713096,176.097614569764,True,discovery,False,True,True,False,True,False
XLP,2016-10-27T00:00:00.000Z,40.3624084961,-0.0043659832964741,182.375706861,176.2140695994705,True,discovery,False,True,True,False,True,False
XLP,2016-10-28T00:00:00.000Z,40.531707445,-0.0101484683342065,181.8367116539,176.314771316652,True,discovery,False,True,True,False,True,False
XLP,2016-10-31T00:00:00.000Z,40.631747733,-0.0013240022703736,181.8452756209,176.432870833423,True,discovery,False,True,True,False,True,False
XLP,2016-11-01T00:00:00.000Z,40.4547533773,0.002861503242687,180.5277353939,176.5433295543495,True,discovery,False,True,True,False,True,False
XLP,2016-11-02T00:00:00.000Z,40.3547130894,0.0013366431169503,179.4412066791,176.6585074815535,True,discovery,False,True,True,False,True,False
XLP,2016-11-03T00:00:00.000Z,40.0776784457,-0.0074328187551296,178.6198820345,176.765197877843,True,discovery,False,True,True,False,True,False
XLP,2016-11-04T00:00:00.000Z,39.7159943276,-0.0137588381433546,178.4231109904,176.8547709995335,True,discovery,False,True,True,False,True,False
XLP,2016-11-07T00:00:00.000Z,40.3854947164,0.0028664246126812,182.3585926156,176.97615320146852,True,discovery,False,True,True,False,True,False
XLP,2016-11-08T00:00:00.000Z,40.5547936653,0.0122935074906742,183.1799181158,177.0908583495015,True,discovery,False,True,True,False,True,False
XLP,2016-11-09T00:00:00.000Z,40.000724378,-0.0070678127984395,185.1219999657,177.22399349728147,True,discovery,False,True,True,False,True,False
XLP,2016-11-10T00:00:00.000Z,38.9310628373,-0.0338044308640791,185.5839862021,177.35531046183098,True,discovery,False,True,True,False,True,False
XLP,2016-11-11T00:00:00.000Z,38.8925858035,-0.0349436700407556,185.1562156233,177.4650695070385,True,discovery,False,True,True,False,True,False
XLP,2016-11-14T00:00:00.000Z,38.8233271426,-0.0320414428244659,185.301655909,177.57585064968,True,discovery,False,True,True,False,True,False
XLP,2016-11-15T00:00:00.000Z,39.0618847524,-0.0290742157618387,186.747523032,177.7085622879605,True,discovery,False,True,True,False,True,False
XLP,2016-11-16T00:00:00.000Z,39.0695801592,-0.0232781839148923,186.3967477352,177.83471794209296,True,discovery,False,True,True,False,True,False
XLP,2016-11-17T00:00:00.000Z,39.0003214983,-0.0244465832509857,187.3549623872,177.9644009431965,True,discovery,False,True,True,False,True,False
XLP,2016-11-18T00:00:00.000Z,38.8618041764,-0.0331227264025594,186.9357429422,178.107363067749,True,discovery,False,True,True,False,True,False
XLP,2016-11-21T00:00:00.000Z,39.1234480065,-0.0329085029485565,188.3473807191,178.2680406954365,True,discovery,False,True,True,False,True,False
XLP,2016-11-22T00:00:00.000Z,39.3235285825,-0.0314632297189194,188.7152702612,178.43051566810797,True,discovery,False,True,True,False,True,False
XLP,2016-11-23T00:00:00.000Z,39.108057193,-0.0354906054269451,188.8179309224,178.59417787836347,True,discovery,False,True,True,False,True,False
XLP,2016-11-25T00:00:00.000Z,39.4158734637,-0.0234509056240154,189.5194806604,178.77149968294802,True,discovery,False,True,True,False,True,False
XLP,2016-11-28T00:00:00.000Z,39.5005229381,-0.0254414277587313,188.6297110122,178.928491954219,True,discovery,False,True,True,False,True,False
XLP,2016-11-29T00:00:00.000Z,39.5543907855,-0.0265151515159905,188.9976005543,179.074054705132,True,discovery,False,True,True,False,True,False
XLP,2016-11-30T00:00:00.000Z,38.9233674306,-0.0378542895174165,188.5441645963,179.20429187657948,True,discovery,False,True,True,False,True,False
XLP,2016-12-01T00:00:00.000Z,38.6694190072,-0.0417620137322368,187.8511779697,179.3343919320885,True,discovery,False,True,True,False,True,False
XLP,2016-12-02T00:00:00.000Z,38.9156720238,-0.0289938556065408,187.9452755194,179.46534157259197,True,discovery,False,True,True,False,True,False
XLP,2016-12-05T00:00:00.000Z,38.9618444644,-0.0189885681063236,189.0745958363,179.59022740572,True,discovery,False,True,True,False,True,False
XLP,2016-12-06T00:00:00.000Z,39.0772755659,-0.0323932926830965,189.67347208,179.72847003831103,True,discovery,False,True,True,False,True,False
XLP,2016-12-07T00:00:00.000Z,39.63904026,-0.0225806451601686,192.154549137,179.8754112049325,True,discovery,False,True,True,False,True,False
XLP,2016-12-08T00:00:00.000Z,39.4774367178,-0.0130819545979972,192.6250865072,180.0148481087715,True,discovery,False,True,True,False,True,False
XLP,2016-12-09T00:00:00.000Z,40.0468968186,0.0286617908677004,193.7886233371,180.1619982546005,True,discovery,False,True,True,False,True,False
XLP,2016-12-12T00:00:00.000Z,40.2085003608,0.0338345864671612,193.5661869138,180.314481149512,True,discovery,False,True,True,False,True,False
XLP,2016-12-13T00:00:00.000Z,40.3931901232,0.0404360753222878,194.8580497842,180.4542570224205,True,discovery,False,True,True,False,True,False
XLP,2016-12-14T00:00:00.000Z,39.9545519374,0.022852639872815,193.2496409632,180.5822418382695,True,discovery,False,True,True,False,True,False
XLP,2016-12-15T00:00:00.000Z,40.1238508863,0.0269844396280705,194.045288251,180.7109192392755,True,discovery,False,True,True,False,True,False
XLP,2016-12-16T00:00:00.000Z,40.3515118001,0.0346456195715949,193.6679304349,180.83497183023,True,discovery,False,True,True,False,True,False
XLP,2016-12-19T00:00:00.000Z,40.4290363185,0.0403283423226077,194.0896263595,180.960458907556,True,discovery,False,True,True,False,True,False
XLP,2016-12-20T00:00:00.000Z,40.3515118001,0.031389457120343,194.8383383058,181.098914662696,True,discovery,False,True,True,False,True,False
XLP,2016-12-21T00:00:00.000Z,40.3437593483,0.0259445375981346,194.2961730761,181.23053141408897,True,discovery,False,True,True,False,True,False
XLP,2016-12-22T00:00:00.000Z,40.2817397336,0.0300112719690426,193.9605425146,181.359796082609,True,discovery,False,True,True,False,True,False
XLP,2016-12-23T00:00:00.000Z,40.359264252,0.0239342859969553,194.2445400545,181.476916870542,True,discovery,False,True,True,False,True,False
XLP,2016-12-27T00:00:00.000Z,40.3515118001,0.0215437366065649,194.726469771,181.5975425044935,True,discovery,False,True,True,False,True,False
XLP,2016-12-28T00:00:00.000Z,40.1034333414,0.0138806980716101,193.117151526,181.71151164066148,True,discovery,False,True,True,False,True,False
XLP,2016-12-29T00:00:00.000Z,40.2894921855,0.0350978048683938,193.0741321836,181.820337205301,True,discovery,False,True,True,False,True,False
XLP,2016-12-30T00:00:00.000Z,40.0879284378,0.036682977583291,192.3684395798,181.92020030030747,True,discovery,False,True,True,False,True,False
XLP,2017-01-03T00:00:00.000Z,40.2352250226,0.0339080100683597,193.84005944,182.024053259646,True,discovery,False,True,True,False,True,False
XLP,2017-01-04T00:00:00.000Z,40.2352250226,0.0326827586246205,194.9932520007,182.132444348025,True,discovery,False,True,True,False,True,False
XLP,2017-01-05T00:00:00.000Z,40.3670167038,0.0330048888829257,194.8383383058,182.2405266092195,True,discovery,False,True,True,False,True,False
XLP,2017-01-06T00:00:00.000Z,40.405778963,0.0193430188513852,195.5354301393,182.3578102073065,True,discovery,False,True,True,False,True,False
XLP,2017-01-09T00:00:00.000Z,40.0801759859,0.0152679433674636,194.8899850969,182.472247692045,True,discovery,False,True,True,False,True,False
XLP,2017-01-10T00:00:00.000Z,39.8786122382,-0.00420218777905,194.8899850969,182.586177053036,True,discovery,False,True,True,False,True,False
XLP,2017-01-11T00:00:00.000Z,39.9561367566,-0.0062763744465842,195.4407640058,182.694900408866,True,discovery,False,True,True,False,True,False
XLP,2017-01-12T00:00:00.000Z,39.9173744974,-0.0117796000847855,194.9502197494,182.7973603947535,True,discovery,False,True,True,False,True,False
XLP,2017-01-13T00:00:00.000Z,39.9406318529,-0.0003483979628106,195.3977317545,182.90417494653,True,discovery,False,True,True,False,True,False
XLP,2017-01-17T00:00:00.000Z,40.5065608368,0.0095382158503303,194.7092544608,183.00161952082505,True,discovery,False,True,True,False,True,False
XLP,2017-01-18T00:00:00.000Z,40.6461049699,0.0073006724322848,195.1395511558,183.1040523579835,True,discovery,False,True,True,False,True,False
XLP,2017-01-19T00:00:00.000Z,40.498808385,0.0017257909872085,194.4166561507,183.2115927758055,True,discovery,False,True,True,False,True,False
XLP,2017-01-20T00:00:00.000Z,40.7623917474,0.0101825168121454,195.1309495249,183.313262831284,True,discovery,False,True,True,False,True,False
XLP,2017-01-23T00:00:00.000Z,40.7468868437,0.0099923136046811,194.6231899583,183.42285210212853,True,discovery,False,True,True,False,True,False
XLP,2017-01-24T00:00:00.000Z,41.0182226579,0.0182832948420468,195.8710607007,183.536352007533,True,discovery,False,True,True,False,True,False
XLP,2017-01-25T00:00:00.000Z,41.0104702061,0.0161352285818177,197.5664305394,183.660361070824,True,discovery,False,True,True,False,True,False
XLP,2017-01-26T00:00:00.000Z,40.8321638139,0.0119116234400618,197.3598838229,183.775292803656,True,discovery,False,True,True,False,True,False
XLP,2017-01-27T00:00:00.000Z,40.6073427107,0.0125652426067921,197.0500693419,183.8798687112235,True,discovery,False,True,True,False,True,False
XLP,2017-01-30T00:00:00.000Z,40.5763329033,0.0071194920124415,195.8280284495,183.9782920953815,True,discovery,False,True,True,False,True,False
XLP,2017-01-31T00:00:00.000Z,40.7701441992,0.0170179849142995,195.8108131393,184.07760320875,True,discovery,False,True,True,False,True,False
XLP,2017-02-01T00:00:00.000Z,40.452293674,0.0053949903667265,195.888263102,184.171119889407,True,discovery,False,True,True,False,True,False
XLP,2017-02-02T00:00:00.000Z,40.8244113621,0.0146435452807598,196.0173598558,184.2624876526675,True,discovery,False,True,True,False,True,False
XLP,2017-02-03T00:00:00.000Z,41.0879947244,0.0178605723056104,197.3684845932,184.35976418646152,True,discovery,False,True,True,False,True,False
XLP,2017-02-06T00:00:00.000Z,40.8631736212,0.0113200306970653,197.0156387216,184.46006094531847,True,discovery,False,True,True,False,True,False
XLP,2017-02-07T00:00:00.000Z,41.1965290501,0.0278529980654955,197.0242524008,184.5604007725715,True,discovery,False,True,True,False,True,False
XLP,2017-02-08T00:00:00.000Z,41.3670829905,0.0373250388807206,197.2824329996,184.66355574704,True,discovery,False,True,True,False,True,False
XLP,2017-02-09T00:00:00.000Z,41.5376369309,0.0395809080325755,198.4528408704,184.7712502299295,True,discovery,False,True,True,False,True,False
XLP,2017-02-10T00:00:00.000Z,41.5686467382,0.0413672557774951,199.2359713887,184.881039706496,True,discovery,False,True,True,False,True,False
XLP,2017-02-13T00:00:00.000Z,41.5686467382,0.0407608695650065,200.3203268052,185.0042956205315,True,discovery,False,True,True,False,True,False
XLP,2017-02-14T00:00:00.000Z,41.57639919,0.0264114832535486,201.1206726337,185.13629533567348,True,discovery,False,True,True,False,True,False
XLP,2017-02-15T00:00:00.000Z,41.9562693299,0.032233454127283,202.1705974299,185.2666008997985,True,discovery,False,True,True,False,True,False
XLP,2017-02-16T00:00:00.000Z,42.0105364928,0.0373277182239248,201.9984813337,185.403709431966,True,discovery,False,True,True,False,True,False
XLP,2017-02-17T00:00:00.000Z,42.2198526923,0.0357550399380812,202.316896585,185.54727919198152,True,discovery,False,True,True,False,True,False
XLP,2017-02-21T00:00:00.000Z,42.5997228322,0.0454718417043062,203.5217350762,185.697042479518,True,discovery,False,True,True,False,True,False
XLP,2017-02-22T00:00:00.000Z,42.6074752841,0.038745038746673,203.3410053008,185.8427266093825,True,discovery,False,True,True,False,True,False
XLP,2017-02-23T00:00:00.000Z,42.7082571579,0.0413988657839738,203.4787028249,185.988379453342,True,discovery,False,True,True,False,True,False
XLP,2017-02-24T00:00:00.000Z,42.8555537428,0.0495538257076446,203.7368834237,186.1244841387435,True,discovery,False,True,True,False,True,False
XLP,2017-02-27T00:00:00.000Z,42.6617424469,0.0505918289417806,204.0552995356,186.2704372148696,True,discovery,True,True,True,True,True,True
XLP,2017-02-28T00:00:00.000Z,42.7160096098,0.0527321360360286,203.504519766,186.413382359912,True,discovery,True,True,True,True,True,True
XLP,2017-03-01T00:00:00.000Z,42.9175733575,0.0526716105738507,206.3530821654,186.57819155076152,True,discovery,True,True,True,True,True,True
XLP,2017-03-02T00:00:00.000Z,42.9098209056,0.0607512456872014,205.0535904496,186.727950562408,True,discovery,True,True,True,True,True,True
XLP,2017-03-03T00:00:00.000Z,42.7470194171,0.0470945689319817,205.1826742945,186.88652660627343,True,discovery,False,True,True,False,True,False
XLP,2017-03-06T00:00:00.000Z,42.5609605731,0.0358490566059501,204.571660733,187.0417935500955,True,discovery,False,True,True,False,True,False
XLP,2017-03-07T00:00:00.000Z,42.5066934102,0.0402200720931607,203.9606334021,187.197011535227,True,discovery,False,True,True,False,True,False
XLP,2017-03-08T00:00:00.000Z,42.4136639882,0.0295445991729015,203.5819705893,187.3448742972955,True,discovery,False,True,True,False,True,False
XLP,2017-03-09T00:00:00.000Z,42.4834360547,0.0269865067463512,203.8401511881,187.495213477173,True,discovery,False,True,True,False,True,False
XLP,2017-03-10T00:00:00.000Z,42.6772473506,0.0274356103019486,204.5544445623,187.63786170353697,True,discovery,False,True,True,False,True,False
XLP,2017-03-13T00:00:00.000Z,42.7082571579,0.0274151436027563,204.6577123267,187.77505629525248,True,discovery,False,True,True,False,True,False
XLP,2017-03-14T00:00:00.000Z,42.5842179286,0.0244311823956184,203.8745688995,187.9080811418305,True,discovery,False,True,True,False,True,False
XLP,2017-03-15T00:00:00.000Z,42.9020684538,0.0318851389159946,205.6387879306,188.0461164349035,True,discovery,False,True,True,False,True,False
XLP,2017-03-16T00:00:00.000Z,42.9640880685,0.0240206947542349,205.2343081767,188.183822972004,True,discovery,False,True,True,False,True,False
XLP,2017-03-17T00:00:00.000Z,42.8476834537,0.0199270714156072,204.8755448649,188.317915033631,True,discovery,False,True,True,False,True,False
XLP,2017-03-20T00:00:00.000Z,42.9233566087,0.0166628699897928,204.6508196508,188.4481737016825,True,discovery,False,True,True,False,True,False
XLP,2017-03-21T00:00:00.000Z,42.8944433847,0.006918367841521,202.023205855,188.5679617493125,True,discovery,False,True,True,False,True,False
XLP,2017-03-22T00:00:00.000Z,42.8087168445,0.004723151490628,202.4985978508,188.685596334736,True,discovery,False,True,True,False,True,False
XLP,2017-03-23T00:00:00.000Z,42.7151969825,0.0001624937438757,202.2825117586,188.800753320871,True,discovery,False,True,True,False,True,False
XLP,2017-03-24T00:00:00.000Z,42.6294704423,-0.0052754726226815,202.1355749446,188.9122541463765,True,discovery,False,True,True,False,True,False
XLP,2017-03-27T00:00:00.000Z,42.5905038331,-0.0016698477304031,201.9281271101,189.02394556647204,True,discovery,False,True,True,False,True,False
XLP,2017-03-28T00:00:00.000Z,42.6684370515,-0.0011136938757754,203.3975229091,189.151494307963,True,discovery,False,True,True,False,True,False
XLP,2017-03-29T00:00:00.000Z,42.7463702698,-0.0039891138828815,203.5876665694,189.286852909093,True,discovery,False,True,True,False,True,False
XLP,2017-03-30T00:00:00.000Z,42.6606437296,-0.0058069964111056,204.235924846,189.42718876335,True,discovery,False,True,True,False,True,False
XLP,2017-03-31T00:00:00.000Z,42.5359505802,-0.0049376269919666,203.7605458153,189.566375556216,True,discovery,False,True,True,False,True,False
XLP,2017-04-03T00:00:00.000Z,42.4658106837,-0.0022356142370558,203.4061620311,189.70116536406047,True,discovery,False,True,True,False,True,False
XLP,2017-04-04T00:00:00.000Z,42.5905038331,0.0019716994236933,203.5358085003,189.83987015176496,True,discovery,False,True,True,False,True,False
XLP,2017-04-05T00:00:00.000Z,42.5125706147,0.002331951951322,202.9307700352,189.969889096872,True,discovery,False,True,True,False,True,False
XLP,2017-04-06T00:00:00.000Z,42.5125706147,0.0006857863371148,203.5012399116,190.100249296627,True,discovery,False,True,True,False,True,False
XLP,2017-04-07T00:00:00.000Z,42.6294704423,-0.0011194936708899,203.2937929414,190.23101932585897,True,discovery,False,True,True,False,True,False
XLP,2017-04-10T00:00:00.000Z,42.7541635916,0.0010748842672336,203.4148002887,190.3508603362755,True,discovery,False,True,True,False,True,False
XLP,2017-04-11T00:00:00.000Z,42.7697502353,0.0043568325479426,203.1727855941,190.501710084119,True,discovery,False,True,True,False,True,False
XLP,2017-04-12T00:00:00.000Z,42.9334099939,0.000730536806955,202.2825117586,190.66360074124,True,discovery,False,True,True,False,True,False
XLP,2017-04-13T00:00:00.000Z,42.738576948,-0.0052488282805036,200.9687048607,190.8036003643305,True,discovery,False,True,True,False,True,False
XLP,2017-04-17T00:00:00.000Z,43.0425164996,0.0045471080393535,202.7492646325,190.9377765756685,True,discovery,False,True,True,False,True,False
XLP,2017-04-18T00:00:00.000Z,43.2373495455,0.0073151999658938,202.1442132023,191.056925300925,True,discovery,False,True,True,False,True,False
XLP,2017-04-19T00:00:00.000Z,43.0736897869,0.0041787790691774,201.7725511741,191.1723430140135,True,discovery,False,True,True,False,True,False
XLP,2017-04-20T00:00:00.000Z,42.9879632467,0.0041871472777634,203.4148002887,191.3023986907905,True,discovery,False,True,True,False,True,False
XLP,2017-04-21T00:00:00.000Z,42.8632700973,0.0034665207059836,202.7665420121,191.4238929241545,True,discovery,False,True,True,False,True,False
XLP,2017-04-24T00:00:00.000Z,43.2529361891,0.0146252285175316,204.9965522122,191.55709052561104,True,discovery,False,True,True,False,True,False
XLP,2017-04-25T00:00:00.000Z,43.4243892695,0.0195791399807749,206.1893517629,191.68297304663503,True,discovery,False,True,True,False,True,False
XLP,2017-04-26T00:00:00.000Z,43.0736897869,0.0094977168934231,206.0596923284,191.8050151792685,True,discovery,False,True,True,False,True,False
XLP,2017-04-27T00:00:00.000Z,43.0191365341,0.0063810391988463,206.2325715743,191.92132470684604,True,discovery,False,True,True,False,True,False
XLP,2017-04-28T00:00:00.000Z,43.0035498904,0.0080379978083191,205.7831090452,192.0355146011705,True,discovery,False,True,True,False,True,False
XLP,2017-05-01T00:00:00.000Z,42.8398901318,0.0071454745328172,206.3017078874,192.147190156526,True,discovery,False,True,True,False,True,False
XLP,2017-05-02T00:00:00.000Z,42.5515372239,0.0020187190311407,206.3795083883,192.260488959864,True,discovery,False,True,True,False,True,False
XLP,2017-05-03T00:00:00.000Z,42.5905038331,0.0,206.1288416066,192.370065870239,True,discovery,False,True,True,False,True,False
XLP,2017-05-04T00:00:00.000Z,42.9178233502,0.0095325389558982,206.3708571655,192.481789213678,True,discovery,False,True,True,False,True,False
XLP,2017-05-05T00:00:00.000Z,43.0347231777,0.0122823098074302,207.1833426009,192.5937445003695,True,discovery,False,True,True,False,True,False
XLP,2017-05-08T00:00:00.000Z,43.0191365341,0.0091407678246302,207.1487748765,192.7090169341215,True,discovery,False,True,True,False,True,False
XLP,2017-05-09T00:00:00.000Z,42.8632700973,0.002551950419197,206.9586173867,192.81921013819348,True,discovery,False,True,True,False,True,False
XLP,2017-05-10T00:00:00.000Z,42.8944433847,0.0029154518956502,207.3302794149,192.9337728109815,True,discovery,False,True,True,False,True,False
XLP,2017-05-11T00:00:00.000Z,42.9567899594,0.0005445634414624,206.9067593176,193.045792245584,True,discovery,False,True,True,False,True,False
XLP,2017-05-12T00:00:00.000Z,42.83209681,0.002188183806723,206.561013791,193.15706184350253,True,discovery,False,True,True,False,True,False
XLP,2017-05-15T00:00:00.000Z,42.9723766031,-0.0016295491575323,207.7019544082,193.27297211410092,True,discovery,False,True,True,False,True,False
XLP,2017-05-16T00:00:00.000Z,42.9334099939,-0.0070295602018841,207.5117977827,193.38644199730896,True,discovery,False,True,True,False,True,False
XLP,2017-05-17T00:00:00.000Z,42.8710634192,-0.0047041794817778,203.8296950935,193.4822674391705,True,discovery,False,True,True,False,True,False
XLP,2017-05-18T00:00:00.000Z,42.9022367065,-0.0019941986948307,204.6508196508,193.5881145086195,True,discovery,False,True,True,False,True,False
XLP,2017-05-19T00:00:00.000Z,43.1360363616,0.0063636363646732,205.9819047926,193.6979356897156,True,discovery,False,True,True,False,True,False
XLP,2017-05-22T00:00:00.000Z,43.3776293385,0.0028828828834843,207.0277666649,193.812007225382,True,discovery,False,True,True,False,True,False
XLP,2017-05-23T00:00:00.000Z,43.4243892695,0.0,207.485868316,193.92083598084704,True,discovery,False,True,True,False,True,False
XLP,2017-05-24T00:00:00.000Z,43.5958423499,0.0121223086664568,207.9698994338,194.032638145151,True,discovery,False,True,True,False,True,False
XLP,2017-05-25T00:00:00.000Z,43.8686086142,0.0197463768113208,208.9638902718,194.148857010395,True,discovery,False,True,True,False,True,False
XLP,2017-05-26T00:00:00.000Z,44.0322683727,0.0239217107639211,208.9206834255,194.267158121548,True,discovery,False,True,True,False,True,False
XLP,2017-05-30T00:00:00.000Z,44.0166817291,0.027469528835847,208.7391650577,194.3802529793025,True,discovery,False,True,True,False,True,False
XLP,2017-05-31T00:00:00.000Z,44.1413748784,0.0373626373621829,208.6873061243,194.493897150169,True,discovery,False,True,True,False,True,False
XLP,2017-06-01T00:00:00.000Z,44.4998676829,0.0448307410798014,210.3468464479,194.6131577128476,True,discovery,False,True,True,False,True,False
XLP,2017-06-02T00:00:00.000Z,44.6323541541,0.0399491556202606,211.0469627936,194.7407282278725,True,discovery,False,True,True,False,True,False
XLP,2017-06-05T00:00:00.000Z,44.6791140851,0.03821079319158,210.8913868576,194.865775904425,True,discovery,False,True,True,False,True,False
XLP,2017-06-06T00:00:00.000Z,44.5700075794,0.0360507246367129,210.2171999787,194.9853671214505,True,discovery,False,True,True,False,True,False
XLP,2017-06-07T00:00:00.000Z,44.5544209357,0.0394545454549097,210.6061523516,195.10826509330897,True,discovery,False,True,True,False,True,False
XLP,2017-06-08T00:00:00.000Z,44.2193080968,0.0308866279069741,210.7098693541,195.2317241858595,True,discovery,False,True,True,False,True,False
XLP,2017-06-09T00:00:00.000Z,44.1647548439,0.0281204644397705,210.3900662594,195.35171156091,True,discovery,False,True,True,False,True,False
XLP,2017-06-12T00:00:00.000Z,44.1569615221,0.0309315866084491,210.3468464479,195.476249671841,True,discovery,False,True,True,False,True,False
XLP,2017-06-13T00:00:00.000Z,44.2271014186,0.029198404060563,211.3754179755,195.6065690969585,True,discovery,False,True,True,False,True,False
XLP,2017-06-14T00:00:00.000Z,44.5076610047,0.0366672717360132,211.1074729498,195.737293823838,True,discovery,False,True,True,False,True,False
XLP,2017-06-15T00:00:00.000Z,44.4063478209,0.0358116706060624,210.7012302322,195.861433252943,True,discovery,False,True,True,False,True,False
XLP,2017-06-16T00:00:00.000Z,43.9432600647,0.0242650136243893,210.7471295112,195.98733438648352,True,discovery,False,True,True,False,True,False
XLP,2017-06-19T00:00:00.000Z,44.1553186924,0.0236294851537952,212.5016228227,196.124646760708,True,discovery,False,True,True,False,True,False
XLP,2017-06-20T00:00:00.000Z,43.9825301809,0.0139449954187127,211.0684928282,196.2547509492805,True,discovery,False,True,True,False,True,False
XLP,2017-06-21T00:00:00.000Z,43.856865809,0.009959300447865,211.0163810316,196.380423596703,True,discovery,False,True,True,False,True,False
XLP,2017-06-22T00:00:00.000Z,43.5662669489,-0.0006783995767906,210.9208386846,196.502809475094,True,discovery,False,True,True,False,True,False
XLP,2017-06-23T00:00:00.000Z,43.5819749954,-0.006533911784638,211.1727285813,196.62653994242552,True,discovery,False,True,True,False,True,False
XLP,2017-06-26T00:00:00.000Z,43.7547635068,-0.0063023068344135,211.3116875818,196.7530932655715,True,discovery,False,True,True,False,True,False
XLP,2017-06-27T00:00:00.000Z,43.377770391,-0.0145152090753267,209.6093199639,196.89339424969648,True,discovery,False,True,True,False,True,False
XLP,2017-06-28T00:00:00.000Z,43.5348508559,-0.0137404877888567,211.4854097836,197.0300519635195,True,discovery,False,True,True,False,True,False
XLP,2017-06-29T00:00:00.000Z,43.0714634843,-0.0320990661989968,209.626694616,197.170652639755,True,discovery,False,True,True,False,True,False
XLP,2017-06-30T00:00:00.000Z,43.1500037168,-0.0332124635904698,210.0175435133,197.313548058719,True,discovery,False,True,True,False,True,False
XLP,2017-07-03T00:00:00.000Z,43.1107336006,-0.0351032135846004,210.3736561346,197.44915848045,True,discovery,False,True,True,False,True,False
XLP,2017-07-05T00:00:00.000Z,43.0793175076,-0.0334460358604242,210.8600465104,197.5907246503725,True,discovery,False,True,True,False,True,False
XLP,2017-07-06T00:00:00.000Z,42.8358427869,-0.0385725616607208,208.931844894,197.7224786654825,True,discovery,False,True,True,False,True,False
XLP,2017-07-07T00:00:00.000Z,42.8122807172,-0.0318192988574107,210.2867950337,197.860964679899,True,discovery,False,True,True,False,True,False
XLP,2017-07-10T00:00:00.000Z,42.5138278338,-0.0373810975728312,210.512619478,197.9903132841465,True,discovery,False,True,True,False,True,False
XLP,2017-07-11T00:00:00.000Z,42.3960174851,-0.0398791940455111,210.3562788768,198.113062565404,True,discovery,False,True,True,False,True,False
XLP,2017-07-12T00:00:00.000Z,42.6316381825,-0.0360743341735033,211.9370560664,198.2488061511645,True,discovery,False,True,True,False,True,False
XLP,2017-07-13T00:00:00.000Z,42.6394922058,-0.0419740951721259,212.2931652136,198.3938162677905,True,discovery,False,True,True,False,True,False
XLP,2017-07-14T00:00:00.000Z,42.9772152054,-0.0321830703408438,213.2833223543,198.5380878128665,True,discovery,False,True,True,False,True,False
XLP,2017-07-17T00:00:00.000Z,43.0243393449,-0.020911528148959,213.2572655875,198.6776519631365,True,discovery,False,True,True,False,True,False
XLP,2017-07-18T00:00:00.000Z,43.0243393449,-0.0256136606187527,213.3701782439,198.82616500569952,True,discovery,False,True,True,False,True,False
XLP,2017-07-19T00:00:00.000Z,43.1814198098,-0.018214285713101,214.5253615747,198.973524038763,True,discovery,False,True,True,False,True,False
XLP,2017-07-20T00:00:00.000Z,43.189273833,-0.0152220630381434,214.6209030532,199.1235852033395,True,discovery,False,True,True,False,True,False
XLP,2017-07-21T00:00:00.000Z,43.2599600423,-0.0070308274739094,214.4298200962,199.277396455164,True,discovery,False,True,True,False,True,False
XLP,2017-07-24T00:00:00.000Z,43.1185876238,-0.0106325464059146,214.3777065625,199.426883267489,True,discovery,False,True,True,False,True,False
XLP,2017-07-25T00:00:00.000Z,43.4170405072,-0.0077185424518982,214.8988418998,199.5783341262985,True,discovery,False,True,True,False,True,False
XLP,2017-07-26T00:00:00.000Z,43.4091864839,0.0007242440682595,214.9075274887,199.732993941002,True,discovery,False,True,True,False,True,False
XLP,2017-07-27T00:00:00.000Z,43.8333037393,0.0068554934157896,214.7077589428,199.88186383543848,True,discovery,False,True,True,False,True,False
XLP,2017-07-28T00:00:00.000Z,43.4641646467,0.0091174325326359,214.4558768631,200.04115250333305,True,discovery,False,True,True,False,True,False
XLP,2017-07-31T00:00:00.000Z,43.4484566002,0.0069166363312223,214.3342786177,200.198635362492,True,discovery,False,True,True,False,True,False
XLP,2017-08-01T00:00:00.000Z,43.4013324607,0.0067407542351809,214.8119860102,200.3615012039975,True,discovery,False,True,True,False,True,False
XLP,2017-08-02T00:00:00.000Z,43.3699163677,0.0067456700085541,214.9162130777,200.5244176332035,True,discovery,False,True,True,False,True,False
XLP,2017-08-03T00:00:00.000Z,43.3306462515,0.0115511551170255,214.4993048079,200.688414980567,True,discovery,False,True,True,False,True,False
XLP,2017-08-04T00:00:00.000Z,43.2128359028,0.0093560814534947,214.8901563108,200.84867722819152,True,discovery,False,True,True,False,True,False
XLP,2017-08-07T00:00:00.000Z,43.5348508559,0.0240162571597057,215.2896934027,201.00849890319748,True,discovery,False,True,True,False,True,False
XLP,2017-08-08T00:00:00.000Z,43.3699163677,0.0229714709156885,214.7598724765,201.16738253022152,True,discovery,False,True,True,False,True,False
XLP,2017-08-09T00:00:00.000Z,43.4406025769,0.0189756816507247,214.7511868875,201.325794997221,True,discovery,False,True,True,False,True,False
XLP,2017-08-10T00:00:00.000Z,43.2599600423,0.0145514827781085,211.7199163426,201.465158386396,True,discovery,False,True,True,False,True,False
XLP,2017-08-11T00:00:00.000Z,43.2913761352,0.0073099415189776,212.0325975449,201.6091651340275,True,discovery,False,True,True,False,True,False
XLP,2017-08-14T00:00:00.000Z,43.5034347629,0.0111354508934904,214.1345100718,201.7655208278385,True,discovery,False,True,True,False,True,False
XLP,2017-08-15T00:00:00.000Z,43.7233474138,0.0162468054023205,214.1084533049,201.924184560058,True,discovery,False,True,True,False,True,False
XLP,2017-08-16T00:00:00.000Z,43.8725738555,0.0160058202982742,214.48193363,202.0874106699385,True,discovery,False,True,True,False,True,False
XLP,2017-08-17T00:00:00.000Z,43.4720186699,0.0065466448450439,211.1379818827,202.2338742012475,True,discovery,False,True,True,False,True,False
XLP,2017-08-18T00:00:00.000Z,43.3542083212,0.0021786492361028,210.8079295024,202.38527517179,True,discovery,False,True,True,False,True,False
XLP,2017-08-21T00:00:00.000Z,43.5112887861,0.009107468123173,210.9729556925,202.542933916857,True,discovery,False,True,True,False,True,False
XLP,2017-08-22T00:00:00.000Z,43.5191428094,0.00235166425457,213.1790952869,202.715729983119,True,discovery,False,True,True,False,True,False
XLP,2017-08-23T00:00:00.000Z,43.3934784374,-0.0003618599603525,212.4147634589,202.8856882454615,True,discovery,False,True,True,False,True,False
XLP,2017-08-24T00:00:00.000Z,42.7965726707,-0.0236516753281018,211.9196848885,203.033493706826,True,discovery,False,True,True,False,True,False
XLP,2017-08-25T00:00:00.000Z,42.9379450891,-0.012106975065031,212.4147634589,203.1796679335415,True,discovery,False,True,True,False,True,False
XLP,2017-08-28T00:00:00.000Z,42.8122807172,-0.0146420824300826,212.4234490479,203.3161751789525,True,discovery,False,True,True,False,True,False
XLP,2017-08-29T00:00:00.000Z,42.9615071589,-0.0101339124138242,212.6666455386,203.451588475635,True,discovery,False,True,True,False,True,False
XLP,2017-08-30T00:00:00.000Z,42.9536531356,-0.009597971750068,213.6741738572,203.59417826680453,True,discovery,False,True,True,False,True,False
XLP,2017-08-31T00:00:00.000Z,42.9693611821,-0.0083378647828842,214.9596410224,203.7424681923715,True,discovery,False,True,True,False,True,False
XLP,2017-09-01T00:00:00.000Z,43.1735657865,-0.0009087604522955,215.2636366358,203.8850487603905,True,discovery,False,True,True,False,True,False
XLP,2017-09-05T00:00:00.000Z,43.2363979725,-0.0068554934157893,213.717601802,204.0216530307245,True,discovery,False,True,True,False,True,False
XLP,2017-09-06T00:00:00.000Z,43.4170405072,0.0010865628400218,214.4471912741,204.157114175159,True,discovery,False,True,True,False,True,False
XLP,2017-09-07T00:00:00.000Z,43.4798726932,0.0009039956623642,214.4211345073,204.29454113298448,True,discovery,False,True,True,False,True,False
XLP,2017-09-08T00:00:00.000Z,43.2678140655,0.0001815541020453,214.1692524276,204.423650491527,True,discovery,False,True,True,False,True,False
XLP,2017-09-11T00:00:00.000Z,43.5348508559,0.0056240928895312,216.4535623225,204.5623419518335,True,discovery,False,True,True,False,True,False
XLP,2017-09-12T00:00:00.000Z,43.6290991348,0.002888608050948,217.1831517947,204.70416805619504,True,discovery,False,True,True,False,True,False
XLP,2017-09-13T00:00:00.000Z,43.6526612046,-0.0016166696600564,217.2873788621,204.84300754720348,True,discovery,False,True,True,False,True,False
XLP,2017-09-14T00:00:00.000Z,43.5662669489,-0.0069817400640513,217.2178941505,204.98594846289492,True,discovery,False,True,True,False,True,False
XLP,2017-09-15T00:00:00.000Z,43.6416962027,0.0039031436310428,217.5084913743,205.12850291699505,True,discovery,False,True,True,False,True,False
XLP,2017-09-18T00:00:00.000Z,43.7049221299,0.0080894986272532,217.9711082547,205.275637635287,True,discovery,False,True,True,False,True,False
XLP,2017-09-19T00:00:00.000Z,43.5705670347,0.0013623648081628,218.1893237644,205.4273283642605,True,discovery,False,True,True,False,True,False
XLP,2017-09-20T00:00:00.000Z,43.1516952675,-0.0084433543075355,218.2678813478,205.5789413934025,True,discovery,False,True,True,False,True,False
XLP,2017-09-21T00:00:00.000Z,42.7407267411,-0.0150426220668543,217.683063782,205.72198373313097,True,discovery,False,True,True,False,True,False
XLP,2017-09-22T00:00:00.000Z,42.6142748868,-0.0042596351185105,217.726706884,205.86224990715093,True,discovery,False,True,True,False,True,False
XLP,2017-09-25T00:00:00.000Z,42.9225012816,-0.0003596773778519,217.2815472443,205.9878848976875,True,discovery,False,True,True,False,True,False
XLP,2017-09-26T00:00:00.000Z,43.0252434132,0.0049743366256693,217.4124765501,206.111821847902,True,discovery,False,True,True,False,True,False
XLP,2017-09-27T00:00:00.000Z,42.6933072958,-0.006242794558115,218.2591527275,206.234174494854,True,discovery,False,True,True,False,True,False
XLP,2017-09-28T00:00:00.000Z,42.6933072958,-0.0060610872602179,218.521011339,206.35894861698,True,discovery,False,True,True,False,True,False
XLP,2017-09-29T00:00:00.000Z,42.6616943322,-0.0071601448435814,219.2891299329,206.4811040177235,True,discovery,False,True,True,False,True,False
XLP,2017-10-02T00:00:00.000Z,42.5826619233,-0.0136867051038153,220.2405495549,206.616058560682,True,discovery,False,True,True,False,True,False
XLP,2017-10-03T00:00:00.000Z,42.6300813686,-0.0140232913085321,220.7118950556,206.749391594705,True,discovery,False,True,True,False,True,False
XLP,2017-10-04T00:00:00.000Z,42.7644364638,-0.0150310577546567,220.9737536672,206.8859207108665,True,discovery,False,True,True,False,True,False
XLP,2017-10-05T00:00:00.000Z,42.9541142452,-0.012091996030205,222.2830467249,207.0268878126935,True,discovery,False,True,True,False,True,False
XLP,2017-10-06T00:00:00.000Z,42.527339237,-0.0171137563681642,222.0299167338,207.1628457048335,True,discovery,False,True,True,False,True,False
XLP,2017-10-09T00:00:00.000Z,42.4087906237,-0.0258657193044544,221.6633146776,207.299681412841,True,discovery,False,True,True,False,True,False
XLP,2017-10-10T00:00:00.000Z,42.7802429456,-0.0194561933671219,222.2481322434,207.441119361485,True,discovery,False,True,True,False,True,False
XLP,2017-10-11T00:00:00.000Z,42.8671785954,-0.0179939226504072,222.5972770588,207.5828830465065,True,discovery,False,True,True,False,True,False
XLP,2017-10-12T00:00:00.000Z,43.0489531359,-0.0118741826929255,222.2655894842,207.7205786450725,True,discovery,False,True,True,False,True,False
XLP,2017-10-13T00:00:00.000Z,43.1279855448,-0.0117710974274234,222.5361767161,207.867673771023,True,discovery,False,True,True,False,True,False
XLP,2017-10-16T00:00:00.000Z,43.1437920266,-0.0128390596746106,222.8329498092,208.016467859151,True,discovery,False,True,True,False,True,False
XLP,2017-10-17T00:00:00.000Z,42.9857272087,-0.0134228187926548,222.9900649761,208.1695759861325,True,discovery,False,True,True,False,True,False
XLP,2017-10-18T00:00:00.000Z,42.9304045225,-0.0051282051290965,223.2082804858,208.3164170913615,True,discovery,False,True,True,False,True,False
XLP,2017-10-19T00:00:00.000Z,42.7012105366,-0.0009245562140148,223.2693808285,208.4577977355005,True,discovery,False,True,True,False,True,False
XLP,2017-10-20T00:00:00.000Z,42.5984684051,-0.0003709198793593,224.4215587193,208.605713837568,True,discovery,False,True,True,False,True,False
XLP,2017-10-23T00:00:00.000Z,42.5668554415,-0.0082857668933765,223.5486966808,208.7457801702755,True,discovery,False,True,True,False,True,False
XLP,2017-10-24T00:00:00.000Z,42.4166938646,-0.0141440117550456,223.9414845981,208.8910376677815,True,discovery,False,True,True,False,True,False
XLP,2017-10-25T00:00:00.000Z,42.2981452512,-0.0092558311742428,222.8329498092,209.030752491343,True,discovery,False,True,True,False,True,False
XLP,2017-10-26T00:00:00.000Z,42.3297582147,-0.0085153646818961,223.1209942819,209.1691536427235,True,discovery,False,True,True,False,True,False
XLP,2017-10-27T00:00:00.000Z,41.9662091337,-0.0163023341990209,224.9452759424,209.3191289236885,True,discovery,False,True,True,False,True,False
XLP,2017-10-30T00:00:00.000Z,41.6105632936,-0.0228285077962233,224.1073283854,209.462676906843,True,discovery,False,True,True,False,True,False
XLP,2017-10-31T00:00:00.000Z,41.9583058928,-0.0157582499078881,224.4564732008,209.611413000543,True,discovery,False,True,True,False,True,False
XLP,2017-11-01T00:00:00.000Z,42.092660988,-0.0157087414531619,224.7532462939,209.75948147623347,True,discovery,False,True,True,False,True,False
XLP,2017-11-02T00:00:00.000Z,41.9899188564,-0.0224471021168303,224.8405324978,209.91160085796892,True,discovery,False,True,True,False,True,False
XLP,2017-11-03T00:00:00.000Z,41.9978220973,-0.0124512172451951,225.5911938509,210.063902079599,True,discovery,False,True,True,False,True,False
XLP,2017-11-06T00:00:00.000Z,41.5473373665,-0.0203130823711482,225.9403386663,210.22048782313897,True,discovery,False,True,True,False,True,False
XLP,2017-11-07T00:00:00.000Z,42.0136285791,-0.017919822649788,225.7832234993,210.370048637132,True,discovery,False,True,True,False,True,False
XLP,2017-11-08T00:00:00.000Z,42.4720165508,-0.0092182890861495,226.1672827963,210.5130528984165,True,discovery,False,True,True,False,True,False
XLP,2017-11-09T00:00:00.000Z,42.4641133099,-0.0135854598868812,225.3467924801,210.6529874417025,True,discovery,False,True,True,False,True,False
XLP,2017-11-10T00:00:00.000Z,42.8987915589,-0.0053142752438997,225.276963517,210.794121912578,True,discovery,False,True,True,False,True,False
XLP,2017-11-13T00:00:00.000Z,43.1437920266,0.0,225.4864504063,210.942414022362,True,discovery,False,True,True,False,True,False
XLP,2017-11-14T00:00:00.000Z,43.2939536035,0.0071704357426252,224.9627331831,211.08817362258097,True,discovery,False,True,True,False,True,False
XLP,2017-11-15T00:00:00.000Z,42.8355656318,-0.0022091310751635,223.8367411535,211.22791601283848,True,discovery,False,True,True,False,True,False
XLP,2017-11-16T00:00:00.000Z,43.4283086987,0.0170275772738759,225.7395803974,211.37652711554648,True,discovery,False,True,True,False,True,False
XLP,2017-11-17T00:00:00.000Z,43.2781471217,0.0159554730967423,225.0762052482,211.5150657188215,True,discovery,False,True,True,False,True,False
XLP,2017-11-20T00:00:00.000Z,43.2307276764,0.0155959896030459,225.4602645451,211.657288847939,True,discovery,False,True,True,False,True,False
XLP,2017-11-21T00:00:00.000Z,43.3729860124,0.0225451835273304,226.9354013902,211.806844592886,True,discovery,False,True,True,False,True,False
XLP,2017-11-22T00:00:00.000Z,43.3176633262,0.0241031390134316,226.7346431213,211.95410564349447,True,discovery,False,True,True,False,True,False
XLP,2017-11-24T00:00:00.000Z,43.2860503626,0.0225914861844853,227.2583603444,212.09813324086448,True,discovery,False,True,True,False,True,False
XLP,2017-11-27T00:00:00.000Z,43.3097600853,0.0320150659145692,227.1448882794,212.237677825318,True,discovery,False,True,True,False,True,False
XLP,2017-11-28T00:00:00.000Z,43.6654059254,0.0493827160497981,229.4492440611,212.38332241159748,True,discovery,False,True,True,False,True,False
XLP,2017-11-29T00:00:00.000Z,43.8945999113,0.0461480504824736,229.3095861349,212.5242669791035,True,discovery,False,True,True,False,True,False
XLP,2017-11-30T00:00:00.000Z,44.2976651967,0.0523845287264832,231.3171688234,212.669999836071,True,discovery,True,True,True,True,True,True
XLP,2017-12-01T00:00:00.000Z,44.4083105692,0.0575945793339247,230.8370947023,212.814192902914,True,discovery,True,True,True,True,True,True
XLP,2017-12-04T00:00:00.000Z,44.8271823365,0.0673692133998038,230.5577788499,212.9553973142385,True,discovery,True,True,True,True,True,True
XLP,2017-12-05T00:00:00.000Z,44.7560531684,0.0772303595196743,229.7285599134,213.0864314384245,True,discovery,True,True,True,True,True,True
XLP,2017-12-06T00:00:00.000Z,45.0405698405,0.072046651616894,229.7722030153,213.218587426997,True,discovery,True,True,True,True,True,True
XLP,2017-12-07T00:00:00.000Z,44.6058915915,0.0502419054708105,230.4966785073,213.353677305409,True,discovery,True,True,True,True,True,True
XLP,2017-12-08T00:00:00.000Z,44.7244402049,0.0532291085063827,231.7535998427,213.493760887504,True,discovery,True,True,True,True,True,True
XLP,2017-12-11T00:00:00.000Z,44.716536964,0.0423728813573742,232.4518894735,213.63574383719347,True,discovery,False,True,True,False,True,False
XLP,2017-12-12T00:00:00.000Z,44.7244402049,0.0366367466569803,232.8621346316,213.78253191152143,True,discovery,False,True,True,False,True,False
XLP,2017-12-13T00:00:00.000Z,44.9773439134,0.0388828039434103,232.8359487704,213.91494624454648,True,discovery,False,True,True,False,True,False
XLP,2017-12-14T00:00:00.000Z,44.7797628911,0.0453874538744663,231.8845291485,214.04910093804105,True,discovery,False,True,True,False,True,False
XLP,2017-12-15T00:00:00.000Z,45.2837533531,0.0427243130114238,233.8059891583,214.19221751236,True,discovery,False,True,True,False,True,False
XLP,2017-12-18T00:00:00.000Z,45.2598695169,0.0457903705911277,235.2886056518,214.345802236954,True,discovery,False,True,True,False,True,False
XLP,2017-12-19T00:00:00.000Z,45.315598468,0.0482265949166094,234.3849991498,214.4979240656925,True,discovery,False,True,True,False,True,False
XLP,2017-12-20T00:00:00.000Z,45.2359856808,0.0429529953936624,234.2621788486,214.651325106989,True,discovery,False,True,True,False,True,False
XLP,2017-12-21T00:00:00.000Z,45.2041405659,0.0435498384456716,234.7446871749,214.805847786923,True,discovery,False,True,True,False,True,False
XLP,2017-12-22T00:00:00.000Z,45.2757920744,0.0459672734086908,234.6832770242,214.9564919492325,True,discovery,False,True,True,False,True,False
XLP,2017-12-26T00:00:00.000Z,45.3792886977,0.0477843471846528,234.4025449071,215.1052161121345,True,discovery,False,True,True,False,True,False
XLP,2017-12-27T00:00:00.000Z,45.371327419,0.0390680324033738,234.5165923297,215.2584262292855,True,discovery,False,True,True,False,True,False
XLP,2017-12-28T00:00:00.000Z,45.2996759105,0.0320102245387656,234.999100656,215.40522779291248,True,discovery,False,True,True,False,True,False
XLP,2017-12-29T00:00:00.000Z,45.2917146318,0.0224402218646513,234.1130399114,215.549621451586,True,discovery,False,True,True,False,True,False
XLP,2018-01-02T00:00:00.000Z,45.0130698766,0.0136181561434909,235.7886597354,215.70418702593847,True,discovery,False,True,True,False,True,False
XLP,2018-01-03T00:00:00.000Z,44.9971473192,0.0037915606969034,237.2800491075,215.867333173222,True,discovery,False,True,True,False,True,False
XLP,2018-01-04T00:00:00.000Z,45.1245277787,0.0082329558621616,238.2801572747,216.0486179303205,True,discovery,False,True,True,False,True,False
XLP,2018-01-05T00:00:00.000Z,45.3235597467,0.0062830001308185,239.8680483121,216.23546518262705,True,discovery,False,True,True,False,True,False
XLP,2018-01-08T00:00:00.000Z,45.4350176487,0.0185878149190048,240.3066922451,216.42558608505948,True,discovery,False,True,True,False,True,False
XLP,2018-01-09T00:00:00.000Z,45.371327419,0.0144638414955304,240.850610722,216.61916126394647,True,discovery,False,True,True,False,True,False
XLP,2018-01-10T00:00:00.000Z,45.1484116149,0.0096580522603457,240.4821498183,216.8119313774875,True,discovery,False,True,True,False,True,False
XLP,2018-01-11T00:00:00.000Z,45.0847213851,0.0080555771866437,242.2367255502,217.00612739069297,True,discovery,False,True,True,False,True,False
XLP,2018-01-12T00:00:00.000Z,45.1006439425,0.0027413808458187,243.8158437089,217.2072682763905,True,discovery,False,True,True,False,True,False
XLP,2018-01-16T00:00:00.000Z,45.3076371892,0.0117882334344587,242.9824202363,217.401000753342,True,discovery,False,True,True,False,True,False
XLP,2018-01-17T00:00:00.000Z,45.825120306,0.0119549929679787,245.2984602024,217.6086903252775,True,discovery,False,True,True,False,True,False
XLP,2018-01-18T00:00:00.000Z,45.6897785677,0.009498680738341,244.8861349054,217.816090189649,True,discovery,False,True,True,False,True,False
XLP,2018-01-19T00:00:00.000Z,46.1993004058,0.0195010541110702,246.0002904952,218.02841259962352,True,discovery,False,True,True,False,True,False
XLP,2018-01-22T00:00:00.000Z,46.5495966694,0.0290390707493206,248.0005068296,218.25376128359548,True,discovery,False,True,True,False,True,False
XLP,2018-01-23T00:00:00.000Z,46.3983323737,0.0264177527290685,248.5268795492,218.47888948178348,True,discovery,False,True,True,False,True,False
XLP,2018-01-24T00:00:00.000Z,46.4938677184,0.0269034640409686,248.4303778839,218.704572406496,True,discovery,False,True,True,False,True,False
XLP,2018-01-25T00:00:00.000Z,46.5177515545,0.0250877192982028,248.5356524278,218.9301766671915,True,discovery,False,True,True,False,True,False
XLP,2018-01-26T00:00:00.000Z,46.7406673586,0.0301807334608985,251.4131566282,219.171378522362,True,discovery,False,True,True,False,True,False
XLP,2018-01-29T00:00:00.000Z,46.5575579481,0.0277680140600837,249.7463096829,219.4086975119835,True,discovery,False,True,True,False,True,False
XLP,2018-01-30T00:00:00.000Z,46.2470680781,0.0210933380214586,247.1846291142,219.63977713325096,True,discovery,False,True,True,False,True,False
XLP,2018-01-31T00:00:00.000Z,46.0321135527,0.0226388397612877,247.3074494155,219.862568057166,True,discovery,False,True,True,False,True,False
XLP,2018-02-01T00:00:00.000Z,45.8330815847,0.0185774946924981,247.0267172984,220.0869805776465,True,discovery,False,True,True,False,True,False
XLP,2018-02-02T00:00:00.000Z,44.9573409256,-0.0037050105858152,241.64894268,220.286362535176,True,discovery,False,True,True,False,True,False
XLP,2018-02-05T00:00:00.000Z,43.3252787882,-0.0440892323918906,231.5425864641,220.42700146605296,True,discovery,False,True,True,False,True,False
XLP,2018-02-06T00:00:00.000Z,43.8029555114,-0.0359207990171583,236.1044833671,220.593691172828,True,discovery,False,True,True,False,True,False
XLP,2018-02-07T00:00:00.000Z,43.6118848221,-0.0387787331115907,234.8236430828,220.742826627181,True,discovery,False,True,True,False,True,False
XLP,2018-02-08T00:00:00.000Z,42.6724539333,-0.0548404161528216,226.0156729085,220.84195823290892,True,discovery,False,True,True,False,True,False
XLP,2018-02-09T00:00:00.000Z,42.7600279992,-0.0515627759134448,229.4107769498,220.958713656016,True,discovery,False,True,True,False,True,False
XLP,2018-02-12T00:00:00.000Z,43.1978983287,-0.0421888790817679,232.7795623551,221.09144860992,True,discovery,False,True,True,False,True,False
XLP,2018-02-13T00:00:00.000Z,43.3969302967,-0.0421718502891926,233.3585723466,221.229325926427,True,discovery,False,True,True,False,True,False
XLP,2018-02-14T00:00:00.000Z,43.3730464605,-0.053509381516647,236.5080357854,221.380357565917,True,discovery,False,True,True,False,True,False
XLP,2018-02-15T00:00:00.000Z,44.0895615452,-0.0350235232619678,239.5259060444,221.5460895541975,True,discovery,False,True,True,False,True,False
XLP,2018-02-16T00:00:00.000Z,44.2647096771,-0.0418748922972246,239.5960890736,221.7134257915325,True,discovery,False,True,True,False,True,False
XLP,2018-02-20T00:00:00.000Z,43.2615885585,-0.0706345134255785,238.0959268228,221.872051139819,True,discovery,False,True,True,False,True,False
XLP,2018-02-21T00:00:00.000Z,42.7441054418,-0.0787577213436948,236.9115882038,222.0206923678335,True,discovery,False,True,True,False,True,False
XLP,2018-02-22T00:00:00.000Z,42.8555633438,-0.0782534246588423,237.2186389569,222.1710416882355,True,discovery,False,True,True,False,True,False
XLP,2018-02-23T00:00:00.000Z,43.2695498372,-0.0698271435904295,240.9997496592,222.341247349598,True,discovery,False,True,True,False,True,False
XLP,2018-02-26T00:00:00.000Z,43.5402333136,-0.0684721512520539,243.7982979516,222.5235874422815,True,discovery,False,True,True,False,True,False
XLP,2018-02-27T00:00:00.000Z,42.9670212459,-0.0771203830364674,240.7541090567,222.692824190977,True,discovery,False,True,True,False,True,False
XLP,2018-02-28T00:00:00.000Z,42.5211896376,-0.0805646410753628,238.3152487893,222.8515953659685,True,discovery,False,True,True,False,True,False
XLP,2018-03-01T00:00:00.000Z,42.425654293,-0.0783465928752354,234.8499617188,222.9873354025215,True,discovery,False,True,True,False,True,False
XLP,2018-03-02T00:00:00.000Z,42.7839118353,-0.066527705403467,236.0606189738,223.130079508477,True,discovery,False,True,True,False,True,False
XLP,2018-03-05T00:00:00.000Z,43.1580919351,-0.0400212502220177,238.788984237,223.3048759541945,True,discovery,False,True,True,False,True,False
XLP,2018-03-06T00:00:00.000Z,43.18993705,-0.0031238515246869,239.3943128645,223.478593420263,True,discovery,False,True,True,False,True,False
XLP,2018-03-07T00:00:00.000Z,42.7998343928,-0.0229007633591968,239.3065840779,223.6452168166895,True,discovery,False,True,True,False,True,False
XLP,2018-03-08T00:00:00.000Z,43.18993705,-0.0096750638919,240.4646040609,223.81240100366952,True,discovery,False,True,True,False,True,False
XLP,2018-03-09T00:00:00.000Z,43.4685818052,0.0186567164181465,244.6492671816,223.9982179979976,True,discovery,False,True,True,False,True,False
XLP,2018-03-12T00:00:00.000Z,43.388969018,0.0147086203688118,244.3422164285,224.18007958297105,True,discovery,False,True,True,False,True,False
XLP,2018-03-13T00:00:00.000Z,43.3571239031,0.003685956506227,242.7630982698,224.34907562296092,True,discovery,False,True,True,False,True,False
XLP,2018-03-14T00:00:00.000Z,42.9192535736,-0.0110071546497453,241.5173495001,224.512058953334,True,discovery,False,True,True,False,True,False
XLP,2018-03-15T00:00:00.000Z,42.6167249822,-0.0174375917769296,241.2541631403,224.67463394374693,True,discovery,False,True,True,False,True,False
XLP,2018-03-16T00:00:00.000Z,42.6314939504,-0.033070585047783,241.5145246332,224.8387700362915,True,discovery,False,True,True,False,True,False
XLP,2018-03-19T00:00:00.000Z,42.2151864038,-0.0463015184839291,238.2467679359,224.9782696437315,True,discovery,False,True,True,False,True,False
XLP,2018-03-20T00:00:00.000Z,42.0950976885,-0.0269636624282214,238.6519345345,225.116294502436,True,discovery,False,True,True,False,True,False
XLP,2018-03-21T00:00:00.000Z,41.5747132553,-0.0273579754310741,238.1939201187,225.2528071687415,True,discovery,False,True,True,False,True,False
XLP,2018-03-22T00:00:00.000Z,41.2304589379,-0.0379205003761805,232.2397327135,225.3629198324155,True,discovery,False,True,True,False,True,False
XLP,2018-03-23T00:00:00.000Z,40.7180804191,-0.0589668583957958,227.2896538351,225.446337339833,True,discovery,False,True,True,False,True,False
XLP,2018-03-26T00:00:00.000Z,41.3025121672,-0.0513943306247979,233.5080803264,225.5603283946945,True,discovery,False,True,True,False,True,False
XLP,2018-03-27T00:00:00.000Z,41.2784944241,-0.0392982052941619,229.5356860664,225.65605649372952,True,discovery,False,True,True,False,True,False
XLP,2018-03-28T00:00:00.000Z,41.8469143434,-0.015857394864695,228.8574724122,225.74860962355103,True,discovery,False,True,True,False,True,False
XLP,2018-03-29T00:00:00.000Z,42.1351272603,-0.0068479093025545,231.7817182977,225.850641125162,True,discovery,False,True,True,False,True,False
XLP,2018-04-02T00:00:00.000Z,41.1023643082,-0.0393032673957736,226.7787916021,225.9289977184235,True,discovery,False,True,True,False,True,False
XLP,2018-04-03T00:00:00.000Z,41.6467664845,-0.0350183565314401,229.6854215485,226.023918675005,True,discovery,False,True,True,False,True,False
XLP,2018-04-04T00:00:00.000Z,42.2952455474,-0.0207152768378484,232.1428450486,226.130897252692,True,discovery,False,True,True,False,True,False
XLP,2018-04-05T00:00:00.000Z,42.3993224341,-0.0093577922527516,233.9749027117,226.238263652137,True,discovery,False,True,True,False,True,False
XLP,2018-04-06T00:00:00.000Z,41.9670030588,-0.028315252920703,228.7605847474,226.32672411173303,True,discovery,False,True,True,False,True,False
XLP,2018-04-09T00:00:00.000Z,41.9429853157,-0.0350965323952091,229.8880048478,226.421082230814,True,discovery,False,True,True,False,True,False
XLP,2018-04-10T00:00:00.000Z,42.039056288,-0.0311118876652723,233.5433122045,226.53419459841348,True,discovery,False,True,True,False,True,False
XLP,2018-04-11T00:00:00.000Z,41.9589971444,-0.0322467597672002,232.3190044393,226.63992597770348,True,discovery,False,True,True,False,True,False
XLP,2018-04-12T00:00:00.000Z,41.8949498296,-0.0238658331334554,234.2303338282,226.7545192089356,True,discovery,False,True,True,False,True,False
XLP,2018-04-13T00:00:00.000Z,42.1031036028,-0.0120521081714872,233.5433122045,226.8741891701385,True,discovery,False,True,True,False,True,False
XLP,2018-04-16T00:00:00.000Z,42.5594407212,-0.0016901408447902,235.463449563,226.9940793690355,True,discovery,False,True,True,False,True,False
XLP,2018-04-17T00:00:00.000Z,42.6555116935,0.0104304949761011,237.9825288499,227.13585854020505,True,discovery,False,True,True,False,True,False
XLP,2018-04-18T00:00:00.000Z,42.3352751192,0.0057055914794945,238.1586882406,227.2765642638415,True,discovery,False,True,True,False,True,False
XLP,2018-04-19T00:00:00.000Z,41.1103702226,-0.0111688811862293,236.8374928104,227.4088834472205,True,discovery,False,True,True,False,True,False
XLP,2018-04-20T00:00:00.000Z,40.4218615879,-0.0196116504843637,234.8292757566,227.5287295934515,True,discovery,False,True,True,False,True,False
XLP,2018-04-23T00:00:00.000Z,40.3738261018,-0.0084545812021756,234.7940438784,227.65804058837352,True,discovery,False,True,True,False,True,False
XLP,2018-04-24T00:00:00.000Z,40.1176368423,-0.028687730182208,231.6319828156,227.764766527283,True,discovery,False,True,True,False,True,False
XLP,2018-04-25T00:00:00.000Z,40.1896900716,-0.0263770364614925,232.2045008353,227.8732259340695,True,discovery,False,True,True,False,True,False
XLP,2018-04-26T00:00:00.000Z,40.4298675023,-0.03386263630985,234.5650366705,227.994269723038,True,discovery,False,True,True,False,True,False
XLP,2018-04-27T00:00:00.000Z,40.6460271899,-0.0353410602322551,234.7852359089,228.1085106222505,True,discovery,False,True,True,False,True,False
XLP,2018-04-30T00:00:00.000Z,40.3898379305,-0.0173354109840793,232.9796021543,228.21194280695403,True,discovery,False,True,True,False,True,False
XLP,2018-05-01T00:00:00.000Z,40.0375776988,-0.0386389850049679,233.3935767225,228.312494078795,True,discovery,False,True,True,False,True,False
XLP,2018-05-02T00:00:00.000Z,39.2529980918,-0.0719288283168984,231.8257581453,228.405336541584,True,discovery,False,True,True,False,True,False
XLP,2018-05-03T00:00:00.000Z,39.21296852,-0.0751510574031567,231.3148959123,228.495060129926,True,discovery,False,True,True,False,True,False
XLP,2018-05-04T00:00:00.000Z,39.7813884393,-0.0520793590249399,234.309605554,228.59398134982249,True,discovery,False,True,True,False,True,False
XLP,2018-05-07T00:00:00.000Z,39.5332050943,-0.0574537125400554,235.1023228121,228.696388448617,True,discovery,False,True,True,False,True,False
XLP,2018-05-08T00:00:00.000Z,39.3730868071,-0.063416492098111,235.1023228121,228.79975096219653,True,discovery,False,True,True,False,True,False
XLP,2018-05-09T00:00:00.000Z,39.4291282076,-0.0602938370546266,237.374778952,228.914736324144,True,discovery,False,True,True,False,True,False
XLP,2018-05-10T00:00:00.000Z,39.661299724,-0.0533154978030755,239.5943872747,229.0382140510185,True,discovery,False,True,True,False,True,False
XLP,2018-05-11T00:00:00.000Z,39.661299724,-0.0579958166940834,240.325448746,229.165303657305,True,discovery,False,True,True,False,True,False
XLP,2018-05-14T00:00:00.000Z,39.6452878953,-0.0684725357410155,240.43995235,229.293964624341,True,discovery,False,True,True,False,True,False
XLP,2018-05-15T00:00:00.000Z,39.4931755225,-0.0741366366373208,238.7840540775,229.41560551041297,True,discovery,False,True,True,False,True,False
XLP,2018-05-16T00:00:00.000Z,39.773382525,-0.0605143721633244,239.7881626044,229.54287493034653,True,discovery,False,True,True,False,True,False
XLP,2018-05-17T00:00:00.000Z,39.9094830691,-0.0292112950332863,239.5855793051,229.666742896821,True,discovery,False,True,True,False,True,False
XLP,2018-05-18T00:00:00.000Z,39.661299724,-0.0188156070508059,238.9866373768,229.78709501831648,True,discovery,False,True,True,False,True,False
XLP,2018-05-21T00:00:00.000Z,39.8294239255,-0.0134840372801755,240.7834631618,229.918515810086,True,discovery,False,True,True,False,True,False
XLP,2018-05-22T00:00:00.000Z,39.7573706963,-0.0089802434628984,240.1140574772,230.044635315918,True,discovery,False,True,True,False,True,False
XLP,2018-05-23T00:00:00.000Z,39.9014771547,-0.0071713147423265,240.7746551923,230.172060124866,True,discovery,False,True,True,False,True,False
XLP,2018-05-24T00:00:00.000Z,39.8694534973,-0.0138613861390497,240.2814088984,230.2996678069755,True,discovery,False,True,True,False,True,False
XLP,2018-05-25T00:00:00.000Z,39.9335008121,-0.0175300374245938,239.7088908786,230.424456326931,True,discovery,False,True,True,False,True,False
XLP,2018-05-29T00:00:00.000Z,39.8454357542,-0.0134786917748165,236.9519964144,230.55061672729,True,discovery,False,True,True,False,True,False
XLP,2018-05-30T00:00:00.000Z,40.4058497592,0.0091981603675048,240.1140574772,230.69102402695148,True,discovery,False,True,True,False,True,False
XLP,2018-05-31T00:00:00.000Z,39.7573706963,0.012849275953914,238.643126565,230.81356710941748,True,discovery,False,True,True,False,True,False
XLP,2018-06-01T00:00:00.000Z,39.7573706963,0.0138832176406726,240.9860464611,230.94795507519848,True,discovery,False,True,True,False,True,False
XLP,2018-06-04T00:00:00.000Z,40.0856131849,0.007647413967569,242.1310825006,231.0862008195515,True,discovery,False,True,True,False,True,False
XLP,2018-06-05T00:00:00.000Z,39.9014771547,0.0093155123527561,242.3072418913,231.2420471195945,True,discovery,False,True,True,False,True,False
XLP,2018-06-06T00:00:00.000Z,39.9495126408,0.0146400976007818,244.3330748842,231.4096728465035,True,discovery,False,True,True,False,True,False
XLP,2018-06-07T00:00:00.000Z,40.1976959859,0.019492385787821,244.3066509756,231.576341322919,True,discovery,False,True,True,False,True,False
XLP,2018-06-08T00:00:00.000Z,40.694062676,0.0260395639877391,245.0289044774,231.7355903688715,True,discovery,False,True,True,False,True,False
XLP,2018-06-11T00:00:00.000Z,41.030311079,0.0345175615657289,245.3547993502,231.900290548328,True,discovery,False,True,True,False,True,False
XLP,2018-06-12T00:00:00.000Z,41.1103702226,0.0369547657509552,245.6718862534,232.0690515551525,True,discovery,False,True,True,False,True,False
XLP,2018-06-13T00:00:00.000Z,40.9822755929,0.0377052503552577,244.8879769648,232.231417622682,True,discovery,False,True,True,False,True,False
XLP,2018-06-14T00:00:00.000Z,41.0543288221,0.0322061191626044,245.5045348323,232.396823051604,True,discovery,False,True,True,False,True,False
XLP,2018-06-15T00:00:00.000Z,41.5777555027,0.0418014042104109,245.192380392,232.559451725871,True,discovery,False,True,True,False,True,False
XLP,2018-06-18T00:00:00.000Z,40.9727241363,0.0330655934481749,244.6880695746,232.714521204458,True,discovery,False,True,True,False,True,False
XLP,2018-06-19T00:00:00.000Z,41.1905354282,0.034173517177801,243.7502284054,232.858474141373,True,discovery,False,True,True,False,True,False
XLP,2018-06-20T00:00:00.000Z,41.2308708526,0.0370623139934433,244.1660636408,233.002986276398,True,discovery,False,True,True,False,True,False
XLP,2018-06-21T00:00:00.000Z,41.3115417015,0.0353386552917103,242.6354360722,233.147575447749,True,discovery,False,True,True,False,True,False
XLP,2018-06-22T00:00:00.000Z,41.6503592667,0.0446684269078483,243.0778139822,233.2907285612895,True,discovery,False,True,True,False,True,False
XLP,2018-06-25T00:00:00.000Z,41.8601034738,0.0482452733299114,239.7688272155,233.4174670248305,True,discovery,False,True,True,False,True,False
XLP,2018-06-26T00:00:00.000Z,41.6826276063,0.0461079623632012,240.2996807075,233.54811916623004,True,discovery,False,True,True,False,True,False
XLP,2018-06-27T00:00:00.000Z,41.5938896725,0.0294026711572745,238.3089801125,233.65739625518,True,discovery,False,True,True,False,True,False
XLP,2018-06-28T00:00:00.000Z,41.5938896725,0.0461931698207325,239.6715040753,233.769838016583,True,discovery,False,True,True,False,True,False
XLP,2018-06-29T00:00:00.000Z,41.5696884179,0.0455844461004222,240.0165588451,233.883483916498,True,discovery,False,True,True,False,True,False
XLP,2018-07-02T00:00:00.000Z,41.3276758713,0.0309852485147434,240.5297172206,234.0000430318485,True,discovery,False,True,True,False,True,False
XLP,2018-07-03T00:00:00.000Z,41.4244808899,0.0381691066046314,239.6803516335,234.11090233314448,True,discovery,False,True,True,False,True,False
XLP,2018-07-05T00:00:00.000Z,41.9972439168,0.0512579788998144,241.6356619956,234.229225101849,True,discovery,True,True,True,True,True,True
XLP,2018-07-06T00:00:00.000Z,42.126317275,0.0479784037815624,243.6794479398,234.356675722726,True,discovery,False,True,True,False,True,False
XLP,2018-07-09T00:00:00.000Z,41.9649755773,0.0312309171836397,245.8736423733,234.49470452785351,True,discovery,False,True,True,False,True,False
XLP,2018-07-10T00:00:00.000Z,42.4651348402,0.0349698484722034,246.7583981933,234.64008119991,True,discovery,False,True,True,False,True,False
XLP,2018-07-11T00:00:00.000Z,42.3279943972,0.0296184190997781,244.9534963206,234.77621514709296,True,discovery,False,True,True,False,True,False
XLP,2018-07-12T00:00:00.000Z,42.2715248029,0.0314587023621339,247.1742334287,234.92567857801492,True,discovery,False,True,True,False,True,False
XLP,2018-07-13T00:00:00.000Z,42.5458056891,0.0363293447924333,247.3688797091,235.07546059381,True,discovery,False,True,True,False,True,False
XLP,2018-07-16T00:00:00.000Z,42.3441285669,0.0184322856040228,247.1476907541,235.219903283943,True,discovery,False,True,True,False,True,False
XLP,2018-07-17T00:00:00.000Z,42.7071473868,0.0423311675525956,248.1474648307,235.3680355514015,True,discovery,False,True,True,False,True,False
XLP,2018-07-18T00:00:00.000Z,42.3602627367,0.0283979631811044,248.6694707645,235.5149372555595,True,discovery,False,True,True,False,True,False
XLP,2018-07-19T00:00:00.000Z,42.3844639914,0.0279788691081515,247.7316295953,235.6523926557615,True,discovery,False,True,True,False,True,False
XLP,2018-07-20T00:00:00.000Z,42.6426107077,0.0322202694786302,247.4485077329,235.786075719148,True,discovery,False,True,True,False,True,False
XLP,2018-07-23T00:00:00.000Z,42.3763969065,0.0174317257421707,247.9085807593,235.9207498546085,True,discovery,False,True,True,False,True,False
XLP,2018-07-24T00:00:00.000Z,42.4570677553,0.0142609365949999,249.1560864655,236.05511505331148,True,discovery,False,True,True,False,True,False
XLP,2018-07-25T00:00:00.000Z,42.7797511508,0.0263208825235907,251.2795004334,236.20136297180952,True,discovery,False,True,True,False,True,False
XLP,2018-07-26T00:00:00.000Z,43.0056295276,0.0339410395665251,250.6867140341,236.346479968592,True,discovery,False,True,True,False,True,False
XLP,2018-07-27T00:00:00.000Z,43.0620991218,0.03529868114909,248.9879828597,236.48017922167352,True,discovery,False,True,True,False,True,False
XLP,2018-07-30T00:00:00.000Z,43.0136966125,0.0347370463806075,247.6873918043,236.605629795401,True,discovery,False,True,True,False,True,False
XLP,2018-07-31T00:00:00.000Z,43.2153737346,0.0456763615059929,248.9083548359,236.73884362215952,True,discovery,False,True,True,False,True,False
XLP,2018-08-01T00:00:00.000Z,42.8523549147,0.0344693281394417,248.4925196005,236.8686253365815,True,discovery,False,True,True,False,True,False
XLP,2018-08-02T00:00:00.000Z,43.2879774986,0.0307337687291349,249.8461960051,237.003691567561,True,discovery,False,True,True,False,True,False
XLP,2018-08-03T00:00:00.000Z,43.7962038464,0.0396399846798618,250.9167505473,237.14332499541692,True,discovery,False,True,True,False,True,False
XLP,2018-08-06T00:00:00.000Z,43.8365392708,0.0445982314478548,251.8368966,237.286468075988,True,discovery,False,True,True,False,True,False
XLP,2018-08-07T00:00:00.000Z,43.5703254696,0.0260258358665037,252.6685670708,237.43346400719952,True,discovery,False,True,True,False,True,False
XLP,2018-08-08T00:00:00.000Z,43.2395749893,0.0215361158751312,252.5623963724,237.57416819546492,True,discovery,False,True,True,False,True,False
XLP,2018-08-09T00:00:00.000Z,43.1105016311,0.0198473282454776,252.2173416026,237.717511420074,True,discovery,False,True,True,False,True,False
XLP,2018-08-10T00:00:00.000Z,42.9491599334,0.0094804702312485,250.5274579865,237.850441287016,True,discovery,False,True,True,False,True,False
XLP,2018-08-13T00:00:00.000Z,42.9491599334,0.0142884358936352,249.5896168173,237.9842246220565,True,discovery,False,True,True,False,True,False
XLP,2018-08-14T00:00:00.000Z,43.2476420742,0.0126558367971694,251.1821772932,238.12453053711292,True,discovery,False,True,True,False,True,False
XLP,2018-08-15T00:00:00.000Z,43.4251179417,0.0251380689401965,249.3064949549,238.24633663217548,True,discovery,False,True,True,False,True,False
XLP,2018-08-16T00:00:00.000Z,44.0462834779,0.0392082223061069,251.3237382244,238.3824186813705,True,discovery,False,True,True,False,True,False
XLP,2018-08-17T00:00:00.000Z,44.3851010431,0.0408626560729161,252.2084940444,238.5211787855885,True,discovery,False,True,True,False,True,False
XLP,2018-08-20T00:00:00.000Z,44.3608997884,0.0468303826367928,252.7481950946,238.661153529592,True,discovery,False,True,True,False,True,False
XLP,2018-08-21T00:00:00.000Z,44.0462834779,0.0374311229348054,253.340981494,238.80365577457303,True,discovery,False,True,True,False,True,False
XLP,2018-08-22T00:00:00.000Z,43.7720025918,0.0231944182541474,253.1905730046,238.9416526703415,True,discovery,False,True,True,False,True,False
XLP,2018-08-23T00:00:00.000Z,43.6671304882,0.0153817295053306,252.854365793,239.07622280597505,True,discovery,False,True,True,False,True,False
XLP,2018-08-24T00:00:00.000Z,43.610660894,0.0127388535019716,254.3761458034,239.21918741749548,True,discovery,False,True,True,False,True,False
XLP,2018-08-27T00:00:00.000Z,43.6348621487,0.014441110276941,256.3845415147,239.3702737110875,True,discovery,False,True,True,False,True,False
XLP,2018-08-28T00:00:00.000Z,43.4896546207,0.0063468359150253,256.5084073295,239.5260817853345,True,discovery,False,True,True,False,True,False
XLP,2018-08-29T00:00:00.000Z,43.5380571301,0.0160015060260965,257.8886264087,239.689140099793,True,discovery,False,True,True,False,True,False
XLP,2018-08-30T00:00:00.000Z,43.400916687,0.0026090197538948,256.8446145411,239.845930920467,True,discovery,False,True,True,False,True,False
XLP,2018-08-31T00:00:00.000Z,43.3847825172,-0.0093939952111583,256.8534620993,240.005384565048,True,discovery,False,True,True,False,True,False
XLP,2018-09-04T00:00:00.000Z,43.328312923,-0.0115936694879228,256.4110841893,240.16825628022704,True,discovery,False,True,True,False,True,False
XLP,2018-09-05T00:00:00.000Z,43.828472186,0.0059248287364783,255.7209746498,240.318163251489,True,discovery,False,True,True,False,True,False
XLP,2018-09-06T00:00:00.000Z,43.9494784592,0.0164179104460593,254.9512370864,240.46753841068,True,discovery,False,True,True,False,True,False
XLP,2018-09-07T00:00:00.000Z,43.8607405255,0.0174026946106973,254.4557738272,240.6125159570905,True,discovery,False,True,True,False,True,False
XLP,2018-09-10T00:00:00.000Z,44.0140151383,0.0247933884283475,254.8981517372,240.7523297088256,True,discovery,False,True,True,False,True,False
XLP,2018-09-11T00:00:00.000Z,43.8526734406,0.0210368144243346,255.7386697662,240.89734984205003,True,discovery,False,True,True,False,True,False
XLP,2018-09-12T00:00:00.000Z,44.3608997884,0.0257414661425929,255.8006026736,241.040061053696,True,discovery,False,True,True,False,True,False
XLP,2018-09-13T00:00:00.000Z,44.2963631093,0.0200631618034907,257.3135351257,241.1909042879275,True,discovery,False,True,True,False,True,False
XLP,2018-09-14T00:00:00.000Z,44.1753568361,0.0029304029309251,257.3577729167,241.33044693220552,True,discovery,False,True,True,False,True,False
XLP,2018-09-17T00:00:00.000Z,44.3366985338,-0.0010905125405256,255.995248954,241.46387524630103,True,discovery,False,True,True,False,True,False
XLP,2018-09-18T00:00:00.000Z,44.1511555814,-0.0047281323868648,257.3843155913,241.59421098014047,True,discovery,False,True,True,False,True,False
XLP,2018-09-19T00:00:00.000Z,44.0704847325,0.0005494505481296,257.6585898955,241.7283184561065,True,discovery,False,True,True,False,True,False
XLP,2018-09-20T00:00:00.000Z,44.6271135897,0.0195355694797521,259.7466136307,241.8742626300105,True,discovery,False,True,True,False,True,False
XLP,2018-09-21T00:00:00.000Z,44.6985072909,0.0236190652137928,259.5100299244,242.02316998006552,True,discovery,False,True,True,False,True,False
XLP,2018-09-24T00:00:00.000Z,44.0160873323,0.0092964983788124,258.6479294106,242.167548612042,True,discovery,False,True,True,False,True,False
XLP,2018-09-25T00:00:00.000Z,43.7561178242,0.0027788715153214,258.4079632882,242.3071050359465,True,discovery,False,True,True,False,True,False
XLP,2018-09-26T00:00:00.000Z,43.804862107,0.0072478728343352,257.634739116,242.436510732313,True,discovery,False,True,True,False,True,False
XLP,2018-09-27T00:00:00.000Z,43.7479937771,0.0048219112390033,258.3546374832,242.5660244723615,True,discovery,False,True,True,False,True,False
XLP,2018-09-28T00:00:00.000Z,43.8129861541,0.0094944876411662,258.3813003857,242.69362030113203,True,discovery,False,True,True,False,True,False
XLP,2018-10-01T00:00:00.000Z,43.7804899656,0.009120881227032,259.2789514362,242.825835314461,True,discovery,False,True,True,False,True,False
XLP,2018-10-02T00:00:00.000Z,44.0323354265,0.0162485556442304,259.1278616554,242.9620519769955,True,discovery,False,True,True,False,True,False
XLP,2018-10-03T00:00:00.000Z,43.5611406932,-0.0060994937643614,259.270063802,243.089372350214,True,discovery,False,True,True,False,True,False
XLP,2018-10-04T00:00:00.000Z,43.4555280805,-0.0112390498367017,257.2436832129,243.1991477380195,True,discovery,False,True,True,False,True,False
XLP,2018-10-05T00:00:00.000Z,43.4149078449,-0.0101647321786735,255.8038864785,243.306242174663,True,discovery,False,True,True,False,True,False
XLP,2018-10-08T00:00:00.000Z,44.0160873323,4.708032188127653e-05,255.8038864785,243.4139507128125,True,discovery,False,True,True,False,True,False
XLP,2018-10-09T00:00:00.000Z,43.9185987668,0.0015033365363528,255.4306058436,243.517380306156,True,discovery,False,True,True,False,True,False
XLP,2018-10-10T00:00:00.000Z,43.3905357035,-0.0218743102490842,247.3428587553,243.58067821481148,True,discovery,False,True,True,False,True,False
XLP,2018-10-11T00:00:00.000Z,42.3181614828,-0.0446583305635915,241.8947390134,243.61813918534293,True,discovery,False,False,True,False,False,False
XLP,2018-10-12T00:00:00.000Z,42.5537588495,-0.0367082034586947,245.254264727,243.67182754732949,True,discovery,False,True,True,False,True,False
XLP,2018-10-15T00:00:00.000Z,42.8137283575,-0.0343501033379599,243.8766814318,243.7162154512085,True,discovery,False,True,True,False,True,False
XLP,2018-10-16T00:00:00.000Z,43.293047138,-0.0194356961239198,249.2092619295,243.791696561299,True,discovery,False,True,True,False,True,False
XLP,2018-10-17T00:00:00.000Z,43.4961483162,-0.0130322237158524,249.2537001004,243.859021763124,True,discovery,False,True,True,False,True,False
XLP,2018-10-18T00:00:00.000Z,43.4392799863,-0.0266168593003996,245.6542082644,243.9008925589085,True,discovery,False,True,True,False,True,False
XLP,2018-10-19T00:00:00.000Z,44.4304137357,-0.0059978189753682,245.5208937519,243.93709624129448,True,discovery,False,True,True,False,True,False
XLP,2018-10-22T00:00:00.000Z,44.0973278035,0.0018456995186026,244.4188271157,243.95985013531248,True,discovery,False,True,True,False,True,False
XLP,2018-10-23T00:00:00.000Z,44.2923049346,0.0122539918315938,243.1745583329,243.97418946575152,True,discovery,False,False,True,False,False,False
XLP,2018-10-24T00:00:00.000Z,44.4791580185,0.0153931750738749,235.8067096118,243.9489699602005,True,discovery,False,False,True,False,False,False
XLP,2018-10-25T00:00:00.000Z,44.5847706311,0.0191272051985618,240.0372234734,243.946745328476,True,discovery,False,False,True,False,False,False
XLP,2018-10-26T00:00:00.000Z,43.7317456828,-0.0018542555171715,235.815597246,243.914639686955,True,discovery,False,False,True,False,False,False
XLP,2018-10-29T00:00:00.000Z,44.2354366047,0.0103915383189514,234.509115024,243.86810604353053,True,discovery,False,False,True,False,False,False
XLP,2018-10-30T00:00:00.000Z,45.1128336944,0.0245387453886838,237.9841799817,243.84311484225748,True,discovery,False,False,True,False,False,False
XLP,2018-10-31T00:00:00.000Z,44.6903832438,0.0259231629987199,240.5260433523,243.819252758007,True,discovery,False,False,True,False,False,False
XLP,2018-11-01T00:00:00.000Z,45.0072210817,0.0357076088990457,243.0856819913,243.8102504934365,True,discovery,False,False,True,False,False,False
XLP,2018-11-02T00:00:00.000Z,44.7716237151,0.0312500000010795,241.6458852569,243.78847846724497,True,discovery,False,False,True,False,False,False
XLP,2018-11-05T00:00:00.000Z,45.3321829668,0.0299003322254456,242.9790303813,243.7633710850036,True,discovery,False,False,True,False,False,False
XLP,2018-11-06T00:00:00.000Z,45.6084005691,0.0384757676644591,244.5165910915,243.743319642715,True,discovery,False,True,True,False,True,False
XLP,2018-11-07T00:00:00.000Z,45.8683700772,0.0571054109732995,249.7514076135,243.749924791363,True,discovery,True,True,True,True,True,True
XLP,2018-11-08T00:00:00.000Z,45.8927422185,0.0844691879431687,249.2981382712,243.75373722058,True,discovery,True,True,True,True,True,True
XLP,2018-11-09T00:00:00.000Z,46.1608357737,0.0847651775477029,246.8629265105,243.7309860699916,True,discovery,True,True,True,True,True,True
XLP,2018-11-12T00:00:00.000Z,45.9171143599,0.0724857685013167,242.2502443799,243.6935057434765,True,discovery,True,False,True,True,False,False
XLP,2018-11-13T00:00:00.000Z,45.8115017473,0.0581722649660632,241.7969750376,243.6665674730935,True,discovery,True,False,True,True,False,False
XLP,2018-11-14T00:00:00.000Z,45.5027879565,0.0461337317895946,240.1438750833,243.6307496014325,True,discovery,False,False,True,False,False,False
XLP,2018-11-15T00:00:00.000Z,45.4296715323,0.0458200860287678,242.6501879173,243.608866954527,True,discovery,False,False,True,False,False,False
XLP,2018-11-16T00:00:00.000Z,45.5434081921,0.0250502834166881,243.2812099428,243.617028290841,True,discovery,False,False,True,False,False,False
XLP,2018-11-19T00:00:00.000Z,45.470291768,0.0311348563028126,239.1662353254,243.6551465351475,True,discovery,False,False,True,False,False,False
XLP,2018-11-20T00:00:00.000Z,44.7147553852,0.009537784299638,234.7401935122,243.648325085873,True,discovery,False,False,True,False,False,False
XLP,2018-11-21T00:00:00.000Z,44.3572973116,-0.0027397260273972,235.5400805869,243.6519072733935,True,discovery,False,False,True,False,False,False
XLP,2018-11-23T00:00:00.000Z,44.511654207,-0.0016399416900666,233.9669693401,243.6916637555516,True,discovery,False,False,True,False,False,False
XLP,2018-11-26T00:00:00.000Z,44.5685225369,0.0191343117233278,237.7442138593,243.733330940099,True,discovery,False,False,True,False,False,False
XLP,2018-11-27T00:00:00.000Z,44.9666008461,0.0165289256198346,238.544100934,243.76215363299352,True,discovery,False,False,True,False,False,False
XLP,2018-11-28T00:00:00.000Z,45.3403070139,0.0050423194659181,244.0366588467,243.815544065494,True,discovery,False,True,True,False,True,False
XLP,2018-11-29T00:00:00.000Z,45.4134234381,0.0161788765684909,243.5034007969,243.85052089055148,True,discovery,False,False,True,False,False,False
XLP,2018-11-30T00:00:00.000Z,45.7058891346,0.0155234657041307,244.9876357021,243.87782953884,True,discovery,False,True,True,False,True,False
XLP,2018-12-03T00:00:00.000Z,45.7465093703,0.0217746325530561,248.2316221716,243.92100720433,True,discovery,False,True,True,False,True,False
XLP,2018-12-04T00:00:00.000Z,44.9747248932,-0.0078853046600864,240.1883132541,243.9314691364865,True,discovery,False,False,True,False,False,False
XLP,2018-12-06T00:00:00.000Z,45.023469176,-0.0128250801563143,239.8239202535,243.946030796735,True,discovery,False,False,True,False,False,False
XLP,2018-12-07T00:00:00.000Z,44.4547858771,-0.0308182784284862,234.2513736333,243.93119447011705,True,discovery,False,False,True,False,False,False
XLP,2018-12-10T00:00:00.000Z,44.4547858771,-0.031332979287961,234.6957553414,243.899674498528,True,discovery,False,False,True,False,False,False
XLP,2018-12-11T00:00:00.000Z,44.8203679978,-0.0290390707497486,234.7490811464,243.854428414502,True,discovery,False,False,True,False,False,False
XLP,2018-12-12T00:00:00.000Z,44.7634996679,-0.0251238499649155,235.9311364901,243.83031355166892,True,discovery,False,False,True,False,False,False
XLP,2018-12-13T00:00:00.000Z,45.0397172702,-0.0168469586820625,235.8511477826,243.81799304663548,True,discovery,False,False,True,False,False,False
XLP,2018-12-14T00:00:00.000Z,44.2760568403,-0.0269594715245302,231.4962070428,243.8012242732555,True,discovery,False,False,True,False,False,False
XLP,2018-12-17T00:00:00.000Z,43.2524269024,-0.0479256080104386,226.9546259855,243.755694308314,True,discovery,False,False,True,False,False,False
XLP,2018-12-18T00:00:00.000Z,42.7406119334,-0.0615412058508652,226.7057722289,243.6952782482735,True,discovery,False,False,True,False,False,False
XLP,2018-12-19T00:00:00.000Z,42.3262855299,-0.0691441843861802,223.3106959787,243.6148601638445,True,discovery,False,False,True,False,False,False
XLP,2018-12-20T00:00:00.000Z,41.5707491472,-0.0703124999995108,219.675653606,243.516705511485,True,discovery,False,False,True,False,False,False
XLP,2018-12-21T00:00:00.000Z,41.1434242683,-0.0724542124540019,215.2010853103,243.390387917732,True,discovery,False,False,True,False,False,False
XLP,2018-12-24T00:00:00.000Z,39.9545449301,-0.1023801374738245,209.5148414276,243.214715788962,True,discovery,False,False,True,False,False,False
XLP,2018-12-26T00:00:00.000Z,41.0696317576,-0.0785058732068834,220.1005533099,243.093507473369,True,discovery,False,False,True,False,False,False
XLP,2018-12-27T00:00:00.000Z,41.4631918144,-0.0779113601157125,221.7903333317,242.9886436486785,True,discovery,False,False,True,False,False,False
XLP,2018-12-28T00:00:00.000Z,41.4631918144,-0.0855114456616139,221.5042330105,242.8885780662305,True,discovery,False,False,True,False,False,False
XLP,2018-12-31T00:00:00.000Z,41.6353743393,-0.0831923429853203,223.4443508133,242.79952900459548,True,discovery,False,False,True,False,False,False
XLP,2019-01-02T00:00:00.000Z,41.3893993038,-0.0944405614359301,223.6768073242,242.7103404180505,True,discovery,False,False,True,False,False,False
XLP,2019-01-03T00:00:00.000Z,41.1516234361,-0.1004423287688728,218.3392482079,242.61080281941048,True,discovery,False,False,True,False,False,False
XLP,2019-01-04T00:00:00.000Z,42.028934396,-0.0654987996968358,225.6526876671,242.5458065850735,True,discovery,False,False,True,False,False,False
XLP,2019-01-07T00:00:00.000Z,41.9715402211,-0.0677852908883983,227.4318740392,242.491996354676,True,discovery,False,False,True,False,False,False
XLP,2019-01-08T00:00:00.000Z,42.35690111,-0.0471914266531352,229.5686858128,242.4786411201725,True,discovery,False,False,True,False,False,False
XLP,2019-01-09T00:00:00.000Z,41.9633410532,-0.0560444679856938,230.6415620171,242.4954006610825,True,discovery,False,False,True,False,False,False
XLP,2019-01-10T00:00:00.000Z,42.2093160887,-0.0582559230488282,231.4551598053,242.485136058477,True,discovery,False,False,True,False,False,False
XLP,2019-01-11T00:00:00.000Z,42.3323036065,-0.0543120193782216,231.5445661557,242.4951804589235,True,discovery,False,False,True,False,False,False
XLP,2019-01-14T00:00:00.000Z,42.1273244102,-0.0646627695846339,230.13194582,242.5015528259625,True,discovery,False,False,True,False,False,False
XLP,2019-01-15T00:00:00.000Z,42.5454819705,-0.039086020601203,232.7694331556,242.506491400252,True,discovery,False,False,True,False,False,False
XLP,2019-01-16T00:00:00.000Z,42.3159052708,-0.0216524643510358,233.3326931628,242.53926090805552,True,discovery,False,False,True,False,False,False
XLP,2019-01-17T00:00:00.000Z,42.4962869634,-0.005716459333355,235.1029388999,242.56634849481247,True,discovery,False,False,True,False,False,False
XLP,2019-01-18T00:00:00.000Z,43.0046353701,0.0160266801517652,238.2321611624,242.59679507538152,True,discovery,False,False,True,False,False,False
XLP,2019-01-22T00:00:00.000Z,42.6110753133,0.0250254370547005,235.0135325495,242.60198822457053,True,discovery,False,False,True,False,False,False
XLP,2019-01-23T00:00:00.000Z,43.11942372,0.0480271024311036,235.5052674765,242.635711638216,True,discovery,False,False,True,False,False,False
XLP,2019-01-24T00:00:00.000Z,42.5864778098,0.0658731787411053,235.630436367,242.664423795812,True,discovery,True,False,True,True,False,False
XLP,2019-01-25T00:00:00.000Z,42.4142952849,0.0327410660810507,237.62419798,242.6848282246895,True,discovery,False,False,True,False,False,False
XLP,2019-01-28T00:00:00.000Z,42.5946769776,0.0272889064658801,235.8181897027,242.7023241510065,True,discovery,False,False,True,False,False,False
XLP,2019-01-29T00:00:00.000Z,42.6930669918,0.0296618548544271,235.5052674765,242.708698819248,True,discovery,False,False,True,False,False,False
XLP,2019-01-30T00:00:00.000Z,42.9800378666,0.0322961795981922,239.2335122864,242.7371498196575,True,discovery,False,False,True,False,False,False
XLP,2019-01-31T00:00:00.000Z,43.7753571479,0.0576465927081224,241.3345615198,242.76650537944147,True,discovery,True,False,True,True,False,False
XLP,2019-02-01T00:00:00.000Z,43.6359712945,0.0603705917521741,241.4507897753,242.7838466840685,True,discovery,True,False,True,True,False,False
XLP,2019-02-04T00:00:00.000Z,43.9147430014,0.0448692937972625,243.1495104321,242.808800795026,True,discovery,False,True,True,False,True,False
XLP,2019-02-05T00:00:00.000Z,43.9229421692,0.0464934557516902,244.1687428261,242.8454570451045,True,discovery,False,True,True,False,True,False
XLP,2019-02-06T00:00:00.000Z,43.9311413371,0.0371660859469329,243.8468799648,242.8905450661455,True,discovery,False,True,True,False,True,False
XLP,2019-02-07T00:00:00.000Z,43.8983446657,0.0461117624082139,241.5223148555,242.924186421031,True,discovery,False,False,True,False,False,False
XLP,2019-02-08T00:00:00.000Z,44.1033238619,0.0448717948715367,241.8173558117,242.97511328601152,True,discovery,False,False,True,False,False,False
XLP,2019-02-11T00:00:00.000Z,44.2181122118,0.0445477435584309,241.9514653373,243.0238481085215,True,discovery,False,False,True,False,False,False
XLP,2019-02-12T00:00:00.000Z,44.5624772615,0.0578045932276294,245.0628063297,243.0763369568175,True,discovery,True,True,True,True,True,True
XLP,2019-02-13T00:00:00.000Z,44.64446894,0.0493351320113235,245.8585228479,243.1317033915125,True,discovery,False,True,True,False,True,False
XLP,2019-02-14T00:00:00.000Z,44.1443197012,0.0432086804878468,245.3131441107,243.19337110129447,True,discovery,False,True,True,False,True,False
XLP,2019-02-15T00:00:00.000Z,44.5624772615,0.0486204900649203,247.9863939864,243.266335187614,True,discovery,False,True,True,False,True,False
XLP,2019-02-19T00:00:00.000Z,44.7920539613,0.0415633937090127,248.4155444681,243.349284119228,True,discovery,False,True,True,False,True,False
XLP,2019-02-20T00:00:00.000Z,44.7100622828,0.0492591879943675,248.9162200301,243.437290739817,True,discovery,False,True,True,False,True,False
XLP,2019-02-21T00:00:00.000Z,44.8412489684,0.0399315459218758,248.0310971616,243.50589819785492,True,discovery,False,True,True,False,True,False
XLP,2019-02-22T00:00:00.000Z,44.6280706043,0.0479399306892243,249.5688863877,243.578231015733,True,discovery,False,True,True,False,True,False
XLP,2019-02-25T00:00:00.000Z,44.3820955688,0.0463947419303358,249.9086305191,243.652262554268,True,discovery,False,True,True,False,True,False
XLP,2019-02-26T00:00:00.000Z,44.4066930724,0.0425409047180453,249.7298178184,243.7140377486,True,discovery,False,True,True,False,True,False
XLP,2019-02-27T00:00:00.000Z,44.3410997296,0.0386018820834899,249.6225301979,243.764178463216,True,discovery,False,True,True,False,True,False
XLP,2019-02-28T00:00:00.000Z,44.5542780936,0.0366272415088622,249.1576171761,243.8083393053665,True,discovery,False,True,True,False,True,False
XLP,2019-03-01T00:00:00.000Z,44.4722864151,0.015920584379137,250.7132876723,243.859705981978,True,discovery,False,True,True,False,True,False
XLP,2019-03-04T00:00:00.000Z,44.3984939045,0.0174746335965279,249.8013428986,243.91479242608352,True,discovery,False,True,True,False,True,False
XLP,2019-03-05T00:00:00.000Z,44.3656972331,0.0102688573558458,249.4615987673,243.963159606898,True,discovery,False,True,True,False,True,False
XLP,2019-03-06T00:00:00.000Z,44.3001038903,0.008586895651186,247.9506314462,244.0049848676035,True,discovery,False,True,True,False,True,False
XLP,2019-03-07T00:00:00.000Z,44.0131330156,0.0018663680479149,245.876404118,244.0394337013095,True,discovery,False,True,True,False,True,False
XLP,2019-03-08T00:00:00.000Z,44.0377305191,0.0031751961141466,245.384669191,244.0624397314555,True,discovery,False,True,True,False,True,False
XLP,2019-03-11T00:00:00.000Z,44.6116722686,0.0115263060056829,248.9430419352,244.10658465374547,True,discovery,False,True,True,False,True,False
XLP,2019-03-12T00:00:00.000Z,44.6280706043,0.0092712775827323,249.881808614,244.152120420854,True,discovery,False,True,True,False,True,False
XLP,2019-03-13T00:00:00.000Z,44.8822448076,0.0071757129708824,251.5358260956,244.20839250684,True,discovery,False,True,True,False,True,False
XLP,2019-03-14T00:00:00.000Z,44.8412489684,0.0044077134989435,251.3748946649,244.2667225257715,True,discovery,False,True,True,False,True,False
XLP,2019-03-15T00:00:00.000Z,45.0935373631,0.0215026002965947,252.6114738967,244.345019913183,True,discovery,False,True,True,False,True,False
XLP,2019-03-18T00:00:00.000Z,45.159487692,0.013397155346563,253.5274161077,244.41208670633551,True,discovery,False,True,True,False,True,False
XLP,2019-03-19T00:00:00.000Z,45.1265125275,0.0074669173797872,253.5902748869,244.48682244794497,True,discovery,False,True,True,False,True,False
XLP,2019-03-20T00:00:00.000Z,44.936905332,0.0050736464593847,252.8269897111,244.546027164195,True,discovery,False,True,True,False,True,False
XLP,2019-03-21T00:00:00.000Z,45.464507963,0.0138992336060759,255.6825742512,244.613784622948,True,discovery,False,True,True,False,True,False
XLP,2019-03-22T00:00:00.000Z,45.4068014252,0.0174493499350376,250.7616298235,244.65605656260905,True,discovery,False,True,True,False,True,False
XLP,2019-03-25T00:00:00.000Z,45.4974831274,0.0251314757517693,250.573053486,244.687256455618,True,discovery,False,True,True,False,True,False
XLP,2019-03-26T00:00:00.000Z,45.8849413095,0.0332888610887975,252.4408572104,244.727927486792,True,discovery,False,True,True,False,True,False
XLP,2019-03-27T00:00:00.000Z,45.7283092784,0.0312849603924902,251.1208228475,244.75838707864253,True,discovery,False,True,True,False,True,False
XLP,2019-03-28T00:00:00.000Z,45.9508916384,0.0313463398927928,252.0726843609,244.791976503696,True,discovery,False,True,True,False,True,False
XLP,2019-03-29T00:00:00.000Z,46.2559119094,0.0401064491636837,253.6621134917,244.8319276398875,True,discovery,False,True,True,False,True,False
XLP,2019-04-01T00:00:00.000Z,46.0992798783,0.0383072898251537,256.670355067,244.89083953039847,True,discovery,False,True,True,False,True,False
XLP,2019-04-02T00:00:00.000Z,45.7200654873,0.0305273744957521,256.7960726254,244.947297219364,True,discovery,False,True,True,False,True,False
XLP,2019-04-03T00:00:00.000Z,45.4974831274,0.0270288132972569,257.2001647773,245.0073361412905,True,discovery,False,True,True,False,True,False
XLP,2019-04-04T00:00:00.000Z,45.6706027407,0.0376585262519832,257.8826315227,245.07330895103092,True,discovery,False,True,True,False,True,False
XLP,2019-04-05T00:00:00.000Z,45.8272347717,0.0406357055984947,259.1308272809,245.15021194540847,True,discovery,False,True,True,False,True,False
XLP,2019-04-08T00:00:00.000Z,46.0168419672,0.031497803761753,259.328383444,245.2260235444245,True,discovery,False,True,True,False,True,False
XLP,2019-04-09T00:00:00.000Z,45.9591354295,0.0298257309172524,257.9993692555,245.30284321034097,True,discovery,False,True,True,False,True,False
XLP,2019-04-10T00:00:00.000Z,46.0910360872,0.0269325049311106,258.8793921641,245.3818511012505,True,discovery,False,True,True,False,True,False
XLP,2019-04-11T00:00:00.000Z,46.1817177894,0.0298936548788959,258.8075535593,245.47704473296952,True,discovery,False,True,True,False,True,False
XLP,2019-04-12T00:00:00.000Z,46.3301060294,0.0274223034742864,260.5586195509,245.57833942718648,True,discovery,False,True,True,False,True,False
XLP,2019-04-15T00:00:00.000Z,46.6021511359,0.0319459656792247,260.3880028646,245.688734540947,True,discovery,False,True,True,False,True,False
XLP,2019-04-16T00:00:00.000Z,46.610394927,0.0328827183043611,260.5586195509,245.793170118325,True,discovery,False,True,True,False,True,False
XLP,2019-04-17T00:00:00.000Z,46.8412210781,0.042377545405734,259.9210519335,245.89269258376697,True,discovery,False,True,True,False,True,False
XLP,2019-04-18T00:00:00.000Z,46.8824400336,0.031187669989829,260.4329019926,245.992208507627,True,discovery,False,True,True,False,True,False
XLP,2019-04-22T00:00:00.000Z,46.8989276158,0.0328612926646687,260.6573976325,246.097093737622,True,discovery,False,True,True,False,True,False
XLP,2019-04-23T00:00:00.000Z,46.7505393759,0.0275412212361558,263.0011321136,246.203921088212,True,discovery,False,True,True,False,True,False
XLP,2019-04-24T00:00:00.000Z,46.8494648692,0.0210204814950978,262.4174434497,246.29761106576152,True,discovery,False,True,True,False,True,False
XLP,2019-04-25T00:00:00.000Z,46.5526883893,0.0180277627559128,262.255806589,246.37952188684,True,discovery,False,True,True,False,True,False
XLP,2019-04-26T00:00:00.000Z,46.9731217358,0.0222461428048927,263.4770628703,246.463115210225,True,discovery,False,True,True,False,True,False
XLP,2019-04-29T00:00:00.000Z,47.0308282736,0.0167528069864411,263.8901348478,246.557798402861,True,discovery,False,True,True,False,True,False
XLP,2019-04-30T00:00:00.000Z,47.5749184867,0.0320100143059851,264.0248322318,246.6420513968765,True,discovery,False,True,True,False,True,False
XLP,2019-05-01T00:00:00.000Z,46.989609318,0.0277677605482138,262.0402907746,246.715408452204,True,discovery,False,True,True,False,True,False
XLP,2019-05-02T00:00:00.000Z,46.9731217358,0.0324334118497935,261.4745617619,246.78704280724293,True,discovery,False,True,True,False,True,False
XLP,2019-05-03T00:00:00.000Z,47.3276047535,0.0362815884477771,264.0338120574,246.8664745433765,True,discovery,False,True,True,False,True,False
XLP,2019-05-06T00:00:00.000Z,47.2534106335,0.0311207051637494,262.94725316,246.937863455354,True,discovery,False,True,True,False,True,False
XLP,2019-05-07T00:00:00.000Z,46.7835145403,0.0166606950917334,258.5561184426,246.9919858995905,True,discovery,False,True,True,False,True,False
XLP,2019-05-08T00:00:00.000Z,46.7752707492,0.017757847532879,258.1969254187,247.0457279880195,True,discovery,False,True,True,False,True,False
XLP,2019-05-09T00:00:00.000Z,46.6763452559,0.0126989805044228,257.4156805916,247.093263487181,True,discovery,False,True,True,False,True,False
XLP,2019-05-10T00:00:00.000Z,47.2451668424,0.0230274901823617,258.7087754778,247.1410269322425,True,discovery,False,True,True,False,True,False
XLP,2019-05-13T00:00:00.000Z,46.8000021225,0.0101423487527054,252.2073817448,247.1456663387995,True,discovery,False,True,True,False,True,False
XLP,2019-05-14T00:00:00.000Z,47.0225844825,0.0090217583599079,254.4882574467,247.1646740558625,True,discovery,False,True,True,False,True,False
XLP,2019-05-15T00:00:00.000Z,47.3935550823,0.0168022638839804,255.978908496,247.199628684044,True,discovery,False,True,True,False,True,False
XLP,2019-05-16T00:00:00.000Z,47.7645256822,0.0197113692352415,258.3495824538,247.2529396372915,True,discovery,False,True,True,False,True,False
XLP,2019-05-17T00:00:00.000Z,47.6078936512,0.0154738878155675,256.6793348926,247.29179453757504,True,discovery,False,True,True,False,True,False
XLP,2019-05-20T00:00:00.000Z,47.4924805756,0.0126560028123123,254.9821478546,247.3242426788455,True,discovery,False,True,True,False,True,False
XLP,2019-05-21T00:00:00.000Z,47.3935550823,0.0137541879726734,257.2809832077,247.3614166148585,True,discovery,False,True,True,False,True,False
XLP,2019-05-22T00:00:00.000Z,47.6078936512,0.0161886327649094,256.4907585551,247.38928665489752,True,discovery,False,True,True,False,True,False
XLP,2019-05-23T00:00:00.000Z,47.5914060689,0.0223127324229623,253.3567994214,247.3968861690045,True,discovery,False,True,True,False,True,False
XLP,2019-05-24T00:00:00.000Z,47.4182864557,0.0094770094779697,253.9315082596,247.40320087494848,True,discovery,False,True,True,False,True,False
XLP,2019-05-28T00:00:00.000Z,46.6433700915,-0.008238387379571,251.5698141274,247.39823796372352,True,discovery,False,True,True,False,True,False
XLP,2019-05-29T00:00:00.000Z,46.305374656,-0.026685149887433,249.8816069149,247.386559290285,True,discovery,False,True,True,False,True,False
XLP,2019-05-30T00:00:00.000Z,46.5032256426,-0.0103508771930496,250.5640736604,247.38674236865447,True,discovery,False,True,True,False,True,False
XLP,2019-05-31T00:00:00.000Z,45.843722354,-0.0240435240423725,247.1876592356,247.374732580746,True,discovery,False,False,True,False,False,False
XLP,2019-06-03T00:00:00.000Z,46.4207877316,-0.0191604250124857,246.5590714437,247.3516170514985,True,discovery,False,False,True,False,False,False
XLP,2019-06-04T00:00:00.000Z,46.8412210781,-0.0087229588271833,251.9110475001,247.3646398142245,True,discovery,False,True,True,False,True,False
XLP,2019-06-05T00:00:00.000Z,47.3770675001,0.0126872246694655,254.0931451204,247.37848684870448,True,discovery,False,True,True,False,True,False
XLP,2019-06-06T00:00:00.000Z,47.8716949666,0.023440253788777,255.7454330304,247.39617154363447,True,discovery,False,True,True,False,True,False
XLP,2019-06-07T00:00:00.000Z,48.3333472687,0.0354998233841059,258.3046833258,247.4239539847905,True,discovery,False,True,True,False,True,False
XLP,2019-06-10T00:00:00.000Z,48.3498348509,0.0233816087936558,259.4900203048,247.4546991788445,True,discovery,False,True,True,False,True,False
XLP,2019-06-11T00:00:00.000Z,48.506466882,0.0364629205578515,259.4271615256,247.4858821214495,True,discovery,False,True,True,False,True,False
XLP,2019-06-12T00:00:00.000Z,48.580661002,0.0331346423563736,258.9691904201,247.516456244585,True,discovery,False,True,True,False,True,False
XLP,2019-06-13T00:00:00.000Z,48.6878302864,0.0273090972359526,260.0377896663,247.54476446389955,True,discovery,False,True,True,False,True,False
XLP,2019-06-14T00:00:00.000Z,48.7125616597,0.0198481187441854,259.7504352471,247.56159393256152,True,discovery,False,True,True,False,True,False
XLP,2019-06-17T00:00:00.000Z,48.5724172109,0.0202597402600206,259.8492133287,247.5782979625575,True,discovery,False,True,True,False,True,False
XLP,2019-06-18T00:00:00.000Z,48.3086158954,0.0171845165783846,262.5701004849,247.6017053329385,True,discovery,False,True,True,False,True,False
XLP,2019-06-19T00:00:00.000Z,48.506466882,0.0234823447569485,263.1627689744,247.633296105105,True,discovery,False,True,True,False,True,False
XLP,2019-06-20T00:00:00.000Z,48.9351440196,0.0278787878775759,265.6771201418,247.6774143953175,True,discovery,False,True,True,False,True,False
XLP,2019-06-21T00:00:00.000Z,48.7772754199,0.0249177204237918,265.2924244132,247.72182109643697,True,discovery,False,True,True,False,True,False
XLP,2019-06-24T00:00:00.000Z,48.9018767706,0.0312873033968872,264.9675765465,247.7680541059205,True,discovery,False,True,True,False,True,False
XLP,2019-06-25T00:00:00.000Z,48.8769565005,0.0478864714238782,262.3687936135,247.805141888556,True,discovery,False,True,True,False,True,False
XLP,2019-06-26T00:00:00.000Z,48.1791889365,0.0404664532879921,262.1071106098,247.84339857246897,True,discovery,False,True,True,False,True,False
XLP,2019-06-27T00:00:00.000Z,48.2705632604,0.0380046242680638,263.0365364505,247.8840904960355,True,discovery,False,True,True,False,True,False
XLP,2019-06-28T00:00:00.000Z,48.2373362335,0.0522124678492899,264.3900692281,247.92734749334497,True,discovery,True,True,True,True,True,True
XLP,2019-07-01T00:00:00.000Z,48.5280727185,0.0453952871089584,266.7903340204,247.98229615007892,True,discovery,False,True,True,False,True,False
XLP,2019-07-02T00:00:00.000Z,48.9517173109,0.0450563880322654,267.4851475129,248.033154212015,True,discovery,False,True,True,False,True,False
XLP,2019-07-03T00:00:00.000Z,49.5581105509,0.0460358389804391,269.6237293016,248.0944839939395,True,discovery,False,True,True,False,True,False
XLP,2019-07-05T00:00:00.000Z,49.3421348764,0.0307162700386089,269.3169285386,248.16109239186247,True,discovery,False,True,True,False,True,False
XLP,2019-07-08T00:00:00.000Z,49.4085889301,0.0222463727873512,267.8370660351,248.21335614408147,True,discovery,False,True,True,False,True,False
XLP,2019-07-09T00:00:00.000Z,49.1178524451,0.0158845960191671,268.1709374536,248.265917881872,True,discovery,False,True,True,False,True,False
XLP,2019-07-10T00:00:00.000Z,49.4335092002,0.0191117262870368,269.4522818164,248.3144462228005,True,discovery,False,True,True,False,True,False
XLP,2019-07-11T00:00:00.000Z,49.5581105509,0.0201201368762717,270.0839304459,248.367315725408,True,discovery,False,True,True,False,True,False
XLP,2019-07-12T00:00:00.000Z,49.6993254151,0.0207751120300494,271.2930863939,248.4305415103245,True,discovery,False,True,True,False,True,False
XLP,2019-07-15T00:00:00.000Z,49.815620009,0.0226442279304839,271.3833219125,248.495418303446,True,discovery,False,True,True,False,True,False
XLP,2019-07-16T00:00:00.000Z,49.8322335225,0.0259368667227308,270.5080373829,248.5597847947805,True,discovery,False,True,True,False,True,False
XLP,2019-07-17T00:00:00.000Z,49.7740862255,0.0303355892719654,268.6672328054,248.6113477713915,True,discovery,False,True,True,False,True,False
XLP,2019-07-18T00:00:00.000Z,50.106356494,0.0329830167983993,269.6507999571,248.66769526924847,True,discovery,False,True,True,False,True,False
XLP,2019-07-19T00:00:00.000Z,49.7906997389,0.0174834617623138,268.1528903499,248.71206496381703,True,discovery,False,True,True,False,True,False
XLP,2019-07-22T00:00:00.000Z,49.4999632539,0.0148160762932887,268.811609635,248.760483703715,True,discovery,False,True,True,False,True,False
XLP,2019-07-23T00:00:00.000Z,49.8571537926,0.0195345676911591,270.7336261792,248.81780151560105,True,discovery,False,True,True,False,True,False
XLP,2019-07-24T00:00:00.000Z,49.5248835241,0.0132562882386788,272.0059469902,248.8916128344875,True,discovery,False,True,True,False,True,False
XLP,2019-07-25T00:00:00.000Z,49.5913375778,0.029310344828785,270.7065555236,248.96612617971303,True,discovery,False,True,True,False,True,False
XLP,2019-07-26T00:00:00.000Z,50.1478902776,0.0388917570129145,272.5202894457,249.049708194549,True,discovery,False,True,True,False,True,False
XLP,2019-07-29T00:00:00.000Z,50.2392646014,0.0415016359570388,272.0239940939,249.1326751358005,True,discovery,False,True,True,False,True,False
XLP,2019-07-30T00:00:00.000Z,50.3887862223,0.0383430332087071,271.3562512569,249.2527420983085,True,discovery,False,True,True,False,True,False
XLP,2019-07-31T00:00:00.000Z,49.3670551465,0.0084846427953104,268.387502698,249.3852059167315,True,discovery,False,True,True,False,True,False
XLP,2019-08-01T00:00:00.000Z,49.1926132556,-0.0073751257107471,266.0504027686,249.4891866069395,True,discovery,False,True,True,False,True,False
XLP,2019-08-02T00:00:00.000Z,49.2009200123,-0.0028619528614588,264.0471742578,249.59003907106955,True,discovery,False,True,True,False,True,False
XLP,2019-08-05T00:00:00.000Z,47.9216794784,-0.0300941492946414,256.1064486291,249.62452500456752,True,discovery,False,True,True,False,True,False
XLP,2019-08-06T00:00:00.000Z,48.3536308275,-0.0155589379330903,259.6978222657,249.676745615394,True,discovery,False,True,True,False,True,False
XLP,2019-08-07T00:00:00.000Z,48.918490284,-0.0104184170723998,259.8512226471,249.7477306873075,True,discovery,False,True,True,False,True,False
XLP,2019-08-08T00:00:00.000Z,49.5498037942,-0.0001676164931966,264.9495294428,249.844873865762,True,discovery,False,True,True,False,True,False
XLP,2019-08-09T00:00:00.000Z,49.2756808227,-0.0085241517638645,263.1448190727,249.938503825547,True,discovery,False,True,True,False,True,False
XLP,2019-08-12T00:00:00.000Z,48.9434105542,-0.0175087543754834,259.9414581657,250.02233832471097,True,discovery,False,True,True,False,True,False
XLP,2019-08-13T00:00:00.000Z,49.4999632539,-0.0066677779644368,263.9840093948,250.163224823626,True,discovery,False,True,True,False,True,False
XLP,2019-08-14T00:00:00.000Z,48.7191281229,-0.02119492656923,256.1786370439,250.2439318914785,True,discovery,False,True,True,False,True,False
XLP,2019-08-15T00:00:00.000Z,49.4501227137,-0.013096816975279,256.8554034327,250.349130922412,True,discovery,False,True,True,False,True,False
XLP,2019-08-16T00:00:00.000Z,50.0149821702,0.0045045045053819,260.64529521,250.479811823342,True,discovery,False,True,True,False,True,False
XLP,2019-08-19T00:00:00.000Z,50.513387573,0.0204732337658888,263.7854912541,250.608818379704,True,discovery,False,True,True,False,True,False
XLP,2019-08-20T00:00:00.000Z,49.9651416299,0.0021659446856756,261.7642156395,250.71500924114,True,discovery,False,True,True,False,True,False
XLP,2019-08-21T00:00:00.000Z,50.0980497373,0.011573297550939,263.8937738763,250.81904970056505,True,discovery,False,True,True,False,True,False
XLP,2019-08-22T00:00:00.000Z,50.3638659521,0.0155778894466809,263.8125619096,250.92988308382849,True,discovery,False,True,True,False,True,False
XLP,2019-08-23T00:00:00.000Z,49.5248835241,-0.0124233891007431,257.0358744697,251.0001673042705,True,discovery,False,True,True,False,True,False
XLP,2019-08-26T00:00:00.000Z,50.1395835209,-0.001984126982966,259.8782933027,251.0769758153265,True,discovery,False,True,True,False,True,False
XLP,2019-08-27T00:00:00.000Z,49.9983686567,-0.0077481041888485,258.8586319436,251.122511936977,True,discovery,False,True,True,False,True,False
XLP,2019-08-28T00:00:00.000Z,50.4801605461,0.0225475349156798,260.6813894174,251.179428192708,True,discovery,False,True,True,False,True,False
XLP,2019-08-29T00:00:00.000Z,50.5050808162,0.0266801756145895,264.0110800504,251.2651689604075,True,discovery,False,True,True,False,True,False
XLP,2019-08-30T00:00:00.000Z,50.4386267625,0.0251561708579957,263.8937738763,251.3733866078896,True,discovery,False,True,True,False,True,False
XLP,2019-09-03T00:00:00.000Z,50.7293632475,0.0585890102279391,262.3507465098,251.4761554652505,True,discovery,True,True,True,True,True,True
XLP,2019-09-04T00:00:00.000Z,51.1862348667,0.0585809998282285,265.3285186206,251.602078682937,True,discovery,True,True,True,True,True,True
XLP,2019-09-05T00:00:00.000Z,50.8705781116,0.0399049074545636,268.7394212202,251.7325248494515,True,discovery,False,True,True,False,True,False
XLP,2019-09-06T00:00:00.000Z,51.0367132459,0.0300083822304468,268.9469629127,251.86085361430105,True,discovery,False,True,True,False,True,False
XLP,2019-09-09T00:00:00.000Z,50.9204186519,0.0333782872552888,269.0823161905,252.0104340186265,True,discovery,False,True,True,False,True,False
XLP,2019-09-10T00:00:00.000Z,50.6047618968,0.0339443312958385,269.0191513275,252.181828807703,True,discovery,False,True,True,False,True,False
XLP,2019-09-11T00:00:00.000Z,50.7875105445,0.0260110756849614,270.9321443199,252.358789126368,True,discovery,False,True,True,False,True,False
XLP,2019-09-12T00:00:00.000Z,50.9951794623,0.0467178175614797,271.8705937124,252.5483072482295,True,discovery,False,True,True,False,True,False
XLP,2019-09-13T00:00:00.000Z,50.7044429774,0.0253653620024787,271.6901226754,252.71803679231,True,discovery,False,True,True,False,True,False
XLP,2019-09-16T00:00:00.000Z,50.2143443313,0.0039860488287604,270.8509323533,252.8795709494065,True,discovery,False,True,True,False,True,False
XLP,2019-09-17T00:00:00.000Z,50.4884673028,-0.0004933399123943,271.5367222939,253.0170712666425,True,discovery,False,True,True,False,True,False
XLP,2019-09-18T00:00:00.000Z,50.5715348699,0.0121363258507631,271.6991462272,253.158049993794,True,discovery,False,True,True,False,True,False
XLP,2019-09-19T00:00:00.000Z,50.5632281132,0.0092853589778296,271.6810991235,253.29151731090096,True,discovery,False,True,True,False,True,False
XLP,2019-09-20T00:00:00.000Z,50.4035597891,0.0007881411851455,270.4030203841,253.4023743019635,True,discovery,False,True,True,False,True,False
XLP,2019-09-23T00:00:00.000Z,50.6041044567,0.0217914885569558,270.339562521,253.55313054829804,True,discovery,False,True,True,False,True,False
XLP,2019-09-24T00:00:00.000Z,50.8130051521,0.0134309378720565,268.2182568092,253.69510223107648,True,discovery,False,True,True,False,True,False
XLP,2019-09-25T00:00:00.000Z,50.8464292633,0.0169617655412515,269.8047033885,253.8728688798525,True,discovery,False,True,True,False,True,False
XLP,2019-09-26T00:00:00.000Z,51.1305342091,0.0128837479113415,269.242648029,254.0456033432905,True,discovery,False,True,True,False,True,False
XLP,2019-09-27T00:00:00.000Z,51.0720420144,0.0112258249870602,267.7921825851,254.21081885048403,True,discovery,False,True,True,False,True,False
XLP,2019-09-30T00:00:00.000Z,51.3227228489,0.017528155367174,269.0341436214,254.3763338861405,True,discovery,False,True,True,False,True,False
XLP,2019-10-01T00:00:00.000Z,51.1890264038,0.0090610866542397,265.8340542358,254.5262484184065,True,discovery,False,True,True,False,True,False
XLP,2019-10-02T00:00:00.000Z,50.1612349824,-0.0200249126932136,261.138172361,254.67445824499748,True,discovery,False,True,True,False,True,False
XLP,2019-10-03T00:00:00.000Z,50.5121881507,-0.0070451324558129,263.2776088908,254.856073159524,True,discovery,False,True,True,False,True,False
XLP,2019-10-04T00:00:00.000Z,51.3060107933,0.0052765456525871,266.8403146375,255.056745871567,True,discovery,False,True,True,False,True,False
XLP,2019-10-07T00:00:00.000Z,50.8882094024,-0.0006325409404072,265.6890076914,255.26863743013047,True,discovery,False,True,True,False,True,False
XLP,2019-10-08T00:00:00.000Z,50.4035597891,-0.0039759520677188,261.5642465852,255.47808039502647,True,discovery,False,True,True,False,True,False
XLP,2019-10-09T00:00:00.000Z,50.7879370686,8.398208445781208e-06,264.0481686579,255.7223158117645,True,discovery,False,True,True,False,True,False
XLP,2019-10-10T00:00:00.000Z,50.8882094024,-0.0020976504255482,265.8340542358,256.0039118758055,True,discovery,False,True,True,False,True,False
XLP,2019-10-11T00:00:00.000Z,50.8380732355,0.0026354743342622,268.5899385792,256.246358802152,True,discovery,False,True,True,False,True,False
XLP,2019-10-14T00:00:00.000Z,50.587392401,0.007429113626153,268.2907800814,256.4788610359005,True,discovery,False,True,True,False,True,False
XLP,2019-10-15T00:00:00.000Z,50.3701356778,-0.0023437357345453,270.9469449256,256.726074595476,True,discovery,False,True,True,False,True,False
XLP,2019-10-16T00:00:00.000Z,50.4202718447,-0.0029910704824194,270.5118052924,256.9614118678715,True,discovery,False,True,True,False,True,False
XLP,2019-10-17T00:00:00.000Z,50.6542406236,0.0017999742855865,271.3095612866,257.1995756376835,True,discovery,False,True,True,False,True,False
XLP,2019-10-18T00:00:00.000Z,50.7545129574,0.0069628647216282,270.1219927044,257.458489360166,True,discovery,False,True,True,False,True,False
XLP,2019-10-21T00:00:00.000Z,50.9216335137,0.0062747688237758,271.9532053273,257.68999194846697,True,discovery,False,True,True,False,True,False
XLP,2019-10-22T00:00:00.000Z,50.9383455693,0.002466699555061,271.0647952429,257.9081565544855,True,discovery,False,True,True,False,True,False
XLP,2019-10-23T00:00:00.000Z,51.1723143482,0.0064092029592177,271.8534858281,258.119580554562,True,discovery,False,True,True,False,True,False
XLP,2019-10-24T00:00:00.000Z,51.3477909323,0.0042490603034093,272.2976908703,258.32786119882803,True,discovery,False,True,True,False,True,False
XLP,2019-10-25T00:00:00.000Z,51.0469739309,-0.0004908376973242,273.4127361803,258.53764908070303,True,discovery,False,True,True,False,True,False
XLP,2019-10-28T00:00:00.000Z,50.9467015971,-0.0073266037132723,274.9538557145,258.754695528497,True,discovery,False,True,True,False,True,False
XLP,2019-10-29T00:00:00.000Z,50.9467015971,-0.0047339209929182,274.8722670332,258.978397134563,True,discovery,False,True,True,False,True,False
XLP,2019-10-30T00:00:00.000Z,51.180670376,0.0203231717472205,275.7153500725,259.1931267191476,True,discovery,False,True,True,False,True,False
XLP,2019-10-31T00:00:00.000Z,51.1054661257,0.0117452440038825,274.9810519415,259.401368513041,True,discovery,False,True,True,False,True,False
XLP,2019-11-01T00:00:00.000Z,51.0971100978,-0.0040716612394912,277.5284318774,259.6134959779285,True,discovery,False,True,True,False,True,False
XLP,2019-11-04T00:00:00.000Z,50.6041044567,-0.0055829228231127,278.6434771874,259.81555255805347,True,discovery,False,True,True,False,True,False
XLP,2019-11-05T00:00:00.000Z,50.771225013,0.0072944297077108,278.3352532806,260.032161161709,True,discovery,False,True,True,False,True,False
XLP,2019-11-06T00:00:00.000Z,50.9801257084,0.0037841395199889,278.3987111438,260.24662838004554,True,discovery,False,True,True,False,True,False
XLP,2019-11-07T00:00:00.000Z,50.8046491243,-0.0016420361235202,279.3777753184,260.4653650748025,True,discovery,False,True,True,False,True,False
XLP,2019-11-08T00:00:00.000Z,50.771225013,-0.0013149243912202,280.0667464043,260.677577816924,True,discovery,False,True,True,False,True,False
XLP,2019-11-11T00:00:00.000Z,50.6960207626,0.0021473406009726,279.5318872719,260.89614630477,True,discovery,False,True,True,False,True,False
XLP,2019-11-12T00:00:00.000Z,50.863141319,0.0097876575984148,280.1211388584,261.11922566167954,True,discovery,False,True,True,False,True,False
XLP,2019-11-13T00:00:00.000Z,51.2475185985,0.0164070268472176,280.2117929487,261.324117064991,True,discovery,False,True,True,False,True,False
XLP,2019-11-14T00:00:00.000Z,51.2308065429,0.0113823820513729,280.6197363548,261.52054293916603,True,discovery,False,True,True,False,True,False
XLP,2019-11-15T00:00:00.000Z,51.2475185985,0.0097135330904227,282.6503879763,261.726540930171,True,discovery,False,True,True,False,True,False
XLP,2019-11-18T00:00:00.000Z,51.5149114887,0.0116508040701479,282.8588923839,261.92508783993003,True,discovery,False,True,True,False,True,False
XLP,2019-11-19T00:00:00.000Z,51.4480632661,0.0100065616796789,282.7773037026,262.1181306443125,True,discovery,False,True,True,False,True,False
XLP,2019-11-20T00:00:00.000Z,51.5650476556,0.0076747224041433,281.7257162558,262.3075248257676,True,discovery,False,True,True,False,True,False
XLP,2019-11-21T00:00:00.000Z,51.3060107933,-0.0008136696485169,281.2724458046,262.506275480513,True,discovery,False,True,True,False,True,False
XLP,2019-11-22T00:00:00.000Z,51.2224505151,0.0034375511550897,281.8979590273,262.706678496591,True,discovery,False,True,True,False,True,False
XLP,2019-11-25T00:00:00.000Z,51.2809427098,0.006560603576327,284.0827226022,262.91733478291553,True,discovery,False,True,True,False,True,False
XLP,2019-11-26T00:00:00.000Z,51.6987441006,0.0147613580452636,284.7263666429,263.1156525844815,True,discovery,False,True,True,False,True,False
XLP,2019-11-27T00:00:00.000Z,51.8240845179,0.0125714285720202,285.9955239064,263.31633758977404,True,discovery,False,True,True,False,True,False
XLP,2019-11-29T00:00:00.000Z,51.8073724622,0.0137344669701979,284.9348710505,263.51444622447303,True,discovery,False,True,True,False,True,False
XLP,2019-12-02T00:00:00.000Z,51.9243568517,0.0161896974665816,282.5144068409,263.68708628874555,True,discovery,False,True,True,False,True,False
XLP,2019-12-03T00:00:00.000Z,51.8407965735,0.0244385733149015,280.6197363548,263.848107248179,True,discovery,False,True,True,False,True,False
XLP,2019-12-04T00:00:00.000Z,52.183393714,0.0278143515473265,282.3512294785,264.015282295421,True,discovery,False,True,True,False,True,False
XLP,2019-12-05T00:00:00.000Z,52.1666816584,0.0232748729727925,282.8588923839,264.1894212715325,True,discovery,False,True,True,False,True,False
XLP,2019-12-06T00:00:00.000Z,52.3672263259,0.0307565789456976,285.4425339559,264.3687895093735,True,discovery,False,True,True,False,True,False
XLP,2019-12-09T00:00:00.000Z,52.409006465,0.0322580645154937,284.5450584624,264.54197164909,True,discovery,False,True,True,False,True,False
XLP,2019-12-10T00:00:00.000Z,52.2418859087,0.0304928300652824,284.2277691466,264.714461405731,True,discovery,False,True,True,False,True,False
XLP,2019-12-11T00:00:00.000Z,52.317090159,0.0285855101021232,285.0345905497,264.89152170749,True,discovery,False,True,True,False,True,False
XLP,2019-12-12T00:00:00.000Z,52.27531002,0.020055437796945,287.4913163954,265.08319020358647,True,discovery,False,True,True,False,True,False
XLP,2019-12-13T00:00:00.000Z,52.4591426319,0.0239765128033151,287.6635591669,265.2679415610595,True,discovery,False,True,True,False,True,False
XLP,2019-12-16T00:00:00.000Z,52.6429752439,0.0272297407476982,289.6398183342,265.4671339382375,True,discovery,False,True,True,False,True,False
XLP,2019-12-17T00:00:00.000Z,52.5594149657,0.0202757502015531,289.7032761974,265.668342325388,True,discovery,False,True,True,False,True,False
XLP,2019-12-18T00:00:00.000Z,52.4758546876,0.0199772616548079,289.7214070154,265.877196203234,True,discovery,False,True,True,False,True,False
XLP,2019-12-19T00:00:00.000Z,52.7599596333,0.0231729055247025,290.9089755977,266.1023590606325,True,discovery,False,True,True,False,True,False
XLP,2019-12-20T00:00:00.000Z,53.155199749,0.0360423452750975,292.1781328611,266.336326378983,True,discovery,False,True,True,False,True,False
XLP,2019-12-23T00:00:00.000Z,52.9277527771,0.0332920866700292,292.6245123239,266.5547337309265,True,discovery,False,True,True,False,True,False
XLP,2019-12-24T00:00:00.000Z,52.9951444725,0.0334276569836227,292.6336221088,266.76849279840053,True,discovery,False,True,True,False,True,False
XLP,2019-12-26T00:00:00.000Z,53.045688244,0.0260537111071594,294.1913953361,266.98177064460305,True,discovery,False,True,True,False,True,False
XLP,2019-12-27T00:00:00.000Z,53.2815591779,0.0281235003677988,294.1185170565,267.19548875656096,True,discovery,False,True,True,False,True,False
XLP,2019-12-30T00:00:00.000Z,53.0035684344,0.023089300139141,292.4969753345,267.39491626375,True,discovery,False,True,True,False,True,False
XLP,2019-12-31T00:00:00.000Z,53.0541122059,0.0217577149280185,293.207538561,267.5933168760165,True,discovery,False,True,True,False,True,False
XLP,2020-01-02T00:00:00.000Z,52.6329141097,0.0152798102760041,295.9495838325,267.80511342074453,True,discovery,False,True,True,False,True,False
XLP,2020-01-03T00:00:00.000Z,52.5486744904,0.006999942901414,293.7085767335,268.00952135585646,True,discovery,False,True,True,False,True,False
XLP,2020-01-06T00:00:00.000Z,52.6581859954,0.0094218056693442,294.829080283,268.2052538860155,True,discovery,False,True,True,False,True,False
XLP,2020-01-07T00:00:00.000Z,52.253835823,-0.0021652951827986,294.0000898521,268.4214461861585,True,discovery,False,True,True,False,True,False
XLP,2020-01-08T00:00:00.000Z,52.4475869473,0.000736142218719,295.5669728643,268.64641578305,True,discovery,False,True,True,False,True,False
XLP,2020-01-09T00:00:00.000Z,52.818241272,0.011032437923609,297.5711255544,268.87206712477,True,discovery,False,True,True,False,True,False
XLP,2020-01-10T00:00:00.000Z,52.7845454243,0.0089350394656759,296.7148057687,269.100037039376,True,discovery,False,True,True,False,True,False
XLP,2020-01-13T00:00:00.000Z,53.1299278633,0.0163484031557732,298.7553975986,269.3334506055645,True,discovery,False,True,True,False,True,False
XLP,2020-01-14T00:00:00.000Z,53.1467757871,0.0131079754776977,298.2999083508,269.55663957986,True,discovery,False,True,True,False,True,False
XLP,2020-01-15T00:00:00.000Z,53.5258540738,0.0167710663352429,298.9740324375,269.7681579667125,True,discovery,False,True,True,False,True,False
XLP,2020-01-16T00:00:00.000Z,53.6690614265,0.0211122300642834,301.4610037302,269.99148262223645,True,discovery,False,True,True,False,True,False
XLP,2020-01-17T00:00:00.000Z,53.7617250077,0.0245040376713263,302.3993115806,270.21747835625297,True,discovery,False,True,True,False,True,False
XLP,2020-01-21T00:00:00.000Z,53.94705217,0.0224998757571215,301.8071755585,270.437101076432,True,discovery,False,True,True,False,True,False
XLP,2020-01-22T00:00:00.000Z,53.9891719797,0.0156893819351264,301.8436146983,270.650665013519,True,discovery,False,True,True,False,True,False
XLP,2020-01-23T00:00:00.000Z,53.9386282081,0.0190991564530842,302.1897865266,270.864972028932,True,discovery,False,True,True,False,True,False
XLP,2020-01-24T00:00:00.000Z,53.5679738834,0.0108090923536825,299.5023999649,271.072487182479,True,discovery,False,True,True,False,True,False
XLP,2020-01-27T00:00:00.000Z,53.3994946449,0.0066698427829339,294.7015432936,271.2515979381265,True,discovery,False,True,True,False,True,False
XLP,2020-01-28T00:00:00.000Z,53.4668863403,0.0034782608703551,297.7897603934,271.4465089722969,True,discovery,False,True,True,False,True,False
XLP,2020-01-29T00:00:00.000Z,53.1973195587,0.0036554354739304,297.5437961996,271.6314348555405,True,discovery,False,True,True,False,True,False
XLP,2020-01-30T00:00:00.000Z,53.8291167031,0.0146078120050761,298.5094334048,271.8220420082415,True,discovery,False,True,True,False,True,False
XLP,2020-01-31T00:00:00.000Z,53.2225914444,0.0112035851458074,293.0891113566,271.98469446727,True,discovery,False,True,True,False,True,False
XLP,2020-02-03T00:00:00.000Z,53.2225914444,0.0128246232761422,295.2663499608,272.1614209574065,True,discovery,False,True,True,False,True,False
XLP,2020-02-04T00:00:00.000Z,53.5427019976,0.0167973124307256,299.7665837286,272.3580893660865,True,discovery,False,True,True,False,True,False
XLP,2020-02-05T00:00:00.000Z,53.9723240558,0.0328873125911952,303.2283020115,272.57094388798146,True,discovery,False,True,True,False,True,False
XLP,2020-02-06T00:00:00.000Z,54.064987637,0.0308384195315827,304.2485979264,272.7771812170455,True,discovery,False,True,True,False,True,False
XLP,2020-02-07T00:00:00.000Z,54.1323793324,0.0248803827759529,302.6270562045,272.9782292808195,True,discovery,False,True,True,False,True,False
XLP,2020-02-10T00:00:00.000Z,54.3598263044,0.0298436003841156,304.8862828733,273.191381662241,True,discovery,False,True,True,False,True,False
XLP,2020-02-11T00:00:00.000Z,54.1576512182,0.0193435864912949,305.4146504007,273.401069599893,True,discovery,False,True,True,False,True,False
XLP,2020-02-12T00:00:00.000Z,54.1323793324,0.0185449358066087,307.382363951,273.61853074540903,True,discovery,False,True,True,False,True,False
XLP,2020-02-13T00:00:00.000Z,54.4524898855,0.0173119294915384,307.0544116926,273.83367864271304,True,discovery,False,True,True,False,True,False
XLP,2020-02-14T00:00:00.000Z,54.5788493144,0.0169518129014787,307.5463400801,274.0612088892405,True,discovery,False,True,True,False,True,False
XLP,2020-02-18T00:00:00.000Z,54.3850981901,0.0115951112489549,306.7537887891,274.2876050243765,True,discovery,False,True,True,False,True,False
XLP,2020-02-19T00:00:00.000Z,54.3261304567,0.007026858214707,308.2204641668,274.5085382849235,True,discovery,False,True,True,False,True,False
XLP,2020-02-20T00:00:00.000Z,54.3682502663,0.0070213761889612,306.9542040581,274.728573039414,True,discovery,False,True,True,False,True,False
XLP,2020-02-21T00:00:00.000Z,54.4609138475,0.0096829611124884,303.7931086787,274.9547579905945,True,discovery,False,True,True,False,True,False
XLP,2020-02-24T00:00:00.000Z,53.2057435206,-0.0067620695079574,293.7176865185,275.1323617960935,True,discovery,False,True,True,False,True,False
XLP,2020-02-25T00:00:00.000Z,52.2454118611,-0.0216122416789616,284.8174266175,275.269370526223,True,discovery,False,True,True,False,True,False
XLP,2020-02-26T00:00:00.000Z,51.9505731937,-0.0283598550502668,283.7698013476,275.394675655572,True,discovery,False,True,True,False,True,False
XLP,2020-02-27T00:00:00.000Z,49.8361587504,-0.0631828978637009,271.0252121956,275.488764807826,True,discovery,False,False,True,False,False,False
XLP,2020-02-28T00:00:00.000Z,48.8505552052,-0.0924882629109402,269.8864890763,275.565755965974,True,discovery,False,False,True,False,False,False
XLP,2020-03-02T00:00:00.000Z,51.461983402,-0.0330800886356549,281.5743431735,275.6937331393615,True,discovery,False,True,True,False,True,False
XLP,2020-03-03T00:00:00.000Z,50.7627945622,-0.0462171573281935,273.5121834883,275.769546144534,True,discovery,False,False,True,False,False,False
XLP,2020-03-04T00:00:00.000Z,53.2562872921,-0.0053492762750904,285.0087321015,275.9111931305785,True,discovery,False,True,True,False,True,False
XLP,2020-03-05T00:00:00.000Z,52.253835823,-0.031840174809284,275.5345557483,276.013955170047,True,discovery,False,False,True,False,False,False
XLP,2020-03-06T00:00:00.000Z,51.8410616887,-0.0411343097538791,270.9796632709,276.082448570363,True,discovery,False,False,True,False,False,False
XLP,2020-03-09T00:00:00.000Z,49.5834398927,-0.0840336134454247,249.8176328204,276.0490829416895,True,discovery,False,False,True,False,False,False
XLP,2020-03-10T00:00:00.000Z,51.0070894581,-0.0616767395010721,262.7444176715,276.09602103294003,True,discovery,False,False,True,False,False,False
XLP,2020-03-11T00:00:00.000Z,48.5051727662,-0.1043708197245536,249.9360600248,276.07604379176604,True,discovery,False,False,True,False,False,False
XLP,2020-03-12T00:00:00.000Z,43.9478093646,-0.1881419234366482,226.022874518,275.948309093719,True,discovery,False,False,True,False,False,False
XLP,2020-03-13T00:00:00.000Z,47.6880484595,-0.1242264851473996,245.3447284075,275.925624701182,True,discovery,False,False,True,False,False,False
XLP,2020-03-16T00:00:00.000Z,44.4532470801,-0.1855224571696582,218.4981921452,275.765295293606,True,discovery,False,False,True,False,False,False
XLP,2020-03-17T00:00:00.000Z,48.2019101369,-0.1136926889712881,230.2953636619,275.6808338157375,True,discovery,False,False,True,False,False,False
XLP,2020-03-18T00:00:00.000Z,46.9635877339,-0.1355248875799874,218.6348389195,275.54121265311653,True,discovery,False,False,True,False,False,False
XLP,2020-03-19T00:00:00.000Z,45.3967308158,-0.1650139448401739,219.0994379522,275.377154605377,True,discovery,False,False,True,False,False,False
XLP,2020-03-20T00:00:00.000Z,42.4567681038,-0.2204176334116186,209.7123137931,275.1552504487405,True,discovery,False,False,True,False,False,False
XLP,2020-03-23T00:00:00.000Z,41.2078155032,-0.225500617480417,204.3503512245,274.898275039711,True,discovery,False,False,True,False,False,False
XLP,2020-03-24T00:00:00.000Z,43.3093039352,-0.1710410083407438,222.8651621451,274.7210774338075,True,discovery,False,False,True,False,False,False
XLP,2020-03-25T00:00:00.000Z,43.1906715238,-0.1686199233498025,226.20149441,274.5546348043335,True,discovery,False,False,True,False,False,False
XLP,2020-03-26T00:00:00.000Z,45.5548460098,-0.0859077595053539,239.4093372498,274.45454568295446,True,discovery,False,False,True,False,False,False
XLP,2020-03-27T00:00:00.000Z,45.3430024178,-0.0718016974969126,232.278385321,274.321091657459,True,discovery,False,False,True,False,False,False
XLP,2020-03-30T00:00:00.000Z,47.1140148464,-0.0844889424808104,239.8217959089,274.220011688672,True,discovery,False,False,True,False,False,False
XLP,2020-03-31T00:00:00.000Z,46.1564818109,-0.0907419063711288,236.2471541966,274.1024952834195,True,discovery,False,False,True,False,False,False
XLP,2020-04-01T00:00:00.000Z,45.3768973925,-0.1479522944658746,225.6148865392,273.931323649472,True,discovery,False,False,True,False,False,False
XLP,2020-04-02T00:00:00.000Z,46.5378002763,-0.1093897788874675,230.8210313921,273.772578304008,True,discovery,False,False,True,False,False,False
XLP,2020-04-03T00:00:00.000Z,46.9021712545,-0.0952698550785381,227.4846991272,273.594187954772,True,discovery,False,False,True,False,False,False
XLP,2020-04-06T00:00:00.000Z,48.647762452,-0.0188707649716282,242.7640010107,273.4796223591165,True,discovery,False,False,True,False,False,False
XLP,2020-04-07T00:00:00.000Z,48.0884953693,-0.0572193810665768,243.0114762061,273.368217618081,True,discovery,False,False,True,False,False,False
XLP,2020-04-08T00:00:00.000Z,48.8002898382,0.0060842391681088,251.1689919088,273.29922469489253,True,discovery,False,False,True,False,False,False
XLP,2020-04-09T00:00:00.000Z,49.2578719968,0.1208265601624563,254.9911088166,273.262336270908,True,discovery,True,False,True,True,False,False
XLP,2020-04-13T00:00:00.000Z,48.8935010187,0.0252778756552336,252.6630088296,273.21511576200703,True,discovery,False,False,True,False,False,False
XLP,2020-04-14T00:00:00.000Z,50.9695682196,0.1465881924836285,260.1147619377,273.200506889443,True,discovery,True,False,True,True,False,False
XLP,2020-04-15T00:00:00.000Z,50.1645625703,0.0407173165508545,254.5878159055,273.15149562283,True,discovery,False,False,True,False,False,False
XLP,2020-04-16T00:00:00.000Z,50.4950385737,0.0751955080563591,255.8160261349,273.0966240834025,True,discovery,True,False,True,True,False,False
XLP,2020-04-17T00:00:00.000Z,51.2661492483,0.1292916544214499,262.7270001121,273.0728333463985,True,discovery,True,False,True,True,False,False
XLP,2020-04-20T00:00:00.000Z,50.2577737507,0.1837399782250921,258.098297382,273.01520618680047,True,discovery,True,False,True,True,False,False
XLP,2020-04-21T00:00:00.000Z,49.1900820474,0.1937075879108449,250.2615828587,272.91992945840104,True,discovery,True,False,True,True,False,False
XLP,2020-04-22T00:00:00.000Z,49.6646116933,0.1467423204863533,255.8160261349,272.8598242589,True,discovery,True,False,True,True,False,False
XLP,2020-04-23T00:00:00.000Z,49.2239770221,0.1396900137330667,255.7976946389,272.79795804482654,True,discovery,True,False,True,True,False,False
XLP,2020-04-24T00:00:00.000Z,49.7493491301,0.09207589285666,259.3631706033,272.747512488761,True,discovery,True,False,True,True,False,False
XLP,2020-04-27T00:00:00.000Z,49.8934027726,0.100355073818704,263.1027957793,272.712606815428,True,discovery,True,False,True,True,False,False
XLP,2020-04-28T00:00:00.000Z,50.1730363139,0.0649280575530009,261.8929170459,272.665605968688,True,discovery,True,False,True,True,False,False
XLP,2020-04-29T00:00:00.000Z,49.961192722,0.0824306957945288,268.7488965353,272.652433841802,True,discovery,True,False,True,True,False,False
XLP,2020-04-30T00:00:00.000Z,49.3680306646,0.0879551820737674,266.2466473366,272.6311268915705,True,discovery,True,False,True,True,False,False
XLP,2020-05-01T00:00:00.000Z,48.8257110692,0.0491624180626593,259.1981871397,272.583781663242,True,discovery,False,False,True,False,False,False
XLP,2020-05-04T00:00:00.000Z,48.8002898382,0.0404697380298335,259.9131154821,272.535093240867,True,discovery,False,False,True,False,False,False
XLP,2020-05-05T00:00:00.000Z,48.8426585566,0.0040062706849528,262.314541453,272.5059014963825,True,discovery,False,False,True,False,False,False
XLP,2020-05-06T00:00:00.000Z,48.3088127049,0.0045814977970937,260.5363863448,272.4645253799315,True,discovery,False,False,True,False,False,False
XLP,2020-05-07T00:00:00.000Z,48.1732328061,-0.0128494530294602,263.6802379021,272.429258438546,True,discovery,False,False,True,False,False,False
XLP,2020-05-08T00:00:00.000Z,49.2493982531,-0.0001720282130854,268.0431339408,272.40944437329904,True,discovery,False,False,True,False,False,False
XLP,2020-05-11T00:00:00.000Z,49.1816083037,0.0058925476596534,268.0981284287,272.3964022378245,True,discovery,False,False,True,False,False,False
XLP,2020-05-12T00:00:00.000Z,48.7663948635,-0.0432252701574346,262.7544973561,272.3475732773765,True,discovery,False,False,True,False,False,False
XLP,2020-05-13T00:00:00.000Z,48.3257601923,-0.0366554054054218,258.10746313,272.277990622557,True,discovery,False,False,True,False,False,False
XLP,2020-05-14T00:00:00.000Z,48.2071277808,-0.0453096157073071,261.1963201994,272.2271909672695,True,discovery,False,False,True,False,False,False
XLP,2020-05-15T00:00:00.000Z,48.6308149647,-0.0514049586762631,262.3970331848,272.1972386197035,True,discovery,False,False,True,False,False,False
XLP,2020-05-18T00:00:00.000Z,49.4019256393,-0.0170291687738769,270.3895654238,272.2189344329795,True,discovery,False,False,True,False,False,False
XLP,2020-05-19T00:00:00.000Z,48.4952350658,-0.0141257536616921,267.6123437857,272.23676028061897,True,discovery,False,False,True,False,False,False
XLP,2020-05-20T00:00:00.000Z,49.0714496359,-0.0119433543760097,272.158554784,272.3170208113935,True,discovery,False,False,True,False,False,False
XLP,2020-05-21T00:00:00.000Z,48.5291300405,-0.0141160268559372,270.279576448,272.369929582305,True,discovery,False,False,True,False,False,False
XLP,2020-05-22T00:00:00.000Z,48.6986049141,-0.0211207630727426,270.7928583349,272.424637760744,True,discovery,False,False,True,False,False,False
XLP,2020-05-26T00:00:00.000Z,48.9612909681,-0.0186820652170848,274.1291905998,272.470536066529,True,discovery,False,True,True,False,True,False
XLP,2020-05-27T00:00:00.000Z,49.698506668,-0.0094578618469725,278.2079484511,272.545851713421,True,discovery,False,True,True,False,True,False
XLP,2020-05-28T00:00:00.000Z,50.1391413392,0.0035617367701801,277.6946665642,272.6346177554135,True,discovery,False,True,True,False,True,False
XLP,2020-05-29T00:00:00.000Z,50.1899838013,0.0166495022311958,278.9320425416,272.7093579211476,True,discovery,False,True,True,False,True,False
XLP,2020-06-01T00:00:00.000Z,50.5374072921,0.0350572717819519,280.0594295432,272.828761883644,True,discovery,False,True,True,False,True,False
XLP,2020-06-02T00:00:00.000Z,50.6729871909,0.0383747178328044,282.3783637823,272.956376685392,True,discovery,False,True,True,False,True,False
XLP,2020-06-03T00:00:00.000Z,50.7407771403,0.0388619014564985,286.1363204543,273.0838318116135,True,discovery,False,True,True,False,True,False
XLP,2020-06-04T00:00:00.000Z,50.4950385737,0.0452552183833374,285.3847291199,273.19182800094245,True,discovery,False,True,True,False,True,False
XLP,2020-06-05T00:00:00.000Z,51.1983592989,0.0627968337723212,292.6989960083,273.3465019027865,True,discovery,True,True,True,True,True,True
XLP,2020-06-08T00:00:00.000Z,51.7491526379,0.0507570543695456,296.2369747287,273.5082179070485,True,discovery,True,True,True,True,True,True
XLP,2020-06-09T00:00:00.000Z,51.3254654541,0.0435906271539865,294.0280294654,273.6592952448275,True,discovery,False,True,True,False,True,False
XLP,2020-06-10T00:00:00.000Z,51.1814118116,0.0495221546489088,292.3873605769,273.8360526753635,True,discovery,False,True,True,False,True,False
XLP,2020-06-11T00:00:00.000Z,49.2409245094,0.0189374013664418,275.5315500408,273.914318959054,True,discovery,False,True,True,False,True,False
XLP,2020-06-12T00:00:00.000Z,49.2493982531,0.0216206714708091,278.8312193138,274.014181895905,True,discovery,False,True,True,False,True,False
XLP,2020-06-15T00:00:00.000Z,49.8171390795,0.0243944938134621,281.4342917403,274.1179464075195,True,discovery,False,True,True,False,True,False
XLP,2020-06-16T00:00:00.000Z,50.5967234978,0.0241852487132507,286.8512487967,274.23214725125104,True,discovery,False,True,True,False,True,False
XLP,2020-06-17T00:00:00.000Z,50.5204598047,0.0417613139961505,285.6597015593,274.340976889666,True,discovery,False,True,True,False,True,False
XLP,2020-06-18T00:00:00.000Z,50.7831458587,0.0348817130021719,285.769690535,274.458071609792,True,discovery,False,True,True,False,True,False
XLP,2020-06-19T00:00:00.000Z,50.5204598047,0.0410337000176623,284.1439086544,274.55214855996104,True,discovery,False,True,True,False,True,False
XLP,2020-06-22T00:00:00.000Z,50.3770637247,0.0344662606569665,285.9667603234,274.638285255477,True,discovery,False,True,True,False,True,False
XLP,2020-06-23T00:00:00.000Z,50.3002043293,0.0273463655619772,287.2832643067,274.729966762447,True,discovery,False,True,True,False,True,False
XLP,2020-06-24T00:00:00.000Z,49.4547509798,-0.0049046883808473,279.9550323442,274.78433034321546,True,discovery,False,True,True,False,True,False
XLP,2020-06-25T00:00:00.000Z,49.8048882256,-0.0066665105279469,282.956293173,274.854016052443,True,discovery,False,True,True,False,True,False
XLP,2020-06-26T00:00:00.000Z,48.7886362196,-0.0279208614062892,276.2356784336,274.8805337230115,True,discovery,False,True,True,False,True,False
XLP,2020-06-29T00:00:00.000Z,49.7109489645,-0.016353397846929,280.295666242,274.92265908565946,True,discovery,False,True,True,False,True,False
XLP,2020-06-30T00:00:00.000Z,50.0781660759,-0.0117384260919755,283.8861316507,274.983639130536,True,discovery,False,True,True,False,True,False
XLP,2020-07-01T00:00:00.000Z,50.12086574,-0.0122172232125243,285.8746971078,275.0587579543085,True,discovery,False,True,True,False,True,False
XLP,2020-07-02T00:00:00.000Z,50.3770637247,-0.0023363651624468,287.4489780947,275.1383192333125,True,discovery,False,True,True,False,True,False
XLP,2020-07-06T00:00:00.000Z,50.6247217766,-0.0112042168959177,291.8864250871,275.239255627612,True,discovery,False,True,True,False,True,False
XLP,2020-07-07T00:00:00.000Z,51.0858781491,-0.0128171082035116,288.8759579367,275.325229921678,True,discovery,False,True,True,False,True,False
XLP,2020-07-08T00:00:00.000Z,50.9577791567,-0.0071638180803019,291.0854751113,275.428642195314,True,discovery,False,True,True,False,True,False
XLP,2020-07-09T00:00:00.000Z,50.556402314,-0.0122116501963773,289.4283372303,275.52408606886047,True,discovery,False,True,True,False,True,False
XLP,2020-07-10T00:00:00.000Z,51.4872549917,0.0456191776389409,292.3835664514,275.6449126170715,True,discovery,False,True,True,False,True,False
XLP,2020-07-13T00:00:00.000Z,51.4103955963,0.0438786547623244,289.8518280221,275.7451482402396,True,discovery,False,True,True,False,True,False
XLP,2020-07-14T00:00:00.000Z,52.1619096848,0.0470675484105607,293.608007219,275.8669750361895,True,discovery,False,True,True,False,True,False
XLP,2020-07-15T00:00:00.000Z,52.2046093489,0.0317784579701077,296.3054594363,276.0095414204455,True,discovery,False,True,True,False,True,False
XLP,2020-07-16T00:00:00.000Z,52.3156284756,0.0355334982666366,295.3295893508,276.1410186490925,True,discovery,False,True,True,False,True,False
XLP,2020-07-17T00:00:00.000Z,52.5974462588,0.0357264279205573,296.185777256,276.2927772641935,True,discovery,False,True,True,False,True,False
XLP,2020-07-20T00:00:00.000Z,52.0679704237,0.0306313645002895,298.5794208618,276.4799835066975,True,discovery,False,True,True,False,True,False
XLP,2020-07-21T00:00:00.000Z,52.5205868634,0.0425495846763499,299.2146570495,276.659668747491,True,discovery,False,True,True,False,True,False
XLP,2020-07-22T00:00:00.000Z,52.9390435717,0.0524617996603815,300.9178265383,276.830056306995,True,discovery,True,True,True,True,True,True
XLP,2020-07-23T00:00:00.000Z,53.1269220938,0.0742531514414037,297.3273611296,276.988248074186,True,discovery,True,True,True,True,True,True
XLP,2020-07-24T00:00:00.000Z,53.0586026312,0.0653292181052938,295.4124462449,277.1574890724845,True,discovery,True,True,True,True,True,True
XLP,2020-07-27T00:00:00.000Z,53.3233405488,0.0929459128307885,297.5667254901,277.3250818566455,True,discovery,True,True,True,True,True,True
XLP,2020-07-28T00:00:00.000Z,53.5197590037,0.0766191376052785,295.6794295702,277.4743087333175,True,discovery,True,True,True,True,True,True
XLP,2020-07-29T00:00:00.000Z,53.5966183991,0.0702592087311528,299.3159265867,277.627938673355,True,discovery,True,True,True,True,True,True
XLP,2020-07-30T00:00:00.000Z,53.5966183991,0.0693474186405784,298.2479932856,277.777724739376,True,discovery,True,True,True,True,True,True
XLP,2020-07-31T00:00:00.000Z,53.5453788022,0.0628920155969028,300.6048116052,277.926014072774,True,discovery,True,True,True,True,True,True
XLP,2020-08-03T00:00:00.000Z,53.4001999442,0.0548245614039679,302.6946465995,278.0869282793095,True,discovery,True,True,True,True,True,True
XLP,2020-08-04T00:00:00.000Z,54.0663147044,0.0583416917411354,303.8638494378,278.2496997200655,True,discovery,True,True,True,True,True,True
XLP,2020-08-05T00:00:00.000Z,53.9552955777,0.0588235294121111,305.7511453577,278.427845483332,True,discovery,True,True,True,True,True,True
XLP,2020-08-06T00:00:00.000Z,53.9467556449,0.067060810811713,307.7949487442,278.6070542004165,True,discovery,True,True,True,True,True,True
XLP,2020-08-07T00:00:00.000Z,54.2371133609,0.0534085254621419,308.0159004617,278.7918097265105,True,discovery,True,True,True,True,True,True
XLP,2020-08-10T00:00:00.000Z,54.518931144,0.0604651162793954,308.9365326178,278.977224960459,True,discovery,True,True,True,True,True,True
XLP,2020-08-11T00:00:00.000Z,54.1431740998,0.0379829731497989,306.3863815454,279.1476684138345,True,discovery,False,True,True,False,True,False
XLP,2020-08-12T00:00:00.000Z,54.8434485913,0.0505480124324617,310.6581147497,279.33389530668154,True,discovery,True,True,True,True,True,True
XLP,2020-08-13T00:00:00.000Z,54.8007489272,0.0475024485801418,310.0965291345,279.5096086737815,True,discovery,False,True,True,False,True,False
XLP,2020-08-14T00:00:00.000Z,54.7922089944,0.0417275531743672,310.105735456,279.6857760158955,True,discovery,False,True,True,False,True,False
XLP,2020-08-17T00:00:00.000Z,55.099646576,0.0582253567333221,311.090811863,279.862653324848,True,discovery,True,True,True,True,True,True
XLP,2020-08-18T00:00:00.000Z,55.3216848294,0.0533333333324195,311.762873337,280.0465624318255,True,discovery,True,True,True,True,True,True
XLP,2020-08-19T00:00:00.000Z,54.8861482554,0.0367801258264681,310.4647819969,280.211244182423,True,discovery,False,True,True,False,True,False
XLP,2020-08-20T00:00:00.000Z,54.7751291287,0.031023951133287,311.4314457608,280.37518402529,True,discovery,False,True,True,False,True,False
XLP,2020-08-21T00:00:00.000Z,54.9117680539,0.0349267664582308,312.5362043481,280.5461887806275,True,discovery,False,True,True,False,True,False
XLP,2020-08-24T00:00:00.000Z,55.3814643592,0.0385970531706743,315.703178965,280.7327111197335,True,discovery,False,True,True,False,True,False
XLP,2020-08-25T00:00:00.000Z,55.2619052996,0.0325514600276799,316.8079375523,280.91986193090304,True,discovery,False,True,True,False,True,False
XLP,2020-08-26T00:00:00.000Z,55.3302247622,0.0323454429566978,319.9841184908,281.1194487913355,True,discovery,False,True,True,False,True,False
XLP,2020-08-27T00:00:00.000Z,55.6718220752,0.0387189292549627,320.6837989295,281.3252083496235,True,discovery,False,True,True,False,True,False
XLP,2020-08-28T00:00:00.000Z,56.1671381789,0.0489633173832786,322.7552212806,281.5383787617345,True,discovery,False,True,True,False,True,False
XLP,2020-08-31T00:00:00.000Z,56.0048794553,0.048776587237908,321.5860184424,281.745249889203,True,discovery,False,True,True,False,True,False
XLP,2020-09-01T00:00:00.000Z,56.064658985,0.0369609856252579,324.6148982359,281.9652256986085,True,discovery,False,True,True,False,True,False
XLP,2020-09-02T00:00:00.000Z,57.080910991,0.0579297245957788,329.310122232,282.198524369887,True,discovery,True,True,True,True,True,True
XLP,2020-09-03T00:00:00.000Z,56.0988187163,0.0398923539640785,317.9771403906,282.37411560992047,True,discovery,False,True,True,False,True,False
XLP,2020-09-04T00:00:00.000Z,55.970719724,0.0319634703190117,315.3809577104,282.5371338799595,True,discovery,False,True,True,False,True,False
XLP,2020-09-08T00:00:00.000Z,54.7922089944,0.0050125313293136,306.7638407294,282.6623245023275,True,discovery,False,True,True,False,True,False
XLP,2020-09-09T00:00:00.000Z,55.5864227469,0.0266561514188237,312.8216003165,282.82007027488703,True,discovery,False,True,True,False,True,False
XLP,2020-09-10T00:00:00.000Z,54.9032281211,0.001090003114966,307.3898705956,282.9475298327285,True,discovery,False,True,True,False,True,False
XLP,2020-09-11T00:00:00.000Z,55.2106657027,0.0074801309019436,307.5463780621,283.064848110028,True,discovery,False,True,True,False,True,False
XLP,2020-09-14T00:00:00.000Z,55.5693428813,0.0141832917701754,311.5971595489,283.199202074558,True,discovery,False,True,True,False,True,False
XLP,2020-09-15T00:00:00.000Z,55.4924834859,0.0071295722261695,313.1714405358,283.33508165770496,True,discovery,False,True,True,False,True,False
XLP,2020-09-16T00:00:00.000Z,55.244825434,-0.0013893176904683,311.9285871251,283.470050238078,True,discovery,False,True,True,False,True,False
XLP,2020-09-17T00:00:00.000Z,54.8946881882,0.0001555935891193,309.1851032999,283.60340372037297,True,discovery,False,True,True,False,True,False
XLP,2020-09-18T00:00:00.000Z,54.3908321517,-0.0070159027119233,305.6399550885,283.7285048140415,True,discovery,False,True,True,False,True,False
XLP,2020-09-21T00:00:00.000Z,53.9780357108,-0.0170042301712716,302.2383067149,283.8279402002235,True,discovery,False,True,True,False,True,False
XLP,2020-09-22T00:00:00.000Z,54.2959073201,-0.0196014506236086,305.3164287486,283.940227882047,True,discovery,False,True,True,False,True,False
XLP,2020-09-23T00:00:00.000Z,53.4797504854,-0.0322492466471818,298.2358237101,284.004194330818,True,discovery,False,True,True,False,True,False
XLP,2020-09-24T00:00:00.000Z,53.8749422159,-0.0263017645880629,299.0307741452,284.076622909232,True,discovery,False,True,True,False,True,False
XLP,2020-09-25T00:00:00.000Z,54.1584493269,-0.0271838192444244,303.865182024,284.1748099736189,True,discovery,False,True,True,False,True,False
XLP,2020-09-28T00:00:00.000Z,54.7684191718,-0.0249027999725549,308.9121929261,284.294197985501,True,discovery,False,True,True,False,True,False
XLP,2020-09-29T00:00:00.000Z,54.4075919396,-0.0285205062707949,307.2298559587,284.3928906833175,True,discovery,False,True,True,False,True,False
XLP,2020-09-30T00:00:00.000Z,55.069108532,-0.0177571837771519,309.5592456058,284.50236911551195,True,discovery,False,True,True,False,True,False
XLP,2020-10-01T00:00:00.000Z,55.3783890167,-0.0298264681614567,311.5466216937,284.61190313230946,True,discovery,False,True,True,False,True,False
XLP,2020-10-02T00:00:00.000Z,55.069108532,-0.018355291748787,308.5886665862,284.7063300842535,True,discovery,False,True,True,False,True,False
XLP,2020-10-05T00:00:00.000Z,55.4385268887,-0.0095084150771032,314.060883535,284.8280274668515,True,discovery,False,True,True,False,True,False
XLP,2020-10-06T00:00:00.000Z,55.0776996565,0.0052104243895183,309.5962200447,284.92146368908647,True,discovery,False,True,True,False,True,False
XLP,2020-10-07T00:00:00.000Z,55.6704872523,0.0015123208374601,314.9852445061,285.03549924731146,True,discovery,False,True,True,False,True,False
XLP,2020-10-08T00:00:00.000Z,56.039905609,0.0207032906224171,317.7768146388,285.161260758886,True,discovery,False,True,True,False,True,False
XLP,2020-10-09T00:00:00.000Z,56.4780529624,0.0229554786845835,320.61460282,285.301165662442,True,discovery,False,True,True,False,True,False
XLP,2020-10-12T00:00:00.000Z,57.1309784302,0.0281024656389361,325.7725370386,285.45907137095446,True,discovery,False,True,True,False,True,False
XLP,2020-10-13T00:00:00.000Z,57.0880228073,0.0287523502494784,323.6465068051,285.6067113196975,True,discovery,False,True,True,False,True,False
XLP,2020-10-14T00:00:00.000Z,56.7959245717,0.0280768221369993,321.6129126688,285.75229100636903,True,discovery,False,True,True,False,True,False
XLP,2020-10-15T00:00:00.000Z,56.83028907,0.0352602582450969,321.2154374512,285.89233050082,True,discovery,False,True,True,False,True,False
XLP,2020-10-16T00:00:00.000Z,56.8474713192,0.0451664199703407,321.0213216473,286.017689189894,True,discovery,False,True,True,False,True,False
XLP,2020-10-19T00:00:00.000Z,56.1086346056,0.0394715900040376,316.14069572,286.1298497848265,True,discovery,False,True,True,False,True,False
XLP,2020-10-20T00:00:00.000Z,56.0484967336,0.0322784810127152,317.4070702503,286.242739734663,True,discovery,False,True,True,False,True,False
XLP,2020-10-21T00:00:00.000Z,56.1000434811,0.0489959839363003,316.8062356191,286.356770463498,True,discovery,False,True,True,False,True,False
XLP,2020-10-22T00:00:00.000Z,56.0742701073,0.0408228352725903,318.5440342448,286.4716557704005,True,discovery,False,True,True,False,True,False
XLP,2020-10-23T00:00:00.000Z,56.1773636023,0.0372779187826048,319.6255365809,286.581927825533,True,discovery,False,True,True,False,True,False
XLP,2020-10-26T00:00:00.000Z,55.4557091379,0.0125490196082542,313.7188699757,286.666948146568,True,discovery,False,True,True,False,True,False
XLP,2020-10-27T00:00:00.000Z,55.3096600201,0.0165798199909565,312.6373676395,286.7363579967725,True,discovery,False,True,True,False,True,False
XLP,2020-10-28T00:00:00.000Z,53.6945285998,-0.0249609984407365,301.9517548138,286.7546172290875,True,discovery,False,True,True,False,True,False
XLP,2020-10-29T00:00:00.000Z,53.6773463506,-0.0307167235505357,305.0206332378,286.784850233089,True,discovery,False,True,True,False,True,False
XLP,2020-10-30T00:00:00.000Z,53.48834161,-0.0287051482063022,301.8408314973,286.78674937192454,True,discovery,False,True,True,False,True,False
XLP,2020-11-02T00:00:00.000Z,54.338862943,-0.0198357353164833,305.2239926515,286.800872777279,True,discovery,False,True,True,False,True,False
XLP,2020-11-03T00:00:00.000Z,55.2323398989,0.002807674310373,310.6130171129,286.844901985051,True,discovery,False,True,True,False,True,False
XLP,2020-11-04T00:00:00.000Z,55.2581132726,-0.0074074074083654,317.5549680057,286.923458751588,True,discovery,False,True,True,False,True,False
XLP,2020-11-05T00:00:00.000Z,55.6618961277,-0.0067453625624825,323.748186512,287.031250751515,True,discovery,False,True,True,False,True,False
XLP,2020-11-06T00:00:00.000Z,55.919629865,-0.0098874353507152,323.6742376343,287.152109939862,True,discovery,False,True,True,False,True,False
XLP,2020-11-09T00:00:00.000Z,55.7907629963,-0.0234586466173936,327.741425907,287.317309352929,True,discovery,False,True,True,False,True,False
XLP,2020-11-10T00:00:00.000Z,56.8904269421,-0.0034612490586157,327.2607582021,287.4646643419725,True,discovery,False,True,True,False,True,False
XLP,2020-11-11T00:00:00.000Z,57.3801210429,0.0102858871583735,329.691827556,287.6254044987545,True,discovery,False,True,True,False,True,False
XLP,2020-11-12T00:00:00.000Z,57.2254808005,0.0069538926682781,326.4935385961,287.765325024711,True,discovery,False,True,True,False,True,False
XLP,2020-11-13T00:00:00.000Z,58.0158642615,0.0205531207490206,331.0136637447,287.9549477866515,True,discovery,False,True,True,False,True,False
XLP,2020-11-16T00:00:00.000Z,58.5485139852,0.0434849180834724,335.1455572854,288.15434382327453,True,discovery,False,True,True,False,True,False
XLP,2020-11-17T00:00:00.000Z,58.1361400056,0.0372470876769921,333.3430533918,288.3222261715905,True,discovery,False,True,True,False,True,False
XLP,2020-11-18T00:00:00.000Z,57.33716542,0.0220520673806032,329.3313267773,288.4527412954195,True,discovery,False,True,True,False,True,False
XLP,2020-11-19T00:00:00.000Z,57.4918056624,0.0252796077842385,330.7178682339,288.585087646957,True,discovery,False,True,True,False,True,False
XLP,2020-11-20T00:00:00.000Z,57.1309784302,0.0169750726404853,328.4531838548,288.71421828520846,True,discovery,False,True,True,False,True,False
XLP,2020-11-23T00:00:00.000Z,57.1481606793,0.0305189775355938,330.4220727232,288.84189723445803,True,discovery,False,True,True,False,True,False
XLP,2020-11-24T00:00:00.000Z,57.5347612853,0.0402298850578972,335.7463919166,288.9935559420375,True,discovery,False,True,True,False,True,False
XLP,2020-11-25T00:00:00.000Z,57.500396787,0.07088000000086,335.2287497728,289.1327878711465,True,discovery,True,True,True,True,True,True
XLP,2020-11-27T00:00:00.000Z,57.4918056624,0.0710627400781962,336.1623543536,289.27832758445146,True,discovery,True,True,True,True,True,True
XLP,2020-11-30T00:00:00.000Z,57.4832145378,0.0746867973011362,334.6741331902,289.413966550002,True,discovery,True,True,True,True,True,True
XLP,2020-12-01T00:00:00.000Z,57.9900908878,0.0671936758895752,338.3346026356,289.5718706192345,True,discovery,True,True,True,True,True,True
XLP,2020-12-02T00:00:00.000Z,57.5089879115,0.0412194742566998,339.0463605834,289.72600010131754,True,discovery,False,True,True,False,True,False
XLP,2020-12-03T00:00:00.000Z,57.6550370293,0.0433768656717514,338.9539244863,289.8859987034585,True,discovery,False,True,True,False,True,False
XLP,2020-12-04T00:00:00.000Z,58.1017755073,0.0438339249888721,341.8749051549,290.0764076858395,True,discovery,False,True,True,False,True,False
XLP,2020-12-07T00:00:00.000Z,57.8784062683,0.0350284221842818,341.1723908169,290.3136812073315,True,discovery,False,True,True,False,True,False
XLP,2020-12-08T00:00:00.000Z,58.1962778776,0.043116723129589,342.1707006656,290.600447577572,True,discovery,False,True,True,False,True,False
XLP,2020-12-09T00:00:00.000Z,57.9643175141,0.0188764723649015,339.1018222416,290.877107682042,True,discovery,False,True,True,False,True,False
XLP,2020-12-10T00:00:00.000Z,57.7065837768,0.0056894744724558,338.9908989251,291.2169361156895,True,discovery,False,True,True,False,True,False
XLP,2020-12-11T00:00:00.000Z,57.8354506454,0.0106590602012848,338.5934237075,291.56047078884546,True,discovery,False,True,True,False,True,False
XLP,2020-12-14T00:00:00.000Z,57.6120814064,-0.0069598696880561,337.077471715,291.837986431553,True,discovery,False,True,True,False,True,False
XLP,2020-12-15T00:00:00.000Z,57.7495393997,-0.0136463683041037,341.6345713024,292.1785983706235,True,discovery,False,True,True,False,True,False
XLP,2020-12-16T00:00:00.000Z,57.8612240191,-0.0047288310932497,342.1707006656,292.464408213444,True,discovery,False,True,True,False,True,False
XLP,2020-12-17T00:00:00.000Z,58.2306423759,0.0155828588552502,344.0841278758,292.8071560740815,True,discovery,False,True,True,False,True,False
XLP,2020-12-18T00:00:00.000Z,58.3595092445,0.0150926479365647,342.7160736386,293.16583812592,True,discovery,False,True,True,False,True,False
XLP,2020-12-21T00:00:00.000Z,57.7361415409,0.0105925563910893,341.4906951858,293.62420343774704,True,discovery,False,True,True,False,True,False
XLP,2020-12-22T00:00:00.000Z,57.3289388619,0.0031633246013722,340.9151386398,294.0150570425885,True,discovery,False,True,True,False,True,False
XLP,2020-12-23T00:00:00.000Z,57.5195443712,-0.0002644820932609,341.221483253,294.4714841587295,True,discovery,False,True,True,False,True,False
XLP,2020-12-24T00:00:00.000Z,57.8054526352,0.0053052824892674,342.5489765768,295.05411466902353,True,discovery,False,True,True,False,True,False
XLP,2020-12-28T00:00:00.000Z,58.2646386348,0.0134424891251143,345.4917414976,295.554849734474,True,discovery,False,True,True,False,True,False
XLP,2020-12-29T00:00:00.000Z,58.0913608991,0.0105795468501521,344.8326364207,296.1865219558515,True,discovery,False,True,True,False,True,False
XLP,2020-12-30T00:00:00.000Z,58.0307136916,0.0007005128493176,345.3246444358,296.761668359721,True,discovery,False,True,True,False,True,False
XLP,2020-12-31T00:00:00.000Z,58.4379163705,0.0161527526867542,347.0791635841,297.403889983044,True,discovery,False,True,True,False,True,False
XLP,2021-01-04T00:00:00.000Z,57.8054526352,0.0026088892428177,342.3540300048,298.020162943307,True,discovery,False,True,True,False,True,False
XLP,2021-01-05T00:00:00.000Z,57.8054526352,-0.0051000656952862,344.7119552094,298.69516115038846,True,discovery,False,True,True,False,True,False
XLP,2021-01-06T00:00:00.000Z,57.8487720691,-0.0005120078646019,346.7728189709,299.4072734891205,True,discovery,False,True,True,False,True,False
XLP,2021-01-07T00:00:00.000Z,57.6754943334,-0.008948743170402,351.9249783747,300.05257257026847,True,discovery,False,True,True,False,True,False
XLP,2021-01-08T00:00:00.000Z,57.9614025973,-5.02881242290254e-05,353.9301431157,300.691215813797,True,discovery,False,True,True,False,True,False
XLP,2021-01-11T00:00:00.000Z,57.4675610505,-0.0041420356336548,351.5443684008,301.251890969552,True,discovery,False,True,True,False,True,False
XLP,2021-01-12T00:00:00.000Z,57.2769555412,-0.0096566223305535,351.6186337615,301.8485922117545,True,discovery,False,True,True,False,True,False
XLP,2021-01-13T00:00:00.000Z,57.3635944091,-0.0043131057103656,352.5655171114,302.412310817767,True,discovery,False,True,True,False,True,False
XLP,2021-01-14T00:00:00.000Z,57.0603583716,-0.0119339657989302,351.3308554885,302.9877293242265,True,discovery,False,True,True,False,True,False
XLP,2021-01-15T00:00:00.000Z,56.8610889755,-0.0172850654398505,348.7687005418,303.6034983942395,True,discovery,False,True,True,False,True,False
XLP,2021-01-19T00:00:00.000Z,56.6098362587,-0.0278342475897329,351.5072357204,304.206929415881,True,discovery,False,True,True,False,True,False
XLP,2021-01-20T00:00:00.000Z,56.7138029001,-0.0281994548224392,356.3716168512,304.85136400450097,True,discovery,False,True,True,False,True,False
XLP,2021-01-21T00:00:00.000Z,56.5231973909,-0.021008403361017,356.6965278046,305.4210266384705,True,discovery,False,True,True,False,True,False
XLP,2021-01-22T00:00:00.000Z,56.3759113155,-0.0166238476643664,355.4340166714,305.983139340797,True,discovery,False,True,True,False,True,False
XLP,2021-01-25T00:00:00.000Z,56.9390639566,-0.0100918813065328,356.835775356,306.511473258033,True,discovery,False,True,True,False,True,False
XLP,2021-01-26T00:00:00.000Z,57.4502332769,-0.0061450839342392,356.2787851502,307.017911639701,True,discovery,False,True,True,False,True,False
XLP,2021-01-27T00:00:00.000Z,56.4798779569,-0.0306319702605004,347.5711715993,307.4924524535495,True,discovery,False,True,True,False,True,False
XLP,2021-01-28T00:00:00.000Z,56.6964751266,-0.0240119313941157,350.5603523705,307.94468040571354,True,discovery,False,True,True,False,True,False
XLP,2021-01-29T00:00:00.000Z,55.5268504105,-0.0431472081216611,343.5422757772,308.389452705072,True,discovery,False,True,True,False,True,False
XLP,2021-02-01T00:00:00.000Z,55.5788337312,-0.0489251297252495,349.2607085569,308.856676117182,True,discovery,False,True,True,False,True,False
XLP,2021-02-02T00:00:00.000Z,55.951380863,-0.0320743405280592,354.1993550485,309.314037891864,True,discovery,False,True,True,False,True,False
XLP,2021-02-03T00:00:00.000Z,56.0380197309,-0.0305755395681088,354.4778501514,309.795935655711,True,discovery,False,True,True,False,True,False
XLP,2021-02-04T00:00:00.000Z,56.4452224098,-0.0242623932902753,358.5067459735,310.337161471285,True,discovery,False,True,True,False,True,False
XLP,2021-02-05T00:00:00.000Z,56.9737195037,-0.0121676430832704,359.9177878282,310.8576702797515,True,discovery,False,True,True,False,True,False
XLP,2021-02-08T00:00:00.000Z,57.1903166734,-0.0133034379664221,362.5170754553,311.39126718383346,True,discovery,False,True,True,False,True,False
XLP,2021-02-09T00:00:00.000Z,57.1383333527,-0.0057289311009856,362.2757130328,311.905829895981,True,discovery,False,True,True,False,True,False
