ticker,date,etf_close,etf_momentum_20d,spy_close,spy_200dma,eligible
XLRE,2015-10-08T00:00:00.000Z,20.8582863272,,168.4939570312,171.11302631772503,False
XLRE,2015-10-09T00:00:00.000Z,20.8237641717,,168.5944454505,171.098722669126,False
XLRE,2015-10-12T00:00:00.000Z,20.9548793182,,168.7535521144,171.0851320242795,False
XLRE,2015-10-13T00:00:00.000Z,20.8237641717,,167.690049677,171.063459126756,False
XLRE,2015-10-14T00:00:00.000Z,20.8237641717,,166.8861423227,171.036611278525,False
XLRE,2015-10-15T00:00:00.000Z,20.7616242919,,169.4485970144,171.027197359497,False
XLRE,2015-10-16T00:00:00.000Z,21.1565577503,,170.2190082289,171.030136041929,False
XLRE,2015-10-19T00:00:00.000Z,21.4036673391,,170.3027485783,171.033947338726,False
XLRE,2015-10-20T00:00:00.000Z,21.4244496767,,170.0850236699,171.051979245635,False
XLRE,2015-10-21T00:00:00.000Z,21.4417107544,,169.0298952674,171.072575819384,False
XLRE,2015-10-22T00:00:00.000Z,21.7127096747,,171.8435710073,171.09696584075752,False
XLRE,2015-10-23T00:00:00.000Z,21.452067401,,173.7779730785,171.116213815234,False
XLRE,2015-10-26T00:00:00.000Z,21.4796851254,,173.3341492266,171.14005135971746,False
XLRE,2015-10-27T00:00:00.000Z,21.4854158032,,172.9824397592,171.1687327222135,False
XLRE,2015-10-28T00:00:00.000Z,21.407188599,,174.96708604,171.2096894087695,False
XLRE,2015-10-29T00:00:00.000Z,21.5045410773,,174.9252158653,171.25547104803098,False
XLRE,2015-10-30T00:00:00.000Z,21.369214228,,174.121308511,171.304825870673,False
XLRE,2015-11-02T00:00:00.000Z,21.369214228,,176.1813211063,171.35371064781498,False
XLRE,2015-11-03T00:00:00.000Z,21.6453914716,,176.6921372377,171.40337511992652,False
XLRE,2015-11-04T00:00:00.000Z,21.5556338674,,176.1729470714,171.446234633296,False
XLRE,2015-11-05T00:00:00.000Z,21.4727806943,0.029460443559961913,175.9803442677,171.47566916805002,True
XLRE,2015-11-06T00:00:00.000Z,20.6787711188,-0.006962864720541195,175.8882298834,171.5093060514105,True
XLRE,2015-11-09T00:00:00.000Z,20.5130647726,-0.021084089241987125,174.2469190351,171.5327556709245,True
XLRE,2015-11-10T00:00:00.000Z,20.7340065675,-0.004310344828145074,174.6488727123,171.5693978151355,True
XLRE,2015-11-11T00:00:00.000Z,20.8057436066,-0.000865384613051301,173.9622018472,171.61333544871349,True
XLRE,2015-11-12T00:00:00.000Z,20.6787711188,-0.003990688393890385,171.5337317145,171.637496746693,True
XLRE,2015-11-13T00:00:00.000Z,20.4094983062,-0.03531101103105516,169.6077036783,171.66250915948353,True
XLRE,2015-11-16T00:00:00.000Z,20.388785013,-0.04741628198668668,172.1869064398,171.6902251845735,True
XLRE,2015-11-17T00:00:00.000Z,20.7063888432,-0.0335159523038262,172.0612959157,171.70526384028003,True
XLRE,2015-11-18T00:00:00.000Z,20.9513580583,-0.02286910320340818,174.7912313062,171.737170826047,True
XLRE,2015-11-19T00:00:00.000Z,21.0654192599,-0.029811590745591476,174.6404986773,171.75982360328203,True
XLRE,2015-11-20T00:00:00.000Z,21.2380300372,-0.009977470226949836,175.2769253328,171.78801060644997,True
XLRE,2015-11-23T00:00:00.000Z,21.3485009347,-0.006107360975458387,175.0759484942,171.818989085501,True
XLRE,2015-11-24T00:00:00.000Z,21.0239926734,-0.021476108911575142,175.3104214725,171.842144206655,True
XLRE,2015-11-25T00:00:00.000Z,21.0239926734,-0.017900338656235415,175.2852993677,171.8646785398835,True
XLRE,2015-11-27T00:00:00.000Z,21.0239926734,-0.022346368712200304,175.4862762063,171.880006065402,True
XLRE,2015-11-30T00:00:00.000Z,21.2311256061,-0.006462035544529399,174.7577351665,171.888142114346,True
XLRE,2015-12-01T00:00:00.000Z,21.5822849714,0.009970920836237962,176.4241681196,171.90324859020203,True
XLRE,2015-12-02T00:00:00.000Z,21.1413680019,-0.023285486444599934,174.6237506074,171.90927044893,True
XLRE,2015-12-03T00:00:00.000Z,20.7201977054,-0.03875720691579776,172.1785324049,171.903685188397,True
XLRE,2015-12-04T00:00:00.000Z,21.1413680019,-0.01543408360184928,175.5365204159,171.9096905052065,True
XLRE,2015-12-07T00:00:00.000Z,21.1413680019,0.022370617694947637,174.4730179785,171.9105021041795,True
XLRE,2015-12-08T00:00:00.000Z,21.2104123128,0.03399528778027694,173.3006530869,171.902975991688,True
XLRE,2015-12-09T00:00:00.000Z,21.0930369843,0.01731601731827226,171.9524334615,171.8894515471715,True
XLRE,2015-12-10T00:00:00.000Z,20.920426207,0.0055120644841368804,172.3962573134,171.8791778415005,True
XLRE,2015-12-11T00:00:00.000Z,20.8087125119,0.006283806341947695,169.0550173722,171.8551690005305,True
XLRE,2015-12-14T00:00:00.000Z,20.8729237211,0.022706359948065025,169.9091689361,171.8299427011835,True
XLRE,2015-12-15T00:00:00.000Z,21.1137502776,0.03555706061630248,171.6928383784,171.8172247852065,True
XLRE,2015-12-16T00:00:00.000Z,21.4934939876,0.03801267088918259,174.2050488604,171.8207404873655,True
XLRE,2015-12-17T00:00:00.000Z,21.4658762632,0.024557749596388234,171.5504797844,171.81003422524,True
XLRE,2015-12-18T00:00:00.000Z,21.1897328513,0.005901311047563196,168.5120030765,171.796349984357,True
XLRE,2015-12-21T00:00:00.000Z,21.2246418016,-0.0006303897101826994,169.9020880934,171.786067397183,True
XLRE,2015-12-22T00:00:00.000Z,21.4201319235,0.0033553170322873083,171.4438187485,171.7974409600855,True
XLRE,2015-12-23T00:00:00.000Z,21.6295856255,0.028804849845015745,173.5668576834,171.82141042726752,True
XLRE,2015-12-24T00:00:00.000Z,21.6505309957,0.02980111019029752,173.2804159223,171.833218841951,True
XLRE,2015-12-28T00:00:00.000Z,21.5927217739,0.027051431635036982,172.8844523114,171.84828806607598,True
XLRE,2015-12-29T00:00:00.000Z,21.9507479685,0.03389468725074285,174.7294742429,171.86123458441398,True
XLRE,2015-12-30T00:00:00.000Z,21.9506781506,0.01706923894704304,173.4910348643,171.870547322432,True
XLRE,2015-12-31T00:00:00.000Z,21.7720141428,0.029829959009432416,171.7555347826,171.86086636418298,True
XLRE,2016-01-04T00:00:00.000Z,21.266532542,0.02636725982868482,169.3544822142,171.8431415623015,True
XLRE,2016-01-05T00:00:00.000Z,21.9109517651,0.036401795907002654,169.6409214479,171.819252893989,True
XLRE,2016-01-06T00:00:00.000Z,21.6994035261,0.0263954311825918,167.5010380525,171.78636414923952,True
XLRE,2016-01-07T00:00:00.000Z,21.3014414923,0.004291721356358025,163.4824252702,171.73827312554647,True
XLRE,2016-01-08T00:00:00.000Z,21.0221698897,-0.0033597387921306954,161.6879476723,171.69389259691698,True
XLRE,2016-01-11T00:00:00.000Z,21.147772293,0.010867182329389102,161.8480205957,171.6523433520865,True
XLRE,2016-01-12T00:00:00.000Z,20.9174430387,0.005225240472605863,163.1538605632,171.615375282572,True
XLRE,2016-01-13T00:00:00.000Z,20.7010075466,-0.008236324570391362,159.0847009197,171.54765813494998,True
XLRE,2016-01-14T00:00:00.000Z,20.7708254473,-0.016241777315317507,161.6963682176,171.500542737921,True
XLRE,2016-01-15T00:00:00.000Z,20.421735944,-0.0498643005282583,158.2253722667,171.439098016245,True
XLRE,2016-01-19T00:00:00.000Z,20.5613717453,-0.042136855109457305,158.4359912086,171.375639286841,True
XLRE,2016-01-20T00:00:00.000Z,20.0098103301,-0.05568369027963527,156.4056212383,171.296267528682,True
XLRE,2016-01-21T00:00:00.000Z,20.1634097115,-0.05000000000094229,157.2818027766,171.223556281378,True
XLRE,2016-01-22T00:00:00.000Z,20.5823171155,-0.03911342894582437,160.5084866523,171.1640771403355,True
XLRE,2016-01-25T00:00:00.000Z,20.5823171155,-0.048418334411609365,158.0821522286,171.0886531727925,True
XLRE,2016-01-26T00:00:00.000Z,20.7653796511,-0.040883585939568756,160.2388885092,171.01928789100552,True
XLRE,2016-01-27T00:00:00.000Z,20.5823171155,-0.04679376083200948,158.4949704097,170.94514051509353,True
XLRE,2016-01-28T00:00:00.000Z,20.3588998334,-0.07251908396854412,159.3205932922,170.87346336038453,True
XLRE,2016-01-29T00:00:00.000Z,20.3798452036,-0.07156193244795339,163.2044065818,170.817309223081,True
XLRE,2016-02-01T00:00:00.000Z,20.8127161877,-0.04406105695174001,163.1454273807,170.7611088737535,True
XLRE,2016-02-02T00:00:00.000Z,20.5474081652,-0.033814839131850793,160.2051953759,170.70023761832,True
XLRE,2016-02-03T00:00:00.000Z,20.5683535354,-0.06127521269242642,161.1656169087,170.636293477805,True
XLRE,2016-02-04T00:00:00.000Z,20.6915821301,-0.04644465894132965,161.4183621665,170.574649246835,True
XLRE,2016-02-05T00:00:00.000Z,20.315612735,-0.046279908223880395,158.3433180317,170.4933607201765,True
XLRE,2016-02-08T00:00:00.000Z,19.2390207068,-0.08482231816486585,156.2118551816,170.39921817076498,True
XLRE,2016-02-09T00:00:00.000Z,19.0882140413,-0.09738889861140232,156.2202757269,170.30308680489802,True
XLRE,2016-02-10T00:00:00.000Z,19.4931578652,-0.06809078771553889,156.0854888713,170.209928869814,True
XLRE,2016-02-11T00:00:00.000Z,19.0044325605,-0.08195615514273125,154.0551197435,170.103842117965,True
XLRE,2016-02-12T00:00:00.000Z,19.1929408923,-0.07596638655519139,157.231256758,170.0172419689195,True
XLRE,2016-02-16T00:00:00.000Z,19.1929408923,-0.06017094017225433,159.8850503717,169.9526561746225,True
XLRE,2016-02-17T00:00:00.000Z,19.793374838,-0.037351443124194916,162.4967303068,169.89176168336752,True
XLRE,2016-02-18T00:00:00.000Z,20.0377374903,0.0013956734091573608,161.8311668679,169.8250525351035,True
XLRE,2016-02-19T00:00:00.000Z,20.0098103301,-0.00761772852894016,161.7553474187,169.767994543511,True
XLRE,2016-02-22T00:00:00.000Z,20.317009093,-0.012890094978674882,164.0974292107,169.726211431279,True
XLRE,2016-02-23T00:00:00.000Z,20.212282242,-0.017978290365633143,162.0249455618,169.670625772393,True
XLRE,2016-02-24T00:00:00.000Z,20.2290385382,-0.0258286206133288,162.7663158127,169.60734894894603,True
XLRE,2016-02-25T00:00:00.000Z,20.3588998334,-0.010854816823891555,164.7377057394,169.55811525548648,True
XLRE,2016-02-26T00:00:00.000Z,20.5055174248,0.0072016460908888025,164.3585941713,169.5095971859915,True
XLRE,2016-02-29T00:00:00.000Z,20.4775902645,0.0047961630681443435,163.0696079315,169.4544683959765,True
XLRE,2016-03-01T00:00:00.000Z,20.9663155692,0.007380073802705889,166.9028752025,169.40942897699398,True
XLRE,2016-03-02T00:00:00.000Z,21.1967146414,0.03160040774873463,167.6526777934,169.36718528237049,True
XLRE,2016-03-03T00:00:00.000Z,21.2260381596,0.031975560079131604,168.3098080498,169.3254917152335,True
XLRE,2016-03-04T00:00:00.000Z,21.2874779122,0.028798947241117645,168.857412244,169.28682630037903,True
XLRE,2016-03-07T00:00:00.000Z,21.2735143321,0.04715100694205088,168.9922108943,169.24945658872952,True
XLRE,2016-03-08T00:00:00.000Z,21.2413980978,0.10407896646695036,167.1471872778,169.200292024523,True
XLRE,2016-03-09T00:00:00.000Z,21.176607086,0.10940746159810844,167.9728227975,169.157369451757,True
XLRE,2016-03-10T00:00:00.000Z,21.0769071238,0.08124641833570623,168.1076088106,169.124612247681,True
XLRE,2016-03-11T00:00:00.000Z,21.5667495149,0.13482733284684745,170.8203824679,169.097129445844,True
XLRE,2016-03-14T00:00:00.000Z,21.6366372334,0.12732266278589854,170.6013429807,169.06954618249648,True
XLRE,2016-03-15T00:00:00.000Z,21.7796941119,0.13477628228604477,170.3233242924,169.04604387329903,True
XLRE,2016-03-16T00:00:00.000Z,21.6156918632,0.09206701939991824,171.3090192557,169.025687803718,True
XLRE,2016-03-17T00:00:00.000Z,22.3386562246,0.114829268295078,172.3958205785,169.011636134686,True
XLRE,2016-03-18T00:00:00.000Z,22.183266014,0.1086195045352607,173.0694675723,168.9986316501295,True
XLRE,2016-03-21T00:00:00.000Z,22.0704816936,0.08630564629732551,173.3150343249,168.994274071449,True
XLRE,2016-03-22T00:00:00.000Z,22.0318530639,0.090023026599096,173.2218860669,168.99094285536702,True
XLRE,2016-03-23T00:00:00.000Z,21.9506483532,0.08510586460888647,172.0787105219,168.98749115114202,True
XLRE,2016-03-24T00:00:00.000Z,21.9858934533,0.07991559628535638,172.0024881492,168.983533993063,True
XLRE,2016-03-28T00:00:00.000Z,22.1268738538,0.07906927659572638,172.1041128987,168.96968167884148,True
XLRE,2016-03-29T00:00:00.000Z,22.6062072154,0.10394860544651952,173.6960928398,168.960929398539,True
XLRE,2016-03-30T00:00:00.000Z,22.5568640752,0.07586208939526573,174.4582225719,168.963116707698,True
XLRE,2016-03-31T00:00:00.000Z,22.6696483956,0.06948877593149105,174.0348213992,168.9666271394035,True
XLRE,2016-04-01T00:00:00.000Z,22.7168768298,0.07023631348395232,175.2203396018,168.9712987191445,True
XLRE,2016-04-04T00:00:00.000Z,22.6836759455,0.06558776192551341,174.6529837241,168.97172431026902,True
XLRE,2016-04-05T00:00:00.000Z,22.4804526982,0.05673431983350441,172.9085725863,168.954641011694,True
XLRE,2016-04-06T00:00:00.000Z,22.5427660352,0.06126564416373248,174.7969384292,168.9506051699325,True
XLRE,2016-04-07T00:00:00.000Z,22.359632495,0.055864728669499986,172.7053357894,168.93161313093648,True
XLRE,2016-04-08T00:00:00.000Z,22.5709621153,0.07088587441811667,173.1710796198,168.9142834134575,True
XLRE,2016-04-11T00:00:00.000Z,22.5568640752,0.045909308661277404,172.7646178812,168.901335464522,True
XLRE,2016-04-12T00:00:00.000Z,22.6555503556,0.047092027804908954,174.3735372565,168.8992643024115,True
XLRE,2016-04-13T00:00:00.000Z,22.5684949583,0.03621726009315318,176.1348878284,168.905708344195,True
XLRE,2016-04-14T00:00:00.000Z,22.479324855,0.039953983303690155,176.1433516179,168.930645589444,True
XLRE,2016-04-15T00:00:00.000Z,22.6344032955,0.013239250737665742,175.9485904656,168.9528597351395,True
XLRE,2016-04-18T00:00:00.000Z,22.7189915358,0.024149984112434186,177.1849269706,168.97425838819302,True
XLRE,2016-04-19T00:00:00.000Z,22.6414523155,0.025870328968196965,177.7438072037,168.99949268871651,True
XLRE,2016-04-20T00:00:00.000Z,22.4158836748,0.01743069953245313,177.9131778344,169.0282810827855,True
XLRE,2016-04-21T00:00:00.000Z,21.8967938402,-0.0024534360959842516,176.9562869502,169.046703942241,True
XLRE,2016-04-22T00:00:00.000Z,22.1762874842,0.00865982687055289,176.9562869502,169.079620950257,True
XLRE,2016-04-25T00:00:00.000Z,22.3317888659,0.00926091111893812,176.6514381059,169.1098891680425,True
XLRE,2016-04-26T00:00:00.000Z,22.3947366147,-0.009354536950185066,176.9139442925,169.130307756375,True
XLRE,2016-04-27T00:00:00.000Z,22.3100778842,-0.010940624998992177,177.2780760754,169.14305083732398,True
XLRE,2016-04-28T00:00:00.000Z,22.3329871993,-0.014850746267654591,175.6691439981,169.143750872077,True
XLRE,2016-04-29T00:00:00.000Z,22.1198248338,-0.026282309864742892,174.7207296053,169.1400836835355,True
XLRE,2016-05-02T00:00:00.000Z,22.3524424946,-0.014602282791194021,176.1094846049,169.1365296942335,True
XLRE,2016-05-03T00:00:00.000Z,22.4651563247,-0.0006804299586558038,174.5767749002,169.12447915936448,True
XLRE,2016-05-04T00:00:00.000Z,22.7894112458,0.010941213257275928,173.6029445819,169.1069347251215,True
XLRE,2016-05-05T00:00:00.000Z,22.8105583059,0.020166959855034916,173.5690775689,169.09280284310097,True
XLRE,2016-05-06T00:00:00.000Z,22.9304621365,0.015927545284226463,174.2041793279,169.08380401292848,True
XLRE,2016-05-09T00:00:00.000Z,23.1616699933,0.026812500003710493,174.348134033,169.0803146892825,True
XLRE,2016-05-10T00:00:00.000Z,23.2475975473,0.026132545111783534,176.5159463434,169.096827394669,True
XLRE,2016-05-11T00:00:00.000Z,22.8247268361,0.011353520838383035,174.8646843104,169.110081772153,True
XLRE,2016-05-12T00:00:00.000Z,22.9021955662,0.01881153966712401,174.9154907575,169.112886169861,True
XLRE,2016-05-13T00:00:00.000Z,22.5716670173,-0.0027717222045111622,173.3912439955,169.10198845534,True
XLRE,2016-05-16T00:00:00.000Z,22.8793567413,0.0070586410161428415,175.1017881203,169.099435212182,True
XLRE,2016-05-17T00:00:00.000Z,22.500471915,-0.006226650063586692,173.4674655214,169.09025140056053,True
XLRE,2016-05-18T00:00:00.000Z,21.9457140392,-0.020974842768682223,173.5182719686,169.08432041053203,True
XLRE,2016-05-19T00:00:00.000Z,21.9013757032,0.00020924812250755487,172.9170363758,169.07709088647903,True
XLRE,2016-05-20T00:00:00.000Z,22.0504624767,-0.005673853551440677,174.0094181756,169.07207458295503,True
XLRE,2016-05-23T00:00:00.000Z,22.1198248338,-0.009491583203334986,173.7723152126,169.073161488748,True
XLRE,2016-05-24T00:00:00.000Z,22.2679247445,-0.005662574755032401,176.0247992895,169.0873017585695,True
XLRE,2016-05-25T00:00:00.000Z,22.4189852436,0.0048815320128099415,177.2187939836,169.0961248919195,True
XLRE,2016-05-26T00:00:00.000Z,22.4017856347,0.0030805747026156904,177.2695995839,169.11340707415147,True
XLRE,2016-05-27T00:00:00.000Z,22.4901098556,0.016739961757481492,178.031729316,169.13341700888702,True
XLRE,2016-05-31T00:00:00.000Z,22.500471915,0.006622516552084123,177.6930007566,169.15264959757351,True
XLRE,2016-06-01T00:00:00.000Z,22.4158836748,-0.0021932921003459116,178.0571325395,169.1709539549305,True
XLRE,2016-06-02T00:00:00.000Z,22.486373875,-0.013297288268289353,178.5990860405,169.1869700975305,True
XLRE,2016-06-03T00:00:00.000Z,22.5880912339,-0.009752811352384039,178.065596329,169.20294273226054,True
XLRE,2016-06-06T00:00:00.000Z,22.5990877052,-0.014451275745224978,178.9716807661,169.2303180147865,True
XLRE,2016-06-07T00:00:00.000Z,22.6174856474,-0.023495039263464856,179.2511145316,169.276874953023,True
XLRE,2016-06-08T00:00:00.000Z,22.7260405558,-0.022434876999175013,179.8354098435,169.3529259735125,True
XLRE,2016-06-09T00:00:00.000Z,22.7742558528,-0.002211241504111894,179.589843091,169.46161049006596,True
XLRE,2016-06-10T00:00:00.000Z,22.6625993756,-0.010461712716906768,177.8877746109,169.571239180665,True
XLRE,2016-06-13T00:00:00.000Z,22.6555503556,0.0037163111716873587,176.5159463434,169.642979590049,True
XLRE,2016-06-14T00:00:00.000Z,22.5498150552,-0.014403450666300333,176.1687539946,169.69432490390997,True
XLRE,2016-06-15T00:00:00.000Z,22.782432716,0.012531328323475366,175.9231872421,169.744109185191,True
XLRE,2016-06-16T00:00:00.000Z,22.899305468,0.04345228535725343,176.4482004622,169.80359900744403,True
XLRE,2016-06-17T00:00:00.000Z,22.8641653983,0.04396023830408646,175.7948509594,169.8838540468935,True
XLRE,2016-06-20T00:00:00.000Z,22.8854872808,0.037868811367668176,176.9269810138,169.95460919042,True
XLRE,2016-06-21T00:00:00.000Z,23.0702769297,0.042968337364393205,177.4291999606,170.026875832228,True
XLRE,2016-06-22T00:00:00.000Z,23.0489550471,0.0350742294830555,177.139787095,170.11044026447652,True
XLRE,2016-06-23T00:00:00.000Z,23.1484571657,0.03253813293392671,179.4465982054,170.185255274263,True
XLRE,2016-06-24T00:00:00.000Z,22.8570581041,0.020323043744101765,173.0028360254,170.2390969332395,True
XLRE,2016-06-27T00:00:00.000Z,22.8215927061,0.014739049859174402,169.9043803344,170.27290647987252,True
XLRE,2016-06-28T00:00:00.000Z,23.2408519901,0.03290509096417771,172.9687802426,170.318331189202,True
XLRE,2016-06-29T00:00:00.000Z,23.6815042297,0.05646088163469609,175.9140223649,170.381647497909,True
XLRE,2016-06-30T00:00:00.000Z,23.8734011728,0.06168301325551084,178.314468151,170.446678522057,True
XLRE,2016-07-01T00:00:00.000Z,23.8592576573,0.056275955778514186,178.6890085564,170.506543423213,True
XLRE,2016-07-05T00:00:00.000Z,24.033315292,0.06346395949735562,177.4036649333,170.5618141997495,True
XLRE,2016-07-06T00:00:00.000Z,24.0013324681,0.06118482143743864,178.4676953393,170.63617694349,True
XLRE,2016-07-07T00:00:00.000Z,23.7028261123,0.042980894718622986,178.3570319209,170.70546439127048,True
XLRE,2016-07-08T00:00:00.000Z,24.1136277163,0.05881078495635372,181.0128475581,170.798665941611,True
XLRE,2016-07-11T00:00:00.000Z,24.2998388239,0.07224411556525845,181.6512658017,170.8963156884105,True
XLRE,2016-07-12T00:00:00.000Z,24.3495898833,0.07477370891946866,182.9706660588,171.0033677382005,True
XLRE,2016-07-13T00:00:00.000Z,24.4632355173,0.08485304457779863,182.9451301803,171.1105433296465,True
XLRE,2016-07-14T00:00:00.000Z,24.3275572713,0.06782087648677093,183.9665968163,171.24359386092397,True
XLRE,2016-07-15T00:00:00.000Z,24.2920208003,0.06081910799636314,183.7197477207,171.37469835375347,True
XLRE,2016-07-18T00:00:00.000Z,24.2998388239,0.06279142057408071,184.2134595316,171.49357497431748,True
XLRE,2016-07-19T00:00:00.000Z,24.369490307,0.0648447204986986,184.0261884777,171.60925425017803,True
XLRE,2016-07-20T00:00:00.000Z,24.3355885137,0.05484596426196653,184.7922852626,171.716747269824,True
XLRE,2016-07-21T00:00:00.000Z,24.4064482367,0.058896083871307514,184.0942881261,171.8062213531665,True
XLRE,2016-07-22T00:00:00.000Z,24.5912378856,0.06232729505782464,184.9199765723,171.9026710506195,True
XLRE,2016-07-25T00:00:00.000Z,24.5557014147,0.07431592039814205,184.4177448573,171.98982662119602,True
XLRE,2016-07-26T00:00:00.000Z,24.4173223969,0.06992192487834026,184.5028723971,172.0698711980255,True
XLRE,2016-07-27T00:00:00.000Z,24.2358731763,0.042813455660913435,184.3070942073,172.14843444180948,True
XLRE,2016-07-28T00:00:00.000Z,24.3851263542,0.029711884755089013,184.5199002885,172.22726618268004,True
XLRE,2016-07-29T00:00:00.000Z,24.6466747803,0.03239059243812403,184.8178211411,172.31290504000052,True
XLRE,2016-08-01T00:00:00.000Z,24.7262764751,0.03633888489966197,184.6646067212,172.401797361993,True
XLRE,2016-08-02T00:00:00.000Z,24.3495898833,0.013159840307395143,183.481405761,172.471961405726,True
XLRE,2016-08-03T00:00:00.000Z,24.1648002344,0.006810778798104877,184.0176685734,172.54095470744846,True
XLRE,2016-08-04T00:00:00.000Z,24.1221564693,0.017691154422400324,184.2134595316,172.610508262215,True
XLRE,2016-08-05T00:00:00.000Z,24.1221564693,0.00035369016642117224,185.720117223,172.68868372998048,True
XLRE,2016-08-08T00:00:00.000Z,24.1150491751,-0.007604562735545772,185.609466573,172.77158158650852,True
XLRE,2016-08-09T00:00:00.000Z,24.2785169414,-0.0029188558099183526,185.720117223,172.84096431758698,True
XLRE,2016-08-10T00:00:00.000Z,24.2287658821,-0.009584571715143153,185.2604611949,172.898376758169,True
XLRE,2016-08-11T00:00:00.000Z,24.0013324681,-0.013409681850173216,186.1201935068,172.96230697957003,True
XLRE,2016-08-12T00:00:00.000Z,24.0795127042,-0.008748061672060548,185.958471951,173.027187140529,True
XLRE,2016-08-15T00:00:00.000Z,24.0511546004,-0.010233986542141471,186.4947339122,173.08482537989,True
XLRE,2016-08-16T00:00:00.000Z,23.7596844658,-0.025023331777474067,185.5328597886,173.1378635995065,True
XLRE,2016-08-17T00:00:00.000Z,23.8591865844,-0.019576347168748454,185.8818515471,173.19666631468698,True
XLRE,2016-08-18T00:00:00.000Z,23.8094355251,-0.024461269653413664,186.2989565736,173.2472544920235,True
XLRE,2016-08-19T00:00:00.000Z,23.6246458762,-0.03930635838247132,186.0265579799,173.2939265957345,True
XLRE,2016-08-22T00:00:00.000Z,23.7383625832,-0.03328509406824387,186.018050844,173.3431521145975,True
XLRE,2016-08-23T00:00:00.000Z,23.7241479948,-0.028388632907103917,186.3925912493,173.3952133495055,True
XLRE,2016-08-24T00:00:00.000Z,23.6601823472,-0.023753665688553083,185.4392242617,173.442968321397,True
XLRE,2016-08-25T00:00:00.000Z,23.7596844658,-0.025648498979062184,185.311532952,173.4982913909815,True
XLRE,2016-08-26T00:00:00.000Z,23.5251437576,-0.04550435434789102,184.9625275739,173.54985966528952,True
XLRE,2016-08-29T00:00:00.000Z,23.7596844658,-0.03909169301222459,185.8733444112,173.6094153781095,True
XLRE,2016-08-30T00:00:00.000Z,23.6886115239,-0.027145359021152338,185.5669028031,173.67958123355248,True
XLRE,2016-08-31T00:00:00.000Z,23.7241479948,-0.01823529411895186,185.0391479778,173.75673845505,True
XLRE,2016-09-01T00:00:00.000Z,23.7170407006,-0.016794342960820496,185.0476551137,173.8210421984195,True
XLRE,2016-09-02T00:00:00.000Z,23.8734011728,-0.010312315850226073,185.8818515471,173.8901449765765,True
XLRE,2016-09-06T00:00:00.000Z,24.07240541,-0.001768346595122594,186.4436630064,173.9484071350775,True
XLRE,2016-09-07T00:00:00.000Z,24.1914739095,-0.0035851873534982204,186.426635115,174.00733781726598,True
XLRE,2016-09-08T00:00:00.000Z,23.8842579089,-0.014218964964060277,186.0010229526,174.06095830536503,True
XLRE,2016-09-09T00:00:00.000Z,22.9768990233,-0.04268235716336033,181.5491231389,174.09332417858852,True
XLRE,2016-09-12T00:00:00.000Z,23.0697782793,-0.041933341313999284,184.153867019,174.137541406321,True
XLRE,2016-09-13T00:00:00.000Z,22.6625384645,-0.05773594486299238,181.5065593689,174.168647706327,True
XLRE,2016-09-14T00:00:00.000Z,22.7054058135,-0.04437258642123554,181.4384597205,174.198408623898,True
XLRE,2016-09-15T00:00:00.000Z,22.8768752091,-0.04117120136619712,183.2515717884,174.24087780700748,True
XLRE,2016-09-16T00:00:00.000Z,22.7982850695,-0.04246847660600939,182.5468125259,174.271491029039,True
XLRE,2016-09-19T00:00:00.000Z,23.0340554885,-0.02499890964693663,182.581041872,174.311277485362,True
XLRE,2016-09-20T00:00:00.000Z,22.9911881396,-0.03147539940807831,182.5895921504,174.3633327840895,True
XLRE,2016-09-21T00:00:00.000Z,23.2555367913,-0.019752498745274738,184.6428986285,174.4088646751525,True
XLRE,2016-09-22T00:00:00.000Z,23.7127885132,0.0022234049268106126,185.8064226253,174.46553169838649,True
XLRE,2016-09-23T00:00:00.000Z,23.8056677692,0.0019353499187326761,184.7883389143,174.5229701275235,True
XLRE,2016-09-26T00:00:00.000Z,23.8556796762,0.014050325133219133,183.2911418884,174.579663669658,True
XLRE,2016-09-27T00:00:00.000Z,23.6484874898,-0.004680069559006905,184.4290133391,174.6398274497865,True
XLRE,2016-09-28T00:00:00.000Z,23.8128123273,0.0052430596565227194,185.3444355335,174.72127454059301,True
XLRE,2016-09-29T00:00:00.000Z,23.519885443,-0.008609900420650352,183.6675697313,174.790066544569,True
XLRE,2016-09-30T00:00:00.000Z,23.4127170707,-0.01283143347189597,185.053554962,174.856870127487,True
XLRE,2016-10-03T00:00:00.000Z,22.962609907,-0.038150880103238305,184.6086701379,174.9088882338745,True
XLRE,2016-10-04T00:00:00.000Z,22.6125265574,-0.06064532512374299,183.6675697313,174.96947368360898,True
XLRE,2016-10-05T00:00:00.000Z,22.1909976264,-0.08269344359023989,184.4803440975,175.04931538871404,True
XLRE,2016-10-06T00:00:00.000Z,22.2338649753,-0.06909961112859242,184.6086701379,175.12284829893647,True
XLRE,2016-10-07T00:00:00.000Z,22.1767085101,-0.034825870644622614,183.975564548,175.185507027934,True
XLRE,2016-10-10T00:00:00.000Z,22.2624432079,-0.03499535459880876,184.9337800555,175.24234163979452,True
XLRE,2016-10-11T00:00:00.000Z,22.0909738122,-0.02522068095748986,182.5981432842,175.28893027660396,True
XLRE,2016-10-12T00:00:00.000Z,22.405334371,-0.013215859032195243,182.8377067859,175.33869654897651,True
XLRE,2016-10-13T00:00:00.000Z,22.4767799525,-0.017489069330624774,182.2388177091,175.3762432663075,True
XLRE,2016-10-14T00:00:00.000Z,22.4482017199,-0.015355687874451185,182.3329272365,175.4204527281685,True
XLRE,2016-10-17T00:00:00.000Z,22.4696353944,-0.024503722081497648,181.6998353352,175.47017423093152,True
XLRE,2016-10-18T00:00:00.000Z,22.5839483248,-0.01771286513455861,182.8377067859,175.53759035379,True
XLRE,2016-10-19T00:00:00.000Z,22.6696830227,-0.02519201228754997,183.3253584015,175.60601253855802,True
XLRE,2016-10-20T00:00:00.000Z,22.591092883,-0.047303404640731905,182.9831470717,175.683423083654,True
XLRE,2016-10-21T00:00:00.000Z,22.5768037667,-0.051620648259651625,183.0686934876,175.781354424741,True
XLRE,2016-10-24T00:00:00.000Z,22.6053819993,-0.05241090146542249,183.8472385076,175.8921508789175,True
XLRE,2016-10-25T00:00:00.000Z,22.5768037667,-0.045317220543691694,183.2312480186,175.99906701603203,True
XLRE,2016-10-26T00:00:00.000Z,22.2838768824,-0.06420642063966397,182.8633713096,176.097614569764,True
XLRE,2016-10-27T00:00:00.000Z,21.755179579,-0.07503037666899914,182.375706861,176.2140695994705,True
XLRE,2016-10-28T00:00:00.000Z,21.8123360442,-0.06835520292955699,181.8367116539,176.314771316652,True
XLRE,2016-10-31T00:00:00.000Z,22.1124074867,-0.03702551337776383,181.8452756209,176.432870833423,True
XLRE,2016-11-01T00:00:00.000Z,21.6765894393,-0.04139020536799376,180.5277353939,176.5433295543495,True
XLRE,2016-11-02T00:00:00.000Z,21.340795206,-0.03831294269476826,179.4412066791,176.6585074815535,True
XLRE,2016-11-03T00:00:00.000Z,21.24791595,-0.04434447300976729,178.6198820345,176.765197877843,True
XLRE,2016-11-04T00:00:00.000Z,21.3908071131,-0.03543814433246817,178.4231109904,176.8547709995335,True
XLRE,2016-11-07T00:00:00.000Z,21.7837578116,-0.02150192554472785,182.3585926156,176.97615320146852,True
XLRE,2016-11-08T00:00:00.000Z,21.9195044165,-0.007761966364982276,183.1799181158,177.0908583495015,True
XLRE,2016-11-09T00:00:00.000Z,21.4265299039,-0.04368622448977588,185.1219999657,177.22399349728147,True
XLRE,2016-11-10T00:00:00.000Z,21.105024787,-0.06102987920862857,185.5839862021,177.35531046183098,True
XLRE,2016-11-11T00:00:00.000Z,21.1264584614,-0.05887969446248753,185.1562156233,177.4650695070385,True
XLRE,2016-11-14T00:00:00.000Z,21.5408428343,-0.04133545310359055,185.301655909,177.57585064968,True
XLRE,2016-11-15T00:00:00.000Z,21.3979516713,-0.05251502688737686,186.747523032,177.7085622879605,True
XLRE,2016-11-16T00:00:00.000Z,21.383662555,-0.05672864796619603,186.3967477352,177.83471794209296,True
XLRE,2016-11-17T00:00:00.000Z,21.1836149266,-0.06230234029355619,187.3549623872,177.9644009431965,True
XLRE,2016-11-18T00:00:00.000Z,21.2264822756,-0.059810126581853806,186.9357429422,178.107363067749,True
XLRE,2016-11-21T00:00:00.000Z,21.1693258103,-0.06352718078572928,188.3473807191,178.2680406954365,True
XLRE,2016-11-22T00:00:00.000Z,21.5336982762,-0.04620253164615551,188.7152702612,178.43051566810797,True
XLRE,2016-11-23T00:00:00.000Z,21.383662555,-0.04039756332126376,188.8179309224,178.59417787836347,True
XLRE,2016-11-25T00:00:00.000Z,21.476541811,-0.012807881773082008,189.5194806604,178.77149968294802,True
XLRE,2016-11-28T00:00:00.000Z,21.5551319507,-0.01179168031240696,188.6297110122,178.928491954219,True
XLRE,2016-11-29T00:00:00.000Z,21.7051676719,-0.018416801293343776,188.9976005543,179.074054705132,True
XLRE,2016-11-30T00:00:00.000Z,21.4408190202,-0.01087673038972381,188.5441645963,179.20429187657948,True
XLRE,2016-12-01T00:00:00.000Z,21.1121693451,-0.010713090055600172,187.8511779697,179.33439193208847,True
XLRE,2016-12-02T00:00:00.000Z,21.3122169734,0.0030262273039536325,187.9452755194,179.46534157259197,True
XLRE,2016-12-05T00:00:00.000Z,21.4836863691,0.004342017367971129,189.0745958363,179.59022740572,True
XLRE,2016-12-06T00:00:00.000Z,21.5765656251,-0.009511315186844005,189.67347208,179.72847003831103,True
XLRE,2016-12-07T00:00:00.000Z,22.0266727888,0.004889178617529577,192.154549137,179.8754112049325,True
XLRE,2016-12-08T00:00:00.000Z,22.1409857193,0.033344448149299044,192.6250865072,180.0148481087715,True
XLRE,2016-12-09T00:00:00.000Z,22.126696603,0.0484089370332943,193.7886233371,180.16199825460052,True
XLRE,2016-12-12T00:00:00.000Z,22.3553224639,0.05816706121119397,193.5661869138,180.314481149512,True
XLRE,2016-12-13T00:00:00.000Z,22.4124789291,0.040464344942532815,194.8580497842,180.4542570224205,True
XLRE,2016-12-14T00:00:00.000Z,22.0195282307,0.029048414023370883,193.2496409632,180.5822418382695,True
XLRE,2016-12-15T00:00:00.000Z,21.8409142768,0.021383227528208648,194.045288251,180.7109192392755,True
XLRE,2016-12-16T00:00:00.000Z,22.1419266576,0.045238347388795175,193.6679304349,180.83497183023,True
XLRE,2016-12-19T00:00:00.000Z,22.3383235103,0.05237991016429855,194.0896263595,180.960458907556,True
XLRE,2016-12-20T00:00:00.000Z,22.3528714254,0.05590851714909806,194.8383383058,181.09891466269602,True
XLRE,2016-12-21T00:00:00.000Z,22.0691870825,0.024867479772011425,194.2961730761,181.23053141408897,True
XLRE,2016-12-22T00:00:00.000Z,22.0400912525,0.030697673787716706,193.9605425146,181.359796082609,True
XLRE,2016-12-23T00:00:00.000Z,22.061913125,0.027256311521260956,194.2445400545,181.476916870542,True
XLRE,2016-12-27T00:00:00.000Z,22.1201047851,0.02621059503102008,194.726469771,181.5975425044935,True
XLRE,2016-12-28T00:00:00.000Z,21.9528037624,0.011409084428340766,193.117151526,181.71151164066148,True
XLRE,2016-12-29T00:00:00.000Z,22.1564745726,0.03337818166954176,193.0741321836,181.820337205301,True
XLRE,2016-12-30T00:00:00.000Z,22.3674193404,0.0594562299487873,192.3684395798,181.92020030030747,True
XLRE,2017-01-03T00:00:00.000Z,22.4401589155,0.052924664923775566,193.84005944,182.024053259646,True
XLRE,2017-01-04T00:00:00.000Z,22.7238432583,0.057725516370585206,194.9932520007,182.132444348025,True
XLRE,2017-01-05T00:00:00.000Z,22.8402265785,0.0585663620131458,194.8383383058,182.2405266092195,True
XLRE,2017-01-06T00:00:00.000Z,22.8402265785,0.03693493781383417,195.5354301393,182.3578102073065,True
XLRE,2017-01-09T00:00:00.000Z,22.6947474283,0.025010707112163244,194.8899850969,182.472247692045,True
XLRE,2017-01-10T00:00:00.000Z,22.4110630854,0.012851736863488394,194.8899850969,182.586177053036,True
XLRE,2017-01-11T00:00:00.000Z,22.2874058078,-0.003038053072581426,195.4407640058,182.69490040886598,True
XLRE,2017-01-12T00:00:00.000Z,22.3746932979,-0.0016859193184088905,194.9502197494,182.7973603947535,True
XLRE,2017-01-13T00:00:00.000Z,22.3237755953,0.013817160904283643,195.3977317545,182.90417494653,True
XLRE,2017-01-17T00:00:00.000Z,22.505624533,0.03043417724074282,194.7092544608,183.00161952082502,True
XLRE,2017-01-18T00:00:00.000Z,22.5565422356,0.018725361365863114,195.1395511558,183.1040523579835,True
XLRE,2017-01-19T00:00:00.000Z,22.3383235103,0.0,194.4166561507,183.2115927758055,True
XLRE,2017-01-20T00:00:00.000Z,22.476528703,0.005532053365613132,195.1309495249,183.31326283128402,True
XLRE,2017-01-23T00:00:00.000Z,22.6147338957,0.024719841793927833,194.6231899583,183.42285210212853,True
XLRE,2017-01-24T00:00:00.000Z,22.6220078532,0.026402640262843446,195.8710607007,183.536352007533,True
XLRE,2017-01-25T00:00:00.000Z,22.4838026605,0.0191229805461397,197.5664305394,183.660361070824,True
XLRE,2017-01-26T00:00:00.000Z,22.4692547455,0.015784281484741536,197.3598838229,183.77529280365601,True
XLRE,2017-01-27T00:00:00.000Z,22.2801318503,0.014910536778934613,197.0500693419,183.8798687112235,True
XLRE,2017-01-30T00:00:00.000Z,22.1564745726,0.0,195.8280284495,183.9782920953815,True
XLRE,2017-01-31T00:00:00.000Z,22.3383235103,-0.0013008130109783966,195.8108131393,184.07760320875002,True
XLRE,2017-02-01T00:00:00.000Z,22.091008955,-0.015559157215184971,195.888263102,184.171119889407,True
XLRE,2017-02-02T00:00:00.000Z,22.3528714254,-0.01632522406897441,196.0173598558,184.2624876526675,True
XLRE,2017-02-03T00:00:00.000Z,22.4983505755,-0.014968152869455964,197.3684845932,184.35976418646152,True
XLRE,2017-02-06T00:00:00.000Z,22.3601453829,-0.021019108280296628,197.0156387216,184.46006094531847,True
XLRE,2017-02-07T00:00:00.000Z,22.3165016378,-0.016666666667915275,197.0242524008,184.5604007725715,True
XLRE,2017-02-08T00:00:00.000Z,22.505624533,0.00421940928190967,197.2824329996,184.66355574704002,True
XLRE,2017-02-09T00:00:00.000Z,22.6001859807,0.014033942559189105,198.4528408704,184.7712502299295,True
XLRE,2017-02-10T00:00:00.000Z,22.7529390884,0.01690507152272347,199.2359713887,184.881039706496,True
XLRE,2017-02-13T00:00:00.000Z,22.862048451,0.02411208862954739,200.3203268052,185.0042956205315,True
XLRE,2017-02-14T00:00:00.000Z,22.7456651308,0.0106658047835122,201.1206726337,185.13629533567348,True
XLRE,2017-02-15T00:00:00.000Z,22.6801995133,0.005482102549602574,202.1705974299,185.2666008997985,True
XLRE,2017-02-16T00:00:00.000Z,22.7747609609,0.019537609901600916,201.9984813337,185.403709431966,True
XLRE,2017-02-17T00:00:00.000Z,22.8402265785,0.016181229775550587,202.316896585,185.54727919198152,True
XLRE,2017-02-21T00:00:00.000Z,23.1530067514,0.023801865552897317,203.5217350762,185.697042479518,True
XLRE,2017-02-22T00:00:00.000Z,23.0657192612,0.019614147907619728,203.3410053008,185.8427266093825,True
XLRE,2017-02-23T00:00:00.000Z,23.2184723689,0.03267550954317344,203.4787028249,185.988379453342,True
XLRE,2017-02-24T00:00:00.000Z,23.3348556891,0.03852379410907503,203.7368834237,186.1244841387435,True
XLRE,2017-02-27T00:00:00.000Z,23.4512390092,0.05256284687939283,204.0552995356,186.27043721486953,True
XLRE,2017-02-28T00:00:00.000Z,23.3784994341,0.055154300721254046,203.504519766,186.41338235991202,True
XLRE,2017-03-01T00:00:00.000Z,23.3203077741,0.04395962227636363,206.3530821654,186.57819155076152,True
XLRE,2017-03-02T00:00:00.000Z,23.247568199,0.05235429700634975,205.0535904496,186.727950562408,True
XLRE,2017-03-03T00:00:00.000Z,23.1748286239,0.03677188415113397,205.1826742945,186.88652660627346,True
XLRE,2017-03-06T00:00:00.000Z,23.0802671763,0.02586485613010625,204.571660733,187.0417935500955,True
XLRE,2017-03-07T00:00:00.000Z,23.0002536437,0.028627195836102404,203.9606334021,187.197011535227,True
XLRE,2017-03-08T00:00:00.000Z,22.6583776407,0.01531942633521588,203.5819705893,187.3448742972955,True
XLRE,2017-03-09T00:00:00.000Z,22.3674193404,-0.006140917902426879,203.8401511881,187.495213477173,True
XLRE,2017-03-10T00:00:00.000Z,22.3455974678,-0.011264885745516096,204.5544445623,187.63786170353697,True
XLRE,2017-03-13T00:00:00.000Z,22.3746932979,-0.016624040921941474,204.6577123267,187.77505629525248,True
XLRE,2017-03-14T00:00:00.000Z,22.3455974678,-0.022589882280535933,203.8745688995,187.9080811418305,True
XLRE,2017-03-15T00:00:00.000Z,22.7747609609,0.001279181326757639,205.6387879306,188.0461164349035,True
XLRE,2017-03-16T00:00:00.000Z,22.7238432583,0.0019243104530191069,205.2343081767,188.183822972004,True
XLRE,2017-03-17T00:00:00.000Z,22.7658227219,-0.00039246247261803813,204.8755448649,188.317915033631,True
XLRE,2017-03-20T00:00:00.000Z,22.7885885446,-0.0022608371997767662,204.6508196508,188.4481737016825,True
XLRE,2017-03-21T00:00:00.000Z,22.7511823214,-0.017355172669990315,202.023205855,188.5679617493125,True
XLRE,2017-03-22T00:00:00.000Z,22.8024237231,-0.011415015292538744,202.4985978508,188.685596334736,True
XLRE,2017-03-23T00:00:00.000Z,22.9707883284,-0.010667542487926895,202.2825117586,188.800753320871,True
XLRE,2017-03-24T00:00:00.000Z,22.9488277277,-0.016542976161636136,202.1355749446,188.9122541463765,True
XLRE,2017-03-27T00:00:00.000Z,22.7658227219,-0.029227295284104393,201.9281271101,189.02394556647204,True
XLRE,2017-03-28T00:00:00.000Z,22.8975863261,-0.020570743188869423,203.3975229091,189.151494307963,True
XLRE,2017-03-29T00:00:00.000Z,22.9781085286,-0.014673873467487164,203.5876665694,189.286852909093,True
XLRE,2017-03-30T00:00:00.000Z,23.0293499303,-0.009386713777202127,204.235924846,189.42718876335002,True
XLRE,2017-03-31T00:00:00.000Z,23.1318327335,-0.0018552840712555696,203.7605458153,189.566375556216,True
XLRE,2017-04-03T00:00:00.000Z,23.1611135344,0.0035028345851653153,203.4061620311,189.70116536406047,True
XLRE,2017-04-04T00:00:00.000Z,23.0952317323,0.004129436573670819,203.5358085003,189.83987015176498,True
XLRE,2017-04-05T00:00:00.000Z,23.1318327335,0.020895365957250167,202.9307700352,189.96988909687198,True
XLRE,2017-04-06T00:00:00.000Z,23.2635963377,0.04006617766946974,203.5012399116,190.100249296627,True
XLRE,2017-04-07T00:00:00.000Z,23.2928771386,0.04239222836467138,203.2937929414,190.23101932585897,True
XLRE,2017-04-10T00:00:00.000Z,23.4539215437,0.04823432578185538,203.4148002887,190.3508603362755,True
XLRE,2017-04-11T00:00:00.000Z,23.5637245472,0.0545130682298971,203.1727855941,190.501710084119,True
XLRE,2017-04-12T00:00:00.000Z,23.527123546,0.03303492784805351,202.2825117586,190.66360074124,True
XLRE,2017-04-13T00:00:00.000Z,23.4758821444,0.03309470486799415,200.9687048607,190.80360036433052,True
XLRE,2017-04-17T00:00:00.000Z,23.746729553,0.04308681672006509,202.7492646325,190.9377765756685,True
XLRE,2017-04-18T00:00:00.000Z,23.8052911549,0.04461454944040044,202.1442132023,191.056925300925,True
XLRE,2017-04-19T00:00:00.000Z,23.7540497532,0.04407979407983076,201.7725511741,191.1723430140135,True
XLRE,2017-04-20T00:00:00.000Z,23.746729553,0.04141252006221485,203.4148002887,191.3023986907905,True
XLRE,2017-04-21T00:00:00.000Z,23.6662073504,0.03027405990852383,202.7665420121,191.4238929241545,True
XLRE,2017-04-24T00:00:00.000Z,23.431960943,0.02105263157807591,204.9965522122,191.55709052561102,True
XLRE,2017-04-25T00:00:00.000Z,23.4832023446,0.03151125401718513,206.1893517629,191.68297304663503,True
XLRE,2017-04-26T00:00:00.000Z,23.2855569384,0.01694373401522098,206.0596923284,191.8050151792685,True
XLRE,2017-04-27T00:00:00.000Z,23.3001973388,0.014017202930306727,206.2325715743,191.92132470684604,True
XLRE,2017-04-28T00:00:00.000Z,23.1684337347,0.0060394151298646115,205.7831090452,192.03551460117046,True
XLRE,2017-05-01T00:00:00.000Z,23.3148377393,0.007911392404933215,206.3017078874,192.14719015652602,True
XLRE,2017-05-02T00:00:00.000Z,23.3221579395,0.00695322376710461,206.3795083883,192.260488959864,True
XLRE,2017-05-03T00:00:00.000Z,23.0366701305,-0.002535657683750303,206.1288416066,192.370065870239,True
XLRE,2017-05-04T00:00:00.000Z,23.0586307312,-0.003164556961108733,206.3708571655,192.48178921367798,True
XLRE,2017-05-05T00:00:00.000Z,23.241635737,-0.0009439899309297006,207.1833426009,192.5937445003695,True
XLRE,2017-05-08T00:00:00.000Z,23.117192333,-0.007542426148329451,207.1487748765,192.7090169341215,True
XLRE,2017-05-09T00:00:00.000Z,23.0293499303,-0.0181023720322816,206.9586173867,192.81921013819348,True
XLRE,2017-05-10T00:00:00.000Z,23.1537933342,-0.017396707051929527,207.3302794149,192.9337728109815,True
XLRE,2017-05-11T00:00:00.000Z,23.0439903307,-0.020535158679954257,206.9067593176,193.04579224558398,True
XLRE,2017-05-12T00:00:00.000Z,22.9561479279,-0.02213907078350108,206.561013791,193.15706184350253,True
XLRE,2017-05-15T00:00:00.000Z,23.0586307312,-0.028976572132353717,207.7019544082,193.27297211410098,True
XLRE,2017-05-16T00:00:00.000Z,22.9415075275,-0.0362853628539721,207.5117977827,193.38644199730896,True
XLRE,2017-05-17T00:00:00.000Z,23.0879115321,-0.028043143296450412,203.8296950935,193.4822674391705,True
XLRE,2017-05-18T00:00:00.000Z,23.1318327335,-0.025893958076526724,204.6508196508,193.5881145086195,True
XLRE,2017-05-19T00:00:00.000Z,23.2635963377,-0.017012063096506047,205.9819047926,193.69793568971554,True
XLRE,2017-05-22T00:00:00.000Z,23.3221579395,-0.004686035614650641,207.0277666649,193.812007225382,True
XLRE,2017-05-23T00:00:00.000Z,23.3514387405,-0.005610972565259886,207.485868316,193.92083598084702,True
XLRE,2017-05-24T00:00:00.000Z,23.4832023446,0.008487896884873836,207.9698994338,194.032638145151,True
XLRE,2017-05-25T00:00:00.000Z,23.5710447474,0.011624253849085608,208.9638902718,194.148857010395,True
XLRE,2017-05-26T00:00:00.000Z,23.4246407428,0.011058451815681991,208.9206834255,194.26715812154802,True
XLRE,2017-05-30T00:00:00.000Z,23.3587589407,0.0018838304555715002,208.7391650577,194.3802529793025,True
XLRE,2017-05-31T00:00:00.000Z,23.3221579395,0.0,208.6873061243,194.493897150169,True
XLRE,2017-06-01T00:00:00.000Z,23.3953599419,0.015570384494289602,210.3468464479,194.61315771284754,True
XLRE,2017-06-02T00:00:00.000Z,23.6003255484,0.02349206349304378,211.0469627936,194.7407282278725,True
XLRE,2017-06-05T00:00:00.000Z,23.5417639465,0.012913385826033297,210.8913868576,194.865775904425,True
XLRE,2017-06-06T00:00:00.000Z,23.431960943,0.013616212793742477,210.2171999787,194.9853671214505,True
XLRE,2017-06-07T00:00:00.000Z,23.556404347,0.02288620470378744,210.6061523516,195.10826509330897,True
XLRE,2017-06-08T00:00:00.000Z,23.4466013435,0.012646221941849056,210.7098693541,195.2317241858595,True
XLRE,2017-06-09T00:00:00.000Z,23.556404347,0.022236340535924715,210.3900662594,195.35171156090996,True
XLRE,2017-06-12T00:00:00.000Z,23.7101285518,0.03284438775477838,210.3468464479,195.476249671841,True
XLRE,2017-06-13T00:00:00.000Z,23.7686901537,0.03079365079294316,211.3754179755,195.6065690969585,True
XLRE,2017-06-14T00:00:00.000Z,23.841892156,0.03924696872778344,211.1074729498,195.737293823838,True
XLRE,2017-06-15T00:00:00.000Z,23.9590153597,0.03772986683480961,210.7012302322,195.861433252943,True
XLRE,2017-06-16T00:00:00.000Z,23.9457072357,0.035184177214861556,210.7471295112,195.98733438648352,True
XLRE,2017-06-19T00:00:00.000Z,23.9604703105,0.02995555642747605,212.5016228227,196.12464676070798,True
XLRE,2017-06-20T00:00:00.000Z,23.9161810862,0.025470333759035402,211.0684928282,196.2547509492805,True
XLRE,2017-06-21T00:00:00.000Z,23.8645103246,0.021971733296678897,211.0163810316,196.380423596703,True
XLRE,2017-06-22T00:00:00.000Z,23.8792733994,0.016866143253714938,210.9208386846,196.502809475094,True
XLRE,2017-06-23T00:00:00.000Z,23.9826149226,0.01746083720983127,211.1727285813,196.62653994242552,True
XLRE,2017-06-26T00:00:00.000Z,24.0933379832,0.02854674476087915,211.3116875818,196.75309326557147,True
XLRE,2017-06-27T00:00:00.000Z,23.9973779973,0.027339597031727392,209.6093199639,196.89339424969646,True
XLRE,2017-06-28T00:00:00.000Z,24.0269041468,0.030217881601187324,211.4854097836,197.0300519635195,True
XLRE,2017-06-29T00:00:00.000Z,23.7833134135,0.016582496382335776,209.626694616,197.170652639755,True
XLRE,2017-06-30T00:00:00.000Z,23.7685503388,0.0071280707571173,210.0175435133,197.313548058719,True
XLRE,2017-07-03T00:00:00.000Z,23.9899964599,0.01903988649357924,210.3736561346,197.44915848045,True
XLRE,2017-07-05T00:00:00.000Z,23.7021165024,0.011529361970906926,210.8600465104,197.5907246503725,True
XLRE,2017-07-06T00:00:00.000Z,23.2739873348,-0.011988969455602239,208.931844894,197.7224786654825,True
XLRE,2017-07-07T00:00:00.000Z,23.4068550075,-0.0016951853881806977,210.2867950337,197.860964679899,True
XLRE,2017-07-10T00:00:00.000Z,23.2223165732,-0.014182460484150616,210.512619478,197.9903132841465,True
XLRE,2017-07-11T00:00:00.000Z,23.1854088864,-0.02213061241965153,210.3562788768,198.113062565404,True
XLRE,2017-07-12T00:00:00.000Z,23.4880519186,-0.011807055133676081,211.9370560664,198.2488061511645,True
XLRE,2017-07-13T00:00:00.000Z,23.5323411429,-0.01298349187533343,212.2931652136,198.3938162677905,True
XLRE,2017-07-14T00:00:00.000Z,23.7685503388,-0.0079496180473414,213.2833223543,198.5380878128665,True
XLRE,2017-07-17T00:00:00.000Z,23.8202211004,-0.005240443895217828,213.2572655875,198.6776519631365,True
XLRE,2017-07-18T00:00:00.000Z,23.7906949509,-0.0070856438709218095,213.3701782439,198.82616500569952,True
XLRE,2017-07-19T00:00:00.000Z,23.9678518478,0.0021604938269099705,214.5253615747,198.973524038763,True
XLRE,2017-07-20T00:00:00.000Z,23.9014180115,0.0015465511924606101,214.6209030532,199.1235852033395,True
XLRE,2017-07-21T00:00:00.000Z,23.9457072357,0.0027820710952481953,214.4298200962,199.27739645516397,True
XLRE,2017-07-24T00:00:00.000Z,23.930944161,-0.0021545090794627964,214.3777065625,199.426883267489,True
XLRE,2017-07-25T00:00:00.000Z,23.930944161,-0.006740196078818039,214.8988418998,199.5783341262985,True
XLRE,2017-07-26T00:00:00.000Z,24.13024567,0.005536757920592494,214.9075274887,199.73299394100198,True
XLRE,2017-07-27T00:00:00.000Z,24.1081010579,0.003379416282842884,214.7077589428,199.88186383543848,True
XLRE,2017-07-28T00:00:00.000Z,24.0933379832,0.013035381753158992,214.4558768631,200.04115250333302,True
XLRE,2017-07-31T00:00:00.000Z,24.0564302963,0.012111801241410314,214.3342786177,200.19863536249198,True
XLRE,2017-08-01T00:00:00.000Z,24.1597718195,0.007076923078491726,214.8119860102,200.3615012039975,True
XLRE,2017-08-02T00:00:00.000Z,24.0416672215,0.01432575521538837,214.9162130777,200.5244176332035,True
XLRE,2017-08-03T00:00:00.000Z,23.9826149226,0.030447193152006058,214.4993048079,200.688414980567,True
XLRE,2017-08-04T00:00:00.000Z,24.0564302963,0.027751497951854942,214.8901563108,200.84867722819152,True
XLRE,2017-08-07T00:00:00.000Z,24.0416672215,0.035282898918257866,215.2896934027,201.00849890319748,True
XLRE,2017-08-08T00:00:00.000Z,23.930944161,0.03215536453348089,214.7598724765,201.16738253022152,True
XLRE,2017-08-09T00:00:00.000Z,23.9604703105,0.020113136395355724,214.7511868875,201.325794997221,True
XLRE,2017-08-10T00:00:00.000Z,23.7464057267,0.009096612296247919,211.7199163426,201.46515838639598,True
XLRE,2017-08-11T00:00:00.000Z,23.5913934418,-0.00745341615179651,212.0325975449,201.6091651340275,True
XLRE,2017-08-14T00:00:00.000Z,23.9826149226,0.0068174775337106475,214.1345100718,201.76552082783851,True
XLRE,2017-08-15T00:00:00.000Z,23.9383256983,0.006205398694938857,214.1084533049,201.92418456005802,True
XLRE,2017-08-16T00:00:00.000Z,24.0121410721,0.0018478595654398688,214.48193363,202.08741066993852,True
XLRE,2017-08-17T00:00:00.000Z,23.8423657125,-0.002470660902695654,211.1379818827,202.2338742012475,True
XLRE,2017-08-18T00:00:00.000Z,23.6652088156,-0.01171393341357696,210.8079295024,202.38527517178997,True
XLRE,2017-08-21T00:00:00.000Z,23.9087995488,-0.0009253547227813241,210.9729556925,202.542933916857,True
XLRE,2017-08-22T00:00:00.000Z,23.8940364741,-0.0015422578671235865,213.1790952869,202.715729983119,True
XLRE,2017-08-23T00:00:00.000Z,24.1376272074,0.00030590394730944936,212.4147634589,202.8856882454615,True
XLRE,2017-08-24T00:00:00.000Z,24.0933379832,-0.0006123698695531532,211.9196848885,203.03349370682596,True
XLRE,2017-08-25T00:00:00.000Z,24.2114425811,0.004901960781953596,212.4147634589,203.1796679335415,True
XLRE,2017-08-28T00:00:00.000Z,24.0859564458,0.0012273703594560814,212.4234490479,203.3161751789525,True
XLRE,2017-08-29T00:00:00.000Z,24.071193371,-0.00366636113791885,212.6666455386,203.451588475635,True
XLRE,2017-08-30T00:00:00.000Z,24.1819164316,0.005833589193622091,213.6741738572,203.59417826680453,True
XLRE,2017-08-31T00:00:00.000Z,24.3000210296,0.013234841489319527,214.9596410224,203.7424681923715,True
XLRE,2017-09-01T00:00:00.000Z,24.3000210296,0.010125805462394943,215.2636366358,203.8850487603905,True
XLRE,2017-09-05T00:00:00.000Z,24.2778764175,0.009824992327851723,213.717601802,204.0216530307245,True
XLRE,2017-09-06T00:00:00.000Z,24.3147841043,0.016039481798864497,214.4471912741,204.157114175159,True
XLRE,2017-09-07T00:00:00.000Z,24.4993225386,0.02248921749519517,214.4211345073,204.29454113298448,True
XLRE,2017-09-08T00:00:00.000Z,24.506704076,0.032017407520546604,214.1692524276,204.423650491527,True
XLRE,2017-09-11T00:00:00.000Z,24.6838609729,0.04630788485619197,216.4535623225,204.5623419518335,True
XLRE,2017-09-12T00:00:00.000Z,24.4181256275,0.01815943366916173,217.1831517947,204.70416805619502,True
XLRE,2017-09-13T00:00:00.000Z,24.3147841043,0.01572617946403554,217.2873788621,204.84300754720348,True
XLRE,2017-09-14T00:00:00.000Z,24.4845594639,0.019674146940145576,217.2178941505,204.98594846289498,True
XLRE,2017-09-15T00:00:00.000Z,24.5698642005,0.030512848295862982,217.5084913743,205.12850291699502,True
XLRE,2017-09-18T00:00:00.000Z,24.4286153594,0.032258601635357875,217.9711082547,205.275637635287,True
XLRE,2017-09-19T00:00:00.000Z,24.1832884249,0.011480663240316158,218.1893237644,205.4273283642605,True
XLRE,2017-09-20T00:00:00.000Z,24.1163810791,0.009305443441547157,218.2678813478,205.57894139340252,True
XLRE,2017-09-21T00:00:00.000Z,24.0792103315,-0.0024201581786834625,217.683063782,205.72198373313097,True
XLRE,2017-09-22T00:00:00.000Z,23.8710541446,-0.009225946141418806,217.726706884,205.86224990715098,True
XLRE,2017-09-25T00:00:00.000Z,23.960263939,-0.01037437737378244,217.2815472443,205.9878848976875,True
XLRE,2017-09-26T00:00:00.000Z,23.9825663876,-0.0042925452610801385,217.4124765501,206.11182184790198,True
XLRE,2017-09-27T00:00:00.000Z,23.7818443502,-0.012020551550576464,218.2591527275,206.234174494854,True
XLRE,2017-09-28T00:00:00.000Z,23.9528297894,-0.009473469269815182,218.521011339,206.35894861697997,True
XLRE,2017-09-29T00:00:00.000Z,23.9676980885,-0.0136758293622542,219.2891299329,206.4811040177235,True
XLRE,2017-10-02T00:00:00.000Z,23.8784882941,-0.01734701113988868,220.2405495549,206.616058560682,True
XLRE,2017-10-03T00:00:00.000Z,23.8710541446,-0.016756913409722962,220.7118950556,206.749391594705,True
XLRE,2017-10-04T00:00:00.000Z,24.0792103315,-0.009688499465571598,220.9737536672,206.8859207108665,True
XLRE,2017-10-05T00:00:00.000Z,24.1535518268,-0.014113480536256495,222.2830467249,207.0268878126935,True
XLRE,2017-10-06T00:00:00.000Z,24.086644481,-0.017140599311001314,222.0299167338,207.1628457048335,True
XLRE,2017-10-09T00:00:00.000Z,24.1386835277,-0.02208639263519352,221.6633146776,207.299681412841,True
XLRE,2017-10-10T00:00:00.000Z,24.1758542754,-0.009921783342254242,222.2481322434,207.441119361485,True
XLRE,2017-10-11T00:00:00.000Z,24.3096689669,-0.00021037149160196833,222.5972770588,207.5828830465065,True
XLRE,2017-10-12T00:00:00.000Z,24.4806544062,-0.00015949062533704428,222.2655894842,207.7205786450725,True
XLRE,2017-10-13T00:00:00.000Z,24.5475617519,-0.0009077155827156291,222.5361767161,207.867673771023,True
XLRE,2017-10-16T00:00:00.000Z,24.4286153594,0.0,222.8329498092,208.016467859151,True
XLRE,2017-10-17T00:00:00.000Z,24.4286153594,0.01014448201541529,222.9900649761,208.16957598613251,True
XLRE,2017-10-18T00:00:00.000Z,24.3840104622,0.011097410603282176,223.2082804858,208.3164170913615,True
XLRE,2017-10-19T00:00:00.000Z,24.3691421632,0.01204075331825627,223.2693808285,208.4577977355005,True
XLRE,2017-10-20T00:00:00.000Z,24.3319714155,0.019308626594702227,224.4215587193,208.605713837568,True
XLRE,2017-10-23T00:00:00.000Z,24.2427616212,0.011790257524675107,223.5486966808,208.7457801702755,True
XLRE,2017-10-24T00:00:00.000Z,24.086644481,0.004339739614098059,223.9414845981,208.8910376677815,True
XLRE,2017-10-25T00:00:00.000Z,24.0271712848,0.010315723666652454,222.8329498092,209.030752491343,True
XLRE,2017-10-26T00:00:00.000Z,23.8933565932,-0.0024829298551738432,223.1209942819,209.1691536427235,True
XLRE,2017-10-27T00:00:00.000Z,23.9305273408,-0.0015508684881938573,224.9452759424,209.3191289236885,True
XLRE,2017-10-30T00:00:00.000Z,24.0792103315,0.008405977586512403,224.1073283854,209.462676906843,True
XLRE,2017-10-31T00:00:00.000Z,24.1609859763,0.012145748987193006,224.4564732008,209.611413000543,True
XLRE,2017-11-01T00:00:00.000Z,24.1386835277,0.0024698981146487053,224.7532462939,209.75948147623347,True
XLRE,2017-11-02T00:00:00.000Z,24.3468397146,0.00800246229565027,224.8405324978,209.91160085796898,True
XLRE,2017-11-03T00:00:00.000Z,24.3468397146,0.010802469136174109,225.5911938509,210.063902079599,True
XLRE,2017-11-06T00:00:00.000Z,24.7185471912,0.02402217431760878,225.9403386663,210.22048782313897,True
XLRE,2017-11-07T00:00:00.000Z,24.9490058266,0.03198031980142746,225.7832234993,210.37004863713202,True
XLRE,2017-11-08T00:00:00.000Z,25.1348595649,0.033944954130127325,226.1672827963,210.5130528984165,True
XLRE,2017-11-09T00:00:00.000Z,25.1348595649,0.026723352564232083,225.3467924801,210.6529874417025,True
XLRE,2017-11-10T00:00:00.000Z,25.1348595649,0.02392489400518749,225.276963517,210.79412191257796,True
XLRE,2017-11-13T00:00:00.000Z,25.2092010602,0.03195374315391297,225.4864504063,210.942414022362,True
XLRE,2017-11-14T00:00:00.000Z,25.1868986116,0.031040779063567392,224.9627331831,211.08817362258097,True
XLRE,2017-11-15T00:00:00.000Z,25.0010448733,0.025304878049348112,223.8367411535,211.22791601283848,True
XLRE,2017-11-16T00:00:00.000Z,25.0976888172,0.029896278216152705,225.7395803974,211.37652711554648,True
XLRE,2017-11-17T00:00:00.000Z,24.9490058266,0.025358997861839372,225.0762052482,211.5150657188215,True
XLRE,2017-11-20T00:00:00.000Z,24.8895326304,0.026678932842139957,225.4602645451,211.65728884793901,True
XLRE,2017-11-21T00:00:00.000Z,25.0233473219,0.03888888888773567,226.9354013902,211.80684459288597,True
XLRE,2017-11-22T00:00:00.000Z,24.9415716771,0.03805693069156524,226.7346431213,211.95410564349447,True
XLRE,2017-11-24T00:00:00.000Z,25.0307814715,0.047604231488501236,227.2583603444,212.09813324086448,True
XLRE,2017-11-27T00:00:00.000Z,24.9564399761,0.04287045666356404,227.1448882794,212.23767782531797,True
XLRE,2017-11-28T00:00:00.000Z,24.8969667799,0.03396109910341316,229.4492440611,212.38332241159748,True
XLRE,2017-11-29T00:00:00.000Z,24.8374935837,0.02800000000263214,229.3095861349,212.5242669791035,True
XLRE,2017-11-30T00:00:00.000Z,24.8672301818,0.03018170619221916,231.3171688234,212.669999836071,True
XLRE,2017-12-01T00:00:00.000Z,24.911835079,0.023206106871488164,230.8370947023,212.814192902914,True
XLRE,2017-12-04T00:00:00.000Z,24.5847324996,0.009770992366509912,230.5577788499,212.9553973142385,True
XLRE,2017-12-05T00:00:00.000Z,24.4880885557,-0.00932330827201866,229.7285599134,213.0864314384245,True
XLRE,2017-12-06T00:00:00.000Z,24.5252593033,-0.016984505364466718,229.7722030153,213.218587426997,True
XLRE,2017-12-07T00:00:00.000Z,24.6219032472,-0.02040816326725492,230.4966785073,213.353677305409,True
XLRE,2017-12-08T00:00:00.000Z,24.6813764435,-0.01804199940839435,231.7535998427,213.49376088750398,True
XLRE,2017-12-11T00:00:00.000Z,24.7408496397,-0.015675835553512485,232.4518894735,213.63574383719347,True
XLRE,2017-12-12T00:00:00.000Z,24.8523618827,-0.014155116484963814,232.8621346316,213.78253191152146,True
XLRE,2017-12-13T00:00:00.000Z,24.8449277332,-0.013577331757809397,232.8359487704,213.91494624454648,True
XLRE,2017-12-14T00:00:00.000Z,24.8672301818,-0.0053523639583122895,231.8845291485,214.04910093804102,True
XLRE,2017-12-15T00:00:00.000Z,24.9452902387,-0.00607221563746374,233.8059891583,214.19221751236,True
XLRE,2017-12-18T00:00:00.000Z,25.0279651988,0.0031648304044169517,235.2886056518,214.345802236954,True
XLRE,2017-12-19T00:00:00.000Z,24.5544631545,-0.01346226467469902,234.3849991498,214.4979240656925,True
XLRE,2017-12-20T00:00:00.000Z,24.2914064632,-0.02925031768469355,234.2621788486,214.651325106989,True
XLRE,2017-12-21T00:00:00.000Z,24.2087315031,-0.02938227724730169,234.7446871749,214.805847786923,True
XLRE,2017-12-22T00:00:00.000Z,24.3665655179,-0.02653596550136772,234.6832770242,214.95649194923251,True
XLRE,2017-12-26T00:00:00.000Z,24.4943359108,-0.018516425649753865,234.4025449071,215.1052161121345,True
XLRE,2017-12-27T00:00:00.000Z,24.5920426818,-0.012247439649804126,234.5165923297,215.2584262292855,True
XLRE,2017-12-28T00:00:00.000Z,24.7348448857,-0.0041328122603869755,234.999100656,215.40522779291248,True
XLRE,2017-12-29T00:00:00.000Z,24.7573926021,-0.0044169607510363695,234.1130399114,215.54962145158598,True
XLRE,2018-01-02T00:00:00.000Z,24.6145903982,-0.011931866113330525,235.7886597354,215.70418702593852,True
XLRE,2018-01-03T00:00:00.000Z,24.6221063037,0.0015202038135093687,237.2800491075,215.867333173222,True
XLRE,2018-01-04T00:00:00.000Z,24.2012155976,-0.011714795846457515,238.2801572747,216.04861793032052,True
XLRE,2018-01-05T00:00:00.000Z,24.2538269359,-0.011067461674644785,239.8680483121,216.23546518262702,True
XLRE,2018-01-08T00:00:00.000Z,24.4191768561,-0.008233579226782584,240.3066922451,216.42558608505948,True
XLRE,2018-01-09T00:00:00.000Z,24.1410883539,-0.02189051695867994,240.850610722,216.61916126394647,True
XLRE,2018-01-10T00:00:00.000Z,23.7652930807,-0.03943100472324068,240.4821498183,216.8119313774875,True
XLRE,2018-01-11T00:00:00.000Z,23.6149749714,-0.04978950963052564,242.2367255502,217.00612739069297,True
XLRE,2018-01-12T00:00:00.000Z,23.4421091457,-0.0564629771744285,243.8158437089,217.2072682763905,True
XLRE,2018-01-16T00:00:00.000Z,23.5548477276,-0.05277557832558755,242.9824202363,217.40100075334198,True
XLRE,2018-01-17T00:00:00.000Z,23.690134026,-0.05031636035057063,245.2984602024,217.6086903252775,True
XLRE,2018-01-18T00:00:00.000Z,23.4646568621,-0.0624624624607899,244.8861349054,217.816090189649,True
XLRE,2018-01-19T00:00:00.000Z,23.6300067823,-0.03764921946707589,246.0002904952,218.02841259962352,True
XLRE,2018-01-22T00:00:00.000Z,23.8554839462,-0.017945544555454163,248.0005068296,218.25376128359548,True
XLRE,2018-01-23T00:00:00.000Z,24.223763314,0.0006209251772681945,248.5268795492,218.47888948178348,True
XLRE,2018-01-24T00:00:00.000Z,24.1561201648,-0.008636644050036613,248.4303778839,218.704572406496,True
XLRE,2018-01-25T00:00:00.000Z,24.1035088266,-0.01595581466765461,248.5356524278,218.9301766671915,True
XLRE,2018-01-26T00:00:00.000Z,24.1711519758,-0.017114914423578598,251.4131566282,219.171378522362,True
XLRE,2018-01-29T00:00:00.000Z,23.8930634736,-0.03403220905527726,249.7463096829,219.4086975119835,True
XLRE,2018-01-30T00:00:00.000Z,23.7953567025,-0.03885853066442857,247.1846291142,219.63977713325096,True
XLRE,2018-01-31T00:00:00.000Z,24.2838905578,-0.013435114501201828,247.3074494155,219.862568057166,True
XLRE,2018-02-01T00:00:00.000Z,23.8404521353,-0.03174603174719215,247.0267172984,220.0869805776465,True
XLRE,2018-02-02T00:00:00.000Z,23.5698795386,-0.026086956518936666,241.64894268,220.28636253517598,True
XLRE,2018-02-05T00:00:00.000Z,22.9610911959,-0.05330027889687472,231.5425864641,220.42700146605296,True
XLRE,2018-02-06T00:00:00.000Z,22.9159957631,-0.06155740227682993,236.1044833671,220.59369117282802,True
XLRE,2018-02-07T00:00:00.000Z,22.8107730866,-0.055105853050120834,234.8236430828,220.742826627181,True
XLRE,2018-02-08T00:00:00.000Z,22.0967620674,-0.07020872865460381,226.0156729085,220.84195823290898,True
XLRE,2018-02-09T00:00:00.000Z,22.6153595445,-0.04232972629065368,229.4107769498,220.95871365601602,True
XLRE,2018-02-12T00:00:00.000Z,22.6754867882,-0.03270278935803961,232.7795623551,221.09144860991998,True
XLRE,2018-02-13T00:00:00.000Z,22.8408367085,-0.0303126994220968,233.3585723466,221.229325926427,True
XLRE,2018-02-14T00:00:00.000Z,22.6980345046,-0.041878172589111085,236.5080357854,221.380357565917,True
XLRE,2018-02-15T00:00:00.000Z,22.9084798576,-0.023702754647920488,239.5259060444,221.5460895541975,True
XLRE,2018-02-16T00:00:00.000Z,23.0587979669,-0.024173027992013263,239.5960890736,221.7134257915325,True
XLRE,2018-02-20T00:00:00.000Z,22.8258048975,-0.0431632010074573,238.0959268228,221.872051139819,True
XLRE,2018-02-21T00:00:00.000Z,22.4049141915,-0.075085324229898,236.9115882038,222.0206923678335,True
XLRE,2018-02-22T00:00:00.000Z,22.6604549773,-0.06191661480801325,237.2186389569,222.1710416882355,True
XLRE,2018-02-23T00:00:00.000Z,23.0738297779,-0.04271905207277016,240.9997496592,222.341247349598,True
XLRE,2018-02-26T00:00:00.000Z,23.156504738,-0.041977611940707704,243.7982979516,222.5235874422815,True
XLRE,2018-02-27T00:00:00.000Z,22.6604549773,-0.051588549859332256,240.7541090567,222.692824190977,True
XLRE,2018-02-28T00:00:00.000Z,22.6303913554,-0.04895767530047601,238.3152487893,222.8515953659685,True
XLRE,2018-03-01T00:00:00.000Z,22.5176527735,-0.07273290003082655,234.8499617188,222.9873354025215,True
XLRE,2018-03-02T00:00:00.000Z,22.4424937188,-0.058638083227879556,236.0606189738,223.130079508477,True
XLRE,2018-03-05T00:00:00.000Z,22.7581617483,-0.03443877551307217,238.788984237,223.3048759541945,True
XLRE,2018-03-06T00:00:00.000Z,22.8483526139,-0.004909983634407089,239.3943128645,223.478593420263,True
XLRE,2018-03-07T00:00:00.000Z,22.946059385,0.0013119055445285355,239.3065840779,223.6452168166895,True
XLRE,2018-03-08T00:00:00.000Z,23.1264411161,0.013838550245604653,240.4646040609,223.81240100366952,True
XLRE,2018-03-09T00:00:00.000Z,23.2767592254,0.053401360543266385,244.6492671816,223.99821799799753,True
XLRE,2018-03-12T00:00:00.000Z,23.3894978074,0.03423064140885046,244.3422164285,224.18007958297102,True
XLRE,2018-03-13T00:00:00.000Z,23.4646568621,0.034802784225592465,242.7630982698,224.34907562296098,True
XLRE,2018-03-14T00:00:00.000Z,23.5097522948,0.029285949321246507,241.5173495001,224.512058953334,True
XLRE,2018-03-15T00:00:00.000Z,23.5097522948,0.03576158940261975,241.2541631403,224.67463394374698,True
XLRE,2018-03-16T00:00:00.000Z,23.6324622286,0.03160324803305614,241.5145246332,224.8387700362915,True
XLRE,2018-03-19T00:00:00.000Z,23.3981031982,0.014714783996419234,238.2467679359,224.97826964373147,True
XLRE,2018-03-20T00:00:00.000Z,23.3905432295,0.024741223126018008,238.6519345345,225.116294502436,True
XLRE,2018-03-21T00:00:00.000Z,23.1788641052,0.034543757101003214,238.1939201187,225.2528071687415,True
XLRE,2018-03-22T00:00:00.000Z,23.0957044493,0.01920744629514326,232.2397327135,225.3629198324155,True
XLRE,2018-03-23T00:00:00.000Z,22.7328259505,-0.01477881351654109,227.2896538351,225.446337339833,True
XLRE,2018-03-26T00:00:00.000Z,23.0427846682,-0.0049109341451425426,233.5080803264,225.56032839469447,True
XLRE,2018-03-27T00:00:00.000Z,23.0805845118,0.01854020737539752,229.5356860664,225.65605649372952,True
XLRE,2018-03-28T00:00:00.000Z,23.5039427603,0.03860080858440629,228.8574724122,225.74860962355103,True
XLRE,2018-03-29T00:00:00.000Z,23.4963827916,0.04346501067161945,231.7817182977,225.850641125162,True
XLRE,2018-04-02T00:00:00.000Z,23.2091039801,0.034158871598917395,226.7787916021,225.9289977184235,True
XLRE,2018-04-03T00:00:00.000Z,23.2922636361,0.02346858651006367,229.6854215485,226.023918675005,True
XLRE,2018-04-04T00:00:00.000Z,23.5644225101,0.0313401105235207,232.1428450486,226.13089725269197,True
XLRE,2018-04-05T00:00:00.000Z,23.5871024163,0.027936955123503804,233.9749027117,226.238263652137,True
XLRE,2018-04-06T00:00:00.000Z,23.3451834171,0.009458537087564167,228.7605847474,226.32672411173303,True
XLRE,2018-04-09T00:00:00.000Z,23.3376234484,0.0026148065721101066,229.8880048478,226.421082230814,True
XLRE,2018-04-10T00:00:00.000Z,23.1788641052,-0.009005482030202572,233.5433122045,226.53419459841348,True
XLRE,2018-04-11T00:00:00.000Z,23.239343855,-0.009602228936231416,232.3190044393,226.63992597770348,True
XLRE,2018-04-12T00:00:00.000Z,22.967184981,-0.023078393468229264,234.2303338282,226.75451920893553,True
XLRE,2018-04-13T00:00:00.000Z,23.0881444805,-0.0179333158858187,233.5433122045,226.87418917013852,True
XLRE,2018-04-16T00:00:00.000Z,23.1939840427,-0.018554062698103335,235.463449563,226.9940793690355,True
XLRE,2018-04-17T00:00:00.000Z,23.5039427603,0.004523424877797,237.9825288499,227.13585854020502,True
XLRE,2018-04-18T00:00:00.000Z,23.4434630105,0.002262443436254147,238.1586882406,227.2765642638415,True
XLRE,2018-04-19T00:00:00.000Z,23.0503446369,-0.005544683627148328,236.8374928104,227.40888344722052,True
XLRE,2018-04-20T00:00:00.000Z,22.8462254814,-0.010801963994978347,234.8292757566,227.5287295934515,True
XLRE,2018-04-23T00:00:00.000Z,22.8915852937,0.00698370468967191,234.7940438784,227.65804058837352,True
XLRE,2018-04-24T00:00:00.000Z,22.9142651999,-0.005577427821792824,231.6319828156,227.764766527283,True
XLRE,2018-04-25T00:00:00.000Z,22.8386655127,-0.010481493611061654,232.2045008353,227.8732259340695,True
XLRE,2018-04-26T00:00:00.000Z,23.1335042929,-0.015760694755677318,234.5650366705,227.994269723038,True
XLRE,2018-04-27T00:00:00.000Z,23.4434630105,-0.0022522522538624967,234.7852359089,228.1085106222505,True
XLRE,2018-04-30T00:00:00.000Z,23.3527433858,0.006188925079708474,232.9796021543,228.21194280695403,True
XLRE,2018-05-01T00:00:00.000Z,23.5190626978,0.00973709834489811,233.3935767225,228.312494078795,True
XLRE,2018-05-02T00:00:00.000Z,23.4132231356,-0.0064164260522487915,231.8257581453,228.405336541584,True
XLRE,2018-05-03T00:00:00.000Z,23.4056631669,-0.007692307694166622,231.3148959123,228.49506012992597,True
XLRE,2018-05-04T00:00:00.000Z,23.6702620722,0.013924870466508477,234.309605554,228.59398134982249,True
XLRE,2018-05-07T00:00:00.000Z,23.7156218846,0.016196954974261324,235.1023228121,228.696388448617,True
XLRE,2018-05-08T00:00:00.000Z,23.5493025727,0.01598173516263457,235.1023228121,228.79975096219653,True
XLRE,2018-05-09T00:00:00.000Z,23.730741822,0.02114508783320379,237.374778952,228.914736324144,True
XLRE,2018-05-10T00:00:00.000Z,23.949980915,0.042791310071871536,239.5943872747,229.0382140510185,True
XLRE,2018-05-11T00:00:00.000Z,23.8365813841,0.032416502947308024,240.325448746,229.165303657305,True
XLRE,2018-05-14T00:00:00.000Z,23.6702620722,0.020534550192980117,240.43995235,229.293964624341,True
XLRE,2018-05-15T00:00:00.000Z,23.2695837299,-0.009971051784377738,238.7840540775,229.41560551041297,True
XLRE,2018-05-16T00:00:00.000Z,23.2091039801,-0.009996775233037658,239.7881626044,229.54287493034653,True
XLRE,2018-05-17T00:00:00.000Z,23.0881444805,0.001639881927816722,239.5855793051,229.666742896821,True
XLRE,2018-05-18T00:00:00.000Z,23.103264418,0.011250827267255348,238.9866373768,229.78709501831648,True
XLRE,2018-05-21T00:00:00.000Z,23.3376234484,0.019484808455915603,240.7834631618,229.91851581008598,True
XLRE,2018-05-22T00:00:00.000Z,23.3678633233,0.019795447047631143,240.1140574772,230.044635315918,True
XLRE,2018-05-23T00:00:00.000Z,23.5568625414,0.03144654088044807,240.7746551923,230.172060124866,True
XLRE,2018-05-24T00:00:00.000Z,23.4661429167,0.01437908496647844,240.2814088984,230.2996678069755,True
XLRE,2018-05-25T00:00:00.000Z,23.5795424475,0.005804579167294932,239.7088908786,230.424456326931,True
XLRE,2018-05-29T00:00:00.000Z,23.6400221973,0.012301715766494636,236.9519964144,230.55061672729,True
XLRE,2018-05-30T00:00:00.000Z,23.949980915,0.018322082930639416,240.1140574772,230.69102402695148,True
XLRE,2018-05-31T00:00:00.000Z,23.8743812277,0.0196964804644435,238.643126565,230.81356710941748,True
XLRE,2018-06-01T00:00:00.000Z,23.9726608211,0.024224806199973026,240.9860464611,230.94795507519848,True
XLRE,2018-06-04T00:00:00.000Z,24.2070198516,0.02267646119687039,242.1310825006,231.0862008195515,True
XLRE,2018-06-05T00:00:00.000Z,24.086060352,0.015620019125053952,242.3072418913,231.2420471195945,True
XLRE,2018-06-06T00:00:00.000Z,24.1541000705,0.025682182983249868,244.3330748842,231.4096728465035,True
XLRE,2018-06-07T00:00:00.000Z,24.1541000705,0.01784007645759811,244.3066509756,231.576341322919,True
XLRE,2018-06-08T00:00:00.000Z,24.2372597265,0.011994949495766516,245.0289044774,231.7355903688715,True
XLRE,2018-06-11T00:00:00.000Z,24.2296997577,0.016492229622416588,245.3547993502,231.900290548328,True
XLRE,2018-06-12T00:00:00.000Z,24.3657791948,0.02938358352258663,245.6718862534,232.0690515551525,True
XLRE,2018-06-13T00:00:00.000Z,23.8214614467,0.023716699155682308,244.8879769648,232.231417622682,True
XLRE,2018-06-14T00:00:00.000Z,24.0482605084,0.03615635179279253,245.5045348323,232.396823051604,True
XLRE,2018-06-15T00:00:00.000Z,24.0094022691,0.039901768172755814,245.192380392,232.559451725871,True
XLRE,2018-06-18T00:00:00.000Z,23.9865289104,0.038231155408144035,244.6880695746,232.714521204458,True
XLRE,2018-06-19T00:00:00.000Z,24.0170267221,0.02911193057862871,243.7502284054,232.858474141373,True
XLRE,2018-06-20T00:00:00.000Z,24.2762581216,0.03887367816783849,244.1660636408,233.00298627639802,True
XLRE,2018-06-21T00:00:00.000Z,24.4211227272,0.03668825524965835,242.6354360722,233.147575447749,True
XLRE,2018-06-22T00:00:00.000Z,24.6346074092,0.04979363232584966,243.0778139822,233.2907285612895,True
XLRE,2018-06-25T00:00:00.000Z,24.5736117858,0.04215812671146191,239.7688272155,233.4174670248305,True
XLRE,2018-06-26T00:00:00.000Z,24.7032274856,0.044974800760611444,240.2996807075,233.54811916623004,True
XLRE,2018-06-27T00:00:00.000Z,24.6346074092,0.028585680156897997,238.3089801125,233.65739625518,True
XLRE,2018-06-28T00:00:00.000Z,24.8785899029,0.042062186476057306,239.6715040753,233.769838016583,True
XLRE,2018-06-29T00:00:00.000Z,24.9395855263,0.0403344756936177,240.0165588451,233.883483916498,True
XLRE,2018-07-02T00:00:00.000Z,24.7947209207,0.02427812563061771,240.5297172206,234.00004303184852,True
XLRE,2018-07-03T00:00:00.000Z,24.9395855263,0.035436479101453644,239.6803516335,234.11090233314448,True
XLRE,2018-07-05T00:00:00.000Z,25.2674370022,0.04609308268370338,241.6356619956,234.229225101849,True
XLRE,2018-07-06T00:00:00.000Z,25.3741793432,0.05051230512165161,243.6794479398,234.35667572272598,True
XLRE,2018-07-09T00:00:00.000Z,25.1378213024,0.03715608059913489,245.8736423733,234.49470452785351,True
XLRE,2018-07-10T00:00:00.000Z,25.2598125493,0.042514467859744665,246.7583981933,234.64008119991001,True
XLRE,2018-07-11T00:00:00.000Z,25.18356802,0.03356300730881312,244.9534963206,234.77621514709298,True
XLRE,2018-07-12T00:00:00.000Z,25.2445636434,0.059740339604442916,247.1742334287,234.92567857801498,True
XLRE,2018-07-13T00:00:00.000Z,25.1606946612,0.04625840411249005,247.3688797091,235.07546059381002,True
XLRE,2018-07-16T00:00:00.000Z,25.0234545085,0.04223563035990607,247.1476907541,235.219903283943,True
XLRE,2018-07-17T00:00:00.000Z,24.8557165441,0.03623649077975344,248.1474648307,235.3680355514015,True
XLRE,2018-07-18T00:00:00.000Z,24.764223109,0.03111111111070408,248.6694707645,235.5149372555595,True
XLRE,2018-07-19T00:00:00.000Z,25.0005811497,0.02983668341602974,247.7316295953,235.6523926557615,True
XLRE,2018-07-20T00:00:00.000Z,24.7794720148,0.01467374336565097,247.4485077329,235.786075719148,True
XLRE,2018-07-23T00:00:00.000Z,24.7108519385,0.0030950170235521934,247.9085807593,235.92074985460852,True
XLRE,2018-07-24T00:00:00.000Z,24.6422318621,0.0027924294116037363,249.1560864655,236.05511505331148,True
XLRE,2018-07-25T00:00:00.000Z,24.8862143558,0.007407407404828703,251.2795004334,236.20136297180952,True
XLRE,2018-07-26T00:00:00.000Z,24.970083338,0.013618074898758437,250.6867140341,236.346479968592,True
XLRE,2018-07-27T00:00:00.000Z,24.7413497502,-0.005516395954740183,248.9879828597,236.48017922167352,True
XLRE,2018-07-30T00:00:00.000Z,24.7184763914,-0.008865790278143604,247.6873918043,236.605629795401,True
XLRE,2018-07-31T00:00:00.000Z,25.1988169259,0.01629766297803492,248.9083548359,236.73884362215952,True
XLRE,2018-08-01T00:00:00.000Z,25.3665548903,0.01712014674621365,248.4925196005,236.8686253365815,True
XLRE,2018-08-02T00:00:00.000Z,25.2445636434,-0.000905250453301254,249.8461960051,237.003691567561,True
XLRE,2018-08-03T00:00:00.000Z,25.5724151193,0.0078124999992610356,250.9167505473,237.14332499541698,True
XLRE,2018-08-06T00:00:00.000Z,25.5190439488,0.015165301790239338,251.8368966,237.28646807598798,True
XLRE,2018-08-07T00:00:00.000Z,25.4656727783,0.0081497132489885,252.6685670708,237.43346400719952,True
XLRE,2018-08-08T00:00:00.000Z,25.3055592668,0.004844081136680778,252.5623963724,237.57416819546498,True
XLRE,2018-08-09T00:00:00.000Z,25.3513059844,0.004228329810244347,252.2173416026,237.71751142007398,True
XLRE,2018-08-10T00:00:00.000Z,25.1073234907,-0.0021212121214723156,250.5274579865,237.850441287016,True
XLRE,2018-08-13T00:00:00.000Z,25.0996990378,0.0030469226091107693,249.5896168173,237.9842246220565,True
XLRE,2018-08-14T00:00:00.000Z,25.1988169259,0.013803680983859756,251.1821772932,238.12453053711297,True
XLRE,2018-08-15T00:00:00.000Z,25.4199260608,0.02647783251321556,249.3064949549,238.24633663217548,True
XLRE,2018-08-16T00:00:00.000Z,25.6181618369,0.024702653250419093,251.3237382244,238.3824186813705,True
XLRE,2018-08-17T00:00:00.000Z,25.8621443306,0.04369230769539212,252.2084940444,238.5211787855885,True
XLRE,2018-08-20T00:00:00.000Z,25.8926421423,0.04782474544953863,252.7481950946,238.661153529592,True
XLRE,2018-08-21T00:00:00.000Z,25.6562841015,0.04115099010003309,253.340981494,238.80365577457303,True
XLRE,2018-08-22T00:00:00.000Z,25.49617059,0.02450980392113511,253.1905730046,238.9416526703415,True
XLRE,2018-08-23T00:00:00.000Z,25.4351749666,0.01862595419904811,252.854365793,239.07622280597502,True
XLRE,2018-08-24T00:00:00.000Z,25.6105373839,0.03513097072211968,254.3761458034,239.21918741749548,True
XLRE,2018-08-27T00:00:00.000Z,25.5724151193,0.03454657618772572,256.3845415147,239.3702737110875,True
XLRE,2018-08-28T00:00:00.000Z,25.8850176893,0.02723146746999472,256.5084073295,239.5260817853345,True
XLRE,2018-08-29T00:00:00.000Z,25.8468954247,0.018935978357221828,257.8886264087,239.689140099793,True
XLRE,2018-08-30T00:00:00.000Z,25.709655272,0.0184234370286529,256.8446145411,239.845930920467,True
XLRE,2018-08-31T00:00:00.000Z,25.8087731601,0.009242695290896386,256.8534620993,240.00538456504802,True
XLRE,2018-09-04T00:00:00.000Z,25.5800395722,0.002390200178438384,256.4110841893,240.16825628022704,True
XLRE,2018-09-05T00:00:00.000Z,25.7401530837,0.0107784431139748,255.7209746498,240.318163251489,True
XLRE,2018-09-06T00:00:00.000Z,25.8240220659,0.020488098825786727,254.9512370864,240.46753841068,True
XLRE,2018-09-07T00:00:00.000Z,25.49617059,0.0057142857132939096,254.4557738272,240.61251595709052,True
XLRE,2018-09-10T00:00:00.000Z,25.6334107427,0.020953537807200773,254.8981517372,240.75232970882553,True
XLRE,2018-09-11T00:00:00.000Z,25.6410351957,0.021567436210480073,255.7386697662,240.89734984205003,True
XLRE,2018-09-12T00:00:00.000Z,25.6639085544,0.018456883506382527,255.8006026736,241.040061053696,True
XLRE,2018-09-13T00:00:00.000Z,25.8240220659,0.015896820633288566,257.3135351257,241.1909042879275,True
XLRE,2018-09-14T00:00:00.000Z,25.602912931,-0.0005952380969831417,257.3577729167,241.33044693220552,True
XLRE,2018-09-17T00:00:00.000Z,25.7477775366,-0.004422169814615073,255.995248954,241.46387524630103,True
XLRE,2018-09-18T00:00:00.000Z,25.5952884781,-0.011484098940765297,257.3843155913,241.59421098014047,True
XLRE,2018-09-19T00:00:00.000Z,25.3513059844,-0.011887072808106636,257.6585898955,241.7283184561065,True
XLRE,2018-09-20T00:00:00.000Z,25.5419173076,0.0017942583745476082,259.7466136307,241.8742626300105,True
XLRE,2018-09-21T00:00:00.000Z,25.5419935521,0.004199640287132489,259.5100299244,242.02316998006552,True
XLRE,2018-09-24T00:00:00.000Z,25.0411701491,-0.022231756650211043,258.6479294106,242.16754861204197,True
XLRE,2018-09-25T00:00:00.000Z,25.0180552229,-0.02167804228946746,258.4079632882,242.3071050359465,True
XLRE,2018-09-26T00:00:00.000Z,24.7406761074,-0.04420864592930274,257.634739116,242.436510732313,True
XLRE,2018-09-27T00:00:00.000Z,24.8177258617,-0.0398179180164322,258.3546374832,242.5660244723615,True
XLRE,2018-09-28T00:00:00.000Z,25.1259248789,-0.02270471489890924,258.3813003857,242.69362030113203,True
XLRE,2018-10-01T00:00:00.000Z,24.9333004931,-0.03392151426839107,259.2789514362,242.825835314461,True
XLRE,2018-10-02T00:00:00.000Z,24.8562507388,-0.02829506308452323,259.1278616554,242.9620519769955,True
XLRE,2018-10-03T00:00:00.000Z,24.5711666479,-0.0454148983496242,259.270063802,243.089372350214,True
XLRE,2018-10-04T00:00:00.000Z,24.4555920164,-0.05299058551018576,257.2436832129,243.1991477380195,True
XLRE,2018-10-05T00:00:00.000Z,24.4632969919,-0.040510930629916175,255.8038864785,243.306242174663,True
XLRE,2018-10-08T00:00:00.000Z,24.7792009845,-0.03332407718872388,255.8038864785,243.41395071281252,True
XLRE,2018-10-09T00:00:00.000Z,24.8639557142,-0.03030608848547256,255.4306058436,243.517380306156,True
XLRE,2018-10-10T00:00:00.000Z,24.4710019673,-0.04648187490893618,247.3428587553,243.58067821481148,True
XLRE,2018-10-11T00:00:00.000Z,23.7544392522,-0.08014176910237514,241.8947390134,243.61813918534298,True
XLRE,2018-10-12T00:00:00.000Z,23.7390293014,-0.07279967067119186,245.254264727,243.67182754732949,True
XLRE,2018-10-15T00:00:00.000Z,23.8854238346,-0.07233065841712738,243.8766814318,243.7162154512085,True
XLRE,2018-10-16T00:00:00.000Z,24.3323124095,-0.04934408415363778,249.2092619295,243.791696561299,True
XLRE,2018-10-17T00:00:00.000Z,24.2629676307,-0.04293026774911368,249.2537001004,243.859021763124,True
XLRE,2018-10-18T00:00:00.000Z,24.2706726061,-0.04977091915968812,245.6542082644,243.90089255890854,True
XLRE,2018-10-19T00:00:00.000Z,24.5172318199,-0.04012066364787503,245.5208937519,243.93709624129448,True
XLRE,2018-10-22T00:00:00.000Z,24.1705079255,-0.034769230767408565,244.4188271157,243.95985013531248,True
XLRE,2018-10-23T00:00:00.000Z,24.3246074341,-0.027717893442223307,243.1745583329,243.97418946575152,True
XLRE,2018-10-24T00:00:00.000Z,24.609691525,-0.005294300844139954,235.8067096118,243.94896996020051,True
XLRE,2018-10-25T00:00:00.000Z,24.9024805914,0.0034150884803991755,240.0372234734,243.946745328476,True
XLRE,2018-10-26T00:00:00.000Z,24.2552626552,-0.03465194725751797,235.815597246,243.914639686955,True
XLRE,2018-10-29T00:00:00.000Z,24.6559213776,-0.011124845488336477,234.509115024,243.86810604353053,True
XLRE,2018-10-30T00:00:00.000Z,25.0642850754,0.008369497829182393,237.9841799817,243.84311484225748,True
XLRE,2018-10-31T00:00:00.000Z,24.7252661565,0.006271558481866668,240.5260433523,243.819252758007,True
XLRE,2018-11-01T00:00:00.000Z,24.8177258617,0.014807813487285548,243.0856819913,243.8102504934365,True
XLRE,2018-11-02T00:00:00.000Z,24.609691525,0.005984251965238885,241.6458852569,243.78847846724497,True
XLRE,2018-11-05T00:00:00.000Z,25.0180552229,0.009639303484781703,242.9790303813,243.76337108500354,True
XLRE,2018-11-06T00:00:00.000Z,25.1567447806,0.011775643013745674,244.5165910915,243.743319642715,True
XLRE,2018-11-07T00:00:00.000Z,25.4341238961,0.03935768261908512,249.7514076135,243.74992479136301,True
XLRE,2018-11-08T00:00:00.000Z,25.4880587241,0.07298086279765337,249.2981382712,243.75373722057998,True
XLRE,2018-11-09T00:00:00.000Z,25.5188786258,0.07497565725212851,246.8629265105,243.73098606999153,True
XLRE,2018-11-12T00:00:00.000Z,25.5728134538,0.07064516128684617,242.2502443799,243.6935057434765,True
XLRE,2018-11-13T00:00:00.000Z,25.6267482819,0.05319822672894081,241.7969750376,243.6665674730935,True
XLRE,2018-11-14T00:00:00.000Z,25.6190433064,0.05589075896817142,240.1438750833,243.6307496014325,True
XLRE,2018-11-15T00:00:00.000Z,25.4187139452,0.04730158729970513,242.6501879173,243.608866954527,True
XLRE,2018-11-16T00:00:00.000Z,25.7808477905,0.05153991200484365,243.2812099428,243.617028290841,True
XLRE,2018-11-19T00:00:00.000Z,25.8501925693,0.06949314631604908,239.1662353254,243.6551465351475,True
XLRE,2018-11-20T00:00:00.000Z,25.5111736504,0.048780487804978456,234.7401935122,243.648325085873,True
XLRE,2018-11-21T00:00:00.000Z,25.4957636995,0.0360050093923312,235.5400805869,243.6519072733935,True
XLRE,2018-11-23T00:00:00.000Z,25.4033039944,0.020111386139297194,233.9669693401,243.69166375555153,True
XLRE,2018-11-26T00:00:00.000Z,25.4572388224,0.04955527319108688,237.7442138593,243.733330940099,True
XLRE,2018-11-27T00:00:00.000Z,25.5959283801,0.0381249999991482,238.544100934,243.76215363299352,True
XLRE,2018-11-28T00:00:00.000Z,25.8039627168,0.029511220414819572,244.0366588467,243.815544065494,True
XLRE,2018-11-29T00:00:00.000Z,25.8347826185,0.04487379245898726,243.5034007969,243.85052089055148,True
XLRE,2018-11-30T00:00:00.000Z,26.0813418323,0.05091586463810849,244.9876357021,243.87782953884,True
XLRE,2018-12-03T00:00:00.000Z,26.2046214392,0.06480901691025975,248.2316221716,243.92100720433,True
XLRE,2018-12-04T00:00:00.000Z,25.8578975448,0.033569448720828676,240.1883132541,243.9314691364865,True
XLRE,2018-12-06T00:00:00.000Z,26.5667552844,0.05604900459487716,239.8239202535,243.946030796735,True
XLRE,2018-12-07T00:00:00.000Z,26.166096562,0.028779157831036573,234.2513736333,243.93119447011702,True
XLRE,2018-12-10T00:00:00.000Z,26.0659318814,0.02267230955308497,234.6957553414,243.89967449852801,True
XLRE,2018-12-11T00:00:00.000Z,26.112161734,0.023248792272564156,234.7490811464,243.854428414502,True
XLRE,2018-12-12T00:00:00.000Z,25.6190433064,0.0018077734263974854,235.9311364901,243.83031355166898,True
XLRE,2018-12-13T00:00:00.000Z,25.7962577413,0.006614552011646513,235.8511477826,243.81799304663548,True
XLRE,2018-12-14T00:00:00.000Z,25.7500278888,0.005112781958070967,231.4962070428,243.8012242732555,True
XLRE,2018-12-17T00:00:00.000Z,24.7869059599,-0.02485601697482054,226.9546259855,243.75569430831402,True
XLRE,2018-12-18T00:00:00.000Z,25.0334651737,-0.028989838614826402,226.7057722289,243.6952782482735,True
XLRE,2018-12-19T00:00:00.000Z,24.8023159108,-0.04053651266584646,223.3106959787,243.6148601638445,True
XLRE,2018-12-20T00:00:00.000Z,24.501821869,-0.03956508607686782,219.675653606,243.516705511485,True
XLRE,2018-12-21T00:00:00.000Z,24.1309043518,-0.053532789360091426,215.2010853103,243.390387917732,True
XLRE,2018-12-24T00:00:00.000Z,23.2420762109,-0.08507664136824222,209.5148414276,243.214715788962,True
XLRE,2018-12-26T00:00:00.000Z,23.9827663283,-0.0579195766039875,220.1005533099,243.093507473369,True
XLRE,2018-12-27T00:00:00.000Z,24.0373434948,-0.060891906796853856,221.7903333317,242.9886436486785,True
XLRE,2018-12-28T00:00:00.000Z,24.1231076137,-0.0651394175982768,221.5042330105,242.8885780662305,True
XLRE,2018-12-31T00:00:00.000Z,24.1698880422,-0.06444391659435866,223.4443508133,242.79952900459548,True
XLRE,2019-01-02T00:00:00.000Z,23.6163196386,-0.09451285940538667,223.6768073242,242.71034041805046,True
XLRE,2019-01-03T00:00:00.000Z,23.7254739717,-0.09460726128984998,218.3392482079,242.61080281941048,True
XLRE,2019-01-04T00:00:00.000Z,23.9671728521,-0.07311981530687994,225.6526876671,242.5458065850735,True
XLRE,2019-01-07T00:00:00.000Z,24.1698880422,-0.09022054882281538,227.4318740392,242.49199635467602,True
XLRE,2019-01-08T00:00:00.000Z,24.5909118984,-0.06019945160210016,229.5686858128,242.4786411201725,True
XLRE,2019-01-09T00:00:00.000Z,24.4895543034,-0.060476547900628286,230.6415620171,242.4954006610825,True
XLRE,2019-01-10T00:00:00.000Z,24.8793912073,-0.04721058866201955,231.4551598053,242.485136058477,True
XLRE,2019-01-11T00:00:00.000Z,24.9261716358,-0.027045181286176723,231.5445661557,242.4951804589235,True
XLRE,2019-01-14T00:00:00.000Z,24.848204255,-0.0367515899324482,230.13194582,242.5015528259625,True
XLRE,2019-01-15T00:00:00.000Z,25.1288868258,-0.024121956903594866,232.7694331556,242.50649140025197,True
XLRE,2019-01-16T00:00:00.000Z,25.245837897,0.018515095746216126,233.3326931628,242.53926090805552,True
XLRE,2019-01-17T00:00:00.000Z,25.3705857062,0.013466794555240913,235.1029388999,242.56634849481247,True
XLRE,2019-01-18T00:00:00.000Z,25.4641465631,0.026684227984202558,238.2321611624,242.59679507538152,True
XLRE,2019-01-22T00:00:00.000Z,25.4173661347,0.037366375063658364,235.0135325495,242.60198822457053,True
XLRE,2019-01-23T00:00:00.000Z,25.4329596108,0.05395799676703272,235.5052674765,242.63571163821598,True
XLRE,2019-01-24T00:00:00.000Z,25.5343172058,0.09862462260686478,235.630436367,242.664423795812,True
XLRE,2019-01-25T00:00:00.000Z,25.8305932528,0.07704811443371895,237.62419798,242.6848282246895,True
XLRE,2019-01-28T00:00:00.000Z,26.0878856094,0.08530651962616398,235.8181897027,242.7023241510065,True
XLRE,2019-01-29T00:00:00.000Z,26.2906007994,0.08985132514473526,235.5052674765,242.70869881924799,True
XLRE,2019-01-30T00:00:00.000Z,26.5089094656,0.0967741935467854,239.2335122864,242.7371498196575,True
XLRE,2019-01-31T00:00:00.000Z,26.7662018222,0.13337735226328973,241.3345615198,242.76650537944147,True
XLRE,2019-02-01T00:00:00.000Z,26.6024703225,0.12126191258525365,241.4507897753,242.7838466840685,True
XLRE,2019-02-04T00:00:00.000Z,26.7584050841,0.11646063760730274,243.1495104321,242.808800795026,True
XLRE,2019-02-05T00:00:00.000Z,26.9377300599,0.11451612903077657,244.1687428261,242.8454570451045,True
XLRE,2019-02-06T00:00:00.000Z,26.7272181318,0.08687381103337599,243.8468799648,242.8905450661455,True
XLRE,2019-02-07T00:00:00.000Z,26.9533235361,0.10060490289763857,241.5223148555,242.924186421031,True
XLRE,2019-02-08T00:00:00.000Z,26.9533235361,0.08335944844950527,241.8173558117,242.97511328601152,True
XLRE,2019-02-11T00:00:00.000Z,27.0312909168,0.0844541757859254,241.9514653373,243.0238481085215,True
XLRE,2019-02-12T00:00:00.000Z,26.844169203,0.08032632569809817,245.0628063297,243.0763369568175,True
XLRE,2019-02-13T00:00:00.000Z,27.0234941788,0.07539559416753772,245.8585228479,243.1317033915125,True
XLRE,2019-02-14T00:00:00.000Z,27.1248517738,0.07442865966525458,245.3131441107,243.19337110129447,True
XLRE,2019-02-15T00:00:00.000Z,27.2885832734,0.07559926244553683,247.9863939864,243.26633518761398,True
XLRE,2019-02-19T00:00:00.000Z,27.3197702257,0.07287201469728322,248.4155444681,243.349284119228,True
XLRE,2019-02-20T00:00:00.000Z,27.148241988,0.06809815950744769,248.9162200301,243.437290739817,True
XLRE,2019-02-21T00:00:00.000Z,27.1950224165,0.06928264868362954,248.0310971616,243.50589819785498,True
XLRE,2019-02-22T00:00:00.000Z,27.350957178,0.07114503816798212,249.5688863877,243.578231015733,True
XLRE,2019-02-25T00:00:00.000Z,27.1248517738,0.050105644432293595,249.9086305191,243.652262554268,True
XLRE,2019-02-26T00:00:00.000Z,27.0702746072,0.0376569037640222,249.7298178184,243.7140377486,True
XLRE,2019-02-27T00:00:00.000Z,26.9845104884,0.026393831555794556,249.6225301979,243.76417846321598,True
XLRE,2019-02-28T00:00:00.000Z,27.0624778692,0.02088235294320029,249.1576171761,243.8083393053665,True
XLRE,2019-03-01T00:00:00.000Z,27.0312909168,0.009903874160439585,250.7132876723,243.859705981978,True
XLRE,2019-03-04T00:00:00.000Z,27.1404452499,0.020222743259485476,249.8013428986,243.91479242608352,True
XLRE,2019-03-05T00:00:00.000Z,27.2184126307,0.017191142190807973,249.4615987673,243.96315960689802,True
XLRE,2019-03-06T00:00:00.000Z,27.148241988,0.00781476121528768,247.9506314462,244.0049848676035,True
XLRE,2019-03-07T00:00:00.000Z,27.1248517738,0.014877479580521547,245.876404118,244.0394337013095,True
XLRE,2019-03-08T00:00:00.000Z,27.148241988,0.0072317037874358725,245.384669191,244.0624397314555,True
XLRE,2019-03-11T00:00:00.000Z,27.5692658442,0.022852183971859175,248.9430419352,244.10658465374547,True
XLRE,2019-03-12T00:00:00.000Z,27.7174038677,0.025382174791866108,249.881808614,244.152120420854,True
XLRE,2019-03-13T00:00:00.000Z,27.849948415,0.03746732500432892,251.5358260956,244.20839250684,True
XLRE,2019-03-14T00:00:00.000Z,27.9201190578,0.033179457588552896,251.3748946649,244.2667225257715,True
XLRE,2019-03-15T00:00:00.000Z,27.8058968449,0.025107789593815433,252.6114738967,244.345019913183,True
XLRE,2019-03-18T00:00:00.000Z,27.6647501604,0.013784771573930543,253.5274161077,244.41208670633551,True
XLRE,2019-03-19T00:00:00.000Z,27.5863353357,0.009757223717395513,253.5902748869,244.48682244794497,True
XLRE,2019-03-20T00:00:00.000Z,27.7117990552,0.020758510530777707,252.8269897111,244.546027164195,True
XLRE,2019-03-21T00:00:00.000Z,28.205812451,0.03716820008527466,255.6825742512,244.613784622948,True
XLRE,2019-03-22T00:00:00.000Z,28.0725072489,0.026381163416115516,250.7616298235,244.65605656260902,True
XLRE,2019-03-25T00:00:00.000Z,28.0960316964,0.03580406376775369,250.573053486,244.687256455618,True
XLRE,2019-03-26T00:00:00.000Z,28.2685443107,0.044265147690127016,252.4408572104,244.727927486792,True
XLRE,2019-03-27T00:00:00.000Z,28.1744465211,0.04409700273093797,251.1208228475,244.75838707864253,True
XLRE,2019-03-28T00:00:00.000Z,28.4096909952,0.049781588090766604,252.0726843609,244.791976503696,True
XLRE,2019-03-29T00:00:00.000Z,28.4018495128,0.050702669000102896,253.6621134917,244.8319276398875,True
XLRE,2019-04-01T00:00:00.000Z,28.3155932056,0.043298772178556266,256.670355067,244.89083953039852,True
XLRE,2019-04-02T00:00:00.000Z,28.5586791622,0.04924117176430398,256.7960726254,244.947297219364,True
XLRE,2019-04-03T00:00:00.000Z,28.5273132323,0.05079781021951901,257.2001647773,245.0073361412905,True
XLRE,2019-04-04T00:00:00.000Z,28.4410569251,0.0485239573759193,257.8826315227,245.07330895103098,True
XLRE,2019-04-05T00:00:00.000Z,28.6606184343,0.05570808035999164,259.1308272809,245.15021194540847,True
XLRE,2019-04-08T00:00:00.000Z,28.5194717498,0.03446613018169664,259.328383444,245.2260235444245,True
XLRE,2019-04-09T00:00:00.000Z,28.4332154426,0.02582534707495321,257.9993692555,245.30284321034097,True
XLRE,2019-04-10T00:00:00.000Z,28.6606184343,0.029108492670075314,258.8793921641,245.3818511012505,True
XLRE,2019-04-11T00:00:00.000Z,28.621411022,0.025117799918696226,258.8075535593,245.47704473296952,True
XLRE,2019-04-12T00:00:00.000Z,28.7782406714,0.03496897913142982,260.5586195509,245.57833942718648,True
XLRE,2019-04-15T00:00:00.000Z,28.605728057,0.03401360544173415,260.3880028646,245.688734540947,True
XLRE,2019-04-16T00:00:00.000Z,27.9313605645,0.012507106311924643,260.5586195509,245.793170118325,True
XLRE,2019-04-17T00:00:00.000Z,27.641225713,-0.002546689302250771,259.9210519335,245.89269258376697,True
XLRE,2019-04-18T00:00:00.000Z,27.8607872222,-0.012232415903615235,260.4329019926,245.992208507627,True
XLRE,2019-04-22T00:00:00.000Z,27.5549694058,-0.018435754188656506,260.6573976325,246.097093737622,True
XLRE,2019-04-23T00:00:00.000Z,27.8686287047,-0.008093776165875366,263.0011321136,246.20392108821198,True
XLRE,2019-04-24T00:00:00.000Z,28.0646657665,-0.007212205268130156,262.4174434497,246.29761106576152,True
XLRE,2019-04-25T00:00:00.000Z,28.0332998366,-0.0050097411636566,262.255806589,246.37952188683997,True
XLRE,2019-04-26T00:00:00.000Z,28.2214954159,-0.006624344465126164,263.4770628703,246.463115210225,True
XLRE,2019-04-29T00:00:00.000Z,27.9313605645,-0.016565433461928625,263.8901348478,246.557798402861,True
XLRE,2019-04-30T00:00:00.000Z,28.2528613458,-0.0022154527840720917,264.0248322318,246.6420513968765,True
XLRE,2019-05-01T00:00:00.000Z,28.2528613458,-0.010708401976964654,262.0402907746,246.715408452204,True
XLRE,2019-05-02T00:00:00.000Z,28.3077517231,-0.0076965365582132295,261.4745617619,246.78704280724298,True
XLRE,2019-05-03T00:00:00.000Z,28.5037887849,0.002205679625943757,264.0338120574,246.8664745433765,True
XLRE,2019-05-06T00:00:00.000Z,28.3861665478,-0.009575923392202479,262.94725316,246.93786345535398,True
XLRE,2019-05-07T00:00:00.000Z,27.8999946346,-0.021721198787784224,258.5561184426,246.9919858995905,True
XLRE,2019-05-08T00:00:00.000Z,27.8999946346,-0.018753447322074845,258.1969254187,247.0457279880195,True
XLRE,2019-05-09T00:00:00.000Z,27.9940924242,-0.023255813953488413,257.4156805916,247.093263487181,True
XLRE,2019-05-10T00:00:00.000Z,28.3155932056,-0.010684931506868445,258.7087754778,247.14102693224254,True
XLRE,2019-05-13T00:00:00.000Z,28.3155932056,-0.01607629427673052,252.2073817448,247.1456663387995,True
XLRE,2019-05-14T00:00:00.000Z,28.4175324777,-0.0065789473676390875,254.4882574467,247.1646740558625,True
XLRE,2019-05-15T00:00:00.000Z,28.605728057,0.024143739469573156,255.978908496,247.199628684044,True
XLRE,2019-05-16T00:00:00.000Z,28.7703991889,0.04085106382850956,258.3495824538,247.2529396372915,True
XLRE,2019-05-17T00:00:00.000Z,28.7311917766,0.031241204617019847,256.6793348926,247.29179453757502,True
XLRE,2019-05-20T00:00:00.000Z,28.2685443107,0.025896414341501695,254.9821478546,247.3242426788455,True
XLRE,2019-05-21T00:00:00.000Z,28.5037887849,0.022791221158753316,257.2809832077,247.3614166148585,True
XLRE,2019-05-22T00:00:00.000Z,28.6370939869,0.020396758869770437,256.4907585551,247.38928665489752,True
XLRE,2019-05-23T00:00:00.000Z,28.7782406714,0.026573426572757963,253.3567994214,247.3968861690045,True
XLRE,2019-05-24T00:00:00.000Z,28.8174480838,0.02111697693964998,253.9315082596,247.40320087494848,True
XLRE,2019-05-28T00:00:00.000Z,28.5194717498,0.021055586746013155,251.5698141274,247.39823796372352,True
XLRE,2019-05-29T00:00:00.000Z,28.190129486,-0.002220371913208896,249.8816069149,247.386559290285,True
XLRE,2019-05-30T00:00:00.000Z,28.3626421004,0.003885650846345845,250.5640736604,247.38674236865452,True
XLRE,2019-05-31T00:00:00.000Z,28.5978865746,0.010249307480793002,247.1876592356,247.37473258074598,True
XLRE,2019-06-03T00:00:00.000Z,28.7076673292,0.0071526822570340265,246.5590714437,247.3516170514985,True
XLRE,2019-06-04T00:00:00.000Z,28.5508376797,0.005801104972124715,251.9110475001,247.3646398142245,True
XLRE,2019-06-05T00:00:00.000Z,29.2016807249,0.04665542439516179,254.0931451204,247.37848684870448,True
XLRE,2019-06-06T00:00:00.000Z,29.2565711022,0.048622821809350736,255.7454330304,247.39617154363452,True
XLRE,2019-06-07T00:00:00.000Z,29.3506688918,0.048459383752955,258.3046833258,247.4239539847905,True
XLRE,2019-06-10T00:00:00.000Z,29.2487296197,0.03295486014806337,259.4900203048,247.4546991788445,True
XLRE,2019-06-11T00:00:00.000Z,29.303619997,0.03489338133324349,259.4271615256,247.4858821214495,True
XLRE,2019-06-12T00:00:00.000Z,29.4134007516,0.03504415010984796,258.9691904201,247.516456244585,True
XLRE,2019-06-13T00:00:00.000Z,29.452608164,0.029605263159619755,260.0377896663,247.54476446389953,True
XLRE,2019-06-14T00:00:00.000Z,29.5780718835,0.028073044426565108,259.7504352471,247.56159393256152,True
XLRE,2019-06-17T00:00:00.000Z,29.8995726649,0.04066593886479786,259.8492133287,247.5782979625575,True
XLRE,2019-06-18T00:00:00.000Z,29.8133163577,0.054646324551465675,262.5701004849,247.6017053329385,True
XLRE,2019-06-19T00:00:00.000Z,30.0093534195,0.05281980742846293,263.1627689744,247.633296105105,True
XLRE,2019-06-20T00:00:00.000Z,30.1897075163,0.054216867469522034,265.6771201418,247.6774143953175,True
XLRE,2019-06-21T00:00:00.000Z,29.8547193851,0.03740599454954907,265.2924244132,247.72182109643697,True
XLRE,2019-06-24T00:00:00.000Z,29.7045367883,0.030783041646171627,264.9675765465,247.7680541059205,True
XLRE,2019-06-25T00:00:00.000Z,29.3014150809,0.027417875687177906,262.3687936135,247.80514188855602,True
XLRE,2019-06-26T00:00:00.000Z,28.7323020823,0.019232710391389185,262.1071106098,247.84339857246897,True
XLRE,2019-06-27T00:00:00.000Z,28.9694324984,0.021394001160119025,263.0365364505,247.8840904960355,True
XLRE,2019-06-28T00:00:00.000Z,29.0642846648,0.01630883068870692,264.3900692281,247.92734749334497,True
XLRE,2019-07-01T00:00:00.000Z,29.0089542344,0.010494997790835736,266.7903340204,247.98229615007898,True
XLRE,2019-07-02T00:00:00.000Z,29.5464498442,0.03487155703343503,267.4851475129,248.033154212015,True
XLRE,2019-07-03T00:00:00.000Z,29.9732845932,0.026423269111426784,269.6237293016,248.0944839939395,True
XLRE,2019-07-05T00:00:00.000Z,29.8072933019,0.018823880548961114,269.3169285386,248.16109239186247,True
XLRE,2019-07-08T00:00:00.000Z,29.9179541628,0.01932784813495303,267.8370660351,248.21335614408147,True
XLRE,2019-07-09T00:00:00.000Z,30.0760411068,0.02828538189032237,268.1709374536,248.26591788187199,True
XLRE,2019-07-10T00:00:00.000Z,30.2420323981,0.03202377048283034,269.4522818164,248.3144462228005,True
XLRE,2019-07-11T00:00:00.000Z,29.8547193851,0.015003998933241114,270.0839304459,248.36731572540802,True
XLRE,2019-07-12T00:00:00.000Z,29.7361541771,0.009627195375062847,271.2930863939,248.4305415103245,True
XLRE,2019-07-15T00:00:00.000Z,29.7756759131,0.006680761017090919,271.3833219125,248.49541830344597,True
XLRE,2019-07-16T00:00:00.000Z,29.7282498299,-0.0057299425955046335,270.5080373829,248.55978479478054,True
XLRE,2019-07-17T00:00:00.000Z,29.578067233,-0.00789073989211675,268.6672328054,248.6113477713915,True
XLRE,2019-07-18T00:00:00.000Z,29.5701628858,-0.014635121508969728,269.6507999571,248.66769526924847,True
XLRE,2019-07-19T00:00:00.000Z,29.0879977065,-0.03649289444772408,268.1528903499,248.71206496381703,True
XLRE,2019-07-22T00:00:00.000Z,29.0563803176,-0.026740799576848162,268.811609635,248.760483703715,True
XLRE,2019-07-23T00:00:00.000Z,29.3409368169,-0.012240553488220507,270.7336261792,248.81780151560102,True
XLRE,2019-07-24T00:00:00.000Z,29.3172237753,0.000539519827160273,272.0059469902,248.8916128344875,True
XLRE,2019-07-25T00:00:00.000Z,29.1907542201,0.015955983495051118,270.7065555236,248.96612617971303,True
XLRE,2019-07-26T00:00:00.000Z,29.2856063865,0.010914051841280026,272.5202894457,249.049708194549,True
XLRE,2019-07-29T00:00:00.000Z,29.3962672474,0.011422355183648092,272.0239940939,249.1326751358005,True
XLRE,2019-07-30T00:00:00.000Z,29.6887280939,0.02343324250875245,271.3562512569,249.25274209830852,True
XLRE,2019-07-31T00:00:00.000Z,29.5701628858,0.0008025682180106131,268.387502698,249.3852059167315,True
XLRE,2019-08-01T00:00:00.000Z,29.6413020107,-0.011075949366434079,266.0504027686,249.4891866069395,True
XLRE,2019-08-02T00:00:00.000Z,29.8705280795,0.0021214531946773807,264.0471742578,249.59003907106953,True
XLRE,2019-08-05T00:00:00.000Z,29.3014150809,-0.02060766182557383,256.1064486291,249.62452500456752,True
XLRE,2019-08-06T00:00:00.000Z,29.6650150523,-0.013666228644935274,259.6978222657,249.676745615394,True
XLRE,2019-08-07T00:00:00.000Z,29.9416672044,-0.009932043909815724,259.8512226471,249.7477306873075,True
XLRE,2019-08-08T00:00:00.000Z,30.4159280365,0.018797987820983852,264.9495294428,249.844873865762,True
XLRE,2019-08-09T00:00:00.000Z,30.4080236893,0.0225943646982234,263.1448190727,249.938503825547,True
XLRE,2019-08-12T00:00:00.000Z,30.3764063005,0.020175205733472756,259.9414581657,250.02233832471097,True
XLRE,2019-08-13T00:00:00.000Z,30.4001193421,0.022600372240018318,263.9840093948,250.16322482362597,True
XLRE,2019-08-14T00:00:00.000Z,29.92585851,0.011758417960858969,256.1786370439,250.2439318914785,True
XLRE,2019-08-15T00:00:00.000Z,30.3447889117,0.02619620422422453,256.8554034327,250.349130922412,True
XLRE,2019-08-16T00:00:00.000Z,30.5582062862,0.05054347825981398,260.64529521,250.47981182334198,True
XLRE,2019-08-19T00:00:00.000Z,30.8348584383,0.061207834605012446,263.7854912541,250.60881837970402,True
XLRE,2019-08-20T00:00:00.000Z,30.6056323694,0.04310344827747792,261.7642156395,250.71500924114002,True
XLRE,2019-08-21T00:00:00.000Z,30.7321019246,0.048260986788661864,263.8937738763,250.81904970056502,True
XLRE,2019-08-22T00:00:00.000Z,30.8822845215,0.05794746818275964,263.8125619096,250.92988308382849,True
XLRE,2019-08-23T00:00:00.000Z,30.4949715086,0.041295546560971674,257.0358744697,251.00016730427046,True
XLRE,2019-08-26T00:00:00.000Z,30.7795280079,0.047055660123730414,259.8782933027,251.0769758153265,True
XLRE,2019-08-27T00:00:00.000Z,30.6767714942,0.033280085195128706,258.8586319436,251.122511936977,True
XLRE,2019-08-28T00:00:00.000Z,30.7637193135,0.0403635391630921,260.6813894174,251.179428192708,True
XLRE,2019-08-29T00:00:00.000Z,30.9850410351,0.04533333333046352,264.0110800504,251.2651689604075,True
XLRE,2019-08-30T00:00:00.000Z,30.9929453823,0.03757607832753074,263.8937738763,251.37338660788953,True
XLRE,2019-09-03T00:00:00.000Z,31.4355888257,0.07283517669394568,262.3507465098,251.4761554652505,True
XLRE,2019-09-04T00:00:00.000Z,31.6964322834,0.06847855049183593,265.3285186206,251.602078682937,True
XLRE,2019-09-05T00:00:00.000Z,31.4197801313,0.049366420273443845,268.7394212202,251.73252484945147,True
XLRE,2019-09-06T00:00:00.000Z,31.4593018673,0.034303534304392036,268.9469629127,251.86085361430102,True
XLRE,2019-09-09T00:00:00.000Z,31.2221714512,0.026774109696135362,269.0823161905,252.0104340186265,True
XLRE,2019-09-10T00:00:00.000Z,30.7637193135,0.01275045537541497,269.0191513275,252.181828807703,True
XLRE,2019-09-11T00:00:00.000Z,30.6925801886,0.009620384815232752,270.9321443199,252.35878912636798,True
XLRE,2019-09-12T00:00:00.000Z,30.8743801743,0.031695721076240524,271.8705937124,252.5483072482295,True
XLRE,2019-09-13T00:00:00.000Z,30.5028758558,0.005209690024867708,271.6901226754,252.71803679231002,True
XLRE,2019-09-16T00:00:00.000Z,30.8190497439,0.008535954475109131,270.8509323533,252.8795709494065,True
XLRE,2019-09-17T00:00:00.000Z,31.25378884,0.013586259931702704,271.5367222939,253.01707126664252,True
XLRE,2019-09-18T00:00:00.000Z,31.1589366736,0.018078512396731306,271.6991462272,253.158049993794,True
XLRE,2019-09-19T00:00:00.000Z,31.2616931872,0.017232510288405667,271.6810991235,253.29151731090099,True
XLRE,2019-09-20T00:00:00.000Z,31.1298636942,0.008016867163037622,270.4030203841,253.4023743019635,True
XLRE,2019-09-23T00:00:00.000Z,31.2412691368,0.024472809492198877,270.339562521,253.55313054829804,True
XLRE,2019-09-24T00:00:00.000Z,31.2014814787,0.013708899977013855,268.2182568092,253.69510223107648,True
XLRE,2019-09-25T00:00:00.000Z,31.1696513522,0.016066875162961125,269.8047033885,253.8728688798525,True
XLRE,2019-09-26T00:00:00.000Z,31.4720375538,0.02302446700549532,269.242648029,254.0456033432905,True
XLRE,2019-09-27T00:00:00.000Z,31.2651417317,0.00903986850566696,267.7921825851,254.21081885048403,True
XLRE,2019-09-30T00:00:00.000Z,31.3049293898,0.010066291010798034,269.0341436214,254.37633388614051,True
XLRE,2019-10-01T00:00:00.000Z,31.0343733147,-0.012763098322242539,265.8340542358,254.5262484184065,True
XLRE,2019-10-02T00:00:00.000Z,30.8433925559,-0.026912799518662323,261.138172361,254.67445824499748,True
XLRE,2019-10-03T00:00:00.000Z,31.2094390103,-0.006694544650567513,263.2776088908,254.856073159524,True
XLRE,2019-10-04T00:00:00.000Z,31.3526745795,-0.0033893723468425563,266.8403146375,255.056745871567,True
XLRE,2019-10-07T00:00:00.000Z,31.2969718582,0.0023957464687205388,265.6890076914,255.26863743013052,True
XLRE,2019-10-08T00:00:00.000Z,31.1457787574,0.01241915647476155,261.5642465852,255.47808039502652,True
XLRE,2019-10-09T00:00:00.000Z,31.2412691368,0.017876924808159167,264.0481686579,255.7223158117645,True
XLRE,2019-10-10T00:00:00.000Z,31.320844453,0.014460671799061409,265.8340542358,256.0039118758055,True
XLRE,2019-10-11T00:00:00.000Z,31.217396542,0.023424699021096895,268.5899385792,256.246358802152,True
XLRE,2019-10-14T00:00:00.000Z,31.2651417317,0.014474553612357832,268.2907800814,256.4788610359005,True
XLRE,2019-10-15T00:00:00.000Z,31.2890143265,0.0011270789177060259,270.9469449256,256.726074595476,True
XLRE,2019-10-16T00:00:00.000Z,31.2492266684,0.002897723877609115,270.5118052924,256.9614118678715,True
XLRE,2019-10-17T00:00:00.000Z,31.4561224905,0.006219410514194834,271.3095612866,257.1995756376835,True
XLRE,2019-10-18T00:00:00.000Z,31.7585086921,0.020194274028161763,270.1219927044,257.458489360166,True
XLRE,2019-10-21T00:00:00.000Z,31.9733620458,0.023433520123471663,271.9532053273,257.68999194846697,True
XLRE,2019-10-22T00:00:00.000Z,31.8778716664,0.021678143333089706,271.0647952429,257.9081565544855,True
XLRE,2019-10-23T00:00:00.000Z,31.9335743877,0.02450855246560457,271.8534858281,258.119580554562,True
XLRE,2019-10-24T00:00:00.000Z,31.8142114134,0.010872313526414379,272.2976908703,258.32786119882803,True
XLRE,2019-10-25T00:00:00.000Z,31.4242923641,0.005090353780121681,273.4127361803,258.53764908070303,True
XLRE,2019-10-28T00:00:00.000Z,31.0900760361,-0.006863243517489126,274.9538557145,258.754695528497,True
XLRE,2019-10-29T00:00:00.000Z,31.1696513522,0.004358974358148915,274.8722670332,258.978397134563,True
XLRE,2019-10-30T00:00:00.000Z,31.4004197692,0.01805985551979905,275.7153500725,259.19312671914753,True
XLRE,2019-10-31T00:00:00.000Z,31.2969718582,0.0028046914868002926,274.9810519415,259.401368513041,True
XLRE,2019-11-01T00:00:00.000Z,31.217396542,-0.0043147208113610835,277.5284318774,259.6134959779285,True
XLRE,2019-11-04T00:00:00.000Z,30.8672651507,-0.013729977118773995,278.6434771874,259.81555255805347,True
XLRE,2019-11-05T00:00:00.000Z,30.3341105322,-0.02606029637345808,278.3352532806,260.032161161709,True
XLRE,2019-11-06T00:00:00.000Z,30.4455159749,-0.025471217523703515,278.3987111438,260.24662838004554,True
XLRE,2019-11-07T00:00:00.000Z,30.1192571785,-0.03836382113844661,279.3777753184,260.4653650748025,True
XLRE,2019-11-08T00:00:00.000Z,30.0635544572,-0.036961509049853625,280.0667464043,260.677577816924,True
XLRE,2019-11-11T00:00:00.000Z,30.1192571785,-0.0366505472143176,279.5318872719,260.89614630476996,True
XLRE,2019-11-12T00:00:00.000Z,29.920318888,-0.04374364191270774,280.1211388584,261.11922566167954,True
XLRE,2019-11-13T00:00:00.000Z,30.2227050896,-0.032849503435489535,280.2117929487,261.324117064991,True
XLRE,2019-11-14T00:00:00.000Z,30.5250912911,-0.029597773841361974,280.6197363548,261.52054293916603,True
XLRE,2019-11-15T00:00:00.000Z,30.6762843919,-0.034076672512938444,282.6503879763,261.726540930171,True
XLRE,2019-11-18T00:00:00.000Z,30.8433925559,-0.03534096565388967,282.8588923839,261.92508783993003,True
XLRE,2019-11-19T00:00:00.000Z,30.9070528088,-0.030454318524133717,282.7773037026,262.1181306443125,True
XLRE,2019-11-20T00:00:00.000Z,30.9229678721,-0.031647146771933476,281.7257162558,262.30752482576753,True
XLRE,2019-11-21T00:00:00.000Z,30.5091762279,-0.041020510253802045,281.2724458046,262.506275480513,True
XLRE,2019-11-22T00:00:00.000Z,30.3341105322,-0.03469232717378401,281.8979590273,262.706678496591,True
XLRE,2019-11-25T00:00:00.000Z,30.3579831271,-0.023547478885221684,284.0827226022,262.91733478291553,True
XLRE,2019-11-26T00:00:00.000Z,30.7797323029,-0.012509573652079942,284.7263666429,263.1156525844815,True
XLRE,2019-11-27T00:00:00.000Z,30.8752226823,-0.016725798277867465,285.9955239064,263.31633758977404,True
XLRE,2019-11-29T00:00:00.000Z,30.7558597081,-0.01728960081351205,284.9348710505,263.51444622447303,True
XLRE,2019-12-02T00:00:00.000Z,30.1908749631,-0.03288299770670855,282.5144068409,263.68708628874555,True
XLRE,2019-12-03T00:00:00.000Z,30.4375584433,-0.013921113687982656,280.6197363548,263.848107248179,True
XLRE,2019-12-04T00:00:00.000Z,30.5967090757,0.00865687303477225,282.3512294785,264.015282295421,True
XLRE,2019-12-05T00:00:00.000Z,30.6444542654,0.006534239415223242,282.8588923839,264.1894212715325,True
XLRE,2019-12-06T00:00:00.000Z,30.652411797,0.017701453104912,285.4425339559,264.3687895093735,True
XLRE,2019-12-09T00:00:00.000Z,30.6921994551,0.02091053467396775,284.5450584624,264.54197164909,True
XLRE,2019-12-10T00:00:00.000Z,30.4773461014,0.011889035668370074,284.2277691466,264.714461405731,True
XLRE,2019-12-11T00:00:00.000Z,30.2465776844,0.01090425531964656,285.0345905497,264.89152170749,True
XLRE,2019-12-12T00:00:00.000Z,29.8805312299,-0.011321748291080236,287.4913163954,265.08319020358647,True
XLRE,2019-12-13T00:00:00.000Z,29.9123613564,-0.02007299270153695,287.6635591669,265.2679415610595,True
XLRE,2019-12-16T00:00:00.000Z,30.1431297734,-0.017380025940846422,289.6398183342,265.4671339382375,True
XLRE,2019-12-17T00:00:00.000Z,29.816870977,-0.03328173374701082,289.7032761974,265.668342325388,True
XLRE,2019-12-18T00:00:00.000Z,30.2386201528,-0.021627188465206282,289.7214070154,265.877196203234,True
XLRE,2019-12-19T00:00:00.000Z,30.5250912911,-0.012866700979209056,290.9089755977,266.1023590606325,True
XLRE,2019-12-20T00:00:00.000Z,30.7582469675,0.008163797597793954,292.1781328611,266.336326378983,True
XLRE,2019-12-23T00:00:00.000Z,30.5732470512,0.007883419516987455,292.6245123239,266.5547337309265,True
XLRE,2019-12-24T00:00:00.000Z,30.6134644243,0.008415621555963426,292.6336221088,266.76849279840053,True
XLRE,2019-12-26T00:00:00.000Z,30.7984643407,0.000608583519039696,294.1913953361,266.98177064460305,True
XLRE,2019-12-27T00:00:00.000Z,30.9110729854,0.0011611350456932623,294.1185170565,267.19548875656096,True
XLRE,2019-12-30T00:00:00.000Z,30.8869425615,0.004262044847521462,292.4969753345,267.39491626375,True
XLRE,2019-12-31T00:00:00.000Z,31.1041163764,0.03024892171612059,293.207538561,267.5933168760165,True
XLRE,2020-01-02T00:00:00.000Z,30.7421600183,0.01000742472716487,295.9495838325,267.80511342074453,True
XLRE,2020-01-03T00:00:00.000Z,30.9673773078,0.012114643806395042,293.7085767335,268.00952135585646,True
XLRE,2020-01-06T00:00:00.000Z,30.9754207824,0.010800209203715161,294.829080283,268.2052538860155,True
XLRE,2020-01-07T00:00:00.000Z,30.6375948482,-0.00048338606756714864,294.0000898521,268.4214461861585,True
XLRE,2020-01-08T00:00:00.000Z,30.790420866,0.0032002076307269256,295.5669728643,268.64641578305,True
XLRE,2020-01-09T00:00:00.000Z,30.7823773914,0.010008459692820493,297.5711255544,268.87206712477,True
XLRE,2020-01-10T00:00:00.000Z,31.0799859526,0.02755380383513084,296.7148057687,269.100037039376,True
XLRE,2020-01-13T00:00:00.000Z,31.4580292599,0.052793506844398985,298.7553975986,269.3334506055645,True
XLRE,2020-01-14T00:00:00.000Z,31.3052032421,0.04656408997954253,298.2999083508,269.55663957985996,True
XLRE,2020-01-15T00:00:00.000Z,31.522377057,0.045756605036320064,298.9740324375,269.7681579667125,True
XLRE,2020-01-16T00:00:00.000Z,31.8038986688,0.06664105342685822,301.4610037302,269.99148262223645,True
XLRE,2020-01-17T00:00:00.000Z,31.844116042,0.05309421795992031,302.3993115806,270.21747835625297,True
XLRE,2020-01-21T00:00:00.000Z,32.165855027,0.0537513129855367,301.8071755585,270.437101076432,True
XLRE,2020-01-22T00:00:00.000Z,31.908463839,0.03739539749178,301.8436146983,270.650665013519,True
XLRE,2020-01-23T00:00:00.000Z,32.2141158747,0.05367008681649321,302.1897865266,270.864972028932,True
XLRE,2020-01-24T00:00:00.000Z,32.165855027,0.050709406200618146,299.5023999649,271.072487182479,True
XLRE,2020-01-27T00:00:00.000Z,32.0291159584,0.03995821363319396,294.7015432936,271.2515979381265,True
XLRE,2020-01-28T00:00:00.000Z,32.1095507046,0.03877179287066701,297.7897603934,271.44650897229695,True
XLRE,2020-01-29T00:00:00.000Z,31.9406377375,0.0341145833357237,297.5437961996,271.6314348555405,True
XLRE,2020-01-30T00:00:00.000Z,32.0130290091,0.029221618826941853,298.5094334048,271.8220420082415,True
XLRE,2020-01-31T00:00:00.000Z,31.5545509555,0.026425954998490875,293.0891113566,271.98469446727,True
XLRE,2020-02-03T00:00:00.000Z,31.586724854,0.02000000000142088,295.2663499608,272.1614209574065,True
XLRE,2020-02-04T00:00:00.000Z,31.9969420599,0.03297844715899445,299.7665837286,272.3580893660865,True
XLRE,2020-02-05T00:00:00.000Z,31.972811636,0.043580992385844786,303.2283020115,272.57094388798146,True
XLRE,2020-02-06T00:00:00.000Z,32.1095507046,0.0428422152571688,304.2485979264,272.7771812170455,True
XLRE,2020-02-07T00:00:00.000Z,32.1256376539,0.04363731382473657,302.6270562045,272.9782292808195,True
XLRE,2020-02-10T00:00:00.000Z,32.4956374866,0.04554865424196164,304.8862828733,273.191381662241,True
XLRE,2020-02-11T00:00:00.000Z,32.8897677433,0.04551265661212467,305.4146504007,273.401069599893,True
XLRE,2020-02-12T00:00:00.000Z,33.0988980835,0.057297019525105686,307.382363951,273.61853074540903,True
XLRE,2020-02-13T00:00:00.000Z,33.2999849492,0.056391936718023006,307.0544116926,273.83367864271304,True
XLRE,2020-02-14T00:00:00.000Z,33.6860717312,0.05918057663309173,307.5463400801,274.0612088892405,True
XLRE,2020-02-18T00:00:00.000Z,33.6538978327,0.05683253346750239,306.7537887891,274.2876050243765,True
XLRE,2020-02-19T00:00:00.000Z,33.1793328298,0.031507876969205206,308.2204641668,274.5085382849235,True
XLRE,2020-02-20T00:00:00.000Z,33.5493326626,0.051424250063535126,306.9542040581,274.728573039414,True
XLRE,2020-02-21T00:00:00.000Z,33.7262891043,0.04694132334662693,303.7931086787,274.9547579905945,True
XLRE,2020-02-24T00:00:00.000Z,33.2758545253,0.03450862715660019,293.7176865185,275.1323617960935,True
XLRE,2020-02-25T00:00:00.000Z,32.4393331642,0.012807634351594377,284.8174266175,275.269370526223,True
XLRE,2020-02-26T00:00:00.000Z,32.1578115524,0.0015030060135063916,283.7698013476,275.394675655572,True
XLRE,2020-02-27T00:00:00.000Z,30.339986287,-0.05011332158282966,271.0252121956,275.488764807826,True
XLRE,2020-02-28T00:00:00.000Z,29.5919431469,-0.07562814070208057,269.8864890763,275.565755965974,True
XLRE,2020-03-02T00:00:00.000Z,31.0638990033,-0.015549324498134842,281.5743431735,275.6937331393615,True
XLRE,2020-03-03T00:00:00.000Z,31.0397685794,-0.017316017318292354,273.5121834883,275.769546144534,True
XLRE,2020-03-04T00:00:00.000Z,32.2462897732,0.007792860731291373,285.0087321015,275.9111931305785,True
XLRE,2020-03-05T00:00:00.000Z,31.5062901077,-0.014591194969375665,275.5345557483,276.013955170047,True
XLRE,2020-03-06T00:00:00.000Z,30.9673773078,-0.03557114228435376,270.9796632709,276.082448570363,True
XLRE,2020-03-09T00:00:00.000Z,28.7795522097,-0.10415623435240329,249.8176328204,276.0490829416895,True
XLRE,2020-03-10T00:00:00.000Z,30.1791167945,-0.0712871287124387,262.7444176715,276.09602103294003,True
XLRE,2020-03-11T00:00:00.000Z,28.5623783948,-0.13157251161743255,249.9360600248,276.07604379176604,True
XLRE,2020-03-12T00:00:00.000Z,26.1091186341,-0.21117861482175593,226.022874518,275.948309093719,True
XLRE,2020-03-13T00:00:00.000Z,28.4015089023,-0.1471014492761109,245.3447284075,275.925624701182,True
XLRE,2020-03-16T00:00:00.000Z,23.8569457389,-0.29178605539797264,218.4981921452,275.765295293606,True
XLRE,2020-03-17T00:00:00.000Z,25.3047711715,-0.248087954111738,230.2953636619,275.6808338157375,True
XLRE,2020-03-18T00:00:00.000Z,23.5271632793,-0.2909090909094745,218.6348389195,275.54121265311653,True
XLRE,2020-03-19T00:00:00.000Z,23.1571634465,-0.30975785183604987,219.0994379522,275.377154605377,True
XLRE,2020-03-20T00:00:00.000Z,21.8460770826,-0.35225375625998856,209.7123137931,275.1552504487405,True
XLRE,2020-03-23T00:00:00.000Z,20.6410350838,-0.3796993231802239,204.3503512245,274.898275039711,True
XLRE,2020-03-24T00:00:00.000Z,22.440842542,-0.30822121316705486,222.8651621451,274.7210774338075,True
XLRE,2020-03-25T00:00:00.000Z,23.4380331607,-0.27115583961587164,226.20149441,274.5546348043335,True
XLRE,2020-03-26T00:00:00.000Z,25.2378406189,-0.16816572096758498,239.4093372498,274.45454568295446,True
XLRE,2020-03-27T00:00:00.000Z,25.3026985453,-0.14494636530988791,232.278385321,274.321091657459,True
XLRE,2020-03-30T00:00:00.000Z,25.9593850504,-0.16432302823150868,239.8217959089,274.220011688672,True
XLRE,2020-03-31T00:00:00.000Z,25.1324464885,-0.19031463059362108,236.2471541966,274.1024952834195,True
XLRE,2020-04-01T00:00:00.000Z,23.6082852176,-0.2678759204967225,225.6148865392,273.931323649472,True
XLRE,2020-04-02T00:00:00.000Z,23.9568965721,-0.23961543900578008,230.8210313921,273.772578304008,True
XLRE,2020-04-03T00:00:00.000Z,23.754215552,-0.23292775762392903,227.4846991272,273.594187954772,True
XLRE,2020-04-06T00:00:00.000Z,25.4729506022,-0.11489412981156555,242.7640010107,273.4796223591165,True
XLRE,2020-04-07T00:00:00.000Z,25.481057843,-0.15567251299932672,243.0114762061,273.368217618081,True
XLRE,2020-04-08T00:00:00.000Z,27.3943666724,-0.040893363509694414,251.1689919088,273.29922469489253,True
XLRE,2020-04-09T00:00:00.000Z,28.8050265721,0.10325541722725906,254.9911088166,273.262336270908,True
XLRE,2020-04-13T00:00:00.000Z,27.4835463213,-0.0323209088699391,252.6630088296,273.21511576200703,True
XLRE,2020-04-14T00:00:00.000Z,28.399664532,0.19041493587726355,260.1147619377,273.200506889443,True
XLRE,2020-04-15T00:00:00.000Z,27.3051870236,0.07905291213828503,254.5878159055,273.15149562283,True
XLRE,2020-04-16T00:00:00.000Z,27.126827726,0.15300035979548388,255.8160261349,273.0966240834025,True
XLRE,2020-04-17T00:00:00.000Z,28.0024097327,0.20923315143471566,262.7270001121,273.0728333463985,True
XLRE,2020-04-20T00:00:00.000Z,26.9646829099,0.2343032027190306,258.098297382,273.01520618680047,True
XLRE,2020-04-21T00:00:00.000Z,26.5674281106,0.28711704634673585,250.2615828587,272.91992945840104,True
XLRE,2020-04-22T00:00:00.000Z,27.0295408363,0.20447976878371898,255.8160261349,272.8598242589,True
XLRE,2020-04-23T00:00:00.000Z,26.7214656858,0.1400899342785098,255.7976946389,272.79795804482654,True
XLRE,2020-04-24T00:00:00.000Z,26.8187525755,0.06264053967501848,259.3631706033,272.747512488761,True
XLRE,2020-04-27T00:00:00.000Z,27.5970476925,0.09067606536482153,263.1027957793,272.712606815428,True
XLRE,2020-04-28T00:00:00.000Z,27.6213694149,0.06402248594384119,261.8929170459,272.665605968688,True
XLRE,2020-04-29T00:00:00.000Z,27.6943345821,0.10193548386832374,268.7488965353,272.652433841802,True
XLRE,2020-04-30T00:00:00.000Z,27.4997608029,0.16483516483437355,266.2466473366,272.6311268915705,True
XLRE,2020-05-01T00:00:00.000Z,26.6566077594,0.11269035532941518,259.1981871397,272.583781663242,True
XLRE,2020-05-04T00:00:00.000Z,26.6403932778,0.1215017064858197,259.9131154821,272.535093240867,True
XLRE,2020-05-05T00:00:00.000Z,26.8106453346,0.052514322085815524,262.314541453,272.5059014963825,True
XLRE,2020-05-06T00:00:00.000Z,26.3161036457,0.03277123767172796,260.5363863448,272.4645253799315,True
XLRE,2020-05-07T00:00:00.000Z,26.551213629,-0.030778336782995686,263.6802379021,272.42925843854596,True
XLRE,2020-05-08T00:00:00.000Z,27.0376480771,-0.0613566000564586,268.0431339408,272.40944437329904,True
XLRE,2020-05-11T00:00:00.000Z,26.713358445,-0.028023598821491857,268.0981284287,272.3964022378245,True
XLRE,2020-05-12T00:00:00.000Z,25.5783447326,-0.09934341992740825,262.7544973561,272.3475732773765,True
XLRE,2020-05-13T00:00:00.000Z,25.1729826925,-0.07808788598507399,258.10746313,272.277990622557,True
XLRE,2020-05-14T00:00:00.000Z,25.2054116557,-0.07083084279915253,261.1963201994,272.2271909672695,True
XLRE,2020-05-15T00:00:00.000Z,25.1162320069,-0.10306890561742077,262.3970331848,272.1972386197035,True
XLRE,2020-05-18T00:00:00.000Z,26.3404253681,-0.023150932050115203,270.3895654238,272.2189344329795,True
XLRE,2020-05-19T00:00:00.000Z,25.8296691975,-0.02776930119199783,267.6123437857,272.23676028061897,True
XLRE,2020-05-20T00:00:00.000Z,26.0728864216,-0.035392921414900136,272.158554784,272.3170208113935,True
XLRE,2020-05-21T00:00:00.000Z,25.9431705688,-0.029126213589907635,270.279576448,272.369929582305,True
XLRE,2020-05-22T00:00:00.000Z,26.5106774249,-0.011487303510210212,270.7928583349,272.424637760744,True
XLRE,2020-05-26T00:00:00.000Z,27.3538304684,-0.008813160987727553,274.1291905998,272.470536066529,True
XLRE,2020-05-27T00:00:00.000Z,27.9375518062,0.011447020839214339,278.2079484511,272.545851713421,True
XLRE,2020-05-28T00:00:00.000Z,28.2537341975,0.020199063232288594,277.6946665642,272.6346177554135,True
XLRE,2020-05-29T00:00:00.000Z,28.0915893815,0.021521226415089023,278.9320425416,272.70935792114756,True
XLRE,2020-06-01T00:00:00.000Z,28.6509889969,0.0748175182491746,280.0594295432,272.828761883644,True
XLRE,2020-06-02T00:00:00.000Z,28.8374555353,0.08247108946889514,282.3783637823,272.956376685392,True
XLRE,2020-06-03T00:00:00.000Z,29.5265710036,0.1013002721532783,286.1363204543,273.0838318116135,True
XLRE,2020-06-04T00:00:00.000Z,28.975278629,0.10104744300680335,285.3847291199,273.19182800094245,True
XLRE,2020-06-05T00:00:00.000Z,30.0373271741,0.13129770992058787,292.6989960083,273.3465019027865,True
XLRE,2020-06-08T00:00:00.000Z,30.6940136792,0.13523238381066238,296.2369747287,273.5082179070485,True
XLRE,2020-06-09T00:00:00.000Z,30.3372950838,0.1356600910462571,294.0280294654,273.6592952448275,True
XLRE,2020-06-10T00:00:00.000Z,29.7697882276,0.16386687797111188,292.3873605769,273.8360526753635,True
XLRE,2020-06-11T00:00:00.000Z,27.9294445654,0.1095008051517572,275.5315500408,273.914318959054,True
XLRE,2020-06-12T00:00:00.000Z,28.8131338129,0.1431328401408647,278.8312193138,274.014181895905,True
XLRE,2020-06-15T00:00:00.000Z,29.177959649,0.1617172369240798,281.4342917403,274.1179464075195,True
XLRE,2020-06-16T00:00:00.000Z,29.6643940972,0.12619267466825135,286.8512487967,274.23214725125104,True
XLRE,2020-06-17T00:00:00.000Z,29.3157827427,0.13496547394952385,285.6597015593,274.340976889666,True
XLRE,2020-06-18T00:00:00.000Z,28.9509569066,0.11038557214040057,285.769690535,274.458071609792,True
XLRE,2020-06-19T00:00:00.000Z,28.6590962377,0.10468749999918092,284.1439086544,274.55214855996104,True
XLRE,2020-06-22T00:00:00.000Z,28.578387034,0.07799535168263616,285.9667603234,274.638285255477,True
XLRE,2020-06-23T00:00:00.000Z,28.4721780485,0.04088449628259361,287.2832643067,274.729966762447,True
XLRE,2020-06-24T00:00:00.000Z,27.7450549936,-0.006890253445804073,279.9550323442,274.78433034321546,True
XLRE,2020-06-25T00:00:00.000Z,28.0391721843,-0.007594111691578975,282.956293173,274.854016052443,True
XLRE,2020-06-26T00:00:00.000Z,27.5571467884,-0.019025003741937163,276.2356784336,274.8805337230115,True
XLRE,2020-06-29T00:00:00.000Z,28.0310022624,-0.021639278649930094,280.295666242,274.92265908565946,True
XLRE,2020-06-30T00:00:00.000Z,28.4394983606,-0.013800009997860574,283.8861316507,274.983639130536,True
XLRE,2020-07-01T00:00:00.000Z,29.2156409473,-0.010530516945638335,285.8746971078,275.0587579543085,True
XLRE,2020-07-02T00:00:00.000Z,29.1176018837,0.004911885629205193,287.4489780947,275.1383192333125,True
XLRE,2020-07-06T00:00:00.000Z,29.1502815716,-0.02953144257338791,291.8864250871,275.239255627612,True
XLRE,2020-07-07T00:00:00.000Z,28.6764260976,-0.06573228261011799,288.8759579367,275.325229921678,True
XLRE,2020-07-08T00:00:00.000Z,28.6600862537,-0.05528537812837586,291.0854751113,275.428642195314,True
XLRE,2020-07-09T00:00:00.000Z,28.5620471901,-0.0405693526694384,289.4283372303,275.52408606886047,True
XLRE,2020-07-10T00:00:00.000Z,28.594726878,0.02382010537453283,292.3835664514,275.6449126170715,True
XLRE,2020-07-13T00:00:00.000Z,28.1453811699,-0.023175286913811433,289.8518280221,275.74514824023953,True
XLRE,2020-07-14T00:00:00.000Z,28.4231585167,-0.025868879845608816,293.608007219,275.8669750361895,True
XLRE,2020-07-15T00:00:00.000Z,28.5538772681,-0.03743601927149498,296.3054594363,276.0095414204455,True
XLRE,2020-07-16T00:00:00.000Z,28.2189104676,-0.03741575944695308,295.3295893508,276.1410186490925,True
XLRE,2020-07-17T00:00:00.000Z,28.6110667219,-0.011740205541272308,296.185777256,276.2927772641935,True
XLRE,2020-07-20T00:00:00.000Z,28.341459297,-0.011083285322939007,298.5794208618,276.4799835066975,True
XLRE,2020-07-21T00:00:00.000Z,28.349629219,-0.008004574041489576,299.2146570495,276.659668747491,True
XLRE,2020-07-22T00:00:00.000Z,28.6927659415,0.0077474892375373194,300.9178265383,276.830056306995,True
XLRE,2020-07-23T00:00:00.000Z,28.5457073462,0.028857479388117557,297.3273611296,276.988248074186,True
XLRE,2020-07-24T00:00:00.000Z,28.4313284387,0.01398601398865762,295.4124462449,277.1574890724845,True
XLRE,2020-07-27T00:00:00.000Z,28.7662952392,0.043877853541389955,297.5667254901,277.3250818566455,True
XLRE,2020-07-28T00:00:00.000Z,29.3463596988,0.04692509472500683,295.6794295702,277.4743087333175,True
XLRE,2020-07-29T00:00:00.000Z,29.9019143924,0.05142200517242701,299.3159265867,277.627938673355,True
XLRE,2020-07-30T00:00:00.000Z,29.6568167334,0.015100671140359623,298.2479932856,277.77772473937597,True
XLRE,2020-07-31T00:00:00.000Z,29.6241370456,0.017396184064991882,300.6048116052,277.926014072774,True
XLRE,2020-08-03T00:00:00.000Z,29.1502815716,0.0,302.6946465995,278.0869282793095,True
XLRE,2020-08-04T00:00:00.000Z,29.5832874357,0.03162393162291233,303.8638494378,278.2496997200655,True
XLRE,2020-08-05T00:00:00.000Z,29.3626995427,0.02451539338648323,305.7511453577,278.42784548333196,True
XLRE,2020-08-06T00:00:00.000Z,29.4198889964,0.030034324941432766,307.7949487442,278.6070542004165,True
XLRE,2020-08-07T00:00:00.000Z,29.8202151727,0.042857142854644925,308.0159004617,278.7918097265105,True
XLRE,2020-08-10T00:00:00.000Z,29.7711956409,0.05776487663058272,308.9365326178,278.977224960459,True
XLRE,2020-08-11T00:00:00.000Z,29.1993011034,0.027306697327250884,306.3863815454,279.1476684138345,True
XLRE,2020-08-12T00:00:00.000Z,29.5669475918,0.03547925608098734,310.6581147497,279.33389530668154,True
XLRE,2020-08-13T00:00:00.000Z,29.2238108693,0.03561088592891615,310.0965291345,279.5096086737815,True
XLRE,2020-08-14T00:00:00.000Z,29.297340167,0.023986293547548998,310.105735456,279.6857760158955,True
XLRE,2020-08-17T00:00:00.000Z,29.5587776698,0.04295185932535439,311.090811863,279.862653324848,True
XLRE,2020-08-18T00:00:00.000Z,29.526097982,0.041498559078561925,311.762873337,280.0465624318255,True
XLRE,2020-08-19T00:00:00.000Z,28.9215237566,0.007972665150735248,310.4647819969,280.211244182423,True
XLRE,2020-08-20T00:00:00.000Z,29.2319807912,0.024041213506357906,311.4314457608,280.37518402529,True
XLRE,2020-08-21T00:00:00.000Z,29.3300198548,0.03160919539998441,312.5362043481,280.5461887806275,True
XLRE,2020-08-24T00:00:00.000Z,29.3708694647,0.021016756606048625,315.703178965,280.7327111197335,True
XLRE,2020-08-25T00:00:00.000Z,29.4607386063,0.003897550110948833,316.8079375523,280.91986193090304,True
XLRE,2020-08-26T00:00:00.000Z,29.2564905571,-0.021584699455364675,319.9841184908,281.1194487913355,True
XLRE,2020-08-27T00:00:00.000Z,29.6486468115,-0.0002754820914679934,320.6837989295,281.3252083496235,True
XLRE,2020-08-28T00:00:00.000Z,29.8774046265,0.008549365691569166,322.7552212806,281.5383787617345,True
XLRE,2020-08-31T00:00:00.000Z,29.6159671236,0.015975336322435307,321.5860184424,281.745249889203,True
XLRE,2020-09-01T00:00:00.000Z,29.5669475918,-0.0005523336084779507,324.6148982359,281.9652256986085,True
XLRE,2020-09-02T00:00:00.000Z,30.228711271,0.029493600445034795,329.310122232,282.198524369887,True
XLRE,2020-09-03T00:00:00.000Z,29.7221761092,0.01027492363540139,317.9771403906,282.37411560992047,True
XLRE,2020-09-04T00:00:00.000Z,29.6159671236,-0.006849315067551376,315.3809577104,282.5371338799595,True
XLRE,2020-09-08T00:00:00.000Z,29.2401507132,-0.017837541162453174,306.7638407294,282.6623245023275,True
XLRE,2020-09-09T00:00:00.000Z,29.5587776698,0.012311135979831578,312.8216003165,282.82007027488703,True
XLRE,2020-09-10T00:00:00.000Z,29.1421116496,-0.014368610113741465,307.3898705956,282.9475298327285,True
XLRE,2020-09-11T00:00:00.000Z,29.044072586,-0.006150405369917622,307.5463780621,283.064848110028,True
XLRE,2020-09-14T00:00:00.000Z,29.754855797,0.015616285553298637,311.5971595489,283.199202074558,True
XLRE,2020-09-15T00:00:00.000Z,30.1470120513,0.019900497512824744,313.1714405358,283.33508165770496,True
XLRE,2020-09-16T00:00:00.000Z,30.3430901785,0.027670171554604384,311.9285871251,283.470050238078,True
XLRE,2020-09-17T00:00:00.000Z,29.6731565774,0.025988700565213962,309.1851032999,283.60340372037297,True
XLRE,2020-09-18T00:00:00.000Z,29.0849221959,-0.005030743429616402,305.6399550885,283.7285048140415,True
XLRE,2020-09-21T00:00:00.000Z,28.311208527,-0.03473612813232596,302.2383067149,283.8279402002235,True
XLRE,2020-09-22T00:00:00.000Z,28.6482467237,-0.02460338267712836,305.3164287486,283.940227882047,True
XLRE,2020-09-23T00:00:00.000Z,27.8262023414,-0.05548184947917323,298.2358237101,284.004194330818,True
XLRE,2020-09-24T00:00:00.000Z,27.9577294426,-0.044392238773997894,299.0307741452,284.076622909232,True
XLRE,2020-09-25T00:00:00.000Z,28.5002787349,-0.03873256286875715,303.865182024,284.17480997361895,True
XLRE,2020-09-28T00:00:00.000Z,28.9935053643,-0.029584204961900173,308.9121929261,284.294197985501,True
XLRE,2020-09-29T00:00:00.000Z,28.8455373755,-0.026013999302628488,307.2298559587,284.3928906833175,True
XLRE,2020-09-30T00:00:00.000Z,28.9935053643,-0.019394705040808424,309.5592456058,284.50236911551195,True
XLRE,2020-10-01T00:00:00.000Z,29.470291106,-0.025089397897276267,311.5466216937,284.61190313230946,True
XLRE,2020-10-02T00:00:00.000Z,29.9470768478,0.0075667655616367124,308.5886665862,284.7063300842535,True
XLRE,2020-10-05T00:00:00.000Z,30.1114857243,0.016731467813696277,314.060883535,284.8280274668515,True
XLRE,2020-10-06T00:00:00.000Z,29.8566519657,0.021084065487449566,309.5962200447,284.92146368908647,True
XLRE,2020-10-07T00:00:00.000Z,29.938856404,0.012858404987034389,314.9852445061,285.03549924731146,True
XLRE,2020-10-08T00:00:00.000Z,30.4403034772,0.04454693754554406,317.7768146388,285.161260758886,True
XLRE,2020-10-09T00:00:00.000Z,30.358099039,0.04524249996652996,320.61460282,285.301165662442,True
XLRE,2020-10-12T00:00:00.000Z,30.5142874716,0.02552294925511167,325.7725370386,285.45907137095446,True
XLRE,2020-10-13T00:00:00.000Z,29.9963995107,-0.004995935927039952,323.6465068051,285.6067113196975,True
XLRE,2020-10-14T00:00:00.000Z,29.6511408702,-0.02280418059694822,321.6129126688,285.75229100636903,True
XLRE,2020-10-15T00:00:00.000Z,29.7908884152,0.003967620953736706,321.2154374512,285.89233050082,True
XLRE,2020-10-16T00:00:00.000Z,29.6840226455,0.02059831707868387,321.0213216473,286.017689189894,True
XLRE,2020-10-19T00:00:00.000Z,29.2154573475,0.03193960510861382,316.14069572,286.1298497848265,True
XLRE,2020-10-20T00:00:00.000Z,29.4127479993,0.026685796271348927,317.4070702503,286.242739734663,True
XLRE,2020-10-21T00:00:00.000Z,29.3058822296,0.053175775481173915,316.8062356191,286.356770463498,True
XLRE,2020-10-22T00:00:00.000Z,29.100371134,0.04087033225448278,318.5440342448,286.4716557704005,True
XLRE,2020-10-23T00:00:00.000Z,29.2894413419,0.027689645225596804,319.6255365809,286.581927825533,True
XLRE,2020-10-26T00:00:00.000Z,28.9359622575,-0.0019846895391563146,313.7188699757,286.666948146568,True
XLRE,2020-10-27T00:00:00.000Z,28.5660422855,-0.0096893701913624,312.6373676395,286.7363579967725,True
XLRE,2020-10-28T00:00:00.000Z,27.9330681111,-0.036574992912230875,301.9517548138,286.7546172290875,True
XLRE,2020-10-29T00:00:00.000Z,28.2536654202,-0.041283124127413195,305.0206332378,286.784850233089,True
XLRE,2020-10-30T00:00:00.000Z,28.0728156561,-0.0625857809503596,301.8408314973,286.78674937192454,True
XLRE,2020-11-02T00:00:00.000Z,28.7633329373,-0.04477204477200669,305.2239926515,286.800872777279,True
XLRE,2020-11-03T00:00:00.000Z,29.2154573475,-0.02147577092490538,310.6130171129,286.844901985051,True
XLRE,2020-11-04T00:00:00.000Z,29.2976617858,-0.021416803953618335,317.5549680057,286.923458751588,True
XLRE,2020-11-05T00:00:00.000Z,29.4045275555,-0.03402646502771578,323.748186512,287.031250751515,True
XLRE,2020-11-06T00:00:00.000Z,29.2894413419,-0.03520173301125107,323.6742376343,287.152109939862,True
XLRE,2020-11-09T00:00:00.000Z,30.0621630613,-0.014816810345671505,327.741425907,287.317309352929,True
XLRE,2020-11-10T00:00:00.000Z,30.2265719378,0.007673335162038164,327.2607582021,287.4646643419725,True
XLRE,2020-11-11T00:00:00.000Z,30.4567443648,0.02716939284483466,329.691827556,287.6254044987545,True
XLRE,2020-11-12T00:00:00.000Z,30.1443674995,0.011865342160109815,326.4935385961,287.765325024711,True
XLRE,2020-11-13T00:00:00.000Z,30.8348847807,0.038770423703825996,331.0136637447,287.9549477866515,True
XLRE,2020-11-16T00:00:00.000Z,31.0321754325,0.0621834552644942,335.1455572854,288.15434382327453,True
XLRE,2020-11-17T00:00:00.000Z,31.0486163201,0.05561766349879771,333.3430533918,288.3222261715905,True
XLRE,2020-11-18T00:00:00.000Z,30.5225079154,0.04151472650672017,329.3313267773,288.4527412954195,True
XLRE,2020-11-19T00:00:00.000Z,30.5718305784,0.050564971753256804,330.7178682339,288.585087646957,True
XLRE,2020-11-20T00:00:00.000Z,30.3663194828,0.036766769578478575,328.4531838548,288.71421828520846,True
XLRE,2020-11-23T00:00:00.000Z,30.2676741569,0.0460227272744258,330.4220727232,288.84189723445803,True
XLRE,2020-11-24T00:00:00.000Z,30.2512332693,0.0589928057571838,335.7463919166,288.9935559420375,True
XLRE,2020-11-25T00:00:00.000Z,30.3252172637,0.08563861094977288,335.2287497728,289.1327878711465,True
XLRE,2020-11-27T00:00:00.000Z,30.2676741569,0.07128309572392966,336.1623543536,289.27832758445146,True
XLRE,2020-11-30T00:00:00.000Z,30.0046199546,0.06881405563891962,334.6741331902,289.413966550002,True
XLRE,2020-12-01T00:00:00.000Z,30.3827603704,0.0563018005121354,338.3346026356,289.5718706192345,True
XLRE,2020-12-02T00:00:00.000Z,30.0621630613,0.028981429375859236,339.0463605834,289.72600010131754,True
XLRE,2020-12-03T00:00:00.000Z,30.2841150445,0.033670033667263954,338.9539244863,289.8859987034585,True
XLRE,2020-12-04T00:00:00.000Z,30.6869167919,0.04361196533355405,341.8749051549,290.0764076858395,True
XLRE,2020-12-07T00:00:00.000Z,30.3827603704,0.03732809430325146,341.1723908169,290.3136812073315,True
XLRE,2020-12-08T00:00:00.000Z,30.2430128254,0.006015859994213502,342.1707006656,290.600447577572,True
XLRE,2020-12-09T00:00:00.000Z,29.9635177354,-0.008702746806396378,339.1018222416,290.877107682042,True
XLRE,2020-12-10T00:00:00.000Z,29.799108859,-0.021592442643346144,338.9908989251,291.2169361156895,True
XLRE,2020-12-11T00:00:00.000Z,29.8155497466,-0.010908099262837534,338.5934237075,291.56047078884546,True
XLRE,2020-12-14T00:00:00.000Z,29.6018182072,-0.03998933617782785,337.077471715,291.837986431553,True
XLRE,2020-12-15T00:00:00.000Z,30.1197061681,-0.029403973510808812,341.6345713024,292.1785983706235,True
XLRE,2020-12-16T00:00:00.000Z,30.1279266119,-0.029653163886854683,342.1707006656,292.464408213444,True
XLRE,2020-12-17T00:00:00.000Z,30.4814056963,-0.0013466199833225279,344.0841278758,292.8071560740815,True
XLRE,2020-12-18T00:00:00.000Z,29.9552972916,-0.020166711483596944,342.7160736386,293.16583812592,True
XLRE,2020-12-21T00:00:00.000Z,29.6891735756,-0.02229924201329525,341.4906951858,293.62420343774704,True
XLRE,2020-12-22T00:00:00.000Z,29.8973725487,-0.012234227389935848,340.9151386398,294.0150570425885,True
XLRE,2020-12-23T00:00:00.000Z,29.6142219452,-0.021057367097375823,341.221483253,294.4714841587295,True
XLRE,2020-12-24T00:00:00.000Z,29.9057005077,-0.01383392416786311,342.5489765768,295.05411466902353,True
XLRE,2020-12-28T00:00:00.000Z,30.1472113165,-0.003979917312957326,345.4917414976,295.554849734474,True
XLRE,2020-12-29T00:00:00.000Z,29.9140284666,-0.003019251306534465,344.8326364207,296.1865219558515,True
XLRE,2020-12-30T00:00:00.000Z,30.0805876451,-0.009945532322151562,345.3246444358,296.761668359721,True
XLRE,2020-12-31T00:00:00.000Z,30.4470178379,0.012801965574308127,347.0791635841,297.403889983044,True
XLRE,2021-01-04T00:00:00.000Z,29.4643186845,-0.02707017718019411,342.3540300048,298.020162943307,True
XLRE,2021-01-05T00:00:00.000Z,29.4310068488,-0.04092656005869921,344.7119552094,298.69516115038846,True
XLRE,2021-01-06T00:00:00.000Z,29.289431547,-0.035985170868976124,346.7728189709,299.4072734891205,True
XLRE,2021-01-07T00:00:00.000Z,29.3810390952,-0.028501582668908676,351.9249783747,300.05257257026847,True
XLRE,2021-01-08T00:00:00.000Z,29.6975015345,-0.008878003018508052,353.9301431157,300.691215813797,True
XLRE,2021-01-11T00:00:00.000Z,29.1978239988,-0.020177947704580368,351.5443684008,301.251890969552,True
XLRE,2021-01-12T00:00:00.000Z,29.2228078756,-0.019880293203971222,351.6186337615,301.8485922117545,True
XLRE,2021-01-13T00:00:00.000Z,29.6225499041,0.0007003521457664696,352.5655171114,302.412310817767,True
XLRE,2021-01-14T00:00:00.000Z,29.8057650005,-0.010423115213935796,351.3308554885,302.9877293242265,True
XLRE,2021-01-15T00:00:00.000Z,30.2638027415,0.0045099728019892815,348.7687005418,303.6034983942395,True
XLRE,2021-01-19T00:00:00.000Z,30.0639317273,-0.013696020884321425,351.5072357204,304.206929415881,True
XLRE,2021-01-20T00:00:00.000Z,30.6885286468,0.024477518886304228,356.3716168512,304.85136400450097,True
XLRE,2021-01-21T00:00:00.000Z,30.5885931397,0.03029453015287653,356.6965278046,305.4210266384705,True
XLRE,2021-01-22T00:00:00.000Z,30.66354477,0.025626740946950388,355.4340166714,305.983139340797,True
XLRE,2021-01-25T00:00:00.000Z,30.9383674146,0.044713160853939726,356.835775356,306.511473258033,True
XLRE,2021-01-26T00:00:00.000Z,31.2548298539,0.04511278195448498,356.2787851502,307.017911639701,True
XLRE,2021-01-27T00:00:00.000Z,30.8550878254,0.023480662986316236,347.5711715993,307.4924524535495,True
XLRE,2021-01-28T00:00:00.000Z,30.9383674146,0.034242761691014145,350.5603523705,307.94468040571354,True
XLRE,2021-01-29T00:00:00.000Z,30.6135770165,0.017718715395070417,343.5422757772,308.389452705072,True
XLRE,2021-02-01T00:00:00.000Z,31.3047976074,0.028172866520682627,349.2607085569,308.856676117182,True
XLRE,2021-02-02T00:00:00.000Z,31.4380449503,0.06698699830579491,354.1993550485,309.314037891864,True
XLRE,2021-02-03T00:00:00.000Z,31.3131255664,0.06395019807746549,354.4778501514,309.795935655711,True
XLRE,2021-02-04T00:00:00.000Z,31.4880127038,0.07506397497923412,358.5067459735,310.337161471285,True
XLRE,2021-02-05T00:00:00.000Z,31.5962761699,0.07539682539893255,359.9177878282,310.8576702797515,True
XLRE,2021-02-08T00:00:00.000Z,31.6628998413,0.06618059450276559,362.5170754553,311.39126718383346,True
XLRE,2021-02-09T00:00:00.000Z,31.8044751431,0.08927552766970348,362.2757130328,311.905829895981,True
XLRE,2021-02-10T00:00:00.000Z,32.0210020752,0.09575377600645951,362.1178991412,312.4009054127905,True
XLRE,2021-02-11T00:00:00.000Z,31.9627063627,0.07899915659441947,362.7027388573,312.9049545218475,True
XLRE,2021-02-12T00:00:00.000Z,31.9543784038,0.07208717519124086,364.494390686,313.383681992601,True
XLRE,2021-02-16T00:00:00.000Z,31.6129320877,0.04457897633432473,364.1787629027,313.8733425704315,True
XLRE,2021-02-17T00:00:00.000Z,31.6379159645,0.052354570635573916,364.2623114336,314.398663191901,True
XLRE,2021-02-18T00:00:00.000Z,31.6212600467,0.030393487111584294,362.7120220274,314.9126577246275,True
XLRE,2021-02-19T00:00:00.000Z,31.7211955538,0.03702695344396312,362.0714832907,315.411442433816,True
XLRE,2021-02-22T00:00:00.000Z,31.9044106502,0.04046713742678598,359.2865322616,315.9051931634,True
XLRE,2021-02-23T00:00:00.000Z,32.0210020752,0.034993270526908926,359.7228412562,316.3854061801705,True
XLRE,2021-02-24T00:00:00.000Z,32.1709053359,0.02930988542513835,363.6867548875,316.863624284904,True
XLRE,2021-02-25T00:00:00.000Z,31.6462439234,0.025641025638200254,354.923442316,317.2977508543405,True
XLRE,2021-02-26T00:00:00.000Z,31.0965986343,0.0051144010793966466,353.0946578069,317.7494516565945,True
XLRE,2021-03-01T00:00:00.000Z,31.12991047,0.01686615886871734,361.6537406363,318.267183044126,True
XLRE,2021-03-02T00:00:00.000Z,30.9383674146,-0.011705240755601753,358.8316569269,318.7553597277635,True
XLRE,2021-03-03T00:00:00.000Z,30.555281304,-0.02807947019910262,354.0786738372,319.21376793102553,True
XLRE,2021-03-04T00:00:00.000Z,30.3304264129,-0.03138297872616291,349.6970175515,319.610305191664,True
XLRE,2021-03-05T00:00:00.000Z,30.6802006879,-0.02565458873187354,356.1302544286,320.05289474487853,True
XLRE,2021-03-08T00:00:00.000Z,30.8301039486,-0.024248813916555423,354.3571689401,320.463887815659,True
XLRE,2021-03-09T00:00:00.000Z,31.1798782235,-0.015255128880203306,359.416496643,320.909572416634,True
XLRE,2021-03-10T00:00:00.000Z,31.4880127038,-0.00995024875826811,361.6537406363,321.363876828141,True
XLRE,2021-03-11T00:00:00.000Z,31.9543784038,-0.002080624186699076,365.3205928246,321.81983383926496,True
XLRE,2021-03-12T00:00:00.000Z,32.504023693,0.016935904117672207,365.8126008397,322.257857101208,True
XLRE,2021-03-15T00:00:00.000Z,32.8704538858,0.028668230388454896,367.9941458125,322.7093544974495,True
XLRE,2021-03-16T00:00:00.000Z,32.8704538858,0.03977871443912284,367.5299873077,323.15234422128,True
XLRE,2021-03-17T00:00:00.000Z,32.8204861322,0.03737825743727652,368.7832152708,323.595963149918,True
XLRE,2021-03-18T00:00:00.000Z,32.612287159,0.03134053199766207,363.4175429547,324.00115904578,True
XLRE,2021-03-19T00:00:00.000Z,32.1792332948,0.014439485429329268,362.7471012705,324.38421294986097,True
XLRE,2021-03-22T00:00:00.000Z,32.5309429874,0.019637796919971473,365.6436389232,324.7855074988775,True
XLRE,2021-03-23T00:00:00.000Z,32.6318662852,0.019076986053259803,362.7657285223,325.1358411614475,True
XLRE,2021-03-24T00:00:00.000Z,32.4888916133,0.009884281280861273,360.9216305956,325.45926444078196,True
XLRE,2021-03-25T00:00:00.000Z,32.7664306822,0.03539714733639232,362.9520010402,325.803884298656,True
XLRE,2021-03-26T00:00:00.000Z,33.5654067897,0.07939158183933559,368.8009581008,326.18595228627555,True
XLRE,2021-03-29T00:00:00.000Z,33.4897143164,0.07580503158446761,368.614685583,326.6513679639865,True
XLRE,2021-03-30T00:00:00.000Z,33.3467396445,0.07784419254014918,367.6367548642,327.0953956417385,True
XLRE,2021-03-31T00:00:00.000Z,33.2121752475,0.08695367314953129,369.1269350071,327.5338588580725,True
XLRE,2021-04-01T00:00:00.000Z,33.7420225609,0.112480982019725,373.1131668892,327.965168448535,True
XLRE,2021-04-05T00:00:00.000Z,33.918638332,0.10555464343416787,378.4685017775,328.429212449626,True
XLRE,2021-04-06T00:00:00.000Z,34.0027410801,0.10290711756241322,378.2449747561,328.8915888707315,True
XLRE,2021-04-07T00:00:00.000Z,34.0447924542,0.09188343232658092,378.682715173,329.36428290332447,True
XLRE,2021-04-08T00:00:00.000Z,33.8765869579,0.07585662126628101,380.4802449703,329.836850326559,True
XLRE,2021-04-09T00:00:00.000Z,33.9270486068,0.06173395639470214,383.2463918605,330.3166659643281,True
XLRE,2021-04-12T00:00:00.000Z,34.1288952024,0.04998985740186779,383.3860962489,330.8338212838515,True
XLRE,2021-04-13T00:00:00.000Z,34.330741798,0.044425547553234024,384.5223586078,331.34165161102544,True
XLRE,2021-04-14T00:00:00.000Z,34.1204849276,0.03802901676207182,383.2091373569,331.876518905642,True
XLRE,2021-04-15T00:00:00.000Z,34.7680760884,0.059340679731408,387.3257600015,332.4116693744395,True
XLRE,2021-04-16T00:00:00.000Z,34.8185377373,0.06765090002867646,388.6203540006,332.9353404861889,True
XLRE,2021-04-19T00:00:00.000Z,34.9278713099,0.08541651660619776,386.7110606926,333.439522304113,True
XLRE,2021-04-20T00:00:00.000Z,35.3147439514,0.08557394002006724,383.8797184212,333.92167600574544,True
XLRE,2021-04-21T00:00:00.000Z,35.4745391729,0.08711340206089546,387.5120325193,334.39980404290645,True
XLRE,2021-04-22T00:00:00.000Z,35.3231542262,0.08723789800633708,383.9728546801,334.8752885266235,True
XLRE,2021-04-23T00:00:00.000Z,35.5250008218,0.08418891170525211,388.1360454541,335.36054137833753,True
XLRE,2021-04-26T00:00:00.000Z,35.6006932951,0.06063643197151891,388.9463309068,335.85813134672,True
XLRE,2021-04-27T00:00:00.000Z,35.6006932951,0.0630336514296943,388.8625082738,336.34052605583196,True
XLRE,2021-04-28T00:00:00.000Z,35.4745391729,0.06380832282507565,388.7507447631,336.83502063953705,True
XLRE,2021-04-29T00:00:00.000Z,35.7352576922,0.07596859964449099,391.2281692505,337.3231214496945,True
XLRE,2021-04-30T00:00:00.000Z,35.970745387,0.06605184446419732,388.6576085041,337.7848821950335,True
XLRE,2021-05-03T00:00:00.000Z,35.7773090663,0.054797917183676104,389.4958348345,338.255713422452,True
XLRE,2021-05-04T00:00:00.000Z,35.5586419211,0.04575810042298567,387.0929193542,338.710249132943,True
XLRE,2021-05-05T00:00:00.000Z,35.0372048825,0.029150197629639774,387.2139964908,339.15342201108797,True
XLRE,2021-05-06T00:00:00.000Z,35.2054103788,0.039225422045951364,390.3061202872,339.6088793272765,True
XLRE,2021-05-07T00:00:00.000Z,35.6343343944,0.05032226078332691,393.1467761844,340.07002407550704,True
XLRE,2021-05-10T00:00:00.000Z,35.7941296159,0.048792508624272424,389.2536805613,340.5296556726655,True
XLRE,2021-05-11T00:00:00.000Z,35.3736158751,0.03037726604441615,385.7796981033,340.9814919319575,True
XLRE,2021-05-12T00:00:00.000Z,34.5157678439,0.011584914960580006,377.5837073177,341.3815768410955,True
XLRE,2021-05-13T00:00:00.000Z,34.9531021343,0.0053217223015034065,382.1194431274,341.8137769088815,True
XLRE,2021-05-14T00:00:00.000Z,35.2811028521,0.013285024152650315,387.9870274399,342.2571324131475,True
XLRE,2021-05-17T00:00:00.000Z,35.2979234018,0.010594750782739748,386.9997830952,342.7008913621955,True
XLRE,2021-05-18T00:00:00.000Z,35.3652056003,0.0014289116457830708,383.6655050256,343.1161948292975,True
XLRE,2021-05-19T00:00:00.000Z,35.2306412033,-0.006875296347367943,382.6596334292,343.516019763446,True
XLRE,2021-05-20T00:00:00.000Z,35.6679754937,0.009761904763426532,386.7762560738,343.930581796626,True
XLRE,2021-05-21T00:00:00.000Z,35.60910357,0.002367424243615801,386.4595927935,344.334124033805,True
XLRE,2021-05-24T00:00:00.000Z,35.9959762115,0.01110323647698186,390.3992565461,344.7471455728145,True
XLRE,2021-05-25T00:00:00.000Z,36.0968995093,0.013938105364602382,389.5330893381,345.1547315171966,True
XLRE,2021-05-26T00:00:00.000Z,36.1810022574,0.01991465149291316,390.3061202872,345.5615794555435,True
XLRE,2021-05-27T00:00:00.000Z,36.1389508834,0.011296775713138807,390.5110200568,345.9822026481005,True
XLRE,2021-05-28T00:00:00.000Z,36.382848853,0.011456628478678565,391.2095419988,346.384959784346,True
XLRE,2021-06-01T00:00:00.000Z,37.0052091894,0.0343206393981319,390.8649378407,346.788801827877,True
XLRE,2021-06-02T00:00:00.000Z,37.5182359531,0.05510879848415162,391.4796371496,347.195671336345,True
XLRE,2021-06-03T00:00:00.000Z,37.4425434798,0.06865098415716919,390.0267115104,347.590350834582,True
XLRE,2021-06-04T00:00:00.000Z,37.4761845791,0.06450071667584978,393.5938302273,347.9995056190335,True
XLRE,2021-06-07T00:00:00.000Z,37.8294161213,0.06160018881242135,393.2119715657,348.4132415668775,True
XLRE,2021-06-08T00:00:00.000Z,38.0312627169,0.06250000000017475,393.2957941987,348.822563309067,True
XLRE,2021-06-09T00:00:00.000Z,38.073314091,0.0763195435104036,392.7090357675,349.22342746616397,True
XLRE,2021-06-10T00:00:00.000Z,38.4601867325,0.11427875243682561,394.5345064425,349.61758410355156,True
XLRE,2021-06-11T00:00:00.000Z,38.2162887628,0.09335899903710643,395.186460255,350.00947671706496,True
XLRE,2021-06-14T00:00:00.000Z,38.4349559081,0.0893921334948371,396.0712547148,350.38991239818495,True
XLRE,2021-06-15T00:00:00.000Z,38.0817243658,0.07886585656362,395.3447918951,350.7632173630129,True
XLRE,2021-06-16T00:00:00.000Z,37.7369030983,0.06706302021272226,393.1374625586,351.115128569403,True
XLRE,2021-06-17T00:00:00.000Z,37.8798777702,0.07519694437613134,393.0070717961,351.4722338361715,True
XLRE,2021-06-18T00:00:00.000Z,37.2827482583,0.045272341428103324,387.7224040442,351.78777136521296,True
XLRE,2021-06-21T00:00:00.000Z,38.018961849,0.06767534246580298,393.2730429144,352.107585968625,True
XLRE,2021-06-22T00:00:00.000Z,37.8496877535,0.05149774327853285,395.3755576379,352.4945780548615,True
XLRE,2021-06-23T00:00:00.000Z,37.7311958866,0.04527525631055762,394.8989876339,352.89216820447905,True
XLRE,2021-06-24T00:00:00.000Z,37.5534580863,0.037933051692046194,397.2351151046,353.34452457635496,True
XLRE,2021-06-25T00:00:00.000Z,37.8242966391,0.046635159972896245,398.6461360968,353.7736472552565,True
XLRE,2021-06-28T00:00:00.000Z,37.8412240487,0.04008413968879587,399.4497639467,354.23394672201204,True
XLRE,2021-06-29T00:00:00.000Z,37.8158329344,0.021905665790215245,399.664687674,354.6945382700715,True
XLRE,2021-06-30T00:00:00.000Z,37.5196032672,3.6443986910938975e-05,400.0010900298,355.13655792247596,True
XLRE,2021-07-01T00:00:00.000Z,37.6719499532,0.0061268934233531525,402.2157388719,355.5817794141565,True
XLRE,2021-07-02T00:00:00.000Z,37.8496877535,0.009966414099910725,405.2900826233,356.0485868916475,True
XLRE,2021-07-06T00:00:00.000Z,38.1882359445,0.009485206487180431,404.5518663425,356.5254207068605,True
XLRE,2021-07-07T00:00:00.000Z,38.3829011543,0.009246036346927333,405.9815763546,357.027128813191,True
XLRE,2021-07-08T00:00:00.000Z,38.3490463352,0.007242139298432537,402.6736198562,357.52930537889756,True
XLRE,2021-07-09T00:00:00.000Z,38.8568686217,0.010314091607485532,406.9720944021,358.037583707165,True
XLRE,2021-07-12T00:00:00.000Z,39.1954168127,0.02562069948699719,408.4298379438,358.5885537783335,True
XLRE,2021-07-13T00:00:00.000Z,38.6875945262,0.006573147077469699,407.0375059713,359.1285874374639,True
XLRE,2021-07-14T00:00:00.000Z,39.0261427172,0.02479977908374753,407.6448991137,359.6474860229125,True
XLRE,2021-07-15T00:00:00.000Z,39.0853886506,0.035733869013770514,406.2525671412,360.134187893988,True
XLRE,2021-07-16T00:00:00.000Z,39.1277071745,0.03294174843620201,403.0660892712,360.61336906055044,True
XLRE,2021-07-19T00:00:00.000Z,38.5183204307,0.03314058727215552,397.1136364761,361.05114101490204,True
XLRE,2021-07-20T00:00:00.000Z,39.2123442222,0.03138913624048345,402.8044429945,361.507430121406,True
XLRE,2021-07-21T00:00:00.000Z,39.0938523554,0.03287119856847309,406.0656769435,361.99481517319253,True
XLRE,2021-07-22T00:00:00.000Z,38.8145500978,0.028712427097619564,406.9160273428,362.45909089223153,True
XLRE,2021-07-23T00:00:00.000Z,39.1700256983,0.04304710389879518,411.1023677702,362.966621630859,True
XLRE,2021-07-26T00:00:00.000Z,39.1700256983,0.03557842917847909,412.1115748375,363.452253282516,True
XLRE,2021-07-27T00:00:00.000Z,39.483182775,0.04339074032560042,410.2333283511,363.9145358510775,True
XLRE,2021-07-28T00:00:00.000Z,39.2461990413,0.03782452998936425,410.0651271732,364.3617884728435,True
XLRE,2021-07-29T00:00:00.000Z,39.1277071745,0.04286036544277172,411.7658279718,364.7917549275095,True
XLRE,2021-07-30T00:00:00.000Z,39.2546627461,0.042013030779298965,409.766102857,365.222352907769,True
XLRE,2021-08-02T00:00:00.000Z,39.2715901556,0.037567084076367774,408.9064079478,365.658820384164,True
XLRE,2021-08-03T00:00:00.000Z,39.4324005464,0.03257978723364374,412.233053466,366.11390846423797,True
XLRE,2021-08-04T00:00:00.000Z,39.3054449747,0.024035281144886733,410.2052948215,366.5598283301089,True
XLRE,2021-08-05T00:00:00.000Z,39.6186020514,0.033105274772757376,412.8030685688,367.04314019435304,True
XLRE,2021-08-06T00:00:00.000Z,39.5508924132,0.017861032453665437,413.4852177902,367.52353093205255,True
XLRE,2021-08-09T00:00:00.000Z,39.3731546129,0.004534657739432735,413.1488154344,368.00524383112895,True
XLRE,2021-08-10T00:00:00.000Z,38.9499693742,0.006781885801204757,413.662763478,368.480837477295,True
XLRE,2021-08-11T00:00:00.000Z,39.1615619936,0.0034699631316705837,414.690659565,368.9561630922155,True
XLRE,2021-08-12T00:00:00.000Z,39.29698127,0.005413598961277133,415.9334793794,369.467236139234,True
XLRE,2021-08-13T00:00:00.000Z,39.559356118,0.011031797533521237,416.6903846799,369.98750122443596,True
XLRE,2021-08-16T00:00:00.000Z,39.6016746419,0.028125686662509253,417.6715582176,370.566100241455,True
XLRE,2021-08-17T00:00:00.000Z,39.6778479848,0.011871357651105585,414.933616822,371.115665159376,True
XLRE,2021-08-18T00:00:00.000Z,39.2631264509,0.004329941545825111,410.3921850191,371.65842192698494,True
XLRE,2021-08-19T00:00:00.000Z,39.5932109371,0.020061055386138005,411.0276116911,372.187440022183,True
XLRE,2021-08-20T00:00:00.000Z,39.7794124421,0.015557476231792489,414.29819015,372.7058658873685,True
XLRE,2021-08-23T00:00:00.000Z,39.6270657562,0.011668107175120568,417.9425490042,373.207803792361,True
XLRE,2021-08-24T00:00:00.000Z,39.3308360891,-0.0038585208990917774,418.6060092058,373.68209290583,True
XLRE,2021-08-25T00:00:00.000Z,39.2885175652,0.0010782833735176744,419.4843931348,374.1611436833325,True
XLRE,2021-08-26T00:00:00.000Z,39.3139086795,0.004758814621301122,417.0080980159,374.607477043877,True
XLRE,2021-08-27T00:00:00.000Z,39.635529461,0.009702457956738852,420.736557459,375.07485604016154,True
XLRE,2021-08-30T00:00:00.000Z,40.1179606331,0.02155172413815043,422.5867704157,375.53933075446,True
XLRE,2021-08-31T00:00:00.000Z,40.3549443668,0.023395578448602183,421.9606882536,376.01666650274746,True
XLRE,2021-09-01T00:00:00.000Z,41.0489681584,0.044358311801895756,422.1849564908,376.472522966478,True
XLRE,2021-09-02T00:00:00.000Z,41.2436333682,0.041016876736128305,423.4838433645,376.9142143968735,True
XLRE,2021-09-03T00:00:00.000Z,41.2436333682,0.04279905842112042,423.3810537558,377.3644043986935,True
XLRE,2021-09-07T00:00:00.000Z,40.7865933104,0.03589853826538225,421.8672431548,377.82708398058094,True
XLRE,2021-09-08T00:00:00.000Z,41.0320407488,0.05345501955591114,421.3532951113,378.28026111496797,True
XLRE,2021-09-09T00:00:00.000Z,40.160279157,0.0255024854106487,419.5498047039,378.7357442192135,True
XLRE,2021-09-10T00:00:00.000Z,39.6524568705,0.009045875510325097,416.2418482055,379.164843096625,True
XLRE,2021-09-13T00:00:00.000Z,39.8725131947,0.007916131793598957,417.3071223321,379.57264674870254,True
XLRE,2021-09-14T00:00:00.000Z,39.7878761469,0.004701859370436656,415.0550954505,379.971778477091,True
XLRE,2021-09-15T00:00:00.000Z,39.9402228329,0.0066126279883049754,418.5219086169,380.3835762484075,True
XLRE,2021-09-16T00:00:00.000Z,40.0163961758,0.019185169215752307,417.8584484152,380.79949782453247,True
XLRE,2021-09-17T00:00:00.000Z,39.6524568705,0.001496365967744273,413.801171555,381.17683066912946,True
XLRE,2021-09-20T00:00:00.000Z,39.3823428108,-0.00998178723423715,406.901360448,381.5161056684525,True
XLRE,2021-09-21T00:00:00.000Z,39.3908542314,-0.005960863371849312,406.5169959705,381.8539210258735,True
XLRE,2021-09-22T00:00:00.000Z,39.7227996322,0.009965807546324257,410.4825124084,382.19695906214093,True
XLRE,2021-09-23T00:00:00.000Z,39.5270369599,0.006070969572831819,415.4698758716,382.56844648741446,True
XLRE,2021-09-24T00:00:00.000Z,39.0759316716,-0.0060532522939926725,416.1542321363,382.93836414476806,True
XLRE,2021-09-27T00:00:00.000Z,38.429063711,-0.030438996688239572,414.9636397306,383.31767323221305,True
XLRE,2021-09-28T00:00:00.000Z,38.1992553566,-0.04782659054002214,406.6013686607,383.655725580891,True
XLRE,2021-09-29T00:00:00.000Z,38.4460865521,-0.047301708493257544,407.2857249254,383.99918708698044,True
XLRE,2021-09-30T00:00:00.000Z,37.8332642737,-0.07833823915600557,402.3077362055,384.325338409433,True
XLRE,2021-10-01T00:00:00.000Z,38.2418124593,-0.07278264943588819,407.088855315,384.652609829496,True
XLRE,2021-10-04T00:00:00.000Z,38.284369562,-0.07175080283983115,401.8389990379,384.9509513213575,True
XLRE,2021-10-05T00:00:00.000Z,37.9864698433,-0.06865303620211916,406.0201345729,385.260631354843,True
XLRE,2021-10-06T00:00:00.000Z,38.3524609262,-0.065304571103458,407.7075883762,385.585588928531,True
XLRE,2021-10-07T00:00:00.000Z,38.3950180289,-0.04395539984169439,411.2324918766,385.934297911985,True
XLRE,2021-10-08T00:00:00.000Z,37.9779584227,-0.04222937441855623,410.4825124084,386.2821347808281,True
XLRE,2021-10-11T00:00:00.000Z,38.0290269459,-0.046234513480455486,407.5107187658,386.61358095839205,True
XLRE,2021-10-12T00:00:00.000Z,38.539712178,-0.0313704597926181,406.5076212272,386.933374181644,True
XLRE,2021-10-13T00:00:00.000Z,38.7610091119,-0.029524465247315557,407.9700811901,387.2457658801065,True
XLRE,2021-10-14T00:00:00.000Z,39.305740026,-0.017759124201938148,414.8323933237,387.59576466462147,True
XLRE,2021-10-15T00:00:00.000Z,39.3227628671,-0.008314592068701665,417.9916818333,387.959099851609,True
XLRE,2021-10-18T00:00:00.000Z,39.3908542314,0.0002161227594024151,419.2291479558,388.3198497734675,True
XLRE,2021-10-19T00:00:00.000Z,39.5695940626,0.004537597233865487,422.4634344122,388.7203967955045,True
XLRE,2021-10-20T00:00:00.000Z,40.1739049205,0.011356331690536958,424.1227639855,389.11745083938496,True
XLRE,2021-10-21T00:00:00.000Z,40.3015762285,0.019595176572070327,425.228983701,389.5097316630355,True
XLRE,2021-10-22T00:00:00.000Z,40.5909645267,0.03877150947628216,424.7883707635,389.87404862497954,True
XLRE,2021-10-25T00:00:00.000Z,40.7101244142,0.05935769656930434,427.066433398,390.23973007639097,True
XLRE,2021-10-26T00:00:00.000Z,40.8973756659,0.0706327985745363,427.4507978754,390.61926222376394,True
XLRE,2021-10-27T00:00:00.000Z,40.5994759472,0.056010626521943774,425.5570997183,390.988954553548,True
XLRE,2021-10-28T00:00:00.000Z,41.1952753846,0.08886389201254086,429.6632373065,391.3744431545235,True
XLRE,2021-10-29T00:00:00.000Z,40.7016129936,0.0643222791000797,430.5350884382,391.770464319272,True
XLRE,2021-11-01T00:00:00.000Z,40.7952386195,0.06558470431212782,431.275693163,392.182999282378,True
XLRE,2021-11-02T00:00:00.000Z,41.1782525435,0.08402419896785873,433.0193954265,392.59056008090846,True
XLRE,2021-11-03T00:00:00.000Z,41.4165723185,0.07989347536775115,435.6630730517,392.987017361911,True
XLRE,2021-11-04T00:00:00.000Z,40.9484441891,0.06650410108618865,437.7161418458,393.39211543211707,True
XLRE,2021-11-05T00:00:00.000Z,41.042069815,0.08068130883171776,439.2348502688,393.811119600104,True
XLRE,2021-11-08T00:00:00.000Z,41.0335583944,0.07900626678600653,439.6098400029,394.2249899233385,True
XLRE,2021-11-09T00:00:00.000Z,41.1867639641,0.068683745583628,438.1567547834,394.63437977150454,True
XLRE,2021-11-10T00:00:00.000Z,40.9824898712,0.05731225296242304,434.631851283,395.069683169923,True
XLRE,2021-11-11T00:00:00.000Z,40.9995127123,0.04309224772716669,434.7724724333,395.49074377023703,True
XLRE,2021-11-12T00:00:00.000Z,41.0165355534,0.0430735930744357,438.0536326065,395.9633005543835,True
XLRE,2021-11-15T00:00:00.000Z,41.2463439078,0.047104580812083796,438.2036285001,396.4080151540995,True
XLRE,2021-11-16T00:00:00.000Z,40.9910012918,0.03592170359269575,439.9379560202,396.83670815895806,True
XLRE,2021-11-17T00:00:00.000Z,41.2633667489,0.027118644068977904,438.8692352781,397.2586650845915,True
XLRE,2021-11-18T00:00:00.000Z,41.2548553283,0.023653643083217046,440.3598194711,397.6679304520795,True
XLRE,2021-11-19T00:00:00.000Z,41.0335583944,0.01090375340573324,439.5723410295,398.066203218086,True
XLRE,2021-11-22T00:00:00.000Z,40.8292843016,0.002927033240862187,438.334874907,398.44529221534447,True
XLRE,2021-11-23T00:00:00.000Z,41.2633667489,0.008949011447332511,438.9161089949,398.828494195155,True
XLRE,2021-11-24T00:00:00.000Z,41.8166090836,0.029979035640334217,440.0879519139,399.21834445901845,True
XLRE,2021-11-26T00:00:00.000Z,40.6845901526,-0.012396694213893,430.2725956244,399.55619374285396,True
XLRE,2021-11-29T00:00:00.000Z,41.1952753846,0.012128816395498232,435.5505761315,399.9114746700814,True
XLRE,2021-11-30T00:00:00.000Z,40.3356219107,-0.01126643020983098,427.0758081414,400.225959896275,True
XLRE,2021-12-01T00:00:00.000Z,39.8079138375,-0.03327821413869847,422.3321880053,400.5163092791335,True
XLRE,2021-12-02T00:00:00.000Z,40.8973756659,-0.012535963831272645,428.8007609181,400.846752973587,True
XLRE,2021-12-03T00:00:00.000Z,40.6931015731,-0.00623570983114341,425.069613064,401.1617436224535,True
XLRE,2021-12-06T00:00:00.000Z,41.2803895899,0.005806719202375632,430.103850244,401.5158302123655,True
XLRE,2021-12-07T00:00:00.000Z,42.0123717559,0.02385397220713803,439.000481685,401.9122184145095,True
XLRE,2021-12-08T00:00:00.000Z,42.1911115871,0.02438520355411833,440.1629498607,402.2945993893755,True
XLRE,2021-12-09T00:00:00.000Z,41.6548920934,0.016407061267220024,437.1911562181,402.705937958886,True
XLRE,2021-12-10T00:00:00.000Z,41.8676776068,0.021175005190721352,441.3066685496,403.1469980125995,True
XLRE,2021-12-13T00:00:00.000Z,42.429431362,0.0344469807002723,437.3974005719,403.5257163122775,True
XLRE,2021-12-14T00:00:00.000Z,41.9613032327,0.017333883616404533,434.3881079559,403.9034985674225,True
XLRE,2021-12-15T00:00:00.000Z,42.5826369316,0.038828903653016944,441.1754221427,404.33898230895,True
XLRE,2021-12-16T00:00:00.000Z,42.7443539218,0.03589108910846406,437.2849036516,404.7769217394505,True
XLRE,2021-12-17T00:00:00.000Z,42.5996597727,0.03259748297983944,432.6476727905,405.15950883126004,True
XLRE,2021-12-20T00:00:00.000Z,42.3233977873,0.03143376892889771,428.0471397704,405.5279586854114,True
XLRE,2021-12-21T00:00:00.000Z,42.563774083,0.04248151323416738,435.648838503,405.9091203947115,True
XLRE,2021-12-22T00:00:00.000Z,42.9844326006,0.04170929294677306,440.0047624054,406.30087550355705,True
XLRE,2021-12-23T00:00:00.000Z,42.855659585,0.024847794313563876,442.7425029143,406.68798505400554,True
XLRE,2021-12-27T00:00:00.000Z,43.731316091,0.07488648471011539,449.0082595429,407.10396334752147,True
XLRE,2021-12-28T00:00:00.000Z,43.9201831805,0.06614612405088183,448.6413458664,407.50719934779096,True
XLRE,2021-12-29T00:00:00.000Z,44.1863140794,0.0954662897531402,449.2152364886,407.9156255936955,True
XLRE,2021-12-30T00:00:00.000Z,44.3837660366,0.11494830444466642,447.9733748144,408.3115763914135,True
XLRE,2021-12-31T00:00:00.000Z,44.4781995813,0.08755632499876187,446.8444096561,408.72871072492046,True
XLRE,2022-01-03T00:00:00.000Z,44.0661259315,0.08288934065005549,449.4316214772,409.16213332595396,True
XLRE,2022-01-04T00:00:00.000Z,43.8944285774,0.0633239902401399,449.2810927895,409.5803205952855,True
XLRE,2022-01-05T00:00:00.000Z,42.4693405383,0.010877005113043348,440.6539173714,409.96976153953096,True
XLRE,2022-01-06T00:00:00.000Z,42.5208497445,0.007815346526703237,440.2399634801,410.36635320395345,True
XLRE,2022-01-07T00:00:00.000Z,42.2976431842,0.01543038664843488,438.4994755277,410.74409057639093,True
XLRE,2022-01-10T00:00:00.000Z,42.0486820207,0.004323249443159982,437.9538090345,411.0898548310595,True
XLRE,2022-01-11T00:00:00.000Z,41.9800030791,-0.010592371108289478,441.9428192605,411.45649549944704,True
XLRE,2022-01-12T00:00:00.000Z,42.0916063592,0.0031053164811729594,443.1376407197,411.8339999287245,True
XLRE,2022-01-13T00:00:00.000Z,41.9456636083,-0.014958522280411168,437.0318208219,412.17352435779844,True
XLRE,2022-01-14T00:00:00.000Z,41.4563261491,-0.030133284387838022,437.2105736386,412.4940113915455,True
XLRE,2022-01-18T00:00:00.000Z,41.1730255148,-0.033489334551311534,429.4677542613,412.7490076539645,True
XLRE,2022-01-19T00:00:00.000Z,40.640763717,-0.03975659229337469,425.008341886,412.982824489614,True
XLRE,2022-01-20T00:00:00.000Z,40.2801992734,-0.053650665590579294,420.304320393,413.190932515714,True
XLRE,2022-01-21T00:00:00.000Z,40.2544446703,-0.06351108448182452,412.0534666944,413.3487986243345,True
XLRE,2022-01-24T00:00:00.000Z,40.3402933474,-0.05869391025498083,413.8033626898,413.501583478481,True
XLRE,2022-01-25T00:00:00.000Z,40.2286900672,-0.08009422850461267,408.7512436064,413.62840921526845,True
XLRE,2022-01-26T00:00:00.000Z,39.5590703862,-0.09929632525385912,407.7257669209,413.74442625683406,True
XLRE,2022-01-27T00:00:00.000Z,38.8465263666,-0.1208470953971118,405.712445722,413.85694279865953,True
XLRE,2022-01-28T00:00:00.000Z,40.1943505964,-0.09439071566719459,415.7884597598,413.999256297451,True
XLRE,2022-01-31T00:00:00.000Z,40.640763717,-0.08627678054471821,423.2772619766,414.17254083733104,True
XLRE,2022-02-01T00:00:00.000Z,40.3660479505,-0.08396649133059042,426.1373070443,414.3696720690895,True
XLRE,2022-02-02T00:00:00.000Z,41.0614222346,-0.06454136514852893,430.276845958,414.6016577067735,True
XLRE,2022-02-03T00:00:00.000Z,40.640763717,-0.04305639781834958,420.1631997482,414.764913542918,True
XLRE,2022-02-04T00:00:00.000Z,40.0827473162,-0.057338986472521336,422.1388887753,414.955743713394,True
XLRE,2022-02-07T00:00:00.000Z,40.0913321839,-0.052161558758530346,420.7841305853,415.11898413905,True
XLRE,2022-02-08T00:00:00.000Z,39.7307677403,-0.055124540627906504,424.2462904041,415.2954839365365,True
XLRE,2022-02-09T00:00:00.000Z,40.6922729233,-0.03067484662575226,430.4555987748,415.5034493890416,True
XLRE,2022-02-10T00:00:00.000Z,39.5333157831,-0.060779114825605385,422.7221874404,415.673306602428,True
XLRE,2022-02-11T00:00:00.000Z,38.9924691176,-0.07040523946116894,414.3866613549,415.78909906294996,True
XLRE,2022-02-14T00:00:00.000Z,38.5718106001,-0.0695796231104917,413.031903165,415.9109705362545,True
XLRE,2022-02-15T00:00:00.000Z,38.7606776896,-0.058590492076732614,419.692797599,416.06195535007697,True
XLRE,2022-02-16T00:00:00.000Z,38.863696102,-0.04372623574139811,420.1631997482,416.227306752047,True
XLRE,2022-02-17T00:00:00.000Z,38.5288862615,-0.04347826086988904,411.1879267397,416.34717640329154,True
XLRE,2022-02-18T00:00:00.000Z,38.3571889074,-0.04713158456014699,408.5254505747,416.438273054729,True
XLRE,2022-02-22T00:00:00.000Z,38.254170495,-0.051713130453337586,404.1413025433,416.4932456865235,True
XLRE,2022-02-23T00:00:00.000Z,37.7562481681,-0.061459667092562786,396.9723737881,416.5318391526575,True
XLRE,2022-02-24T00:00:00.000Z,38.4086981137,-0.029079861110722693,402.9464810841,416.6176730675615,True
XLRE,2022-02-25T00:00:00.000Z,39.3702032967,0.013480662985358993,411.8370817058,416.78893993950203,True
XLRE,2022-02-28T00:00:00.000Z,38.6919987479,-0.03737718923700084,410.7833808913,416.93225962832156,True
XLRE,2022-03-01T00:00:00.000Z,38.6147349386,-0.04985213350093887,404.5270323058,417.014959652651,True
XLRE,2022-03-02T00:00:00.000Z,39.301524355,-0.02637175670021996,411.9687943076,417.139804708713,True
XLRE,2022-03-03T00:00:00.000Z,39.7307677403,-0.03240643947249189,409.9178409367,417.2710663882684,True
XLRE,2022-03-04T00:00:00.000Z,40.0655775808,-0.01415293620477398,406.5873937197,417.39070518972096,True
XLRE,2022-03-07T00:00:00.000Z,39.3358638258,-0.018633540373569568,394.6015469557,417.42983164413056,True
XLRE,2022-03-08T00:00:00.000Z,38.9838842499,-0.02762312633863362,391.6097892862,417.45558262659404,True
XLRE,2022-03-09T00:00:00.000Z,39.6363341955,-0.00237683664753896,402.1091652584,417.5141321701555,True
XLRE,2022-03-10T00:00:00.000Z,39.7736920788,-0.022573839663156958,400.2934129621,417.56793378827547,True
XLRE,2022-03-11T00:00:00.000Z,39.3787881644,-0.003908794788370917,395.2036617068,417.5924214953735,True
XLRE,2022-03-14T00:00:00.000Z,39.1384118686,0.003742844562108605,392.3153925101,417.60144335764,True
XLRE,2022-03-15T00:00:00.000Z,39.447467106,0.022701980857951387,400.9425679281,417.6501084872865,True
XLRE,2022-03-16T00:00:00.000Z,39.885295359,0.029014396456276126,409.8331685498,417.744949640832,True
XLRE,2022-03-17T00:00:00.000Z,40.4518966275,0.040865915617795956,414.9605519771,417.86235421496946,True
XLRE,2022-03-18T00:00:00.000Z,40.5463301723,0.05236185383370229,419.4914739463,418.009678027149,True
XLRE,2022-03-21T00:00:00.000Z,40.3390442491,0.05166841987520243,419.3687935458,418.1385528437415,True
XLRE,2022-03-22T00:00:00.000Z,40.3649468888,0.05517768040679094,424.2760095643,418.2938730337345,True
XLRE,2022-03-23T00:00:00.000Z,39.9073335872,0.0569729653625235,418.8120132668,418.421454129075,True
XLRE,2022-03-24T00:00:00.000Z,40.2181652638,0.04711086912510032,425.1253354136,418.5835356273055,True
XLRE,2022-03-25T00:00:00.000Z,40.6930469919,0.03360012355615338,427.2014652676,418.7468704214309,True
XLRE,2022-03-28T00:00:00.000Z,41.2110997862,0.06510651090199171,430.2401644175,418.9221389422435,True
XLRE,2022-03-29T00:00:00.000Z,42.4198896395,0.0985415206643383,435.5626064067,419.119595700703,True
XLRE,2022-03-30T00:00:00.000Z,42.1867658821,0.07341296742178227,432.8730745504,419.3072371139795,True
XLRE,2022-03-31T00:00:00.000Z,41.7205183672,0.050080850184068826,426.21058511,419.4726027267365,True
XLRE,2022-04-01T00:00:00.000Z,42.5494028381,0.06199399602541322,427.4185152069,419.6446599437905,True
XLRE,2022-04-04T00:00:00.000Z,42.4198896395,0.07840239195858767,431.0800533129,419.861448190134,True
XLRE,2022-04-05T00:00:00.000Z,42.4544264925,0.08902504995019567,425.6349309232,420.02325763017797,True
XLRE,2022-04-06T00:00:00.000Z,43.0847240589,0.08700072631316913,421.3788647226,420.1532741656015,True
XLRE,2022-04-07T00:00:00.000Z,42.7307213161,0.07434636018807361,423.502179346,420.29629012416194,True
XLRE,2022-04-08T00:00:00.000Z,42.8861371544,0.08906696100848488,422.3697448802,420.42196327304003,True
XLRE,2022-04-11T00:00:00.000Z,42.2990106542,0.08075439535490414,415.1504751607,420.50448496835946,True
XLRE,2022-04-12T00:00:00.000Z,42.1694974556,0.06900393230028157,413.612251678,420.57529740701597,True
XLRE,2022-04-13T00:00:00.000Z,42.3421817204,0.06159880074313184,418.3496025266,420.668721981279,True
XLRE,2022-04-14T00:00:00.000Z,42.1004237497,0.04075277699289126,413.140403984,420.73441855105006,True
XLRE,2022-04-18T00:00:00.000Z,41.9968131909,0.03577347228309513,413.3102691538,420.7898912024595,True
XLRE,2022-04-19T00:00:00.000Z,42.8775029412,0.06292808219313817,419.9821955481,420.8633517670835,True
XLRE,2022-04-20T00:00:00.000Z,43.6891189856,0.08235294117833591,419.67077607,420.93894631572107,True
XLRE,2022-04-21T00:00:00.000Z,43.4041899487,0.08762440501967261,413.3952017388,420.976014442642,True
XLRE,2022-04-22T00:00:00.000Z,42.6271107572,0.05989695147949137,402.051983173,420.972906259226,True
XLRE,2022-04-25T00:00:00.000Z,42.4285238528,0.04264799490796167,404.3829107818,420.95996034112454,True
XLRE,2022-04-26T00:00:00.000Z,41.7636894334,0.013408757593628806,392.6716510147,420.88116940647905,True
XLRE,2022-04-27T00:00:00.000Z,41.5132972495,-0.02137187054715506,393.7757746188,420.81486074971656,True
XLRE,2022-04-28T00:00:00.000Z,42.2731080145,0.0020466639381959695,403.7223240101,420.79524787419854,True
XLRE,2022-04-29T00:00:00.000Z,40.2354336903,-0.035596026488193155,388.8024999232,420.70799753810854,True
XLRE,2022-05-02T00:00:00.000Z,39.1906938884,-0.0789366883121686,391.1428644859,420.648381414182,True
XLRE,2022-05-03T00:00:00.000Z,39.6655756165,-0.06492977813962231,392.9358857234,420.6274926604185,True
XLRE,2022-05-04T00:00:00.000Z,40.1318231314,-0.054708155379517676,404.9019432453,420.63798016167243,True
XLRE,2022-05-05T00:00:00.000Z,39.104351756,-0.09238476954055774,390.5105885758,420.560204719834,True
XLRE,2022-05-06T00:00:00.000Z,38.7071779471,-0.09416043645123351,388.179660967,420.466522887955,True
XLRE,2022-05-09T00:00:00.000Z,36.9026273803,-0.1395208375274738,375.7511927049,420.28976701262843,True
XLRE,2022-05-10T00:00:00.000Z,36.0823771227,-0.14696876913556678,376.619392462,420.112306100751,True
XLRE,2022-05-11T00:00:00.000Z,36.0305718432,-0.14557739557754124,370.6363637011,419.914321277501,True
XLRE,2022-05-12T00:00:00.000Z,36.2982324536,-0.14274061990263698,370.2494485919,419.71524288459455,True
XLRE,2022-05-13T00:00:00.000Z,37.2048248436,-0.11628383921277952,379.1013113329,419.5519203014,True
XLRE,2022-05-16T00:00:00.000Z,36.9026273803,-0.12129934210588689,377.5630878502,419.390905226366,True
XLRE,2022-05-17T00:00:00.000Z,37.2998011892,-0.13008457511271065,385.3297008948,419.273021691101,True
XLRE,2022-05-18T00:00:00.000Z,36.2118903212,-0.17114624506080112,369.7964748056,419.060838797799,True
XLRE,2022-05-19T00:00:00.000Z,36.1428166153,-0.16729659836947353,367.531605874,418.8474703530615,True
XLRE,2022-05-20T00:00:00.000Z,36.565893064,-0.1421916143396188,367.69203409,418.6219151806675,True
XLRE,2022-05-23T00:00:00.000Z,37.0407747921,-0.1269841269847629,374.5715734697,418.42734695906506,True
XLRE,2022-05-24T00:00:00.000Z,37.472485454,-0.10274963820529137,371.7121764436,418.2201637641111,True
XLRE,2022-05-25T00:00:00.000Z,37.6797065717,-0.09234608985067239,374.9962363944,418.026831128693,True
XLRE,2022-05-26T00:00:00.000Z,37.6365355055,-0.10968137255036048,382.4891777764,417.86582371975,True
XLRE,2022-05-27T00:00:00.000Z,38.6985437338,-0.038197424894925724,391.8789468886,417.745551057296,True
XLRE,2022-05-31T00:00:00.000Z,38.1804909395,-0.025776602776584445,389.6801366342,417.61049981706753,True
XLRE,2022-06-01T00:00:00.000Z,37.7660487041,-0.0478885502826244,386.5281940378,417.4547829961685,True
XLRE,2022-06-02T00:00:00.000Z,38.3359067778,-0.044750430293679755,393.8890180654,417.34956000238554,True
XLRE,2022-06-03T00:00:00.000Z,37.8523908365,-0.03201589754797318,387.4247046565,417.2347226005726,True
XLRE,2022-06-06T00:00:00.000Z,37.7401460644,-0.024983270132005297,388.6043238917,417.12260616157545,True
XLRE,2022-06-07T00:00:00.000Z,38.1804909395,0.03462798315228288,392.331920675,417.01277481420055,True
XLRE,2022-06-08T00:00:00.000Z,37.2652643363,0.03278296243003975,388.0664175205,416.863394156782,True
XLRE,2022-06-09T00:00:00.000Z,36.4104772257,0.010543973161272424,378.8370766242,416.664549493874,True
XLRE,2022-06-10T00:00:00.000Z,35.5470559019,-0.02069457659295748,367.852462306,416.40638983972997,True
XLRE,2022-06-13T00:00:00.000Z,33.8374816807,-0.09050823857001045,353.8857705612,416.0907782024565,True
XLRE,2022-06-14T00:00:00.000Z,33.59572371,-0.089611605055128,352.8193947726,415.7511923890244,True
XLRE,2022-06-15T00:00:00.000Z,34.3641686882,-0.07870370370365387,357.8492911915,415.4275049929035,True
XLRE,2022-06-16T00:00:00.000Z,33.5439184306,-0.07367668097232849,346.00591407,415.0477311219856,True
XLRE,2022-06-17T00:00:00.000Z,33.7425053351,-0.06641184901964448,346.7484806038,414.6705487425505,True
XLRE,2022-06-21T00:00:00.000Z,34.3662702557,-0.06015504132362026,355.4773755537,414.3305164034965,True
XLRE,2022-06-22T00:00:00.000Z,34.92323184,-0.057167890358266193,354.832896882,413.9877756191275,True
XLRE,2022-06-23T00:00:00.000Z,35.6107312956,-0.04968323119867324,358.3111861834,413.6699953342705,True
XLRE,2022-06-24T00:00:00.000Z,36.3852559988,-0.03435405130973668,369.7032944676,413.41174533105203,True
XLRE,2022-06-27T00:00:00.000Z,36.2547181275,-0.036714786827232504,368.2911279665,413.155451947365,True
XLRE,2022-06-28T00:00:00.000Z,35.7586742165,-0.07596847926688954,360.7658917122,412.87807216489847,True
XLRE,2022-06-29T00:00:00.000Z,35.5324085729,-0.06935694909727819,360.472085259,412.59389697953293,True
XLRE,2022-06-30T00:00:00.000Z,35.5585161471,-0.0584528335038752,357.543498354,412.30633899405046,True
XLRE,2022-07-01T00:00:00.000Z,36.1938004542,-0.055877283300377556,361.3250717362,412.020354809647,True
XLRE,2022-07-05T00:00:00.000Z,36.0458575334,-0.04772573840588179,362.0074609179,411.74109987216053,True
XLRE,2022-07-06T00:00:00.000Z,36.0197499591,-0.045585305959449984,363.2300748686,411.4882443887285,True
XLRE,2022-07-07T00:00:00.000Z,36.0458575334,-0.0559090088569707,368.6702330675,411.29708875182604,True
XLRE,2022-07-08T00:00:00.000Z,35.880509563,-0.037159397577414155,368.3669489867,411.106338516907,True
XLRE,2022-07-11T00:00:00.000Z,35.880509563,-0.014555361617889728,364.1588823659,410.87472036669453,True
XLRE,2022-07-12T00:00:00.000Z,35.6542439194,0.0030153838280111422,360.9364890077,410.60205343237504,True
XLRE,2022-07-13T00:00:00.000Z,35.4627883748,0.04803273214705661,359.0409635028,410.3164870892075,True
XLRE,2022-07-14T00:00:00.000Z,35.1146873846,0.045213006503797226,358.1690217706,410.03251399940746,True
XLRE,2022-07-15T00:00:00.000Z,35.6803514937,0.03830102271474267,365.0118688431,409.82456650031946,True
XLRE,2022-07-18T00:00:00.000Z,35.3322505035,0.05331315351842192,361.9979832904,409.5981277921445,True
XLRE,2022-07-19T00:00:00.000Z,36.306933276,0.07599992695955526,371.7788948955,409.4454835855945,True
XLRE,2022-07-20T00:00:00.000Z,36.1241802562,0.05115219043033714,374.1483017765,409.280780817902,True
XLRE,2022-07-21T00:00:00.000Z,36.4983888206,0.04510341390557859,377.9583080413,409.161377362919,True
XLRE,2022-07-22T00:00:00.000Z,36.7768696128,0.03274682307195653,374.4515858573,409.003534619341,True
XLRE,2022-07-25T00:00:00.000Z,36.802977187,0.011480507055214417,374.9065119785,408.83952923735256,True
XLRE,2022-07-26T00:00:00.000Z,36.8725973851,0.01704272683701613,370.4709822971,408.63572168945495,True
XLRE,2022-07-27T00:00:00.000Z,37.0727554544,0.03674860063166596,380.0907742343,408.4837629985845,True
XLRE,2022-07-28T00:00:00.000Z,38.4390518409,0.08180259612957519,384.858020879,408.3704995091505,True
XLRE,2022-07-29T00:00:00.000Z,38.5869947617,0.08516886931028433,390.4687763734,408.29030528488147,True
XLRE,2022-08-01T00:00:00.000Z,38.2388937715,0.05650396729925844,389.3125058154,408.19701740800804,True
XLRE,2022-08-02T00:00:00.000Z,37.7341473358,0.046837276678343365,386.7440687563,408.056575785171,True
XLRE,2022-08-03T00:00:00.000Z,37.8907927813,0.05194491422968106,392.8002727444,407.93061873972647,True
XLRE,2022-08-04T00:00:00.000Z,37.9256028804,0.0521487204253146,392.5348991737,407.797147495816,True
XLRE,2022-08-05T00:00:00.000Z,38.0474382269,0.060392917778808286,391.871465247,407.64418764999,True
XLRE,2022-08-08T00:00:00.000Z,38.3259190191,0.06815425661127472,391.4165391258,407.48065652569153,True
XLRE,2022-08-09T00:00:00.000Z,38.6305073855,0.08347571393823805,389.8622082118,407.3038226482455,True
XLRE,2022-08-10T00:00:00.000Z,39.1526588707,0.10404907975375233,398.0508783928,407.170135186392,True
XLRE,2022-08-11T00:00:00.000Z,38.9699058509,0.10978934324759937,398.0508783928,407.025057411366,True
XLRE,2022-08-12T00:00:00.000Z,39.6312977322,0.11073170731509197,404.7894715626,406.91175077980205,True
XLRE,2022-08-15T00:00:00.000Z,39.8053482273,0.1266009852204828,406.4575340069,406.81625295124496,True
XLRE,2022-08-16T00:00:00.000Z,39.6487027818,0.09204218600332759,407.2536547189,406.70420503830695,True
XLRE,2022-08-17T00:00:00.000Z,39.5355699599,0.09443507588285005,404.362978324,406.57334448773594,True
XLRE,2022-08-18T00:00:00.000Z,39.2657916926,0.07582260372101834,405.538204137,406.44465704260597,True
XLRE,2022-08-19T00:00:00.000Z,38.8828806034,0.057264552768433896,400.0885683105,406.280002907026,True
XLRE,2022-08-22T00:00:00.000Z,38.0735458012,0.034523528021771055,391.7577337167,406.06047621035106,True
XLRE,2022-08-23T00:00:00.000Z,37.4991791674,0.016993155533794768,390.8099709642,405.82594535594296,True
XLRE,2022-08-24T00:00:00.000Z,37.795065009,0.01948356807436258,392.0610177975,405.5900761935865,True
XLRE,2022-08-25T00:00:00.000Z,38.3781341676,-0.0015847860543526382,397.5959522716,405.38000675493,True
XLRE,2022-08-26T00:00:00.000Z,37.4034513951,-0.0306720793860511,384.1377211871,405.1099115869485,True
XLRE,2022-08-29T00:00:00.000Z,37.0814579792,-0.030268548018579255,381.5977170106,404.84474091558644,True
XLRE,2022-08-30T00:00:00.000Z,36.5506039691,-0.03136531365522921,377.4086056449,404.55792158164445,True
XLRE,2022-08-31T00:00:00.000Z,36.4200660978,-0.03881488286584056,374.536884505,404.24033784113703,True
XLRE,2022-09-01T00:00:00.000Z,36.5506039691,-0.03625516292084041,375.712110318,403.9278802502265,True
XLRE,2022-09-02T00:00:00.000Z,35.9240221868,-0.055809698078403525,371.7504620129,403.58694278019,True
XLRE,2022-09-06T00:00:00.000Z,36.2982307513,-0.052906448682665363,370.3477731393,403.244335469496,True
XLRE,2022-09-07T00:00:00.000Z,36.9944327316,-0.04235188105538845,377.0010676614,402.92754171044754,True
XLRE,2022-09-08T00:00:00.000Z,37.0988630287,-0.05245610135399936,379.4652508177,402.6270062593885,True
XLRE,2022-09-09T00:00:00.000Z,37.4556665436,-0.038856632425377624,385.3603351378,402.3621335605425,True
XLRE,2022-09-12T00:00:00.000Z,37.7689574348,-0.0469916556854727,389.5020583659,402.1150633073975,True
XLRE,2022-09-13T00:00:00.000Z,36.3330408503,-0.08723218189606396,372.56553798,401.77745123772803,True
XLRE,2022-09-14T00:00:00.000Z,35.8892120878,-0.09482001755996228,373.9871821086,401.49602417014904,True
XLRE,2022-09-15T00:00:00.000Z,35.1059848599,-0.11204050186940084,369.7412049777,401.16697731438006,True
XLRE,2022-09-16T00:00:00.000Z,35.1146873846,-0.10571808510822178,366.9324133891,400.86626034061845,True
XLRE,2022-09-19T00:00:00.000Z,35.0483541302,-0.09861734556941992,369.7779573149,400.6034891871665,True
XLRE,2022-09-20T00:00:00.000Z,34.1262601228,-0.10367528412012494,365.5334335995,400.2871525505735,True
XLRE,2022-09-21T00:00:00.000Z,33.6256948044,-0.10329517736130678,359.1571311571,399.95759014103896,True
XLRE,2022-09-22T00:00:00.000Z,33.3095482876,-0.11867995782867091,356.1402835836,399.58777230773705,True
XLRE,2022-09-23T00:00:00.000Z,32.8968014462,-0.14282436705918633,350.1732065218,399.14363593192104,True
XLRE,2022-09-26T00:00:00.000Z,32.0098348295,-0.14420103932725803,346.7090660903,398.676366513069,True
XLRE,2022-09-27T00:00:00.000Z,31.5883061404,-0.14813742873544133,345.8239972438,398.2195307181976,True
XLRE,2022-09-28T00:00:00.000Z,32.1854717833,-0.1194270877025807,352.6285588056,397.7761401694775,True
XLRE,2022-09-29T00:00:00.000Z,31.2897233189,-0.140865828335493,345.2625019541,397.3154656763885,True
XLRE,2022-09-30T00:00:00.000Z,31.6234335312,-0.13480407716560439,339.9235382673,396.84314282794554,True
XLRE,2022-10-03T00:00:00.000Z,32.2118173264,-0.10333488942571745,348.8979460333,396.38175544739846,True
XLRE,2022-10-04T00:00:00.000Z,32.7211644924,-0.09854657334150885,359.7091095775,395.9938764770279,True
XLRE,2022-10-05T00:00:00.000Z,32.1152170018,-0.1318905405361781,358.8716250776,395.6249962384635,True
XLRE,2022-10-06T00:00:00.000Z,31.061395279,-0.16273996712592964,355.1695629132,395.2606083541775,True
XLRE,2022-10-07T00:00:00.000Z,30.3237200731,-0.19041034718199745,345.2625019541,394.808676671433,True
XLRE,2022-10-10T00:00:00.000Z,29.9812280132,-0.20619392089505895,342.6263291533,394.32178450517245,True
XLRE,2022-10-11T00:00:00.000Z,30.2622471392,-0.16708741049539422,340.456482949,393.810354405346,True
XLRE,2022-10-12T00:00:00.000Z,29.8582821455,-0.16804297423821468,339.3334923696,393.2619805694795,True
XLRE,2022-10-13T00:00:00.000Z,30.4203203976,-0.13347195587873173,348.288866397,392.7602181721325,True
XLRE,2022-10-14T00:00:00.000Z,29.6562996486,-0.1554445772566908,340.3517973865,392.215900976622,True
XLRE,2022-10-17T00:00:00.000Z,30.7628124575,-0.12227511901927779,349.0978002889,391.72152310399446,True
XLRE,2022-10-18T00:00:00.000Z,31.1667774513,-0.08672156459133207,353.1995709646,391.25329891053696,True
XLRE,2022-10-19T00:00:00.000Z,30.3851930069,-0.09636980934817652,350.6966343342,390.75962397482203,True
XLRE,2022-10-20T00:00:00.000Z,30.2359015962,-0.09227524386886432,347.7559217152,390.2519981194505,True
XLRE,2022-10-21T00:00:00.000Z,30.4466659407,-0.07447944474197576,356.2069016688,389.82976304093756,True
XLRE,2022-10-24T00:00:00.000Z,30.4291022453,-0.04938271605023126,360.565627816,389.4313913626171,True
XLRE,2022-10-25T00:00:00.000Z,31.6322153788,0.0013900472600474334,366.3233337528,389.07051065374253,True
XLRE,2022-10-26T00:00:00.000Z,31.570742445,-0.01909959072338241,363.5634416509,388.6985588168245,True
XLRE,2022-10-27T00:00:00.000Z,31.5883061404,0.009542520349473671,361.6220003102,388.296954722073,True
XLRE,2022-10-28T00:00:00.000Z,32.334763194,0.022493751733131395,370.2252501728,387.9323927693385,True
XLRE,2022-10-31T00:00:00.000Z,32.2557265648,0.0013631406745875374,367.5510098947,387.5849887147025,True
XLRE,2022-11-01T00:00:00.000Z,32.2030354787,-0.01583467525492077,365.9426589801,387.22864914140996,True
XLRE,2022-11-02T00:00:00.000Z,31.3599781005,-0.023516543614127472,356.7588800892,386.8651047705495,True
XLRE,2022-11-03T00:00:00.000Z,31.3424144051,0.009047215154883714,353.0853685328,386.5054899037834,True
XLRE,2022-11-04T00:00:00.000Z,31.7815067896,0.04807413842977648,358.1673767481,386.19480518555895,True
XLRE,2022-11-07T00:00:00.000Z,31.7727249419,0.059753954304715196,361.5934497022,385.942505100598,True
XLRE,2022-11-08T00:00:00.000Z,31.9659255911,0.056297156125367565,363.5444079122,385.69121032671,True
XLRE,2022-11-09T00:00:00.000Z,31.6146516835,0.05882352941274971,356.0546317597,385.4277272674765,True
XLRE,2022-11-10T00:00:00.000Z,34.0384416459,0.11893764434464837,375.6213150756,385.26720500824996,True
XLRE,2022-11-11T00:00:00.000Z,34.0208779505,0.14717204619646607,379.2567591547,385.1349265754135,True
XLRE,2022-11-14T00:00:00.000Z,33.1163476384,0.07650585212751593,376.0305404562,384.93613697889555,True
XLRE,2022-11-15T00:00:00.000Z,33.5290944799,0.07579599887384147,379.2377254161,384.715939296093,True
XLRE,2022-11-16T00:00:00.000Z,33.2919845922,0.09566473988300528,376.3445971437,384.46697574659004,True
XLRE,2022-11-17T00:00:00.000Z,32.9934017708,0.09119953528842539,375.1930559563,384.19155679658155,True
XLRE,2022-11-18T00:00:00.000Z,33.4149304599,0.09749062590239577,376.8965755641,383.975223675661,True
XLRE,2022-11-21T00:00:00.000Z,33.6520403475,0.10591630591723433,375.5261463824,383.74215996369657,True
XLRE,2022-11-22T00:00:00.000Z,33.8188954536,0.0691282620775755,380.5796039898,383.541137330719,True
XLRE,2022-11-23T00:00:00.000Z,33.8715865398,0.07287899861108249,382.9778550577,383.334795153987,True
XLRE,2022-11-25T00:00:00.000Z,34.0735690366,0.07867667500605413,382.8922032339,383.0969781762825,True
XLRE,2022-11-28T00:00:00.000Z,33.1163476384,0.024171645844774048,376.7823731323,382.86727910474207,True
XLRE,2022-11-29T00:00:00.000Z,33.6696040429,0.043833378710586235,376.1352260187,382.676021928061,True
XLRE,2022-11-30T00:00:00.000Z,34.459970335,0.07008453776951562,387.9837283185,382.5507810538285,True
XLRE,2022-12-01T00:00:00.000Z,34.3897155535,0.09661159339112202,387.698222239,382.39080817702853,True
XLRE,2022-12-02T00:00:00.000Z,34.2228604474,0.09190249369657044,387.2509293811,382.226246825193,True
XLRE,2022-12-05T00:00:00.000Z,33.6432584998,0.05857971815260887,380.284581041,382.07173009669947,True
XLRE,2022-12-06T00:00:00.000Z,33.3885849168,0.05085682697517391,374.8028643143,381.9031171653975,True
XLRE,2022-12-07T00:00:00.000Z,33.4588396983,0.0467032967008989,374.1652340701,381.7532368230315,True
XLRE,2022-12-08T00:00:00.000Z,33.7047314337,0.06611111111152401,377.0964298198,381.65385710319003,True
XLRE,2022-12-09T00:00:00.000Z,33.6344766521,-0.011867905058710604,374.2794365019,381.510521880279,True
XLRE,2022-12-12T00:00:00.000Z,33.9154957782,-0.0030975735680112138,379.6755014047,381.3497139787735,True
XLRE,2022-12-13T00:00:00.000Z,34.6619528318,0.04667197029927883,382.5495959384,381.208545054009,True
XLRE,2022-12-14T00:00:00.000Z,34.3282426196,0.023834468305699907,380.1037605239,381.0864286950995,True
XLRE,2022-12-15T00:00:00.000Z,33.9330594736,0.01925613294769435,370.8057792012,380.8806136195675,True
XLRE,2022-12-16T00:00:00.000Z,32.9319288369,-0.0018631887165513339,366.4483854157,380.6632663419625,True
XLRE,2022-12-19T00:00:00.000Z,32.5461273388,-0.026000446780597652,363.3410270192,380.44703450846,True
XLRE,2022-12-20T00:00:00.000Z,32.4750659254,-0.03497483094475817,363.8382043626,380.2932177954945,True
XLRE,2022-12-21T00:00:00.000Z,32.8037249624,-0.030017848826341176,369.2784718321,380.181561208224,True
XLRE,2022-12-22T00:00:00.000Z,32.6438367822,-0.036247187776615175,364.0103042123,379.99106690299345,True
XLRE,2022-12-23T00:00:00.000Z,32.9369651125,-0.03335734870858764,366.1041857164,379.82012076676494,True
XLRE,2022-12-27T00:00:00.000Z,32.9103170825,-0.006221415421460819,364.6604591999,379.6674047542305,True
XLRE,2022-12-28T00:00:00.000Z,32.3862391586,-0.03811642342644728,360.1284964924,379.506470274142,True
XLRE,2022-12-29T00:00:00.000Z,33.1057359693,-0.03929876760005635,366.6109241625,379.33481205531405,True
XLRE,2022-12-30T00:00:00.000Z,32.8037249624,-0.04611816543328706,365.645252784,379.113872476485,True
XLRE,2023-01-03T00:00:00.000Z,32.9280824358,-0.037833716839363984,364.1059152399,378.85959929279903,True
XLRE,2023-01-04T00:00:00.000Z,33.6831099532,0.0011845301310584588,366.9168794508,378.5967263203215,True
XLRE,2023-01-05T00:00:00.000Z,32.6971328423,-0.02070923569306715,362.7291164427,378.313527934806,True
XLRE,2023-01-06T00:00:00.000Z,33.6475792465,0.005640947202648849,371.0472758424,378.04738426619656,True
XLRE,2023-01-09T00:00:00.000Z,33.6298138932,-0.0022227603458987444,370.8369315817,377.80750885777104,True
XLRE,2023-01-10T00:00:00.000Z,33.7275233366,0.002766407976625862,373.4375515319,377.5490699383625,True
XLRE,2023-01-11T00:00:00.000Z,34.9533327178,0.030600671338766094,378.1607362945,377.30386629349704,True
XLRE,2023-01-12T00:00:00.000Z,35.3441704915,0.01968203185234607,379.5375350917,377.050353146868,True
XLRE,2023-01-13T00:00:00.000Z,35.139868928,0.023643106855012697,381.0099449165,376.77758983941703,True
XLRE,2023-01-17T00:00:00.000Z,35.1487516047,0.03582618690913564,380.3119844151,376.5147843887405,True
XLRE,2023-01-18T00:00:00.000Z,34.6069083275,0.05086187022010069,374.3076118829,376.25526952260503,True
XLRE,2023-01-19T00:00:00.000Z,34.4381374707,0.058133187773908634,371.5826975968,375.9760904345545,True
XLRE,2023-01-20T00:00:00.000Z,34.837857921,0.07275711159532916,378.5049359938,375.71321484795897,True
XLRE,2023-01-23T00:00:00.000Z,34.9355673645,0.06498781478455706,383.046459804,375.500272492363,True
XLRE,2023-01-24T00:00:00.000Z,35.086572868,0.07482993197453958,382.6353323854,375.30655483067704,True
XLRE,2023-01-25T00:00:00.000Z,35.1221035747,0.06634304207252884,382.7787489268,375.102937678581,True
XLRE,2023-01-26T00:00:00.000Z,35.5218240251,0.07935222672128761,386.9856341404,374.926017124882,True
XLRE,2023-01-27T00:00:00.000Z,35.8416003854,0.1066922654982756,387.8748166969,374.789638832563,True
XLRE,2023-01-30T00:00:00.000Z,35.4063492283,0.0694928897256184,383.008215393,374.63661865113795,True
XLRE,2023-01-31T00:00:00.000Z,36.0547846256,0.0991064175463734,388.6397049176,374.488069163093,True
XLRE,2023-02-01T00:00:00.000Z,36.3212649258,0.10304828702417468,392.7701013091,374.38621764971845,True
XLRE,2023-02-02T00:00:00.000Z,37.1562365333,0.10311181434628902,398.4876407586,374.31210450774256,True
XLRE,2023-02-03T00:00:00.000Z,36.3834436626,0.1127411029609009,394.2520722367,374.1834538911855,True
XLRE,2023-02-06T00:00:00.000Z,36.152494069,0.0744456177411501,391.8426743416,374.04431338254346,True
XLRE,2023-02-07T00:00:00.000Z,36.0103712422,0.07078711040626229,396.96742542,373.96217450094946,True
XLRE,2023-02-08T00:00:00.000Z,35.9126617988,0.06478799052015649,392.6266847678,373.91504800892346,True
XLRE,2023-02-09T00:00:00.000Z,35.5662374084,0.01753494282071344,389.2229321858,373.83924811594346,True
XLRE,2023-02-10T00:00:00.000Z,35.6372988218,0.008293541091040524,390.1312369479,373.8265460456095,True
XLRE,2023-02-13T00:00:00.000Z,35.9659578588,0.023508594539513705,394.7110051691,373.831222198361,True
XLRE,2023-02-14T00:00:00.000Z,35.5928854385,0.012635835229510839,394.5293442166,373.7852572993935,True
XLRE,2023-02-15T00:00:00.000Z,35.6905948819,0.03131416837772982,395.8105319863,373.82029745970897,True
XLRE,2023-02-16T00:00:00.000Z,35.3619358449,0.026824864584676478,390.360703414,373.81638665434946,True
XLRE,2023-02-17T00:00:00.000Z,35.1842823114,0.009943906172003025,389.3854709327,373.79863458039597,True
XLRE,2023-02-21T00:00:00.000Z,34.4914335307,-0.012712941775530173,381.5740499792,373.6819951140655,True
XLRE,2023-02-22T00:00:00.000Z,34.1805398471,-0.025822784810263566,381.0481893275,373.63468311782395,True
XLRE,2023-02-23T00:00:00.000Z,34.5091988841,-0.0174506828526495,383.0751431123,373.6091605285505,True
XLRE,2023-02-24T00:00:00.000Z,33.8696461634,-0.04651162790887542,378.9829911317,373.6253195206845,True
XLRE,2023-02-27T00:00:00.000Z,33.9229422235,-0.053531598513150036,380.2737400041,373.643591258395,True
XLRE,2023-02-28T00:00:00.000Z,33.9407075768,-0.04139488208879005,378.8682578986,373.68475072938253,True
XLRE,2023-03-01T00:00:00.000Z,33.416629653,-0.07317073170718169,377.4149702794,373.72057833782,True
XLRE,2023-03-02T00:00:00.000Z,33.8518808101,-0.0679872829524153,380.3502288262,373.72682292528646,True
XLRE,2023-03-03T00:00:00.000Z,34.4203721173,-0.07363136504818191,386.4502123859,373.771258547965,True
XLRE,2023-03-06T00:00:00.000Z,34.2871319672,-0.05761718749989808,386.7179232632,373.778199659807,True
XLRE,2023-03-07T00:00:00.000Z,33.4255123297,-0.07542997542839869,380.790039553,373.833167483544,True
XLRE,2023-03-08T00:00:00.000Z,33.8962941935,-0.05870744943119466,381.4115112323,373.90256701033553,True
XLRE,2023-03-09T00:00:00.000Z,33.1235013227,-0.07766510017347694,374.3745396022,373.9359795378965,True
XLRE,2023-03-10T00:00:00.000Z,32.0664627983,-0.0984015984011124,368.9725165438,373.907984253267,True
XLRE,2023-03-13T00:00:00.000Z,32.5816580455,-0.08574277168366107,368.4466558921,373.89165665050945,True
XLRE,2023-03-14T00:00:00.000Z,32.9191997592,-0.08471227463373499,374.5370783491,373.889360860283,True
XLRE,2023-03-15T00:00:00.000Z,32.9369651125,-0.07461941602315703,372.1946081734,373.837888012268,True
XLRE,2023-03-16T00:00:00.000Z,32.9369651125,-0.07715281234486981,378.7248413573,373.7721174846115,True
XLRE,2023-03-17T00:00:00.000Z,32.1819375951,-0.08992715398126683,374.3135435911,373.695284519396,True
XLRE,2023-03-20T00:00:00.000Z,32.5247085405,-0.07558982580236606,377.9128045682,373.652207572048,True
XLRE,2023-03-21T00:00:00.000Z,32.3368595638,-0.06246693008518389,382.874985702,373.5971374102309,True
XLRE,2023-03-22T00:00:00.000Z,31.1560945673,-0.08848442105739907,376.3483257968,373.54175551593244,True
XLRE,2023-03-23T00:00:00.000Z,30.9682455906,-0.10260896827516575,377.3657168997,373.48556248097253,True
XLRE,2023-03-24T00:00:00.000Z,31.7643674443,-0.062158273190789703,379.8420084519,373.42311291985703,True
XLRE,2023-03-27T00:00:00.000Z,31.6570251719,-0.06679600597940749,380.5522626181,373.385542145345,True
XLRE,2023-03-28T00:00:00.000Z,31.5496828995,-0.07044710755925354,379.6980380129,373.3898469522885,True
XLRE,2023-03-29T00:00:00.000Z,32.3010788063,-0.03338310470816297,385.2169048444,373.47666916498054,True
XLRE,2023-03-30T00:00:00.000Z,32.7215027066,-0.033391884777130065,387.4724417234,373.6446025207915,True
XLRE,2023-03-31T00:00:00.000Z,33.437117856,-0.028566055530986123,392.9337203794,373.84517414882555,True
XLRE,2023-04-03T00:00:00.000Z,33.1240362281,-0.03392222307227799,394.4310129459,374.02808275759753,True
XLRE,2023-04-04T00:00:00.000Z,33.1329814175,-0.008751725607510696,392.2426622718,374.25926649860645,True
XLRE,2023-04-05T00:00:00.000Z,32.9630228195,-0.027533138834361592,391.2156731396,374.4816024612855,True
XLRE,2023-04-06T00:00:00.000Z,33.1866525537,0.0019065385142940094,392.7417597939,374.66792438248643,True
XLRE,2023-04-10T00:00:00.000Z,33.3566111517,0.040233572424720254,393.1448770234,374.85948428319347,True
XLRE,2023-04-11T00:00:00.000Z,33.5176245603,0.028726792034123427,393.2504553454,375.0341806290035,True
XLRE,2023-04-12T00:00:00.000Z,33.4192274773,0.015189546579432056,391.6475844569,375.1439020789501,True
XLRE,2023-04-13T00:00:00.000Z,33.3118852049,0.011382958056986192,396.8497163225,375.28669502073006,True
XLRE,2023-04-14T00:00:00.000Z,32.7393930853,-0.005998489129923401,395.880315366,375.46226713899904,True
XLRE,2023-04-17T00:00:00.000Z,33.4818438029,0.04039241589971643,397.3008236983,375.6464108311955,True
XLRE,2023-04-18T00:00:00.000Z,33.4281726666,0.02777777777700896,397.5599704886,375.8464931918685,True
XLRE,2023-04-19T00:00:00.000Z,33.6249668327,0.03983402489529286,397.4927842837,376.027331754606,True
XLRE,2023-04-20T00:00:00.000Z,33.2224333112,0.06632213608918547,395.3236296682,376.1939125983575,True
XLRE,2023-04-21T00:00:00.000Z,33.2582140687,0.07394569612929858,395.6307666049,376.355916057039,True
XLRE,2023-04-24T00:00:00.000Z,33.168762175,0.04421289777492521,396.0434818636,376.4927823010195,True
XLRE,2023-04-25T00:00:00.000Z,32.8646257365,0.03814636903002233,389.7567726902,376.5997314195371,True
XLRE,2023-04-26T00:00:00.000Z,32.5962700555,0.03317266798952789,388.1059116554,376.7194665659845,True
XLRE,2023-04-27T00:00:00.000Z,33.3834467198,0.03350872334607269,395.8323252196,376.893945747044,True
XLRE,2023-04-28T00:00:00.000Z,33.7680898626,0.03198469108782409,399.2108315235,377.0947950871474,True
XLRE,2023-05-01T00:00:00.000Z,33.4550082347,0.0005350454778145775,398.807714294,377.2979885497645,True
XLRE,2023-05-02T00:00:00.000Z,32.8825161152,-0.007291385362485414,394.3254346239,377.44455637866855,True
XLRE,2023-05-03T00:00:00.000Z,32.6767767598,-0.013768898486721803,391.6187903691,377.592660414062,True
XLRE,2023-05-04T00:00:00.000Z,32.9809131983,0.0005427408432159275,388.8449599094,377.6779907391315,True
XLRE,2023-05-05T00:00:00.000Z,33.4907889922,0.009164420485249902,396.0434818636,377.787466639567,True
XLRE,2023-05-08T00:00:00.000Z,33.2582140687,-0.0029498525060747127,396.1490601856,377.8784204002885,True
XLRE,2023-05-09T00:00:00.000Z,33.1508717963,-0.010942087000831102,394.4118168873,377.9782215554385,True
XLRE,2023-05-10T00:00:00.000Z,33.4639534241,0.001338329763318935,396.2546385076,378.084962188084,True
XLRE,2023-05-11T00:00:00.000Z,33.1150910388,-0.005907626208769834,395.5635804,378.21042517859854,True
XLRE,2023-05-12T00:00:00.000Z,33.1777073644,0.01338797814479964,395.0452868193,378.28519774152346,True
XLRE,2023-05-15T00:00:00.000Z,33.1150910388,-0.010953780390918433,396.408206976,378.3429486720085,True
XLRE,2023-05-16T00:00:00.000Z,32.2295172914,-0.03585763981641876,393.7591508968,378.35940054462554,True
XLRE,2023-05-17T00:00:00.000Z,32.6499411917,-0.0289970736878703,398.5389694744,378.40553286292044,True
XLRE,2023-05-18T00:00:00.000Z,32.4442018362,-0.02342487883744626,402.3781811833,378.4837034250555,True
XLRE,2023-05-19T00:00:00.000Z,32.3905307,-0.026089295321380268,401.7927013977,378.528665568322,True
XLRE,2023-05-22T00:00:00.000Z,32.6052152448,-0.01699029126340912,401.9558678954,378.5757704119305,True
XLRE,2023-05-23T00:00:00.000Z,32.2026817233,-0.020141535111560138,397.4447941374,378.6036370563825,True
XLRE,2023-05-24T00:00:00.000Z,31.4960117632,-0.03375411635830261,394.5653853557,378.619381287532,True
XLRE,2023-05-25T00:00:00.000Z,31.5675732782,-0.0543944265803743,397.9822837766,378.65998166535604,True
XLRE,2023-05-26T00:00:00.000Z,31.9343260423,-0.05430463576001654,403.1364254959,378.6854094008715,True
XLRE,2023-05-30T00:00:00.000Z,32.0327231253,-0.04251336898266811,403.2899939642,378.7116049787285,True
XLRE,2023-05-31T00:00:00.000Z,32.2384624808,-0.01958650707091969,401.0536531438,378.6929258866345,True
XLRE,2023-06-01T00:00:00.000Z,32.2474076701,-0.01313988502771235,404.8640707649,378.6849585704245,True
XLRE,2023-06-02T00:00:00.000Z,32.9272420621,-0.0016273393000764136,410.718868621,378.70228463993504,True
XLRE,2023-06-05T00:00:00.000Z,32.7751738428,-0.021367521367342768,409.9318302207,378.7301288994185,True
XLRE,2023-06-06T00:00:00.000Z,32.9719680089,-0.008606777838663038,410.824446943,378.75656011344853,True
XLRE,2023-06-07T00:00:00.000Z,33.5802408859,0.012951969777395655,409.4039386107,378.80313696494954,True
XLRE,2023-06-08T00:00:00.000Z,33.3745015304,-0.0026730820643436903,411.8802301629,378.9037494471805,True
XLRE,2023-06-09T00:00:00.000Z,33.2045429325,0.002701242572312079,412.6192784169,379.01279598444404,True
XLRE,2023-06-12T00:00:00.000Z,33.1866525537,0.00026961444929729517,416.3625098331,379.134303444622,True
XLRE,2023-06-13T00:00:00.000Z,33.4281726666,0.00945434899856279,419.107546205,379.241861414289,True
XLRE,2023-06-14T00:00:00.000Z,33.607076454,0.04274215931144543,419.6066437272,379.4192060269895,True
XLRE,2023-06-15T00:00:00.000Z,33.7501994839,0.03369863013657426,424.8087755927,379.6352613199,True
XLRE,2023-06-16T00:00:00.000Z,33.7144187264,0.03915081334448911,423.3675038437,379.86505581089403,True
XLRE,2023-06-20T00:00:00.000Z,33.3555824549,0.029794255729808095,421.1709946989,380.0982263618635,True
XLRE,2023-06-21T00:00:00.000Z,33.211068694,0.018581489024110054,419.0130208023,380.31473091428495,True
XLRE,2023-06-22T00:00:00.000Z,32.7413989708,0.016728956058035704,420.5255292924,380.5586062506825,True
XLRE,2023-06-23T00:00:00.000Z,32.3891466784,0.028357079680912056,417.3463713197,380.7935992415845,True
XLRE,2023-06-26T00:00:00.000Z,33.1117154833,0.04891545484005766,415.6411865888,380.98679983622145,True
XLRE,2023-06-27T00:00:00.000Z,33.4729998857,0.04818244297255192,420.1979796831,381.1904634805485,True
XLRE,2023-06-28T00:00:00.000Z,33.5633209863,0.04778232106626934,420.4099235479,381.3657114225991,True
XLRE,2023-06-29T00:00:00.000Z,33.8704127284,0.05062121832180799,422.0669392185,381.52853582686197,True
XLRE,2023-06-30T00:00:00.000Z,34.0420228196,0.05565145477302891,427.0476200424,381.800946237174,True
XLRE,2023-07-03T00:00:00.000Z,34.3129861214,0.04208503271201769,427.5389444564,382.06870504891305,True
XLRE,2023-07-05T00:00:00.000Z,34.4845962125,0.0521560122884146,426.9031128618,382.3545145883335,True
XLRE,2023-07-06T00:00:00.000Z,34.2949219013,0.0401235950502834,423.5601800845,382.6376534218105,True
XLRE,2023-07-07T00:00:00.000Z,34.1323439202,0.01644130654619058,422.4908269482,382.901217769977,True
XLRE,2023-07-10T00:00:00.000Z,34.249761351,0.026225405038716287,423.5601800845,383.19135150240203,True
XLRE,2023-07-11T00:00:00.000Z,34.6381420836,0.04317478948631526,426.2576474553,383.526854083893,True
XLRE,2023-07-12T00:00:00.000Z,34.8007200647,0.04863604451784487,429.687284541,383.89458908868,True
XLRE,2023-07-13T00:00:00.000Z,35.0355549263,0.048084658283042536,433.0976540026,384.309211326084,True
XLRE,2023-07-14T00:00:00.000Z,35.0355549263,0.04250528826139477,432.8279072655,384.73980553196003,True
XLRE,2023-07-17T00:00:00.000Z,34.7374952942,0.029253036290081136,434.3307819435,385.1823394554585,True
XLRE,2023-07-18T00:00:00.000Z,34.4484677723,0.021772555293240403,437.5581089764,385.60698720631245,True
XLRE,2023-07-19T00:00:00.000Z,34.8278163949,0.044137557543496575,438.5311239923,386.0733303165035,True
XLRE,2023-07-20T00:00:00.000Z,34.7103989641,0.045145499047758,435.6217127567,386.5518211889505,True
XLRE,2023-07-21T00:00:00.000Z,34.8639448351,0.06482758620647111,435.6217127567,386.9854400225675,True
XLRE,2023-07-24T00:00:00.000Z,35.1981329074,0.08672615728012634,437.5677427885,387.37473318862254,True
XLRE,2023-07-25T00:00:00.000Z,34.9362017156,0.05510092744123085,438.7623354812,387.7741867406405,True
XLRE,2023-07-26T00:00:00.000Z,35.0626512564,0.04749055585481354,438.8297721655,388.192487786902,True
XLRE,2023-07-27T00:00:00.000Z,34.3220182314,0.022604951560356357,435.9203609299,388.645777081781,True
XLRE,2023-07-28T00:00:00.000Z,34.2226650208,0.010400000000727605,440.1881396629,389.133586134329,True
XLRE,2023-07-31T00:00:00.000Z,34.4936283226,0.01326611833242719,441.0262813103,389.63643512613555,True
XLRE,2023-08-01T00:00:00.000Z,34.4304035522,0.0034219531458024033,439.7642519332,390.1385889239535,True
XLRE,2023-08-02T00:00:00.000Z,34.2858897912,-0.005762179150236801,433.6467812888,390.56537849841254,True
XLRE,2023-08-03T00:00:00.000Z,33.816220068,-0.013958388203294203,432.4040195358,391.025639609159,True
XLRE,2023-08-04T00:00:00.000Z,33.4820319958,-0.01905265943412504,430.448355692,391.43239238617457,True
XLRE,2023-08-07T00:00:00.000Z,33.9065411686,-0.010021097048898864,434.205542387,391.83742224328654,True
XLRE,2023-08-08T00:00:00.000Z,33.7349310775,-0.026075619296210495,432.3173152275,392.245525647753,True
XLRE,2023-08-09T00:00:00.000Z,33.816220068,-0.028289644434645655,429.4271716159,392.6538818972565,True
XLRE,2023-08-10T00:00:00.000Z,33.7078347473,-0.037896365043823765,429.5813126086,393.0207539519555,True
XLRE,2023-08-11T00:00:00.000Z,33.7710595177,-0.036091776233028505,429.3308334956,393.3645799803534,True
XLRE,2023-08-14T00:00:00.000Z,33.5904173165,-0.03302132085186704,431.700751257,393.6914670678745,True
XLRE,2023-08-15T00:00:00.000Z,33.2471971342,-0.03487152595698151,426.6719013729,394.0070093664845,True
XLRE,2023-08-16T00:00:00.000Z,32.8407521815,-0.05705394190865698,423.5409124604,394.31660392723546,True
XLRE,2023-08-17T00:00:00.000Z,32.5968852098,-0.06088992974370444,420.3135854275,394.56704560350903,True
XLRE,2023-08-18T00:00:00.000Z,32.6872063104,-0.06243523316123778,420.5158954803,394.831870031437,True
XLRE,2023-08-21T00:00:00.000Z,32.4072108985,-0.07929176289669748,423.2518980993,395.11841622703304,True
XLRE,2023-08-22T00:00:00.000Z,32.5065641092,-0.06954498448854263,422.1054744667,395.4451491989205,True
XLRE,2023-08-23T00:00:00.000Z,32.9852659424,-0.05924781040683047,426.8067747415,395.81375622996404,True
XLRE,2023-08-24T00:00:00.000Z,32.8317200714,-0.04342105263019125,420.8916141498,396.12737741697254,True
XLRE,2023-08-25T00:00:00.000Z,32.922041172,-0.03800475059465713,423.8588282577,396.43870430974994,True
XLRE,2023-08-28T00:00:00.000Z,33.1839723638,-0.03796805446361007,426.5466618164,396.753715579271,True
XLRE,2023-08-29T00:00:00.000Z,33.5633209863,-0.02518363064160467,432.7123015211,397.137003928078,True
XLRE,2023-08-30T00:00:00.000Z,33.6807384171,-0.017650158061679244,434.4945567482,397.43137013644105,True
XLRE,2023-08-31T00:00:00.000Z,33.4368714455,-0.011217948716242598,433.8587251536,397.7043799664355,True
XLRE,2023-09-01T00:00:00.000Z,33.4188072254,-0.0018883193949498223,434.6679653649,397.997567090979,True
XLRE,2023-09-05T00:00:00.000Z,33.0846191531,-0.02424080980165444,432.7893720174,398.2653253239855,True
XLRE,2023-09-06T00:00:00.000Z,33.0213943827,-0.021151271753328205,429.8799607817,398.53300214217546,True
XLRE,2023-09-07T00:00:00.000Z,33.2923576845,-0.01549145299050525,428.5601285325,398.7998375050565,True
XLRE,2023-09-08T00:00:00.000Z,33.075587043,-0.0187566988220933,429.205593939,399.061382596931,True
XLRE,2023-09-11T00:00:00.000Z,33.0936512632,-0.02005883925983898,432.0283008663,399.3438933693505,True
XLRE,2023-09-12T00:00:00.000Z,33.0936512632,-0.014788921751680117,429.6583831049,399.58928726492604,True
XLRE,2023-09-13T00:00:00.000Z,32.7594631909,-0.014669926650697662,430.1593413309,399.82519469629204,True
XLRE,2023-09-14T00:00:00.000Z,33.3555824549,0.015676567654562268,433.8683589657,400.08007547495095,True
XLRE,2023-09-15T00:00:00.000Z,33.2291329141,0.01939595455917731,428.6595196079,400.33946120732895,True
XLRE,2023-09-18T00:00:00.000Z,32.9410384091,0.007765487704565421,428.9108931223,400.6033395428469,True
XLRE,2023-09-19T00:00:00.000Z,32.7680478812,0.011134465839413021,428.0214176097,400.80352798930306,True
XLRE,2023-09-20T00:00:00.000Z,32.8317812336,0.010004660083652306,424.0864552875,400.9854691545455,True
XLRE,2023-09-21T00:00:00.000Z,31.6936856556,-0.03915627932348342,417.0770015194,401.13459951523697,True
XLRE,2023-09-22T00:00:00.000Z,31.4751713047,-0.04131823625901643,416.1391849463,401.3138725347635,True
XLRE,2023-09-25T00:00:00.000Z,31.4205427169,-0.04560769629244665,417.8891313353,401.5293038698685,True
XLRE,2023-09-26T00:00:00.000Z,30.8651520749,-0.06987771878178084,411.7498166556,401.717226782796,True
XLRE,2023-09-27T00:00:00.000Z,30.5920091361,-0.08852854136254396,411.9141762612,401.891315515003,True
XLRE,2023-09-28T00:00:00.000Z,30.910675898,-0.0822447086757937,414.3022246484,402.09142945573547,True
XLRE,2023-09-29T00:00:00.000Z,31.0199330735,-0.07228362784895892,413.2967305907,402.2595356016655,True
XLRE,2023-10-02T00:00:00.000Z,30.4554376668,-0.08867370814921505,413.1323709851,402.412449476899,True
XLRE,2023-10-03T00:00:00.000Z,29.9000470247,-0.09625536608607466,407.6021536673,402.549941442616,True
XLRE,2023-10-04T00:00:00.000Z,30.2187137866,-0.08487468953062549,410.5702947802,402.74876402051103,True
XLRE,2023-10-05T00:00:00.000Z,30.4372281375,-0.08575930770830531,410.4156033867,402.968600110366,True
XLRE,2023-10-06T00:00:00.000Z,30.5555900776,-0.07618903217420958,415.288382282,403.22833688668004,True
XLRE,2023-10-09T00:00:00.000Z,30.9561997211,-0.06458796356740604,417.9471406078,403.498881567906,True
XLRE,2023-10-10T00:00:00.000Z,31.0654568966,-0.06128650932075741,420.122488329,403.7531016503905,True
XLRE,2023-10-11T00:00:00.000Z,31.6936856556,-0.03253342489433875,421.8434300817,404.0422672797375,True
XLRE,2023-10-12T00:00:00.000Z,31.2748664829,-0.062379842259188134,419.2716856647,404.30810477947904,True
XLRE,2023-10-13T00:00:00.000Z,31.2657617183,-0.05908583894967934,417.1833518524,404.57071924274146,True
XLRE,2023-10-16T00:00:00.000Z,31.5844284801,-0.04118297402018867,421.5727201431,404.87794036099496,True
XLRE,2023-10-17T00:00:00.000Z,31.4205427169,-0.04112253403636845,421.5533837189,405.152652658777,True
XLRE,2023-10-18T00:00:00.000Z,30.7285806055,-0.06405990016611052,415.9361524923,405.40410715731844,True
XLRE,2023-10-19T00:00:00.000Z,29.9728851417,-0.05429474288977021,412.2815683208,405.644985422723,True
XLRE,2023-10-20T00:00:00.000Z,29.8181041431,-0.05264680358872453,407.2154251836,405.846478151387,True
XLRE,2023-10-23T00:00:00.000Z,29.5631707336,-0.059113300493723875,406.5096457007,406.065380797677,True
XLRE,2023-10-24T00:00:00.000Z,29.9364660832,-0.03008849557735438,409.5744689345,406.2580167631375,True
XLRE,2023-10-25T00:00:00.000Z,29.3082373242,-0.04196428571228061,403.6961959814,406.42231308513595,True
XLRE,2023-10-26T00:00:00.000Z,29.9273613186,-0.031811487482343415,398.8620899344,406.5494357771485,True
XLRE,2023-10-27T00:00:00.000Z,29.4539135582,-0.05048429703537405,397.0541342729,406.6439027670405,True
XLRE,2023-10-30T00:00:00.000Z,29.5449612044,-0.029895366218707364,401.801226411,406.75522122363697,True
XLRE,2023-10-31T00:00:00.000Z,30.1367709049,0.007917174177165753,404.3246297675,406.87179464789193,True
XLRE,2023-11-01T00:00:00.000Z,30.2915519036,0.0024103645679418584,408.6366523614,407.01341798762354,True
XLRE,2023-11-02T00:00:00.000Z,31.2293426598,0.026024528867136798,416.4679041575,407.2242194489965,True
XLRE,2023-11-03T00:00:00.000Z,31.9668285943,0.04618593563783158,420.2675115104,407.4676435185645,True
XLRE,2023-11-06T00:00:00.000Z,31.5297998924,0.01852941176461753,421.2343327198,407.68129050219454,True
XLRE,2023-11-07T00:00:00.000Z,31.2657617183,0.006447831183256092,422.4331910194,407.87822415827156,True
XLRE,2023-11-08T00:00:00.000Z,31.4478570108,-0.007756391840043508,422.7425738064,408.0787603653764,True
XLRE,2023-11-09T00:00:00.000Z,30.9653044857,-0.009898107714360949,419.4457134824,408.2620951881545,True
XLRE,2023-11-10T00:00:00.000Z,31.3112855414,0.0014560279551212307,425.99109307,408.4571224828025,True
XLRE,2023-11-13T00:00:00.000Z,31.0472473673,-0.01700778322262364,425.585028162,408.64567354012803,True
XLRE,2023-11-14T00:00:00.000Z,32.7225240581,0.04143726456066954,433.8416812902,408.8998408696141,True
XLRE,2023-11-15T00:00:00.000Z,32.7953621751,0.06725925925879173,434.7601614392,409.13044315222197,True
XLRE,2023-11-16T00:00:00.000Z,32.7862574105,0.09386391251624526,435.2919131043,409.343052211198,True
XLRE,2023-11-17T00:00:00.000Z,32.749838352,0.09832061068773235,435.8333329816,409.529780672313,True
XLRE,2023-11-20T00:00:00.000Z,33.0047717615,0.1164151524514403,439.1882025782,409.7544613240205,True
XLRE,2023-11-21T00:00:00.000Z,32.8408859982,0.09701946471998335,438.2310495809,409.98640320021696,True
XLRE,2023-11-22T00:00:00.000Z,32.9410384091,0.1239515377439766,439.9229866973,410.2011810066035,True
XLRE,2023-11-24T00:00:00.000Z,33.0685051138,0.10495892911373272,440.1936966359,410.43901606594403,True
XLRE,2023-11-27T00:00:00.000Z,33.1868670539,0.12673879443299807,439.4009032442,410.689905921236,True
XLRE,2023-11-28T00:00:00.000Z,33.3689623464,0.12942989214115141,439.8359727885,410.93842960043895,True
XLRE,2023-11-29T00:00:00.000Z,33.6238957559,0.11570996979085835,439.5265900015,411.16250752460104,True
XLRE,2023-11-30T00:00:00.000Z,33.8970386946,0.1190261496827274,441.2571999663,411.3961468033495,True
XLRE,2023-12-01T00:00:00.000Z,34.6072103353,0.10816326530779552,443.8676172316,411.63643222957603,True
XLRE,2023-12-04T00:00:00.000Z,34.7984103924,0.08857875249485647,441.537578117,411.89231660309105,True
XLRE,2023-12-05T00:00:00.000Z,34.6527341584,0.09904706901589821,441.4505642081,412.1526420694681,True
XLRE,2023-12-06T00:00:00.000Z,34.5343722183,0.10454280722311227,439.6716131829,412.4431298854865,True
XLRE,2023-12-07T00:00:00.000Z,34.5798960414,0.09959467284287049,443.0264827794,412.753021352746,True
XLRE,2023-12-08T00:00:00.000Z,34.5070579244,0.11437812408192571,444.9311205619,413.062301239994,True
XLRE,2023-12-11T00:00:00.000Z,34.6254198645,0.10584472230365738,446.6617305268,413.4006949369695,True
XLRE,2023-12-12T00:00:00.000Z,34.6163150999,0.11495601173194703,448.7017232786,413.742834853342,True
XLRE,2023-12-13T00:00:00.000Z,35.872772618,0.09627156371882006,454.8893790187,414.1229404589425,True
XLRE,2023-12-14T00:00:00.000Z,36.865191962,0.12409772348817127,456.3492790449,414.51761200276997,True
XLRE,2023-12-15T00:00:00.000Z,36.4190584954,0.11080255484532908,455.6010300067,414.89386600867255,True
XLRE,2023-12-18T00:00:00.000Z,36.3196007781,0.10900091743145968,458.163804002,415.252433966753,True
XLRE,2023-12-19T00:00:00.000Z,36.568050036,0.10796251827611658,460.9498499742,415.623593600308,True
XLRE,2023-12-20T00:00:00.000Z,36.1079588176,0.09948187206578618,454.5623299405,415.9924550522455,True
XLRE,2023-12-21T00:00:00.000Z,36.4116190218,0.10535735302567883,458.8724498417,416.37975974529246,True
XLRE,2023-12-22T00:00:00.000Z,36.5588482116,0.10554886245352013,459.7946601809,416.80686034818604,True
XLRE,2023-12-26T00:00:00.000Z,36.8257011183,0.10964680873581822,461.7361556319,417.2706785436265,True
XLRE,2023-12-27T00:00:00.000Z,37.0373430787,0.1099339168601916,462.5709986758,417.741300257545,True
XLRE,2023-12-28T00:00:00.000Z,37.2673886879,0.10836022566958725,462.7457332664,418.18234353213154,True
XLRE,2023-12-29T00:00:00.000Z,36.8625084158,0.08748462507057941,461.4061014052,418.62840099829054,True
XLRE,2024-01-02T00:00:00.000Z,37.2029759174,0.07500649595706554,458.8239124554,419.028896353781,True
XLRE,2024-01-03T00:00:00.000Z,36.3196007781,0.043714364206482115,455.076826235,419.4327127670005,True
XLRE,2024-01-04T00:00:00.000Z,36.2275825344,0.045446583487503744,453.6109971695,419.81120373000704,True
XLRE,2024-01-05T00:00:00.000Z,36.1539679395,0.04689807913582866,454.2322757138,420.16799018006606,True
XLRE,2024-01-08T00:00:00.000Z,36.6508664553,0.059889434352855764,460.7168705201,420.5898329036825,True
XLRE,2024-01-09T00:00:00.000Z,36.393215373,0.054660048177167075,460.0179321577,421.00309397997245,True
XLRE,2024-01-10T00:00:00.000Z,36.4484263192,0.05264936748302218,462.6195360621,421.4169816180235,True
XLRE,2024-01-11T00:00:00.000Z,36.1079588176,0.043090771313908816,462.4156790397,421.8262987001315,True
XLRE,2024-01-12T00:00:00.000Z,36.3840135487,0.014251503114745878,462.7360257891,422.24148863901246,True
XLRE,2024-01-16T00:00:00.000Z,36.1631697638,-0.01904295517906518,461.0372172695,422.620590201138,True
XLRE,2024-01-17T00:00:00.000Z,35.5006384094,-0.025218117215084157,458.4744432742,422.975600208892,True
XLRE,2024-01-18T00:00:00.000Z,35.2705928002,-0.028882695718740803,462.5515837213,423.32368952560154,True
XLRE,2024-01-19T00:00:00.000Z,35.6110603018,-0.026170105686736833,468.3178252107,423.6931235869255,True
XLRE,2024-01-22T00:00:00.000Z,35.7766931404,-0.00917431192589413,469.3079878907,424.07845021502004,True
XLRE,2024-01-23T00:00:00.000Z,35.5834548287,-0.022744503412610473,470.6767421837,424.4757555602405,True
XLRE,2024-01-24T00:00:00.000Z,35.0957581372,-0.04002013591707643,471.1912384782,424.86800295366197,True
XLRE,2024-01-25T00:00:00.000Z,35.5742530043,-0.033983008496696776,473.7540124735,425.27104863091256,True
XLRE,2024-01-26T00:00:00.000Z,35.4178219901,-0.04372670807294965,473.1521488837,425.670557098604,True
XLRE,2024-01-29T00:00:00.000Z,35.6754730724,-0.0427160493811809,476.8992351041,426.09681535183995,True
XLRE,2024-01-30T00:00:00.000Z,35.3442073951,-0.04118821767563785,476.5303509684,426.4952185250695,True
XLRE,2024-01-31T00:00:00.000Z,35.0865563129,-0.05688844917135094,468.7546616872,426.8595902566755,True
XLRE,2024-02-01T00:00:00.000Z,35.7030785455,-0.01697491765855963,474.8897873123,427.2475350747455,True
XLRE,2024-02-02T00:00:00.000Z,35.2521891515,-0.02692405384692209,479.8891380986,427.6591809127955,True
XLRE,2024-02-05T00:00:00.000Z,34.5528504995,-0.04428607788443317,478.1417921927,428.0624259523405,True
XLRE,2024-02-06T00:00:00.000Z,35.0773544885,-0.04293246296698272,479.5299614402,428.4834576112005,True
XLRE,2024-02-07T00:00:00.000Z,35.0589508398,-0.03666245258971779,483.5294420692,428.92295098852196,True
XLRE,2024-02-08T00:00:00.000Z,35.2521891515,-0.032819994949133346,483.7430065689,429.3614486120485,True
XLRE,2024-02-09T00:00:00.000Z,35.3442073951,-0.021151885830991035,486.5387600183,429.845358548689,True
XLRE,2024-02-12T00:00:00.000Z,35.2337855027,-0.03161355589482773,486.3251955187,430.3364549680055,True
XLRE,2024-02-13T00:00:00.000Z,34.589657797,-0.04351145038107562,479.6270362128,430.7554285229715,True
XLRE,2024-02-14T00:00:00.000Z,34.8197034062,-0.019180922758270658,483.9856935002,431.179302832855,True
XLRE,2024-02-15T00:00:00.000Z,35.6570694236,0.010957474562145908,487.3250656759,431.6218895897645,True
XLRE,2024-02-16T00:00:00.000Z,35.2889964489,-0.009043927649739825,484.8981963622,432.0747533984559,True
XLRE,2024-02-20T00:00:00.000Z,35.2337855027,-0.015174897120017294,482.2286401171,432.527802647196,True
XLRE,2024-02-21T00:00:00.000Z,35.491436585,-0.0025859839676325436,482.6654765936,432.9969052306171,True
XLRE,2024-02-22T00:00:00.000Z,35.5834548287,0.01389617199871962,492.6544706889,433.47996017474355,True
XLRE,2024-02-23T00:00:00.000Z,35.6294639505,0.0015519917225903512,492.9942323928,433.9641860357795,True
XLRE,2024-02-26T00:00:00.000Z,35.2245836784,-0.005455962587253782,491.1886416234,434.44807015946003,True
XLRE,2024-02-27T00:00:00.000Z,35.2521891515,-0.011864843951501114,492.1011444854,434.927302689349,True
XLRE,2024-02-28T00:00:00.000Z,35.7030785455,0.010153605833858714,491.4507435093,435.4067385048955,True
XLRE,2024-02-29T00:00:00.000Z,35.9883351009,0.025701547337902975,493.2175043697,435.8975995926475,True
XLRE,2024-03-01T00:00:00.000Z,36.3840135487,0.019072164948807258,497.8479710203,436.404798412869,True
XLRE,2024-03-04T00:00:00.000Z,36.7980956452,0.04385277995236847,497.3140597713,436.9225729572415,True
XLRE,2024-03-05T00:00:00.000Z,36.3288026025,0.05139813582169417,492.3438314167,437.39159726695306,True
XLRE,2024-03-06T00:00:00.000Z,36.5312427385,0.041448058760436224,494.8386530713,437.85389962639306,True
XLRE,2024-03-07T00:00:00.000Z,36.5312427385,0.04199475065376479,499.7506365623,438.34368930221603,True
XLRE,2024-03-08T00:00:00.000Z,36.9637284838,0.04855129208981834,496.7510260905,438.8176650931915,True
XLRE,2024-03-11T00:00:00.000Z,36.7796919965,0.04061442332977627,496.3238970913,439.312060607961,True
XLRE,2024-03-12T00:00:00.000Z,36.6876737528,0.041264037609259674,501.6630095815,439.84754872908997,True
XLRE,2024-03-13T00:00:00.000Z,36.4576281436,0.05400372439538881,500.8767039238,440.362020829826,True
XLRE,2024-03-14T00:00:00.000Z,35.942325979,0.03224101479853814,499.8865412438,440.8457714085655,True
XLRE,2024-03-15T00:00:00.000Z,35.9239223303,0.007483870969031026,496.4645943544,441.3116444105165,True
XLRE,2024-03-18T00:00:00.000Z,35.918024881,0.017825058669799887,499.4151616432,441.8034519530135,True
XLRE,2024-03-19T00:00:00.000Z,35.918024881,0.019419979106348517,502.1904477071,442.2900838377245,True
XLRE,2024-03-20T00:00:00.000Z,36.0662550585,0.016195976517415334,506.8354001717,442.770666495478,True
XLRE,2024-03-21T00:00:00.000Z,36.2052208499,0.017473458498990846,508.5103096559,443.26355889265403,True
XLRE,2024-03-22T00:00:00.000Z,35.7790590897,0.004198635696788022,507.5462629179,443.7471679725285,True
XLRE,2024-03-25T00:00:00.000Z,35.6400932983,0.011796012230935071,506.1440131172,444.23086834506097,True
XLRE,2024-03-26T00:00:00.000Z,35.4918631208,0.006798839308105764,505.2091799168,444.6975130938306,True
XLRE,2024-03-27T00:00:00.000Z,36.3905085718,0.019254082681523954,509.4548807021,445.18169110525645,True
XLRE,2024-03-28T00:00:00.000Z,36.6221182241,0.017610793092347032,509.3575022438,445.64666606731,True
XLRE,2024-04-01T00:00:00.000Z,35.9828755837,-0.011025115864775947,508.4713582725,446.09348512764745,True
XLRE,2024-04-02T00:00:00.000Z,35.5845069817,-0.03297965946936987,505.2383934543,446.52164387628295,True
XLRE,2024-04-03T00:00:00.000Z,35.6030357539,-0.019977725567812965,505.7934506671,446.926567251655,True
XLRE,2024-04-04T00:00:00.000Z,35.3251041711,-0.03301663116236819,499.6196564058,447.3078280144655,True
XLRE,2024-04-05T00:00:00.000Z,35.5567138234,-0.026676588094084908,504.839141775,447.72616874984595,True
XLRE,2024-04-08T00:00:00.000Z,35.8624385645,-0.029793799610411398,505.1215393043,448.15671134235606,True
XLRE,2024-04-09T00:00:00.000Z,36.316393483,-0.01259658491822302,505.7058100545,448.5826127461665,True
XLRE,2024-04-10T00:00:00.000Z,34.8248273221,-0.05077581215020022,500.6421302188,448.999091540662,True
XLRE,2024-04-11T00:00:00.000Z,34.8618848665,-0.04376980506835648,504.4204144039,449.4429876797375,True
XLRE,2024-04-12T00:00:00.000Z,34.5005738089,-0.04011293456473497,497.4578546298,449.82928705447097,True
XLRE,2024-04-15T00:00:00.000Z,33.8983887129,-0.056383977194259915,491.2256332936,450.1833656031995,True
XLRE,2024-04-16T00:00:00.000Z,33.3795830917,-0.07067320092655738,490.3297514765,450.5246796644895,True
XLRE,2024-04-17T00:00:00.000Z,33.1016515089,-0.07841114263467797,487.4278734168,450.82658093136155,True
XLRE,2024-04-18T00:00:00.000Z,33.110915895,-0.08194194708339964,486.4248752955,451.1210105855569,True
XLRE,2024-04-19T00:00:00.000Z,33.2406173003,-0.08188331627338186,482.1791745101,451.3973908937985,True
XLRE,2024-04-22T00:00:00.000Z,33.509284497,-0.0634386328329527,486.6196322122,451.712688154437,True
XLRE,2024-04-23T00:00:00.000Z,33.815009238,-0.05120873408002713,492.3941747941,452.0622048936665,True
XLRE,2024-04-24T00:00:00.000Z,33.9447106433,-0.043591751501861564,492.160466494,452.40520632571395,True
XLRE,2024-04-25T00:00:00.000Z,33.7501585354,-0.07255600814675289,490.2908000931,452.72537208890304,True
XLRE,2024-04-26T00:00:00.000Z,33.7779516937,-0.07766253478282792,494.9357525578,453.05161442898697,True
XLRE,2024-04-29T00:00:00.000Z,34.1577915235,-0.05072090628095183,496.6885648086,453.369568983017,True
XLRE,2024-04-30T00:00:00.000Z,33.5278132692,-0.05779744857945324,488.8203853716,453.64953137354746,True
XLRE,2024-05-01T00:00:00.000Z,33.5463420413,-0.05776736924391923,487.2331165,453.91404304633,True
XLRE,2024-05-02T00:00:00.000Z,34.0280901182,-0.036716496195391524,491.7904283522,454.185204643209,True
XLRE,2024-05-03T00:00:00.000Z,34.2967573148,-0.0354351224597933,497.8863198467,454.481980622481,True
XLRE,2024-05-06T00:00:00.000Z,34.3060217009,-0.04339963833749705,503.0279024491,454.81901157094296,True
XLRE,2024-05-07T00:00:00.000Z,34.6673327585,-0.045408163265769685,503.5829596619,455.158817805469,True
XLRE,2024-05-08T00:00:00.000Z,34.3430792453,-0.013833466346989787,503.6316488911,455.4891373359819,True
XLRE,2024-05-09T00:00:00.000Z,35.1583452215,0.008503853309574705,506.5335269508,455.82799329333,True
XLRE,2024-05-10T00:00:00.000Z,35.0286438162,0.015306122449586068,507.1859626219,456.16977424561196,True
XLRE,2024-05-13T00:00:00.000Z,35.1212876771,0.03607543044471084,507.2541275428,456.52644307867655,True
XLRE,2024-05-14T00:00:00.000Z,35.3714261016,0.05967249514255579,509.581472698,456.87340974385205,True
XLRE,2024-05-15T00:00:00.000Z,35.9736111976,0.08676182479680272,515.891596801,457.24773632130547,True
XLRE,2024-05-16T00:00:00.000Z,35.908760495,0.0844991606052945,514.8301716047,457.62306591966296,True
XLRE,2024-05-17T00:00:00.000Z,35.908760495,0.08026755852924317,515.5702478883,458.0326832526605,True
XLRE,2024-05-20T00:00:00.000Z,35.6864152287,0.06497097041552502,516.1642564845,458.451484437404,True
XLRE,2024-05-21T00:00:00.000Z,35.6586220705,0.054520547947336295,517.4301764434,458.886393541161,True
XLRE,2024-05-22T00:00:00.000Z,35.3528973294,0.041484716157919266,515.9402860302,459.29506725937694,True
XLRE,2024-05-23T00:00:00.000Z,34.6024820559,0.0252539116106969,512.1717396909,459.694339381694,True
XLRE,2024-05-24T00:00:00.000Z,34.6024820559,0.024410312670136936,515.5605100425,460.125006073827,True
XLRE,2024-05-28T00:00:00.000Z,34.3986655619,0.007051803634151366,515.9208103385,460.55670356247646,True
XLRE,2024-05-29T00:00:00.000Z,34.0744120486,0.016302846088150025,512.3080695326,460.97158974266154,True
XLRE,2024-05-30T00:00:00.000Z,34.5654245115,0.030378348522928977,508.9095613352,461.3576337930525,True
XLRE,2024-05-31T00:00:00.000Z,35.2509890824,0.03593792540081253,513.5447759541,461.7919981659585,True
XLRE,2024-06-03T00:00:00.000Z,35.112023291,0.02377093463142632,513.9635033251,462.244111120282,True
XLRE,2024-06-04T00:00:00.000Z,35.4455411903,0.03321631109940415,514.5380362295,462.715233374292,True
XLRE,2024-06-05T00:00:00.000Z,35.3992192599,0.021111704973049816,520.6534034157,463.215920913969,True
XLRE,2024-06-06T00:00:00.000Z,35.4548055764,0.03237118964084007,520.6436655699,463.70287975132203,True
XLRE,2024-06-07T00:00:00.000Z,35.1768739936,0.0005270092202367405,520.0107055904,464.19240590694045,True
XLRE,2024-06-10T00:00:00.000Z,35.3528973294,0.009256810366436108,521.6174501537,464.66645928400146,True
XLRE,2024-06-11T00:00:00.000Z,35.2417246963,0.003429174360213505,522.8736322668,465.1763693745865,True
XLRE,2024-06-12T00:00:00.000Z,35.4918631208,0.003404924043889368,527.1680222813,465.69291534470455,True
XLRE,2024-06-13T00:00:00.000Z,35.6678864565,-0.008498583570625717,528.2294474776,466.2013292730105,True
XLRE,2024-06-14T00:00:00.000Z,35.6956796148,-0.0059339525303212515,528.5507963903,466.6805217473565,True
XLRE,2024-06-17T00:00:00.000Z,35.510391893,-0.011093911249191568,532.7575457923,467.17183669257696,True
XLRE,2024-06-18T00:00:00.000Z,35.6493576844,-0.0010384215971963595,534.1111063637,467.6730985986276,True
XLRE,2024-06-20T00:00:00.000Z,35.5567138234,-0.0028578851672540484,532.6601673339,468.16305960847245,True
XLRE,2024-06-21T00:00:00.000Z,35.6493576844,0.008385744235832604,531.948354174,468.6588545192555,True
XLRE,2024-06-24T00:00:00.000Z,35.8875552416,0.037138179383316317,530.2191874243,469.16055065246854,True
XLRE,2024-06-25T00:00:00.000Z,35.3822285185,0.022534408408631856,532.2609718914,469.679054869263,True
XLRE,2024-06-26T00:00:00.000Z,35.3354390071,0.027232842608800656,532.925284541,470.19765332227297,True
XLRE,2024-06-27T00:00:00.000Z,35.6536076846,0.04634549919005515,533.7654446567,470.706339041225,True
XLRE,2024-06-28T00:00:00.000Z,35.9437026553,0.039874474660117176,531.6650443675,471.21637234753797,True
XLRE,2024-07-01T00:00:00.000Z,35.597460271,0.009828694105295188,532.7592063786,471.7293716727765,True
XLRE,2024-07-02T00:00:00.000Z,35.7471867074,0.0180896273375053,536.3445408258,472.241752582077,True
XLRE,2024-07-03T00:00:00.000Z,35.7097550983,0.007454080234845062,538.7380202251,472.79214508516304,True
XLRE,2024-07-05T00:00:00.000Z,35.8407657302,0.012473339229833735,541.8446587924,473.3568139135135,True
XLRE,2024-07-08T00:00:00.000Z,35.9249868507,0.013261425825247697,542.4698942273,473.92905629660146,True
XLRE,2024-07-09T00:00:00.000Z,35.934344753,0.02153320273819137,542.9974366255,474.5236112032915,True
XLRE,2024-07-10T00:00:00.000Z,36.1870081146,0.023593845150177817,548.3705536444,475.1800789639165,True
XLRE,2024-07-11T00:00:00.000Z,37.1508720494,0.054172926255803944,543.6422106678,475.817594092524,True
XLRE,2024-07-12T00:00:00.000Z,37.4222512155,0.054389595951323644,547.0712362562,476.4635046171285,True
XLRE,2024-07-15T00:00:00.000Z,37.5813355542,0.05364627085581919,548.5757090215,477.147634078958,True
XLRE,2024-07-16T00:00:00.000Z,37.9369358408,0.06278788498176513,551.8288871439,477.84720763337145,True
XLRE,2024-07-17T00:00:00.000Z,38.2738203229,0.0778202740827747,544.0915986367,478.496154503313,True
XLRE,2024-07-18T00:00:00.000Z,37.9556516454,0.0646938433342159,539.9103366656,479.1292225336875,True
XLRE,2024-07-19T00:00:00.000Z,37.908862134,0.0661520162488145,536.3250022184,479.745185689854,True
XLRE,2024-07-22T00:00:00.000Z,38.2831782252,0.0738812902077206,541.8544280961,480.41644706199804,True
XLRE,2024-07-23T00:00:00.000Z,38.2176729092,0.06492829204757267,541.0044986767,481.0686180814805,True
XLRE,2024-07-24T00:00:00.000Z,37.6936303816,0.06532663316815834,528.74402257,481.660260177397,True
XLRE,2024-07-25T00:00:00.000Z,37.4877565314,0.06091101695008039,525.9890789348,482.213763660661,True
XLRE,2024-07-26T00:00:00.000Z,38.1147359841,0.0690288713914089,531.8799690483,482.7834278028635,True
XLRE,2024-07-29T00:00:00.000Z,38.3580414434,0.06717000781064475,532.1925867657,483.343778295047,True
XLRE,2024-07-30T00:00:00.000Z,38.6387785118,0.08543638275446441,529.4962589526,483.88204243940146,True
XLRE,2024-07-31T00:00:00.000Z,38.545199489,0.07827225131036086,538.1030154865,484.4761990885105,True
XLRE,2024-08-01T00:00:00.000Z,39.1441052349,0.09617400419426292,530.4829586234,485.0426971223655,True
XLRE,2024-08-02T00:00:00.000Z,39.1721789417,0.09295039164559182,520.6061926123,485.5378644847115,True
XLRE,2024-08-05T00:00:00.000Z,38.0398727659,0.058869497266323734,505.4442333153,485.95731873269347,True
XLRE,2024-08-06T00:00:00.000Z,38.882083971,0.08203124999945643,510.1041911663,486.42815892606353,True
XLRE,2024-08-07T00:00:00.000Z,38.6013469027,0.06671838634611849,506.6947041852,486.9002246053855,True
XLRE,2024-08-08T00:00:00.000Z,38.9288734824,0.047858942062941834,518.4080992864,487.4561879758995,True
XLRE,2024-08-09T00:00:00.000Z,39.1253894303,0.0455113778428855,520.6941163453,488.02711032912254,True
XLRE,2024-08-12T00:00:00.000Z,38.8914418733,0.034860557768378264,520.9676568481,488.58407626869047,True
XLRE,2024-08-13T00:00:00.000Z,39.1628210394,0.03231376418338994,529.5353361673,489.21327196962005,True
XLRE,2024-08-14T00:00:00.000Z,39.3031895736,0.026894865524675904,531.205887095,489.87499095542296,True
XLRE,2024-08-15T00:00:00.000Z,39.1908947463,0.03254437869859905,540.3108781161,490.591274674639,True
XLRE,2024-08-16T00:00:00.000Z,39.1721789417,0.03332510491173357,541.5222717713,491.2898799014405,True
XLRE,2024-08-19T00:00:00.000Z,39.4061264987,0.029332681495101598,546.7000027167,492.00175676618653,True
XLRE,2024-08-20T00:00:00.000Z,39.4435581078,0.03207639569035359,545.8109960827,492.6876284847929,True
XLRE,2024-08-21T00:00:00.000Z,39.5745687397,0.049900695132251593,547.6867023875,493.34372247594297,True
XLRE,2024-08-22T00:00:00.000Z,39.817874199,0.06215676485330013,543.3882087724,493.959325962253,True
XLRE,2024-08-23T00:00:00.000Z,40.5852221859,0.06481708814225007,549.1618672418,494.59896363486297,True
XLRE,2024-08-26T00:00:00.000Z,40.5571484791,0.057331056356069166,547.8527805499,495.22606158251546,True
XLRE,2024-08-27T00:00:00.000Z,40.6600854041,0.052312908693081805,548.6050169325,495.85537379814605,True
XLRE,2024-08-28T00:00:00.000Z,40.5197168699,0.051226025732814984,545.4202239359,496.4852463504135,True
XLRE,2024-08-29T00:00:00.000Z,40.3606325312,0.03107817355894915,545.4690704542,497.0826362373345,True
XLRE,2024-08-30T00:00:00.000Z,40.7536644269,0.040372670806843036,550.6761093107,497.708091643078,True
XLRE,2024-09-03T00:00:00.000Z,40.8472434497,0.0738007380065846,539.3437170527,498.23560182189044,True
XLRE,2024-09-04T00:00:00.000Z,40.9408224725,0.05294825511501644,538.2397857379,498.75299994338405,True
XLRE,2024-09-05T00:00:00.000Z,40.8285276452,0.05769696969678062,536.930699046,499.2611938730925,True
XLRE,2024-09-06T00:00:00.000Z,40.8285276452,0.048798076925057776,527.8940931506,499.7214976739375,True
XLRE,2024-09-09T00:00:00.000Z,41.3151385637,0.05596747189701312,533.8045218714,500.1945792704035,True
XLRE,2024-09-10T00:00:00.000Z,42.0450549415,0.08108758421644002,536.129616145,500.684072103224,True
XLRE,2024-09-11T00:00:00.000Z,41.9327601141,0.0707287933091767,541.6297341116,501.1926058402955,True
XLRE,2024-09-12T00:00:00.000Z,42.0076233324,0.06880952381067229,546.1919989259,501.7225973517455,True
XLRE,2024-09-13T00:00:00.000Z,42.3070762053,0.07951289398143158,549.0446355977,502.27081601351296,True
XLRE,2024-09-16T00:00:00.000Z,42.4474447395,0.08361204013375367,549.8554878024,502.82091358858247,True
XLRE,2024-09-17T00:00:00.000Z,42.1105602575,0.06862977915094537,550.0801817868,503.37368154750897,True
XLRE,2024-09-18T00:00:00.000Z,41.9889075278,0.06453143534981076,548.4487080738,503.90963908804656,True
XLRE,2024-09-19T00:00:00.000Z,41.8859706027,0.05840624261007488,557.8077009903,504.47933950683995,True
XLRE,2024-09-20T00:00:00.000Z,41.8111073845,0.05005875440608154,556.8459433288,505.055881332899,True
XLRE,2024-09-23T00:00:00.000Z,42.2710342447,0.04153758358345705,558.2374457301,505.639815740509,True
XLRE,2024-09-24T00:00:00.000Z,42.2710342447,0.04225853714748218,559.8347336977,506.240631343083,True
XLRE,2024-09-25T00:00:00.000Z,42.0919995477,0.035216702802488564,558.6000202994,506.81849903068303,True
XLRE,2024-09-26T00:00:00.000Z,41.677392881,0.028570683620940507,560.8146649663,507.397916752705,True
XLRE,2024-09-27T00:00:00.000Z,41.7339301538,0.03402567146435098,560.0013220134,507.96461471013805,True
XLRE,2024-09-30T00:00:00.000Z,42.0919995477,0.032839626561694146,562.2453646183,508.53233291683654,True
XLRE,2024-10-01T00:00:00.000Z,41.8375818204,0.02424492541141765,557.2085178981,509.04392861123347,True
XLRE,2024-10-02T00:00:00.000Z,41.6868157598,0.018221257958388026,557.4437014026,509.549400723022,True
XLRE,2024-10-03T00:00:00.000Z,41.2816319719,0.011097738587035888,556.4245728833,510.053518437405,True
XLRE,2024-10-04T00:00:00.000Z,41.008368487,0.004404783913904975,561.4810182288,510.57010450853903,True
XLRE,2024-10-07T00:00:00.000Z,40.7068363658,-0.014723469871996575,556.404974258,511.04738012995796,True
XLRE,2024-10-08T00:00:00.000Z,40.8293337901,-0.028914723814524868,561.6672051699,511.582904506105,True
XLRE,2024-10-09T00:00:00.000Z,40.8481795476,-0.025864754992250272,565.5575323058,512.1163299184255,True
XLRE,2024-10-10T00:00:00.000Z,40.5089559113,-0.03567608215397644,564.5678017246,512.640195626144,True
XLRE,2024-10-11T00:00:00.000Z,40.923562578,-0.03270170740673117,567.948564601,513.1712576709895,True
XLRE,2024-10-14T00:00:00.000Z,41.2062489416,-0.029240765975837135,572.5934388137,513.721369871679,True
XLRE,2024-10-15T00:00:00.000Z,41.724507275,-0.009167604993601142,568.1445508547,514.2483639596205,True
XLRE,2024-10-16T00:00:00.000Z,42.1391139417,0.0035772879730331386,570.6139776513,514.794403340851,True
XLRE,2024-10-17T00:00:00.000Z,41.8658504568,-0.0004803552504690778,570.6629742147,515.3535986496474,True
XLRE,2024-10-18T00:00:00.000Z,42.1579596992,0.0082956978754547,572.8580202562,515.9425046197534,True
XLRE,2024-10-21T00:00:00.000Z,41.2910548507,-0.023183236736699198,571.9172862384,516.534036065098,True
XLRE,2024-10-22T00:00:00.000Z,41.3570150022,-0.02162282657218395,571.6135075452,517.120942224255,True
XLRE,2024-10-23T00:00:00.000Z,41.7621987901,-0.007835236176562677,566.3904738841,517.649310241075,True
XLRE,2024-10-24T00:00:00.000Z,41.856427578,0.0042957268827057415,567.6153879697,518.1872975201351,True
XLRE,2024-10-25T00:00:00.000Z,41.5266268204,-0.00496726123410951,567.419401716,518.7112968484046,True
XLRE,2024-10-28T00:00:00.000Z,41.6585471234,-0.010297738975521886,569.1734786866,519.2450858466391,True
XLRE,2024-10-29T00:00:00.000Z,41.2816319719,-0.013288288287945926,570.094614079,519.7818787880885,True
XLRE,2024-10-30T00:00:00.000Z,41.4323980325,-0.006103074141377451,568.3699350464,520.318542376973,True
XLRE,2024-10-31T00:00:00.000Z,40.7068363658,-0.013923761698453552,557.2281165235,520.8123107432195,True
XLRE,2024-11-01T00:00:00.000Z,40.2733839416,-0.01792279411537656,559.5799515679,521.2974525824525,True
XLRE,2024-11-04T00:00:00.000Z,40.7256821234,0.000462962963533764,558.3746361077,521.7477366369375,True
XLRE,2024-11-05T00:00:00.000Z,41.2816319719,0.011077775212429808,565.1263625477,522.2268285102225,True
XLRE,2024-11-06T00:00:00.000Z,40.1791551537,-0.016378316030470574,579.1785769381,522.7693376839944,True
XLRE,2024-11-07T00:00:00.000Z,40.6785677295,0.004187020237484962,583.6568628351,523.331665805779,True
XLRE,2024-11-08T00:00:00.000Z,41.3758607598,0.01105226801644954,586.1850855079,523.893821170951,True
XLRE,2024-11-11T00:00:00.000Z,41.0177913658,-0.0045735193239038185,586.7436463309,524.4617786581871,True
XLRE,2024-11-12T00:00:00.000Z,40.4995330325,-0.029358626919819164,584.9209741715,525.001887353524,True
XLRE,2024-11-13T00:00:00.000Z,40.8199109113,-0.03130590339951467,585.2051542394,525.545261369879,True
XLRE,2024-11-14T00:00:00.000Z,40.4524186385,-0.033760972317007476,581.4422181683,526.1086991522844,True
XLRE,2024-11-15T00:00:00.000Z,40.4995330325,-0.03933839964108776,573.9947405277,526.6042239183615,True
XLRE,2024-11-18T00:00:00.000Z,40.8576024264,-0.010497489731547849,576.3465755721,527.086511105729,True
XLRE,2024-11-19T00:00:00.000Z,41.0272142446,-0.00797448165885406,578.4534277994,527.5880692837625,True
XLRE,2024-11-20T00:00:00.000Z,40.9612540931,-0.01917870036071634,578.6494140531,528.083666546827,True
XLRE,2024-11-21T00:00:00.000Z,41.234517578,-0.014858171993801017,581.7557961742,528.574798317352,True
XLRE,2024-11-22T00:00:00.000Z,41.545472578,0.0004538234632327498,583.5588697083,529.073877633049,True
XLRE,2024-11-25T00:00:00.000Z,42.1014224265,0.010631078942530792,585.5383308707,529.5688754873111,True
XLRE,2024-11-26T00:00:00.000Z,42.3087257598,0.024880164345225886,588.5957164284,530.0802280918596,True
XLRE,2024-11-27T00:00:00.000Z,42.6008350023,0.02820104616883312,586.8122415197,530.6161541183941,True
XLRE,2024-11-29T00:00:00.000Z,42.4029545477,0.041666666666461794,590.4575858386,531.148513580086,True
XLRE,2024-12-02T00:00:00.000Z,41.7621987901,0.03696771174378877,591.5159116086,531.6694678097494,True
XLRE,2024-12-03T00:00:00.000Z,41.5172039416,0.019435446551924418,591.7902923637,532.2039282897571,True
XLRE,2024-12-04T00:00:00.000Z,41.4041293962,0.0029673590516814397,595.4650346206,532.7701102622746,True
XLRE,2024-12-05T00:00:00.000Z,41.3004777295,0.027908067541752235,594.4851033521,533.329208396067,True
XLRE,2024-12-06T00:00:00.000Z,41.2439404568,0.013898540653140667,595.6120243109,533.843996164177,True
XLRE,2024-12-09T00:00:00.000Z,41.3287463659,-0.0011386927796743773,592.5448394405,534.3417491994155,True
XLRE,2024-12-10T00:00:00.000Z,40.6597219719,-0.0087296117605824,590.7025686557,534.8393188345769,True
XLRE,2024-12-11T00:00:00.000Z,40.5560703052,0.0013959981379201292,595.2690483669,535.3551583539845,True
XLRE,2024-12-12T00:00:00.000Z,40.5278016688,-0.007156048016242367,592.2018634965,535.8589139539205,True
XLRE,2024-12-13T00:00:00.000Z,40.3581898507,-0.0023293733964850905,592.0842717443,536.3532477907935,True
XLRE,2024-12-16T00:00:00.000Z,40.1508865173,-0.008608655189189851,594.612494417,536.837070407777,True
XLRE,2024-12-17T00:00:00.000Z,39.9718518203,-0.02167896678948722,592.1626662458,537.3113134401494,True
XLRE,2024-12-18T00:00:00.000Z,38.4076539415,-0.06384933394410974,574.5141041,537.722164803566,True
XLRE,2024-12-19T00:00:00.000Z,37.7480524263,-0.07844490453092046,574.3377164716,538.1196601205675,True
XLRE,2024-12-20T00:00:00.000Z,38.4359225778,-0.06787020109805153,581.2124713226,538.526969294369,True
XLRE,2024-12-23T00:00:00.000Z,38.6089360553,-0.0706824676789215,584.692962143,538.9666789746315,True
XLRE,2024-12-24T00:00:00.000Z,38.8660749979,-0.07684651116594032,591.19184472,539.4410187127751,True
XLRE,2024-12-26T00:00:00.000Z,38.9232169852,-0.08001916185849234,591.2311722999,539.888859526367,True
XLRE,2024-12-27T00:00:00.000Z,38.6089360553,-0.09370471134625602,585.0075827821,540.3095139206584,True
XLRE,2024-12-30T00:00:00.000Z,38.4279864289,-0.09374271583666349,578.3317260955,540.7017398449169,True
XLRE,2024-12-31T00:00:00.000Z,38.7327436943,-0.07254060331033518,576.2277005713,541.1005553760015,True
XLRE,2025-01-02T00:00:00.000Z,38.3708444417,-0.07578447489685991,574.8119076952,541.4775391062616,True
XLRE,2025-01-03T00:00:00.000Z,38.8946459915,-0.06060949575068997,581.9990229204,541.8765819823279,True
XLRE,2025-01-06T00:00:00.000Z,38.3613207771,-0.07116520471385812,585.3516991061,542.269163477,True
XLRE,2025-01-07T00:00:00.000Z,38.0756108409,-0.07681927528768961,578.7348337894,542.6202860976675,True
XLRE,2025-01-08T00:00:00.000Z,38.2375131381,-0.07479620118239427,579.5803767571,542.9804566668636,True
XLRE,2025-01-10T00:00:00.000Z,37.3137176775,-0.08229284737147058,570.7316712814,543.3033949576845,True
XLRE,2025-01-13T00:00:00.000Z,37.7899009046,-0.06820605102475441,571.616541829,543.6354317672454,True
XLRE,2025-01-14T00:00:00.000Z,38.113705499,-0.05956642281089908,572.4030934268,543.9501728308691,True
XLRE,2025-01-15T00:00:00.000Z,38.2756077963,-0.051602464384657654,582.8150702031,544.3174606706656,True
XLRE,2025-01-16T00:00:00.000Z,39.1327376051,-0.02535806804069718,581.6942341762,544.683575050184,True
XLRE,2025-01-17T00:00:00.000Z,39.1232139405,-0.021230887265748732,587.5343797901,545.095054981863,True
XLRE,2025-01-21T00:00:00.000Z,39.8374887812,0.037227861974538534,592.9124263403,545.530649860229,True
XLRE,2025-01-22T00:00:00.000Z,39.1422612696,0.036934590096325604,596.2454387361,546.0137787718804,True
XLRE,2025-01-23T00:00:00.000Z,39.4565421995,0.02655379533648805,599.4997959721,546.4870820428661,True
XLRE,2025-01-24T00:00:00.000Z,39.570826174,0.024913665513141003,597.749718667,546.9502229396794,True
XLRE,2025-01-27T00:00:00.000Z,39.9612964203,0.028179367802361854,589.2942889903,547.3681653343585,True
XLRE,2025-01-28T00:00:00.000Z,39.4755895286,0.014191338388346297,594.3577149013,547.836743257771,True
XLRE,2025-01-29T00:00:00.000Z,39.0184536306,0.010606808090060982,591.6932713637,548.27310754257,True
XLRE,2025-01-30T00:00:00.000Z,39.5327315159,0.028748451055170765,594.8689734399,548.7601631366206,True
XLRE,2025-01-31T00:00:00.000Z,39.447018535,0.018441111384658093,591.7031032586,549.2625504864454,True
XLRE,2025-02-03T00:00:00.000Z,39.3803528832,0.026309257880259285,587.7211857946,549.749507658036,True
XLRE,2025-02-04T00:00:00.000Z,39.3803528832,0.012487757101739438,591.6637756787,550.2706871693455,True
XLRE,2025-02-05T00:00:00.000Z,39.9993910785,0.04270109235597164,594.0627580521,550.8088765831285,True
XLRE,2025-02-06T00:00:00.000Z,40.113675053,0.053526763381843256,596.1274559964,551.37861799056,True
XLRE,2025-02-07T00:00:00.000Z,39.9708200848,0.0453300124524294,590.6707542865,551.8988736009314,True
XLRE,2025-02-10T00:00:00.000Z,40.0279620721,0.07274119448667737,594.6821674354,552.4103135641379,True
XLRE,2025-02-11T00:00:00.000Z,40.2470063566,0.06502016129131749,595.1344346042,552.925183404689,True
XLRE,2025-02-12T00:00:00.000Z,39.904154433,0.04697651174449513,593.2172150845,553.439815479646,True
XLRE,2025-02-13T00:00:00.000Z,40.2184353629,0.050758895245755165,599.4801321822,553.9625373777681,True
XLRE,2025-02-14T00:00:00.000Z,40.0565330657,0.023606716962209395,599.4506364973,554.4763477362116,True
XLRE,2025-02-18T00:00:00.000Z,40.1993880338,0.027507302823757795,601.2105456974,555.0382985378405,True
XLRE,2025-02-19T00:00:00.000Z,40.2755773502,0.01099689218379507,602.6263385735,555.615264648208,True
XLRE,2025-02-20T00:00:00.000Z,40.5517636219,0.03600973236042182,600.1192053554,556.156908533224,True
XLRE,2025-02-21T00:00:00.000Z,40.2184353629,0.019309678976624944,589.8547070037,556.616750469009,True
XLRE,2025-02-24T00:00:00.000Z,40.3993849892,0.02093862815895431,587.1705996761,557.0374639551441,True
XLRE,2025-02-25T00:00:00.000Z,40.8279498937,0.021687321259170833,584.2505268692,557.4408017911805,True
XLRE,2025-02-26T00:00:00.000Z,40.6279529383,0.029191797347703163,584.5454837184,557.8453709653171,True
XLRE,2025-02-27T00:00:00.000Z,40.8089025646,0.045887234562157264,575.2150153891,558.1887784075085,True
XLRE,2025-02-28T00:00:00.000Z,41.0946125008,0.03950855215435367,584.1915354993,558.5738062718955,True
XLRE,2025-03-03T00:00:00.000Z,41.4469880889,0.050700144856967944,573.9565328326,558.9073182983444,True
XLRE,2025-03-04T00:00:00.000Z,40.9708048618,0.04038694074979965,567.1626934063,559.195224401886,True
XLRE,2025-03-05T00:00:00.000Z,41.3517514435,0.050060459492251574,573.2584682895,559.4820587593285,True
XLRE,2025-03-06T00:00:00.000Z,40.2184353629,0.005476190474253073,563.0824569925,559.7233201862675,True
XLRE,2025-03-07T00:00:00.000Z,40.447003312,0.008309591643238523,566.2384952788,559.97666142322,True
XLRE,2025-03-10T00:00:00.000Z,40.0565330657,0.0021443888496197605,551.1563683904,560.1516219827495,True
XLRE,2025-03-11T00:00:00.000Z,39.6374918258,-0.009754936951241078,546.574705333,560.2973446271975,True
XLRE,2025-03-12T00:00:00.000Z,39.4946368577,-0.01869380028501466,549.4751143501,560.465018768797,True
XLRE,2025-03-13T00:00:00.000Z,38.7232200298,-0.02959427207467391,542.1503525952,560.6149118333185,True
XLRE,2025-03-14T00:00:00.000Z,39.4755895286,-0.018470281789859322,553.3488809694,560.8038536879529,True
XLRE,2025-03-17T00:00:00.000Z,40.1708170402,0.0028530670468298602,557.6159233876,561.0123292531986,True
XLRE,2025-03-18T00:00:00.000Z,39.9232017621,-0.0068704098546917836,551.5889717692,561.2087337643815,True
XLRE,2025-03-19T00:00:00.000Z,39.9708200848,-0.007566800663094342,557.5962595977,561.452167255694,True
XLRE,2025-03-20T00:00:00.000Z,39.9232017621,-0.015500234851944739,555.9838288221,561.664362520034,True
XLRE,2025-03-21T00:00:00.000Z,39.5327315159,-0.017049490881799523,556.1662380032,561.8753761934245,True
XLRE,2025-03-24T00:00:00.000Z,40.0790146282,-0.007930080150617358,566.1263057429,562.1333175409915,True
XLRE,2025-03-25T00:00:00.000Z,39.5998298527,-0.030080374944065236,567.4871862855,562.3674864553406,True
XLRE,2025-03-26T00:00:00.000Z,39.8010874584,-0.020352132462980066,560.7123679319,562.5678299671505,True
XLRE,2025-03-27T00:00:00.000Z,39.7052505033,-0.027044394530162386,559.2232884975,562.763892881686,True
XLRE,2025-03-28T00:00:00.000Z,39.6860831123,-0.03427528093792298,547.9615089344,562.8956131755896,True
XLRE,2025-03-31T00:00:00.000Z,40.1077657148,-0.0323116934631652,551.6398309809,563.03944416916,True
XLRE,2025-04-01T00:00:00.000Z,40.1365168013,-0.020362989287473487,553.1979405877,563.169593760692,True
XLRE,2025-04-02T00:00:00.000Z,40.3281907115,-0.024752536380436507,556.6987564764,563.311940305686,True
XLRE,2025-04-03T00:00:00.000Z,39.1206450771,-0.027295698499814613,529.2641936528,563.3155072919985,True
XLRE,2025-04-04T00:00:00.000Z,37.338077712,-0.07686417646366472,498.2795076745,563.1431171014095,True
XLRE,2025-04-07T00:00:00.000Z,36.4372103339,-0.09035536664802357,497.3919768858,562.95952145402,True
XLRE,2025-04-08T00:00:00.000Z,35.5363429559,-0.10346640720668832,489.6014288517,562.744227761609,True
XLRE,2025-04-09T00:00:00.000Z,37.5776700998,-0.04853739419878378,541.0190458763,562.7895812201206,True
XLRE,2025-04-10T00:00:00.000Z,36.7822233723,-0.05012487742512817,517.3121123652,562.725045844825,True
XLRE,2025-04-11T00:00:00.000Z,37.29974293,-0.055118786687747834,526.5424325675,562.6964531482055,True
XLRE,2025-04-14T00:00:00.000Z,38.1239407439,-0.050954310793620006,531.650665329,562.6900800521455,True
XLRE,2025-04-15T00:00:00.000Z,38.181442917,-0.043627734455744305,530.1615858947,562.6720607583355,True
XLRE,2025-04-16T00:00:00.000Z,38.162275526,-0.04524662128430412,518.3771493116,562.605621283056,True
XLRE,2025-04-17T00:00:00.000Z,38.7660483432,-0.02898448440571999,519.1167583021,562.5374090426735,True
XLRE,2025-04-21T00:00:00.000Z,37.9610179202,-0.03975727290859865,506.760357433,562.3894881257096,True
XLRE,2025-04-22T00:00:00.000Z,38.7372972566,-0.03347680535678521,519.9451203716,562.295523626442,True
XLRE,2025-04-23T00:00:00.000Z,38.7852157342,-0.020571151985504188,528.0019276422,562.226309970691,True
XLRE,2025-04-24T00:00:00.000Z,38.9002200803,-0.022634240309176934,539.1157854072,562.2095394265905,True
XLRE,2025-04-25T00:00:00.000Z,38.8427179073,-0.021723388848240988,543.0110594242,562.209607540584,True
XLRE,2025-04-28T00:00:00.000Z,39.0823102951,-0.015213716493298057,543.2181499416,562.18384552207,True
XLRE,2025-04-29T00:00:00.000Z,39.3985722469,-0.01768219832894613,546.6400742046,562.198834839754,True
XLRE,2025-04-30T00:00:00.000Z,39.5806624616,-0.013849092646773808,546.8570261752,562.197763789349,True
XLRE,2025-05-01T00:00:00.000Z,39.6956668078,-0.015684410645271707,550.7325772858,562.2085481306706,True
XLRE,2025-05-02T00:00:00.000Z,40.1844352789,0.02719255267144627,558.9077219949,562.2439423049256,True
XLRE,2025-05-05T00:00:00.000Z,40.1365168013,0.07494866529780175,555.7027497024,562.301998060254,True
XLRE,2025-05-06T00:00:00.000Z,39.8585896315,0.0938979484501552,551.0580052416,562.3577364031339,True
XLRE,2025-05-07T00:00:00.000Z,39.8298385449,0.12081984897343423,553.3754467454,562.442988625769,True
XLRE,2025-05-08T00:00:00.000Z,39.6381646347,0.05483295077708816,557.2312749496,562.5198728600365,True
XLRE,2025-05-09T00:00:00.000Z,39.8777570225,0.08415841584310502,556.5212503186,562.597456618246,True
XLRE,2025-05-12T00:00:00.000Z,39.9160918045,0.07014388488977175,574.9128605508,562.8283008081501,True
XLRE,2025-05-13T00:00:00.000Z,39.3794048559,0.032931121166976274,578.7095200358,563.0919030136549,True
XLRE,2025-05-14T00:00:00.000Z,39.043975513,0.022590361445349316,579.4491290263,563.329748813545,True
XLRE,2025-05-15T00:00:00.000Z,39.7627526764,0.041938724259500404,582.2793660969,563.580182710201,True
XLRE,2025-05-16T00:00:00.000Z,40.2611048429,0.03856613102434636,585.9675495966,563.862539163421,True
XLRE,2025-05-19T00:00:00.000Z,40.3473581025,0.06286291340544303,586.6085440551,564.105066806264,True
XLRE,2025-05-20T00:00:00.000Z,40.1365168013,0.036120732312102666,584.6362534136,564.375833280215,True
XLRE,2025-05-21T00:00:00.000Z,39.0727265995,0.007412898442291649,574.7846616591,564.646725625449,True
XLRE,2025-05-22T00:00:00.000Z,38.9385548624,0.0009854644015088176,575.0114750829,564.994561834287,True
XLRE,2025-05-23T00:00:00.000Z,38.9481385579,0.002714038982843503,571.0866167063,565.2994739619869,True
XLRE,2025-05-27T00:00:00.000Z,39.5902461572,0.012996566944602606,582.9598063683,565.6807994729025,True
XLRE,2025-05-28T00:00:00.000Z,39.5902461572,0.0048649963531375295,579.5871893713,565.986694923327,True
XLRE,2025-05-29T00:00:00.000Z,39.9544265866,0.009443099275122435,581.8750465154,566.2925995741775,True
XLRE,2025-05-30T00:00:00.000Z,39.9927613686,0.0074843070967538505,581.2241906037,566.5938822429555,True
XLRE,2025-06-02T00:00:00.000Z,40.0502635417,-0.0033388981646446103,584.4981930686,566.868696527462,True
XLRE,2025-06-03T00:00:00.000Z,39.906508109,-0.005730659026508933,587.8313642528,567.151823913251,True
XLRE,2025-06-04T00:00:00.000Z,40.0310961507,0.004327963452667394,587.6735810015,567.388637427678,True
XLRE,2025-06-05T00:00:00.000Z,40.0215124552,0.0048123195398828145,584.8334824777,567.60519348121,True
XLRE,2025-06-06T00:00:00.000Z,40.1365168013,0.012572533849454004,590.8391074811,567.825889005032,True
XLRE,2025-06-09T00:00:00.000Z,40.1173494103,0.006008171113154992,591.3716259544,568.0536921543905,True
XLRE,2025-06-10T00:00:00.000Z,40.4719461442,0.013925570229231132,594.7245200449,568.2888812426775,True
XLRE,2025-06-11T00:00:00.000Z,40.2515211474,0.02214650766539794,593.0283500932,568.5370819492815,True
XLRE,2025-06-12T00:00:00.000Z,40.4719461442,0.03657339224394662,595.3852374099,568.768198800122,True
XLRE,2025-06-13T00:00:00.000Z,40.1461004968,0.009640877318524588,588.7287564947,568.972578679846,True
XLRE,2025-06-16T00:00:00.000Z,40.1844352789,-0.0019043084957346412,594.3300619166,569.2012039047665,True
XLRE,2025-06-17T00:00:00.000Z,40.0215124552,-0.008076009499115355,589.2514135147,569.4203598526605,True
XLRE,2025-06-18T00:00:00.000Z,40.0981820193,-0.0009551098365057076,589.1626604358,569.6388278025685,True
XLRE,2025-06-20T00:00:00.000Z,40.0885983237,0.025999509443320967,587.7831585111,569.8243630485705,True
XLRE,2025-06-23T00:00:00.000Z,40.6687981251,0.04443522028011282,593.5889859669,570.0955893931416,True
XLRE,2025-06-24T00:00:00.000Z,40.8621828047,0.049143407558607466,600.1465048822,570.405122988863,True
XLRE,2025-06-25T00:00:00.000Z,39.8662517047,0.006971554215754905,600.4827879034,570.7228834331501,True
XLRE,2025-06-26T00:00:00.000Z,39.6148516211,0.0006215031804122084,605.1808595244,571.109317265019,True
XLRE,2025-06-27T00:00:00.000Z,39.7598901309,-0.004868958769270626,608.1876253619,571.4812327824715,True
XLRE,2025-06-30T00:00:00.000Z,40.0499671503,0.0014304033965735208,611.0954844284,571.8560621238885,True
XLRE,2025-07-01T00:00:00.000Z,40.3207057018,0.0067525688019112184,610.8976708864,572.2024018077625,True
XLRE,2025-07-02T00:00:00.000Z,40.3980595736,0.01231757645287801,613.6670604735,572.5397771155004,True
XLRE,2025-07-03T00:00:00.000Z,40.4173980416,0.009650045290934273,618.5036015739,572.8870719453815,True
XLRE,2025-07-07T00:00:00.000Z,40.1079825542,0.0021605904848496227,613.8945460468,573.2072672366035,True
XLRE,2025-07-08T00:00:00.000Z,40.0499671503,-0.0021563817166415644,613.5582630255,573.524657642797,True
XLRE,2025-07-09T00:00:00.000Z,40.0306286823,-0.002161676413689917,617.2375949055,573.8686020769555,True
XLRE,2025-07-10T00:00:00.000Z,40.2336825959,-0.005887128517395035,618.9783540745,574.1744553423765,True
XLRE,2025-07-11T00:00:00.000Z,40.19500566,-0.0014040584253459665,616.8024051132,574.4742376512985,True
XLRE,2025-07-14T00:00:00.000Z,40.4657442115,-0.00015324028841845472,617.9793956878,574.772947401087,True
XLRE,2025-07-15T00:00:00.000Z,39.9436055765,-0.005043949917779567,615.3385849029,575.050466657113,True
XLRE,2025-07-16T00:00:00.000Z,40.3787211057,0.004834852734685979,617.395845739,575.344445784311,True
XLRE,2025-07-17T00:00:00.000Z,40.3400441697,0.007959012415049482,621.17408439,575.6462428814295,True
XLRE,2025-07-18T00:00:00.000Z,40.4560749775,0.008925416070677317,620.7191132436,575.9498318375805,True
XLRE,2025-07-21T00:00:00.000Z,40.6107827212,0.0130257584284581,621.8961038181,576.2480855335795,True
XLRE,2025-07-22T00:00:00.000Z,41.3166368018,0.01592962434511125,621.985119912,576.571968543649,True
XLRE,2025-07-23T00:00:00.000Z,41.4326676096,0.01396119261730644,627.2766321588,576.92113319743,True
XLRE,2025-07-24T00:00:00.000Z,41.3746522057,0.03783652679898597,627.4843363778,577.2764320149024,True
XLRE,2025-07-25T00:00:00.000Z,41.3746522057,0.04442274835285964,630.1350378398,577.6197021129575,True
XLRE,2025-07-28T00:00:00.000Z,40.6591288911,0.022616731516095223,629.9767870062,577.9875611766985,True
XLRE,2025-07-29T00:00:00.000Z,41.3359752698,0.032110091742993285,628.315153254,578.320800917119,True
XLRE,2025-07-30T00:00:00.000Z,40.7558212309,0.010791366905082977,627.5238990862,578.6306327510209,True
XLRE,2025-07-31T00:00:00.000Z,40.0402979163,-0.008855911919437798,625.1699179372,578.933643332084,True
XLRE,2025-08-01T00:00:00.000Z,39.9242671085,-0.012200956939198426,614.9231764648,579.1685163914029,True
XLRE,2025-08-04T00:00:00.000Z,40.2626902979,0.00385728061716728,624.2698663214,579.4268985289415,True
XLRE,2025-08-05T00:00:00.000Z,40.3980595736,0.008691453403536498,621.1048496504,579.69170002292,True
XLRE,2025-08-06T00:00:00.000Z,40.0596363843,0.0007246376825660317,625.8622653339,579.967941461333,True
XLRE,2025-08-07T00:00:00.000Z,40.214344128,-0.0004806536874646383,625.3380594478,580.2413168874986,True
XLRE,2025-08-08T00:00:00.000Z,39.8855901726,-0.007697859032967269,630.2141632566,580.5280976025006,True
XLRE,2025-08-11T00:00:00.000Z,39.6535285571,-0.020071684587211314,628.9679379424,580.8133508610205,True
XLRE,2025-08-12T00:00:00.000Z,39.7212131949,-0.005567659163218774,635.6639263369,581.133602954979,True
XLRE,2025-08-13T00:00:00.000Z,39.9822825124,-0.009818007664537998,637.8398752982,581.4908499620494,True
XLRE,2025-08-14T00:00:00.000Z,39.701874727,-0.01581975071755959,637.8992193608,581.842269119005,True
XLRE,2025-08-15T00:00:00.000Z,39.9629440445,-0.012189292541954777,636.4057271192,582.187200746021,True
XLRE,2025-08-18T00:00:00.000Z,39.5858439192,-0.025238095237818503,636.2672576398,582.522669640787,True
XLRE,2025-08-19T00:00:00.000Z,40.2916979998,-0.024806927217157937,632.815411333,582.836273627057,True
XLRE,2025-08-20T00:00:00.000Z,40.4464057435,-0.023803967328221987,631.1339962266,583.150093932958,True
XLRE,2025-08-21T00:00:00.000Z,40.3013672338,-0.025940640336117204,628.6019828898,583.5069632647895,True
XLRE,2025-08-22T00:00:00.000Z,40.9395366766,-0.010516475810763648,638.2552837363,583.9003399256316,True
XLRE,2025-08-25T00:00:00.000Z,40.736482763,0.0019024970285805853,635.4463314408,584.2856984022969,True
XLRE,2025-08-26T00:00:00.000Z,40.6204519552,-0.017309941520183947,638.1069235798,584.6506012074575,True
XLRE,2025-08-27T00:00:00.000Z,40.7944981669,0.0009489916981644253,639.5608531131,584.9525125883325,True
XLRE,2025-08-28T00:00:00.000Z,40.6881365931,0.01617966674859006,641.8258181682,585.243357364998,True
XLRE,2025-08-29T00:00:00.000Z,40.9105289746,0.024703317995035334,637.9981261318,585.5024225681175,True
XLRE,2025-09-02T00:00:00.000Z,40.214344128,-0.0012007684916802708,633.2703824795,585.7350562488605,True
XLRE,2025-09-03T00:00:00.000Z,40.1079825542,-0.007180469123065691,636.7024474321,585.9939636151635,True
XLRE,2025-09-04T00:00:00.000Z,40.3787211057,0.007965242578314102,642.0236317102,586.2780560025175,True
XLRE,2025-09-05T00:00:00.000Z,40.7848289329,0.014186102428630276,640.164184416,586.571665833756,True
XLRE,2025-09-08T00:00:00.000Z,40.5140903814,0.015757575758068132,641.7368020744,586.9103761414895,True
XLRE,2025-09-09T00:00:00.000Z,40.4947519134,0.021214337964619245,643.2204036389,587.2447452818235,True
XLRE,2025-09-10T00:00:00.000Z,40.4754134455,0.018987341773761157,645.0798509331,587.577877397492,True
XLRE,2025-09-11T00:00:00.000Z,41.1329213562,0.02877871825959777,650.4405979196,587.9368333168245,True
XLRE,2025-09-12T00:00:00.000Z,40.9492059106,0.031417437896244405,650.2230030235,588.279169351071,True
XLRE,2025-09-15T00:00:00.000Z,40.9008597407,0.02346963464842844,653.6847400074,588.6297987025665,True
XLRE,2025-09-16T00:00:00.000Z,40.6591288911,0.027112848069898998,652.7846883915,588.9660304901705,True
XLRE,2025-09-17T00:00:00.000Z,40.6397904232,0.008639308857167682,651.9736528696,589.2829201723765,True
XLRE,2025-09-18T00:00:00.000Z,40.6687981251,0.005498446092103926,655.0199814154,589.6239588718549,True
XLRE,2025-09-19T00:00:00.000Z,40.4657442115,0.004078694818128614,658.2553346475,589.9629476158996,True
XLRE,2025-09-22T00:00:00.000Z,40.5979091031,-0.008344685876605529,661.3695756462,590.3122159360876,True
XLRE,2025-09-23T00:00:00.000Z,40.9194188224,0.004490718073631994,657.7693543643,590.6421112460905,True
XLRE,2025-09-24T00:00:00.000Z,40.5004819154,-0.0029534393150599803,655.6766637569,590.9431693917719,True
XLRE,2025-09-25T00:00:00.000Z,40.4030547277,-0.009595495882766092,652.651684443,591.2340022972264,True
XLRE,2025-09-26T00:00:00.000Z,40.8025061972,0.002810883310871537,656.3907572343,591.5378959618434,True
XLRE,2025-09-29T00:00:00.000Z,40.8804479473,-0.0007352881532936006,658.2354987176,591.866349258229,True
XLRE,2025-09-30T00:00:00.000Z,41.0460741664,0.020682422066928385,660.7149899586,592.2164113647435,True
XLRE,2025-10-01T00:00:00.000Z,41.0460741664,0.023389149801596343,662.9663680053,592.5548979629355,True
XLRE,2025-10-02T00:00:00.000Z,40.8317343535,0.011219108366858466,663.7300513075,592.9125389019905,True
XLRE,2025-10-03T00:00:00.000Z,40.9973605726,0.005211046491077953,663.7201333426,593.270718209982,True
XLRE,2025-10-06T00:00:00.000Z,40.5881663843,0.0018284009884621533,666.1004449339,593.6281579625665,True
XLRE,2025-10-07T00:00:00.000Z,40.4615110404,-0.0008208686664160636,663.6308716579,593.985498989627,True
XLRE,2025-10-08T00:00:00.000Z,40.2569139462,-0.005398326556792621,667.5881396785,594.4508691675195,True
XLRE,2025-10-09T00:00:00.000Z,40.0718022897,-0.025797318340484376,665.6541365105,594.907451267714,True
XLRE,2025-10-10T00:00:00.000Z,39.6333799451,-0.03213312532537749,647.6629480662,595.239703651432,True
XLRE,2025-10-13T00:00:00.000Z,39.8574624768,-0.02551039930492527,657.6007489599,595.6042425855164,True
XLRE,2025-10-14T00:00:00.000Z,40.2374285087,-0.010371603964498877,656.7973937978,595.9322703309056,True
XLRE,2025-10-15T00:00:00.000Z,40.8219916347,0.004483320647145517,659.7132754972,596.274680846892,True
XLRE,2025-10-16T00:00:00.000Z,40.6953362908,0.0006525436433693077,655.2204373686,596.6257451198245,True
XLRE,2025-10-17T00:00:00.000Z,40.9583896975,0.012174383434668146,658.93967423,597.028784860497,True
XLRE,2025-10-20T00:00:00.000Z,41.3870693232,0.01943844492325697,665.79298802,597.4766112977404,True
XLRE,2025-10-21T00:00:00.000Z,41.2604139793,0.008333333334473725,665.7830700551,597.93146710954,True
XLRE,2025-10-22T00:00:00.000Z,41.4455256358,0.023334135193108674,662.3217002827,598.3330804963515,True
XLRE,2025-10-23T00:00:00.000Z,41.4065547608,0.024837231735649112,666.2492144084,598.737568072863,True
XLRE,2025-10-24T00:00:00.000Z,41.5526955423,0.018385864374955485,671.6941771735,599.2023647897836,True
XLRE,2025-10-27T00:00:00.000Z,41.6403800112,0.01858913250851968,679.6186311796,599.702556061896,True
XLRE,2025-10-28T00:00:00.000Z,40.7148217283,-0.008070258723333779,681.423700803,600.256016209504,True
XLRE,2025-10-29T00:00:00.000Z,39.6041517888,-0.03512936150128432,681.7509936468,600.8066884685929,True
XLRE,2025-10-30T00:00:00.000Z,39.8282343205,-0.024576473394742893,674.2530121341,601.3159380621295,True
XLRE,2025-10-31T00:00:00.000Z,39.847719758,-0.02804182509662223,676.4647183211,601.7841863027195,True
XLRE,2025-11-03T00:00:00.000Z,39.7795207266,-0.01992318771051449,677.7342178364,602.2643862210206,True
XLRE,2025-11-04T00:00:00.000Z,39.8866906331,-0.014206597641053254,669.7006662158,602.675217653149,True
XLRE,2025-11-05T00:00:00.000Z,39.8769479143,-0.009438528557052295,672.0214700173,603.070762871534,True
XLRE,2025-11-06T00:00:00.000Z,39.682093539,-0.009725261366648641,664.8111094886,603.4135912252965,True
XLRE,2025-11-07T00:00:00.000Z,40.2082003524,0.014503441495432146,665.4656951762,603.743420721317,True
XLRE,2025-11-10T00:00:00.000Z,40.1789721961,0.00806648741091176,675.8498044933,604.1339211504485,True
XLRE,2025-11-11T00:00:00.000Z,40.6271372594,0.009685230024471858,677.3970070277,604.5744347406355,True
XLRE,2025-11-12T00:00:00.000Z,40.3056275401,-0.012649164676254432,677.7738896963,604.9915156146104,True
XLRE,2025-11-13T00:00:00.000Z,39.7795207266,-0.022504189611698644,666.5269174273,605.3656838449285,True
XLRE,2025-11-14T00:00:00.000Z,39.8964333519,-0.025927687915543784,666.4178198127,605.7234280767925,True
XLRE,2025-11-17T00:00:00.000Z,39.6333799451,-0.042372881355891234,660.2091737454,606.0659584292265,True
XLRE,2025-11-18T00:00:00.000Z,39.7795207266,-0.03589138134782044,654.6650313306,606.4006776569065,True
XLRE,2025-11-19T00:00:00.000Z,39.4677537261,-0.047719793134717414,657.1941123964,606.728329340495,True
XLRE,2025-11-20T00:00:00.000Z,39.3313556634,-0.050117647058253056,647.176967783,606.9939003891495,True
XLRE,2025-11-21T00:00:00.000Z,39.847719758,-0.041031652990222156,653.6236450094,607.2813813342144,True
XLRE,2025-11-24T00:00:00.000Z,39.9061760706,-0.04164716892913933,663.2440710243,607.6442479179036,True
XLRE,2025-11-25T00:00:00.000Z,40.2276857899,-0.011964584829838643,669.4824709866,608.0182494356595,True
XLRE,2025-11-26T00:00:00.000Z,40.4030547277,0.020172201721687433,674.1042426597,608.413098475937,True
XLRE,2025-11-28T00:00:00.000Z,40.5979091031,0.019324853228651406,677.7838076613,608.835931438821,True
XLRE,2025-12-01T00:00:00.000Z,40.0328314146,0.004645476773180723,674.6894025925,609.2119777908724,True
XLRE,2025-12-02T00:00:00.000Z,39.9354042269,0.003918687240386021,675.939066178,609.594419939276,True
XLRE,2025-12-03T00:00:00.000Z,40.0133459771,0.0031753786034807163,678.2797059094,609.979765740336,True
XLRE,2025-12-04T00:00:00.000Z,39.9451469457,0.0017102369907189274,678.7756041576,610.3605120682565,True
XLRE,2025-12-05T00:00:00.000Z,39.9354042269,0.006383501103615963,680.0649396029,610.760240739494,True
XLRE,2025-12-08T00:00:00.000Z,39.6918362577,-0.012842258299908704,678.0218388204,611.2010763985775,True
XLRE,2025-12-09T00:00:00.000Z,39.4580110073,-0.017943743938526602,677.4366788875,611.6524067946344,True
XLRE,2025-12-10T00:00:00.000Z,39.5359527575,-0.026858513188682376,681.9295170161,612.140801745369,True
XLRE,2025-12-11T00:00:00.000Z,39.7502925703,-0.013778100074176902,683.5163914103,612.6356562838286,True
XLRE,2025-12-12T00:00:00.000Z,39.7015789765,-0.001959343618936016,676.1671793722,613.140417103744,True
XLRE,2025-12-15T00:00:00.000Z,39.8574624768,-0.0009768009775776854,675.1456289809,613.595187571152,True
XLRE,2025-12-16T00:00:00.000Z,39.5067246012,-0.0031956735477884912,673.3008874976,614.091909344477,True
XLRE,2025-12-17T00:00:00.000Z,39.682093539,-0.002449179523041578,665.8921676697,614.585556715794,True
XLRE,2025-12-18T00:00:00.000Z,39.4385255698,-0.0007405578868977525,670.9205759063,615.073867253878,True
XLRE,2025-12-19T00:00:00.000Z,39.2923847883,-0.0009908347790885674,676.9837928698,615.6433739332645,True
XLRE,2025-12-22T00:00:00.000Z,39.5808744852,-0.0066966259153743435,681.2013266005,616.218188089873,True
XLRE,2025-12-23T00:00:00.000Z,39.5710260466,-0.008398449989472034,684.3147418309,616.8839799570756,True
XLRE,2025-12-24T00:00:00.000Z,39.8270854486,-0.00995832430909005,686.7219191017,617.5847160259191,True
XLRE,2025-12-26T00:00:00.000Z,39.9058729569,-0.012305549027191276,686.6522900071,618.270601904204,True
XLRE,2025-12-29T00:00:00.000Z,40.0142057808,-0.014377669569574758,684.2053246822,618.980876764639,True
XLRE,2025-12-30T00:00:00.000Z,40.1028417277,0.0017488224196520186,683.3697755469,619.6309812375265,True
XLRE,2025-12-31T00:00:00.000Z,39.7384495018,-0.004931832515854051,678.3067456674,620.2344353489254,True
XLRE,2026-01-02T00:00:00.000Z,39.7679948174,-0.00613173314324722,679.5501223569,620.8742411018641,True
XLRE,2026-01-05T00:00:00.000Z,39.8172370101,-0.0032021395683905496,684.0760135065,621.5066398714081,True
XLRE,2026-01-06T00:00:00.000Z,40.0831448506,0.003699489877718287,688.1443420345,622.16744243747,True
XLRE,2026-01-07T00:00:00.000Z,39.5316322925,-0.004036194348879918,685.9261580205,622.8162420375565,True
XLRE,2026-01-08T00:00:00.000Z,39.8270854486,0.00935359973496186,685.8565289259,623.4148931534714,True
XLRE,2026-01-09T00:00:00.000Z,39.8861760798,0.008858350384222557,690.392367089,624.029419057489,True
XLRE,2026-01-12T00:00:00.000Z,40.0043573423,0.006391519547954916,691.4765915623,624.683240175641,True
XLRE,2026-01-13T00:00:00.000Z,40.309658937,0.015316266409956425,690.0939566836,625.3375935165715,True
XLRE,2026-01-14T00:00:00.000Z,40.7626871097,0.022711547013985367,686.7020250747,626.031296097273,True
XLRE,2026-01-15T00:00:00.000Z,41.0679887044,0.03951894567216496,688.5720636157,626.715957260447,True
XLRE,2026-01-16T00:00:00.000Z,41.5702590699,0.04758230633785199,687.9951368317,627.389943241667,True
XLRE,2026-01-20T00:00:00.000Z,40.7725355483,0.03382504693637722,673.9897418015,627.9763981682925,True
XLRE,2026-01-21T00:00:00.000Z,40.9202621264,0.04142984313298115,681.7683063709,628.7389187318829,True
XLRE,2026-01-22T00:00:00.000Z,40.5164761463,0.023637720825239406,685.3293372095,629.674167879558,True
XLRE,2026-01-23T00:00:00.000Z,40.6248089702,0.026630164261069122,685.5780125474,630.615098057866,True
XLRE,2026-01-26T00:00:00.000Z,40.5952636546,0.019287833828347534,689.0594672779,631.612388249997,True
XLRE,2026-01-27T00:00:00.000Z,40.6248089702,0.018015794669533625,691.8048430083,632.366317235657,True
XLRE,2026-01-28T00:00:00.000Z,40.2308714287,0.005414718190007495,691.7352139137,633.2384327433996,True
XLRE,2026-01-29T00:00:00.000Z,40.7429902327,0.01596267190606171,690.3625260485,634.0575332108045,True
XLRE,2026-01-30T00:00:00.000Z,40.8020808639,0.026765799255751732,688.3034942507,634.840797355413,True
XLRE,2026-02-02T00:00:00.000Z,40.3392042526,0.014363546309608566,691.7252669002,635.6486157604405,True
XLRE,2026-02-03T00:00:00.000Z,40.1914776745,0.009398961166116715,685.8764229529,636.486112128647,True
XLRE,2026-02-04T00:00:00.000Z,40.8316261795,0.018673218673080028,682.5541204386,637.3032989393295,True
XLRE,2026-02-05T00:00:00.000Z,40.6051120931,0.027154957646503775,674.0295298556,638.1396448014425,True
XLRE,2026-02-06T00:00:00.000Z,41.353593422,0.03832838773427394,686.9606474261,638.9747224367151,True
XLRE,2026-02-09T00:00:00.000Z,41.609652824,0.04320987654348851,690.2730029269,639.7860778131385,True
XLRE,2026-02-10T00:00:00.000Z,42.1907106978,0.054652880354815414,688.4526994535,640.53276238337,True
XLRE,2026-02-11T00:00:00.000Z,42.1513169436,0.045687759588299404,688.2935472372,641.259174822435,True
XLRE,2026-02-12T00:00:00.000Z,42.2202560134,0.03575742933181525,677.6601897889,641.9313850216715,True
XLRE,2026-02-13T00:00:00.000Z,42.8407076413,0.04316546762637219,678.1376464376,642.5888728828365,True
XLRE,2026-02-17T00:00:00.000Z,43.274038937,0.04098554844787272,679.2318179243,643.250746841582,True
XLRE,2026-02-18T00:00:00.000Z,42.6929810632,0.04710144927398496,682.6535905738,643.910351908022,True
XLRE,2026-02-19T00:00:00.000Z,42.5452544852,0.03971119133549306,680.8531811274,644.5200792036845,True
XLRE,2026-02-20T00:00:00.000Z,42.8997982725,0.058823529410457986,685.7769528177,645.1704502192609,True
XLRE,2026-02-23T00:00:00.000Z,42.9490404652,0.05721212121157104,678.7742553026,645.809031469566,True
XLRE,2026-02-24T00:00:00.000Z,43.0672217277,0.060892770499838766,683.7079740064,646.460694105871,True
XLRE,2026-02-25T00:00:00.000Z,42.7816170101,0.053090909091587646,689.4772418456,647.1219239403509,True
XLRE,2026-02-26T00:00:00.000Z,42.9687373423,0.0680538555684096,685.647641642,647.767555896968,True
XLRE,2026-02-27T00:00:00.000Z,43.1755545516,0.05970510031312437,682.3551801683,648.3047674950554,True
XLRE,2026-03-02T00:00:00.000Z,43.2543420599,0.06010137581413533,682.7431136954,648.8249354633535,True
XLRE,2026-03-03T00:00:00.000Z,43.0376764121,0.06689453125060285,676.7251705184,649.311315670814,True
XLRE,2026-03-04T00:00:00.000Z,43.0967670433,0.07228620436225697,681.4997370059,649.807417525359,True
XLRE,2026-03-05T00:00:00.000Z,42.6831326247,0.045344910757670887,677.6999778429,650.2660796665905,True
XLRE,2026-03-06T00:00:00.000Z,42.2399528905,0.04026194518689219,668.8172947733,650.6771234201815,True
XLRE,2026-03-09T00:00:00.000Z,42.3285888373,0.023577042153277716,674.6760857341,651.127322581784,True
XLRE,2026-03-10T00:00:00.000Z,42.2694982061,0.01585798816661632,673.5918612609,651.621358579793,True
XLRE,2026-03-11T00:00:00.000Z,41.7672278406,-0.01003734827396685,672.7463651121,652.110033029939,True
XLRE,2026-03-12T00:00:00.000Z,41.5013200001,-0.015420560747122503,662.5307822314,652.5672538575645,True
XLRE,2026-03-13T00:00:00.000Z,41.609652824,-0.014462327968977728,658.7807581359,652.9463586164024,True
XLRE,2026-03-16T00:00:00.000Z,41.9346512958,-0.02114942528695596,665.4850452456,653.375847895774,True
XLRE,2026-03-17T00:00:00.000Z,42.0725294353,-0.027765134274829406,667.2357196243,653.8026512613185,True
XLRE,2026-03-18T00:00:00.000Z,41.3831387377,-0.030680507495154608,657.9253149736,654.186156883168,True
XLRE,2026-03-19T00:00:00.000Z,41.2846543523,-0.029629629629751353,656.3039517705,654.5451856766775,True
XLRE,2026-03-20T00:00:00.000Z,39.9748120267,-0.06818181818059965,646.9209329264,654.8406335200456,True
XLRE,2026-03-23T00:00:00.000Z,40.2713101022,-0.0623466865381932,653.713617684,655.170833703458,True
XLRE,2026-03-24T00:00:00.000Z,39.9441428857,-0.07251637595167404,651.519211448,655.5042623483095,True
XLRE,2026-03-25T00:00:00.000Z,39.9243145695,-0.06678808891037102,655.1499563111,655.8258165924594,True
XLRE,2026-03-26T00:00:00.000Z,39.9441428857,-0.07039058263465603,643.4497812441,656.086207368908,True
XLRE,2026-03-27T00:00:00.000Z,39.6665464596,-0.08127302888041221,632.4777500644,656.2749735190056,True
XLRE,2026-03-30T00:00:00.000Z,39.8648296211,-0.07836236265265795,630.3631404189,656.461647470634,True
XLRE,2026-03-31T00:00:00.000Z,40.4795074217,-0.059440220840564995,648.6864324889,656.7281534460291,True
XLRE,2026-04-01T00:00:00.000Z,40.5984773186,-0.057969307122038405,653.5739736508,657.0523795318094,True
XLRE,2026-04-02T00:00:00.000Z,41.2528117516,-0.03351021317194269,654.1624735049,657.351541589751,True
XLRE,2026-04-06T00:00:00.000Z,41.4015241228,-0.01984918803942537,657.2545913828,657.6915574790916,True
XLRE,2026-04-07T00:00:00.000Z,41.3618674905,-0.022838496943893505,657.543854023,658.0334634470274,True
XLRE,2026-04-08T00:00:00.000Z,42.0756868719,-0.004585134492371079,674.2911634327,658.4660034716355,True
XLRE,2026-04-09T00:00:00.000Z,42.3631974561,0.014268833396711367,678.1812472146,658.8889647778741,True
XLRE,2026-04-10T00:00:00.000Z,42.4524248787,0.022917460904802622,677.7323913936,659.276894210431,True
XLRE,2026-04-13T00:00:00.000Z,42.6507080403,0.025019560261736462,684.3555083966,659.6962578128971,True
XLRE,2026-04-14T00:00:00.000Z,43.0571885213,0.026768726835995516,692.6942520931,660.1338247757405,True
XLRE,2026-04-15T00:00:00.000Z,43.0373602052,0.022932559150828924,698.1603185354,660.583688241608,True
XLRE,2026-04-16T00:00:00.000Z,43.4339265282,0.04955612002991283,699.8759452289,661.0275905456106,True
XLRE,2026-04-17T00:00:00.000Z,44.0981751193,0.06814931143642378,708.3343838111,661.5147741102342,True
XLRE,2026-04-20T00:00:00.000Z,44.2568016485,0.10711719216940829,706.9179943315,661.981028779524,True
XLRE,2026-04-21T00:00:00.000Z,43.404184054,0.0777941900536494,702.2897920884,662.3999597320966,True
XLRE,2026-04-22T00:00:00.000Z,43.0869309956,0.07867957309518614,709.4016632076,662.8774953179004,True
XLRE,2026-04-23T00:00:00.000Z,43.5826388993,0.09163148745939309,706.6486808389,663.3429474069676,True
XLRE,2026-04-24T00:00:00.000Z,43.4537548444,0.08786299329898606,712.1247218549,663.8173830417145,True
XLRE,2026-04-27T00:00:00.000Z,43.1166734698,0.08697825543531801,713.3515944323,664.2892492435035,True
XLRE,2026-04-28T00:00:00.000Z,43.533068109,0.09201691121635802,709.88044275,664.7546394316873,True
XLRE,2026-04-29T00:00:00.000Z,43.2653858409,0.06882194464912295,709.7707224382,665.2135960654394,True
XLRE,2026-04-30T00:00:00.000Z,44.0188618547,0.08424908425156552,716.8327206884,665.721066744367,True
XLRE,2026-05-01T00:00:00.000Z,43.93954859,0.06512857486122248,718.8176608745,666.2281758200446,True
XLRE,2026-05-04T00:00:00.000Z,43.7016087962,0.05555555555340863,716.1843733914,666.7032272650515,True
XLRE,2026-05-05T00:00:00.000Z,43.7908362189,0.058724832213097766,721.9297279,667.2092803383334,True
XLRE,2026-05-06T00:00:00.000Z,44.3559432292,0.05419415645530101,731.9641491425,667.7596205649555,True
XLRE,2026-05-07T00:00:00.000Z,44.0188618547,0.03908261174845751,729.7198700376,668.2982943155835,True
XLRE,2026-05-08T00:00:00.000Z,44.0287760127,0.03713218122413808,735.7445126126,668.8406337178525,True
XLRE,2026-05-11T00:00:00.000Z,44.1874025419,0.03602975360099525,737.4202410109,669.390313241018,True
XLRE,2026-05-12T00:00:00.000Z,44.1973167,0.026479392126032453,736.3030887454,669.921153495546,True
XLRE,2026-05-13T00:00:00.000Z,43.8304928512,0.018428933424782024,740.4225877246,670.4733824991381,True
XLRE,2026-05-14T00:00:00.000Z,43.533068109,0.002282583886023648,746.2676879713,671.0631451727246,True
XLRE,2026-05-15T00:00:00.000Z,42.8589053598,-0.02810251798736285,737.2905715515,671.6119785350509,True
XLRE,2026-05-18T00:00:00.000Z,43.3744415798,-0.019937275985462133,736.771893714,672.1699884139349,True
XLRE,2026-05-19T00:00:00.000Z,43.5628105832,0.003654636820326962,731.8644034045,672.7546945486334,True
XLRE,2026-05-20T00:00:00.000Z,44.0486043289,0.022319374136863024,739.3652829019,673.330171631536,True
XLRE,2026-05-21T00:00:00.000Z,44.1180034354,0.012283894450195731,740.8315452504,673.928805109536,True
XLRE,2026-05-22T00:00:00.000Z,44.1774883839,0.016655258954986873,743.7441207999,674.518214386866,True
XLRE,2026-05-26T00:00:00.000Z,44.326200755,0.02805242584512424,748.6815348308,675.1349317637811,True
XLRE,2026-05-27T00:00:00.000Z,44.2468874904,0.01639717604127311,748.5518653714,675.7266202743549,True
XLRE,2026-05-28T00:00:00.000Z,44.0287760127,0.017644362969677863,752.6813389245,676.3451872792655,True
XLRE,2026-05-29T00:00:00.000Z,43.6123813736,-0.009234234234445471,754.5565587988,676.9396504415749,True
XLRE,2026-06-01T00:00:00.000Z,42.8985619921,-0.023691335739778552,756.6113210015,677.5335076700917,True
XLRE,2026-06-02T00:00:00.000Z,43.1166734698,-0.013384754989863468,757.6387021029,678.132205083802,True
XLRE,2026-06-03T00:00:00.000Z,43.1365017859,-0.014942268508624346,752.3222542677,678.7117877195444,True
XLRE,2026-06-04T00:00:00.000Z,44.0188618547,-0.0075994635658677145,755.1650078006,679.3062764703485,True
XLRE,2026-06-05T00:00:00.000Z,44.3162865969,0.006756756755359916,735.674690596,679.8205728666636,True
XLRE,2026-06-08T00:00:00.000Z,43.6520380059,-0.008556631387875213,737.3404444205,680.3516051076331,True
XLRE,2026-06-09T00:00:00.000Z,44.5839688649,0.008974646622959215,735.175961906,680.884475002714,True
XLRE,2026-06-10T00:00:00.000Z,44.6037971811,0.00919694930484316,723.5855071508,681.3111261197865,True
XLRE,2026-06-11T00:00:00.000Z,44.5343980746,0.01605971499772285,735.8841566458,681.8133152458115,True
XLRE,2026-06-12T00:00:00.000Z,44.9706210299,0.0330220906392491,739.8640115919,682.322100685872,True
XLRE,2026-06-15T00:00:00.000Z,44.6037971811,0.040712468194221474,752.9107541219,682.8888501909162,True
XLRE,2026-06-16T00:00:00.000Z,44.7128529199,0.030857142855374997,748.422195912,683.421832079635,True
XLRE,2026-06-17T00:00:00.000Z,43.5925530574,0.0006827492028596005,739.0760202617,683.9272215502846,True
XLRE,2026-06-18T00:00:00.000Z,43.4834973186,-0.012829169480160663,746.74,684.494569637887,True
XLRE,2026-06-22T00:00:00.000Z,44.02,-0.002221393258275972,744.39,685.0330074007265,True
XLRE,2026-06-23T00:00:00.000Z,44.64,0.010469395907725776,733.58,685.4907892421755,True
XLRE,2026-06-24T00:00:00.000Z,44.51,0.004146514744538754,733.24,685.9561683200955,True
XLRE,2026-06-25T00:00:00.000Z,44.59,0.00775450046456827,734.3,686.4189843097236,True
XLRE,2026-06-26T00:00:00.000Z,45.24,0.027509826458737452,728.99,686.847832291529,True
XLRE,2026-06-29T00:00:00.000Z,44.92,0.029982738507178697,741.0,687.3274330368636,True
XLRE,2026-06-30T00:00:00.000Z,44.03,0.026374730418897485,746.77,687.8090800472654,True
XLRE,2026-07-01T00:00:00.000Z,44.18,0.024661608714892758,745.76,688.286765032148,True
XLRE,2026-07-02T00:00:00.000Z,44.68,0.035781719661943434,744.78,688.742241332111,True
XLRE,2026-07-06T00:00:00.000Z,44.29,0.006159590091061151,751.28,689.2347178901535,True
XLRE,2026-07-07T00:00:00.000Z,44.89,0.012945881687211003,747.71,689.7133996258054,True
XLRE,2026-07-08T00:00:00.000Z,44.15,0.011407531397106707,745.4,690.1652997187285,True
XLRE,2026-07-09T00:00:00.000Z,44.23,-0.007939375383394287,751.71,690.632573045491,True
XLRE,2026-07-10T00:00:00.000Z,44.45,-0.003448073725103473,754.95,691.10047516726,True
XLRE,2026-07-13T00:00:00.000Z,44.7,0.0037185172037714764,749.17,691.5574783954385,True
XLRE,2026-07-14T00:00:00.000Z,44.48,-0.01090981219880871,751.83,692.038245076654,True
XLRE,2026-07-15T00:00:00.000Z,44.56,-0.0009819159772915809,754.81,692.549036654439,True
XLRE,2026-07-16T00:00:00.000Z,45.46,0.016709895059446644,750.72,693.0206828682675,True
XLRE,2026-07-17T00:00:00.000Z,45.42,0.041921080882638906,743.29,693.4459553746794,True
XLRE,2026-07-20T00:00:00.000Z,45.23,0.04016472429996876,742.09,693.8528304248865,True
XLRE,2026-07-21T00:00:00.000Z,45.2,0.026805997273966264,748.28,694.27939858486,True
XLRE,2026-07-22T00:00:00.000Z,45.01,0.008288530465949684,747.41,694.6977983283225,True
XLRE,2026-07-23T00:00:00.000Z,44.95,0.009885419006964824,738.18,695.0700976616095,True
XLRE,2026-07-24T00:00:00.000Z,45.95,0.030500112132765267,738.93,695.4342454369402,True
XLRE,2026-07-27T00:00:00.000Z,45.76,0.011494252873563093,739.09,695.8115410786505,True
XLRE,2026-07-28T00:00:00.000Z,46.01,0.02426536064113982,740.86,696.1779003802579,True
XLRE,2026-07-29T00:00:00.000Z,45.96,0.043833749716102544,729.46,696.4969296977056,True
XLRE,2026-07-30T00:00:00.000Z,45.3,0.025350837483024025,741.69,696.9670649573744,True
XLRE,2026-07-31T00:00:00.000Z,45.07,0.008728737690241628,747.03,697.4142112125749,True
XLRE,2026-08-03T00:00:00.000Z,45.18,0.02009482953262598,757.67,697.918574243586,True
XLRE,2026-08-04T00:00:00.000Z,45.17,0.006237469369570148,771.33,698.4766578661,True
XLRE,2026-08-05T00:00:00.000Z,45.2,0.023782559456398733,769.79,699.049505679257,True
XLRE,2026-08-06T00:00:00.000Z,44.81,0.013113271535157178,768.56,699.597607308107,True
XLRE,2026-08-07T00:00:00.000Z,44.98,0.011923509561304613,773.26,700.134942368007,True
XLRE,2026-08-10T00:00:00.000Z,44.4,-0.006711409395973256,773.03,700.6711770177316,True
XLRE,2026-08-11T00:00:00.000Z,44.08,-0.008992805755395628,770.56,701.212368516318,True
XLRE,2026-08-12T00:00:00.000Z,44.49,-0.0015709156193896012,772.49,701.743572444276,True
XLRE,2026-08-13T00:00:00.000Z,45.12,-0.00747910250769912,777.88,702.2745015584085,True
XLRE,2026-08-14T00:00:00.000Z,45.27,-0.0033025099075296716,776.34,702.7581084025104,True
XLRE,2026-08-17T00:00:00.000Z,44.83,-0.008843687817819967,772.67,703.2143398984955,True
XLRE,2026-08-18T00:00:00.000Z,44.63,-0.01261061946902653,767.45,703.6428349302616,True
XLRE,2026-08-19T00:00:00.000Z,44.99,-0.00044434570095530646,769.06,704.116869869591,True
XLRE,2026-08-20T00:00:00.000Z,45.08,0.0028921023359287368,762.6,704.5475462779854,True
