ticker,date,etf_close,etf_momentum_20d,spy_close,spy_200dma,eligible
XLV,1998-12-22T00:00:00.000Z,16.6822988821,,74.7607704945,67.8179624918305,False
XLV,1998-12-23T00:00:00.000Z,17.0555344943,,76.328739323,67.8722361675595,False
XLV,1998-12-24T00:00:00.000Z,17.1621732407,,75.9996853862,67.9235268093625,False
XLV,1998-12-28T00:00:00.000Z,16.9155711398,,75.8061049343,67.97509192061949,False
XLV,1998-12-29T00:00:00.000Z,17.288806752,,77.0063037357,68.02912234404101,False
XLV,1998-12-30T00:00:00.000Z,17.1421784758,,76.3868462898,68.07909993434599,False
XLV,1998-12-31T00:00:00.000Z,17.3287962819,,76.3868462898,68.12783547705851,False
XLV,1999-01-04T00:00:00.000Z,17.288806752,,76.2125910519,68.174839590223,False
XLV,1999-01-05T00:00:00.000Z,17.5554036179,,77.0837359164,68.223329973864,False
XLV,1999-01-06T00:00:00.000Z,17.8486601703,,78.9421082539,68.2818788364755,False
XLV,1999-01-07T00:00:00.000Z,17.7686811106,,78.5549473502,68.335617079757,False
XLV,1999-01-08T00:00:00.000Z,17.9819586033,,79.1356887057,68.393504945424,False
XLV,1999-01-11T00:00:00.000Z,18.0286130548,,78.3806921124,68.447809482445,False
XLV,1999-01-12T00:00:00.000Z,17.9752936816,,76.9675876453,68.4964857420135,False
XLV,1999-01-13T00:00:00.000Z,17.7886758755,,76.4255623802,68.5426435295775,False
XLV,1999-01-14T00:00:00.000Z,17.6420475993,,75.0898244313,68.580972701472,False
XLV,1999-01-15T00:00:00.000Z,17.8819847786,,77.045019826,68.626346846798,False
XLV,1999-01-19T00:00:00.000Z,18.3885188237,,77.5483290008,68.67054828431701,False
XLV,1999-01-20T00:00:00.000Z,18.4751628051,,78.1677864466,68.7161221201775,False
XLV,1999-01-21T00:00:00.000Z,17.8486601703,,76.0964427808,68.75411806283749,False
XLV,1999-01-22T00:00:00.000Z,17.7753460322,0.06552137435163896,75.9222532054,68.79354290947,True
XLV,1999-01-25T00:00:00.000Z,17.9219743084,0.050801094177937545,76.6965750127,68.838755908347,True
XLV,1999-01-26T00:00:00.000Z,18.0086182898,0.04932038834642816,78.0903542659,68.888254642999,True
XLV,1999-01-27T00:00:00.000Z,17.8286654054,0.05397951142492685,77.1804933111,68.934162344481,True
XLV,1999-01-28T00:00:00.000Z,18.1619114877,0.050501156512666734,78.4775151695,68.983680340443,True
XLV,1999-01-29T00:00:00.000Z,18.1619114877,0.059486780711073495,79.0775817389,69.03524039764801,True
XLV,1999-02-01T00:00:00.000Z,18.2685502341,0.05423076923015002,78.6129886545,69.0885022301675,True
XLV,1999-02-02T00:00:00.000Z,17.9952884466,0.04086353122769881,78.1290703562,69.13484075718,True
XLV,1999-02-03T00:00:00.000Z,18.3418643722,0.044798785115831796,78.9227173775,69.1852431839365,True
XLV,1999-02-04T00:00:00.000Z,18.2019010176,0.019790888723837607,77.7419094526,69.228112671865,True
XLV,1999-02-05T00:00:00.000Z,17.9952884466,0.012753188297403684,76.8514393742,69.2655715377975,True
XLV,1999-02-08T00:00:00.000Z,17.9819586033,0.0,77.0063037357,69.30715851362851,True
XLV,1999-02-09T00:00:00.000Z,17.6620423642,-0.020332717191598015,75.2834048832,69.3437724272915,True
XLV,1999-02-10T00:00:00.000Z,17.7020318941,-0.015202076379965845,75.767388844,69.389226843028,True
XLV,1999-02-11T00:00:00.000Z,18.1819062527,0.02210565755158811,77.5096129104,69.44387135237551,True
XLV,1999-02-12T00:00:00.000Z,17.9153093868,0.015489233092809584,76.5804267416,69.4915700790295,True
XLV,1999-02-16T00:00:00.000Z,18.081932428,0.011181513231086182,76.1158336573,69.53071723735951,True
XLV,1999-02-17T00:00:00.000Z,17.8886497002,-0.02718376223188501,76.0384014765,69.5656441483695,True
XLV,1999-02-18T00:00:00.000Z,18.1219219578,-0.019119769120653496,76.6384680459,69.6044336741475,True
XLV,1999-02-19T00:00:00.000Z,18.175241331,0.01829723674404571,76.9675876453,69.647264639455,True
XLV,1999-02-22T00:00:00.000Z,18.5551418649,0.0438695163113787,79.0195404346,69.7043801094455,True
XLV,1999-02-23T00:00:00.000Z,18.5284821783,0.0338415767963538,78.9808243443,69.76398515947551,True
XLV,1999-02-24T00:00:00.000Z,18.308539764,0.016654330130916994,77.5870450911,69.8111590025745,True
XLV,1999-02-25T00:00:00.000Z,18.1285868795,0.016822429906007352,76.8514393742,69.85580474301351,True
XLV,1999-02-26T00:00:00.000Z,18.1819062527,0.0011009174344638328,76.5417106513,69.895260407743,True
XLV,1999-03-01T00:00:00.000Z,18.1485816444,-0.0007339449544738752,76.754616317,69.9349183188805,True
XLV,1999-03-02T00:00:00.000Z,18.1419167228,-0.006931776724330652,76.0771175669,69.97291362515449,True
XLV,1999-03-03T00:00:00.000Z,18.0286130548,0.0018518518499377468,76.4836036845,70.0148579052245,True
XLV,1999-03-04T00:00:00.000Z,18.3485292938,0.00036337209046766183,77.4515059436,70.0629832768355,True
XLV,1999-03-05T00:00:00.000Z,18.7684193576,0.031124130356066315,79.0098143333,70.11660033854551,True
XLV,1999-03-08T00:00:00.000Z,18.7884141225,0.04407407406964081,79.5228496094,70.16952445318249,True
XLV,1999-03-09T00:00:00.000Z,18.6417858463,0.03669384729196912,79.3292691575,70.223684527726,True
XLV,1999-03-10T00:00:00.000Z,18.8084088875,0.06490566037955059,80.0261587841,70.282670630648,True
XLV,1999-03-11T00:00:00.000Z,18.9350423988,0.0696536144594202,80.9166288625,70.3515713946275,True
XLV,1999-03-12T00:00:00.000Z,18.8284036524,0.03555718474810621,80.1423070552,70.4161212512455,True
XLV,1999-03-15T00:00:00.000Z,18.8883879472,0.054315476188034006,81.2844032259,70.484848354151,True
XLV,1999-03-16T00:00:00.000Z,18.8483984174,0.04238849981615478,80.974674503,70.5553809265785,True
XLV,1999-03-17T00:00:00.000Z,18.7484245927,0.04806259314756378,80.6262296897,70.622638040373,True
XLV,1999-03-18T00:00:00.000Z,19.0083565369,0.0489150422987259,81.923247212,70.69609259777499,True
XLV,1999-03-19T00:00:00.000Z,18.9217125555,0.04107077374685564,80.5340228295,70.76796735424651,True
XLV,1999-03-22T00:00:00.000Z,18.8683931823,0.016882183907877435,80.6892691385,70.834485403998,True
XLV,1999-03-23T00:00:00.000Z,18.3485292938,-0.009712230217689188,78.3605745025,70.88284373366301,True
XLV,1999-03-24T00:00:00.000Z,18.4351732752,0.006916636325579706,78.8068747288,70.93381687310101,True
XLV,1999-03-25T00:00:00.000Z,18.7484245927,0.03419117647282932,80.4175880977,70.991789643142,True
XLV,1999-03-26T00:00:00.000Z,18.6017963164,0.023093841639275192,79.8354144386,71.0490554070535,True
XLV,1999-03-29T00:00:00.000Z,18.8284036524,0.0374586852747123,81.4460663299,71.1207950126905,True
XLV,1999-03-30T00:00:00.000Z,18.7684193576,0.034533431300157735,81.01913898,71.1872375227625,True
XLV,1999-03-31T00:00:00.000Z,18.6617806112,0.03512014787135409,79.7189797068,71.256091324908,True
XLV,1999-04-01T00:00:00.000Z,18.6617806112,0.017072284780113245,80.3205305892,71.3228738794415,True
XLV,1999-04-05T00:00:00.000Z,19.081670675,0.016690340908924517,82.2222978753,71.39217005022,True
XLV,1999-04-06T00:00:00.000Z,19.1016654399,0.01667257892856777,82.0282399889,71.46202916613251,True
XLV,1999-04-07T00:00:00.000Z,19.4615712089,0.043975688239263455,82.6880368025,71.5368866634425,True
XLV,1999-04-08T00:00:00.000Z,19.6615188583,0.045357902196978106,83.7359493887,71.61534961481401,True
XLV,1999-04-09T00:00:00.000Z,19.7215031531,0.04153467088881935,83.7553837426,71.689872124996,True
XLV,1999-04-12T00:00:00.000Z,20.2213722766,0.07398230088520785,84.6480500198,71.7642435517535,True
XLV,1999-04-13T00:00:00.000Z,20.0147597056,0.059633027527210114,84.104687938,71.8364749699535,True
XLV,1999-04-14T00:00:00.000Z,19.8281418994,0.0519801980148904,82.6880368025,71.900180964805,True
XLV,1999-04-15T00:00:00.000Z,19.3282727759,0.030927835047312335,82.3775441843,71.96108492226399,True
XLV,1999-04-16T00:00:00.000Z,19.1416549698,0.007012622718920225,81.6789357935,72.020899015773,True
XLV,1999-04-19T00:00:00.000Z,18.6217910814,-0.01585065163738686,80.4175880977,72.070368757844,True
XLV,1999-04-20T00:00:00.000Z,18.9750319286,0.005651713172907247,81.4266891066,72.12421123250901,True
XLV,1999-04-21T00:00:00.000Z,19.4149167573,0.05811841627330505,83.7553837426,72.186140072562,True
XLV,1999-04-22T00:00:00.000Z,19.8081471345,0.07447577729833443,84.5509925113,72.2527200549945,True
XLV,1999-04-23T00:00:00.000Z,20.2546968848,0.08034127265746327,84.3375574016,72.31563709050499,True
XLV,1999-04-26T00:00:00.000Z,20.2213722766,0.0870655678974468,84.8226735522,72.383383210858,True
XLV,1999-04-27T00:00:00.000Z,20.2480319632,0.07539823008941315,85.2302236788,72.4512444090065,True
XLV,1999-04-28T00:00:00.000Z,19.7015083882,0.04971590909290713,84.0658763608,72.5131875738805,True
XLV,1999-04-29T00:00:00.000Z,19.4749010522,0.04357142857589902,83.4254567705,72.567891027844,True
XLV,1999-04-30T00:00:00.000Z,19.3282727759,0.0357142857150512,82.7462827337,72.6198717101595,True
XLV,1999-05-03T00:00:00.000Z,19.7015083882,0.032483409013660536,84.2599342471,72.676921175353,True
XLV,1999-05-04T00:00:00.000Z,19.3282727759,0.01186322400593709,83.0567753518,72.727474014818,True
XLV,1999-05-05T00:00:00.000Z,19.4948958171,0.0017123287653548758,83.7165721654,72.78132583835101,True
XLV,1999-05-06T00:00:00.000Z,19.5815397985,-0.004067796612072905,83.2022715717,72.8389509792795,True
XLV,1999-05-07T00:00:00.000Z,19.514890582,-0.010476512337626809,83.8330068972,72.8997297968355,True
XLV,1999-05-10T00:00:00.000Z,19.4749010522,-0.036914963741793705,83.415763191,72.9655362853595,True
XLV,1999-05-11T00:00:00.000Z,19.7881523696,-0.011322011322304149,84.2599342471,73.0358521931325,True
XLV,1999-05-12T00:00:00.000Z,19.9747701757,0.00739495798668055,84.9197310606,73.106967610284,True
XLV,1999-05-13T00:00:00.000Z,19.8481366644,0.026896551726453444,85.2884124794,73.185886720326,True
XLV,1999-05-14T00:00:00.000Z,19.4948958171,0.018454038998054978,83.0761525751,73.255090401833,True
XLV,1999-05-17T00:00:00.000Z,19.3682623058,0.040085898350862514,83.3284563927,73.3203643857665,True
XLV,1999-05-18T00:00:00.000Z,19.1616497348,0.009834913949141821,83.1732100836,73.392360562221,True
XLV,1999-05-19T00:00:00.000Z,19.3882570708,-0.0013731548187025933,83.7747609659,73.4688063346725,True
XLV,1999-05-20T00:00:00.000Z,19.648189015,-0.008075370119873582,83.2702104615,73.5559957971815,True
XLV,1999-05-21T00:00:00.000Z,19.4349115223,-0.04047384007583965,82.8044715343,73.636338446929,True
XLV,1999-05-24T00:00:00.000Z,18.9750319286,-0.06163480553900169,81.4266891066,73.708350016867,True
XLV,1999-05-25T00:00:00.000Z,18.7884141225,-0.07208689927755918,80.1070954795,73.773186816818,True
XLV,1999-05-26T00:00:00.000Z,18.8084088875,-0.04533152909423488,80.9997617567,73.844409620993,True
XLV,1999-05-27T00:00:00.000Z,18.6017963164,-0.044832306642264896,79.8354144386,73.91480963795499,True
XLV,1999-05-28T00:00:00.000Z,18.7350947494,-0.03068965516875466,80.8541990914,73.984727826952,True
XLV,1999-06-01T00:00:00.000Z,18.7884141225,-0.04634641407694895,80.5728344067,74.05727680548449,True
XLV,1999-06-02T00:00:00.000Z,18.7217649061,-0.031379310341493216,80.6504575613,74.13405924546501,True
XLV,1999-06-03T00:00:00.000Z,18.8683931823,-0.032136752136447067,81.0967621345,74.2061515860965,True
XLV,1999-06-04T00:00:00.000Z,19.3282727759,-0.01293396868715091,82.7268483797,74.2802418048735,True
XLV,1999-06-07T00:00:00.000Z,19.1616497348,-0.01810109289189754,82.94034062,74.35626485067151,True
XLV,1999-06-08T00:00:00.000Z,19.0083565369,-0.0239561943883303,82.1252974974,74.4302313242935,True
XLV,1999-06-09T00:00:00.000Z,19.0150214585,-0.03907039407518098,82.0476743429,74.5065014241155,True
XLV,1999-06-10T00:00:00.000Z,18.8617282606,-0.05572238905927718,81.2908200208,74.5768723122055,True
XLV,1999-06-11T00:00:00.000Z,18.6417858463,-0.06077904634059339,80.611645984,74.6430782609765,True
XLV,1999-06-14T00:00:00.000Z,18.7484245927,-0.038290598288051925,80.6892691385,74.7115949983575,True
XLV,1999-06-15T00:00:00.000Z,18.9550371637,-0.021335168616353206,81.2326312203,74.79859446341601,True
XLV,1999-06-16T00:00:00.000Z,19.3282727759,0.00869565217014645,82.785094311,74.8945098476305,True
XLV,1999-06-17T00:00:00.000Z,19.421581679,0.0017188037108393228,83.5613258563,75.0169939290555,True
XLV,1999-06-18T00:00:00.000Z,19.3282727759,-0.01628222523998346,83.6575599384,75.12746180744651,True
XLV,1999-06-21T00:00:00.000Z,19.2349638729,-0.010288065843293115,83.852202935,75.2411141376265,True
XLV,1999-06-22T00:00:00.000Z,19.2016392646,0.011942395504402237,83.2682739452,75.35425000086201,True
XLV,1999-06-23T00:00:00.000Z,19.2482937162,0.024476764813762042,82.8594950009,75.4678414440645,True
XLV,1999-06-24T00:00:00.000Z,18.8883879472,0.004252303327643592,82.2366374117,75.562168147485,True
XLV,1999-06-25T00:00:00.000Z,18.9150476338,0.016839842350269363,82.0322716082,75.6631637132385,True
XLV,1999-06-28T00:00:00.000Z,19.1216602049,0.020633226608708588,83.0347023492,75.77532398577749,True
XLV,1999-06-29T00:00:00.000Z,19.308278011,0.027669386309589372,83.8132743356,75.8815714867765,True
XLV,1999-06-30T00:00:00.000Z,19.5548801119,0.04449982199747393,85.3314897091,75.990026580698,True
XLV,1999-07-01T00:00:00.000Z,19.6215293284,0.03991522430253891,85.9737829464,76.0997704679685,True
XLV,1999-07-02T00:00:00.000Z,19.6215293284,0.015172413795073059,86.8302121315,76.210912491908,True
XLV,1999-07-06T00:00:00.000Z,19.5815397985,0.02191304347544909,86.8107764833,76.331186167227,True
XLV,1999-07-07T00:00:00.000Z,19.7015083882,0.036465638149958846,86.9275622812,76.4506525962245,True
XLV,1999-07-08T00:00:00.000Z,19.6615188583,0.03399929898638132,86.9956399929,76.5706523562635,True
XLV,1999-07-09T00:00:00.000Z,19.7481628397,0.04699646643471489,87.511491271,76.69062648555699,True
XLV,1999-07-12T00:00:00.000Z,19.7881523696,0.061494458350272785,87.1222052778,76.7959199810045,True
XLV,1999-07-13T00:00:00.000Z,19.7481628397,0.05332385353536662,86.8107764833,76.907759916767,True
XLV,1999-07-14T00:00:00.000Z,19.7881523696,0.043952180030301546,87.2973553233,77.0224186316955,True
XLV,1999-07-15T00:00:00.000Z,19.8814612726,0.02862068965571285,87.8520691779,77.1369567786515,True
XLV,1999-07-16T00:00:00.000Z,19.8881261943,0.024021962938500563,88.3289918567,77.2546513089335,True
XLV,1999-07-19T00:00:00.000Z,19.8081471345,0.024827586208238106,87.7450628669,77.37926626090099,True
XLV,1999-07-20T00:00:00.000Z,19.7215031531,0.0252945252933634,85.9445678112,77.503947034292,True
XLV,1999-07-21T00:00:00.000Z,19.6815136232,0.024991322458842946,85.8472743415,77.6222567582175,True
XLV,1999-07-22T00:00:00.000Z,19.3682623058,0.006232686978328239,84.7183449612,77.7411923023245,True
XLV,1999-07-23T00:00:00.000Z,19.2016392646,0.016584333097967585,84.5529177227,77.85959028757901,True
XLV,1999-07-26T00:00:00.000Z,19.2216340296,0.016208597606286235,83.9300601336,77.97940796962399,True
XLV,1999-07-27T00:00:00.000Z,19.5815397985,0.024050191702609247,84.6307749214,78.10436940032899,True
XLV,1999-07-28T00:00:00.000Z,19.4349115223,0.006558508802693597,84.9032751166,78.224712115036,True
XLV,1999-07-29T00:00:00.000Z,19.1016654399,-0.023176550784589134,83.7159241859,78.33468039798,True
XLV,1999-07-30T00:00:00.000Z,18.9750319286,-0.03294836956792491,82.6843449554,78.440551804813,True
XLV,1999-08-02T00:00:00.000Z,18.8483984174,-0.03940217391113243,82.878987952,78.5445022893835,True
XLV,1999-08-03T00:00:00.000Z,18.7684193576,-0.04152484683366364,82.4897019588,78.62981698282151,True
XLV,1999-08-04T00:00:00.000Z,18.4951575701,-0.06123139377604858,81.3607725785,78.709390394501,True
XLV,1999-08-05T00:00:00.000Z,18.4418381969,-0.062033898306138036,82.1004159656,78.791504368218,True
XLV,1999-08-06T00:00:00.000Z,18.2485554691,-0.07593655079576911,81.2050581812,78.8672121281825,True
XLV,1999-08-09T00:00:00.000Z,18.2685502341,-0.07679353317667603,81.0298508328,78.94320150630351,True
XLV,1999-08-10T00:00:00.000Z,17.9019795435,-0.09348633142160401,80.1344930485,79.009794225801,True
XLV,1999-08-11T00:00:00.000Z,18.081932428,-0.08622431795204988,81.1077080315,79.08549775483999,True
XLV,1999-08-12T00:00:00.000Z,18.081932428,-0.09051290646729548,81.0590566252,79.1585460821945,True
XLV,1999-08-13T00:00:00.000Z,18.3885188237,-0.07540214477469431,82.9373521995,79.2429153122505,True
XLV,1999-08-16T00:00:00.000Z,18.3885188237,-0.07166890982586771,83.3072025445,79.32971262148101,True
XLV,1999-08-17T00:00:00.000Z,18.6217910814,-0.055762081782652295,83.852202935,79.4112279832335,True
XLV,1999-08-18T00:00:00.000Z,18.7484245927,-0.04740941415197364,83.2487809941,79.4878931180775,True
XLV,1999-08-19T00:00:00.000Z,18.5818015515,-0.040605643494640464,82.5675591574,79.555363869247,True
XLV,1999-08-20T00:00:00.000Z,18.6217910814,-0.0301978479654601,83.4044953913,79.6295275538655,True
XLV,1999-08-23T00:00:00.000Z,18.7950790442,-0.02219140083216309,85.0005679634,79.708005694167,True
XLV,1999-08-24T00:00:00.000Z,18.5351471,-0.05343771272676712,85.311996758,79.78331405122249,True
XLV,1999-08-25T00:00:00.000Z,18.9150476338,-0.02674897119564945,86.1879188942,79.861940671687,True
XLV,1999-08-26T00:00:00.000Z,18.7684193576,-0.017445917653018284,85.1562823607,79.9379173617635,True
XLV,1999-08-27T00:00:00.000Z,18.628456003,-0.018264840180723274,84.1247031302,80.0097008681025,True
XLV,1999-08-30T00:00:00.000Z,18.1819062527,-0.03536067892562811,82.5675591574,80.076013964374,True
XLV,1999-08-31T00:00:00.000Z,18.1219219578,-0.03444602273010311,82.2561303628,80.1411558016385,True
XLV,1999-09-01T00:00:00.000Z,18.1419167228,-0.019099099099921357,83.2682739452,80.2079820269775,True
XLV,1999-09-02T00:00:00.000Z,17.9552989167,-0.026382363569472544,82.2852794752,80.26728839283,True
XLV,1999-09-03T00:00:00.000Z,18.5284821783,0.015339663990061814,84.6891391689,80.338614057151,True
XLV,1999-09-07T00:00:00.000Z,18.7484245927,0.026267785481097983,84.3777103743,80.406260210186,True
XLV,1999-09-08T00:00:00.000Z,18.6617806112,0.042442293370616335,83.9689887329,80.4687756752855,True
XLV,1999-09-09T00:00:00.000Z,18.5351471,0.02506450423950235,83.9300601336,80.528395302626,True
XLV,1999-09-10T00:00:00.000Z,18.6417858463,0.03096203464586922,84.6307749214,80.5830290346525,True
XLV,1999-09-13T00:00:00.000Z,18.6084612381,0.011960855385292124,84.0565587728,80.6371069957325,True
XLV,1999-09-14T00:00:00.000Z,18.421843432,0.0018122508190843156,83.5018455411,80.688411390654,True
XLV,1999-09-15T00:00:00.000Z,18.2485554691,-0.020042949180801406,82.1782731642,80.7303967289285,True
XLV,1999-09-16T00:00:00.000Z,18.2552203908,-0.026306434413269963,82.4994148,80.7844066694655,True
XLV,1999-09-17T00:00:00.000Z,18.7750842792,0.010401721661073227,83.5390413506,80.8389841231625,True
XLV,1999-09-20T00:00:00.000Z,18.5484769432,-0.003937007878540122,83.421930545,80.89403737010349,True
XLV,1999-09-21T00:00:00.000Z,18.2152308609,-0.030851063830930614,81.6652684605,80.946288523596,True
XLV,1999-09-22T00:00:00.000Z,18.175241331,-0.019417475731821954,81.5773878873,80.9887424001805,True
XLV,1999-09-23T00:00:00.000Z,17.9752936816,-0.04968287526385706,79.8695694408,81.02092070218501,True
XLV,1999-09-24T00:00:00.000Z,17.6953669724,-0.05717329545737604,79.7914955704,81.05434880955849,True
XLV,1999-09-27T00:00:00.000Z,17.8286654054,-0.042933810374364834,80.3184654645,81.089736304097,True
XLV,1999-09-28T00:00:00.000Z,17.6620423642,-0.028592375368935774,80.1623177237,81.129697284838,True
XLV,1999-09-29T00:00:00.000Z,17.7153617374,-0.02243471864335078,79.2059415422,81.1641527793575,True
XLV,1999-09-30T00:00:00.000Z,17.8686549353,-0.015062454076672949,80.4160865337,81.215077892918,True
XLV,1999-10-01T00:00:00.000Z,17.8086706404,-0.008166295475238394,80.2403915941,81.25605623507799,True
XLV,1999-10-04T00:00:00.000Z,18.081932428,-0.0241007194222842,81.6652684605,81.304641481393,True
XLV,1999-10-05T00:00:00.000Z,17.8419952487,-0.048346960541577055,81.5871945901,81.3470962268735,True
XLV,1999-10-06T00:00:00.000Z,18.288544999,-0.019999999998714046,82.8363765168,81.394249572799,True
XLV,1999-10-07T00:00:00.000Z,18.1219219578,-0.022294138804002217,82.3679332943,81.433930984795,True
XLV,1999-10-08T00:00:00.000Z,18.3152046856,-0.01751877011100933,83.617115221,81.4782127084275,True
XLV,1999-10-11T00:00:00.000Z,18.2685502341,-0.01826647564517825,83.4804572166,81.5139712978955,True
XLV,1999-10-12T00:00:00.000Z,17.9552989167,-0.025325615051617567,82.1922383546,81.5449340627375,True
XLV,1999-10-13T00:00:00.000Z,17.5554036179,-0.03798392987180288,80.0647541168,81.56622730865,True
XLV,1999-10-14T00:00:00.000Z,17.495419323,-0.04162102957589686,80.0452069181,81.581421824562,True
XLV,1999-10-15T00:00:00.000Z,17.1954978489,-0.08413205537777257,77.9957965507,81.5894665758665,True
XLV,1999-10-18T00:00:00.000Z,17.1088538675,-0.07761408551809845,78.5617990079,81.600341339457,True
XLV,1999-10-19T00:00:00.000Z,17.1221837108,-0.06000731796632264,79.3230523478,81.61589364593651,True
XLV,1999-10-20T00:00:00.000Z,17.5354088529,-0.03520352035208951,80.1037910521,81.630993921615,True
XLV,1999-10-21T00:00:00.000Z,17.5687334612,-0.02261772339309065,80.5722342746,81.6391445517185,True
XLV,1999-10-22T00:00:00.000Z,17.7886758755,0.005273069682337761,81.2553519096,81.6526465745155,True
XLV,1999-10-25T00:00:00.000Z,17.7886758755,-0.0022429906552560164,80.8454928211,81.66119559509251,True
XLV,1999-10-26T00:00:00.000Z,17.6620423642,0.0,79.8305325056,81.6684447970585,True
XLV,1999-10-27T00:00:00.000Z,17.6620423642,-0.003009781792230104,81.2748991084,81.689981354374,True
XLV,1999-10-28T00:00:00.000Z,18.421843432,0.030958597538707888,84.0465215083,81.72808615001449,True
XLV,1999-10-29T00:00:00.000Z,18.7750842792,0.05426646706619631,85.5689619815,81.7804818377655,True
XLV,1999-11-01T00:00:00.000Z,18.7884141225,0.03907113895669756,84.6711124717,81.818612300994,True
XLV,1999-11-02T00:00:00.000Z,18.5484769432,0.039596563313258004,84.0660112447,81.8512007122135,True
XLV,1999-11-03T00:00:00.000Z,18.628456003,0.018586005831441765,84.6320755365,81.883522157663,True
XLV,1999-11-04T00:00:00.000Z,18.8417334957,0.039720485474785905,85.2761562363,81.9294207249405,True
XLV,1999-11-05T00:00:00.000Z,18.7550895143,0.0240174672492659,86.1154790745,81.980386854286,True
XLV,1999-11-08T00:00:00.000Z,18.7884141225,0.028456767599961186,86.1935529449,82.027871743947,True
XLV,1999-11-09T00:00:00.000Z,18.6617806112,0.03934669635841659,85.383517177,82.0643375585025,True
XLV,1999-11-10T00:00:00.000Z,18.7750842792,0.06947608199998201,86.0178580053,82.1085243819735,True
XLV,1999-11-11T00:00:00.000Z,18.9950266936,0.08571428571755191,86.5058484266,82.148666048259,True
XLV,1999-11-12T00:00:00.000Z,19.3682623058,0.12635658914865266,87.2865871308,82.1897110752185,True
XLV,1999-11-15T00:00:00.000Z,19.4549062872,0.13712504869520026,87.4915116783,82.23410369033749,True
XLV,1999-11-16T00:00:00.000Z,19.7015083882,0.15064227326173718,88.2234735759,82.284575706436,True
XLV,1999-11-17T00:00:00.000Z,19.5082256604,0.112504751046836,88.4576951871,82.332250595484,True
XLV,1999-11-18T00:00:00.000Z,19.62819425,0.11722306524532655,89.0822861505,82.3889524789735,True
XLV,1999-11-19T00:00:00.000Z,19.534885347,0.09816410640799966,89.0042122801,82.44971634350298,True
XLV,1999-11-22T00:00:00.000Z,19.3282727759,0.08654926938774898,88.9846650813,82.509608150231,True
XLV,1999-11-23T00:00:00.000Z,19.0083565369,0.07622641509618977,88.2039263771,82.57421075770051,True
XLV,1999-11-24T00:00:00.000Z,19.2749534028,0.0913207547202628,88.6723695996,82.6387356614785,True
XLV,1999-11-26T00:00:00.000Z,19.1216602049,0.03798842257471202,88.3405843815,82.69289051883399,True
XLV,1999-11-29T00:00:00.000Z,19.0083565369,0.01242456514341339,88.0282888998,82.750129829625,True
XLV,1999-11-30T00:00:00.000Z,18.9950266936,0.0109968073810216,86.9937813855,82.804519568266,True
XLV,1999-12-01T00:00:00.000Z,18.9550371637,0.02191879267203367,87.6964462193,82.86280979198,True
XLV,1999-12-02T00:00:00.000Z,19.1216602049,0.026475849733363477,88.2234735759,82.92073481963,True
XLV,1999-12-03T00:00:00.000Z,19.4948958171,0.034665723382037106,89.8434776559,82.985114269683,True
XLV,1999-12-06T00:00:00.000Z,19.6081994851,0.0454868514570157,89.1798497573,83.03591581629651,True
XLV,1999-12-07T00:00:00.000Z,19.5548801119,0.040794608017614475,88.4576951871,83.0833001705105,True
XLV,1999-12-08T00:00:00.000Z,19.7481628397,0.058214285717623326,87.8916308954,83.13482309953199,True
XLV,1999-12-09T00:00:00.000Z,20.0480843138,0.06780262691072414,88.3210371827,83.19217108857451,True
XLV,1999-12-10T00:00:00.000Z,19.9214508025,0.048771929823722804,88.613842928,83.252531749958,True
XLV,1999-12-13T00:00:00.000Z,19.7881523696,0.021679284241945762,88.7699906688,83.31260862171699,True
XLV,1999-12-14T00:00:00.000Z,19.8281418994,0.019184652276920122,87.9111780942,83.37177892435349,True
XLV,1999-12-15T00:00:00.000Z,19.6615188583,-0.0020297699603525343,88.3796213167,83.43125901251449,True
XLV,1999-12-16T00:00:00.000Z,19.8148120562,0.015715749916833444,88.7699906688,83.4878514361405,True
XLV,1999-12-17T00:00:00.000Z,20.1613879818,0.027164685910931352,89.3384009242,83.539494369095,True
XLV,1999-12-20T00:00:00.000Z,20.0921861003,0.02852848856804724,88.6926937983,83.5853435900395,True
XLV,1999-12-21T00:00:00.000Z,19.9648082105,0.0329328668929838,90.0427772784,83.63891113064399,True
XLV,1999-12-22T00:00:00.000Z,19.9849205089,0.05137550793011725,90.2775693965,83.69016818370599,True
XLV,1999-12-23T00:00:00.000Z,20.4072787752,0.05874594603354577,91.7156235351,83.744163157069,True
XLV,1999-12-27T00:00:00.000Z,20.4072787752,0.06723362702421398,91.5884632545,83.8013939380655,True
XLV,1999-12-28T00:00:00.000Z,20.447503372,0.07571127110890696,91.5297940261,83.8526208920665,True
XLV,1999-12-29T00:00:00.000Z,20.4340951731,0.07576027676680597,91.9211142229,83.907353090666,True
XLV,1999-12-30T00:00:00.000Z,20.5078402672,0.081920340756372,91.8134817593,83.963289351014,True
XLV,1999-12-31T00:00:00.000Z,20.7089632512,0.08301073386364477,91.9602462426,84.013474346167,True
XLV,2000-01-03T00:00:00.000Z,20.3134213827,0.04198666016373509,91.06020979,84.0661052809695,True
XLV,2000-01-04T00:00:00.000Z,19.8508385195,0.012374365865891024,87.4991959993,84.1001549152735,True
XLV,2000-01-05T00:00:00.000Z,19.7972057238,0.012392078627602165,87.6557240781,84.1466306631515,True
XLV,2000-01-06T00:00:00.000Z,19.7368688286,-0.0005719018620454763,86.2469713697,84.183831146356,True
XLV,2000-01-07T00:00:00.000Z,19.9782164094,-0.003485016488677939,91.2558698884,84.23802255530948,True
XLV,2000-01-10T00:00:00.000Z,22.0162626471,0.1051535786910216,91.5689260458,84.2966901133455,True
XLV,2000-01-11T00:00:00.000Z,21.4330059936,0.08312315335346532,90.4732294949,84.3418259291705,True
XLV,2000-01-12T00:00:00.000Z,21.0776887219,0.0630188561711782,89.5731930423,84.38459619948199,True
XLV,2000-01-13T00:00:00.000Z,21.7078740717,0.10407920304367257,90.7862856523,84.4399327292095,True
XLV,2000-01-14T00:00:00.000Z,21.5134551872,0.08572592695717751,92.018915471,84.4984246536185,True
XLV,2000-01-18T00:00:00.000Z,21.1179133187,0.047443426899153485,91.2950019081,84.5437881737825,True
XLV,2000-01-19T00:00:00.000Z,21.6207207786,0.07607607607602107,92.038510282,84.593839525248,True
XLV,2000-01-20T00:00:00.000Z,21.453118292,0.07454667562081863,90.6297575736,84.63354812910349,True
XLV,2000-01-21T00:00:00.000Z,21.4128936952,0.07145253270655116,90.4340974752,84.66703886953599,True
XLV,2000-01-24T00:00:00.000Z,20.7693001464,0.017739816032696476,87.8709213851,84.6876165577485,True
XLV,2000-01-25T00:00:00.000Z,20.9167903347,0.024967148492095026,88.8688166881,84.70872039109,True
XLV,2000-01-26T00:00:00.000Z,20.8229329422,0.018360655742162724,88.1644403339,84.72901915306952,True
XLV,2000-01-27T00:00:00.000Z,20.7022591518,0.013123359582518646,87.8122521568,84.754640229841,True
XLV,2000-01-28T00:00:00.000Z,20.2799008854,-0.011114743377661385,85.0730107793,84.768117562816,True
XLV,2000-01-31T00:00:00.000Z,20.1860434929,-0.025250890252543123,87.3817999403,84.79663188354999,True
XLV,2000-02-01T00:00:00.000Z,20.447503372,0.0066006600647881,88.2427043732,84.8357574649275,True
XLV,2000-02-02T00:00:00.000Z,20.950310832,0.055386693686513944,88.3209684126,84.8702288614575,True
XLV,2000-02-03T00:00:00.000Z,21.1380256171,0.0677277345099303,89.6514570816,84.8997092281525,True
XLV,2000-02-04T00:00:00.000Z,21.2117707112,0.07472826087098339,89.2796740935,84.9233526360635,True
XLV,2000-02-07T00:00:00.000Z,20.8698616384,0.044630872482714024,89.1427408258,84.94737855318449,True
XLV,2000-02-08T00:00:00.000Z,21.0978010203,-0.04171741777985105,90.3558334358,84.9750443526025,True
XLV,2000-02-09T00:00:00.000Z,20.7223714502,-0.033156083827541316,88.4579016803,84.99118274261,True
XLV,2000-02-10T00:00:00.000Z,20.5413607646,-0.025445292620853044,88.63402457,85.014023483656,True
XLV,2000-02-11T00:00:00.000Z,20.5547689635,-0.05311920938878467,86.8339516648,85.03106595812751,True
XLV,2000-02-14T00:00:00.000Z,20.1726352939,-0.062324711750521455,87.3426679206,85.054047884062,True
XLV,2000-02-15T00:00:00.000Z,20.0184410062,-0.05206349206511862,88.330732008,85.07440187286652,True
XLV,2000-02-16T00:00:00.000Z,19.455296651,-0.1001550387600082,87.0296117632,85.0942660549235,True
XLV,2000-02-17T00:00:00.000Z,19.4418884521,-0.0937500000011654,86.5795647358,85.1085810177755,True
XLV,2000-02-18T00:00:00.000Z,18.9055604948,-0.11709455228659993,84.7208226022,85.116173772928,True
XLV,2000-02-22T00:00:00.000Z,18.7714785055,-0.0961910910246192,84.5055676928,85.119536576906,True
XLV,2000-02-23T00:00:00.000Z,19.066458882,-0.08846153846225557,85.5034629958,85.12997507593002,True
XLV,2000-02-24T00:00:00.000Z,18.9189686937,-0.09143593046114107,83.78165413,85.12758367534451,True
XLV,2000-02-25T00:00:00.000Z,18.3290079407,-0.11463730570166564,83.478361568,85.1203768278815,True
XLV,2000-02-28T00:00:00.000Z,18.6575088146,-0.07999999999842211,85.229538858,85.12008245977451,True
XLV,2000-02-29T00:00:00.000Z,18.865335898,-0.0654267685177895,86.0513112713,85.1349582532555,True
XLV,2000-03-01T00:00:00.000Z,19.0262342852,-0.06950819671932307,86.6774235861,85.15170308922251,True
XLV,2000-03-02T00:00:00.000Z,18.9390809921,-0.09600000000133646,86.7360928145,85.16951750287699,True
XLV,2000-03-03T00:00:00.000Z,19.2005408713,-0.09165873771260047,88.3601004323,85.192444200209,True
XLV,2000-03-06T00:00:00.000Z,18.8251113012,-0.11251580278207618,87.4991959993,85.21358912789799,True
XLV,2000-03-07T00:00:00.000Z,18.476498129,-0.11468037262864617,85.8066885637,85.228600213045,True
XLV,2000-03-08T00:00:00.000Z,18.3826407364,-0.12869399428345696,85.6991230942,85.249962382983,True
XLV,2000-03-09T00:00:00.000Z,18.8117031023,-0.09220317049579574,88.2035723535,85.290444767353,True
XLV,2000-03-10T00:00:00.000Z,18.6575088146,-0.09171018276678833,87.7339881174,85.32411589915651,True
XLV,2000-03-13T00:00:00.000Z,18.5234268252,-0.09882583170392922,86.7752248341,85.358814951134,True
XLV,2000-03-14T00:00:00.000Z,18.5703555215,-0.07942838152060938,85.5425950155,85.38225693075451,True
XLV,2000-03-15T00:00:00.000Z,18.664212914,-0.06764902880202184,87.538328019,85.417084398816,True
XLV,2000-03-16T00:00:00.000Z,19.6296032372,0.00895933839132912,91.6275952742,85.4719700873805,True
XLV,2000-03-17T00:00:00.000Z,19.6497155356,0.010689655174806356,92.2315551092,85.527644052254,True
XLV,2000-03-20T00:00:00.000Z,20.0318492051,0.05957446808359834,91.7607857935,85.572813739323,True
XLV,2000-03-21T00:00:00.000Z,20.1525229955,0.0735714285688982,93.6438630564,85.626331351505,True
XLV,2000-03-22T00:00:00.000Z,20.6687386544,0.08403656821207939,94.2126804391,85.6867682662135,True
XLV,2000-03-23T00:00:00.000Z,20.749187848,0.09673990078060979,95.8211422679,85.75563560583849,True
XLV,2000-03-24T00:00:00.000Z,20.9301985336,0.14191660570586562,96.3900173983,85.831131592726,True
XLV,2000-03-27T00:00:00.000Z,20.7827083454,0.11390585698863376,95.3700172142,85.904923448877,True
XLV,2000-03-28T00:00:00.000Z,20.8028206438,0.10270078180825815,94.8207863458,85.9755810349135,True
XLV,2000-03-29T00:00:00.000Z,20.4877279688,0.07681465820784394,94.9188344127,86.0440120508755,True
XLV,2000-03-30T00:00:00.000Z,20.1994516918,0.06654867256894548,93.3300168459,86.09673666355,True
XLV,2000-03-31T00:00:00.000Z,20.561473063,0.07087988827097336,94.3892478064,86.1508762733005,True
XLV,2000-04-03T00:00:00.000Z,20.5547689635,0.09188034188088667,94.9384786747,86.207280866982,True
XLV,2000-04-04T00:00:00.000Z,20.3201254822,0.09978229317742393,94.2323247011,86.2591814758125,True
XLV,2000-04-05T00:00:00.000Z,20.1860434929,0.09810357403814307,93.6438630564,86.3110594213685,True
XLV,2000-04-06T00:00:00.000Z,20.5748812619,0.0937277262995091,94.4578539603,86.3690512161655,True
XLV,2000-04-07T00:00:00.000Z,20.6285140576,0.10564139417464125,95.0561710037,86.4331488841255,True
XLV,2000-04-10T00:00:00.000Z,20.4877279688,0.1060441549037614,94.6834497548,86.49640477485849,True
XLV,2000-04-11T00:00:00.000Z,20.6687386544,0.11299638988982053,94.4088343207,86.553275434716,True
XLV,2000-04-12T00:00:00.000Z,20.2933090843,0.08728448275887457,91.8196030841,86.5933070784585,True
XLV,2000-04-13T00:00:00.000Z,19.7770934254,0.007513661199248789,90.5446317278,86.61937278855198,True
XLV,2000-04-14T00:00:00.000Z,18.5837637204,-0.05424769703504262,85.3661692546,86.616334720093,True
XLV,2000-04-17T00:00:00.000Z,18.7379580081,-0.06459170013473237,88.3477082543,86.623922200707,True
XLV,2000-04-18T00:00:00.000Z,19.254173667,-0.04457751164460144,90.681910571,86.64327787114549,True
XLV,2000-04-19T00:00:00.000Z,19.756981127,-0.044112877067411294,89.8384777542,86.6578324485105,True
XLV,2000-04-20T00:00:00.000Z,19.8374303206,-0.04394184167973991,90.2700162936,86.67420433001399,True
XLV,2000-04-24T00:00:00.000Z,19.555858143,-0.06566303651605232,89.2892468858,86.683093108088,True
XLV,2000-04-25T00:00:00.000Z,20.0519615035,-0.03516129032632753,92.9965263734,86.712464713566,True
XLV,2000-04-26T00:00:00.000Z,20.259788587,-0.026103770546223704,91.9470842763,86.73814625253101,True
XLV,2000-04-27T00:00:00.000Z,20.1324106971,-0.017342931936674577,91.6430934645,86.759874943237,True
XLV,2000-04-28T00:00:00.000Z,20.3201254822,0.005974112180925584,91.0742183342,86.77598568901851,True
XLV,2000-05-01T00:00:00.000Z,20.3871664768,-0.008477339423392904,92.3100166618,86.79589081304401,True
XLV,2000-05-02T00:00:00.000Z,19.9782164094,-0.02804957599493363,90.4661701752,86.8094963495855,True
XLV,2000-05-03T00:00:00.000Z,19.4217761537,-0.04420983173981552,88.3477082543,86.821512051801,True
XLV,2000-05-04T00:00:00.000Z,19.3614392585,-0.0408502158776205,89.0146314516,86.8373488373515,True
XLV,2000-05-05T00:00:00.000Z,19.3346228606,-0.06028022157273283,90.0934489264,86.8642243571775,True
XLV,2000-05-08T00:00:00.000Z,19.3815515569,-0.06044848878683984,89.4167274504,86.888543405816,True
XLV,2000-05-09T00:00:00.000Z,19.2407654681,-0.06086387434462981,88.7007852411,86.9123970313535,True
XLV,2000-05-10T00:00:00.000Z,19.2139490703,-0.07038598767081994,86.7000156492,86.92274323499248,True
XLV,2000-05-11T00:00:00.000Z,19.1938367719,-0.05417905516703592,88.6811409791,86.941632564305,True
XLV,2000-05-12T00:00:00.000Z,19.5290417452,-0.012542372878788344,89.6423238726,86.97126456273851,True
XLV,2000-05-15T00:00:00.000Z,19.8508385195,0.06818181818083979,91.1919106631,87.01380239127701,True
XLV,2000-05-16T00:00:00.000Z,20.1122983987,0.0733452593930406,92.074632004,87.059780611537,True
XLV,2000-05-17T00:00:00.000Z,19.8843590169,0.032729805017811975,91.1134491105,87.10289934729549,True
XLV,2000-05-18T00:00:00.000Z,19.8642467185,0.005429250086867343,89.9954008594,87.14607248869999,True
XLV,2000-05-19T00:00:00.000Z,19.3346228606,-0.02534640081270323,88.5830929122,87.178485873433,True
XLV,2000-05-22T00:00:00.000Z,19.1200916777,-0.022283167637722978,87.9161697149,87.2120414311015,True
XLV,2000-05-23T00:00:00.000Z,18.9591932905,-0.05449682380495602,86.6215540966,87.23999994742051,True
XLV,2000-05-24T00:00:00.000Z,19.0865711804,-0.05790866975545894,88.0338620438,87.27949679239698,True
XLV,2000-05-25T00:00:00.000Z,18.9390809921,-0.0592740592745753,86.523448282,87.3065754936495,True
XLV,2000-05-26T00:00:00.000Z,18.7915908039,-0.07522269877904864,86.6215540966,87.3343879810065,True
XLV,2000-05-30T00:00:00.000Z,19.569266342,-0.04011838210723151,89.4461699911,87.36693206996452,True
XLV,2000-05-31T00:00:00.000Z,19.7770934254,-0.01006711409459804,89.6423238726,87.39860767660501,True
XLV,2000-06-01T00:00:00.000Z,19.6497155356,0.011736278911677944,91.2115549251,87.43540443655549,True
XLV,2000-06-02T00:00:00.000Z,20.1324106971,0.03981994459743121,92.8003724919,87.4831623940445,True
XLV,2000-06-05T00:00:00.000Z,20.0720738019,0.03814147018107983,92.3492474381,87.53207083544801,True
XLV,2000-06-06T00:00:00.000Z,19.9044713153,0.026980283640596125,91.937295413,87.5747348355565,True
XLV,2000-06-07T00:00:00.000Z,19.8508385195,0.03170731707173835,92.5747766973,87.612605879226,True
XLV,2000-06-08T00:00:00.000Z,19.6966442318,0.025122121419907772,92.2119108472,87.64710544967201,True
XLV,2000-06-09T00:00:00.000Z,19.9849205089,0.04121550820720521,92.0157569656,87.676244640029,True
XLV,2000-06-12T00:00:00.000Z,19.7972057238,0.013731548229493296,90.9369394909,87.70514792568,True
XLV,2000-06-13T00:00:00.000Z,19.5290417452,-0.016210739611019043,92.6434493866,87.74774165696199,True
XLV,2000-06-14T00:00:00.000Z,19.8642467185,-0.012333333330815766,92.8003724919,87.79890572363449,True
XLV,2000-06-15T00:00:00.000Z,20.4273910736,0.027309507751216433,92.9965263734,87.8526077036875,True
XLV,2000-06-16T00:00:00.000Z,20.1994516918,0.016874789064506457,92.2344500267,87.897438584095,True
XLV,2000-06-19T00:00:00.000Z,20.3201254822,0.050970873789747184,93.4141704995,87.95308303921651,True
XLV,2000-06-20T00:00:00.000Z,20.2933090843,0.061360448808325474,93.079945308,87.99503706991202,True
XLV,2000-06-21T00:00:00.000Z,20.1994516918,0.06541725601381287,93.0406212922,88.0383516245015,True
XLV,2000-06-22T00:00:00.000Z,20.1525229955,0.055848261325985415,91.6249567248,88.076631464461,True
XLV,2000-06-23T00:00:00.000Z,19.7770934254,0.04424778761174086,90.8384764096,88.111173545841,True
XLV,2000-06-26T00:00:00.000Z,19.5893786404,0.042454513022624374,92.0083180605,88.1480612615365,True
XLV,2000-06-27T00:00:00.000Z,19.5491540436,-0.0010277492292509738,91.3299976641,88.184428455993,True
XLV,2000-06-28T00:00:00.000Z,19.4620007505,-0.015932203389165456,91.5856327091,88.224847391833,True
XLV,2000-06-29T00:00:00.000Z,19.756981127,0.005458887748561292,90.7205043623,88.2675585478235,True
XLV,2000-06-30T00:00:00.000Z,19.8173180222,-0.015651015650370637,91.4086456957,88.31210470230201,True
XLV,2000-07-03T00:00:00.000Z,19.7770934254,-0.014696058783526311,92.6670142,88.357744566549,True
XLV,2000-07-05T00:00:00.000Z,19.9044713153,0.0,90.9957724726,88.39561377618698,True
XLV,2000-07-06T00:00:00.000Z,19.8642467185,0.000675447487360481,91.7036047563,88.445805457666,True
XLV,2000-07-07T00:00:00.000Z,20.0318492051,0.017018379849640164,93.1782264049,88.50380965025401,True
XLV,2000-07-10T00:00:00.000Z,19.8642467185,-0.006038242200976485,93.0209303419,88.5695664547595,True
XLV,2000-07-11T00:00:00.000Z,19.6430114361,-0.0077886894671519435,93.2175504207,88.636696729011,True
XLV,2000-07-12T00:00:00.000Z,20.0050328073,0.024373498111702974,93.8271016075,88.704239909726,True
XLV,2000-07-13T00:00:00.000Z,20.0720738019,0.010462369217678402,94.2399748305,88.77462819526001,True
XLV,2000-07-14T00:00:00.000Z,20.3871664768,-0.0019691499837188875,95.1641181434,88.854419078266,True
XLV,2000-07-17T00:00:00.000Z,20.1324106971,-0.0033189512132755228,95.0068220803,88.927372755999,True
XLV,2000-07-18T00:00:00.000Z,19.8173180222,-0.02474430881051659,94.2301532643,88.99732156435,True
XLV,2000-07-19T00:00:00.000Z,19.9446959121,-0.017178724807858314,93.4731854656,89.0563611493755,True
XLV,2000-07-20T00:00:00.000Z,20.259788587,0.002987056090462792,94.7708779858,89.122279566354,True
XLV,2000-07-21T00:00:00.000Z,19.756981127,-0.019627411842592757,92.922649245,89.17271092999499,True
XLV,2000-07-24T00:00:00.000Z,19.569266342,-0.010508474573573401,92.3917460897,89.22282999397201,True
XLV,2000-07-25T00:00:00.000Z,19.5759704414,-0.00068446270022815,92.6867051504,89.268177943619,True
XLV,2000-07-26T00:00:00.000Z,19.4217761537,-0.006515775036398663,91.7822527879,89.30968692147549,True
XLV,2000-07-27T00:00:00.000Z,19.5491540436,0.004478126078469202,91.4676606618,89.35606403301149,True
XLV,2000-07-28T00:00:00.000Z,19.3346228606,-0.02137767221039666,89.4031208918,89.4027558668865,True
XLV,2000-07-31T00:00:00.000Z,19.5290417452,-0.014546684706631896,89.9733480628,89.45239657261,True
XLV,2000-08-01T00:00:00.000Z,19.6966442318,-0.004067796610429997,90.5238842835,89.515037011274,True
XLV,2000-08-02T00:00:00.000Z,19.7770934254,-0.006399461100083936,90.9760815223,89.577108423846,True
XLV,2000-08-03T00:00:00.000Z,19.8843590169,0.0010124873439711912,91.6052657745,89.6385194909795,True
XLV,2000-08-04T00:00:00.000Z,20.2933090843,0.013052208836188406,92.096844914,89.698484760289,True
XLV,2000-08-07T00:00:00.000Z,20.1324106971,0.013499831249591532,93.1979173553,89.76161317569249,True
XLV,2000-08-08T00:00:00.000Z,20.1994516918,0.028327645051276162,93.5518334971,89.82309558363,True
XLV,2000-08-09T00:00:00.000Z,20.0050328073,0.0,92.7653531819,89.88269488543399,True
XLV,2000-08-10T00:00:00.000Z,20.0519615035,-0.0010020040080809256,92.3130980582,89.94510771319702,True
XLV,2000-08-11T00:00:00.000Z,20.1726352939,-0.010522854323288588,92.7456622316,90.002461528813,True
XLV,2000-08-14T00:00:00.000Z,20.4072787752,0.013653013652239698,93.9253827044,90.05185583479351,True
XLV,2000-08-15T00:00:00.000Z,20.3000131838,0.024357239514412266,93.8467346729,90.09324469825049,True
XLV,2000-08-16T00:00:00.000Z,20.2799008854,0.01680672268844363,93.5125094814,90.137451683299,True
XLV,2000-08-17T00:00:00.000Z,20.1994516918,-0.0029781601590213036,94.4956098754,90.18959967645249,True
XLV,2000-08-18T00:00:00.000Z,20.1994516918,0.022395656601368108,94.1810177493,90.23734438751652,True
XLV,2000-08-21T00:00:00.000Z,20.259788587,0.03528605686754771,94.6922299542,90.284424756106,True
XLV,2000-08-22T00:00:00.000Z,20.0050328073,0.02191780822229905,94.5349338912,90.3265220301895,True
XLV,2000-08-23T00:00:00.000Z,20.0318492051,0.031411805314405905,94.9084830985,90.3700966809575,True
XLV,2000-08-24T00:00:00.000Z,19.9782164094,0.02194787379766261,95.2034421591,90.41919630586801,True
XLV,2000-08-25T00:00:00.000Z,20.3134213827,0.050624133149997474,95.1641181434,90.4649276065585,True
XLV,2000-08-28T00:00:00.000Z,20.1122983987,0.02986611740145184,95.4885217687,90.50984097326901,True
XLV,2000-08-29T00:00:00.000Z,20.2061557913,0.02586793737571802,95.5081554633,90.5509488149315,True
XLV,2000-08-30T00:00:00.000Z,20.3402377806,0.028474576273010088,94.5938909724,90.586460711402,True
XLV,2000-08-31T00:00:00.000Z,20.2195639902,0.01685772083551229,95.8522594767,90.624604640906,True
XLV,2000-09-01T00:00:00.000Z,20.1994516918,-0.004625041293665144,95.9505984586,90.6620691572635,True
XLV,2000-09-05T00:00:00.000Z,19.7972057238,-0.016650016649435995,95.1837512088,90.692576482555,True
XLV,2000-09-06T00:00:00.000Z,19.7167565302,-0.023896448723702224,94.1023697178,90.71806726974351,True
XLV,2000-09-07T00:00:00.000Z,19.555858143,-0.02245308311297023,94.9084830985,90.7476863598295,True
XLV,2000-09-08T00:00:00.000Z,19.569266342,-0.02407221664652348,94.2596657809,90.7779650568485,True
XLV,2000-09-11T00:00:00.000Z,19.6430114361,-0.026254569622847113,94.1220027832,90.80521322276648,True
XLV,2000-09-12T00:00:00.000Z,19.6296032372,-0.03810775295259217,93.4338614499,90.83067960810851,True
XLV,2000-09-13T00:00:00.000Z,19.8374303206,-0.022787318363376996,93.6796170437,90.858936248828,True
XLV,2000-09-14T00:00:00.000Z,19.6296032372,-0.032066115701194775,94.1515052328,90.8947248680645,True
XLV,2000-09-15T00:00:00.000Z,19.5491540436,-0.03219382674946514,92.0970456237,90.9167278650865,True
XLV,2000-09-18T00:00:00.000Z,19.5156335462,-0.0338533023585782,91.2493768462,90.93185738143801,True
XLV,2000-09-19T00:00:00.000Z,19.3882556564,-0.04301786896035198,92.0773040543,90.94302651343,True
XLV,2000-09-20T00:00:00.000Z,19.0128260863,-0.0495978552276074,91.3972304525,90.954113416906,True
XLV,2000-09-21T00:00:00.000Z,19.1938367719,-0.041834002673434956,90.0075150509,90.96186251622501,True
XLV,2000-09-22T00:00:00.000Z,19.0262342852,-0.04765100671109368,91.6436278977,90.9806225012365,True
XLV,2000-09-25T00:00:00.000Z,19.3078064628,-0.04950495049329484,90.9931426796,90.99398302872099,True
XLV,2000-09-26T00:00:00.000Z,19.3078064628,-0.03999999999761339,89.8300730609,91.0000641793855,True
XLV,2000-09-27T00:00:00.000Z,18.9793055889,-0.06071665561087247,90.3031743227,91.007730097655,True
XLV,2000-09-28T00:00:00.000Z,19.5357458446,-0.03955174687128293,91.4662439414,91.02550542689102,True
XLV,2000-09-29T00:00:00.000Z,19.4821130489,-0.03647214854175029,90.5988916281,91.036601778448,True
XLV,2000-10-02T00:00:00.000Z,19.7368688286,-0.022900763360214738,90.7368504793,91.04643607750052,True
XLV,2000-10-03T00:00:00.000Z,19.8106139227,0.0006772773434322588,89.8892397355,91.049190271557,True
XLV,2000-10-04T00:00:00.000Z,19.9648082105,0.012580754847789422,90.6383167333,91.058918386232,True
XLV,2000-10-05T00:00:00.000Z,20.1458188961,0.03016798080585259,90.9537175745,91.0634730877125,True
XLV,2000-10-06T00:00:00.000Z,19.669827834,0.005138746146255535,88.9824623171,91.0569975523155,True
XLV,2000-10-09T00:00:00.000Z,19.5491540436,-0.004778156995190019,88.3122355296,91.039980612288,True
XLV,2000-10-10T00:00:00.000Z,19.569266342,-0.0030737704919913122,86.8535066392,91.01630582921149,True
XLV,2000-10-11T00:00:00.000Z,19.0731629815,-0.03852652923026789,86.1241131771,90.98927742496652,True
XLV,2000-10-12T00:00:00.000Z,18.4362735322,-0.06079234972709613,83.9754739634,90.94954922366898,True
XLV,2000-10-13T00:00:00.000Z,18.7848867044,-0.03909465020816105,86.7746564289,90.924355097017,True
XLV,2000-10-16T00:00:00.000Z,18.6038760188,-0.04671934043245718,87.1689074803,90.90039840320549,True
XLV,2000-10-17T00:00:00.000Z,17.6854143919,-0.08782849239652435,85.0005266973,90.87009998774201,True
XLV,2000-10-18T00:00:00.000Z,17.973690669,-0.05465444287889243,84.6851258561,90.856029637026,True
XLV,2000-10-19T00:00:00.000Z,18.1882218519,-0.052392595183065827,87.878559373,90.8571438135005,True
XLV,2000-10-20T00:00:00.000Z,18.563651422,-0.024312896407453155,88.253068855,90.867174300927,True
XLV,2000-10-23T00:00:00.000Z,18.8318154007,-0.024652777777583568,88.6473199065,90.8541315510175,True
XLV,2000-10-24T00:00:00.000Z,18.8787440969,-0.022222222225329658,88.0559433293,90.83656663743498,True
XLV,2000-10-25T00:00:00.000Z,18.5435391236,-0.02296008477543343,85.9861543259,90.81413126159,True
XLV,2000-10-26T00:00:00.000Z,18.8049990028,-0.037405628001758284,86.2227049568,90.79737882116251,True
XLV,2000-10-27T00:00:00.000Z,18.9726014895,-0.02615278733477877,87.8588178035,90.78274148191849,True
XLV,2000-10-30T00:00:00.000Z,19.3346228606,-0.0203804347839166,88.6473199065,90.765883504096,True
XLV,2000-10-31T00:00:00.000Z,19.7770934254,-0.0016920473757550125,90.175052193,90.7602837555205,True
XLV,2000-11-01T00:00:00.000Z,19.9111754147,-0.002686366692558173,89.869498166,90.74943869494051,True
XLV,2000-11-02T00:00:00.000Z,20.0921861003,-0.0026622296207766682,90.0173517724,90.74637666593452,True
XLV,2000-11-03T00:00:00.000Z,20.0184410062,0.01772324471480169,90.0666236918,90.74453929701751,True
XLV,2000-11-06T00:00:00.000Z,20.1525229955,0.030864197527643356,90.6974253741,90.7586718169625,True
XLV,2000-11-07T00:00:00.000Z,20.2396762886,0.034258307638296515,90.6777418384,90.767716442714,True
XLV,2000-11-08T00:00:00.000Z,20.0720738019,0.052372583476002044,88.6670614759,90.770229548424,True
XLV,2000-11-09T00:00:00.000Z,19.1469080756,0.03854545454420788,88.3319190653,90.77282788296648,True
XLV,2000-11-10T00:00:00.000Z,19.0731629815,0.015346181301826967,86.1832798517,90.7783792283285,True
XLV,2000-11-13T00:00:00.000Z,18.664212914,0.003243243243452376,85.5130530642,90.769035493948,True
XLV,2000-11-14T00:00:00.000Z,19.1200916777,0.08112206216989115,87.7602840576,90.76662339237001,True
XLV,2000-11-15T00:00:00.000Z,19.2139490703,0.06900410294915815,88.0362597936,90.76519984927499,True
XLV,2000-11-16T00:00:00.000Z,18.9793055889,0.04349428676654066,86.6563811134,90.750224469434,True
XLV,2000-11-17T00:00:00.000Z,18.8586317985,0.015890213072543125,86.1931165731,90.734791681832,True
XLV,2000-11-20T00:00:00.000Z,18.7513662071,-0.004271982912332994,84.9611015921,90.7138834856635,True
XLV,2000-11-21T00:00:00.000Z,18.3088956423,-0.03018465908934964,85.3947777487,90.68907820722801,True
XLV,2000-11-22T00:00:00.000Z,18.1345890562,-0.022053506866957062,83.3545090025,90.66356124383901,True
XLV,2000-11-24T00:00:00.000Z,18.2150382498,-0.03137254901806463,85.0596353381,90.64568929767951,True
XLV,2000-11-27T00:00:00.000Z,18.3290079407,-0.033922261486185046,85.8087123359,90.640563101035,True
XLV,2000-11-28T00:00:00.000Z,18.1010685589,-0.06380027738807004,84.3302999098,90.625501260981,True
XLV,2000-11-29T00:00:00.000Z,18.1412931557,-0.08271186440364986,84.1725994892,90.60471059838699,True
XLV,2000-11-30T00:00:00.000Z,17.973690669,-0.09730639730437995,83.4432060271,90.5867785697065,True
XLV,2000-12-01T00:00:00.000Z,18.1010685589,-0.09909909909555692,83.4037809219,90.570899650637,True
XLV,2000-12-04T00:00:00.000Z,18.1144767578,-0.09511051573947826,84.1134328146,90.567862701699,True
XLV,2000-12-05T00:00:00.000Z,18.5837637204,-0.07784431137730496,86.8731901749,90.57970081410951,True
XLV,2000-12-06T00:00:00.000Z,18.7848867044,-0.071878105334096,85.4834646805,90.579600822533,True
XLV,2000-12-07T00:00:00.000Z,18.4697940295,-0.07982631930380457,84.3105583403,90.5822453435845,True
XLV,2000-12-08T00:00:00.000Z,18.865335898,-0.01470588235386272,84.507683866,90.58739195507451,True
XLV,2000-12-11T00:00:00.000Z,19.066458882,-0.0003514938506269383,87.4448832164,90.59846867686649,True
XLV,2000-12-12T00:00:00.000Z,19.1066834788,0.023706896553248313,87.0703157006,90.60356369901301,True
XLV,2000-12-13T00:00:00.000Z,19.2139490703,0.004908835908431719,85.8777157319,90.599565159742,True
XLV,2000-12-14T00:00:00.000Z,19.0463465836,-0.00872295882989893,84.7836596021,90.58980299368001,True
XLV,2000-12-15T00:00:00.000Z,18.6031922007,-0.019817025783070208,82.874746475,90.56237622389352,True
XLV,2000-12-18T00:00:00.000Z,18.4956981323,-0.019244962735253557,83.9821164183,90.5447908259885,True
XLV,2000-12-19T00:00:00.000Z,18.5158532702,-0.01255977480781234,82.2716348368,90.52711555735401,True
XLV,2000-12-20T00:00:00.000Z,17.6760558613,-0.03456460691915897,79.8888316286,90.498064100026,True
XLV,2000-12-21T00:00:00.000Z,17.8037050675,-0.01824601526257763,80.4425166002,90.4592588212595,True
XLV,2000-12-22T00:00:00.000Z,18.1060321346,-0.005984402212342088,82.8550011197,90.43486388627099,True
XLV,2000-12-26T00:00:00.000Z,18.139624031,-0.010332469182877446,83.744822859,90.41971187639551,True
XLV,2000-12-27T00:00:00.000Z,18.2000894444,0.005470444199346058,84.3578603286,90.413788202961,True
XLV,2000-12-28T00:00:00.000Z,18.5158532702,0.020646825520390877,84.6148992431,90.39917105908151,True
XLV,2000-12-29T00:00:00.000Z,18.3075835128,0.018576754766113757,83.0131968259,90.35609906684,True
XLV,2001-01-02T00:00:00.000Z,17.5618434137,-0.02978968581028174,81.5103376171,90.3024929793795,True
XLV,2001-01-03T00:00:00.000Z,18.9458295435,0.04589438584484795,85.4256813454,90.270817457139,True
XLV,2001-01-04T00:00:00.000Z,19.503455023,0.04948896878141129,84.5061207116,90.225128745415,True
XLV,2001-01-05T00:00:00.000Z,18.9794214398,0.010355917417081528,81.7476311763,90.16280349910099,True
XLV,2001-01-08T00:00:00.000Z,18.7039678897,0.012678747788198219,82.3804140011,90.09559985776701,True
XLV,2001-01-09T00:00:00.000Z,18.9391111642,0.003910625636293075,82.1628657971,90.02446409976099,True
XLV,2001-01-10T00:00:00.000Z,19.0869155082,0.0010729116678982464,83.6064307241,89.96564616731051,True
XLV,2001-01-11T00:00:00.000Z,19.5168917815,0.02146936192014426,83.6855285772,89.9099698784675,True
XLV,2001-01-12T00:00:00.000Z,19.7789085731,0.02940361196612562,83.527332871,89.853012370759,True
XLV,2001-01-16T00:00:00.000Z,19.9871783305,0.04939696664504223,84.0612142714,89.80666835788651,True
XLV,2001-01-17T00:00:00.000Z,20.1349826744,0.08234019501461476,84.446825797,89.7569562478395,True
XLV,2001-01-18T00:00:00.000Z,20.074517261,0.08536142390553114,85.2872309945,89.7087000094385,True
XLV,2001-01-19T00:00:00.000Z,19.5773571949,0.0573294629855603,84.802766136,89.661552216613,True
XLV,2001-01-22T00:00:00.000Z,19.4429896095,0.0999619916379948,85.3663288476,89.62016454556901,True
XLV,2001-01-23T00:00:00.000Z,19.8931210207,0.11735849056577274,86.0386605989,89.578068578762,True
XLV,2001-01-24T00:00:00.000Z,19.7050064011,0.08831168831543246,86.2957577295,89.534266512391,True
XLV,2001-01-25T00:00:00.000Z,19.6714145047,0.08444444444285182,86.0782095254,89.491240311244,True
XLV,2001-01-26T00:00:00.000Z,19.4698631266,0.06976744186225403,85.9793663171,89.449092971226,True
XLV,2001-01-29T00:00:00.000Z,19.7923453316,0.06894049346645148,86.4381376617,89.422185644114,True
XLV,2001-01-30T00:00:00.000Z,19.752035056,0.07889908256816591,87.1974751531,89.4054498612405,True
XLV,2001-01-31T00:00:00.000Z,19.6311042291,0.11782708492809868,86.7039051826,89.41213854088049,True
XLV,2001-02-01T00:00:00.000Z,19.8931210207,0.050000000001319655,87.2797305925,89.40679865257151,True
XLV,2001-02-02T00:00:00.000Z,19.6579777462,0.007922838441587698,85.2991266788,89.3798847331105,True
XLV,2001-02-05T00:00:00.000Z,19.6445409876,0.035044247787513694,85.9255753475,89.360320221077,True
XLV,2001-02-06T00:00:00.000Z,19.6646961255,0.05136494253334667,85.6724660143,89.33733246968052,True
XLV,2001-02-07T00:00:00.000Z,19.852810745,0.048244058175609394,85.2295199353,89.31703383492801,True
XLV,2001-02-08T00:00:00.000Z,19.9737415719,0.046462513197536026,84.2360464709,89.2732314354155,True
XLV,2001-02-09T00:00:00.000Z,19.6512593669,0.006884681582718377,83.4260850879,89.2306264394735,True
XLV,2001-02-12T00:00:00.000Z,19.8125004694,0.0016983695624988027,84.3815934812,89.194318939557,True
XLV,2001-02-13T00:00:00.000Z,19.8326556072,-0.007731092440607434,83.6918532416,89.157407114094,True
XLV,2001-02-14T00:00:00.000Z,19.6176674706,-0.02569235902336897,83.565298575,89.11368352366,True
XLV,2001-02-15T00:00:00.000Z,19.6982880218,-0.018741633201358465,84.3752593251,89.0832289694095,True
XLV,2001-02-16T00:00:00.000Z,19.6109490913,0.00171585449790701,82.5148765547,89.0540648109115,True
XLV,2001-02-20T00:00:00.000Z,19.5907939535,0.0076019350402667385,81.2429862408,89.0152065848575,True
XLV,2001-02-21T00:00:00.000Z,19.4900182644,-0.020263424521499096,79.4901803473,88.96219024196199,True
XLV,2001-02-22T00:00:00.000Z,19.1205074045,-0.029662461645654226,79.6104059201,88.9131586343105,True
XLV,2001-02-23T00:00:00.000Z,19.0667603704,-0.030737704914688857,79.0725411518,88.86501741386401,True
XLV,2001-02-26T00:00:00.000Z,19.1675360594,-0.015527950311420402,80.7557459969,88.8352960656025,True
XLV,2001-02-27T00:00:00.000Z,19.5101734022,-0.01425661914606402,80.0090616308,88.791935668861,True
XLV,2001-02-28T00:00:00.000Z,19.2548749899,-0.02517006803048283,78.4334292332,88.735891195664,True
XLV,2001-03-01T00:00:00.000Z,19.1876911972,-0.022587268995429732,78.8447387021,88.674155335859,True
XLV,2001-03-02T00:00:00.000Z,19.2212830936,-0.03377237419914714,78.2182856039,88.60487360385851,True
XLV,2001-03-05T00:00:00.000Z,19.1137890253,-0.027682843470773322,78.9333282976,88.54397299979401,True
XLV,2001-03-06T00:00:00.000Z,19.180972818,-0.023597811213436404,79.7812598139,88.4929022945665,True
XLV,2001-03-07T00:00:00.000Z,19.2683117485,-0.020157157500440226,80.350764989,88.4517406549505,True
XLV,2001-03-08T00:00:00.000Z,19.3758058168,-0.024027072756946266,80.4393545845,88.4143565792985,True
XLV,2001-03-09T00:00:00.000Z,19.207846335,-0.03834510595538587,78.0600898977,88.371549258304,True
XLV,2001-03-12T00:00:00.000Z,18.2471180993,-0.07145299145382478,74.7189972157,88.30497493416351,True
XLV,2001-03-13T00:00:00.000Z,18.2538364786,-0.0786707358421177,75.9465927318,88.25209065641249,True
XLV,2001-03-14T00:00:00.000Z,17.9044807565,-0.09722222222222221,74.446900601,88.19121738893449,True
XLV,2001-03-15T00:00:00.000Z,18.4352327189,-0.06027397260515577,74.4658828202,88.11631595307999,True
XLV,2001-03-16T00:00:00.000Z,18.1900857777,-0.07656514324650354,72.9760032526,88.03298434998,True
XLV,2001-03-19T00:00:00.000Z,18.1900857777,-0.07245255224441627,74.4607746007,87.94923044835801,True
XLV,2001-03-20T00:00:00.000Z,17.8070658703,-0.09104930037209269,72.4620398887,87.84753878534201,True
XLV,2001-03-21T00:00:00.000Z,17.3366905454,-0.11048361729517808,71.2310766771,87.741947931537,True
XLV,2001-03-22T00:00:00.000Z,16.953670638,-0.11332527535278891,70.5077259312,87.634800084128,True
XLV,2001-03-23T00:00:00.000Z,17.3366905454,-0.09073748195240505,72.6397089471,87.53512474537702,True
XLV,2001-03-26T00:00:00.000Z,17.6390746828,-0.07974219387736181,73.5661056945,87.4418957196135,True
XLV,2001-03-27T00:00:00.000Z,18.1632071877,-0.06903917185831443,75.0699126052,87.3571664978115,True
XLV,2001-03-28T00:00:00.000Z,17.7869069278,-0.07623877396607404,72.9950381808,87.267456991261,True
XLV,2001-03-29T00:00:00.000Z,18.0086552952,-0.061447512881177335,73.2742277019,87.1706108828375,True
XLV,2001-03-30T00:00:00.000Z,18.0220945902,-0.062388577160038206,74.0419947606,87.07681899418101,True
XLV,2001-04-02T00:00:00.000Z,17.8003462228,-0.06871702940539215,72.4620398887,86.9741465617575,True
XLV,2001-04-03T00:00:00.000Z,17.4038870204,-0.09264836640258056,70.0445247021,86.86319693513451,True
XLV,2001-04-04T00:00:00.000Z,17.5114013804,-0.09118133394518979,70.3364026948,86.747808096111,True
XLV,2001-04-05T00:00:00.000Z,17.9481784678,-0.073680927776545,73.0013846373,86.64741529275749,True
XLV,2001-04-06T00:00:00.000Z,17.8675426978,-0.06977896500336611,71.8909768165,86.541667070379,True
XLV,2001-04-09T00:00:00.000Z,18.0892910652,-0.008649422513796967,72.6904672749,86.44699462312948,True
XLV,2001-04-10T00:00:00.000Z,18.4454323826,0.01049619920856748,74.0166140104,86.36288531113351,True
XLV,2001-04-11T00:00:00.000Z,18.2236840152,0.01782812152115154,74.0673761453,86.2731806015575,True
XLV,2001-04-12T00:00:00.000Z,18.2102447202,-0.012204239682276463,75.4125527328,86.19359337690099,True
XLV,2001-04-16T00:00:00.000Z,18.3379180227,0.008127077948210326,74.6194042894,86.10876223480251,True
XLV,2001-04-17T00:00:00.000Z,18.6537414551,0.02548947174116223,75.6727079603,86.03352325279249,True
XLV,2001-04-18T00:00:00.000Z,19.3996223274,0.0894339622652931,78.6803255888,85.969881652258,True
XLV,2001-04-19T00:00:00.000Z,19.4197812699,0.12015503876273037,79.7272828032,85.90518299527399,True
XLV,2001-04-20T00:00:00.000Z,19.4735384499,0.1486325802656543,78.9975849662,85.84519205774201,True
XLV,2001-04-23T00:00:00.000Z,19.0233220675,0.09728682170816727,77.5635713114,85.7744918905175,True
XLV,2001-04-24T00:00:00.000Z,19.0770792475,0.081523809528524,77.1447914713,85.6943247158495,True
XLV,2001-04-25T00:00:00.000Z,19.2988276149,0.0625231224565359,78.1536737533,85.6199884329065,True
XLV,2001-04-26T00:00:00.000Z,19.5407349248,0.09860219115774749,78.502660972,85.54641398566301,True
XLV,2001-04-27T00:00:00.000Z,19.3525847949,0.07462686567487409,79.8097683377,85.47632731931398,True
XLV,2001-04-30T00:00:00.000Z,19.3525847949,0.07382550335872118,80.3681480145,85.406968185234,True
XLV,2001-05-01T00:00:00.000Z,19.6549689323,0.1041902604750724,80.6156096943,85.3342256429885,True
XLV,2001-05-02T00:00:00.000Z,19.7154457598,0.13281853281916312,80.4696684772,85.26153987497301,True
XLV,2001-05-03T00:00:00.000Z,19.3324258524,0.1039907904822639,79.4480926475,85.18762957188899,True
XLV,2001-05-04T00:00:00.000Z,19.3929026799,0.08049419692878113,80.7996156916,85.124261723019,True
XLV,2001-05-07T00:00:00.000Z,19.4399402124,0.08800300865063027,80.1016463304,85.05091556474201,True
XLV,2001-05-08T00:00:00.000Z,19.1173971325,0.05683506686880935,80.0635764741,84.9866202008875,True
XLV,2001-05-09T00:00:00.000Z,19.2383507874,0.0429872495452035,79.7272828032,84.92329788445498,True
XLV,2001-05-10T00:00:00.000Z,19.3660240899,0.06268436578175951,79.9620515698,84.859674616552,True
XLV,2001-05-11T00:00:00.000Z,19.4600991549,0.06863468634848058,79.4100234258,84.7978134697415,True
XLV,2001-05-14T00:00:00.000Z,19.3727437374,0.05643092707792774,79.5686531145,84.738318432005,True
XLV,2001-05-15T00:00:00.000Z,19.4600991549,0.04322766570668524,79.9366746267,84.6909862006795,True
XLV,2001-05-16T00:00:00.000Z,19.9976709547,0.030827848975972794,81.8211915212,84.65022541797151,True
XLV,2001-05-17T00:00:00.000Z,20.1723817897,0.038754325259394484,81.9480933686,84.60734646339701,True
XLV,2001-05-18T00:00:00.000Z,20.2261389697,0.03864734299502004,82.3224664136,84.5640783878535,True
XLV,2001-05-21T00:00:00.000Z,20.5352427546,0.0794772165311235,83.5343902555,84.5237240102585,True
XLV,2001-05-22T00:00:00.000Z,20.5621213446,0.07784431137668069,83.4265233362,84.48037240236948,True
XLV,2001-05-23T00:00:00.000Z,20.2194193222,0.04770194986296694,82.0115490512,84.42444056084899,True
XLV,2001-05-24T00:00:00.000Z,20.4680462796,0.04745529573829432,82.2526693506,84.36794474011649,True
XLV,2001-05-25T00:00:00.000Z,20.3202140346,0.04999999999767457,81.2818562904,84.310527255659,True
XLV,2001-05-29T00:00:00.000Z,20.1656621422,0.042013888889626205,80.6346446224,84.25213498848,True
XLV,2001-05-30T00:00:00.000Z,20.0984656672,0.022564102564984312,79.5052018735,84.1859326866895,True
XLV,2001-05-31T00:00:00.000Z,20.0917460197,0.019086571233772442,79.917635257,84.1158939494525,True
XLV,2001-06-01T00:00:00.000Z,20.0312691922,0.0361487660749642,80.4125636928,84.048723094552,True
XLV,2001-06-04T00:00:00.000Z,20.0581477822,0.03430353430224242,80.7996156916,83.98515862560299,True
XLV,2001-06-05T00:00:00.000Z,20.2462979122,0.0414794331150079,81.7260175151,83.9213106638015,True
XLV,2001-06-06T00:00:00.000Z,20.0850263722,0.05061511423304643,81.0470824475,83.8556409872925,True
XLV,2001-06-07T00:00:00.000Z,20.1992603797,0.04994760740766502,81.3389604402,83.78887463972251,True
XLV,2001-06-08T00:00:00.000Z,20.0917460197,0.03747397640481531,80.583881853,83.7191193795315,True
XLV,2001-06-11T00:00:00.000Z,19.9909513072,0.027279005521733568,80.0128137047,83.6446410325625,True
XLV,2001-06-12T00:00:00.000Z,19.9439137747,0.029483177243362135,79.8732189442,83.56798991648799,True
XLV,2001-06-13T00:00:00.000Z,19.8498387098,0.020027624309502334,79.1879424961,83.4881090382515,True
XLV,2001-06-14T00:00:00.000Z,19.4802580974,-0.02587365591083457,77.4112880793,83.3977228698045,True
XLV,2001-06-15T00:00:00.000Z,19.4277910897,-0.03691139240583807,77.5359316744,83.30786175086,True
XLV,2001-06-18T00:00:00.000Z,19.132004651,-0.054095065812564624,77.1605037688,83.220694814842,True
XLV,2001-06-19T00:00:00.000Z,19.1857840035,-0.06571428286610892,77.4977542155,83.12892228853599,True
XLV,2001-06-20T00:00:00.000Z,19.6025739853,-0.04666577651298587,77.90500017,83.03869429709299,True
XLV,2001-06-21T00:00:00.000Z,19.8244138144,-0.01953594717560969,78.7894888593,82.9567229853455,True
XLV,2001-06-22T00:00:00.000Z,19.56896189,-0.04392624373221665,78.1722544725,82.877072409119,True
XLV,2001-06-25T00:00:00.000Z,19.6160188234,-0.034654911114663345,77.4532116196,82.7897960517245,True
XLV,2001-06-26T00:00:00.000Z,19.3135099656,-0.04225758472947572,77.3450380166,82.705222912903,True
XLV,2001-06-27T00:00:00.000Z,19.6294636616,-0.023335214407206983,77.3004954208,82.621115376091,True
XLV,2001-06-28T00:00:00.000Z,19.7773568809,-0.015647676338917504,77.7268310591,82.542580224137,True
XLV,2001-06-29T00:00:00.000Z,19.8647483287,-0.008313046063244123,78.013173773,82.4642480077835,True
XLV,2001-07-02T00:00:00.000Z,20.005919129,-0.0026038622193396144,78.9867470177,82.388424216708,True
XLV,2001-07-03T00:00:00.000Z,20.005919129,-0.011872727757065826,78.9676579701,82.32277727844001,True
XLV,2001-07-05T00:00:00.000Z,19.7706344619,-0.01565304941472012,77.4277580714,82.25366918456601,True
XLV,2001-07-06T00:00:00.000Z,19.4009014134,-0.03952416827609895,75.7542310214,82.1720538194015,True
XLV,2001-07-09T00:00:00.000Z,19.2933427085,-0.039737875962455704,76.1678370222,82.09590685225001,True
XLV,2001-07-10T00:00:00.000Z,19.2933427085,-0.03489621819291555,75.2515353746,82.02212695386851,True
XLV,2001-07-11T00:00:00.000Z,19.2798978703,-0.033294162414718276,75.3278909287,81.9405482690235,True
XLV,2001-07-12T00:00:00.000Z,19.4681256041,-0.019230035633062692,77.115961173,81.87116236149049,True
XLV,2001-07-13T00:00:00.000Z,19.6025739853,0.00627896649461368,77.7840975657,81.8109324840145,True
XLV,2001-07-16T00:00:00.000Z,19.5084601184,0.004152249132572061,76.8105243209,81.7434692340055,True
XLV,2001-07-17T00:00:00.000Z,19.6429084997,0.026704146168671228,77.5295671738,81.67378585016749,True
XLV,2001-07-18T00:00:00.000Z,19.4479583469,0.01366503153335663,77.0014230693,81.6057985073735,True
XLV,2001-07-19T00:00:00.000Z,19.3336772228,-0.013717421125493456,77.6759239627,81.5404938747905,True
XLV,2001-07-20T00:00:00.000Z,19.3807341563,-0.022380467955008143,77.2114057748,81.477104704987,True
XLV,2001-07-23T00:00:00.000Z,19.0042786888,-0.028856063207346794,75.6905949236,81.4023660959385,True
XLV,2001-07-24T00:00:00.000Z,18.916887241,-0.03564084989386351,74.9588275238,81.322391645685,True
XLV,2001-07-25T00:00:00.000Z,19.024445946,-0.014966933515185188,75.7860439797,81.256409553998,True
XLV,2001-07-26T00:00:00.000Z,19.5824067281,-0.0023972602772663887,76.5814474773,81.1977556137365,True
XLV,2001-07-27T00:00:00.000Z,19.6092964044,-0.008497620663472372,76.8741559644,81.14785886036249,True
XLV,2001-07-30T00:00:00.000Z,19.6092964044,-0.012859560064545694,76.8996088763,81.1017363388585,True
XLV,2001-07-31T00:00:00.000Z,19.4681256041,-0.02688172042645265,77.2177702754,81.06794782041851,True
XLV,2001-08-01T00:00:00.000Z,19.4479583469,-0.027889784943257,77.7013775109,81.0225814258285,True
XLV,2001-08-02T00:00:00.000Z,19.6496309187,-0.006120367226109202,78.0195389099,80.9768345829765,True
XLV,2001-08-03T00:00:00.000Z,19.4882928613,0.004504504509240892,77.5932032715,80.9397979658475,True
XLV,2001-08-06T00:00:00.000Z,19.3605668991,0.003484320556353504,76.549634519,80.899120509162,True
XLV,2001-08-07T00:00:00.000Z,19.4143462516,0.006271777002473167,76.8487024162,80.843971224378,True
XLV,2001-08-08T00:00:00.000Z,19.2798978703,0.0,75.4233406211,80.7798225832085,True
XLV,2001-08-09T00:00:00.000Z,19.1925064225,-0.01415745856611661,75.6460523278,80.71481624531499,True
XLV,2001-08-10T00:00:00.000Z,19.2261185178,-0.019204389575690706,75.9069472203,80.65407126477,True
XLV,2001-08-13T00:00:00.000Z,19.3740117372,-0.00689179875725765,75.9260362679,80.60377067448,True
XLV,2001-08-14T00:00:00.000Z,19.1252822319,-0.02635181382675089,75.894218219,80.55212824079099,True
XLV,2001-08-15T00:00:00.000Z,18.8631078885,-0.030072589007432926,75.2388063733,80.48902818364,True
XLV,2001-08-16T00:00:00.000Z,18.9572217553,-0.0194714881789817,75.4997012658,80.42329009043651,True
XLV,2001-08-17T00:00:00.000Z,18.7488267644,-0.03260492542768767,74.2906866768,80.3438682628555,True
XLV,2001-08-20T00:00:00.000Z,18.8899975647,-0.0060134418133612755,74.9779165714,80.2694103548825,True
XLV,2001-08-21T00:00:00.000Z,18.9975562697,0.004264392321647881,73.6989064746,80.1878181283935,True
XLV,2001-08-22T00:00:00.000Z,18.92360966,-0.005300353360419452,74.4624919233,80.109797469551,True
XLV,2001-08-23T00:00:00.000Z,19.024445946,-0.028492962578463232,74.1952369845,80.027286527603,True
XLV,2001-08-24T00:00:00.000Z,19.3672893181,-0.012341446694930758,75.7351375195,79.9525735060085,True
XLV,2001-08-27T00:00:00.000Z,19.1252822319,-0.024682893384761706,75.2833489692,79.885654943475,True
XLV,2001-08-28T00:00:00.000Z,18.8563854694,-0.03142265193579641,74.1825130738,79.8149079135175,True
XLV,2001-08-29T00:00:00.000Z,18.6883249929,-0.039059799514692184,73.5207367275,79.7515951978965,True
XLV,2001-08-30T00:00:00.000Z,18.3051471063,-0.06842285323132924,72.1080994794,79.6845704299725,True
XLV,2001-08-31T00:00:00.000Z,18.4799300019,-0.05174197999674013,72.6362486744,79.6089502530565,True
XLV,2001-09-04T00:00:00.000Z,18.3992609732,-0.049652777778149026,72.1717304865,79.529627606521,True
XLV,2001-09-05T00:00:00.000Z,18.4127058113,-0.05159279778568138,72.3499002337,79.45809520212251,True
XLV,2001-09-06T00:00:00.000Z,17.8749122863,-0.07287308228765732,70.4854744353,79.3795569914335,True
XLV,2001-09-07T00:00:00.000Z,17.5253464951,-0.08686514886067898,69.1810152445,79.3006565596955,True
XLV,2001-09-10T00:00:00.000Z,17.296784247,-0.10034965034745702,70.0273258386,79.223819300145,True
XLV,2001-09-17T00:00:00.000Z,15.8514641486,-0.18181818181912024,66.3684697496,79.13888910388049,True
XLV,2001-09-18T00:00:00.000Z,15.5624001289,-0.1862917398969044,66.2093890501,79.0446378724405,True
XLV,2001-09-19T00:00:00.000Z,15.3069482046,-0.18852459016406486,64.8731073561,78.9399598475415,True
XLV,2001-09-20T00:00:00.000Z,14.7220977462,-0.22340425531583807,62.811422763,78.8323654618075,True
XLV,2001-09-21T00:00:00.000Z,14.7685563843,-0.21229437074204982,62.1362842742,78.7221838857325,True
XLV,2001-09-24T00:00:00.000Z,15.2258705164,-0.1939718115764718,64.3207617632,78.62657166441299,True
XLV,2001-09-25T00:00:00.000Z,15.1182671912,-0.2041993729839474,64.9914369849,78.534509944728,True
XLV,2001-09-26T00:00:00.000Z,15.2594965556,-0.19362654219956044,64.7614912129,78.43775023671951,True
XLV,2001-09-27T00:00:00.000Z,15.4948788294,-0.18552798471075116,65.323578039,78.33000217604001,True
XLV,2001-09-28T00:00:00.000Z,15.8042383894,-0.18397261847945312,66.7096393974,78.2361330496245,True
XLV,2001-10-01T00:00:00.000Z,15.5083292451,-0.18911893392961843,66.6010510019,78.1475855129325,True
XLV,2001-10-02T00:00:00.000Z,15.7100854798,-0.16685594355852507,67.4377989862,78.0622360885335,True
XLV,2001-10-03T00:00:00.000Z,16.2951785606,-0.12805569430161323,68.5683600034,77.96785347246849,True
XLV,2001-10-04T00:00:00.000Z,16.2481021059,-0.11237522367094432,68.6258488417,77.875631138174,True
XLV,2001-10-05T00:00:00.000Z,16.0732467024,-0.130232273566651,68.4917148193,77.788701133611,True
XLV,2001-10-08T00:00:00.000Z,15.9521929616,-0.13299816852233093,68.0445967274,77.7050058192375,True
XLV,2001-10-09T00:00:00.000Z,15.8042383894,-0.14166670823031158,67.680516933,77.6290346715275,True
XLV,2001-10-10T00:00:00.000Z,16.1472239885,-0.09665436507479619,69.1879356679,77.5550637677755,True
XLV,2001-10-11T00:00:00.000Z,16.5305608345,-0.05676268146128438,70.2610129567,77.495010658375,True
XLV,2001-10-12T00:00:00.000Z,16.3826062624,-0.05285248237738527,69.941644716,77.445274723812,True
XLV,2001-10-15T00:00:00.000Z,16.4431331328,0.03732582546655516,69.8138993359,77.39213163749051,True
XLV,2001-10-16T00:00:00.000Z,16.6045381206,0.06696511997302457,70.2546243144,77.329129753464,True
XLV,2001-10-17T00:00:00.000Z,16.1068727415,0.052258917075293176,68.7599835028,77.254205556683,True
XLV,2001-10-18T00:00:00.000Z,15.8513148442,0.07670218724715827,68.6130715571,77.1754816128255,True
XLV,2001-10-19T00:00:00.000Z,15.7975131816,0.06967213114978876,68.5683600034,77.095248916627,True
XLV,2001-10-22T00:00:00.000Z,16.241376898,0.06669611307321843,69.9224832602,77.0297953487985,True
XLV,2001-10-23T00:00:00.000Z,16.3422550154,0.08096085409262077,69.5647927469,76.9700676244475,True
XLV,2001-10-24T00:00:00.000Z,16.0799719102,0.053768179809241534,69.3795585285,76.889837010363,True
XLV,2001-10-25T00:00:00.000Z,16.1741248198,0.0438368055586984,70.6250927511,76.8204318705605,True
XLV,2001-10-26T00:00:00.000Z,16.3153541841,0.03234042553058458,70.4654086307,76.7640207578325,True
XLV,2001-10-29T00:00:00.000Z,15.898391299,0.025151777972681533,68.6322330128,76.695279852891,True
XLV,2001-10-30T00:00:00.000Z,15.6764594407,-0.0021404109572310537,67.8082674229,76.62350686101999,True
XLV,2001-10-31T00:00:00.000Z,15.8849408833,-0.025175402391226953,67.5783216509,76.543366315654,True
XLV,2001-11-01T00:00:00.000Z,16.1068727415,-0.008692052984373921,69.3092968768,76.471485157152,True
XLV,2001-11-02T00:00:00.000Z,16.1943004433,0.007531380755944506,69.7819605956,76.40275829577499,True
XLV,2001-11-05T00:00:00.000Z,16.4431331328,0.03077571669185475,70.695353764,76.335928993238,True
XLV,2001-11-06T00:00:00.000Z,16.6448893676,0.05319148936425999,71.7939817896,76.272664773201,True
XLV,2001-11-07T00:00:00.000Z,16.550736458,0.024989587670758873,71.6981700399,76.204719468428,True
XLV,2001-11-08T00:00:00.000Z,16.6919658223,0.009764035801080428,71.9217265309,76.1403142704025,True
XLV,2001-11-09T00:00:00.000Z,16.591087705,0.012725779968141504,71.9983768249,76.073474510289,True
XLV,2001-11-12T00:00:00.000Z,16.6314389519,0.011451942739816312,71.5576473752,76.0010694441705,True
XLV,2001-11-13T00:00:00.000Z,17.1156539153,0.030781692991863396,73.1672658634,75.93542698483999,True
XLV,2001-11-14T00:00:00.000Z,17.3174101501,0.07515657620370986,73.237527515,75.871223574788,True
XLV,2001-11-15T00:00:00.000Z,17.5191663848,0.1052184980863129,73.3716615374,75.80818505088949,True
XLV,2001-11-16T00:00:00.000Z,17.5191663848,0.10898254575949817,73.0459046544,75.741223885853,True
XLV,2001-11-19T00:00:00.000Z,17.821800737,0.09730848861678831,73.9465205383,75.674969112779,True
XLV,2001-11-20T00:00:00.000Z,17.821800737,0.09053497942638655,73.3269499837,75.6080843367845,True
XLV,2001-11-21T00:00:00.000Z,17.6469453335,0.09744876620748455,72.8415089804,75.53589322872399,True
XLV,2001-11-23T00:00:00.000Z,17.7209226196,0.0956340956331958,73.8890361712,75.478842776186,True
XLV,2001-11-26T00:00:00.000Z,17.9495796857,0.10016488046533634,74.0487202915,75.419458500906,True
XLV,2001-11-27T00:00:00.000Z,17.8890528152,0.12521150591665275,73.7293520508,75.3597429310885,True
XLV,2001-11-28T00:00:00.000Z,17.6133192944,0.12355212355357659,72.3943902497,75.2955672826605,True
XLV,2001-11-29T00:00:00.000Z,17.6536705414,0.11134631668409178,73.3716615374,75.24124535799301,True
XLV,2001-11-30T00:00:00.000Z,17.7276478274,0.10062630480242185,72.8478976226,75.1883544206665,True
XLV,2001-12-03T00:00:00.000Z,17.7410982431,0.09551495016507183,72.4135568153,75.128514237337,True
XLV,2001-12-04T00:00:00.000Z,17.9697553091,0.09284253578503043,73.6399295821,75.0782546190395,True
XLV,2001-12-05T00:00:00.000Z,18.5951996369,0.11717171716961738,74.9876641967,75.035366447148,True
XLV,2001-12-06T00:00:00.000Z,18.6624517151,0.1275904104000931,74.9493361754,74.9882368313995,True
XLV,2001-12-07T00:00:00.000Z,18.5548483899,0.11160354552794738,74.4511229973,74.9479180636125,True
XLV,2001-12-10T00:00:00.000Z,18.1311602969,0.09282529387364247,73.0586768291,74.906996516554,True
XLV,2001-12-11T00:00:00.000Z,18.2589392456,0.097856854022488,72.9117706321,74.874104467978,True
XLV,2001-12-12T00:00:00.000Z,18.1782367517,0.06208251473524684,72.9948044584,74.8410264606695,True
XLV,2001-12-13T00:00:00.000Z,17.7881746979,0.027184466021166864,71.5768088309,74.803547799065,True
XLV,2001-12-14T00:00:00.000Z,17.7545486587,0.013435700576725162,72.2602562273,74.761070350217,True
XLV,2001-12-17T00:00:00.000Z,17.9226788544,0.02303262956336205,73.007581743,74.726062950778,True
XLV,2001-12-18T00:00:00.000Z,18.1849619595,0.02037735848690292,73.4419225504,74.701105417364,True
XLV,2001-12-19T00:00:00.000Z,18.09080905,0.015094339622006236,73.9592978228,74.6766782129675,True
XLV,2001-12-20T00:00:00.000Z,17.8688771918,0.01257621951594623,73.2311388728,74.65174247931199,True
XLV,2001-12-21T00:00:00.000Z,17.8401000275,0.006725237193247802,73.6736331513,74.6254440035805,True
XLV,2001-12-24T00:00:00.000Z,17.9209464022,-0.0015952063503088532,73.5326348244,74.594200878633,True
XLV,2001-12-26T00:00:00.000Z,18.0556903601,0.00931505690219736,73.9364124908,74.56212911614199,True
XLV,2001-12-27T00:00:00.000Z,18.257806297,0.03659088851043002,74.3850538438,74.5318576124385,True
XLV,2001-12-28T00:00:00.000Z,18.4397106402,0.044525590129069315,74.3465999878,74.513290162889,True
XLV,2001-12-31T00:00:00.000Z,18.1567483286,0.024205157129575827,73.2570396693,74.505980375157,True
XLV,2002-01-02T00:00:00.000Z,18.3117038802,0.03216292640293128,74.0453674331,74.4964742486635,True
XLV,2002-01-03T00:00:00.000Z,18.3925502549,0.02352814150930005,74.884969355,74.4986645924335,True
XLV,2002-01-04T00:00:00.000Z,18.6081405876,0.0006959296459674302,75.3848906345,74.503259631505,True
XLV,2002-01-07T00:00:00.000Z,18.6283521813,-0.001827173316805597,74.8529266113,74.5126442482985,True
XLV,2002-01-08T00:00:00.000Z,18.7294101497,0.009407878530283353,74.679875927,74.51373975493,True
XLV,2002-01-09T00:00:00.000Z,18.6283521813,0.027421956248713242,74.0710048326,74.5217845796495,True
XLV,2002-01-10T00:00:00.000Z,18.6822497644,0.02318374102164822,74.3978747868,74.537618570198,True
XLV,2002-01-11T00:00:00.000Z,18.5609802023,0.02105503717593571,73.6672271663,74.5534160763735,True
XLV,2002-01-14T00:00:00.000Z,18.4262362444,0.03586998426405863,73.2057648702,74.556246355989,True
XLV,2002-01-15T00:00:00.000Z,18.6553009728,0.050733608125747454,73.801820149,74.5574249282615,True
XLV,2002-01-16T00:00:00.000Z,18.1971715159,0.01531538135174526,72.3084776777,74.543617753624,True
XLV,2002-01-17T00:00:00.000Z,18.3117038802,0.006969600540395193,72.8532575165,74.5429088503025,True
XLV,2002-01-18T00:00:00.000Z,18.1702227244,0.004389724869712008,72.5199822182,74.539137622884,True
XLV,2002-01-22T00:00:00.000Z,18.1230623391,0.014225020664233146,72.0200660661,74.52902797941151,True
XLV,2002-01-23T00:00:00.000Z,18.0556903601,0.012084592141729855,72.5712563763,74.5295740618495,True
XLV,2002-01-24T00:00:00.000Z,18.2039087138,0.015789473683446964,72.7955773733,74.5433293252055,True
XLV,2002-01-25T00:00:00.000Z,18.2241203075,0.009328358209564902,72.7763504453,74.555529063958,True
XLV,2002-01-28T00:00:00.000Z,18.257806297,0.0,72.9750340427,74.555397310985,True
XLV,2002-01-29T00:00:00.000Z,17.9142092043,-0.028498355866515945,70.6805428647,74.549345141226,True
XLV,2002-01-30T00:00:00.000Z,17.8401000275,-0.017439703154403685,71.6996065834,74.5443908377685,True
XLV,2002-01-31T00:00:00.000Z,18.0220043707,-0.0158204562172527,72.5392085053,74.53700381024301,True
XLV,2002-02-01T00:00:00.000Z,17.9883183812,-0.021978021976169937,72.1995227355,74.527664543194,True
XLV,2002-02-04T00:00:00.000Z,17.6447212885,-0.051774076757674425,70.4049470686,74.502626514873,True
XLV,2002-02-05T00:00:00.000Z,17.739042059,-0.04773960217440654,69.9691221722,74.479375104287,True
XLV,2002-02-06T00:00:00.000Z,17.6447212885,-0.05791366906540696,69.6678896175,74.449351012573,True
XLV,2002-02-07T00:00:00.000Z,17.9883183812,-0.03435804701730383,69.232064721,74.402109708234,True
XLV,2002-02-08T00:00:00.000Z,18.3588642654,-0.017309772809922963,70.5587663385,74.3562671259105,True
XLV,2002-02-11T00:00:00.000Z,18.5272942128,-0.0018148820338608207,71.4240107873,74.318399255016,True
XLV,2002-02-12T00:00:00.000Z,18.3588642654,-0.0036563071321997764,71.1996853039,74.2865798249785,True
XLV,2002-02-13T00:00:00.000Z,18.6620381707,0.000361141206449922,71.955970324,74.260635719242,True
XLV,2002-02-14T00:00:00.000Z,18.7159357539,0.028507960017122524,71.8213779822,74.22897424038649,True
XLV,2002-02-15T00:00:00.000Z,18.4262362444,0.006254598968468361,71.0715034336,74.19181845269449,True
XLV,2002-02-19T00:00:00.000Z,18.1230623391,-0.002595476457020518,69.70634796,74.141301350806,True
XLV,2002-02-20T00:00:00.000Z,18.5609802023,0.024163568772547217,70.8792258212,74.09385673983951,True
XLV,2002-02-21T00:00:00.000Z,18.4262362444,0.02052238806215012,69.4115258768,74.03783632075199,True
XLV,2002-02-22T00:00:00.000Z,18.5946661918,0.02146558105423657,70.2703547268,73.98683975200001,True
XLV,2002-02-25T00:00:00.000Z,18.9180516908,0.03807763401421438,71.4304167724,73.94675137262449,True
XLV,2002-02-26T00:00:00.000Z,18.8641541076,0.033210332103240425,71.283007974,73.8991683340365,True
XLV,2002-02-27T00:00:00.000Z,18.7967821286,0.049266641593543214,71.5586037701,73.856453121235,True
XLV,2002-02-28T00:00:00.000Z,18.8506797118,0.056646525677671145,71.2381442873,73.812325960301,True
XLV,2002-03-01T00:00:00.000Z,19.2077512003,0.06579439252205344,72.8981218441,73.7781801555055,True
XLV,2002-03-04T00:00:00.000Z,19.4031299392,0.07865168538926093,74.1863702464,73.7493017488885,True
XLV,2002-03-05T00:00:00.000Z,19.3761811477,0.09812905689411378,73.9492283064,73.7219977732915,True
XLV,2002-03-06T00:00:00.000Z,19.6456690635,0.1074819597449832,74.8272892118,73.698290953778,True
XLV,2002-03-07T00:00:00.000Z,19.4974507098,0.10500190912664165,74.6670594705,73.671942877997,True
XLV,2002-03-08T00:00:00.000Z,19.6995666467,0.09513108614357546,74.9811084817,73.6377424627995,True
XLV,2002-03-11T00:00:00.000Z,19.6052458761,0.06788990825804997,75.141338223,73.60370868707149,True
XLV,2002-03-12T00:00:00.000Z,19.5378738972,0.054545454548987404,75.0964738954,73.5675787244805,True
XLV,2002-03-13T00:00:00.000Z,19.4705019182,0.0605504587173753,74.3722373873,73.5217679601395,True
XLV,2002-03-14T00:00:00.000Z,19.6052458761,0.050541516246648044,74.2696877891,73.475983782404,True
XLV,2002-03-15T00:00:00.000Z,19.9640218756,0.06668574513779935,74.9753299563,73.4408026869295,True
XLV,2002-03-18T00:00:00.000Z,20.139263121,0.0929667271101342,74.9881821352,73.40448025085249,True
XLV,2002-03-19T00:00:00.000Z,20.1190429773,0.11013484370650373,75.4895167378,73.37551855308949,True
XLV,2002-03-20T00:00:00.000Z,20.1257830252,0.08430604450006873,74.0690675188,73.3426906675715,True
XLV,2002-03-21T00:00:00.000Z,19.9977221151,0.08528523404651334,74.1012063218,73.31567068981299,True
XLV,2002-03-22T00:00:00.000Z,19.8898813488,0.06965519808960985,73.9405219483,73.28578512326949,True
XLV,2002-03-25T00:00:00.000Z,19.5933192412,0.03569434957873541,73.0214073319,73.248829341465,True
XLV,2002-03-26T00:00:00.000Z,19.4787384269,0.03257947935510108,73.445611507,73.212059320542,True
XLV,2002-03-27T00:00:00.000Z,19.7685604866,0.051699187198717356,73.6384346834,73.17162140638351,True
XLV,2002-03-28T00:00:00.000Z,19.943801732,0.05798846709573735,73.6062958805,73.1344174735485,True
XLV,2002-04-01T00:00:00.000Z,19.7618204387,0.028846127410862454,73.6384346834,73.09591484476451,True
XLV,2002-04-02T00:00:00.000Z,19.6472396244,0.012580943691297364,73.2335113476,73.0591629922375,True
XLV,2002-04-03T00:00:00.000Z,19.3911178043,0.0007708772170398337,72.7193194243,73.0226955208355,True
XLV,2002-04-04T00:00:00.000Z,19.6674597681,0.0011091861788754542,72.4172321594,72.9854155869115,True
XLV,2002-04-05T00:00:00.000Z,19.9033614446,0.02081865679988515,72.4300894802,72.951626321832,True
XLV,2002-04-08T00:00:00.000Z,19.9842420193,0.014450844412239316,72.5843451933,72.927491607402,True
XLV,2002-04-09T00:00:00.000Z,20.0112022109,0.020706515866494968,72.0765819303,72.9001948586815,True
XLV,2002-04-10T00:00:00.000Z,20.1931835042,0.033540476842462974,72.8928617613,72.878856648644,True
XLV,2002-04-11T00:00:00.000Z,19.8561811093,0.019808384638481558,71.0803368864,72.8467695619985,True
XLV,2002-04-12T00:00:00.000Z,19.9235815883,0.016237272116442547,71.6138102919,72.815313612608,True
XLV,2002-04-15T00:00:00.000Z,19.9101014925,-0.0027008777808393836,71.0674847075,72.776703591849,True
XLV,2002-04-16T00:00:00.000Z,20.0449024504,-0.004685408300843297,72.7578823884,72.7496317314285,True
XLV,2002-04-17T00:00:00.000Z,20.0920827857,-0.0013400335011173325,72.6036266753,72.725383806707,True
XLV,2002-04-18T00:00:00.000Z,20.3010242706,0.008707300738588719,72.2886865888,72.70010204956799,True
XLV,2002-04-19T00:00:00.000Z,20.4627854201,0.023255813953372062,72.5522063904,72.676360604416,True
XLV,2002-04-22T00:00:00.000Z,20.3684247496,0.02405964079966072,71.3438618299,72.64444575827001,True
XLV,2002-04-23T00:00:00.000Z,20.2201436958,0.03199174406763827,71.0353459046,72.609556618928,True
XLV,2002-04-24T00:00:00.000Z,20.3549446538,0.04498269896627205,70.3219117855,72.56623244276699,True
XLV,2002-04-25T00:00:00.000Z,20.4156050849,0.032730992159929695,70.3604741069,72.523196523451,True
XLV,2002-04-26T00:00:00.000Z,20.0853427378,0.007096992223548648,69.023578834,72.48117562726401,True
XLV,2002-04-29T00:00:00.000Z,19.6270194807,-0.006821282402506568,68.6829292476,72.44581911839501,True
XLV,2002-04-30T00:00:00.000Z,19.8224808698,0.00891938250614932,69.3256667416,72.411608266992,True
XLV,2002-05-01T00:00:00.000Z,20.1797034084,0.04066736183331998,70.1740795909,72.3862209880735,True
XLV,2002-05-02T00:00:00.000Z,20.1123029294,0.022618231665154864,69.9041311289,72.3591021890745,True
XLV,2002-05-03T00:00:00.000Z,19.9842420193,0.004063664066249695,69.145700886,72.3192508876395,True
XLV,2002-05-06T00:00:00.000Z,19.606799337,-0.018887015176031197,67.789524131,72.269278020466,True
XLV,2002-05-07T00:00:00.000Z,19.6472396244,-0.018187942066856366,67.5517093301,72.222983945512,True
XLV,2002-05-08T00:00:00.000Z,20.0853427378,-0.005340453939695511,70.0648155024,72.185660187155,True
XLV,2002-05-09T00:00:00.000Z,19.8561811093,0.0,69.2549649745,72.146927896681,True
XLV,2002-05-10T00:00:00.000Z,19.5933192412,-0.016576454671882068,67.9502085045,72.09829931939,True
XLV,2002-05-13T00:00:00.000Z,19.8224808698,-0.004400812458590808,69.332095402,72.05890276752599,True
XLV,2002-05-14T00:00:00.000Z,20.1797034084,0.006724949564287597,70.8425272274,72.034662429045,True
XLV,2002-05-15T00:00:00.000Z,20.3549446538,0.013082858104043193,70.566150105,72.012699041951,True
XLV,2002-05-16T00:00:00.000Z,20.408865037,0.00531208499445901,70.9325104765,71.98843137443501,True
XLV,2002-05-17T00:00:00.000Z,20.4021249891,-0.002964426873206527,71.279589366,71.9619220838785,True
XLV,2002-05-20T00:00:00.000Z,20.2201436958,-0.007279947056431535,70.5083011596,71.9300928098545,True
XLV,2002-05-21T00:00:00.000Z,20.0449024504,-0.008666666668466938,69.8655636656,71.894922583801,True
XLV,2002-05-22T00:00:00.000Z,19.9235815883,-0.02119205297959237,70.0198238778,71.858932851813,True
XLV,2002-05-23T00:00:00.000Z,20.1055628815,-0.015186530211113825,70.7653967999,71.82425294825799,True
XLV,2002-05-24T00:00:00.000Z,20.0246823067,-0.0030201342288195265,69.8591395043,71.78345095123,True
XLV,2002-05-28T00:00:00.000Z,20.004462163,0.019230769229691358,69.4799218119,71.742884543932,True
XLV,2002-05-29T00:00:00.000Z,19.9909820672,0.008500510027315222,68.9657350305,71.70496504648949,True
XLV,2002-05-30T00:00:00.000Z,19.9505417799,-0.011356045421589855,68.7729118541,71.664586093679,True
XLV,2002-05-31T00:00:00.000Z,20.0988228336,-0.0006702412870032148,68.9143147455,71.632040964301,True
XLV,2002-06-03T00:00:00.000Z,19.7550803908,-0.011467116354910378,67.0825141732,71.589223273528,True
XLV,2002-06-04T00:00:00.000Z,19.7079000555,0.005156411138926398,67.2496220652,71.5459366477525,True
XLV,2002-06-05T00:00:00.000Z,19.876401253,0.011663807892656974,67.8795073802,71.50570400331401,True
XLV,2002-06-06T00:00:00.000Z,19.606799337,-0.02382550335570799,66.4976204827,71.4587210146325,True
XLV,2002-06-07T00:00:00.000Z,19.7483403429,-0.005431093008589127,66.4204900552,71.414629433042,True
XLV,2002-06-10T00:00:00.000Z,19.7887806303,0.00997592019472604,66.6775863383,71.37051885840451,True
XLV,2002-06-11T00:00:00.000Z,19.6404995765,-0.00918055083494873,65.5335142418,71.32673299622951,True
XLV,2002-06-12T00:00:00.000Z,19.2360967026,-0.04676018704056939,65.9320134162,71.28150348045351,True
XLV,2002-06-13T00:00:00.000Z,18.8856142119,-0.07218543046373238,65.2699944402,71.2393589202815,True
XLV,2002-06-14T00:00:00.000Z,18.744073206,-0.08157199471807175,65.1735831733,71.1929143765315,True
XLV,2002-06-17T00:00:00.000Z,19.2697969421,-0.055500495541761175,66.9218297997,71.1565473406075,True
XLV,2002-06-18T00:00:00.000Z,19.3574175648,-0.04266666666563812,67.4681553841,71.1152124299305,True
XLV,2002-06-19T00:00:00.000Z,19.2900170858,-0.03765971755003161,65.8934459529,71.068262914849,True
XLV,2002-06-20T00:00:00.000Z,18.7777734455,-0.057510148851593446,65.0514611213,71.02260765508649,True
XLV,2002-06-21T00:00:00.000Z,18.3845186108,-0.08560040227889398,64.0381019062,70.97519448098,True
XLV,2002-06-24T00:00:00.000Z,18.5260935616,-0.07483707966735598,64.3735175939,70.9365215715525,True
XLV,2002-06-25T00:00:00.000Z,18.2362019957,-0.08839328710224215,62.9286579051,70.887983617706,True
XLV,2002-06-26T00:00:00.000Z,18.5395768902,-0.07260299529663328,63.0318638733,70.84228428464002,True
XLV,2002-06-27T00:00:00.000Z,19.0114933929,-0.04706881634392923,64.1348563322,70.8012090651325,True
XLV,2002-06-28T00:00:00.000Z,18.6609268481,-0.07154130355814725,63.8316938399,70.7679401621555,True
XLV,2002-07-01T00:00:00.000Z,17.8788937865,-0.09497235987830988,62.5867951904,70.73496906188501,True
XLV,2002-07-02T00:00:00.000Z,17.4743939271,-0.11333049802922479,61.258044554,70.69112265546201,True
XLV,2002-07-03T00:00:00.000Z,17.5013605844,-0.11949047709235239,61.6063588108,70.667312100768,True
XLV,2002-07-05T00:00:00.000Z,18.0878853806,-0.0774687357325915,64.0574520174,70.6565524156045,True
XLV,2002-07-08T00:00:00.000Z,17.8654104579,-0.09534623428124978,63.2576220507,70.6484749890775,True
XLV,2002-07-09T00:00:00.000Z,17.0496690747,-0.1384173995746839,61.6644084994,70.6427399177595,True
XLV,2002-07-10T00:00:00.000Z,16.2608943488,-0.17207328227759144,59.4197240041,70.62915711640899,True
XLV,2002-07-11T00:00:00.000Z,16.5710109077,-0.1385460801171675,59.9034929094,70.60707077214,True
XLV,2002-07-12T00:00:00.000Z,16.7867441661,-0.11113591658975441,59.2455639731,70.578341407081,True
XLV,2002-07-15T00:00:00.000Z,16.4833692715,-0.1206090004906909,59.5616250345,70.55234207618899,True
XLV,2002-07-16T00:00:00.000Z,16.368760978,-0.15054834115879623,58.4134814561,70.5177915932745,True
XLV,2002-07-17T00:00:00.000Z,16.7260691872,-0.1359348874296593,58.5295859933,70.476891326254,True
XLV,2002-07-18T00:00:00.000Z,15.9372944613,-0.17380609926820878,56.6332151099,70.427052146794,True
XLV,2002-07-19T00:00:00.000Z,15.2833530219,-0.18609343827382363,54.6400846401,70.36306357506349,True
XLV,2002-07-22T00:00:00.000Z,15.1552613997,-0.1756508984251005,53.0210700805,70.285327125449,True
XLV,2002-07-23T00:00:00.000Z,14.8721114981,-0.19723435225836272,51.5697633648,70.2000466980645,True
XLV,2002-07-24T00:00:00.000Z,15.8361694964,-0.13160813308965946,54.6465361823,70.1308208048795,True
XLV,2002-07-25T00:00:00.000Z,16.3755026423,-0.11672727272670003,54.1821173882,70.0615084081835,True
XLV,2002-07-26T00:00:00.000Z,16.7395525158,-0.11950354609956504,55.2141564294,69.9991766056655,True
XLV,2002-07-29T00:00:00.000Z,17.4878772557,-0.06286127168005262,57.9039108975,69.9427564818135,True
XLV,2002-07-30T00:00:00.000Z,17.6159688779,-0.01470588235154302,58.6585936148,69.884744385104,True
XLV,2002-07-31T00:00:00.000Z,18.1215937022,0.03703703703830863,58.8005004504,69.829038663776,True
XLV,2002-08-01T00:00:00.000Z,17.6159688779,0.006548536209359357,57.2653372326,69.76629585325949,True
XLV,2002-08-02T00:00:00.000Z,17.4743939271,-0.03391725680426938,55.9817383608,69.6949314234915,True
XLV,2002-08-05T00:00:00.000Z,16.7260691872,-0.0637735849050246,54.0337596555,69.621300304255,True
XLV,2002-08-06T00:00:00.000Z,17.1373107109,0.005140371687920364,55.8527300942,69.55749859694049,True
XLV,2002-08-07T00:00:00.000Z,17.7103521784,0.08913764510787603,56.8267194469,69.49879039415801,True
XLV,2002-08-08T00:00:00.000Z,18.3710352822,0.10862489829534727,58.6650406418,69.442503181066,True
XLV,2002-08-09T00:00:00.000Z,18.3440686249,0.09277108433837578,58.8843517923,69.38910097629301,True
XLV,2002-08-12T00:00:00.000Z,18.3710352822,0.11451942740637411,58.4521861936,69.3344641146185,True
XLV,2002-08-13T00:00:00.000Z,17.9328271011,0.09555189456319502,57.387893312,69.268278117423,True
XLV,2002-08-14T00:00:00.000Z,18.3845186108,0.09915356710763623,59.4842252348,69.2133722004435,True
XLV,2002-08-15T00:00:00.000Z,18.512610233,0.16159052453686873,60.3098568547,69.17176031965299,True
XLV,2002-08-16T00:00:00.000Z,18.3642936178,0.20158800176147373,60.1292504418,69.1333652347475,True
XLV,2002-08-19T00:00:00.000Z,18.6204768621,0.22864768683360293,61.5354060381,69.1031506566835,True
XLV,2002-08-20T00:00:00.000Z,18.3845186108,0.2361740707194624,60.8839286439,69.06102381551901,True
XLV,2002-08-21T00:00:00.000Z,18.6946351697,0.1805023414247875,61.7611635705,69.02091983039351,True
XLV,2002-08-22T00:00:00.000Z,19.2811599659,0.17743927542683902,62.361037013,68.9792482466385,True
XLV,2002-08-23T00:00:00.000Z,18.7822768059,0.12202980265881846,61.0193832924,68.9253752541525,True
XLV,2002-08-26T00:00:00.000Z,18.9912683999,0.08596761757977145,61.4451025091,68.8741099164985,True
XLV,2002-08-27T00:00:00.000Z,18.451935254,0.04745503252726313,60.7355760714,68.818179164201,True
XLV,2002-08-28T00:00:00.000Z,18.3036186389,0.010044642854888819,59.4068202749,68.75522138145101,True
XLV,2002-08-29T00:00:00.000Z,18.3508102892,0.041714504401849206,59.4326219282,68.69459625421601,True
XLV,2002-08-30T00:00:00.000Z,18.2968769746,0.0470679012348727,59.2004128537,68.6247619891675,True
XLV,2002-09-03T00:00:00.000Z,17.535068906,0.048367593709292,56.9428246291,68.543288474738,True
XLV,2002-09-04T00:00:00.000Z,18.0744020519,0.0546813532653041,57.75555768,68.46520795545099,True
XLV,2002-09-05T00:00:00.000Z,17.8654104579,0.00875523411042689,57.2653372326,68.386305118342,True
XLV,2002-09-06T00:00:00.000Z,17.8654104579,-0.027522935780865176,58.0522686302,68.3068338588015,True
XLV,2002-09-09T00:00:00.000Z,18.0676603876,-0.015067989711116003,58.4779878469,68.2325890481175,True
XLV,2002-09-10T00:00:00.000Z,18.1350770308,-0.012844036701003092,59.148809547,68.1641255509505,True
XLV,2002-09-11T00:00:00.000Z,18.1687853524,0.013157894735154496,58.7811451791,68.08858609599001,True
XLV,2002-09-12T00:00:00.000Z,17.8249604719,-0.03043637697270407,57.6975028313,68.006830008689,True
XLV,2002-09-13T00:00:00.000Z,17.9597937584,-0.029861616900169308,57.8394090219,67.9273802935445,True
XLV,2002-09-16T00:00:00.000Z,17.9597937584,-0.0220264317168144,57.9813152124,67.855314918358,True
XLV,2002-09-17T00:00:00.000Z,17.6901271855,-0.04996379434801834,56.6525652211,67.7717194367765,True
XLV,2002-09-18T00:00:00.000Z,17.7912521503,-0.03226989365669253,56.0849398138,67.6879046477325,True
XLV,2002-09-19T00:00:00.000Z,17.1912440255,-0.08041831951000966,54.633633098,67.599005029146,True
XLV,2002-09-20T00:00:00.000Z,17.3254975288,-0.10142867133298605,54.6517589514,67.50406417599251,True
XLV,2002-09-23T00:00:00.000Z,17.1226228505,-0.0883627673338655,54.2047004255,67.4001493571365,True
XLV,2002-09-24T00:00:00.000Z,17.109097872,-0.09910715220632194,53.3300092074,67.29205272229649,True
XLV,2002-09-25T00:00:00.000Z,17.5959970999,-0.04638744621187896,54.6517589514,67.193055902067,True
XLV,2002-09-26T00:00:00.000Z,17.9070716067,-0.021664952708162044,55.5458870178,67.1054919530105,True
XLV,2002-09-27T00:00:00.000Z,17.2443476575,-0.06029502862613012,53.6150937813,67.0090085687565,True
XLV,2002-09-30T00:00:00.000Z,17.1631977862,-0.06196025638549074,52.9930945497,66.90900001921301,True
XLV,2002-10-01T00:00:00.000Z,17.6974344391,0.009259475053698951,55.5394065565,66.828813007841,True
XLV,2002-10-02T00:00:00.000Z,17.7109594177,-0.020108141511757327,53.8742616936,66.73688303517251,True
XLV,2002-10-03T00:00:00.000Z,17.6433345249,-0.012430497106312055,53.3300092074,66.6384951724945,True
XLV,2002-10-04T00:00:00.000Z,17.0888104041,-0.043469477268942014,52.3516584698,66.5330438520915,True
XLV,2002-10-07T00:00:00.000Z,17.0482354685,-0.05642263011538784,51.2696339586,66.4195955327705,True
XLV,2002-10-08T00:00:00.000Z,17.548659675,-0.03233608298459667,52.0730543571,66.313805110192,True
XLV,2002-10-09T00:00:00.000Z,17.3660724645,-0.044180877936012775,50.6022805691,66.198448347281,True
XLV,2002-10-10T00:00:00.000Z,17.5824721214,-0.013603864697611434,52.2415087703,66.09199271701051,True
XLV,2002-10-11T00:00:00.000Z,17.792109289,-0.009336658964781974,54.528658696,65.9949539480365,True
XLV,2002-10-14T00:00:00.000Z,18.2587210491,0.016644249634558683,54.833174935,65.8971945534925,True
XLV,2002-10-15T00:00:00.000Z,18.5833205345,0.0504910642887928,57.4701952575,65.812812529841,True
XLV,2002-10-16T00:00:00.000Z,18.6374204487,0.04756091877354063,56.0771785815,65.726913224402,True
XLV,2002-10-17T00:00:00.000Z,18.8673450841,0.0974973687834233,57.1915911448,65.64264434296051,True
XLV,2002-10-18T00:00:00.000Z,18.8741075734,0.0893832943051569,57.4313215609,65.55537610399,True
XLV,2002-10-21T00:00:00.000Z,18.9349699769,0.10584518167712109,58.4226332209,65.470564816922,True
XLV,2002-10-22T00:00:00.000Z,18.5833205345,0.08616600790580842,58.0014868213,65.38630761797201,True
XLV,2002-10-23T00:00:00.000Z,18.4615957275,0.049192928521505586,58.4420700693,65.3051185886835,True
XLV,2002-10-24T00:00:00.000Z,18.15728371,0.013972809669582364,57.2499062252,65.2210130956465,True
XLV,2002-10-25T00:00:00.000Z,18.4886456846,0.07215686274794075,58.4420700693,65.14123407205899,True
XLV,2002-10-28T00:00:00.000Z,18.4074958132,0.07249802994174392,58.0598019016,65.0631969457355,True
XLV,2002-10-29T00:00:00.000Z,18.1775711778,0.027130301872411833,57.3859680509,64.984097961639,True
XLV,2002-10-30T00:00:00.000Z,18.2992959848,0.03321878579384174,57.9431762763,64.9048047422755,True
XLV,2002-10-31T00:00:00.000Z,18.1640461993,0.029513223459268545,57.3535702801,64.8300302052875,True
XLV,2002-11-01T00:00:00.000Z,18.3466334097,0.07360506529455213,58.4874242271,64.7582010388405,True
XLV,2002-11-04T00:00:00.000Z,18.3736833669,0.0777469258240262,59.0446324525,64.690824290012,True
XLV,2002-11-05T00:00:00.000Z,18.6036080023,0.06011560693737139,59.5111330101,64.62827962473199,True
XLV,2002-11-06T00:00:00.000Z,18.9823074018,0.0930685358248926,60.2821556378,64.5668341210395,True
XLV,2002-11-07T00:00:00.000Z,18.9011575305,0.07499999999971574,58.8049065719,64.4968807670325,True
XLV,2002-11-08T00:00:00.000Z,18.7794327235,0.05549220828529955,58.0857192112,64.423427610862,True
XLV,2002-11-11T00:00:00.000Z,18.522458131,0.014444444448807658,57.185115219,64.3444780167435,True
XLV,2002-11-12T00:00:00.000Z,18.5359831095,-0.0025473071355638366,57.6386548541,64.2792685766905,True
XLV,2002-11-13T00:00:00.000Z,18.3195834526,-0.017053701019132617,57.6969699344,64.2092553934455,True
XLV,2002-11-14T00:00:00.000Z,18.6103704916,-0.013620071682292845,58.7854697236,64.14048669953699,True
XLV,2002-11-15T00:00:00.000Z,18.7861952128,-0.004657828734848324,59.2195731582,64.0755869516505,True
XLV,2002-11-18T00:00:00.000Z,18.6847578736,-0.013214285716071972,58.6234905883,64.016679669249,True
XLV,2002-11-19T00:00:00.000Z,18.6644704058,0.004366812225476302,58.5457393075,63.9595627549255,True
XLV,2002-11-20T00:00:00.000Z,18.8335326377,0.020146520143216495,59.8480528511,63.91046357109351,True
XLV,2002-11-21T00:00:00.000Z,18.9349699769,0.0428305400367619,60.9624647665,63.869115571321,True
XLV,2002-11-22T00:00:00.000Z,18.7997201913,0.016825164590563046,60.5283619797,63.818963549527,True
XLV,2002-11-25T00:00:00.000Z,18.7456202771,0.018368846437956554,60.5672402118,63.7646796966495,True
XLV,2002-11-26T00:00:00.000Z,18.4480707489,0.014880952381050694,59.413944881,63.705750994535,True
XLV,2002-11-27T00:00:00.000Z,18.7997201913,0.02734663710099383,61.085570853,63.65139899718,True
XLV,2002-11-29T00:00:00.000Z,18.7253328093,0.030900967980450833,60.8911984824,63.59674809968101,True
XLV,2002-12-02T00:00:00.000Z,18.5562705773,0.011426465167672761,60.988382076,63.546332492893,True
XLV,2002-12-03T00:00:00.000Z,18.4345457704,0.0033124769968357892,60.1720111217,63.498660808701494,True
XLV,2002-12-04T00:00:00.000Z,18.6036080023,0.0,59.8998822869,63.44376409103,True
XLV,2002-12-05T00:00:00.000Z,18.4954081738,-0.025650160314748094,59.2390093586,63.392901508438996,True
XLV,2002-12-06T00:00:00.000Z,18.5765580452,-0.017173524149312502,59.6277586354,63.339688527982,True
XLV,2002-12-09T00:00:00.000Z,18.4954081738,-0.015124234788230884,57.9885304342,63.27247909629101,True
XLV,2002-12-10T00:00:00.000Z,18.5630330666,0.0021905805003328283,58.7660283398,63.20989419812,True
XLV,2002-12-11T00:00:00.000Z,18.5359831095,0.0,58.817862959,63.146190494064506,True
XLV,2002-12-12T00:00:00.000Z,18.3466334097,0.001476559615560591,58.8113824977,63.0840566851165,True
XLV,2002-12-13T00:00:00.000Z,18.2451960706,-0.019622093024146303,57.8848611959,63.0089903818755,True
XLV,2002-12-16T00:00:00.000Z,18.4277832811,-0.019078473721799383,59.3815522935,62.934966292111,True
XLV,2002-12-17T00:00:00.000Z,18.1843336671,-0.026782482806858132,58.8632164689,62.8595362329235,True
XLV,2002-12-18T00:00:00.000Z,18.1302337529,-0.02862318840474487,58.1829073403,62.77631432356599,True
XLV,2002-12-19T00:00:00.000Z,17.9544090317,-0.04667863554393481,57.7682414019,62.691820233223,True
XLV,2002-12-20T00:00:00.000Z,18.1091415488,-0.0436139285727668,58.5883961888,62.60985667175851,True
XLV,2002-12-23T00:00:00.000Z,18.2245296321,-0.03059569787991745,58.6079271738,62.52718961651251,True
XLV,2002-12-24T00:00:00.000Z,18.3263426468,-0.0223666981461369,58.1717212872,62.4425658534715,True
XLV,2002-12-26T00:00:00.000Z,18.0141160684,-0.02352303860965388,58.1977641196,62.36169348713301,True
XLV,2002-12-27T00:00:00.000Z,17.7765523674,-0.05442463044601553,56.8891432047,62.274790764211005,True
XLV,2002-12-30T00:00:00.000Z,17.939453191,-0.04196879309454471,57.3644156186,62.186736192522496,True
XLV,2002-12-31T00:00:00.000Z,18.0209036027,-0.02885100065607582,57.4425434647,62.09900799917,True
XLV,2003-01-02T00:00:00.000Z,18.5096060733,0.0040717196851425275,59.2915363874,62.018018097418,True
XLV,2003-01-03T00:00:00.000Z,18.6996570341,0.0051629249438134295,59.4738303547,61.9450419115975,True
XLV,2003-01-06T00:00:00.000Z,18.9032830635,0.022052764981839168,60.5220288051,61.877146024014,True
XLV,2003-01-07T00:00:00.000Z,18.631781691,0.002972759844188211,60.3722888665,61.809304858605,True
XLV,2003-01-08T00:00:00.000Z,18.4892434704,-0.000333309940611759,59.4998731871,61.741697187881,True
XLV,2003-01-09T00:00:00.000Z,18.6792944312,0.006263058638255936,60.424369974,61.676590980216,True
XLV,2003-01-10T00:00:00.000Z,18.6725068968,0.007365338352624651,60.5871336074,61.61133447483599,True
XLV,2003-01-13T00:00:00.000Z,18.6860819655,0.0185019533676698,60.5676026224,61.546141008545504,True
XLV,2003-01-14T00:00:00.000Z,18.6725068968,0.023420456790188338,60.7629209357,61.481763439807,True
XLV,2003-01-15T00:00:00.000Z,18.4620933331,0.001861865395128115,60.1574402194,61.416383084166,True
XLV,2003-01-16T00:00:00.000Z,18.4077930586,0.012288566388566347,59.9100362413,61.352336668251,True
XLV,2003-01-17T00:00:00.000Z,18.39421799,0.014560443108339705,59.0246066328,61.285373540618,True
XLV,2003-01-21T00:00:00.000Z,18.2584673037,0.016935019774984683,58.106617136,61.21375617889699,True
XLV,2003-01-22T00:00:00.000Z,18.2109545635,0.005622188905290537,57.4034769374,61.1378518376175,True
XLV,2003-01-23T00:00:00.000Z,18.265254838,0.0022346368725076893,57.7550470367,61.06624416314949,True
XLV,2003-01-24T00:00:00.000Z,17.8647903135,-0.025185185183722147,56.238088671,60.982970297698,True
XLV,2003-01-27T00:00:00.000Z,17.4711133233,-0.030143180105990597,55.4698443212,60.904917834872,True
XLV,2003-01-28T00:00:00.000Z,17.7697648331,-0.0003818251233262959,55.8800119327,60.826248843076,True
XLV,2003-01-29T00:00:00.000Z,17.7697648331,-0.009458948168226566,56.3031980307,60.752427409692,True
XLV,2003-01-30T00:00:00.000Z,17.6068640096,-0.02297551788901231,54.9685342834,60.663480669167,True
XLV,2003-01-31T00:00:00.000Z,17.9598157939,-0.029702970296762277,56.0297518713,60.580611295147,True
XLV,2003-02-03T00:00:00.000Z,17.8851529165,-0.043557168782010214,56.1404343973,60.499870034189506,True
XLV,2003-02-04T00:00:00.000Z,17.6747393527,-0.06499102334092288,55.5870341373,60.415044172924,True
XLV,2003-02-05T00:00:00.000Z,17.5457762008,-0.058287795993476665,55.2419758854,60.334534743201495,True
XLV,2003-02-06T00:00:00.000Z,17.5118385292,-0.05286343612515898,54.9815534209,60.254265780783,True
XLV,2003-02-07T00:00:00.000Z,17.4779008576,-0.06431686046948926,54.3109679022,60.174211061366506,True
XLV,2003-02-10T00:00:00.000Z,17.6068640096,-0.05707015630464851,54.6950926813,60.095884154238504,True
XLV,2003-02-11T00:00:00.000Z,17.4032379802,-0.0686523792236654,54.3174797496,60.0223536588165,True
XLV,2003-02-12T00:00:00.000Z,17.2063994851,-0.07851690294200697,53.4515759177,59.946196892167,True
XLV,2003-02-13T00:00:00.000Z,17.0027734557,-0.0790441176452964,53.6143395511,59.8676402562145,True
XLV,2003-02-14T00:00:00.000Z,17.1860368822,-0.06637168141290051,54.786240316,59.79070105984,True
XLV,2003-02-18T00:00:00.000Z,17.6068640096,-0.04280442804516327,55.7497977707,59.71992939304901,True
XLV,2003-02-19T00:00:00.000Z,17.5254135978,-0.0401486988862122,55.4568251837,59.6514850145375,True
XLV,2003-02-20T00:00:00.000Z,17.3285751027,-0.04845322400444296,54.9034301321,59.58705454454301,True
XLV,2003-02-21T00:00:00.000Z,17.5050509949,-0.041620215531755544,55.4568251837,59.526580123811,True
XLV,2003-02-24T00:00:00.000Z,17.2742748282,-0.03305471124694703,54.5583718803,59.449047905700496,True
XLV,2003-02-25T00:00:00.000Z,17.3896629116,-0.0046620046583623065,54.9945771158,59.377745966407,True
XLV,2003-02-26T00:00:00.000Z,17.2946374312,-0.026737967911368954,54.1937780861,59.308963814315,True
XLV,2003-02-27T00:00:00.000Z,17.5118385292,-0.014514896866815064,54.9099367711,59.236853021160506,True
XLV,2003-02-28T00:00:00.000Z,17.5593512694,-0.002698535081209985,55.2745312163,59.159013041105,True
XLV,2003-03-03T00:00:00.000Z,17.4711133233,-0.027210884354726295,54.7471731377,59.0799181562685,True
XLV,2003-03-04T00:00:00.000Z,17.2810623625,-0.03377609108629409,53.8747626667,58.9946294172195,True
XLV,2003-03-05T00:00:00.000Z,17.4439631861,-0.013056835633887154,54.3304988871,58.90988396482499,True
XLV,2003-03-06T00:00:00.000Z,17.4779008576,-0.003868471957194086,53.8747626667,58.8267162723605,True
XLV,2003-03-07T00:00:00.000Z,17.6475892155,0.007751937986045343,54.2458637509,58.74861777278699,True
XLV,2003-03-10T00:00:00.000Z,17.3489377057,-0.007378640773324063,52.9437546834,58.663237426815,True
XLV,2003-03-11T00:00:00.000Z,17.118161539,-0.027756360833680493,52.4229091033,58.571524988332,True
XLV,2003-03-12T00:00:00.000Z,17.1724618135,-0.013260530423278571,52.7744792026,58.4861016868235,True
XLV,2003-03-13T00:00:00.000Z,17.4168130488,0.012228796842838063,54.5974338502,58.411689247015005,True
XLV,2003-03-14T00:00:00.000Z,17.2742748282,0.015968063869543636,54.7732159701,58.340726651713005,True
XLV,2003-03-17T00:00:00.000Z,17.7629772988,0.03357030015439744,56.4985117866,58.2793546513755,True
XLV,2003-03-18T00:00:00.000Z,17.9530282596,0.019660755590050538,56.8305509009,58.2189358321525,True
XLV,2003-03-19T00:00:00.000Z,18.156654289,0.03601859024195808,57.2667561364,58.1698570419685,True
XLV,2003-03-20T00:00:00.000Z,18.1362916861,0.04661182922502083,57.390458451,58.120561223897504,True
XLV,2003-03-21T00:00:00.000Z,18.6057854345,0.06288096161049128,58.6107794437,58.07421758421499,True
XLV,2003-03-24T00:00:00.000Z,18.0817746524,0.046745801617198435,56.6629720143,58.025044341873,True
XLV,2003-03-25T00:00:00.000Z,18.4424573985,0.06054139705018202,57.2054795973,57.9789692895835,True
XLV,2003-03-26T00:00:00.000Z,18.299545367,0.05810517507508517,56.9178867516,57.93017079165,True
XLV,2003-03-27T00:00:00.000Z,18.3675987154,0.048867523805285806,56.9636406788,57.887321423835004,True
XLV,2003-03-28T00:00:00.000Z,18.3948200547,0.04757970681729784,56.676042604,57.841041569774,True
XLV,2003-03-31T00:00:00.000Z,18.1838546749,0.04079541689249244,55.3883957133,57.7916335761395,True
XLV,2003-04-01T00:00:00.000Z,18.4356520637,0.06681242605231663,56.2381134652,57.746956227599,True
XLV,2003-04-02T00:00:00.000Z,18.707865457,0.07245499531362953,57.597660038,57.700335378790506,True
XLV,2003-04-03T00:00:00.000Z,18.6602281132,0.06764698262296642,57.323132553,57.649610264635,True
XLV,2003-04-04T00:00:00.000Z,18.7350867964,0.06162301080449262,57.6630214839,57.60845814228999,True
XLV,2003-04-07T00:00:00.000Z,18.5717587604,0.07048391523696829,57.5519061108,57.570960367237504,True
XLV,2003-04-08T00:00:00.000Z,18.5921747649,0.08610815025560914,57.6434133116,57.5389869242645,True
XLV,2003-04-09T00:00:00.000Z,18.3471827109,0.06840725052458718,56.8852034141,57.5015453533655,True
XLV,2003-04-10T00:00:00.000Z,18.3131560367,0.05146423661944022,57.1989465901,57.4728967967905,True
XLV,2003-04-11T00:00:00.000Z,18.2246866839,0.05501891484026111,56.9636406788,57.442555680817996,True
XLV,2003-04-14T00:00:00.000Z,18.5241214165,0.04285003042544133,58.1401669674,57.412582233994,True
XLV,2003-04-15T00:00:00.000Z,18.4084307244,0.025366331418571697,58.6826791258,57.386837160423504,True
XLV,2003-04-16T00:00:00.000Z,17.972889295,-0.010121082390786573,57.6826296562,57.3623163327525,True
XLV,2003-04-17T00:00:00.000Z,18.1498280007,0.0007463661719984138,58.5388804152,57.3487205120585,True
XLV,2003-04-21T00:00:00.000Z,18.1974653445,-0.021945866861544427,58.5977095076,57.3336772655425,True
XLV,2003-04-22T00:00:00.000Z,18.503705412,0.02333458787708076,59.7023361141,57.311901686026005,True
XLV,2003-04-23T00:00:00.000Z,18.6602281132,0.011808118082881514,60.2513858551,57.296870505048,True
XLV,2003-04-24T00:00:00.000Z,18.7759188054,0.02603198215290381,59.7154119328,57.287125522215,True
XLV,2003-04-25T00:00:00.000Z,18.5173160817,0.00815116709700714,58.9768141295,57.284910972842006,True
XLV,2003-04-28T00:00:00.000Z,18.667033448,0.01479837217708746,59.9964717714,57.285375867152,True
XLV,2003-04-29T00:00:00.000Z,18.7827241402,0.032934131734271066,60.2056325815,57.290176210194,True
XLV,2003-04-30T00:00:00.000Z,18.7827241402,0.01882613510500053,60.0749090361,57.292742630202,True
XLV,2003-05-01T00:00:00.000Z,18.8371668189,0.006911604223218237,60.0683714535,57.301017080189006,True
XLV,2003-05-02T00:00:00.000Z,19.1229908819,0.02479941648583872,60.9246215589,57.312992258017005,True
XLV,2003-05-05T00:00:00.000Z,19.1502122212,0.022157646202085823,60.8069686032,57.33386102548349,True
XLV,2003-05-06T00:00:00.000Z,19.1842388954,0.03297911322787428,61.3821640991,57.367571422778504,True
XLV,2003-05-07T00:00:00.000Z,19.0209108594,0.023060029282287342,61.0422745146,57.407677444949,True
XLV,2003-05-08T00:00:00.000Z,18.952857511,0.0330118694321484,60.4278633277,57.4519679447635,True
XLV,2003-05-09T00:00:00.000Z,19.1638228909,0.046451133408968115,61.2645104898,57.485057816300994,True
XLV,2003-05-12T00:00:00.000Z,19.3543722662,0.06198655712956547,62.0161782293,57.52422812050649,True
XLV,2003-05-13T00:00:00.000Z,19.3952042752,0.04702424687867235,61.9050628562,57.557682652640494,True
XLV,2003-05-14T00:00:00.000Z,19.361177601,0.051756007389437864,61.7743393107,57.5770347947065,True
XLV,2003-05-15T00:00:00.000Z,19.5449216415,0.08746686860956365,62.166515176,57.5945744025125,True
XLV,2003-05-16T00:00:00.000Z,19.4972842977,0.07424071990919301,62.0096458757,57.610620129639,True
XLV,2003-05-19T00:00:00.000Z,18.8371668189,0.03515332835038709,60.5585921021,57.6270864039865,True
XLV,2003-05-20T00:00:00.000Z,18.6057854345,0.0055167340933670594,60.4344009103,57.649349716733994,True
XLV,2003-05-21T00:00:00.000Z,18.7418921312,0.004376367614832732,60.5585921021,57.681973878967,True
XLV,2003-05-22T00:00:00.000Z,18.952857511,0.00942370423699912,61.1599281239,57.7085098691155,True
XLV,2003-05-23T00:00:00.000Z,18.8779988279,0.019478133040913725,61.2841186621,57.73079686519149,True
XLV,2003-05-27T00:00:00.000Z,19.1502122212,0.025884068539651528,62.3560678138,57.7492520010515,True
XLV,2003-05-28T00:00:00.000Z,19.116185547,0.017753623186442136,62.5325446328,57.76749296525399,True
XLV,2003-05-29T00:00:00.000Z,18.9596628459,0.00942028985674681,62.3691377499,57.7870777230355,True
XLV,2003-05-30T00:00:00.000Z,19.1706282257,0.017702312136739673,63.3691872195,57.816984192573,True
XLV,2003-06-02T00:00:00.000Z,19.0209108594,-0.005338078291749815,63.6306388857,57.8377162608275,True
XLV,2003-06-03T00:00:00.000Z,19.1706282257,0.0010660980810122123,63.8920912056,57.855627432582004,True
XLV,2003-06-04T00:00:00.000Z,19.5040896325,0.016672578925020387,64.8137086395,57.8790497235705,True
XLV,2003-06-05T00:00:00.000Z,19.687833673,0.03506261180286274,65.1339848227,57.8970426174935,True
XLV,2003-06-06T00:00:00.000Z,19.8647723787,0.048114901258067944,64.8790700854,57.91701832470099,True
XLV,2003-06-09T00:00:00.000Z,19.6606123337,0.02592329545249039,64.2189049714,57.929307031705505,True
XLV,2003-06-10T00:00:00.000Z,19.8103297001,0.023558368498278526,64.8725325029,57.941864509155,True
XLV,2003-06-11T00:00:00.000Z,20.0349057496,0.03298245614344797,65.5588433718,57.964561809551995,True
XLV,2003-06-12T00:00:00.000Z,20.0757377586,0.0369068541348998,65.7614665994,57.98614363000351,True
XLV,2003-06-13T00:00:00.000Z,19.9532417316,0.020891364907445142,65.0751557304,58.00784152829849,True
XLV,2003-06-16T00:00:00.000Z,20.5589165317,0.05445026177954615,66.4477774683,58.0430463142655,True
XLV,2003-06-17T00:00:00.000Z,20.9672366217,0.11307803467891087,66.4477774683,58.078122091965994,True
XLV,2003-06-18T00:00:00.000Z,20.9127939431,0.1239941477731008,66.388948376,58.114064769577496,True
XLV,2003-06-19T00:00:00.000Z,20.4636418441,0.09186637618267834,65.3758237413,58.1562297651385,True
XLV,2003-06-20T00:00:00.000Z,20.6105554124,0.08746427289066516,65.2321923593,58.193612938535004,True
XLV,2003-06-23T00:00:00.000Z,20.2693210513,0.07370072623077761,64.5630743405,58.23010162407451,True
XLV,2003-06-24T00:00:00.000Z,20.2829704258,0.05915120895349624,64.628673233,58.2629836470885,True
XLV,2003-06-25T00:00:00.000Z,20.1737754302,0.05532431564862961,63.9792390146,58.29048990292699,True
XLV,2003-06-26T00:00:00.000Z,20.4604122935,0.0791548594401581,64.8123559048,58.318807634716,True
XLV,2003-06-27T00:00:00.000Z,20.1464766813,0.05090331125882397,64.0645217077,58.345224517359,True
XLV,2003-06-30T00:00:00.000Z,20.0168076241,0.05235799547464026,64.0448372512,58.376961189458505,True
XLV,2003-07-01T00:00:00.000Z,20.1260026196,0.049835320087175505,64.6352344998,58.410940316848,True
XLV,2003-07-02T00:00:00.000Z,20.3170938619,0.04168378246402615,65.4486675895,58.4482770787335,True
XLV,2003-07-03T00:00:00.000Z,20.1942494919,0.025722272308430716,64.7729928957,58.48887921710651,True
XLV,2003-07-07T00:00:00.000Z,20.3375679235,0.02380070286166247,66.0587433907,58.538748234991004,True
XLV,2003-07-08T00:00:00.000Z,20.3443926108,0.03477919535232066,66.353944639,58.597349792695994,True
XLV,2003-07-09T00:00:00.000Z,20.2215482407,0.020757783783776462,65.9800272125,58.6539911340015,True
XLV,2003-07-10T00:00:00.000Z,20.0031582496,-0.001584609401051762,65.1403536474,58.708669400111006,True
XLV,2003-07-11T00:00:00.000Z,20.2351976152,0.007942913905203408,65.7569861235,58.7708042846915,True
XLV,2003-07-14T00:00:00.000Z,20.2147235535,0.013104728816365263,66.0784271912,58.8279376258905,True
XLV,2003-07-15T00:00:00.000Z,20.1396519941,-0.02039331873124406,65.9341075285,58.879878728444,True
XLV,2003-07-16T00:00:00.000Z,20.0236323113,-0.04500375168291948,65.5470675683,58.939538597379006,True
XLV,2003-07-17T00:00:00.000Z,19.8939632541,-0.04871805707893717,64.6155552913,58.997650901087,True
XLV,2003-07-18T00:00:00.000Z,20.0782298091,-0.018833990446872395,65.2781120433,59.046344428520996,True
XLV,2003-07-21T00:00:00.000Z,19.7642941968,-0.04105960264859532,64.4712356285,59.0993292981955,True
XLV,2003-07-22T00:00:00.000Z,19.7301707607,-0.026599326599813455,65.0550709544,59.157954606930495,True
XLV,2003-07-23T00:00:00.000Z,19.8734891924,-0.020188425304763835,65.1009906383,59.22170126777301,True
XLV,2003-07-24T00:00:00.000Z,19.7165213863,-0.022665764545762412,64.6089940244,59.288398068102,True
XLV,2003-07-25T00:00:00.000Z,19.8734891924,-0.028685790524683452,65.7504294486,59.3567849435595,True
XLV,2003-07-28T00:00:00.000Z,19.8257163818,-0.015921409215822413,65.5077098071,59.4313120897495,True
XLV,2003-07-29T00:00:00.000Z,19.7369954479,-0.013978861237748497,65.2059525399,59.49613430859749,True
XLV,2003-07-30T00:00:00.000Z,19.8188916946,-0.01525940996852082,65.0485149355,59.548733589795,True
XLV,2003-07-31T00:00:00.000Z,19.7165213863,-0.029559959691195514,65.1993906171,59.6005646682055,True
XLV,2003-08-01T00:00:00.000Z,19.4162351485,-0.03852652923358524,64.6221165581,59.63632427470851,True
XLV,2003-08-04T00:00:00.000Z,19.4503585846,-0.04362416107163103,64.6221165581,59.6790489645915,True
XLV,2003-08-05T00:00:00.000Z,19.1295982851,-0.0597115062090926,63.2510833701,59.709346425717996,True
XLV,2003-08-06T00:00:00.000Z,19.1159489107,-0.05467431656764821,63.6184441218,59.7402820385225,True
XLV,2003-08-07T00:00:00.000Z,19.4230598357,-0.02900034117920358,64.2875575487,59.7696066601615,True
XLV,2003-08-08T00:00:00.000Z,19.4981313951,-0.03642495784406585,64.4712356285,59.8019554041975,True
XLV,2003-08-11T00:00:00.000Z,19.4571832718,-0.03747467927004311,64.713955926,59.833314833481,True
XLV,2003-08-12T00:00:00.000Z,19.5117807696,-0.031175872586275855,65.3043525187,59.873587064948495,True
XLV,2003-08-13T00:00:00.000Z,19.2319685935,-0.03953646898286467,64.9697935093,59.906225682148495,True
XLV,2003-08-14T00:00:00.000Z,19.218319219,-0.03396226415371273,65.1469103223,59.941661224252,True
XLV,2003-08-15T00:00:00.000Z,19.1773710957,-0.04486743711797281,65.3502722027,59.981482745011,True
XLV,2003-08-18T00:00:00.000Z,19.3070401529,-0.02313535911512765,65.9144283199,60.021339005229,True
XLV,2003-08-19T00:00:00.000Z,19.2046698446,-0.026634382564327708,66.1637052923,60.06538968029,True
XLV,2003-08-20T00:00:00.000Z,19.1500723468,-0.03640109890097465,65.8947445194,60.1024262817515,True
XLV,2003-08-21T00:00:00.000Z,19.0408773512,-0.03426791277539809,66.1046630747,60.1377264348625,True
XLV,2003-08-22T00:00:00.000Z,18.7542404879,-0.05631868131782436,65.4486675895,60.167414107759505,True
XLV,2003-08-25T00:00:00.000Z,18.8907342323,-0.04716006884665769,65.5536288351,60.193771473746004,True
XLV,2003-08-26T00:00:00.000Z,18.9043836068,-0.042185338862637756,65.6717086784,60.228105484278494,True
XLV,2003-08-27T00:00:00.000Z,18.9180329812,-0.04545454545500427,65.691387231,60.266133824377505,True
XLV,2003-08-28T00:00:00.000Z,18.9316823557,-0.039806161301117804,66.0981063998,60.3106987802815,True
XLV,2003-08-29T00:00:00.000Z,18.9862798534,-0.022144112481724765,66.5441833297,60.3552264226595,True
XLV,2003-09-02T00:00:00.000Z,19.2729167168,-0.009122807018092205,67.4363378456,60.4039232622155,True
XLV,2003-09-03T00:00:00.000Z,19.1978451574,0.0035676061401226367,67.8036940053,60.449014383624,True
XLV,2003-09-04T00:00:00.000Z,19.2456179679,0.006783291679934411,67.8364957475,60.492098996570505,True
XLV,2003-09-05T00:00:00.000Z,19.1978451574,-0.011595221360851116,67.4560170541,60.5362616288995,True
XLV,2003-09-08T00:00:00.000Z,19.5390795185,0.002100105008538966,68.0136119046,60.58360099188501,True
XLV,2003-09-09T00:00:00.000Z,19.6005017035,0.007365836549821481,67.5675349746,60.6221984025025,True
XLV,2003-09-10T00:00:00.000Z,19.6278004524,0.005946135012994791,66.885299014,60.65181257374001,True
XLV,2003-09-11T00:00:00.000Z,19.7369954479,0.026259758690053703,67.0820996276,60.6845812619795,True
XLV,2003-09-12T00:00:00.000Z,19.7779435713,0.029119318184013254,67.2067354898,60.717778738369496,True
XLV,2003-09-15T00:00:00.000Z,19.7233460735,0.028469750888974632,66.9705764591,60.75556189626,True
XLV,2003-09-16T00:00:00.000Z,19.8461904435,0.027925061859832345,67.948013668,60.789874110335006,True
XLV,2003-09-17T00:00:00.000Z,19.7984176329,0.03091684434590536,67.816811291,60.824502174378,True
XLV,2003-09-18T00:00:00.000Z,19.8666645052,0.03741981468387223,68.6171264389,60.8626458961925,True
XLV,2003-09-19T00:00:00.000Z,19.7073012338,0.034999641576810125,68.2694881915,60.90313328154151,True
XLV,2003-09-22T00:00:00.000Z,19.4403388343,0.036583638076021385,67.5319412937,60.9412935765755,True
XLV,2003-09-23T00:00:00.000Z,19.6046233879,0.03779043984322028,67.7887661479,60.984042360522,True
XLV,2003-09-24T00:00:00.000Z,19.2555187116,0.01857426891579239,66.5836611602,61.018821873145995,True
XLV,2003-09-25T00:00:00.000Z,19.1254601068,0.010964518658262756,66.0370824699,61.059064633324496,True
XLV,2003-09-26T00:00:00.000Z,19.0364726403,0.005535180795406047,65.8197672574,61.0943333279125,True
XLV,2003-09-29T00:00:00.000Z,19.1254601068,0.007330569994472791,66.4651256497,61.132569641366,True
XLV,2003-09-30T00:00:00.000Z,19.0364726403,-0.012268204131961724,65.8197672574,61.1676115651645,True
XLV,2003-10-01T00:00:00.000Z,19.3787321268,0.009422253795513758,67.2224329659,61.2142994240145,True
XLV,2003-10-02T00:00:00.000Z,19.5087907317,0.013674425224430298,67.4660846469,61.254722085781495,True
XLV,2003-10-03T00:00:00.000Z,19.4198032652,0.011561615690729887,68.0851013024,61.30083150994899,True
XLV,2003-10-06T00:00:00.000Z,19.3445061781,-0.009958163086227878,68.3946102887,61.351890024691,True
XLV,2003-10-07T00:00:00.000Z,19.3308157987,-0.013759132744640024,68.6580217296,61.4063389263295,True
XLV,2003-10-08T00:00:00.000Z,19.2281379527,-0.020362062507678025,68.486803404,61.4558309624055,True
XLV,2003-10-09T00:00:00.000Z,19.2555187116,-0.02439463177518375,68.6711902931,61.506147278002,True
XLV,2003-10-10T00:00:00.000Z,19.2076023835,-0.02883723405034022,68.8621637688,61.55959949041,True
XLV,2003-10-13T00:00:00.000Z,19.2623639014,-0.023372412083737082,69.0794789813,61.6140080647185,True
XLV,2003-10-14T00:00:00.000Z,19.2897446603,-0.028037914116774365,69.3231306623,61.6761780020065,True
XLV,2003-10-15T00:00:00.000Z,19.2486735219,-0.027767073166820477,69.1387437732,61.7350496427795,True
XLV,2003-10-16T00:00:00.000Z,19.3513513679,-0.02593858355866019,69.4153290458,61.794913570685004,True
XLV,2003-10-17T00:00:00.000Z,19.1323052965,-0.02917679749644375,68.6580217296,61.841745997396,True
XLV,2003-10-20T00:00:00.000Z,19.2281379527,-0.010915492955585693,69.1716720966,61.89023520610551,True
XLV,2003-10-21T00:00:00.000Z,19.4061128857,-0.010125698324943033,69.0531372445,61.9328907483025,True
XLV,2003-10-22T00:00:00.000Z,18.8858784662,-0.019196587271228305,68.1838816629,61.9719487122845,True
XLV,2003-10-23T00:00:00.000Z,19.0775437786,-0.0025053686516520735,68.0587595657,62.0147431441775,True
XLV,2003-10-24T00:00:00.000Z,19.1323052965,0.005034160372606067,68.2102233996,62.053672411305506,True
XLV,2003-10-27T00:00:00.000Z,19.0843889684,-0.002147458841285421,68.2431464548,62.091952475542506,True
XLV,2003-10-28T00:00:00.000Z,19.2349831424,0.010427903627469037,69.1716720966,62.1349728229135,True
XLV,2003-10-29T00:00:00.000Z,19.1802216246,-0.010243730131625384,69.2638652118,62.177477544294,True
XLV,2003-10-30T00:00:00.000Z,19.0022466916,-0.0259649122832053,69.4087424592,62.223734055493,True
XLV,2003-10-31T00:00:00.000Z,19.1665312451,-0.013041945721142256,69.3428904221,62.270898326397,True
XLV,2003-11-03T00:00:00.000Z,19.1117697273,-0.012031139417944092,69.797270729,62.324761646878,True
XLV,2003-11-04T00:00:00.000Z,18.9885563121,-0.017705382440353135,69.6458121633,62.3824576220145,True
XLV,2003-11-05T00:00:00.000Z,18.968020743,-0.01352794588534112,69.6984903686,62.443932689170495,True
XLV,2003-11-06T00:00:00.000Z,19.0638533992,-0.009953785990950093,70.067269415,62.505493801062,True
XLV,2003-11-07T00:00:00.000Z,18.8927236559,-0.016393442623036214,69.5470324614,62.57203852001399,True
XLV,2003-11-10T00:00:00.000Z,18.7489746716,-0.026652452026549422,69.2638652118,62.64100862446699,True
XLV,2003-11-11T00:00:00.000Z,18.79004581,-0.02590489708909549,69.2441107202,62.7078291184045,True
XLV,2003-11-12T00:00:00.000Z,19.1391504862,-0.005689900427444661,70.0211725281,62.7764189908915,True
XLV,2003-11-13T00:00:00.000Z,19.5840878187,0.012026883620441131,70.0409276782,62.8517809578655,True
XLV,2003-11-14T00:00:00.000Z,19.8715857874,0.038640429338917315,69.4482521009,62.918873459013504,True
XLV,2003-11-17T00:00:00.000Z,19.8099790798,0.03025987896130622,69.0992334729,62.9836674543915,True
XLV,2003-11-18T00:00:00.000Z,19.6936108544,0.014814814815998112,68.381436457,63.047639465989995,True
XLV,2003-11-19T00:00:00.000Z,19.8989665463,0.05364262413914811,68.9609434707,63.1162343039165,True
XLV,2003-11-20T00:00:00.000Z,19.6388493365,0.029422317904972628,68.3419268152,63.183036170888,True
XLV,2003-11-21T00:00:00.000Z,19.399267696,0.013953488372822287,68.6250934062,63.25460679840799,True
XLV,2003-11-24T00:00:00.000Z,19.7141464236,0.03299856527986056,69.5338586296,63.328800628149494,True
XLV,2003-11-25T00:00:00.000Z,19.6183137673,0.019928825622675728,69.797270729,63.4061995830465,True
XLV,2003-11-26T00:00:00.000Z,19.6183137673,0.022840827977613776,70.0475142648,63.489179274782,True
XLV,2003-11-28T00:00:00.000Z,19.577242629,0.03025936599666279,70.1001924701,63.571608539376996,True
XLV,2003-12-01T00:00:00.000Z,19.8921213566,0.0378571428612311,70.8574991278,63.651964833436,True
XLV,2003-12-02T00:00:00.000Z,19.905811736,0.041547277935531035,70.6796994839,63.726614342002,True
XLV,2003-12-03T00:00:00.000Z,19.9537280641,0.05082912761434999,70.5677512185,63.802168972176,True
XLV,2003-12-04T00:00:00.000Z,19.9879540128,0.053771201730491436,70.8574991278,63.88193931715449,True
XLV,2003-12-05T00:00:00.000Z,19.8373598387,0.04057450628173953,70.363603911,63.956473210791,True
XLV,2003-12-08T00:00:00.000Z,19.9879540128,0.05797101449467146,70.8377446362,64.03787007457049,True
XLV,2003-12-09T00:00:00.000Z,19.905811736,0.061701350855858816,70.2911659459,64.11435301872099,True
XLV,2003-12-10T00:00:00.000Z,19.7689079414,0.05209471766583196,70.2845839689,64.194807048135,True
XLV,2003-12-11T00:00:00.000Z,20.0153347717,0.045779685265119996,71.0748143403,64.275631435981,True
XLV,2003-12-12T00:00:00.000Z,20.0769414793,0.025166025865621222,71.2131043425,64.355324301612,True
XLV,2003-12-15T00:00:00.000Z,20.0427155306,0.008611780913252876,70.8574991278,64.4358759315625,True
XLV,2003-12-16T00:00:00.000Z,20.1180126177,0.015549412579344724,71.2262781743,64.5226335091005,True
XLV,2003-12-17T00:00:00.000Z,20.159083756,0.023635731661469483,71.4501747051,64.6082318881905,True
XLV,2003-12-18T00:00:00.000Z,20.3096779301,0.020639834880086694,72.2535782497,64.7001259661055,True
XLV,2003-12-19T00:00:00.000Z,20.2772454212,0.03250679679656687,72.0531167177,64.7891622309395,True
XLV,2003-12-22T00:00:00.000Z,20.2703764356,0.04490420737787004,72.5559680657,64.887223297851,True
XLV,2003-12-23T00:00:00.000Z,20.2841144067,0.02891162370680611,72.602282538,64.9881201650245,True
XLV,2003-12-24T00:00:00.000Z,20.3459352769,0.03708889144248517,72.5295016133,65.08689527707799,True
XLV,2003-12-26T00:00:00.000Z,20.4008871615,0.03988994179022676,72.582429225,65.17682025395199,True
XLV,2003-12-29T00:00:00.000Z,20.5657428154,0.05049230911281266,73.5484352199,65.27069635020099,True
XLV,2003-12-30T00:00:00.000Z,20.6206947,0.03662622655166281,73.5616654687,65.3560121186115,True
XLV,2003-12-31T00:00:00.000Z,20.7099915125,0.04039924556533547,73.627829284,65.439998510527,True
XLV,2004-01-02T00:00:00.000Z,20.7580744115,0.04031057979822572,73.5947496921,65.5216384783055,True
XLV,2004-01-05T00:00:00.000Z,20.8542402096,0.04334041374345987,74.3953392015,65.606662882058,True
XLV,2004-01-06T00:00:00.000Z,20.9160610798,0.05437725835852403,74.4681207878,65.6859495887785,True
XLV,2004-01-07T00:00:00.000Z,21.0465718057,0.052962789098978114,74.7195438153,65.7762324477835,True
XLV,2004-01-08T00:00:00.000Z,20.9572749932,0.05282192312199996,75.0172819766,65.86529145968001,True
XLV,2004-01-09T00:00:00.000Z,20.8267642673,0.05351111599263625,74.3622549781,65.9525133008125,True
XLV,2004-01-12T00:00:00.000Z,20.7924193394,0.03882446017334318,74.9114214601,66.04225220471899,True
XLV,2004-01-13T00:00:00.000Z,20.7031225269,0.031189065737209587,74.4747339273,66.1312456613355,True
XLV,2004-01-14T00:00:00.000Z,20.8198952817,0.03877617032050629,75.0966813339,66.2297870894385,True
XLV,2004-01-15T00:00:00.000Z,20.8748471663,0.03761974718785743,75.2819412077,66.325006228151,True
XLV,2004-01-16T00:00:00.000Z,20.9229300653,0.0378909239400651,75.5796840005,66.4149163479635,True
XLV,2004-01-20T00:00:00.000Z,20.8542402096,0.026812945107954178,75.5598306876,66.5060998386365,True
XLV,2004-01-21T00:00:00.000Z,21.204558474,0.045731707317133274,76.1553116417,66.5985612894255,True
XLV,2004-01-22T00:00:00.000Z,21.2457723874,0.04811928159789636,75.9568215191,66.690585866467,True
XLV,2004-01-23T00:00:00.000Z,21.1427376038,0.0423298340703695,75.7120109695,66.7809288547565,True
XLV,2004-01-26T00:00:00.000Z,21.4106280413,0.05232950709367534,76.6647814224,66.879826744798,True
XLV,2004-01-27T00:00:00.000Z,21.2732483297,0.04276094276166065,75.8774221619,66.973219122657,True
XLV,2004-01-28T00:00:00.000Z,21.0877857192,0.0253841015365166,75.0106694988,67.06345426675699,True
XLV,2004-01-29T00:00:00.000Z,21.3968900701,0.037641572284177194,75.0834504234,67.148170684037,True
XLV,2004-01-30T00:00:00.000Z,21.2801173153,0.027529021557342936,75.0834504234,67.230174540525,True
XLV,2004-02-02T00:00:00.000Z,21.5548767384,0.03838517538305819,75.4076550372,67.31879966743,True
XLV,2004-02-03T00:00:00.000Z,21.6922564499,0.04018445322760922,75.2819412077,67.40251497139249,True
XLV,2004-02-04T00:00:00.000Z,21.7609463056,0.040394088665956396,74.6666109104,67.4828594784065,True
XLV,2004-02-05T00:00:00.000Z,21.6510425364,0.02872062663128294,74.8849550077,67.55877257287449,True
XLV,2004-02-06T00:00:00.000Z,21.8158981903,0.04097017371669742,75.7252418799,67.63614185299849,True
XLV,2004-02-09T00:00:00.000Z,21.6029596374,0.03726912928662185,75.7450951929,67.716290269299,True
XLV,2004-02-10T00:00:00.000Z,21.6991254355,0.04360753221160096,75.9899004494,67.8013557008985,True
XLV,2004-02-11T00:00:00.000Z,21.8983260172,0.0577305905786456,76.7971083914,67.88535888399849,True
XLV,2004-02-12T00:00:00.000Z,21.7609463056,0.045199604088650425,76.5192189115,67.9669268156485,True
XLV,2004-02-13T00:00:00.000Z,21.6647805076,0.0378413951971468,76.1751603232,68.047428072084,True
XLV,2004-02-17T00:00:00.000Z,21.8021602191,0.04202232436164244,76.8632715451,68.13140257254199,True
XLV,2004-02-18T00:00:00.000Z,21.705994421,0.040843214753415236,76.5258366825,68.20940864816,True
XLV,2004-02-19T00:00:00.000Z,21.6304355797,0.020084224164449882,76.24132877,68.286580448994,True
XLV,2004-02-20T00:00:00.000Z,21.5136628249,0.012609117362985423,76.0097491308,68.3597183741525,True
XLV,2004-02-23T00:00:00.000Z,21.4724489114,0.015594541907417936,75.817871486,68.4335963590095,True
XLV,2004-02-24T00:00:00.000Z,21.5686147095,0.007378889955738321,75.6855445171,68.5098847649565,True
XLV,2004-02-25T00:00:00.000Z,21.5960906518,0.015175976752420883,76.003136653,68.58357789577249,True
XLV,2004-02-26T00:00:00.000Z,21.5686147095,0.022801302929696288,76.0494511252,68.653744260252,True
XLV,2004-02-27T00:00:00.000Z,21.5067938393,0.0051364365961565905,76.1023793985,68.7247308429635,True
XLV,2004-03-01T00:00:00.000Z,21.5686147095,0.013557133634436225,76.8566590672,68.800142441746,True
XLV,2004-03-02T00:00:00.000Z,21.431234998,-0.00573613766854586,76.4067399624,68.871343565678,True
XLV,2004-03-03T00:00:00.000Z,21.5205318105,-0.007916402786248278,76.5456847023,68.944023759811,True
XLV,2004-03-04T00:00:00.000Z,21.6166976085,-0.006628787878718234,76.7441754866,69.0249516767335,True
XLV,2004-03-05T00:00:00.000Z,21.7266013778,0.0034898477185554277,77.002216285,69.107790753607,True
XLV,2004-03-08T00:00:00.000Z,21.705994421,-0.005037783378951888,76.0626820357,69.18531120327499,True
XLV,2004-03-09T00:00:00.000Z,21.4587109403,-0.006677265500708129,75.7583261033,69.258303193172,True
XLV,2004-03-10T00:00:00.000Z,21.1289996326,-0.02627413738837925,74.4879694693,69.324322447208,True
XLV,2004-03-11T00:00:00.000Z,20.7237294836,-0.05363864492095949,73.5219687675,69.3801519519765,True
XLV,2004-03-12T00:00:00.000Z,20.7786813682,-0.0451388888886336,74.4879694693,69.43992907615899,True
XLV,2004-03-15T00:00:00.000Z,20.5932187577,-0.04946100190233149,73.5748963792,69.4959578693055,True
XLV,2004-03-16T00:00:00.000Z,20.7374674548,-0.04883427851187261,73.9652694398,69.548938280407,True
XLV,2004-03-17T00:00:00.000Z,20.716860498,-0.045569620253981036,74.7923254016,69.6047467129865,True
XLV,2004-03-18T00:00:00.000Z,20.6962535413,-0.0431883137516067,74.812174083,69.6593471273735,True
XLV,2004-03-19T00:00:00.000Z,20.3698324778,-0.05316762451887669,73.7434576623,69.7039958724875,True
XLV,2004-03-22T00:00:00.000Z,20.115037413,-0.06321642696652707,72.8072251555,69.7423620741515,True
XLV,2004-03-23T00:00:00.000Z,20.183900944,-0.06420040341719746,72.6810638154,69.78137204280151,True
XLV,2004-03-24T00:00:00.000Z,20.0737192943,-0.07049291383545453,72.7408261626,69.8239816487575,True
XLV,2004-03-25T00:00:00.000Z,20.183900944,-0.06420040341719746,73.7036191961,69.8681370822235,True
XLV,2004-03-26T00:00:00.000Z,20.2665371812,-0.05766813349154998,73.7235384292,69.9089605575105,True
XLV,2004-03-29T00:00:00.000Z,20.5419913053,-0.04759802231284782,74.7593710854,69.9539500799405,True
XLV,2004-03-30T00:00:00.000Z,20.4937868336,-0.043742143860934,75.0116931017,70.003632766797,True
XLV,2004-03-31T00:00:00.000Z,20.6108548363,-0.042270190263428487,75.0980106637,70.046883932774,True
XLV,2004-04-01T00:00:00.000Z,20.7554682515,-0.03984093095984054,75.5495289949,70.092392690407,True
XLV,2004-04-02T00:00:00.000Z,21.0033769632,-0.03328750788142054,76.1205660445,70.1410507787495,True
XLV,2004-04-05T00:00:00.000Z,21.2443993218,-0.021265789083287467,76.5388825552,70.196866072819,True
XLV,2004-04-06T00:00:00.000Z,21.1755357908,-0.013196279603552075,76.2932071445,70.252171146745,True
XLV,2004-04-07T00:00:00.000Z,21.0791268473,-0.002360395010043481,76.1139247508,70.3099253987965,True
XLV,2004-04-08T00:00:00.000Z,20.9345134322,0.01017113974426298,75.9412896268,70.3664884807655,True
XLV,2004-04-12T00:00:00.000Z,21.1066722597,0.0157849714179632,76.240086091,70.42779271614751,True
XLV,2004-04-13T00:00:00.000Z,20.920740726,0.01590436017572694,75.1710509504,70.47958619137549,True
XLV,2004-04-14T00:00:00.000Z,21.1342176721,0.019132047737495883,75.2905703328,70.535716434501,True
XLV,2004-04-15T00:00:00.000Z,21.5198534459,0.038760358886305246,75.005051808,70.590517507285,True
XLV,2004-04-16T00:00:00.000Z,21.6782395673,0.047447525903198784,75.5827308153,70.6452549888625,True
XLV,2004-04-19T00:00:00.000Z,21.5887169769,0.059837728190862416,75.5827308153,70.69592530499149,True
XLV,2004-04-20T00:00:00.000Z,21.2306266156,0.05546045874510841,74.3144947119,70.7436328140725,True
XLV,2004-04-21T00:00:00.000Z,21.4785353273,0.06414193108120902,74.8124921389,70.7874015578135,True
XLV,2004-04-22T00:00:00.000Z,21.6506941549,0.07855917667673018,75.8616080465,70.834939874851,True
XLV,2004-04-23T00:00:00.000Z,21.5887169769,0.06960081883069291,75.9346483331,70.884712980454,True
XLV,2004-04-26T00:00:00.000Z,21.4716489742,0.059463132859120416,75.828406226,70.938153243347,True
XLV,2004-04-27T00:00:00.000Z,21.5542852114,0.049279249078389986,75.8948098669,70.98884236206399,True
XLV,2004-04-28T00:00:00.000Z,21.3614673245,0.04233870967553055,74.9120929523,71.0330106908695,True
XLV,2004-04-29T00:00:00.000Z,21.2306266156,0.03007016371821969,74.2547376767,71.0746138416105,True
XLV,2004-04-30T00:00:00.000Z,21.2512856749,0.02388852023919852,73.6770586694,71.115263797116,True
XLV,2004-05-03T00:00:00.000Z,21.526739799,0.024918032786679145,74.4672165789,71.164522103554,True
XLV,2004-05-04T00:00:00.000Z,21.4923080335,0.011669367909386219,74.4074542316,71.2101688144955,True
XLV,2004-05-05T00:00:00.000Z,21.6162623893,0.02081300812664577,74.8855324256,71.262240298481,True
XLV,2004-05-06T00:00:00.000Z,21.5336261521,0.021561581183720424,74.2414550893,71.3081722191555,True
XLV,2004-05-07T00:00:00.000Z,21.3890127369,0.021710526312062273,73.0130621,71.347732576464,True
XLV,2004-05-10T00:00:00.000Z,21.1135586128,0.00032626427393500634,72.2627479687,71.38600134618551,True
XLV,2004-05-11T00:00:00.000Z,21.1342176721,0.010204081628653716,72.8736234845,71.421617316365,True
XLV,2004-05-12T00:00:00.000Z,21.2099675563,0.0035842293940220316,73.338419091,71.4607708627845,True
XLV,2004-05-13T00:00:00.000Z,21.1824221439,-0.01567999999852654,73.0329813331,71.49990600675049,True
XLV,2004-05-14T00:00:00.000Z,21.1411040253,-0.02477763659417387,73.0661831536,71.53999434784099,True
XLV,2004-05-17T00:00:00.000Z,21.0791268473,-0.023604465709808675,72.4420243864,71.5762075166875,True
XLV,2004-05-18T00:00:00.000Z,21.0722404942,-0.007460265976493519,72.8072251555,71.6171330596745,True
XLV,2004-05-19T00:00:00.000Z,20.8656499011,-0.0285347867934459,72.5549031392,71.65679699258,True
XLV,2004-05-20T00:00:00.000Z,20.7279228391,-0.04262086514169139,72.7873059224,71.70447810534151,True
XLV,2004-05-21T00:00:00.000Z,20.7692409577,-0.03795853269450156,72.9134619506,71.7509531944855,True
XLV,2004-05-24T00:00:00.000Z,20.6659456612,-0.03752405387998481,73.2188997085,71.7956099052845,True
XLV,2004-05-25T00:00:00.000Z,20.8656499011,-0.031948881790604844,74.2680149521,71.8445938019025,True
XLV,2004-05-26T00:00:00.000Z,20.9758315508,-0.018052869114365877,74.5269736141,71.893658890343,True
XLV,2004-05-27T00:00:00.000Z,21.189308497,-0.0019461563404652438,74.9452947728,71.94186360161349,True
XLV,2004-05-28T00:00:00.000Z,21.1824221439,-0.0032404406986696888,74.9386534791,71.9917079014625,True
XLV,2004-06-01T00:00:00.000Z,21.2926037935,-0.010876519514156913,74.8390526657,72.0401686131795,True
XLV,2004-06-02T00:00:00.000Z,21.4234445025,-0.0032041012483471354,75.1179298968,72.08900690165,True
XLV,2004-06-03T00:00:00.000Z,21.3683536776,-0.01146862057997211,74.4273728007,72.13157162405399,True
XLV,2004-06-04T00:00:00.000Z,21.4096717963,-0.005756315955541491,75.0183343954,72.1758447695695,True
XLV,2004-06-07T00:00:00.000Z,21.6231487424,0.0109465550551604,76.1604045107,72.227173069526,True
XLV,2004-06-08T00:00:00.000Z,21.6506941549,0.02544031311587447,76.2666466178,72.2779829872415,True
XLV,2004-06-09T00:00:00.000Z,21.3958990901,0.012381883354284362,75.5561702886,72.328520500737,True
XLV,2004-06-10T00:00:00.000Z,21.4027854432,0.009090909092066335,75.9280063754,72.38039238843851,True
XLV,2004-06-14T00:00:00.000Z,21.2512856749,0.0032509752913139067,75.1776922441,72.42792230626699,True
XLV,2004-06-15T00:00:00.000Z,21.2788310873,0.006514657977898297,75.7088868435,72.47800980432949,True
XLV,2004-06-16T00:00:00.000Z,21.2857174404,0.009800718720304191,75.6956089041,72.525997316851,True
XLV,2004-06-17T00:00:00.000Z,21.3201492059,0.011764705882520543,75.5827308153,72.571190054279,True
XLV,2004-06-18T00:00:00.000Z,21.3104738798,0.02131848184975782,75.724663402,72.61263168206101,True
XLV,2004-06-21T00:00:00.000Z,21.1654576933,0.021108475634358248,75.4381052209,72.650803738139,True
XLV,2004-06-22T00:00:00.000Z,21.0756857684,0.014754742906788243,75.8179614145,72.69071106647401,True
XLV,2004-06-23T00:00:00.000Z,21.1999853568,0.025841531975120402,76.471049501,72.73578622870849,True
XLV,2004-06-24T00:00:00.000Z,21.2068908895,0.01635419888752221,76.2311396597,72.776873867484,True
XLV,2004-06-25T00:00:00.000Z,21.0204415069,0.0021267312331318955,75.8646097543,72.8183592413825,True
XLV,2004-06-28T00:00:00.000Z,20.9168585165,-0.012857898620833863,75.6047088146,72.86195629038549,True
XLV,2004-06-29T00:00:00.000Z,21.0273470395,-0.007320933524339934,75.9179242371,72.90613541343299,True
XLV,2004-06-30T00:00:00.000Z,21.1033078991,-0.008890218229570701,76.3244376721,72.9517239243445,True
XLV,2004-07-01T00:00:00.000Z,20.8063699935,-0.02880370189434256,75.2648408155,72.9931952461265,True
XLV,2004-07-02T00:00:00.000Z,20.7925589281,-0.026946144667363447,75.224852621,73.0295794408915,True
XLV,2004-07-06T00:00:00.000Z,20.6406372089,-0.03591996153499677,74.5651037228,73.0633209030505,True
XLV,2004-07-07T00:00:00.000Z,20.5922984801,-0.04767345748672802,74.7850217993,73.0941603798525,True
XLV,2004-07-08T00:00:00.000Z,20.5439597513,-0.05111773302425593,74.2652192534,73.124139035162,True
XLV,2004-07-09T00:00:00.000Z,20.4956210225,-0.042077131875078,74.4584800885,73.158771729136,True
XLV,2004-07-12T00:00:00.000Z,20.4058490975,-0.04657974768497908,74.4917981416,73.19228688910451,True
XLV,2004-07-13T00:00:00.000Z,20.571581882,-0.0319841257276402,74.5451126244,73.2320941464255,True
XLV,2004-07-14T00:00:00.000Z,20.6475427416,-0.029667435354415517,74.3185290713,73.2735013794325,True
XLV,2004-07-15T00:00:00.000Z,20.4196601629,-0.040687248617527594,73.83871472,73.31359611674549,True
XLV,2004-07-16T00:00:00.000Z,20.2401163129,-0.05065784871248091,73.7787347606,73.3501641623,True
XLV,2004-07-19T00:00:00.000Z,20.1434388553,-0.05476344782770037,73.4655193381,73.3883929227035,True
XLV,2004-07-20T00:00:00.000Z,20.2263052476,-0.04437194126906552,74.3985001291,73.42427325851949,True
XLV,2004-07-21T00:00:00.000Z,19.9984226688,-0.05111402359277928,73.0256885164,73.45207127786699,True
XLV,2004-07-22T00:00:00.000Z,20.0951001265,-0.05211726384261872,73.2256094968,73.47777381883901,True
XLV,2004-07-23T00:00:00.000Z,19.970800538,-0.0582872028691398,72.6125096048,73.4988633154195,True
XLV,2004-07-26T00:00:00.000Z,19.7705400901,-0.05946123521666835,72.4725632526,73.5179360230345,True
XLV,2004-07-27T00:00:00.000Z,19.8534064823,-0.050841862001462124,73.1523039155,73.541263525592,True
XLV,2004-07-28T00:00:00.000Z,19.8050677535,-0.05812807881583637,73.3722213256,73.5647686807545,True
XLV,2004-07-29T00:00:00.000Z,19.8948396785,-0.05726439790283011,73.6854374146,73.5888850489835,True
XLV,2004-07-30T00:00:00.000Z,19.970800538,-0.04015930966146597,73.8653666301,73.6128144872275,True
XLV,2004-08-02T00:00:00.000Z,19.95008394,-0.0405181002979601,74.0186446019,73.6362920569255,True
XLV,2004-08-03T00:00:00.000Z,19.9293673419,-0.034459685512679195,73.4455275733,73.657825975926,True
XLV,2004-08-04T00:00:00.000Z,19.8879341458,-0.034205231386903345,73.4388620967,73.6779436411805,True
XLV,2004-08-05T00:00:00.000Z,19.5219409132,-0.04974789916220157,72.2393195542,73.69585013030351,True
XLV,2004-08-06T00:00:00.000Z,19.2526251383,-0.06064690027374353,71.2063746077,73.706023642859,True
XLV,2004-08-09T00:00:00.000Z,19.1628532134,-0.06091370558318421,71.3063380968,73.71728964712051,True
XLV,2004-08-10T00:00:00.000Z,19.4459800536,-0.054716347768320905,72.2259879347,73.73750017847951,True
XLV,2004-08-11T00:00:00.000Z,19.7705400901,-0.04247491638474943,72.0793814371,73.7576032878365,True
XLV,2004-08-12T00:00:00.000Z,19.660051567,-0.03719986473036985,71.2930118085,73.77301722988099,True
XLV,2004-08-13T00:00:00.000Z,19.5081298479,-0.036165131350231805,71.4329581608,73.788966288411,True
XLV,2004-08-16T00:00:00.000Z,19.7705400901,-0.01851217003604566,72.1726787832,73.803971321844,True
XLV,2004-08-17T00:00:00.000Z,19.7981622208,-0.021167634007244307,72.5791922182,73.820547956876,True
XLV,2004-08-18T00:00:00.000Z,20.060572463,0.0031077348063535126,73.3255729858,73.840132109509,True
XLV,2004-08-19T00:00:00.000Z,19.9915171361,-0.005154639178104992,73.1123203859,73.858979259328,True
XLV,2004-08-20T00:00:00.000Z,20.1572499207,0.009336099589259295,73.6254621201,73.87812021628349,True
XLV,2004-08-23T00:00:00.000Z,20.1158167245,0.017464198389445906,73.4388620967,73.89708546595051,True
XLV,2004-08-24T00:00:00.000Z,20.1296277899,0.013913043479277132,73.5388249193,73.916287138704,True
XLV,2004-08-25T00:00:00.000Z,20.3229827052,0.026150627614413224,74.0386357004,73.936143970131,True
XLV,2004-08-26T00:00:00.000Z,20.2953605745,0.020131898646704727,74.0386357004,73.958601986326,True
XLV,2004-08-27T00:00:00.000Z,20.4403767609,0.02351313969645341,74.2718800651,73.9836420605925,True
XLV,2004-08-30T00:00:00.000Z,20.1848720514,0.011768778121742596,73.6587801732,74.00571540785751,True
XLV,2004-08-31T00:00:00.000Z,20.2953605745,0.018364518367350424,74.0453018433,74.0258360544335,True
XLV,2004-09-01T00:00:00.000Z,20.3782269667,0.024652777774987866,74.1852481956,74.0465576570205,True
XLV,2004-09-02T00:00:00.000Z,20.5853929474,0.054474708172122854,75.0249316406,74.074441054719,True
XLV,2004-09-03T00:00:00.000Z,20.571581882,0.06850789096164078,74.7183816947,74.102536795828,True
XLV,2004-09-07T00:00:00.000Z,20.6820704051,0.07927927927964595,75.2115269991,74.13668724853851,True
XLV,2004-09-08T00:00:00.000Z,20.6337316762,0.06107954545495464,75.0249316406,74.167007189388,True
XLV,2004-09-09T00:00:00.000Z,20.550865284,0.03946908836803842,74.9582908696,74.20008900965999,True
XLV,2004-09-10T00:00:00.000Z,20.5232431532,0.04390586582432432,75.3448078748,74.233687582003,True
XLV,2004-09-13T00:00:00.000Z,20.5439597513,0.05309734513129172,75.5913825263,74.2639752014865,True
XLV,2004-09-14T00:00:00.000Z,20.7027870031,0.047153335657573514,75.7446604982,74.2937121503325,True
XLV,2004-09-15T00:00:00.000Z,20.6199206109,0.04150680153719821,75.1715434695,74.319332296356,True
XLV,2004-09-16T00:00:00.000Z,20.6130150782,0.027538726335897712,75.3981216912,74.34582194246151,True
XLV,2004-09-17T00:00:00.000Z,20.6742947753,0.03415336787857215,75.7171895648,74.3701203946465,True
XLV,2004-09-20T00:00:00.000Z,20.4457347325,0.01431171478921578,75.2621496734,74.393032645594,True
XLV,2004-09-21T00:00:00.000Z,20.549625661,0.021565564174764296,75.5900442452,74.41814411072751,True
XLV,2004-09-22T00:00:00.000Z,20.2933613707,0.008133959679182734,74.6465097111,74.437089163644,True
XLV,2004-09-23T00:00:00.000Z,20.1479140708,-0.00861431793450318,74.2450005,74.456496146589,True
XLV,2004-09-24T00:00:00.000Z,20.203322566,-0.004534928471073285,74.586281255,74.47523882968301,True
XLV,2004-09-27T00:00:00.000Z,20.0855795137,-0.017357666707919273,74.1111674422,74.4943388371645,True
XLV,2004-09-28T00:00:00.000Z,20.2379528755,0.002629732998298495,74.4658296962,74.515245065801,True
XLV,2004-09-29T00:00:00.000Z,20.3279916802,0.0016078110847166371,74.8405658717,74.534073823458,True
XLV,2004-09-30T00:00:00.000Z,19.9401322137,-0.021498178115097577,74.7870358606,74.5519434810485,True
XLV,2004-10-01T00:00:00.000Z,20.1271358851,-0.022261273489942224,76.0517772282,74.57791487155049,True
XLV,2004-10-04T00:00:00.000Z,20.2171746898,-0.01722799900527361,76.1789165252,74.602678063305,True
XLV,2004-10-05T00:00:00.000Z,20.1548401327,-0.02549214184427062,76.2190710599,74.626522545079,True
XLV,2004-10-06T00:00:00.000Z,20.134061947,-0.02421615910496433,76.7410264765,74.648959786213,True
XLV,2004-10-07T00:00:00.000Z,19.6769418615,-0.04252489666118331,75.917938817,74.6682838967095,True
XLV,2004-10-08T00:00:00.000Z,19.4068254473,-0.0543977234770483,75.2889173557,74.6819486431595,True
XLV,2004-10-11T00:00:00.000Z,19.5384206235,-0.048945731006719506,75.5967373368,74.69692091715349,True
XLV,2004-10-12T00:00:00.000Z,19.5037903139,-0.057914747855951076,75.3022988547,74.7107849033605,True
XLV,2004-10-13T00:00:00.000Z,19.2960084569,-0.06420549229952699,74.6398166195,74.72107184033301,True
XLV,2004-10-14T00:00:00.000Z,19.1644132808,-0.0702760751837812,74.037557487,74.7235174516685,True
XLV,2004-10-15T00:00:00.000Z,19.1921175284,-0.07169179229614098,74.4524481972,74.727971365311,True
XLV,2004-10-18T00:00:00.000Z,19.3721951378,-0.05250677506803081,74.7335004961,74.73349972137152,True
XLV,2004-10-19T00:00:00.000Z,19.0535962904,-0.07280080889450125,74.1044743505,74.7360483446635,True
XLV,2004-10-20T00:00:00.000Z,19.0466702285,-0.06143344709763077,73.9572551095,74.7338579242035,True
XLV,2004-10-21T00:00:00.000Z,18.866592619,-0.06359573737000379,74.4390620139,74.733712630334,True
XLV,2004-10-22T00:00:00.000Z,18.728071381,-0.07302022626133231,73.6025928554,74.7281278755345,True
XLV,2004-10-25T00:00:00.000Z,18.6241804525,-0.07275862069118832,73.5156020705,74.72061947600399,True
XLV,2004-10-26T00:00:00.000Z,18.9774096095,-0.06228610540575019,74.6398166195,74.72200728421099,True
XLV,2004-10-27T00:00:00.000Z,19.4760860663,-0.04190800681652085,75.5365088807,74.725132721314,True
XLV,2004-10-28T00:00:00.000Z,19.4414557568,-0.025008683571184243,75.7640311685,74.73157920752,True
XLV,2004-10-29T00:00:00.000Z,19.496864252,-0.03131452168346438,75.7506449853,74.73484902577701,True
XLV,2004-11-01T00:00:00.000Z,19.3167866426,-0.04453579993322532,75.9580926825,74.738229783151,True
XLV,2004-11-02T00:00:00.000Z,19.1713393427,-0.04879725086007147,75.9848603647,74.740255664972,True
XLV,2004-11-03T00:00:00.000Z,19.7392764186,-0.019607843138618297,76.941781082,74.747165416944,True
XLV,2004-11-04T00:00:00.000Z,19.78083279,0.0052798310444406304,77.9923863451,74.756350790461,True
XLV,2004-11-05T00:00:00.000Z,19.8985758423,0.02533904354091132,78.4808816569,74.76897109115,True
XLV,2004-11-08T00:00:00.000Z,19.8916497804,0.01807869549471941,78.3671231897,74.78224665225099,True
XLV,2004-11-09T00:00:00.000Z,19.8985758423,0.020241477274222097,78.2132101879,74.78998879607849,True
XLV,2004-11-10T00:00:00.000Z,19.8431673471,0.028356066044547212,78.273438644,74.80196887848899,True
XLV,2004-11-11T00:00:00.000Z,19.9470582756,0.04083845319616941,78.8690046848,74.821260554419,True
XLV,2004-11-12T00:00:00.000Z,19.9747625232,0.040779501982616484,79.4913377387,74.84329999099549,True
XLV,2004-11-15T00:00:00.000Z,20.0786534518,0.03646764390791857,79.6860824807,74.866313151282,True
XLV,2004-11-16T00:00:00.000Z,19.9816885851,0.04870956015624239,79.1155977968,74.88485286507999,True
XLV,2004-11-17T00:00:00.000Z,19.9747625232,0.048727272723569026,79.5854087524,74.9063702028035,True
XLV,2004-11-18T00:00:00.000Z,19.919354028,0.05580029368630113,79.6927906621,74.93150110156199,True
XLV,2004-11-19T00:00:00.000Z,19.6769418615,0.05066568047485398,78.8068677595,74.951110665321,True
XLV,2004-11-22T00:00:00.000Z,19.711572171,0.05838601710681113,79.1827171952,74.9683980418975,True
XLV,2004-11-23T00:00:00.000Z,19.6492376139,0.03540145985275478,79.3035255348,74.986190193607,True
XLV,2004-11-24T00:00:00.000Z,19.6977200472,0.01137980085657464,79.4914472325,75.0036979275225,True
XLV,2004-11-26T00:00:00.000Z,19.8154630995,0.01923762023680675,79.4310407136,75.0168675891335,True
XLV,2004-11-29T00:00:00.000Z,19.8085370376,0.01598579041078496,79.068617708,75.029614583116,True
XLV,2004-11-30T00:00:00.000Z,19.8777976566,0.029042667622718454,79.1223106763,75.04435033488149,True
XLV,2004-12-01T00:00:00.000Z,20.2102486279,0.054190751445625684,80.0216593377,75.0601422738445,True
XLV,2004-12-02T00:00:00.000Z,20.4041783611,0.03368421052523862,80.088774038,75.077956960622,True
XLV,2004-12-03T00:00:00.000Z,20.2656571231,0.024509803922163176,80.0350803985,75.09692571876451,True
XLV,2004-12-06T00:00:00.000Z,20.2241007517,0.016359206406521,80.0082335788,75.1169181410045,True
XLV,2004-12-07T00:00:00.000Z,20.0163188946,0.006267409469617791,79.2632522851,75.134145045,True
XLV,2004-12-08T00:00:00.000Z,20.3072134945,0.020536025062221963,79.7263503612,75.1543490742205,True
XLV,2004-12-09T00:00:00.000Z,20.4388086706,0.030017452006574574,80.0082335788,75.17437455884951,True
XLV,2004-12-10T00:00:00.000Z,20.4249565468,0.023958333334022752,80.088774038,75.19457117341351,True
XLV,2004-12-13T00:00:00.000Z,20.5219214134,0.02739251040228874,80.7867745717,75.2179931492795,True
XLV,2004-12-14T00:00:00.000Z,20.7019990229,0.031045187995120127,81.0686577893,75.23905314289,True
XLV,2004-12-15T00:00:00.000Z,20.76433358,0.039168110921496746,81.1290589389,75.2626647377725,True
XLV,2004-12-16T00:00:00.000Z,21.0552281798,0.05409153952869672,81.0820788501,75.28534670851151,True
XLV,2004-12-17T00:00:00.000Z,20.6349131873,0.03592280945929072,80.5437424292,75.3043445432245,True
XLV,2004-12-20T00:00:00.000Z,20.3847930274,0.035973637106942125,80.5639720984,75.3221533222915,True
XLV,2004-12-21T00:00:00.000Z,20.5793309295,0.044022808072948116,81.1843679516,75.347761751871,True
XLV,2004-12-22T00:00:00.000Z,20.7321821383,0.05511381895213674,81.3799286135,75.375869764422,True
XLV,2004-12-23T00:00:00.000Z,20.815555525,0.05674948547961001,81.440617621,75.4106330051805,True
XLV,2004-12-27T00:00:00.000Z,20.7877643961,0.04906780587048365,81.2720314249,75.4493833184675,True
XLV,2004-12-28T00:00:00.000Z,21.0031456448,0.060307765532226165,81.7171010058,75.48552897615,True
XLV,2004-12-29T00:00:00.000Z,21.0448323381,0.05871046187616824,81.8384837414,75.526846912961,True
XLV,2004-12-30T00:00:00.000Z,21.0587279026,0.04198262427750077,81.6833817435,75.56543747447951,True
XLV,2004-12-31T00:00:00.000Z,20.975354516,0.027993097530892408,81.5080561456,75.5990161281995,True
XLV,2005-01-03T00:00:00.000Z,20.7321821383,0.023020473126836194,81.1236796183,75.630573655876,True
XLV,2005-01-04T00:00:00.000Z,20.5654353651,0.016877616344514568,80.1323921105,75.662518328117,True
XLV,2005-01-05T00:00:00.000Z,20.530696454,0.025697909895848525,79.5794293871,75.696379349275,True
XLV,2005-01-06T00:00:00.000Z,20.6835476628,0.018532043719436064,79.9840355835,75.73289420811551,True
XLV,2005-01-07T00:00:00.000Z,20.6696520984,0.011294368058352378,79.8693976445,75.768537065525,True
XLV,2005-01-10T00:00:00.000Z,20.850294436,0.020824420763168483,80.2470293752,75.8012541164205,True
XLV,2005-01-11T00:00:00.000Z,20.7043910095,0.008891447950914344,79.6940666518,75.8311067575335,True
XLV,2005-01-12T00:00:00.000Z,20.8433466538,0.006827728604549055,79.9570611178,75.85709520769551,True
XLV,2005-01-13T00:00:00.000Z,20.530696454,-0.011251848035471523,79.3164355954,75.878618920164,True
XLV,2005-01-14T00:00:00.000Z,20.6140698406,-0.02095243686901671,79.7345259902,75.9018014967965,True
XLV,2005-01-18T00:00:00.000Z,20.7808166139,0.007070707071828108,80.5639720984,75.926873712314,True
XLV,2005-01-19T00:00:00.000Z,20.6488087517,0.01295160190957656,79.7210411175,75.94487608767899,True
XLV,2005-01-20T00:00:00.000Z,20.5445920185,-0.0016880486114444482,79.2355121982,75.958359235894,True
XLV,2005-01-21T00:00:00.000Z,20.4056363741,-0.01575067023922927,78.7499832789,75.970643116566,True
XLV,2005-01-24T00:00:00.000Z,20.2319418186,-0.028037383181970132,78.5948866758,75.983047926191,True
XLV,2005-01-25T00:00:00.000Z,20.370897463,-0.02005347593694151,78.8174164087,75.9974285601005,True
XLV,2005-01-26T00:00:00.000Z,20.4959575429,-0.024148197154723272,79.0534411294,76.01149533529251,True
XLV,2005-01-27T00:00:00.000Z,20.4542708496,-0.028062066687546627,79.1883080633,76.03158162085701,True
XLV,2005-01-28T00:00:00.000Z,20.2875240764,-0.03662157703765123,79.1883080633,76.0510703095095,True
XLV,2005-01-31T00:00:00.000Z,20.3222629875,-0.0311361377945637,79.6805824535,76.074447962737,True
XLV,2005-02-01T00:00:00.000Z,20.5168008896,-0.010388739943689385,80.186341042,76.0974660138705,True
XLV,2005-02-02T00:00:00.000Z,20.6001742762,0.0016891891896901878,80.429100444,76.121697862014,True
XLV,2005-02-03T00:00:00.000Z,20.5376442362,0.0003384094745915167,80.2200549095,76.151225663002,True
XLV,2005-02-04T00:00:00.000Z,20.7252343561,0.0020154517967425623,81.0764754834,76.1825455797245,True
XLV,2005-02-07T00:00:00.000Z,20.7391299206,0.0033613445388072094,80.9685782948,76.20808043096599,True
XLV,2005-02-08T00:00:00.000Z,20.7877643961,-0.0029990003302801105,81.0629858903,76.233722118752,True
XLV,2005-02-09T00:00:00.000Z,20.5654353651,-0.006711409397950452,80.4560749098,76.256860462171,True
XLV,2005-02-10T00:00:00.000Z,20.6001742762,-0.011666666665339331,80.7460431672,76.28111662867249,True
XLV,2005-02-11T00:00:00.000Z,20.8086077427,0.013536379017763611,81.440617621,76.31375925201601,True
XLV,2005-02-14T00:00:00.000Z,20.8225033072,0.010111223461050312,81.3799286135,76.3493852067,True
XLV,2005-02-15T00:00:00.000Z,20.815555525,0.0016716817122943706,81.6833817435,76.3894168220705,True
XLV,2005-02-16T00:00:00.000Z,20.7877643961,0.006729475102943194,81.737330675,76.425767392551,True
XLV,2005-02-17T00:00:00.000Z,20.7599732672,0.01048359823870193,81.0764754834,76.45911249881,True
XLV,2005-02-18T00:00:00.000Z,21.072623467,0.03268641470778033,81.1843679516,76.49060667644,True
XLV,2005-02-22T00:00:00.000Z,20.8225033072,0.029189560443332097,79.9772901127,76.519285851557,True
XLV,2005-02-23T00:00:00.000Z,20.9197722582,0.02694406548346384,80.5504825053,76.5569729535835,True
XLV,2005-02-24T00:00:00.000Z,21.0795712492,0.028474576270878682,81.0832155595,76.6010752915375,True
XLV,2005-02-25T00:00:00.000Z,21.2532658047,0.03906250000183342,81.885687202,76.646135610125,True
XLV,2005-02-28T00:00:00.000Z,20.9336678227,0.03184931507002586,81.3462093512,76.686174561426,True
XLV,2005-03-01T00:00:00.000Z,21.1004145959,0.0382905982900934,81.7508202681,76.72976375610101,True
XLV,2005-03-02T00:00:00.000Z,21.1212579425,0.029461564507671456,81.7103562093,76.7729846213795,True
XLV,2005-03-03T00:00:00.000Z,21.1004145959,0.024283305228050445,81.7440754715,76.819494876805,True
XLV,2005-03-04T00:00:00.000Z,21.294952498,0.03687415426474083,82.7623374451,76.869270438253,True
XLV,2005-03-07T00:00:00.000Z,21.3435869735,0.02983573583658905,82.8027967835,76.92050990647449,True
XLV,2005-03-08T00:00:00.000Z,21.2046313292,0.022445561138879855,82.4925988569,76.969036371147,True
XLV,2005-03-09T00:00:00.000Z,21.072623467,0.01370320855442464,81.5754892754,77.012346507771,True
XLV,2005-03-10T00:00:00.000Z,21.1490490714,0.028378378378043134,81.7575603442,77.0550398109495,True
XLV,2005-03-11T00:00:00.000Z,20.9823022982,0.018549747049542376,81.1843679516,77.08962157594699,True
XLV,2005-03-14T00:00:00.000Z,21.0170412093,0.010016694493802492,81.6901265401,77.125437340577,True
XLV,2005-03-15T00:00:00.000Z,20.7738688316,-0.0023356690059058716,81.0157817554,77.15578977549,True
XLV,2005-03-16T00:00:00.000Z,20.5723831473,-0.011682242994089043,80.3279527724,77.1827362719565,True
XLV,2005-03-17T00:00:00.000Z,20.6418609695,-0.007018716578650941,80.489794172,77.21098997948799,True
XLV,2005-03-18T00:00:00.000Z,20.6214136464,-0.006674364124491294,80.2518111541,77.2366593857745,True
XLV,2005-03-21T00:00:00.000Z,20.5377567959,-0.025382063696891333,79.9539282676,77.264292163109,True
XLV,2005-03-22T00:00:00.000Z,20.5447282002,-0.01334013989105487,79.1415286424,77.28490813434401,True
XLV,2005-03-23T00:00:00.000Z,20.7678131348,-0.007263899507339744,79.2092274829,77.300152249205,True
XLV,2005-03-24T00:00:00.000Z,20.774784539,-0.014458866672232173,79.3040070781,77.3153390515065,True
XLV,2005-03-28T00:00:00.000Z,20.7608417306,-0.023169336826865616,79.4190967316,77.3346536837215,True
XLV,2005-03-29T00:00:00.000Z,20.6911276885,-0.011586127011005365,78.891035892,77.34946883130449,True
XLV,2005-03-30T00:00:00.000Z,21.0187836863,-0.0038686874719446873,80.0080897771,77.3736208189695,True
XLV,2005-03-31T00:00:00.000Z,20.8166129643,-0.014423619039612201,79.8591486724,77.394372128114,True
XLV,2005-04-01T00:00:00.000Z,20.6353564549,-0.022040237118865158,79.5003383189,77.41339577518801,True
XLV,2005-04-04T00:00:00.000Z,20.739927518,-0.026063687160238103,79.6357366768,77.4336608044955,True
XLV,2005-04-05T00:00:00.000Z,21.1582117704,-0.008685288153774562,80.0148611506,77.45511179323849,True
XLV,2005-04-06T00:00:00.000Z,21.1721545788,-0.0015315875996994022,80.2924292397,77.4793834133325,True
XLV,2005-04-07T00:00:00.000Z,21.3882681093,0.014978896329367997,80.7257104841,77.5039221586805,True
XLV,2005-04-08T00:00:00.000Z,21.2348972167,0.004059196468369386,79.8862294272,77.5209980583115,True
XLV,2005-04-11T00:00:00.000Z,21.2139830041,0.011041719950811935,79.9471568941,77.5395781444835,True
XLV,2005-04-12T00:00:00.000Z,21.3534110882,0.016004625748707202,80.3601287572,77.562055739498,True
XLV,2005-04-13T00:00:00.000Z,21.4510107472,0.03259585015622957,79.4123300972,77.581093845911,True
XLV,2005-04-14T00:00:00.000Z,21.3673538967,0.03864261829599136,78.3765130604,77.5933867900275,True
XLV,2005-04-15T00:00:00.000Z,21.4719249598,0.040212652896290946,77.2797732956,77.59816346814499,True
XLV,2005-04-18T00:00:00.000Z,21.3255254714,0.03414469236074513,77.5167226221,77.60942287717799,True
XLV,2005-04-19T00:00:00.000Z,21.311582663,0.03767820774148434,78.1327970994,77.62396259957,True
XLV,2005-04-20T00:00:00.000Z,21.0466693031,0.024431625378967592,77.0428232921,77.6363511974165,True
XLV,2005-04-21T00:00:00.000Z,21.3394682798,0.027526015439829354,78.538996912,77.65512107298,True
XLV,2005-04-22T00:00:00.000Z,21.2558114293,0.023154362414540497,78.2411147025,77.67500055022549,True
XLV,2005-04-25T00:00:00.000Z,21.3046112588,0.026192075218151034,78.7556375342,77.696486337454,True
XLV,2005-04-26T00:00:00.000Z,21.1721545788,0.023247978435092964,77.9906219521,77.71398045650649,True
XLV,2005-04-27T00:00:00.000Z,21.3324968756,0.014925373132055997,78.2952762121,77.732731274445,True
XLV,2005-04-28T00:00:00.000Z,21.2279258125,0.01975887474611704,77.3136200078,77.7477067291275,True
XLV,2005-04-29T00:00:00.000Z,21.5416390019,0.04391891891864064,78.3629750525,77.77032803079001,True
XLV,2005-05-02T00:00:00.000Z,21.6322672566,0.04302521008453608,78.8030276703,77.7954494953385,True
XLV,2005-05-03T00:00:00.000Z,21.6183244481,0.021746293245050508,78.9384253511,77.82281402540349,True
XLV,2005-05-04T00:00:00.000Z,21.8344379786,0.031280869282106716,79.547728455,77.848560167033,True
XLV,2005-05-05T00:00:00.000Z,21.8274665744,0.020534550196190438,79.5206477002,77.88103496295201,True
XLV,2005-05-06T00:00:00.000Z,21.7298669155,0.023309258045795422,79.2701549499,77.9112576902175,True
XLV,2005-05-09T00:00:00.000Z,21.8902092122,0.031876437723613815,79.7643690772,77.9470169875795,True
XLV,2005-05-10T00:00:00.000Z,21.7507811281,0.01860920666298549,78.9384253511,77.979346298072,True
XLV,2005-05-11T00:00:00.000Z,21.8414093828,0.01819954500982912,79.3717065955,78.010443311472,True
XLV,2005-05-12T00:00:00.000Z,21.813523766,0.020880913540207047,78.4983734104,78.036074071896,True
XLV,2005-05-13T00:00:00.000Z,21.6671242776,0.009090909090146981,78.3426656712,78.05936021317899,True
XLV,2005-05-16T00:00:00.000Z,21.9250662333,0.028113762669250697,79.073829125,78.08540252565349,True
XLV,2005-05-17T00:00:00.000Z,21.9111234249,0.028132155709903683,79.6018899646,78.11331875246701,True
XLV,2005-05-18T00:00:00.000Z,21.9599232543,0.043391851605968146,80.4210616402,78.1481964228015,True
XLV,2005-05-19T00:00:00.000Z,21.9529518501,0.028748774911169006,80.7595626123,78.18479992537951,True
XLV,2005-05-20T00:00:00.000Z,21.9390090417,0.032141685800724185,80.6444736358,78.2268256957875,True
XLV,2005-05-23T00:00:00.000Z,21.9808374669,0.03174083769403113,81.091292211,78.27625028380399,True
XLV,2005-05-24T00:00:00.000Z,22.0087230838,0.039512676987427,80.9017323436,78.324227255038,True
XLV,2005-05-25T00:00:00.000Z,21.8692949996,0.025163398693098582,80.8408048766,78.36730133974748,True
XLV,2005-05-26T00:00:00.000Z,21.9529518501,0.03415435139560685,81.274085444,78.413274859782,True
XLV,2005-05-27T00:00:00.000Z,21.883237808,0.01585760517432644,81.4094838018,78.46385721974849,True
XLV,2005-05-31T00:00:00.000Z,21.813523766,0.00837898807600479,80.8881943357,78.51113340062301,True
XLV,2005-06-01T00:00:00.000Z,21.8692949996,0.011609158337063219,81.5787342879,78.5581636781465,True
XLV,2005-06-02T00:00:00.000Z,21.8692949996,0.0015964240084478387,81.7547561474,78.60404149779251,True
XLV,2005-06-03T00:00:00.000Z,21.7926095533,-0.001596933889747909,81.3417849614,78.6441225576705,True
XLV,2005-06-06T00:00:00.000Z,21.7995809575,0.0032082130217867544,81.2673140705,78.6848975260935,True
XLV,2005-06-07T00:00:00.000Z,21.8065523618,-0.0038216560467303484,81.3282415375,78.7234114231805,True
XLV,2005-06-08T00:00:00.000Z,21.6531814692,-0.004487179486805326,81.1793058488,78.762113641941,True
XLV,2005-06-09T00:00:00.000Z,21.7438097239,-0.004468560484785278,81.56519628,78.8022454987445,True
XLV,2005-06-10T00:00:00.000Z,21.6950098944,-0.005433045704643313,81.3756316736,78.83893047861051,True
XLV,2005-06-13T00:00:00.000Z,21.7856381491,0.005469755468312076,81.6328957975,78.876901779096,True
XLV,2005-06-14T00:00:00.000Z,21.9738660627,0.002225755164464882,81.8224556649,78.914654657095,True
XLV,2005-06-15T00:00:00.000Z,21.8902092122,-0.0009545020715933106,81.978162727,78.956251569864,True
XLV,2005-06-16T00:00:00.000Z,22.0296372964,0.0031746031756441084,82.1880373918,78.9969652476065,True
XLV,2005-06-17T00:00:00.000Z,22.1384121163,0.008448078757989697,82.4910763251,79.03849438825401,True
XLV,2005-06-20T00:00:00.000Z,22.1104419177,0.007814066518417206,82.5182658893,79.0759610594975,True
XLV,2005-06-21T00:00:00.000Z,22.0754791696,0.004305645899184585,82.5658457575,79.1151983798115,True
XLV,2005-06-22T00:00:00.000Z,21.9985611237,-0.0004617242018679635,82.6338172891,79.1523098312615,True
XLV,2005-06-23T00:00:00.000Z,21.8517175816,-0.0008037487262539944,81.4714931554,79.1845426388355,True
XLV,2005-06-24T00:00:00.000Z,21.7468293372,-0.0093892846077126,80.8733390554,79.2141178797645,True
XLV,2005-06-27T00:00:00.000Z,21.6559261921,-0.010387476382352379,80.9888911349,79.242338296065,True
XLV,2005-06-28T00:00:00.000Z,21.8726952305,0.002712604581210698,81.668613248,79.27272444967349,True
XLV,2005-06-29T00:00:00.000Z,21.844725032,-0.0011234915254676459,81.4511021718,79.3012566580415,True
XLV,2005-06-30T00:00:00.000Z,21.6978814898,-0.007838090336388825,81.0092814388,79.330445347888,True
XLV,2005-07-01T00:00:00.000Z,21.6699112913,-0.005630269367232321,81.2471834987,79.3596906569255,True
XLV,2005-07-05T00:00:00.000Z,21.7468293372,-0.0024198456109245647,81.8997160475,79.39060328933901,True
XLV,2005-07-06T00:00:00.000Z,21.6069783447,-0.00915202063071685,81.2132001119,79.4203585415315,True
XLV,2005-07-07T00:00:00.000Z,21.599985795,-0.002456714006469074,81.5326654267,79.450071647439,True
XLV,2005-07-08T00:00:00.000Z,21.8587101312,0.00528428130851899,82.4638867608,79.4891585326875,True
XLV,2005-07-11T00:00:00.000Z,21.9286356275,0.010768639158828197,82.8853158304,79.5323601093395,True
XLV,2005-07-12T00:00:00.000Z,21.9146505282,0.005921900392223733,83.1028269066,79.5749428375975,True
XLV,2005-07-13T00:00:00.000Z,21.7957771846,-0.008104576481527848,83.2183783064,79.6204788919185,True
XLV,2005-07-14T00:00:00.000Z,21.9286356275,0.0017554156256571751,83.5446476396,79.6658729816355,True
XLV,2005-07-15T00:00:00.000Z,22.0335238719,0.00017642485201685432,83.4970616539,79.7091554605465,True
XLV,2005-07-18T00:00:00.000Z,21.900665429,-0.010739102969582581,83.1639991779,79.751040277133,True
XLV,2005-07-19T00:00:00.000Z,21.9076579786,-0.009171410497122112,83.6194123139,79.7888784525615,True
XLV,2005-07-20T00:00:00.000Z,22.2223227118,0.006651884703015476,83.9048990001,79.827508364936,True
XLV,2005-07-21T00:00:00.000Z,21.9845760245,-0.0006357279060825727,83.4154983989,79.863490501631,True
XLV,2005-07-22T00:00:00.000Z,21.956605826,0.004800000000380722,83.9728705316,79.8996497219065,True
XLV,2005-07-25T00:00:00.000Z,21.8237473831,0.0035369774925497754,83.7349684718,79.93873487018051,True
XLV,2005-07-26T00:00:00.000Z,21.9286356275,0.012592831771816915,83.8369227104,79.981474896954,True
XLV,2005-07-27T00:00:00.000Z,22.1314195666,0.011828644498243168,84.1428010599,80.0242052155695,True
XLV,2005-07-28T00:00:00.000Z,22.3411960554,0.022727272724775816,84.6729836284,80.07105863943801,True
XLV,2005-07-29T00:00:00.000Z,22.1873599636,0.022558814049661757,84.1088129151,80.118403620916,True
XLV,2005-08-01T00:00:00.000Z,22.2992407577,0.029041626333406567,84.0476406438,80.1684540367,True
XLV,2005-08-02T00:00:00.000Z,22.3831513532,0.029260450161877616,84.5506329683,80.2189449605555,True
XLV,2005-08-03T00:00:00.000Z,22.4390917502,0.038511326860477535,84.7749426251,80.26915217120049,True
XLV,2005-08-04T00:00:00.000Z,22.2153301621,0.028488183878456086,84.095220512,80.31910590200799,True
XLV,2005-08-05T00:00:00.000Z,22.0614940704,0.009277031351934806,83.5242512181,80.36694088255099,True
XLV,2005-08-08T00:00:00.000Z,21.9775834749,0.002232142857926611,83.3679185307,80.411585165135,True
XLV,2005-08-09T00:00:00.000Z,22.2293152614,0.014358647097524324,83.8709108552,80.462926755134,True
XLV,2005-08-10T00:00:00.000Z,22.1943525133,0.018286814244991456,83.8301295676,80.5144993926195,True
XLV,2005-08-11T00:00:00.000Z,22.3272109562,0.01817602040868227,84.1631920436,80.56211626974,True
XLV,2005-08-12T00:00:00.000Z,22.2013450629,0.0076166296401649625,83.6466018782,80.6026667347275,True
XLV,2005-08-15T00:00:00.000Z,22.2153301621,0.014367816088516339,84.1631920436,80.644662539103,True
XLV,2005-08-16T00:00:00.000Z,22.0614940704,0.007022023620702367,83.0688387618,80.6812535079855,True
XLV,2005-08-17T00:00:00.000Z,22.1034493681,-0.005349276276906845,83.0620401812,80.716773245479,True
XLV,2005-08-18T00:00:00.000Z,22.1104419177,0.005725190836508798,83.0552463587,80.752125175449,True
XLV,2005-08-19T00:00:00.000Z,21.956605826,0.0,83.2455678706,80.783644109392,True
XLV,2005-08-22T00:00:00.000Z,21.956605826,0.006087792374415368,83.2455678706,80.8099100170195,True
XLV,2005-08-23T00:00:00.000Z,21.8167548335,-0.005102040815512243,83.0892297454,80.83295175746201,True
XLV,2005-08-24T00:00:00.000Z,21.7468293372,-0.017377567139001404,82.3483353611,80.852857818319,True
XLV,2005-08-25T00:00:00.000Z,21.7747995357,-0.025352112675413263,82.6474090125,80.87502881244201,True
XLV,2005-08-26T00:00:00.000Z,21.6978814898,-0.02206114087494071,82.083243737,80.89407783790699,True
XLV,2005-08-29T00:00:00.000Z,21.9146505282,-0.01724678582911854,82.7153853021,80.9133097409935,True
XLV,2005-08-30T00:00:00.000Z,21.8866803297,-0.022180568574363013,82.2803638295,80.9272548714475,True
XLV,2005-08-31T00:00:00.000Z,22.1104419177,-0.014646307264066016,83.3203379828,80.945426148958,True
XLV,2005-09-01T00:00:00.000Z,22.1174344674,-0.00440667295897379,83.2591602737,80.96614396134251,True
XLV,2005-09-02T00:00:00.000Z,22.1034493681,0.0019017432620891395,83.1096207291,80.983765021226,True
XLV,2005-09-06T00:00:00.000Z,22.4530768494,0.021635380206520116,84.0816233508,81.0057091846695,True
XLV,2005-09-07T00:00:00.000Z,22.5999203916,0.016671909406203556,84.2243697527,81.0327966946355,True
XLV,2005-09-08T00:00:00.000Z,22.5859352923,0.01764335223410285,83.9456809674,81.0566115134965,True
XLV,2005-09-09T00:00:00.000Z,22.6628533382,0.015032884432294003,84.6933739324,81.0835607554845,True
XLV,2005-09-12T00:00:00.000Z,22.5859352923,0.01732283464404505,84.5234434041,81.1087207363425,True
XLV,2005-09-13T00:00:00.000Z,22.348188605,0.005980484734215752,84.0544392244,81.1318377288965,True
XLV,2005-09-14T00:00:00.000Z,22.2852556584,0.010142630743228853,83.7485608749,81.155237444731,True
XLV,2005-09-15T00:00:00.000Z,22.2712705591,0.007592534007031526,83.7077795873,81.178164789286,True
XLV,2005-09-16T00:00:00.000Z,22.4429726152,0.015039531943221718,84.3002851966,81.19955791858051,True
XLV,2005-09-19T00:00:00.000Z,22.2816637495,0.01480456160100485,84.0204191712,81.2192161442465,True
XLV,2005-09-20T00:00:00.000Z,22.1133414549,0.007138427047517437,83.3105268109,81.2355933763085,True
XLV,2005-09-21T00:00:00.000Z,22.0081400208,0.008772394829597907,82.5323710147,81.248214063488,True
XLV,2005-09-22T00:00:00.000Z,22.0572340234,0.014273560590693624,82.825880717,81.2660272056475,True
XLV,2005-09-23T00:00:00.000Z,22.0712608813,0.013614882888540292,82.8941441528,81.2818661746055,True
XLV,2005-09-26T00:00:00.000Z,22.0361937366,0.01559194831804378,82.9897072292,81.2967735428575,True
XLV,2005-09-27T00:00:00.000Z,21.9099520156,-0.00021440052598398207,82.9692301097,81.311175823216,True
XLV,2005-09-28T00:00:00.000Z,21.9239788735,0.0017041663348729141,83.051137905,81.3224976398825,True
XLV,2005-09-29T00:00:00.000Z,21.9730728761,-0.0062128582554485945,83.7269094689,81.33578889828051,True
XLV,2005-09-30T00:00:00.000Z,21.987099734,-0.005892850438512842,83.9862929141,81.3500750681565,True
XLV,2005-10-03T00:00:00.000Z,22.0081400208,-0.004311967137471062,83.6859497692,81.363094422752,True
XLV,2005-10-04T00:00:00.000Z,22.099314597,-0.01575562470893399,82.7439729217,81.3740955752145,True
XLV,2005-10-05T00:00:00.000Z,21.734616292,-0.03828792688675231,81.6586466815,81.37956894813,True
XLV,2005-10-06T00:00:00.000Z,21.5873342843,-0.044213400732642905,81.3651315185,81.3804727659645,True
XLV,2005-10-07T00:00:00.000Z,21.5662939974,-0.0483857581583369,81.6449975438,81.381798110616,True
XLV,2005-10-10T00:00:00.000Z,21.5382402817,-0.046387054467351696,80.9555761596,81.37937290330899,True
XLV,2005-10-11T00:00:00.000Z,21.3558911292,-0.04440169596465604,80.8395366464,81.3772104294165,True
XLV,2005-10-12T00:00:00.000Z,21.4049851318,-0.039500131391501436,80.2047247822,81.3696485482985,True
XLV,2005-10-13T00:00:00.000Z,21.5101865659,-0.03417335311788139,80.156943244,81.3612408458115,True
XLV,2005-10-14T00:00:00.000Z,21.6083745711,-0.037187499998763474,81.0033576978,81.357840725583,True
XLV,2005-10-17T00:00:00.000Z,21.6013611421,-0.030531948379091234,81.3037008426,81.356818949068,True
XLV,2005-10-18T00:00:00.000Z,21.5733074264,-0.024421186169507392,80.4231546709,81.353316324331,True
XLV,2005-10-19T00:00:00.000Z,21.7837102946,-0.010197578077379088,81.7610370571,81.36145954906401,True
XLV,2005-10-20T00:00:00.000Z,21.3348508423,-0.032750397458432,80.3207642954,81.3651662236055,True
XLV,2005-10-21T00:00:00.000Z,21.2015956924,-0.0394026056588741,80.6347565779,81.3684198285775,True
XLV,2005-10-24T00:00:00.000Z,21.376931416,-0.029917250160359066,81.8839038695,81.37849235970249,True
XLV,2005-10-25T00:00:00.000Z,21.2436762661,-0.030409731113313576,81.7200828181,81.385857626917,True
XLV,2005-10-26T00:00:00.000Z,20.9771659663,-0.0431861804220417,81.4811764924,81.39479317612,True
XLV,2005-10-27T00:00:00.000Z,20.9000182479,-0.04883498244649964,80.6142794584,81.398079267823,True
XLV,2005-10-28T00:00:00.000Z,21.2156225503,-0.03508771930055954,81.7746916555,81.4103705481235,True
XLV,2005-10-31T00:00:00.000Z,21.3138105555,-0.031548757170927866,81.9999433827,81.421697635086,True
XLV,2005-11-01T00:00:00.000Z,21.250689695,-0.03840050777480686,82.2456776902,81.430106163045,True
XLV,2005-11-02T00:00:00.000Z,21.250689695,-0.022265246853155674,83.1057467424,81.4470296911695,True
XLV,2005-11-03T00:00:00.000Z,21.3839448449,-0.009421702407597321,83.4606932638,81.4681555964975,True
XLV,2005-11-04T00:00:00.000Z,21.496159708,-0.003252032519284631,83.3514810498,81.491163085352,True
XLV,2005-11-07T00:00:00.000Z,21.5382402817,0.0,83.4333936233,81.5153556200895,True
XLV,2005-11-08T00:00:00.000Z,21.4891462791,0.006239737274077006,83.4333936233,81.5384355061625,True
XLV,2005-11-09T00:00:00.000Z,21.5101865659,0.004914809959092548,83.5426058373,81.560881329702,True
XLV,2005-11-10T00:00:00.000Z,21.7907237236,0.013042060646035303,84.1910675218,81.5858951269945,True
XLV,2005-11-11T00:00:00.000Z,21.7977371525,0.00876338850832692,84.4777608464,81.61234239091,True
XLV,2005-11-14T00:00:00.000Z,21.6504551447,0.0022727272729272663,84.4299793082,81.6360893751835,True
XLV,2005-11-15T00:00:00.000Z,21.7626700078,0.008777633288082232,84.1228095468,81.65577171770751,True
XLV,2005-11-16T00:00:00.000Z,21.7205894342,-0.0028976175108078595,84.2934578974,81.6750935049745,True
XLV,2005-11-17T00:00:00.000Z,21.8328042972,0.02333990795533114,85.0784409927,81.69938543539051,True
XLV,2005-11-18T00:00:00.000Z,21.9239788735,0.034072113796554726,85.4129103947,81.721067609947,True
XLV,2005-11-21T00:00:00.000Z,21.9660594471,0.0275590551157896,85.8429476512,81.745439456729,True
XLV,2005-11-22T00:00:00.000Z,21.8398177262,0.02806206668905542,86.2115487711,81.771182271133,True
XLV,2005-11-23T00:00:00.000Z,21.8959251577,0.0437980608474946,86.7098392245,81.80245109270649,True
XLV,2005-11-25T00:00:00.000Z,21.9239788735,0.04899328859212293,86.7780971995,81.83261136286801,True
XLV,2005-11-28T00:00:00.000Z,21.6925357184,0.02247933884425435,86.1637672329,81.85622711092749,True
XLV,2005-11-29T00:00:00.000Z,21.7135760052,0.018756169792305766,86.0681993784,81.879668464752,True
XLV,2005-11-30T00:00:00.000Z,21.5733074264,0.01518151815448654,85.6040413255,81.899271762662,True
XLV,2005-12-01T00:00:00.000Z,21.7907237236,0.0254125412563464,86.4777595154,81.92297390686399,True
XLV,2005-12-02T00:00:00.000Z,21.867871442,0.022630370617300333,86.5869717294,81.950526388094,True
XLV,2005-12-05T00:00:00.000Z,21.9099520156,0.019249592169991336,86.4026742412,81.97661791954201,True
XLV,2005-12-06T00:00:00.000Z,21.867871442,0.01530446108821959,86.5664952925,82.009563945441,True
XLV,2005-12-07T00:00:00.000Z,21.7766968657,0.013381201042856894,86.06137754,82.03711842061449,True
XLV,2005-12-08T00:00:00.000Z,21.8538445841,0.01597652429220675,86.0067687026,82.06173618633,True
XLV,2005-12-09T00:00:00.000Z,21.8818982998,0.004184100416144254,86.2320258906,82.083467879773,True
XLV,2005-12-12T00:00:00.000Z,21.8889117288,0.004182754185084736,86.3139336859,82.10830650144649,True
XLV,2005-12-13T00:00:00.000Z,22.1273683128,0.02202785876382607,86.9009646945,82.13405722357851,True
XLV,2005-12-14T00:00:00.000Z,22.1904891733,0.019658395102561732,87.2422613957,82.1617167495105,True
XLV,2005-12-15T00:00:00.000Z,22.2536100338,0.024539877300048696,86.9897045672,82.187944894989,True
XLV,2005-12-16T00:00:00.000Z,22.3052078305,0.021637327338686507,86.7109805206,82.2076881103665,True
XLV,2005-12-19T00:00:00.000Z,22.5022254391,0.026375074019932443,86.2649350132,82.224998801515,True
XLV,2005-12-20T00:00:00.000Z,22.4740800664,0.02312752637875004,86.3472836814,82.2442722256375,True
XLV,2005-12-21T00:00:00.000Z,22.5444434981,0.0322633540597137,86.484525972,82.26881740912049,True
XLV,2005-12-22T00:00:00.000Z,22.6922067045,0.03636665457453736,86.9374343831,82.29471677931501,True
XLV,2005-12-23T00:00:00.000Z,22.7203520772,0.03632430081670046,86.9854699053,82.3237222890835,True
XLV,2005-12-27T00:00:00.000Z,22.5374071549,0.03894756461243776,86.1002431666,82.345772872216,True
XLV,2005-12-28T00:00:00.000Z,22.5374071549,0.03794083247746505,86.2923845693,82.37215588628551,True
XLV,2005-12-29T00:00:00.000Z,22.4600073801,0.04110171593878609,85.9081017639,82.400056631243,True
XLV,2005-12-30T00:00:00.000Z,22.3192805168,0.024256045825020278,85.4414709766,82.42481501526599,True
XLV,2006-01-03T00:00:00.000Z,22.5936979002,0.033191454418648236,86.9442931694,82.45827742534249,True
XLV,2006-01-04T00:00:00.000Z,22.8188608815,0.0414838364434964,87.3560303344,82.49528793567652,True
XLV,2006-01-05T00:00:00.000Z,22.7625701362,0.04091384461322645,87.4109239567,82.53663491224799,True
XLV,2006-01-06T00:00:00.000Z,22.9103333426,0.05205731998251606,88.1383224387,82.581280387027,True
XLV,2006-01-09T00:00:00.000Z,23.0158784901,0.05317297382289676,88.3647769873,82.626584236573,True
XLV,2006-01-10T00:00:00.000Z,22.9314423721,0.04796403209266331,88.4539789521,82.6717586476755,True
XLV,2006-01-11T00:00:00.000Z,22.8751516268,0.04505659807209006,88.7353326129,82.72098013127999,True
XLV,2006-01-12T00:00:00.000Z,22.8540425973,0.0328405201299804,88.3853629535,82.762866497162,True
XLV,2006-01-13T00:00:00.000Z,22.839969911,0.02926842813728814,88.3030094818,82.805085801209,True
XLV,2006-01-17T00:00:00.000Z,22.7766428225,0.023503278250386783,88.0628380466,82.84789829984751,True
XLV,2006-01-18T00:00:00.000Z,22.7978222154,0.0220851735004417,87.7128635837,82.88828393438202,True
XLV,2006-01-19T00:00:00.000Z,22.9314423721,0.019074421512735862,88.0491108668,82.928455182963,True
XLV,2006-01-20T00:00:00.000Z,22.4951890959,0.0009392611149214858,86.4433540397,82.959209806963,True
XLV,2006-01-23T00:00:00.000Z,22.4811164096,-0.002808988765029441,86.7521517667,82.98934201337599,True
XLV,2006-01-24T00:00:00.000Z,22.3755712621,-0.01395348837260535,86.8413640248,83.024117686364,True
XLV,2006-01-25T00:00:00.000Z,22.3474258895,-0.016413750387003767,86.9168491031,83.058966147409,True
XLV,2006-01-26T00:00:00.000Z,22.4600073801,-0.0034342803618903073,87.3972022667,83.09415151495651,True
XLV,2006-01-27T00:00:00.000Z,22.7203520772,0.008117389948303133,88.2069384373,83.138124556657,True
XLV,2006-01-30T00:00:00.000Z,22.6148069297,0.0068922305758971625,88.1383224387,83.1869336035485,True
XLV,2006-01-31T00:00:00.000Z,22.6077705866,0.012925598994235177,87.4932726249,83.23800110019499,True
XLV,2006-02-01T00:00:00.000Z,22.7484974498,0.006851448146459882,88.1040092927,83.290937533548,True
XLV,2006-02-02T00:00:00.000Z,22.5655525276,-0.011100832561951601,87.0815409497,83.33568125279952,True
XLV,2006-02-03T00:00:00.000Z,22.5233344686,-0.0105100463686012,86.6492178186,83.383713225432,True
XLV,2006-02-06T00:00:00.000Z,22.3192805168,-0.025798525798879757,86.875671681,83.42539659927701,True
XLV,2006-02-07T00:00:00.000Z,22.284098801,-0.031794558240076154,86.1071067565,83.464726559547,True
XLV,2006-02-08T00:00:00.000Z,22.5725888707,-0.015648972078468493,86.8893995471,83.5053953696115,True
XLV,2006-02-09T00:00:00.000Z,22.5936979002,-0.012303906491717309,86.7452936666,83.549168728184,True
XLV,2006-02-10T00:00:00.000Z,22.5444434981,-0.013546798028484242,86.9031212371,83.59220795330901,True
XLV,2006-02-13T00:00:00.000Z,22.5162981254,-0.014171287740800342,86.7452936666,83.639366321603,True
XLV,2006-02-14T00:00:00.000Z,22.7344247635,-0.0018535681192793918,87.6648280615,83.685875586648,True
XLV,2006-02-15T00:00:00.000Z,22.8681152836,0.003083323816452932,87.9736257885,83.73172857723901,True
XLV,2006-02-16T00:00:00.000Z,23.0158784901,0.003682111078312733,88.6324034683,83.78019846782499,True
XLV,2006-02-17T00:00:00.000Z,23.0018058038,0.02252111354744457,88.3922217399,83.8244209342495,True
XLV,2006-02-21T00:00:00.000Z,22.88218797,0.017840375588675572,88.1726355847,83.867680873672,True
XLV,2006-02-22T00:00:00.000Z,23.0792055786,0.031446540884157104,88.7078878604,83.91486953822451,True
XLV,2006-02-23T00:00:00.000Z,22.9947694606,0.028967254407773035,88.5775043562,83.9589352146195,True
XLV,2006-02-24T00:00:00.000Z,22.9947694606,0.023809523810478073,88.8039589048,84.00826288238801,True
XLV,2006-02-27T00:00:00.000Z,23.1706780397,0.01982037782556656,88.8382720508,84.0555957096645,True
XLV,2006-02-28T00:00:00.000Z,22.8681152836,0.011200995643581457,87.9942117547,84.10307490138601,True
XLV,2006-03-01T00:00:00.000Z,22.8892243131,0.012449424211108395,88.776503859,84.15524409232499,True
XLV,2006-03-02T00:00:00.000Z,22.8470062541,0.004330343334428166,88.7696457589,84.20372317549449,True
XLV,2006-03-03T00:00:00.000Z,22.7696064793,0.009042719049330517,88.3579085939,84.24750326864101,True
XLV,2006-03-06T00:00:00.000Z,22.6499886455,0.005623242734177136,87.9530398224,84.285163159552,True
XLV,2006-03-07T00:00:00.000Z,22.6570249887,0.015132408575884826,87.8157975318,84.3204443341495,True
XLV,2006-03-08T00:00:00.000Z,22.8118245383,0.023681717713274653,88.0010801481,84.357227366711,True
XLV,2006-03-09T00:00:00.000Z,22.7344247635,0.00716957606090407,87.4109239567,84.3888255254395,True
XLV,2006-03-10T00:00:00.000Z,22.8188608815,0.009965742761303797,88.2412515833,84.425523121638,True
XLV,2006-03-13T00:00:00.000Z,22.8047881952,0.01154806491994087,88.4059489197,84.46334884185349,True
XLV,2006-03-14T00:00:00.000Z,22.9666240879,0.019999999999644746,89.3323421009,84.503640125138,True
XLV,2006-03-15T00:00:00.000Z,23.0440238627,0.013618074898339216,89.730352086,84.545244466559,True
XLV,2006-03-16T00:00:00.000Z,23.0440238627,0.007692307692105826,89.9156347024,84.59038166839251,True
XLV,2006-03-17T00:00:00.000Z,23.0978800333,0.003562824822666233,89.990752652,84.632441760213,True
XLV,2006-03-20T00:00:00.000Z,23.1402355591,0.006018212503869247,89.8460791804,84.67289837537801,True
XLV,2006-03-21T00:00:00.000Z,22.9990504733,0.005107138506737829,89.2811339965,84.7125951205535,True
XLV,2006-03-22T00:00:00.000Z,23.2320058648,0.0066206908933506,89.8254113448,84.75538560692499,True
XLV,2006-03-23T00:00:00.000Z,23.1049392876,0.004791082041016637,89.6393918676,84.7969413585755,True
XLV,2006-03-24T00:00:00.000Z,23.0696430162,0.003256112470633399,89.7082910833,84.83958628474801,True
XLV,2006-03-27T00:00:00.000Z,22.8931616589,-0.011977050491337016,89.5773883606,84.87964724515099,True
XLV,2006-03-28T00:00:00.000Z,22.6813840303,-0.00816557250058636,89.0262256379,84.91790021497249,True
XLV,2006-03-29T00:00:00.000Z,22.7449173189,-0.0063045821136634705,89.5842744241,84.95765710810551,True
XLV,2006-03-30T00:00:00.000Z,22.7025617931,-0.006322248936841635,89.4258184913,84.99567392223749,True
XLV,2006-03-31T00:00:00.000Z,22.5754952159,-0.008525016169096622,89.446486327,85.0330155402375,True
XLV,2006-04-03T00:00:00.000Z,22.5613767074,-0.00391222880889186,89.3775871113,85.06896328883501,True
XLV,2006-04-04T00:00:00.000Z,22.5896137245,-0.002975291956186732,89.9494176697,85.10625499555799,True
XLV,2006-04-05T00:00:00.000Z,22.5190211816,-0.012835595688911239,90.2594434718,85.1449608834705,True
XLV,2006-04-06T00:00:00.000Z,22.3495990787,-0.016927003379379024,90.162990357,85.182946606468,True
XLV,2006-04-07T00:00:00.000Z,22.0813474157,-0.0323203454208324,89.2466843886,85.2160109419655,True
XLV,2006-04-10T00:00:00.000Z,22.03899189,-0.0335805050520569,89.38448282,85.25557589028851,True
XLV,2006-04-11T00:00:00.000Z,21.7989772442,-0.050841030846809465,88.6266327844,85.2943423589335,True
XLV,2006-04-12T00:00:00.000Z,21.9472215842,-0.047595953078113595,88.7919851149,85.3333578288335,True
XLV,2006-04-13T00:00:00.000Z,21.8978068042,-0.049740317287004565,88.6748648534,85.3683890868605,True
XLV,2006-04-17T00:00:00.000Z,21.7495624641,-0.05837408313040615,88.6404152456,85.40433565222949,True
XLV,2006-04-18T00:00:00.000Z,21.9754586014,-0.05033557047097326,90.0458700955,85.449518595513,True
XLV,2006-04-19T00:00:00.000Z,21.8483920242,-0.05003069367736812,90.2181078005,85.494373217022,True
XLV,2006-04-20T00:00:00.000Z,22.0460511443,-0.05104831358091644,90.3421244597,85.536585259083,True
XLV,2006-04-21T00:00:00.000Z,21.9966363643,-0.04796822486760688,90.3558958976,85.5822987380115,True
XLV,2006-04-24T00:00:00.000Z,21.9119253128,-0.05018359853193333,90.1905545904,85.62558818383,True
XLV,2006-04-25T00:00:00.000Z,21.7777994813,-0.04872032068870602,89.818514947,85.66236132476098,True
XLV,2006-04-26T00:00:00.000Z,21.7777994813,-0.039838157486020376,89.8391827827,85.6971306595225,True
XLV,2006-04-27T00:00:00.000Z,21.6577921584,-0.04779639975198546,90.273225244,85.7329826512095,True
XLV,2006-04-28T00:00:00.000Z,21.8766290413,-0.03638059701487195,90.5763649827,85.76977258459101,True
XLV,2006-05-01T00:00:00.000Z,21.6860291755,-0.03939962476542014,89.8391827827,85.80124526030652,True
XLV,2006-05-02T00:00:00.000Z,21.6860291755,-0.03879849812590963,90.5143621647,85.8363317628605,True
XLV,2006-05-03T00:00:00.000Z,21.4460145297,-0.050624999999875464,90.1767721292,85.871395627617,True
XLV,2006-05-04T00:00:00.000Z,21.5166070726,-0.04451410658199739,90.5005803925,85.90580146801001,True
XLV,2006-05-05T00:00:00.000Z,21.7283847013,-0.02779532533055762,91.2997654104,85.9427758000615,True
XLV,2006-05-08T00:00:00.000Z,21.721325447,-0.01630434782453638,91.1895312124,85.981645964129,True
XLV,2006-05-09T00:00:00.000Z,21.5660218526,-0.021460602180020993,91.3686542918,86.01862488293,True
XLV,2006-05-10T00:00:00.000Z,21.5448440898,-0.011658031088023435,91.3204332461,86.0565522068015,True
XLV,2006-05-11T00:00:00.000Z,21.502488564,-0.020263750402017555,90.2181078005,86.08845813225201,True
XLV,2006-05-12T00:00:00.000Z,21.453073784,-0.02030947775622427,89.0400074101,86.112944164003,True
XLV,2006-05-15T00:00:00.000Z,21.7566217184,0.00032456994533358596,89.2191311785,86.1356749017535,True
XLV,2006-05-16T00:00:00.000Z,21.8130957527,-0.007388371348466705,89.0882291448,86.160571982902,True
XLV,2006-05-17T00:00:00.000Z,21.5871996155,-0.011954765751671426,87.3934101278,86.177300830322,True
XLV,2006-05-18T00:00:00.000Z,21.4954293097,-0.024975984633074044,86.952482292,86.18931007694052,True
XLV,2006-05-19T00:00:00.000Z,21.3754219868,-0.02824133504830839,87.5656478328,86.20326360297899,True
XLV,2006-05-22T00:00:00.000Z,21.2836516811,-0.028672680411747753,86.8973648485,86.2172743246615,True
XLV,2006-05-23T00:00:00.000Z,21.184822121,-0.027228525122989344,86.2359727504,86.23083293232301,True
XLV,2006-05-24T00:00:00.000Z,21.2483554096,-0.02431118314569025,86.9249235703,86.248617957521,True
XLV,2006-05-25T00:00:00.000Z,21.4460145297,-0.009778357237483215,87.9996902941,86.26926185471551,True
XLV,2006-05-26T00:00:00.000Z,21.5660218526,-0.014198128427995838,88.4475097049,86.292348755402,True
XLV,2006-05-30T00:00:00.000Z,21.2836516811,-0.01855468749689726,86.8766970129,86.30591628024851,True
XLV,2006-05-31T00:00:00.000Z,21.4177775126,-0.01236979166306107,87.8481204248,86.3269238729815,True
XLV,2006-06-01T00:00:00.000Z,21.721325447,0.012837393023245935,88.6886362913,86.34955109421999,True
XLV,2006-06-02T00:00:00.000Z,21.8060364985,0.013451443572094046,88.8746557685,86.37858017925349,True
XLV,2006-06-05T00:00:00.000Z,21.4671922926,-0.01202079272300316,87.5794302939,86.401167129817,True
XLV,2006-06-06T00:00:00.000Z,21.502488564,-0.01007474813330167,87.365852095,86.4227201584985,True
XLV,2006-06-07T00:00:00.000Z,21.5730811069,0.00032733224274039685,86.711350883,86.44004907356052,True
XLV,2006-06-08T00:00:00.000Z,21.6366143955,0.004259501963323364,86.6355656038,86.4569990622265,True
XLV,2006-06-09T00:00:00.000Z,21.5801403612,0.0036112935006977764,86.3599838979,86.47335283298901,True
XLV,2006-06-12T00:00:00.000Z,21.2624739182,-0.008884501480722617,85.4230107829,86.488726210098,True
XLV,2006-06-13T00:00:00.000Z,21.2059998839,-0.02530824140010357,84.430925047,86.4976437902705,True
XLV,2006-06-14T00:00:00.000Z,21.2412961553,-0.026213592232969707,85.085426259,86.5126547028805,True
XLV,2006-06-15T00:00:00.000Z,21.4177775126,-0.00784826683950024,86.890479474,86.53353017374,True
XLV,2006-06-16T00:00:00.000Z,21.4747951095,-0.0009599343145330064,86.2604125917,86.55343041755101,True
XLV,2006-06-19T00:00:00.000Z,21.3118388945,-0.00297458886843327,85.5822292943,86.5647398741085,True
XLV,2006-06-20T00:00:00.000Z,21.2339033134,-0.0023373981328672633,85.8728767086,86.577808456283,True
XLV,2006-06-21T00:00:00.000Z,21.3401791058,0.007333409924929146,86.5095401331,86.594808053303,True
XLV,2006-06-22T00:00:00.000Z,21.2197332078,-0.0013470313936421174,86.1289265355,86.60504456922651,True
XLV,2006-06-23T00:00:00.000Z,21.2409883663,-0.00956010559053122,86.1150881926,86.614498161426,True
XLV,2006-06-26T00:00:00.000Z,21.1630527852,-0.018685368592975538,86.4956969461,86.6272482413195,True
XLV,2006-06-27T00:00:00.000Z,20.9434161477,-0.015985768725116478,85.748318474,86.6325229640275,True
XLV,2006-06-28T00:00:00.000Z,20.9434161477,-0.022148020009122638,86.3296133025,86.6415538135195,True
XLV,2006-06-29T00:00:00.000Z,21.3047538417,-0.019178001191337835,88.0735040162,86.6616491374785,True
XLV,2006-06-30T00:00:00.000Z,21.4251997397,-0.017464740042336335,88.0804256098,86.68330846115299,True
XLV,2006-07-03T00:00:00.000Z,21.4677100566,2.4118850427301552e-05,88.440279271,86.70697095957149,True
XLV,2006-07-05T00:00:00.000Z,21.4464548982,-0.002605915386641011,87.9351019026,86.7251450431015,True
XLV,2006-07-06T00:00:00.000Z,21.5243904792,-0.002257008512540404,88.1911510376,86.7459987024335,True
XLV,2006-07-07T00:00:00.000Z,21.5456456377,-0.004204389658065799,87.6167729584,86.767529933171,True
XLV,2006-07-10T00:00:00.000Z,21.6235812188,0.002013001624312949,87.78285591,86.7937823576475,True
XLV,2006-07-11T00:00:00.000Z,21.6731765885,0.01931584593025404,88.1703917931,86.820504913028,True
XLV,2006-07-12T00:00:00.000Z,21.5952410075,0.018355235581016816,87.2292426114,86.842180405321,True
XLV,2006-07-13T00:00:00.000Z,21.3685193171,0.005989425544931093,85.8105975913,86.8562848571315,True
XLV,2006-07-14T00:00:00.000Z,21.2339033134,-0.008585120425862569,85.47842546,86.86883083388301,True
XLV,2006-07-17T00:00:00.000Z,21.3189239473,-0.007258330587333384,85.3538609973,86.8803444493445,True
XLV,2006-07-18T00:00:00.000Z,21.3189239473,0.00033244680738597765,85.7898376549,86.89065909027451,True
XLV,2006-07-19T00:00:00.000Z,21.8219626978,0.02769436102823808,86.980114378,86.905628197594,True
XLV,2006-07-20T00:00:00.000Z,21.8432178563,0.023572377157944358,86.3849763624,86.91912333056,True
XLV,2006-07-21T00:00:00.000Z,21.9424085958,0.034056761266647584,85.7759944678,86.93428343829049,True
XLV,2006-07-24T00:00:00.000Z,22.3675117653,0.05303535690397965,87.3399631951,86.96269002085852,True
XLV,2006-07-25T00:00:00.000Z,22.5588081915,0.06595246066182359,87.6513760819,86.99412124367551,True
XLV,2006-07-26T00:00:00.000Z,22.6650839839,0.08220568335453127,87.7690182591,87.024741347252,True
XLV,2006-07-27T00:00:00.000Z,22.5517231387,0.07679296346201037,87.6859736692,87.0583933348,True
XLV,2006-07-28T00:00:00.000Z,22.6721690367,0.06418357166481536,88.5648430417,87.0970198667765,True
XLV,2006-07-31T00:00:00.000Z,22.5942334556,0.05456349206088529,88.4748768583,87.138370627157,True
XLV,2006-08-01T00:00:00.000Z,22.5942334556,0.05247524752430044,88.0389057369,87.17778043962149,True
XLV,2006-08-02T00:00:00.000Z,22.7359345121,0.06012553683211408,88.6340444445,87.21593387335501,True
XLV,2006-08-03T00:00:00.000Z,22.537553033,0.04707044107841574,88.8693287988,87.253762013136,True
XLV,2006-08-04T00:00:00.000Z,22.5446380859,0.04636632686708575,88.7170834982,87.2952316572725,True
XLV,2006-08-07T00:00:00.000Z,22.4737875576,0.03931847968183999,88.5094806738,87.328973875356,True
XLV,2006-08-08T00:00:00.000Z,22.4667025048,0.03661327231196254,88.1703917931,87.36822201284451,True
XLV,2006-08-09T00:00:00.000Z,22.4879576633,0.041338582676153646,87.8728220933,87.40441234042152,True
XLV,2006-08-10T00:00:00.000Z,22.4667025048,0.05139257294356314,88.1427102632,87.43570637239,True
XLV,2006-08-11T00:00:00.000Z,22.3604267124,0.053053053052619426,87.8935820298,87.4665738684485,True
XLV,2006-08-14T00:00:00.000Z,22.4100220822,0.05117979395194494,87.9627834326,87.49898190314951,True
XLV,2006-08-15T00:00:00.000Z,22.6013185085,0.0601528747121598,89.0146580421,87.54098379606799,True
XLV,2006-08-16T00:00:00.000Z,22.7996999875,0.04480519480489131,89.7551149206,87.5808859123935,True
XLV,2006-08-17T00:00:00.000Z,22.8563804101,0.046383392797952006,89.9834832176,87.62080361156801,True
XLV,2006-08-18T00:00:00.000Z,22.8918056742,0.0432676783979733,90.4402191196,87.661776318715,True
XLV,2006-08-21T00:00:00.000Z,22.8138700932,0.01995565410151956,90.0526894646,87.696511032326,True
XLV,2006-08-22T00:00:00.000Z,22.8847206214,0.01444723618080146,90.0457623349,87.72943637768148,True
XLV,2006-08-23T00:00:00.000Z,22.8705505158,0.009065332916743385,89.7966347935,87.7616621464,True
XLV,2006-08-24T00:00:00.000Z,23.0264216779,0.02104932453633168,89.7205117972,87.79309773726949,True
XLV,2006-08-25T00:00:00.000Z,23.0405917836,0.016250000002365095,89.831237917,87.82508695873801,True
XLV,2006-08-28T00:00:00.000Z,23.1893778929,0.026340545629464307,90.2602874448,87.8586753667755,True
XLV,2006-08-29T00:00:00.000Z,23.2956536852,0.031044214488549216,90.3640968153,87.889540513243,True
XLV,2006-08-30T00:00:00.000Z,23.3098237909,0.02524150826061633,90.4194598752,87.919249008387,True
XLV,2006-08-31T00:00:00.000Z,23.2389732626,0.031122288589757963,90.4056159961,87.9491271918265,True
XLV,2006-09-01T00:00:00.000Z,23.3594191606,0.036140791952193,90.9453916438,87.9832401023115,True
XLV,2006-09-05T00:00:00.000Z,23.2531433683,0.03467843632064782,91.1183968808,88.01736479722851,True
XLV,2006-09-06T00:00:00.000Z,23.1681227344,0.031220435195157936,90.3156505047,88.04355084478851,True
XLV,2006-09-07T00:00:00.000Z,22.9980814666,0.022684310017734965,89.9004441639,88.0659885136345,True
XLV,2006-09-08T00:00:00.000Z,23.18229284,0.03185115105552816,90.1564884547,88.087556217652,True
XLV,2006-09-11T00:00:00.000Z,23.3310789493,0.04340937896152597,90.2464546381,88.107730746987,True
XLV,2006-09-12T00:00:00.000Z,23.6003109566,0.053114132151856897,91.1322400679,88.129842751204,True
XLV,2006-09-13T00:00:00.000Z,23.5507155869,0.04200626959188014,91.4990104785,88.15344731759899,True
XLV,2006-09-14T00:00:00.000Z,23.4373547417,0.027967681791847943,91.5059272279,88.18015811757401,True
XLV,2006-09-15T00:00:00.000Z,23.5628522824,0.03090917545228722,91.7200046002,88.208417143683,True
XLV,2006-09-18T00:00:00.000Z,23.5557421881,0.02900323912186109,91.845109679,88.2396224854505,True
XLV,2006-09-19T00:00:00.000Z,23.5912926593,0.03407675080659467,91.6157394787,88.26531238526701,True
XLV,2006-09-20T00:00:00.000Z,23.6837238843,0.03491426773866024,92.1022787683,88.29288892046151,True
XLV,2006-09-21T00:00:00.000Z,23.5344119054,0.029026909043635474,91.6574409399,88.31916275395498,True
XLV,2006-09-22T00:00:00.000Z,23.3850999266,0.015576812312277255,91.3794214676,88.3432273848305,True
XLV,2006-09-25T00:00:00.000Z,23.4775311516,0.018963895203030656,92.0814276901,88.373327635581,True
XLV,2006-09-26T00:00:00.000Z,23.4988614343,0.013345918240210919,92.845996878,88.40752377645798,True
XLV,2006-09-27T00:00:00.000Z,23.5628522824,0.011469890513085446,92.9572084203,88.4411496891065,True
XLV,2006-09-28T00:00:00.000Z,23.520191717,0.009024861276820229,92.9224533797,88.47419228757549,True
XLV,2006-09-29T00:00:00.000Z,23.5984027535,0.015466668292030583,92.845996878,88.503917448493,True
XLV,2006-10-02T00:00:00.000Z,23.4633109631,0.004447533638817225,92.4984673246,88.53019847813749,True
XLV,2006-10-03T00:00:00.000Z,23.5344119054,0.01209593613409865,92.6930831794,88.55871537119849,True
XLV,2006-10-04T00:00:00.000Z,23.7406046381,0.024709896018030753,93.7773733009,88.5940473351,True
XLV,2006-10-05T00:00:00.000Z,23.7406046381,0.0322863092983805,93.9580851934,88.632513086001,True
XLV,2006-10-06T00:00:00.000Z,23.6481734131,0.020096397552883394,93.8399265353,88.6699763002705,True
XLV,2006-10-09T00:00:00.000Z,23.5984027535,0.011457841481781195,93.8955319589,88.70703133020501,True
XLV,2006-10-10T00:00:00.000Z,23.4988614343,-0.004298651932449604,94.0206481586,88.74244739908251,True
XLV,2006-10-11T00:00:00.000Z,23.4917513401,-0.002503713595556345,93.9094366163,88.7770672326375,True
XLV,2006-10-12T00:00:00.000Z,23.6339532247,0.00838825392910958,94.7226543812,88.82017928871049,True
XLV,2006-10-13T00:00:00.000Z,23.5557421881,-0.00030175015379230175,94.9659292389,88.8635470120585,True
XLV,2006-10-16T00:00:00.000Z,23.5912926593,0.0015092061594201844,95.1118853958,88.909565930218,True
XLV,2006-10-17T00:00:00.000Z,23.6552835074,0.002712477396815016,94.8130155404,88.956423653037,True
XLV,2006-10-18T00:00:00.000Z,23.9112468997,0.009606724707292624,94.9381206191,88.9963927902855,True
XLV,2006-10-19T00:00:00.000Z,23.889916617,0.015105740182886462,95.0910350128,89.03506781367749,True
XLV,2006-10-20T00:00:00.000Z,24.074779067,0.02949224688219143,95.1118853958,89.073572620873,True
XLV,2006-10-23T00:00:00.000Z,24.1387699151,0.02816474863690832,95.5497761084,89.11062988922149,True
XLV,2006-10-24T00:00:00.000Z,24.0605588786,0.02390317700584932,95.8347531225,89.1479797698975,True
XLV,2006-10-25T00:00:00.000Z,23.9183569939,0.015087507541077239,96.1614315977,89.1865170331255,True
XLV,2006-10-26T00:00:00.000Z,24.0107882189,0.02085852478597805,96.4603021482,89.225141880802,True
XLV,2006-10-27T00:00:00.000Z,23.9112468997,0.01325700512309469,95.8556042006,89.26249308703751,True
XLV,2006-10-30T00:00:00.000Z,23.7761551093,0.013333333334413,95.7860941196,89.29990851022649,True
XLV,2006-10-31T00:00:00.000Z,23.6766137901,0.006042296075704057,95.7721894621,89.338455267304,True
XLV,2006-11-01T00:00:00.000Z,23.5059715285,-0.009883198561145612,95.1257900533,89.37551989965199,True
XLV,2006-11-02T00:00:00.000Z,23.6339532247,-0.004492362980041298,95.0701839346,89.410625264991,True
XLV,2006-11-03T00:00:00.000Z,23.5130816227,-0.005712567649100775,94.9033655786,89.4529253226855,True
XLV,2006-11-06T00:00:00.000Z,23.797485392,0.008436275987808939,95.9737628586,89.49903337814501,True
XLV,2006-11-07T00:00:00.000Z,23.982347842,0.020574886534471926,96.3421434902,89.546537275472,True
XLV,2006-11-08T00:00:00.000Z,23.6197330362,0.005447941885947882,96.5506633074,89.5947063464935,True
XLV,2006-11-09T00:00:00.000Z,23.0651456862,-0.024067388688301827,96.0432625138,89.637936647729,True
XLV,2006-11-10T00:00:00.000Z,23.1006961573,-0.01931783881680804,96.0849744009,89.677326827547,True
XLV,2006-11-13T00:00:00.000Z,23.1433567227,-0.018987341773466504,96.321292412,89.71824167741352,True
XLV,2006-11-14T00:00:00.000Z,23.335329267,-0.013525698827490773,97.0441490177,89.7659960593775,True
XLV,2006-11-15T00:00:00.000Z,23.4490907747,-0.019327980968060654,97.322178916,89.81208690749399,True
XLV,2006-11-16T00:00:00.000Z,23.5486320939,-0.014285714285714346,97.5724008895,89.864541207193,True
XLV,2006-11-17T00:00:00.000Z,23.6197330362,-0.018901358535154622,97.6001983883,89.9192961100415,True
XLV,2006-11-20T00:00:00.000Z,23.5628522824,-0.02385861560989211,97.655804507,89.97319677417148,True
XLV,2006-11-21T00:00:00.000Z,23.5273018112,-0.022163120569667627,97.7531120869,90.0314268008235,True
XLV,2006-11-22T00:00:00.000Z,23.5770724708,-0.014268727705127882,97.9477279417,90.0867184427965,True
XLV,2006-11-24T00:00:00.000Z,23.4775311516,-0.022209061295215937,97.5515498113,90.14074972352,True
XLV,2006-11-27T00:00:00.000Z,23.3211090785,-0.024680344930376852,96.2100801747,90.187284518208,True
XLV,2006-11-28T00:00:00.000Z,23.3708797381,-0.017045454546243066,96.6271198092,90.23669364892099,True
XLV,2006-11-29T00:00:00.000Z,23.5344119054,-0.006006006009164233,97.6349534289,90.286544275758,True
XLV,2006-11-30T00:00:00.000Z,23.6481734131,0.006049606774499283,97.6766555851,90.33505942474099,True
XLV,2006-12-01T00:00:00.000Z,23.6268431304,-0.000300842361512732,97.4611886522,90.3792033506605,True
XLV,2006-12-04T00:00:00.000Z,23.5130816227,0.0,98.204896336,90.428266723641,True
XLV,2006-12-05T00:00:00.000Z,23.6055128478,-0.008066925603178787,98.6288830862,90.48054796114852,True
XLV,2006-12-06T00:00:00.000Z,23.6410633189,-0.014230655203087084,98.5454794687,90.52973591919,True
XLV,2006-12-07T00:00:00.000Z,23.5912926593,-0.0012040939182679233,98.1145462977,90.5774211288975,True
XLV,2006-12-08T00:00:00.000Z,23.6339532247,0.02466091245373403,98.2952574952,90.6248776218495,True
XLV,2006-12-11T00:00:00.000Z,23.6837238843,0.025238534935483337,98.5802345092,90.67358743414148,True
XLV,2006-12-12T00:00:00.000Z,23.6908339785,0.023655913978243737,98.5037773124,90.72613526193,True
XLV,2006-12-13T00:00:00.000Z,23.6410633189,0.013101767213216764,98.608032008,90.775292902675,True
XLV,2006-12-14T00:00:00.000Z,23.7619349208,0.013341419038623847,99.4768558916,90.8288289533385,True
XLV,2006-12-15T00:00:00.000Z,23.8381053603,0.012292572462201834,99.4856490843,90.88446765579049,True
XLV,2006-12-18T00:00:00.000Z,23.8880505078,0.011359885871223607,99.2130672047,90.940767792702,True
XLV,2006-12-19T00:00:00.000Z,24.0093458658,0.018949046492707566,99.4017810163,90.99869771012449,True
XLV,2006-12-20T00:00:00.000Z,24.0236159079,0.021095240783782998,99.3458652434,91.05542163560102,True
XLV,2006-12-21T00:00:00.000Z,23.9594007184,0.016216103507910473,98.9824190096,91.11327911086549,True
XLV,2006-12-22T00:00:00.000Z,23.8595104235,0.016269993187676635,98.3743536751,91.1639446213245,True
XLV,2006-12-26T00:00:00.000Z,23.8737804656,0.023698332066441674,98.9544667145,91.2166872102985,True
XLV,2006-12-27T00:00:00.000Z,23.9879408026,0.026402988309166986,99.6044664325,91.2680478319565,True
XLV,2006-12-28T00:00:00.000Z,23.9594007184,0.018058187079766697,99.394795913,91.3163700510915,True
XLV,2006-12-29T00:00:00.000Z,23.8951855288,0.010445293654822718,98.9824190096,91.3617039726275,True
XLV,2007-01-03T00:00:00.000Z,23.9023205499,0.01165951024348022,98.8076865874,91.40578864230449,True
XLV,2007-01-04T00:00:00.000Z,24.1734513501,0.028085205418691972,99.0173675908,91.4516450843565,True
XLV,2007-01-05T00:00:00.000Z,24.03788595,0.0183166154867207,98.227573548,91.496377282114,True
XLV,2007-01-08T00:00:00.000Z,24.0664260342,0.017992537372882866,98.681884136,91.54065964607,True
XLV,2007-01-09T00:00:00.000Z,24.03788595,0.01893042899978381,98.598016068,91.585452767072,True
XLV,2007-01-10T00:00:00.000Z,24.0806960764,0.018902586776430752,98.9265032366,91.63154382783848,True
XLV,2007-01-11T00:00:00.000Z,24.3446918556,0.027908109996931607,99.3598473318,91.68045612269451,True
XLV,2007-01-12T00:00:00.000Z,24.4588521925,0.032418369682426285,100.1146920945,91.7358984549775,True
XLV,2007-01-16T00:00:00.000Z,24.515932361,0.037006332172909495,99.9189931795,91.7875720487545,True
XLV,2007-01-17T00:00:00.000Z,24.6586327822,0.03773673585037374,99.960926864,91.840247590618,True
XLV,2007-01-18T00:00:00.000Z,24.7299829928,0.03741394792160513,99.6254329253,91.89114232360951,True
XLV,2007-01-19T00:00:00.000Z,24.7371180139,0.03554360812418578,99.8211430231,91.94336010316849,True
XLV,2007-01-22T00:00:00.000Z,24.5872825716,0.024071322435453624,99.5136125622,91.99118107763101,True
XLV,2007-01-23T00:00:00.000Z,24.4588521925,0.01811701811536537,99.8071616336,92.03891966843999,True
XLV,2007-01-24T00:00:00.000Z,24.6443627401,0.02858844550206019,100.6109265819,92.09115934956449,True
XLV,2007-01-25T00:00:00.000Z,24.5587424874,0.029306220097932156,99.4297340103,92.142074597673,True
XLV,2007-01-26T00:00:00.000Z,24.4231770872,0.02301255230153565,99.3388801401,92.19184658427349,True
XLV,2007-01-29T00:00:00.000Z,24.3875019819,0.016656751931649394,99.2829643671,92.24512824218701,True
XLV,2007-01-30T00:00:00.000Z,24.5087973399,0.022930315660110834,99.8001653474,92.3001691433495,True
XLV,2007-01-31T00:00:00.000Z,24.6229576769,0.030456852792494216,100.471142741,92.3591505327875,True
XLV,2007-02-01T00:00:00.000Z,24.8298732876,0.03880597014685594,101.0722229722,92.4213095714205,True
XLV,2007-02-02T00:00:00.000Z,24.7799281402,0.02508854781704528,101.2120068131,92.4771402550085,True
XLV,2007-02-05T00:00:00.000Z,24.7727931192,0.03057287029020128,101.2399695921,92.5322495639665,True
XLV,2007-02-06T00:00:00.000Z,24.7014429086,0.026386006526170513,101.2679218871,92.5868785511035,True
XLV,2007-02-07T00:00:00.000Z,24.7371180139,0.029088750373241545,101.4915849789,92.64255699651,True
XLV,2007-02-08T00:00:00.000Z,24.7157129507,0.026370370369913854,101.3587862413,92.69839815476449,True
XLV,2007-02-09T00:00:00.000Z,24.6443627401,0.012309495896579481,100.6039407797,92.752325283928,True
XLV,2007-02-12T00:00:00.000Z,24.5373374242,0.0032088681464810254,100.2614617376,92.80443667870252,True
XLV,2007-02-13T00:00:00.000Z,24.630092698,0.004656577417451402,101.1071715534,92.85860641024951,True
XLV,2007-02-14T00:00:00.000Z,24.7656580981,0.00434027777798196,101.7711526608,92.91458034863999,True
XLV,2007-02-15T00:00:00.000Z,24.879818435,0.006058857470448986,101.9039506995,92.97490418822399,True
XLV,2007-02-16T00:00:00.000Z,24.7799281402,0.0017306028243040394,101.8550207288,93.03160748104449,True
XLV,2007-02-20T00:00:00.000Z,24.7941981823,0.008415554264585623,102.0716868355,93.091082054576,True
XLV,2007-02-21T00:00:00.000Z,24.6800378454,0.009043173864382137,102.0297531509,93.14872791836801,True
XLV,2007-02-22T00:00:00.000Z,24.6443627401,0.0,101.9528701863,93.2019934422475,True
XLV,2007-02-23T00:00:00.000Z,24.5373374242,-0.0008715862878965197,101.5544858552,93.2538182154615,True
XLV,2007-02-26T00:00:00.000Z,24.637227719,0.008764241893499669,101.463621501,93.3042930515075,True
XLV,2007-02-27T00:00:00.000Z,23.8880505078,-0.020479812752888238,97.5006915643,93.33519434309851,True
XLV,2007-02-28T00:00:00.000Z,24.0307509289,-0.01950509461440375,98.5001561266,93.376604584729,True
XLV,2007-03-01T00:00:00.000Z,23.9451306762,-0.027528252681679355,98.2066070552,93.4224375829545,True
XLV,2007-03-02T00:00:00.000Z,23.7667551497,-0.04281609195448133,96.9205785249,93.4609448196865,True
XLV,2007-03-05T00:00:00.000Z,23.6097846864,-0.04722142240201643,95.9979969273,93.495493658599,True
XLV,2007-03-06T00:00:00.000Z,23.8595104235,-0.03686635944947858,97.6404754053,93.54672898498649,True
XLV,2007-03-07T00:00:00.000Z,23.8666454446,-0.033795493934864806,97.5426259478,93.59967970326551,True
XLV,2007-03-08T00:00:00.000Z,23.9451306762,-0.03201615229611532,98.3673678729,93.65368830346601,True
XLV,2007-03-09T00:00:00.000Z,23.9950758237,-0.029157043878824895,98.3953208668,93.7111780835575,True
XLV,2007-03-12T00:00:00.000Z,23.9950758237,-0.026346265198552543,98.542100295,93.77270872128051,True
XLV,2007-03-13T00:00:00.000Z,23.6026496654,-0.03809246874023753,96.6270294535,93.8212192506965,True
XLV,2007-03-14T00:00:00.000Z,23.6954049391,-0.037949015067080705,97.3469263339,93.86795543089549,True
XLV,2007-03-15T00:00:00.000Z,23.6597298338,-0.044655718815113876,97.4797243726,93.91311650423398,True
XLV,2007-03-16T00:00:00.000Z,23.777008175,-0.04432549469286362,97.2080280369,93.964773159354,True
XLV,2007-03-19T00:00:00.000Z,23.9632136607,-0.03295871056926347,98.3798840506,94.017431977483,True
XLV,2007-03-20T00:00:00.000Z,24.0849634014,-0.028604868594069188,98.9202043491,94.06858981777201,True
XLV,2007-03-21T00:00:00.000Z,24.3284628827,-0.014245317000821878,100.5481683209,94.12695738053401,True
XLV,2007-03-22T00:00:00.000Z,24.4144038761,-0.009331093947332003,100.4709801078,94.1914151296035,True
XLV,2007-03-23T00:00:00.000Z,24.2926541354,-0.009971876107416677,100.618343634,94.25767758729849,True
XLV,2007-03-26T00:00:00.000Z,24.3284628827,-0.012532450477854784,100.4850171352,94.32654591855949,True
XLV,2007-03-27T00:00:00.000Z,24.1565808959,0.011241201453936922,100.2464381925,94.39460028150299,True
XLV,2007-03-28T00:00:00.000Z,23.9918606585,-0.0016183543541801182,99.5166629334,94.46038367668051,True
XLV,2007-03-29T00:00:00.000Z,24.1064486497,0.006736984470096852,99.6219153773,94.5313781996525,True
XLV,2007-03-30T00:00:00.000Z,24.0992869003,0.01399146616799296,99.6429660065,94.60743840444998,True
XLV,2007-04-02T00:00:00.000Z,24.2281983904,0.026193110704487932,99.7552425778,94.680787486044,True
XLV,2007-04-03T00:00:00.000Z,24.4788596211,0.025958168738868137,100.8288590476,94.75047938391201,True
XLV,2007-04-04T00:00:00.000Z,24.6220946101,0.03165292614136206,100.9411356189,94.823882999048,True
XLV,2007-04-05T00:00:00.000Z,24.7939765969,0.035449625737214996,101.2148022182,94.9020458636675,True
XLV,2007-04-09T00:00:00.000Z,24.8011383464,0.03359283082172415,101.3551423187,94.97945719171801,True
XLV,2007-04-10T00:00:00.000Z,24.8369470936,0.03508516814389395,101.4744324918,95.0542816535115,True
XLV,2007-04-11T00:00:00.000Z,24.7295208519,0.04774341874640964,101.0604250903,95.1289391462855,True
XLV,2007-04-12T00:00:00.000Z,25.0088290805,0.055429487057750304,101.5095201484,95.2059113060645,True
XLV,2007-04-13T00:00:00.000Z,25.3740783024,0.0724584972289457,101.9726515321,95.2832960789945,True
XLV,2007-04-16T00:00:00.000Z,25.6175777837,0.07740963855306404,102.941005734,95.36925951529449,True
XLV,2007-04-17T00:00:00.000Z,25.6963570277,0.07232516437652858,103.2146723332,95.453684810448,True
XLV,2007-04-18T00:00:00.000Z,25.6891952782,0.06660719595308784,103.340985932,95.530022220027,True
XLV,2007-04-19T00:00:00.000Z,25.79662152,0.060347365321793855,103.3129118772,95.606184651364,True
XLV,2007-04-20T00:00:00.000Z,25.8968860123,0.06072161924261632,104.2882895047,95.68542470253249,True
XLV,2007-04-23T00:00:00.000Z,25.9255330101,0.06721698113342511,103.895333434,95.76522586018949,True
XLV,2007-04-24T00:00:00.000Z,25.9255330101,0.06564615837425891,103.9374339906,95.8439572749545,True
XLV,2007-04-25T00:00:00.000Z,26.004312254,0.076489771713248,104.8917616907,95.930332218616,True
XLV,2007-04-26T00:00:00.000Z,26.0329592519,0.08507462686837775,105.0110511621,96.01647319487648,True
XLV,2007-04-27T00:00:00.000Z,25.9470182584,0.07635175282124806,104.9268493472,96.10025548264701,True
XLV,2007-04-30T00:00:00.000Z,25.861077265,0.07310549776798858,104.056723462,96.1843928869,True
XLV,2007-05-01T00:00:00.000Z,25.9183712606,0.06976056754057725,104.3233771612,96.27695678474949,True
XLV,2007-05-02T00:00:00.000Z,26.083091498,0.06553540082060061,104.9338622472,96.37423396868552,True
XLV,2007-05-03T00:00:00.000Z,26.1403854936,0.06166375800039359,105.5022573023,96.4749759502105,True
XLV,2007-05-04T00:00:00.000Z,26.2836204826,0.06008087810675167,105.9022269747,96.5755378968095,True
XLV,2007-05-07T00:00:00.000Z,26.3409144782,0.062084897487114876,105.9232776039,96.67025371293899,True
XLV,2007-05-08T00:00:00.000Z,26.2406499859,0.056516724338544266,105.7829375034,96.76724351864401,True
XLV,2007-05-09T00:00:00.000Z,26.3265909793,0.06458152331234102,106.0706418318,96.868716755464,True
XLV,2007-05-10T00:00:00.000Z,25.861077265,0.034077892321816794,104.9619370038,96.95682662450749,True
XLV,2007-05-11T00:00:00.000Z,25.9613417573,0.02314422805436256,105.8601264182,97.04787037618898,True
XLV,2007-05-14T00:00:00.000Z,25.9326947595,0.012300810734748868,105.6285603754,97.13716808677049,True
XLV,2007-05-15T00:00:00.000Z,25.9040477617,0.008082497210640138,105.6566344303,97.22702139057601,True
XLV,2007-05-16T00:00:00.000Z,26.1976794892,0.019793699471446713,106.3793960876,97.31609415580552,True
XLV,2007-05-17T00:00:00.000Z,26.0974149969,0.011660188783511716,106.168880674,97.404564174884,True
XLV,2007-05-18T00:00:00.000Z,26.2048412387,0.011891592921779548,107.0951336176,97.4998453142875,True
XLV,2007-05-21T00:00:00.000Z,26.2621352343,0.012983425415742378,107.0389953319,97.59187006872449,True
XLV,2007-05-22T00:00:00.000Z,26.2478117354,0.01243093922792049,106.9547935171,97.682297392316,True
XLV,2007-05-23T00:00:00.000Z,26.3409144782,0.012944092537891416,106.9688305445,97.7735561275475,True
XLV,2007-05-24T00:00:00.000Z,26.2406499859,0.007977991744632096,106.0004665187,97.861011056772,True
XLV,2007-05-25T00:00:00.000Z,26.226326487,0.010764559758598802,106.4425472733,97.952371834173,True
XLV,2007-05-29T00:00:00.000Z,26.2406499859,0.014677374689789469,106.828490444,98.04715017592649,True
XLV,2007-05-30T00:00:00.000Z,26.2478117354,0.012710693565100684,107.6986058035,98.14492965362801,True
XLV,2007-05-31T00:00:00.000Z,26.305105731,0.008511806701173574,107.5863397578,98.24339344226799,True
XLV,2007-06-01T00:00:00.000Z,26.3337527288,0.00739726027557408,108.1196366307,98.3441777082585,True
XLV,2007-06-04T00:00:00.000Z,26.2836204826,0.0,108.1336736581,98.43977278633851,True
XLV,2007-06-05T00:00:00.000Z,26.2191647376,-0.004622077213786935,107.7056292292,98.5295253578815,True
XLV,2007-06-06T00:00:00.000Z,25.9756652562,-0.010098253276591307,106.5477997173,98.61234694038,True
XLV,2007-06-07T00:00:00.000Z,25.5889307859,-0.028019586507801342,104.6251185171,98.6832714373675,True
XLV,2007-06-08T00:00:00.000Z,25.6748717793,-0.007200221544986007,105.9864287896,98.7629401339925,True
XLV,2007-06-11T00:00:00.000Z,25.6820335288,-0.010758620687294052,106.168880674,98.843555725688,True
XLV,2007-06-12T00:00:00.000Z,25.4958280431,-0.016846175087143922,105.0110511621,98.91962780753101,True
XLV,2007-06-13T00:00:00.000Z,25.7035187771,-0.0077412220068744375,106.5828873738,99.00393968541401,True
XLV,2007-06-14T00:00:00.000Z,25.7751362716,-0.01612903225929574,107.2635484746,99.09110123820199,True
XLV,2007-06-15T00:00:00.000Z,25.9708668841,-0.004849066959889736,107.8709537509,99.1791545697325,True
XLV,2007-06-18T00:00:00.000Z,25.8196641659,-0.014698698965256773,107.74409915,99.26605458140598,True
XLV,2007-06-19T00:00:00.000Z,25.8196641659,-0.016848251844431283,108.0118949291,99.3540167566755,True
XLV,2007-06-20T00:00:00.000Z,25.574859765,-0.02563840281940155,106.5108453418,99.434542903404,True
XLV,2007-06-21T00:00:00.000Z,25.5676596356,-0.029355656700527755,107.1028050556,99.51532997046299,True
XLV,2007-06-22T00:00:00.000Z,25.1788526459,-0.04046383533070019,106.0950654481,99.5902133132995,True
XLV,2007-06-25T00:00:00.000Z,25.1356518693,-0.04158701441624446,105.5876688909,99.66657340523048,True
XLV,2007-06-26T00:00:00.000Z,25.2652541992,-0.03717117476983656,104.5023991971,99.73958318039651,True
XLV,2007-06-27T00:00:00.000Z,25.4740579529,-0.02947879199607517,105.9893516364,99.81874749630501,True
XLV,2007-06-28T00:00:00.000Z,25.4956583412,-0.030771493491702162,105.975265059,99.89739154840949,True
XLV,2007-06-29T00:00:00.000Z,25.4236570468,-0.0345600451015351,106.0104924255,99.97178281019751,True
XLV,2007-07-02T00:00:00.000Z,25.5676596356,-0.027239810720672053,106.9689068137,100.0491322918735,True
XLV,2007-07-03T00:00:00.000Z,25.6108604122,-0.02320075149181433,107.3565029818,100.128385170643,True
XLV,2007-07-05T00:00:00.000Z,25.6036602828,-0.01432128762558671,107.2437462338,100.20600387881099,True
XLV,2007-07-06T00:00:00.000Z,25.6612613183,0.0028266336333151454,107.8075215174,100.285815938003,True
XLV,2007-07-09T00:00:00.000Z,25.5820598944,-0.0036148918560452437,107.89209454,100.36719771330951,True
XLV,2007-07-10T00:00:00.000Z,25.3660560113,-0.012303446187221234,106.3558070154,100.438465354545,True
XLV,2007-07-11T00:00:00.000Z,25.4524575646,-0.0017010813858128193,107.1098585626,100.5157274426585,True
XLV,2007-07-12T00:00:00.000Z,25.9276661075,0.008720492020714898,108.8011738428,100.60283620453448,True
XLV,2007-07-13T00:00:00.000Z,25.8628649425,0.0034036161817176946,109.1253483483,100.68805580782549,True
XLV,2007-07-16T00:00:00.000Z,25.8916654603,-0.003049625726913585,109.1112512002,100.76938207943651,True
XLV,2007-07-17T00:00:00.000Z,25.8124640365,-0.0002788622405673902,109.0548724738,100.849870399704,True
XLV,2007-07-18T00:00:00.000Z,25.7404627421,-0.003067484661733233,108.8575525692,100.9295458956515,True
XLV,2007-07-19T00:00:00.000Z,25.6036602828,0.0011261261279491563,109.2803866746,101.01171784463449,True
XLV,2007-07-20T00:00:00.000Z,25.3660560113,-0.007885102788965814,108.1739768965,101.090095392494,True
XLV,2007-07-23T00:00:00.000Z,25.5604595061,0.015155847868315586,108.5051943383,101.1691559482885,True
XLV,2007-07-24T00:00:00.000Z,25.3012548463,0.0065883700912592325,106.6236027945,101.2333870957565,True
XLV,2007-07-25T00:00:00.000Z,25.2868545875,0.0008549444280152585,106.8420634883,101.297806987231,True
XLV,2007-07-26T00:00:00.000Z,24.7684452679,-0.027699265123155348,104.3121335043,101.35016802207599,True
XLV,2007-07-27T00:00:00.000Z,24.178034654,-0.05168031629411851,102.2614064861,101.39199739471199,True
XLV,2007-07-30T00:00:00.000Z,24.4804400904,-0.037099971678493104,103.8611156734,101.44119973228601,True
XLV,2007-07-31T00:00:00.000Z,24.2140353012,-0.05294283300436442,102.6912835279,101.485108966844,True
XLV,2007-08-01T00:00:00.000Z,24.3796382782,-0.04807421984985294,103.1916265781,101.52745382782851,True
XLV,2007-08-02T00:00:00.000Z,24.588442032,-0.039651293587971925,104.0161539998,101.57270495163299,True
XLV,2007-08-03T00:00:00.000Z,24.2500359484,-0.05499438832703052,101.3382293305,101.6038366713065,True
XLV,2007-08-06T00:00:00.000Z,24.7252444913,-0.033492822964094504,103.0365988225,101.644954587717,True
XLV,2007-08-07T00:00:00.000Z,24.8404465623,-0.02072097644055715,104.1359543889,101.690943756566,True
XLV,2007-08-08T00:00:00.000Z,25.1284517398,-0.012729844415913516,105.5876688909,101.7434269259565,True
XLV,2007-08-09T00:00:00.000Z,24.5380411259,-0.05359622327125024,102.458725686,101.7801611274075,True
XLV,2007-08-10T00:00:00.000Z,24.408438796,-0.05623608017648374,101.9795241297,101.81230986751399,True
XLV,2007-08-13T00:00:00.000Z,24.4804400904,-0.054505005561108155,102.345968938,101.84486594659148,True
XLV,2007-08-14T00:00:00.000Z,24.2788364661,-0.059414225942605925,100.7814976879,101.86796627704251,True
XLV,2007-08-15T00:00:00.000Z,24.2212354306,-0.05902097902129855,99.3932048486,101.8826307905445,True
XLV,2007-08-16T00:00:00.000Z,24.22843556,-0.05371203599837815,100.1402134595,101.904053836839,True
XLV,2007-08-17T00:00:00.000Z,24.2860365955,-0.042577348852295915,101.9795241297,101.9350209868895,True
XLV,2007-08-20T00:00:00.000Z,24.4012386666,-0.04535211267322292,101.9301883396,101.96581098127699,True
XLV,2007-08-21T00:00:00.000Z,24.4660398315,-0.03301081388546778,102.1345518853,102.000854790437,True
XLV,2007-08-22T00:00:00.000Z,24.588442032,-0.02761958997641578,103.3466649044,102.04223719528599,True
XLV,2007-08-23T00:00:00.000Z,24.7468448796,-0.000872093022648901,103.2550588115,102.0839956614505,True
XLV,2007-08-24T00:00:00.000Z,24.8980475978,0.02977963073110579,104.5305941981,102.126779818148,True
XLV,2007-08-27T00:00:00.000Z,24.7252444913,0.009999999999836584,103.5580819571,102.1628595104825,True
XLV,2007-08-28T00:00:00.000Z,24.4732399609,0.010704727918157131,101.2818506041,102.186515446966,True
XLV,2007-08-29T00:00:00.000Z,24.6532431969,0.011222681632018006,103.2691453889,102.22264486134151,True
XLV,2007-08-30T00:00:00.000Z,24.6532431969,0.0026354319161687734,102.9943066735,102.2571915227045,True
XLV,2007-08-31T00:00:00.000Z,24.7684452679,0.021377672206469578,104.009099788,102.2956305595845,True
XLV,2007-09-04T00:00:00.000Z,24.9844491511,0.01048340128208669,105.0591315445,102.33570547221849,True
XLV,2007-09-05T00:00:00.000Z,24.934048245,0.00376811594208859,104.1500409662,102.3698447824695,True
XLV,2007-09-06T00:00:00.000Z,25.0132496688,-0.0045845272200967235,104.3896530198,102.40393104312099,True
XLV,2007-09-07T00:00:00.000Z,24.7468448796,0.00850938967086523,102.9379385178,102.43061974376849,True
XLV,2007-09-10T00:00:00.000Z,24.7684452679,0.014749262536160046,102.7406080425,102.45604376144601,True
XLV,2007-09-11T00:00:00.000Z,24.9556486333,0.01941176470460415,103.9386344842,102.4869713734325,True
XLV,2007-09-12T00:00:00.000Z,25.0636505749,0.032325029656829596,104.2064196926,102.518264832187,True
XLV,2007-09-13T00:00:00.000Z,25.1212516104,0.03715814506567083,104.9393311554,102.5552037389075,True
XLV,2007-09-14T00:00:00.000Z,24.9916492805,0.031500742943552984,104.9322769436,102.598814722752,True
XLV,2007-09-17T00:00:00.000Z,24.9700488922,0.028164838425169147,104.3685122307,102.6375216848595,True
XLV,2007-09-18T00:00:00.000Z,25.4164569174,0.0416051932719963,107.4410767092,102.686552301261,True
XLV,2007-09-19T00:00:00.000Z,25.5172587295,0.04296645085350326,108.0753172965,102.738545609818,True
XLV,2007-09-20T00:00:00.000Z,25.4884582117,0.0366032210795908,107.3142221083,102.78781077709851,True
XLV,2007-09-21T00:00:00.000Z,25.6128476479,0.03499447192211114,107.60225523,102.83479757156849,True
XLV,2007-09-24T00:00:00.000Z,25.5622722083,0.026677778966037957,107.4040021296,102.8786731667855,True
XLV,2007-09-25T00:00:00.000Z,25.4755714546,0.030346594290059148,107.1915852107,102.92190369549549,True
XLV,2007-09-26T00:00:00.000Z,25.6200727107,0.04686068340899108,107.7580267875,102.9701210979445,True
XLV,2007-09-27T00:00:00.000Z,25.72122359,0.04332007698014739,108.3952669235,103.02062114508601,True
XLV,2007-09-28T00:00:00.000Z,25.5405970199,0.035993391048508405,108.0341660207,103.0678908026435,True
XLV,2007-10-01T00:00:00.000Z,25.9307504114,0.046926851117552904,109.2520115519,103.12163197384099,True
XLV,2007-10-02T00:00:00.000Z,25.7862491553,0.03209196245836354,109.1033162393,103.17410839499749,True
XLV,2007-10-03T00:00:00.000Z,25.8874000346,0.038234938034628074,108.8838230755,103.221143230917,True
XLV,2007-10-04T00:00:00.000Z,25.8584997833,0.0337920952172126,109.0537584515,103.26898377775301,True
XLV,2007-10-05T00:00:00.000Z,26.1908526724,0.05835118779082671,110.3494901156,103.3246658923075,True
XLV,2007-10-08T00:00:00.000Z,26.0102261023,0.05013559878178353,109.7618077673,103.3764660260625,True
XLV,2007-10-09T00:00:00.000Z,26.2269779864,0.050943550768044465,110.795554104,103.43371447036549,True
XLV,2007-10-10T00:00:00.000Z,26.2703283633,0.04814453444417355,110.6114648222,103.49185969942852,True
XLV,2007-10-11T00:00:00.000Z,26.0463514163,0.03682538673817559,110.0804278353,103.5503900702295,True
XLV,2007-10-12T00:00:00.000Z,26.1908526724,0.04798416376768255,110.6893509549,103.60906449143151,True
XLV,2007-10-15T00:00:00.000Z,25.909075223,0.037606107014605206,109.7547209017,103.6598157637775,True
XLV,2007-10-16T00:00:00.000Z,25.7139985272,0.011706651747998231,108.8838230755,103.70726089959,True
XLV,2007-10-17T00:00:00.000Z,25.7356737156,0.008559500392081532,109.216606962,103.758431839352,True
XLV,2007-10-18T00:00:00.000Z,25.7428987784,0.009982579745965392,108.8201007612,103.808493910221,True
XLV,2007-10-19T00:00:00.000Z,25.4322210778,-0.007052186175589448,105.9737396795,103.84327577066449,True
XLV,2007-10-22T00:00:00.000Z,25.4322210778,-0.005087620123917391,106.589739044,103.8850865981445,True
XLV,2007-10-23T00:00:00.000Z,25.7284486528,0.009926262052674772,107.4535606254,103.9289449805915,True
XLV,2007-10-24T00:00:00.000Z,25.5405970199,-0.003102086855780284,107.255307525,103.97223143787649,True
XLV,2007-10-25T00:00:00.000Z,25.6923233388,-0.0011235955046569046,107.5102052787,104.015149948087,True
XLV,2007-10-26T00:00:00.000Z,25.7790240925,0.00933521923603542,108.7705323528,104.062203373192,True
XLV,2007-10-29T00:00:00.000Z,25.8874000346,-0.0016717748662198328,109.1316445843,104.107288135641,True
XLV,2007-10-30T00:00:00.000Z,25.8584997833,0.002801905293199791,108.3740268601,104.14956330404401,True
XLV,2007-10-31T00:00:00.000Z,26.0174511651,0.00502372313659083,109.49982244,104.197257781924,True
XLV,2007-11-01T00:00:00.000Z,25.6561980248,-0.00782341435873457,106.9366874571,104.233814054583,True
XLV,2007-11-02T00:00:00.000Z,25.5839473967,-0.023172413792375557,107.0570544246,104.26999361159051,True
XLV,2007-11-05T00:00:00.000Z,25.5694972711,-0.016944444445295526,106.2428019598,104.30363955857848,True
XLV,2007-11-06T00:00:00.000Z,25.7067734644,-0.019834710742112627,107.6730644099,104.34296907246,True
XLV,2007-11-07T00:00:00.000Z,25.1215433771,-0.04372937293790613,104.727577132,104.3635523252105,True
XLV,2007-11-08T00:00:00.000Z,25.2877198216,-0.029126213594171224,104.1965401452,104.38738635588501,True
XLV,2007-11-09T00:00:00.000Z,25.2226942564,-0.036965517240309054,102.766276987,104.40452334011951,True
XLV,2007-11-12T00:00:00.000Z,25.2877198216,-0.02398215281911753,101.7466845562,104.416841941065,True
XLV,2007-11-13T00:00:00.000Z,25.6200727107,-0.0036527114365604296,104.8479440996,104.44208083482599,True
XLV,2007-11-14T00:00:00.000Z,25.72122359,-0.0005614823128271551,104.5576410479,104.46251332636051,True
XLV,2007-11-15T00:00:00.000Z,25.5622722083,-0.007016559077315576,103.049492465,104.4723996738245,True
XLV,2007-11-16T00:00:00.000Z,25.6778732132,0.009659090908675338,103.226504794,104.482472163729,True
XLV,2007-11-19T00:00:00.000Z,25.5333719571,0.003977272727795578,101.789166099,104.48521814626349,True
XLV,2007-11-20T00:00:00.000Z,25.5839473967,-0.005616399886756218,102.4122523291,104.4909397984735,True
XLV,2007-11-21T00:00:00.000Z,25.013167435,-0.02065063649409038,100.316422106,104.485063984109,True
XLV,2007-11-23T00:00:00.000Z,25.4177709522,-0.01068616422810531,102.0511514263,104.488525810034,True
XLV,2007-11-26T00:00:00.000Z,25.2226942564,-0.02158071748968393,99.7995489377,104.484503850824,True
XLV,2007-11-27T00:00:00.000Z,25.5478220827,-0.0131174993026002,100.9465959098,104.48792952168498,True
XLV,2007-11-28T00:00:00.000Z,26.1547273584,0.0114557138883713,104.1752993737,104.5032701607865,True
XLV,2007-11-29T00:00:00.000Z,26.3136787401,0.011385726185098477,104.2106933429,104.51546786419699,True
XLV,2007-11-30T00:00:00.000Z,26.3498040542,0.027034638130308375,105.2586141189,104.53224118129401,True
XLV,2007-12-03T00:00:00.000Z,26.1836276096,0.023439706297134988,104.5647180008,104.545789667654,True
XLV,2007-12-04T00:00:00.000Z,26.1764025468,0.023735518507278286,103.6300985684,104.5535817263185,True
XLV,2007-12-05T00:00:00.000Z,26.3859293682,0.0264193367067449,105.3648172679,104.57025704690349,True
XLV,2007-12-06T00:00:00.000Z,26.5665559383,0.057520851307138576,106.8729651428,104.59485752168601,True
XLV,2007-12-07T00:00:00.000Z,26.5521058127,0.05000000000079097,106.8517250794,104.62134371780701,True
XLV,2007-12-10T00:00:00.000Z,26.6026812524,0.05471211687267874,107.6801413628,104.65242631711598,True
XLV,2007-12-11T00:00:00.000Z,26.1908526724,0.03571428571541557,104.727577132,104.6885607449545,True
XLV,2007-12-12T00:00:00.000Z,26.205302798,0.02284263959389876,105.7613227606,104.72486657812449,True
XLV,2007-12-13T00:00:00.000Z,26.1908526724,0.018258426966226482,105.5418295969,104.761542690833,True
XLV,2007-12-14T00:00:00.000Z,25.7934742181,0.009044657998944494,104.20361639,104.7979578801585,True
XLV,2007-12-17T00:00:00.000Z,25.5189218314,-0.006190208218579851,102.7167191993,104.8315514915185,True
XLV,2007-12-18T00:00:00.000Z,25.7139985272,0.007074136953140409,103.290237729,104.85980030313699,True
XLV,2007-12-19T00:00:00.000Z,25.6995484016,0.004518497599589111,103.290237729,104.888538362043,True
XLV,2007-12-20T00:00:00.000Z,25.8512747205,0.03350664355795541,103.9416416834,104.9164097310955,True
XLV,2007-12-21T00:00:00.000Z,26.0104717544,0.023318362704370044,105.4323772095,104.95159501280901,True
XLV,2007-12-24T00:00:00.000Z,26.0974875506,0.03468278548307868,106.2153020871,104.98996102176949,True
XLV,2007-12-26T00:00:00.000Z,26.0684822852,0.020379827322054567,106.4430688973,105.0390412189885,True
XLV,2007-12-27T00:00:00.000Z,25.8001835802,-0.013555628905691175,105.1049645996,105.07783141031699,True
XLV,2007-12-28T00:00:00.000Z,25.6986651513,-0.02337239102424582,104.8416185449,105.11464088117852,True
XLV,2007-12-31T00:00:00.000Z,25.6043980387,-0.028288863703378686,104.0658076656,105.148929779322,True
XLV,2008-01-02T00:00:00.000Z,25.3360993337,-0.03236863464974049,103.1547503893,105.17280411101551,True
XLV,2008-01-03T00:00:00.000Z,25.4883769771,-0.026284191208853058,103.1049331835,105.1937277551875,True
XLV,2008-01-04T00:00:00.000Z,25.2273295884,-0.04390975825154486,100.5781982699,105.19387790493249,True
XLV,2008-01-07T00:00:00.000Z,25.7276704167,-0.03157675099280022,100.4927904315,105.193986956551,True
XLV,2008-01-08T00:00:00.000Z,25.9379585909,-0.02312988755514267,98.8699888311,105.1852451825365,True
XLV,2008-01-09T00:00:00.000Z,26.4020428374,-0.00754203732685399,99.9091457651,105.18236582568599,True
XLV,2008-01-10T00:00:00.000Z,26.3657862556,0.00667918625590791,100.5639595969,105.18395343270801,True
XLV,2008-01-11T00:00:00.000Z,26.4455507355,0.009167913049962229,99.7525587967,105.18513291202449,True
XLV,2008-01-14T00:00:00.000Z,26.2425138777,0.0019724903937334837,100.5568463103,105.18980756668951,True
XLV,2008-01-15T00:00:00.000Z,25.9452099072,0.005882716217946449,98.3432853335,105.18330916332451,True
XLV,2008-01-16T00:00:00.000Z,26.0104717544,0.01926217440719502,97.4962946125,105.172014423498,True
XLV,2008-01-17T00:00:00.000Z,25.5101309261,-0.007928273033241062,94.9695596988,105.14271792675399,True
XLV,2008-01-18T00:00:00.000Z,25.1403137922,-0.02176048390660379,93.9944579319,105.107984538319,True
XLV,2008-01-22T00:00:00.000Z,24.2266479318,-0.06284513263911418,93.0407074128,105.067114064292,True
XLV,2008-01-23T00:00:00.000Z,24.4006795243,-0.06189015890600624,95.2756203491,105.03671645444399,True
XLV,2008-01-24T00:00:00.000Z,24.3064124117,-0.06863017504759084,96.079907151,105.00974382774001,True
XLV,2008-01-25T00:00:00.000Z,23.922092645,-0.08233657858242804,94.6919749711,104.97790157714398,True
XLV,2008-01-28T00:00:00.000Z,24.2266479318,-0.06098931984373901,96.257846079,104.951643206797,True
XLV,2008-01-29T00:00:00.000Z,24.291909779,-0.054740406321409085,96.7347216945,104.925453557609,True
XLV,2008-01-30T00:00:00.000Z,24.0091084413,-0.062305295949109385,96.0229659822,104.89086335885,True
XLV,2008-01-31T00:00:00.000Z,24.436936106,-0.03548941042017484,97.7738786285,104.8636593903265,True
XLV,2008-02-01T00:00:00.000Z,24.5529571677,-0.03669985775243456,99.3468637348,104.8436887793405,True
XLV,2008-02-04T00:00:00.000Z,24.6399729639,-0.023282552457319028,98.0941772401,104.81759510615501,True
XLV,2008-02-05T00:00:00.000Z,24.1903913501,-0.05975197294202517,95.4677972385,104.773492644824,True
XLV,2008-02-06T00:00:00.000Z,24.2556531972,-0.06485882024232292,94.6990996458,104.727511475883,True
XLV,2008-02-07T00:00:00.000Z,24.1613860847,-0.08486679483475357,95.325437555,104.684451493705,True
XLV,2008-02-08T00:00:00.000Z,24.0091084413,-0.0893839383909687,94.713337607,104.6335593732865,True
XLV,2008-02-11T00:00:00.000Z,23.9365952777,-0.09487249794469299,95.197326509,104.58449075002099,True
XLV,2008-02-12T00:00:00.000Z,24.2846584626,-0.07460624482183154,96.079907151,104.54025603904,True
XLV,2008-02-13T00:00:00.000Z,24.2484018809,-0.0653996646151288,97.0621229163,104.5052830363115,True
XLV,2008-02-14T00:00:00.000Z,24.146883452,-0.07164761639068506,96.2080181969,104.46470624149,True
XLV,2008-02-15T00:00:00.000Z,24.168637401,-0.05258669698662688,96.1866662373,104.42097026144049,True
XLV,2008-02-19T00:00:00.000Z,24.4731926878,-0.026535910009483632,96.4571369667,104.37574465976249,True
XLV,2008-02-20T00:00:00.000Z,24.4006795243,0.007183478002813937,96.741834981,104.329942699794,True
XLV,2008-02-21T00:00:00.000Z,24.146883452,-0.010401188706537834,95.9375474675,104.28001404911201,True
XLV,2008-02-22T00:00:00.000Z,24.1976426664,-0.004474940334989186,96.5283061321,104.2337408922555,True
XLV,2008-02-25T00:00:00.000Z,24.5094492695,0.024552894816364024,97.7454133823,104.192114750008,True
XLV,2008-02-26T00:00:00.000Z,24.291909779,0.0026938042515711746,98.4785210541,104.1596976702595,True
XLV,2008-02-27T00:00:00.000Z,24.4006795243,0.004477611941158699,98.3788752544,104.12229141444051,True
XLV,2008-02-28T00:00:00.000Z,24.1178781865,0.004530353364263107,97.4180007724,104.08123861642551,True
XLV,2008-02-29T00:00:00.000Z,23.7843176344,-0.02670623145099449,95.2471543912,104.02919121622999,True
XLV,2008-03-03T00:00:00.000Z,23.777066318,-0.03160070880263277,95.019387581,103.97239117369699,True
XLV,2008-03-04T00:00:00.000Z,23.8060715834,-0.033843437317149117,94.6563957265,103.9148287489595,True
XLV,2008-03-05T00:00:00.000Z,23.7625636853,-0.017685851320393353,95.2542683895,103.855624422819,True
XLV,2008-03-06T00:00:00.000Z,23.2839768061,-0.04005979073002941,93.2827022197,103.78684295725802,True
XLV,2008-03-07T00:00:00.000Z,23.015678101,-0.047418967590833305,92.321838414,103.71367818174251,True
XLV,2008-03-10T00:00:00.000Z,22.479080691,-0.06372697070533762,91.1047311638,103.634357684839,True
XLV,2008-03-11T00:00:00.000Z,22.6966201816,-0.05180248409243049,94.3788117105,103.57624941079798,True
XLV,2008-03-12T00:00:00.000Z,22.6966201816,-0.06539265452078247,93.4962310686,103.5115178297745,True
XLV,2008-03-13T00:00:00.000Z,22.6676149162,-0.06519138755882936,93.7026352429,103.445888553769,True
XLV,2008-03-14T00:00:00.000Z,22.2470385677,-0.07867867868234746,92.2506585722,103.3686488176125,True
XLV,2008-03-17T00:00:00.000Z,22.2180333023,-0.08070807080829856,91.3182600127,103.28730841888701,True
XLV,2008-03-18T00:00:00.000Z,22.9141596721,-0.06370370370504164,95.1119193824,103.22226983264551,True
XLV,2008-03-19T00:00:00.000Z,22.6168557017,-0.0731054977720409,92.7560093984,103.14538151134701,True
XLV,2008-03-20T00:00:00.000Z,22.6453026157,-0.0621852852888819,94.4656074726,103.07918140256399,True
XLV,2008-03-24T00:00:00.000Z,22.9439379992,-0.05181102492024359,96.3537745341,103.028211276648,True
XLV,2008-03-25T00:00:00.000Z,22.9876407383,-0.06209068651304883,96.4467560689,102.98731946440701,True
XLV,2008-03-26T00:00:00.000Z,22.7618432532,-0.06298667085956011,95.2666447715,102.93372054431649,True
XLV,2008-03-27T00:00:00.000Z,22.8783838907,-0.06238742786175211,94.9662558738,102.87770742031552,True
XLV,2008-03-28T00:00:00.000Z,22.8201135719,-0.05380923664032877,94.0579298779,102.82294181389449,True
XLV,2008-03-31T00:00:00.000Z,22.7035729345,-0.045439382222884905,94.3869331,102.7619620425255,True
XLV,2008-04-01T00:00:00.000Z,23.0677624265,-0.029831430085343724,97.7055310107,102.714171955206,True
XLV,2008-04-02T00:00:00.000Z,22.90751905,-0.037744679135828574,97.7698975058,102.6636666739805,True
XLV,2008-04-03T00:00:00.000Z,22.8346811516,-0.039048081932085754,98.0130677677,102.61501151706902,True
XLV,2008-04-04T00:00:00.000Z,23.0167758976,-0.011475741911493365,97.905789799,102.56448099141849,True
XLV,2008-04-07T00:00:00.000Z,23.2789923319,0.011440646230125973,97.9558605754,102.52170606758649,True
XLV,2008-04-08T00:00:00.000Z,23.1988706437,0.03202043547039657,97.855730466,102.4754706946385,True
XLV,2008-04-09T00:00:00.000Z,23.089613796,0.017315072079260307,97.1476639737,102.4307336872665,True
XLV,2008-04-10T00:00:00.000Z,23.2717085421,0.025338061609993412,97.2835562668,102.38921312414601,True
XLV,2008-04-11T00:00:00.000Z,22.9657893687,0.013154204957262605,95.3953892053,102.343678074187,True
XLV,2008-04-14T00:00:00.000Z,22.863816311,0.02772403802973966,95.0735338426,102.289098985218,True
XLV,2008-04-15T00:00:00.000Z,22.8419649414,0.02808221729667726,95.2952590959,102.23569895540251,True
XLV,2008-04-16T00:00:00.000Z,22.9657893687,0.002253178704295422,97.8771862028,102.195032424289,True
XLV,2008-04-17T00:00:00.000Z,22.8201135719,0.008987008312774547,98.0202270705,102.150289025573,True
XLV,2008-04-18T00:00:00.000Z,23.0386272672,0.017368928919824,99.0429796098,102.108721408713,True
XLV,2008-04-21T00:00:00.000Z,22.9657893687,0.000952380951376508,99.093049671,102.06796792589901,True
XLV,2008-04-22T00:00:00.000Z,22.725424304,-0.011406844107456293,98.6567677649,102.02221415713652,True
XLV,2008-04-23T00:00:00.000Z,22.7982622024,0.0015999999997751146,98.499419735,101.97525078311149,True
XLV,2008-04-24T00:00:00.000Z,22.8711001008,-0.0003183699484543556,98.9285530664,101.93811451336649,True
XLV,2008-04-25T00:00:00.000Z,23.1697354843,0.015320778807626612,99.8440276369,101.901785358738,True
XLV,2008-04-28T00:00:00.000Z,23.3081274913,0.026628168110109485,99.8654833737,101.85710690639252,True
XLV,2008-04-29T00:00:00.000Z,23.0531948468,-0.0006315124731501864,99.4721129412,101.808840729357,True
XLV,2008-04-30T00:00:00.000Z,22.9293704195,0.0009538950705356708,98.8856315798,101.757712631255,True
XLV,2008-05-01T00:00:00.000Z,23.3372626506,0.022009569376657767,100.9311466713,101.7170940022425,True
XLV,2008-05-02T00:00:00.000Z,23.3445464405,0.014240506331478775,101.2100805474,101.67885664213351,True
XLV,2008-05-05T00:00:00.000Z,23.2789923319,0.0,100.7237393084,101.63607340530251,True
XLV,2008-05-06T00:00:00.000Z,23.2352895929,0.001569858712492378,101.5963024053,101.60318503284648,True
XLV,2008-05-07T00:00:00.000Z,23.0313434773,-0.0025236593047777145,99.7868090011,101.5595931061605,True
XLV,2008-05-08T00:00:00.000Z,23.0094921078,-0.01126760563478335,99.529331577,101.52412175007301,True
XLV,2008-05-09T00:00:00.000Z,22.9220866297,-0.0019029495698311694,99.3433685075,101.48662827516901,True
XLV,2008-05-12T00:00:00.000Z,23.0968975859,0.01019432940369902,100.4591133097,101.467363174196,True
XLV,2008-05-13T00:00:00.000Z,22.8783838907,0.0015943877592594635,100.4734097437,101.45842319048398,True
XLV,2008-05-14T00:00:00.000Z,23.0677624265,0.0044402156687450844,100.6808278348,101.44252175129098,True
XLV,2008-05-15T00:00:00.000Z,23.002208318,0.007979572298195237,101.9396027765,101.43876334753399,True
XLV,2008-05-16T00:00:00.000Z,23.089613796,0.0022130888359215284,102.0325843113,101.4329681362,True
XLV,2008-05-19T00:00:00.000Z,23.2352895929,0.011734855696591051,102.3115174722,101.42444495356202,True
XLV,2008-05-20T00:00:00.000Z,23.1697354843,0.019551282051169183,101.4818651337,101.425163132578,True
XLV,2008-05-21T00:00:00.000Z,22.9657893687,0.007348242809593009,99.7653532643,101.408806904787,True
XLV,2008-05-22T00:00:00.000Z,23.2134382233,0.014968152865022288,99.7796504135,101.38702538491002,True
XLV,2008-05-23T00:00:00.000Z,22.8346811516,-0.014460861364905653,98.4422010992,101.3512980459515,True
XLV,2008-05-27T00:00:00.000Z,22.9293704195,-0.01625000000284771,99.1717240435,101.334863037739,True
XLV,2008-05-28T00:00:00.000Z,22.90751905,-0.006319115322977464,99.6294609712,101.32311272194652,True
XLV,2008-05-29T00:00:00.000Z,23.4028167592,0.02064803049705044,100.1301093724,101.31203342411851,True
XLV,2008-05-30T00:00:00.000Z,23.36639781,0.0012484394522271902,100.3804389371,101.3100281303645,True
XLV,2008-06-02T00:00:00.000Z,23.089613796,-0.010920436820212709,99.3433685075,101.309778948659,True
XLV,2008-06-03T00:00:00.000Z,23.2425733827,-0.0015644555692426731,98.7640457337,101.30289811003,True
XLV,2008-06-04T00:00:00.000Z,23.2498571725,0.0006269592441168204,98.7139864007,101.28657042138501,True
XLV,2008-06-05T00:00:00.000Z,23.4538032881,0.018342821000276732,100.6879764094,101.28035936173401,True
XLV,2008-06-06T00:00:00.000Z,22.8856676805,-0.005381449826005746,97.4766564675,101.25706988464499,True
XLV,2008-06-09T00:00:00.000Z,22.7618432532,-0.006990784874374212,97.71267887,101.228899954473,True
XLV,2008-06-10T00:00:00.000Z,22.543329558,-0.023967202774364704,97.226337631,101.1987563485705,True
XLV,2008-06-11T00:00:00.000Z,22.3175320729,-0.02451448583428939,95.7959074971,101.1550829150655,True
XLV,2008-06-12T00:00:00.000Z,22.128153537,-0.040732554468334015,96.1606636052,101.11809582330599,True
XLV,2008-06-13T00:00:00.000Z,22.4777754494,-0.022799240027298384,97.3765270734,101.0985692056525,True
XLV,2008-06-16T00:00:00.000Z,22.5506133478,-0.023343848578938786,97.4337457091,101.0693922072535,True
XLV,2008-06-17T00:00:00.000Z,22.4923430291,-0.03197492163071736,96.9617116323,101.03922923204749,True
XLV,2008-06-18T00:00:00.000Z,22.2374103846,-0.040238918581170235,96.0176227375,100.999271846795,True
XLV,2008-06-19T00:00:00.000Z,22.266545544,-0.030447193147778218,96.1392078684,100.95467222841451,True
XLV,2008-06-20T00:00:00.000Z,21.9550906904,-0.05420771885644071,94.5866361662,100.9068552044145,True
XLV,2008-06-23T00:00:00.000Z,22.1160946888,-0.03146908240274027,94.4931817245,100.85737284793801,True
XLV,2008-06-24T00:00:00.000Z,22.196596688,-0.03195786530958655,94.3062836237,100.81421457346751,True
XLV,2008-06-25T00:00:00.000Z,22.4454210492,-0.020172328561263386,94.7519694056,100.77427138028301,True
XLV,2008-06-26T00:00:00.000Z,21.9916825082,-0.06029762423556395,92.1784753982,100.715470584853,True
XLV,2008-06-27T00:00:00.000Z,22.1380497795,-0.05256899418079353,91.6752806836,100.652814889808,True
XLV,2008-06-30T00:00:00.000Z,22.3795557771,-0.030752269187932835,91.9987672619,100.5881120703405,True
XLV,2008-07-01T00:00:00.000Z,22.3795557771,-0.03713089731459629,92.2863097688,100.52488223446652,True
XLV,2008-07-02T00:00:00.000Z,22.2258701423,-0.04404272347148763,90.7048302937,100.45656382478151,True
XLV,2008-07-03T00:00:00.000Z,22.3210088686,-0.04829896480264073,90.7982797035,100.373349839753,True
XLV,2008-07-07T00:00:00.000Z,22.1746415973,-0.031068618714840346,89.8709590363,100.282328048452,True
XLV,2008-07-08T00:00:00.000Z,22.7601106824,-7.611733288581668e-05,91.4668126895,100.20309100135799,True
XLV,2008-07-09T00:00:00.000Z,22.8698861358,0.014485729668274105,89.7056257969,100.11360785419251,True
XLV,2008-07-10T00:00:00.000Z,22.9942983164,0.030324421234809718,90.0722420979,100.02694905403399,True
XLV,2008-07-11T00:00:00.000Z,22.5551965026,0.019298626290076726,89.0227121632,99.93610468879649,True
XLV,2008-07-14T00:00:00.000Z,22.7088821374,0.010281564050688585,88.2176007636,99.83840255867699,True
XLV,2008-07-15T00:00:00.000Z,22.8186575909,0.011886339363188503,86.9739834825,99.731296141472,True
XLV,2008-07-16T00:00:00.000Z,22.9796615893,0.02166597581983898,89.1089766405,99.636670194571,True
XLV,2008-07-17T00:00:00.000Z,23.2065308598,0.04358063544445545,90.0003525175,99.540411899399,True
XLV,2008-07-18T00:00:00.000Z,23.1992124962,0.04188646821560171,90.5610619156,99.4477006277805,True
XLV,2008-07-21T00:00:00.000Z,22.7893841366,0.03799999999839665,90.6113816028,99.35633842041702,True
XLV,2008-07-22T00:00:00.000Z,23.1040737699,0.044672402383967524,91.6393409253,99.269266332786,True
XLV,2008-07-23T00:00:00.000Z,23.2065308598,0.04549950544202108,92.1353456755,99.1781956105855,True
XLV,2008-07-24T00:00:00.000Z,23.1845757691,0.03293120312957298,90.2232004404,99.080502573951,True
XLV,2008-07-25T00:00:00.000Z,23.3236246768,0.06056572379595604,90.2016355791,98.97753298132652,True
XLV,2008-07-28T00:00:00.000Z,23.1333472241,0.0449586776845019,88.8789437851,98.86887037614099,True
XLV,2008-07-29T00:00:00.000Z,23.3675348582,0.04414650098242601,90.7767148422,98.7723518111755,True
XLV,2008-07-30T00:00:00.000Z,23.3602164946,0.043819489862415795,92.3941333567,98.68087572318449,True
XLV,2008-07-31T00:00:00.000Z,23.3821715853,0.052025024694054345,91.1720859689,98.5879625485205,True
XLV,2008-08-01T00:00:00.000Z,23.2065308598,0.039672131148413614,90.6904561157,98.4969957137215,True
XLV,2008-08-04T00:00:00.000Z,23.404126676,0.05544554455616124,89.849394175,98.40015964978652,True
XLV,2008-08-05T00:00:00.000Z,24.1652364866,0.06173633440572668,92.27192984,98.31741879518049,True
XLV,2008-08-06T00:00:00.000Z,24.2603752129,0.060800000001896004,92.6816701128,98.250958447347,True
XLV,2008-08-07T00:00:00.000Z,23.9676406704,0.04232972629157361,91.3014794501,98.1745171493775,True
XLV,2008-08-08T00:00:00.000Z,24.3701506664,0.08046722907471837,92.9979667267,98.102239179884,True
XLV,2008-08-11T00:00:00.000Z,24.4140608477,0.07508862391300575,93.9612379349,98.03576883193351,True
XLV,2008-08-12T00:00:00.000Z,24.3774690299,0.0683130211665759,92.9835975806,97.963135793443,True
XLV,2008-08-13T00:00:00.000Z,24.3701506664,0.06050955414188741,92.4228932144,97.88139759775099,True
XLV,2008-08-14T00:00:00.000Z,24.3774690299,0.050457268997857074,93.1201702434,97.8013402260465,True
XLV,2008-08-15T00:00:00.000Z,24.5970199368,0.06025236592961747,93.5730510217,97.72733534685449,True
XLV,2008-08-18T00:00:00.000Z,24.3628323028,0.06904303147328261,92.2934939824,97.64130370456651,True
XLV,2008-08-19T00:00:00.000Z,24.2018283044,0.047513462146669294,91.2870995212,97.563055764887,True
XLV,2008-08-20T00:00:00.000Z,24.0554610331,0.03658152002247661,91.7112254738,97.48632662013298,True
XLV,2008-08-21T00:00:00.000Z,23.9749590339,0.034090909088507315,91.8693737807,97.41445947923751,True
XLV,2008-08-22T00:00:00.000Z,24.3481955757,0.043928459366744166,93.1992447563,97.34209038096951,True
XLV,2008-08-25T00:00:00.000Z,23.9749590339,0.03638089212283213,91.3086643826,97.2749958172225,True
XLV,2008-08-26T00:00:00.000Z,23.9895957611,0.026620732853286366,91.5746413093,97.211886323043,True
XLV,2008-08-27T00:00:00.000Z,23.9456855797,0.02506265664255891,92.4660229371,97.1603850527935,True
XLV,2008-08-28T00:00:00.000Z,24.157918123,0.033176838809432896,93.5874309506,97.11958878476551,True
XLV,2008-08-29T00:00:00.000Z,23.923730489,0.030905077261780045,92.5810307386,97.0582542179605,True
XLV,2008-09-02T00:00:00.000Z,23.8651835805,0.01969981238277918,92.0059521943,96.9954957736925,True
XLV,2008-09-03T00:00:00.000Z,23.9310488525,-0.009691096308114489,91.9268776814,96.93988269977451,True
XLV,2008-09-04T00:00:00.000Z,23.3455797675,-0.03770739064718087,89.1592963277,96.86954665744301,True
XLV,2008-09-05T00:00:00.000Z,23.3089879496,-0.02748091603415259,89.4396481513,96.80779906770451,True
XLV,2008-09-08T00:00:00.000Z,23.7041795821,-0.027327327328271256,91.2870995212,96.752173303665,True
XLV,2008-09-09T00:00:00.000Z,23.3163063132,-0.04496402877620498,88.5770271001,96.6934763286355,True
XLV,2008-09-10T00:00:00.000Z,23.3163063132,-0.0435304713298349,88.9364534367,96.62790283868749,True
XLV,2008-09-11T00:00:00.000Z,23.6163592193,-0.030930930933442236,90.2232004404,96.580021096201,True
XLV,2008-09-12T00:00:00.000Z,23.6529510371,-0.029720804563892478,90.6401306777,96.52848877004051,True
XLV,2008-09-15T00:00:00.000Z,23.1699390419,-0.05801844689180902,86.327014639,96.439247346367,True
XLV,2008-09-16T00:00:00.000Z,22.9137963172,-0.05947732051800336,87.7719099497,96.357053429401,True
XLV,2008-09-17T00:00:00.000Z,22.3210088686,-0.07771394012650101,83.8254109308,96.2498874134605,True
XLV,2008-09-18T00:00:00.000Z,22.8040208638,-0.05202312138512044,86.312640461,96.1586270257615,True
XLV,2008-09-19T00:00:00.000Z,23.0180171327,-0.03991422466444716,89.7206656326,96.0890798610825,True
XLV,2008-09-22T00:00:00.000Z,22.4519400586,-0.07788074114997257,87.6894417127,96.0007029833065,True
XLV,2008-09-23T00:00:00.000Z,22.1358190951,-0.07671086887779455,85.6943677314,95.89480999624949,True
XLV,2008-09-24T00:00:00.000Z,22.4666433592,-0.06348387096916086,85.9690501593,95.790396621649,True
XLV,2008-09-25T00:00:00.000Z,22.7974676233,-0.04795093264623018,87.3135596966,95.688563713318,True
XLV,2008-09-26T00:00:00.000Z,22.8709841265,-0.05327172606296526,87.3569287801,95.60171047155849,True
XLV,2008-09-29T00:00:00.000Z,21.8711596838,-0.08579643572492857,80.511498771,95.4754613516105,True
XLV,2008-09-30T00:00:00.000Z,22.3857752057,-0.0619902365221614,83.8438573618,95.366971490435,True
XLV,2008-10-01T00:00:00.000Z,22.4004785064,-0.06395751208121847,83.8944571559,95.26542569426451,True
XLV,2008-10-02T00:00:00.000Z,22.1284674447,-0.052134593996863265,80.8512409685,95.1560983031105,True
XLV,2008-10-03T00:00:00.000Z,21.9079179353,-0.060108573453702574,79.7597296788,95.0384457628595,True
XLV,2008-10-06T00:00:00.000Z,20.8860385417,-0.11888793833337707,75.6972926818,94.9004810376235,True
XLV,2008-10-07T00:00:00.000Z,20.2537966147,-0.1313462628841099,72.3071050321,94.742308354367,True
XLV,2008-10-08T00:00:00.000Z,19.8274008965,-0.14963370998110603,70.4855146134,94.5675740413865,True
XLV,2008-10-09T00:00:00.000Z,18.5629170425,-0.2139805771869432,65.5628738884,94.364311900393,True
XLV,2008-10-10T00:00:00.000Z,17.9086201646,-0.2428589508129423,63.9725968141,94.151959539977,True
XLV,2008-10-13T00:00:00.000Z,20.4596428235,-0.11697468057636062,73.2612718549,93.99274107625351,True
XLV,2008-10-14T00:00:00.000Z,20.0405987556,-0.1253915990971458,72.176990553,93.82941793629399,True
XLV,2008-10-15T00:00:00.000Z,18.7099500488,-0.16177847699706105,65.0713330315,93.6344455631235,True
XLV,2008-10-16T00:00:00.000Z,19.628906338,-0.13923485444798478,67.7820362863,93.4575819926085,True
XLV,2008-10-17T00:00:00.000Z,19.4157084789,-0.15649952092017794,67.3772393793,93.2789435235875,True
XLV,2008-10-20T00:00:00.000Z,20.1582251606,-0.10216110019950886,71.4252221837,93.13317864315651,True
XLV,2008-10-21T00:00:00.000Z,19.9156207003,-0.1002989040189376,69.2928044584,92.977178713291,True
XLV,2008-10-22T00:00:00.000Z,19.0481259632,-0.1521596858660299,65.519504082,92.8104262895455,True
XLV,2008-10-23T00:00:00.000Z,19.0481259632,-0.16446307642819114,66.2785031619,92.6422730765295,True
XLV,2008-10-24T00:00:00.000Z,19.0260710123,-0.16811314689974366,62.9172304031,92.4540394305605,True
XLV,2008-10-27T00:00:00.000Z,18.0850597721,-0.17310924369979197,60.6836080297,92.2586946767255,True
XLV,2008-10-28T00:00:00.000Z,20.1361702097,-0.10049261083561634,67.7748113586,92.09478450196701,True
XLV,2008-10-29T00:00:00.000Z,18.8716863557,-0.15753199868885814,67.2832705017,91.939484427808,True
XLV,2008-10-30T00:00:00.000Z,19.7465327431,-0.10764119600928335,69.6108617527,91.80005726350899,True
XLV,2008-10-31T00:00:00.000Z,19.9597306022,-0.08892617449332807,69.9939737565,91.6751793337975,True
XLV,2008-11-03T00:00:00.000Z,19.8750395905,-0.04840549102605041,70.19637221,91.556188905188,True
XLV,2008-11-04T00:00:00.000Z,20.1361702097,-0.005807622503458343,72.5817932429,91.45389433433851,True
XLV,2008-11-05T00:00:00.000Z,19.511279933,-0.015943641082871385,69.5313470677,91.32517296793151,True
XLV,2008-11-06T00:00:00.000Z,19.2319172211,0.036039603962476185,65.678533452,91.1731660994365,True
XLV,2008-11-07T00:00:00.000Z,19.4304117796,0.0849753694596822,67.8470960558,91.03894170486001,True
XLV,2008-11-10T00:00:00.000Z,19.2907304236,-0.057132590729168875,66.9579824968,90.89244238694899,True
XLV,2008-11-11T00:00:00.000Z,18.9452028588,-0.05465884079406125,64.8906194812,90.7332218758825,True
XLV,2008-11-12T00:00:00.000Z,18.526158791,-0.009823182708699307,62.0353475546,90.5632837837445,True
XLV,2008-11-13T00:00:00.000Z,19.5186315833,-0.005617977527689222,65.9026160858,90.403927471031,True
XLV,2008-11-14T00:00:00.000Z,18.7761149016,-0.032942067398420094,62.6136330842,90.22026131777798,True
XLV,2008-11-17T00:00:00.000Z,18.4526422878,-0.0846097738869207,61.782349307,90.0387021781125,True
XLV,2008-11-18T00:00:00.000Z,18.5776203432,-0.06718346253098928,62.946145294,89.87609391839,True
XLV,2008-11-19T00:00:00.000Z,17.8277520111,-0.06406792744114043,58.9126174051,89.69716150718651,True
XLV,2008-11-20T00:00:00.000Z,17.3204881395,-0.0906985719769865,54.5393473187,89.493231056005,True
XLV,2008-11-21T00:00:00.000Z,17.3425430904,-0.08848531684821481,57.4813639179,89.3070711875595,True
XLV,2008-11-24T00:00:00.000Z,17.6880706552,-0.02195121950951129,61.4642920128,89.1384060150785,True
XLV,2008-11-25T00:00:00.000Z,17.8056970602,-0.11573566995263906,61.9196937738,88.96760494819249,True
XLV,2008-11-26T00:00:00.000Z,18.0850597721,-0.041682898325745454,64.3123390115,88.8038560286685,True
XLV,2008-11-28T00:00:00.000Z,18.3203125822,-0.07222635889829132,65.1219321027,88.6484255981975,True
XLV,2008-12-01T00:00:00.000Z,17.379301342,-0.12928176795710755,59.3535591907,88.4642600629645,True
XLV,2008-12-02T00:00:00.000Z,17.8277520111,-0.10300797490630287,61.6377755754,88.290163256008,True
XLV,2008-12-03T00:00:00.000Z,18.2541477293,-0.09346476816596394,63.1196288566,88.122052225386,True
XLV,2008-12-04T00:00:00.000Z,17.9086201646,-0.08214016578632433,61.6594655385,87.95066181574099,True
XLV,2008-12-05T00:00:00.000Z,18.5188071406,-0.03707951070617255,63.5605699193,87.78582313467699,True
XLV,2008-12-08T00:00:00.000Z,18.6658401469,-0.03934922436912658,65.7797323173,87.62599472935199,True
XLV,2008-12-09T00:00:00.000Z,18.3717741344,-0.047637195120189046,64.6954510154,87.45707937915851,True
XLV,2008-12-10T00:00:00.000Z,18.3203125822,-0.0329840900230709,65.136392801,87.2908669668915,True
XLV,2008-12-11T00:00:00.000Z,18.4305873369,-0.005158730159779745,63.5677999071,87.12161596256499,True
XLV,2008-12-12T00:00:00.000Z,18.4673455884,-0.053860640302236695,64.326793927,86.96701416024399,True
XLV,2008-12-15T00:00:00.000Z,18.4305873369,-0.018402505870400043,63.4304561631,86.80906950315449,True
XLV,2008-12-16T00:00:00.000Z,19.1584007179,0.03824701195051161,66.4158418459,86.66786673375151,True
XLV,2008-12-17T00:00:00.000Z,19.0407743129,0.02493074791839689,65.7725023296,86.52045790345201,True
XLV,2008-12-18T00:00:00.000Z,19.1804556689,0.07587628866262963,64.543652356,86.37676265413349,True
XLV,2008-12-19T00:00:00.000Z,19.2965161724,0.11408616298715035,64.2684913985,86.236495919056,True
XLV,2008-12-22T00:00:00.000Z,19.1633857427,0.10499282849168368,63.4450006319,86.09819726639651,True
XLV,2008-12-23T00:00:00.000Z,19.1707818777,0.08382549184719079,62.7891297244,85.940248856466,True
XLV,2008-12-24T00:00:00.000Z,19.1042166628,0.07292719842473905,63.15350488,85.78853522552299,True
XLV,2008-12-26T00:00:00.000Z,19.1190089328,0.057171453881235346,63.5178800356,85.6376114494865,True
XLV,2008-12-29T00:00:00.000Z,19.0894243928,0.0419813694307416,63.3356924578,85.4930366189145,True
XLV,2008-12-30T00:00:00.000Z,19.459231142,0.11967856239269525,64.8369159125,85.36062989841349,True
XLV,2008-12-31T00:00:00.000Z,19.6367383816,0.10147024534409499,65.7624266214,85.2138824346085,True
XLV,2009-01-02T00:00:00.000Z,20.0361296708,0.09762065958520294,67.7446281965,85.08882552859899,True
XLV,2009-01-05T00:00:00.000Z,19.939979916,0.11342916052323182,67.6644649335,84.9548198159035,True
XLV,2009-01-06T00:00:00.000Z,19.6145499767,0.05916919096250717,68.1162923127,84.8136324047965,True
XLV,2009-01-07T00:00:00.000Z,19.4370427371,0.04131625386967008,66.0757892552,84.66177757072799,True
XLV,2009-01-08T00:00:00.000Z,19.5479847618,0.0640227023691533,66.3454290566,84.51717149215351,True
XLV,2009-01-09T00:00:00.000Z,19.3408929823,0.05570758662118003,64.9243623061,84.366962024315,True
XLV,2009-01-12T00:00:00.000Z,19.0894243928,0.03574693762368275,63.364837369,84.21349656177051,True
XLV,2009-01-13T00:00:00.000Z,19.2521393625,0.04249629543906708,63.4814403337,84.05896909793898,True
XLV,2009-01-14T00:00:00.000Z,18.9784823681,0.02972748622628285,61.4846659387,83.877864772579,True
XLV,2009-01-15T00:00:00.000Z,19.1116127978,-0.0024421620984410586,61.5065277193,83.6965479236465,True
XLV,2009-01-16T00:00:00.000Z,19.2743277674,0.012265964117949002,61.9875000096,83.516420084856,True
XLV,2009-01-20T00:00:00.000Z,18.8083712635,-0.01939914316025937,58.71541257,83.32046819871101,True
XLV,2009-01-21T00:00:00.000Z,19.2077625526,-0.0045994633957266995,61.2514658391,83.13694622502949,True
XLV,2009-01-22T00:00:00.000Z,19.2891200374,0.006561173290992928,60.3040882483,82.949188013941,True
XLV,2009-01-23T00:00:00.000Z,19.2891200374,0.006172839504144267,60.5664390891,82.766281889518,True
XLV,2009-01-26T00:00:00.000Z,19.1855741476,0.004258614013649797,60.9818260377,82.5847732383725,True
XLV,2009-01-27T00:00:00.000Z,19.5849654368,0.024371373309032718,61.6012630735,82.4158026077135,True
XLV,2009-01-28T00:00:00.000Z,19.8882069711,0.04184424641956608,63.6854889634,82.2588623833175,True
XLV,2009-01-29T00:00:00.000Z,19.6071538417,0.007601672369301982,61.6158409947,82.0904652928115,True
XLV,2009-01-30T00:00:00.000Z,19.4000620622,-0.012052730692881819,60.3623897307,81.90289131045101,True
XLV,2009-02-02T00:00:00.000Z,19.5257963569,-0.025470653378918073,60.1802021529,81.713691185863,True
XLV,2009-02-03T00:00:00.000Z,20.0287335358,0.004451038575459476,61.0255495989,81.52360403580849,True
XLV,2009-02-04T00:00:00.000Z,19.939979916,0.016591251886307612,60.7267648863,81.331772611885,True
XLV,2009-02-05T00:00:00.000Z,20.1100910206,0.03462709284552501,61.6304138147,81.146640842134,True
XLV,2009-02-06T00:00:00.000Z,20.2728059902,0.03707907680675193,63.3867042508,80.97107726471299,True
XLV,2009-02-09T00:00:00.000Z,20.2136369104,0.04512428298417759,63.4741506444,80.793805252603,True
XLV,2009-02-10T00:00:00.000Z,19.5405886269,0.023634250295685444,60.5664390891,80.597417309864,True
XLV,2009-02-11T00:00:00.000Z,19.7846610813,0.02766039185428215,60.9235245553,80.402707515772,True
XLV,2009-02-12T00:00:00.000Z,20.0139412658,0.05455962587611607,60.9672539465,80.2101832207985,True
XLV,2009-02-13T00:00:00.000Z,19.7106997315,0.03134674922720104,60.311377209,80.0173119489445,True
XLV,2009-02-17T00:00:00.000Z,19.3704775222,0.004988488105023725,57.7316003787,79.80131421748149,True
XLV,2009-02-18T00:00:00.000Z,19.3630813872,0.029492725123758445,57.5931363621,79.583229496555,True
XLV,2009-02-19T00:00:00.000Z,19.3261007123,0.0061609549459982205,56.9736993264,79.364479296645,True
XLV,2009-02-20T00:00:00.000Z,19.1264050678,-0.008435582819978804,56.4198476324,79.1385970227805,True
XLV,2009-02-23T00:00:00.000Z,18.7492021836,-0.027990797545618618,54.4012121855,78.9116690387025,True
XLV,2009-02-24T00:00:00.000Z,19.022859178,-0.00848111025232745,56.4635762948,78.6963402622915,True
XLV,2009-02-25T00:00:00.000Z,18.6382601588,-0.04833836858456475,56.019038605,78.47971861277901,True
XLV,2009-02-26T00:00:00.000Z,17.7063471509,-0.10970621048797957,55.108100716,78.2529635498105,True
XLV,2009-02-27T00:00:00.000Z,16.9963181925,-0.13315729913065422,53.8765105039,78.0199790536115,True
XLV,2009-03-02T00:00:00.000Z,16.2641008291,-0.1616469691202822,51.4497705103,77.773823766989,True
XLV,2009-03-03T00:00:00.000Z,16.2271201542,-0.1689393939384355,51.0635343029,77.51944342462099,True
XLV,2009-03-04T00:00:00.000Z,16.6930766581,-0.1665435745968531,52.2732620056,77.2706468130925,True
XLV,2009-03-05T00:00:00.000Z,16.2493085591,-0.1850890207737157,50.1380235939,77.009779343701,True
XLV,2009-03-06T00:00:00.000Z,16.4859848786,-0.18021331371835192,50.2254699875,76.75349736797,True
XLV,2009-03-09T00:00:00.000Z,16.1827433443,-0.20175118569561412,49.6351844217,76.502846523757,True
XLV,2009-03-10T00:00:00.000Z,16.767038008,-0.17050859860981826,52.5939084988,76.2669178141835,True
XLV,2009-03-11T00:00:00.000Z,16.4637964736,-0.15745647237383742,52.9364218738,76.0393889180565,True
XLV,2009-03-12T00:00:00.000Z,17.2699751869,-0.12710280373601257,55.0206484924,75.818633540301,True
XLV,2009-03-13T00:00:00.000Z,17.8468737156,-0.10827790096012235,55.450608261,75.59773927675,True
XLV,2009-03-16T00:00:00.000Z,17.654574206,-0.10431519700003711,55.2829993332,75.373503726554,True
XLV,2009-03-17T00:00:00.000Z,17.9282312004,-0.07445589919748141,56.9736993264,75.1564700285005,True
XLV,2009-03-18T00:00:00.000Z,17.9578157403,-0.07257448433950986,58.2490123709,74.95099824781751,True
XLV,2009-03-19T00:00:00.000Z,17.5214437763,-0.0933792575577046,57.5275510203,74.7448157742505,True
XLV,2009-03-20T00:00:00.000Z,17.5260565534,-0.08367220649813834,56.3115779274,74.532803731884,True
XLV,2009-03-23T00:00:00.000Z,18.1660739052,-0.031101498223218504,60.356381878,74.331145759227,True
XLV,2009-03-24T00:00:00.000Z,17.9279279139,-0.05755871154039205,59.1671637008,74.1395982953935,True
XLV,2009-03-25T00:00:00.000Z,18.0470009096,-0.03172287778807714,59.7911343116,73.94999057260151,True
XLV,2009-03-26T00:00:00.000Z,18.2479365898,0.030587304896056322,61.0097165802,73.7689074673475,True
XLV,2009-03-27T00:00:00.000Z,18.0544429718,0.06225611731409697,59.9085906775,73.5894708832495,True
XLV,2009-03-30T00:00:00.000Z,17.9502541006,0.10367331641741351,57.8384739806,73.3978599351265,True
XLV,2009-03-31T00:00:00.000Z,18.0172326606,0.11031609363764239,58.3743523169,73.202849061344,True
XLV,2009-04-01T00:00:00.000Z,18.0097905984,0.07887784662278463,59.504842311,73.0132045443535,True
XLV,2009-04-02T00:00:00.000Z,18.0842112207,0.11292189171781142,61.2446227053,72.83461909971851,True
XLV,2009-04-03T00:00:00.000Z,17.7865287315,0.07888784700926177,61.8539138396,72.663800555229,True
XLV,2009-04-06T00:00:00.000Z,17.9576961628,0.1096818246904463,61.3694155061,72.4899515934175,True
XLV,2009-04-07T00:00:00.000Z,17.7567604826,0.059027866110148874,59.937954769,72.3167081864315,True
XLV,2009-04-08T00:00:00.000Z,17.8758334782,0.08576618441950679,60.5839464297,72.1471620099575,True
XLV,2009-04-09T00:00:00.000Z,17.9576961628,0.03982176977426488,62.9917410027,71.99058929685249,True
XLV,2009-04-13T00:00:00.000Z,18.0990953452,0.014132538483730528,63.0064256177,71.831861577913,True
XLV,2009-04-14T00:00:00.000Z,18.0172326606,0.020541897548384425,61.9199784575,71.6805690932095,True
XLV,2009-04-15T00:00:00.000Z,18.1214215319,0.010775760828859227,62.5806554672,71.5350959671275,True
XLV,2009-04-16T00:00:00.000Z,18.2032842164,0.013669172222829706,63.4982603861,71.39259343274851,True
XLV,2009-04-17T00:00:00.000Z,18.4116619589,0.05080735320477059,63.9240305366,71.2507820365875,True
XLV,2009-04-20T00:00:00.000Z,18.0544429718,0.030148619958520806,61.2446227053,71.1034809986455,True
XLV,2009-04-21T00:00:00.000Z,17.8832755405,-0.015567390410046178,62.4411780514,70.961695490385,True
XLV,2009-04-22T00:00:00.000Z,17.6897819225,-0.01328352013371037,62.0594566074,70.8226379782405,True
XLV,2009-04-23T00:00:00.000Z,17.7046660469,-0.018969072169653156,62.6687477417,70.6786476535015,True
XLV,2009-04-24T00:00:00.000Z,17.6823398602,-0.030995106039339748,63.615716752,70.548198108277,True
XLV,2009-04-27T00:00:00.000Z,17.8758334782,-0.009892827703351315,63.0137620526,70.41290570805049,True
XLV,2009-04-28T00:00:00.000Z,17.9428120383,-0.0004145937020327839,62.8155623265,70.281869958867,True
XLV,2009-04-29T00:00:00.000Z,18.0097905984,-0.00041305245595657514,64.1515943543,70.16153992682051,True
XLV,2009-04-30T00:00:00.000Z,17.9949064739,-0.0008264462831301111,64.1736161382,70.047538090099,True
XLV,2009-05-01T00:00:00.000Z,17.965138225,-0.006584362140368172,64.5186363218,69.92458638850549,True
XLV,2009-05-04T00:00:00.000Z,18.2628207142,0.026778242673989983,66.7135458196,69.808152355016,True
XLV,2009-05-05T00:00:00.000Z,18.4711984567,0.028595109820586995,66.485982002,69.687776955448,True
XLV,2009-05-06T00:00:00.000Z,18.3595675232,0.03394803017085768,67.638493046,69.572912512664,True
XLV,2009-05-07T00:00:00.000Z,18.7316706348,0.04787676936259855,66.6988670772,69.4482101434235,True
XLV,2009-05-08T00:00:00.000Z,19.0442372485,0.0605055946959836,68.2551264878,69.328809047485,True
XLV,2009-05-11T00:00:00.000Z,18.7167865103,0.03412828947076729,66.9778167703,69.2125821291345,True
XLV,2009-05-12T00:00:00.000Z,19.0219110618,0.055762081787233964,66.7796163101,69.0954720327895,True
XLV,2009-05-13T00:00:00.000Z,18.9772586884,0.047227926075966264,65.0985633646,68.976570130687,True
XLV,2009-05-14T00:00:00.000Z,18.9995848751,0.043744889616269544,65.6564686235,68.85096889959351,True
XLV,2009-05-15T00:00:00.000Z,18.8507436305,0.023848019400972698,65.1205851486,68.71460115855301,True
XLV,2009-05-18T00:00:00.000Z,19.0367951862,0.05441055234627701,66.9704796014,68.59359312671549,True
XLV,2009-05-19T00:00:00.000Z,18.8953960039,0.056595921765443036,66.8897303685,68.47458949797951,True
XLV,2009-05-20T00:00:00.000Z,18.9698166262,0.07236011779613283,66.441938434,68.35755221927451,True
XLV,2009-05-21T00:00:00.000Z,18.7986491949,0.061790668352739164,65.4876271161,68.223630705655,True
XLV,2009-05-22T00:00:00.000Z,18.8209753816,0.06439393939955207,65.3481497003,68.08696310359251,True
XLV,2009-05-26T00:00:00.000Z,18.9921428129,0.06244796003841513,67.0218654768,67.965565033726,True
XLV,2009-05-27T00:00:00.000Z,18.7986491949,0.04769805060506482,65.8253049922,67.8297017250535,True
XLV,2009-05-28T00:00:00.000Z,18.8953960039,0.04917355372131205,66.7429099111,67.6936100849345,True
XLV,2009-05-29T00:00:00.000Z,19.222846742,0.06823821340116543,67.9247857807,67.568316025935,True
XLV,2009-06-01T00:00:00.000Z,19.3493617999,0.07705053852431454,69.5691323271,67.4540472214985,True
XLV,2009-06-02T00:00:00.000Z,19.4684347956,0.06601466992788207,69.627859776,67.33658566916151,True
XLV,2009-06-03T00:00:00.000Z,19.4237824222,0.051571313455000434,68.7469619902,67.212455224004,True
XLV,2009-06-04T00:00:00.000Z,19.1558681819,0.043372517228075225,69.3929536509,67.0979525223465,True
XLV,2009-06-05T00:00:00.000Z,19.1930784931,0.024632499006404185,69.4076382659,66.98855521607,True
XLV,2009-06-08T00:00:00.000Z,18.9847007506,-0.003126221182982336,69.1213462653,66.8756058200275,True
XLV,2009-06-09T00:00:00.000Z,18.8879539416,0.009145129224282345,69.4737028837,66.7636274655425,True
XLV,2009-06-10T00:00:00.000Z,18.8060912571,-0.011345852895580655,69.2975249416,66.644118866469,True
XLV,2009-06-11T00:00:00.000Z,19.0070269373,0.0015686274497694885,69.6058387261,66.53560473818649,True
XLV,2009-06-12T00:00:00.000Z,19.0740054974,0.0039169604383060275,69.7967020174,66.426715041727,True
XLV,2009-06-15T00:00:00.000Z,18.4860825812,-0.019344650611553882,68.1963990389,66.305366922236,True
XLV,2009-06-16T00:00:00.000Z,18.5605032035,-0.025019546517224045,67.2714510784,66.17378702287499,True
XLV,2009-06-17T00:00:00.000Z,18.9847007506,0.004726270181454106,67.2053864606,66.046908801485,True
XLV,2009-06-18T00:00:00.000Z,19.3493617999,0.0200078462105846,67.697221229,65.9253651466585,True
XLV,2009-06-19T00:00:00.000Z,19.5053399822,0.0375926365758088,67.945481075,65.8054581636265,True
XLV,2009-06-22T00:00:00.000Z,19.1538250362,0.01768503745695371,65.9080010487,65.6892016872315,True
XLV,2009-06-23T00:00:00.000Z,19.093992705,0.005362738323072325,65.9596754911,65.5718018239305,True
XLV,2009-06-24T00:00:00.000Z,19.1912202433,0.020882939211744,66.5281061689,65.44800685716899,True
XLV,2009-06-25T00:00:00.000Z,19.722232183,0.0437586054787813,67.9750104878,65.3449967741075,True
XLV,2009-06-26T00:00:00.000Z,19.722232183,0.025978745380562662,67.7978340107,65.2393036769775,True
XLV,2009-06-29T00:00:00.000Z,19.8418968454,0.02545484706904122,68.4327012536,65.1303511810435,True
XLV,2009-06-30T00:00:00.000Z,19.6773579345,0.010731378310249173,67.8790386042,65.01654572067599,True
XLV,2009-07-01T00:00:00.000Z,19.7297112244,0.01575021772537699,68.1595647043,64.9257084710025,True
XLV,2009-07-02T00:00:00.000Z,19.2585316159,0.005359372544492924,66.2992552494,64.818345197501,True
XLV,2009-07-06T00:00:00.000Z,19.408112444,0.01120372383082291,66.2918767718,64.730677526706,True
XLV,2009-07-07T00:00:00.000Z,19.3333220299,0.01836327492752199,65.0073757341,64.6241512030715,True
XLV,2009-07-08T00:00:00.000Z,19.5128190236,0.0330827300792893,64.9630841985,64.50036329590101,True
XLV,2009-07-09T00:00:00.000Z,19.2660106573,0.024455874105490327,65.0885795893,64.387358985284,True
XLV,2009-07-10T00:00:00.000Z,19.1762621604,0.008903824025623175,64.9335547857,64.2835549205555,True
XLV,2009-07-13T00:00:00.000Z,19.5128190236,0.02300584039675413,66.5133381405,64.18627636046149,True
XLV,2009-07-14T00:00:00.000Z,19.6025675205,0.060395972721415836,66.8898309567,64.084157716762,True
XLV,2009-07-15T00:00:00.000Z,19.7745854728,0.06541214190092948,68.8461063896,63.9916036048095,True
XLV,2009-07-16T00:00:00.000Z,19.9017291767,0.04830354916555746,68.7353731215,63.932722976562,True
XLV,2009-07-17T00:00:00.000Z,19.8418968454,0.02545484706904122,69.4883513718,63.86094544661201,True
XLV,2009-07-20T00:00:00.000Z,19.8867710938,0.019555214723151915,70.2265682377,63.792606002021,True
XLV,2009-07-21T00:00:00.000Z,20.1784537086,0.05349472862279403,70.5513858733,63.741106726545006,True
XLV,2009-07-22T00:00:00.000Z,20.1036632946,0.05287896592395813,70.5366237507,63.6949911969045,True
XLV,2009-07-23T00:00:00.000Z,20.5075315304,0.06858924395698862,72.0942620759,63.676976043875,True
XLV,2009-07-24T00:00:00.000Z,20.8665255178,0.05802047781317321,72.389544393,63.677388240679505,True
XLV,2009-07-27T00:00:00.000Z,20.851567435,0.05726204019509806,72.6036272841,63.687978804033,True
XLV,2009-07-28T00:00:00.000Z,20.9936692217,0.058047493406207185,72.264048264,63.721484675911,True
XLV,2009-07-29T00:00:00.000Z,20.9787111389,0.06613454960426135,72.0868784308,63.762056083994494,True
XLV,2009-07-30T00:00:00.000Z,21.0086273045,0.06482183472195713,72.8398566812,63.75994900812601,True
XLV,2009-07-31T00:00:00.000Z,20.8440883936,0.0823300970875136,72.9432070424,63.763780090573,True
XLV,2009-08-03T00:00:00.000Z,20.9712320975,0.0805394990373336,74.1465020102,63.8091559354665,True
XLV,2009-08-04T00:00:00.000Z,21.0235853873,0.08742746615330343,74.3384383954,63.841937946012,True
XLV,2009-08-05T00:00:00.000Z,20.7244237311,0.062092755846021586,74.1243555043,63.875673526637,True
XLV,2009-08-06T00:00:00.000Z,20.574842903,0.06793478260659414,73.740482734,63.8872498293885,True
XLV,2009-08-07T00:00:00.000Z,20.6645913999,0.07761310452740267,74.7075468283,63.914323541238,True
XLV,2009-08-10T00:00:00.000Z,20.8291303108,0.06745879647671482,74.5525212865,63.9594886272605,True
XLV,2009-08-11T00:00:00.000Z,20.7992141452,0.06104540251926549,73.6223680355,63.99620795162849,True
XLV,2009-08-12T00:00:00.000Z,20.9113997662,0.05748865355300081,74.412260082,64.053683100023,True
XLV,2009-08-13T00:00:00.000Z,20.888962642,0.04960541149639419,74.9806870687,64.12516849521799,True
XLV,2009-08-14T00:00:00.000Z,20.888962642,0.052770448549264604,74.4048779133,64.1583188279915,True
XLV,2009-08-17T00:00:00.000Z,20.8066931866,0.04625799173033163,72.5741000859,64.1847729759125,True
XLV,2009-08-18T00:00:00.000Z,20.7917351038,0.030392883620146804,73.1499092413,64.2024682133555,True
XLV,2009-08-19T00:00:00.000Z,21.0834177185,0.04873511904485439,73.7921579146,64.221459134146,True
XLV,2009-08-20T00:00:00.000Z,21.2329985466,0.035375638219772076,74.5525212865,64.2432398795285,True
XLV,2009-08-21T00:00:00.000Z,21.4498907473,0.027956989245879305,76.0141906809,64.2604018667185,True
XLV,2009-08-24T00:00:00.000Z,21.5994715754,0.03586800573776627,76.0068085123,64.2927791739415,True
XLV,2009-08-25T00:00:00.000Z,21.5994715754,0.028856430350622908,76.1544518855,64.34515876610901,True
XLV,2009-08-26T00:00:00.000Z,21.6069506168,0.02994652406148446,76.1618340541,64.3867324561005,True
XLV,2009-08-27T00:00:00.000Z,21.5994715754,0.028123887502799594,76.3316239333,64.433600663283,True
XLV,2009-08-28T00:00:00.000Z,21.4424117059,0.02870470039283224,76.316859596,64.490731863857,True
XLV,2009-08-31T00:00:00.000Z,21.4050164989,0.0206847360890976,75.6377000793,64.5587436264805,True
XLV,2009-09-01T00:00:00.000Z,21.0609805943,0.0017787264308679607,73.9693299624,64.5990771958635,True
XLV,2009-09-02T00:00:00.000Z,21.1058548427,0.018404907974720164,73.6888075534,64.65445306820949,True
XLV,2009-09-03T00:00:00.000Z,21.0086273045,0.0210832424599825,74.3015275521,64.717048959435,True
XLV,2009-09-04T00:00:00.000Z,21.3077889606,0.031125588125740178,75.342413333,64.77903029963,True
XLV,2009-09-08T00:00:00.000Z,21.2105614224,0.01831238779096922,75.992044175,64.86442743347949,True
XLV,2009-09-09T00:00:00.000Z,21.4573697887,0.03164329377568742,76.575235499,64.974606874381,True
XLV,2009-09-10T00:00:00.000Z,21.6219086996,0.03397711015732319,77.3577453769,65.073988781676,True
XLV,2009-09-11T00:00:00.000Z,21.629387741,0.03544575724939425,77.3429810396,65.15338222681,True
XLV,2009-09-14T00:00:00.000Z,21.7116571965,0.039384174724208965,77.7194716412,65.232381116147,True
XLV,2009-09-15T00:00:00.000Z,21.51720212,0.034148094895616765,78.0442870622,65.3010408564005,True
XLV,2009-09-16T00:00:00.000Z,21.7116571965,0.04424460431548449,79.2254340476,65.371558366125,True
XLV,2009-09-17T00:00:00.000Z,21.6966991137,0.029088329197303864,79.107319349,65.47032716691649,True
XLV,2009-09-18T00:00:00.000Z,21.6048340481,0.017512152166540673,79.1577617075,65.557927097577,True
XLV,2009-09-21T00:00:00.000Z,21.8151731835,0.01702957094296531,78.9574937571,65.6371164220795,True
XLV,2009-09-22T00:00:00.000Z,21.7475641757,0.0068563066361615466,79.4173683098,65.725905935936,True
XLV,2009-09-23T00:00:00.000Z,21.4395675846,-0.007403143648297306,78.7572258068,65.80188921537349,True
XLV,2009-09-24T00:00:00.000Z,21.4170312487,-0.00878973490837398,77.889398022,65.86243754389699,True
XLV,2009-09-25T00:00:00.000Z,21.4320554726,-0.007750935119666291,77.4740274583,65.9263304261115,True
XLV,2009-09-28T00:00:00.000Z,21.6649309439,0.010377528472637954,78.8610684477,65.994953804345,True
XLV,2009-09-29T00:00:00.000Z,21.6949793918,0.01354649238018113,78.6237138399,66.07023337400899,True
XLV,2009-09-30T00:00:00.000Z,21.5372250403,0.022612643502881058,78.3196032486,66.140197420617,True
XLV,2009-10-01T00:00:00.000Z,21.2292284492,0.0058454683508197824,76.3762623971,66.204926451787,True
XLV,2009-10-02T00:00:00.000Z,21.1465952175,0.006567202654427895,76.0202304854,66.2529483949845,True
XLV,2009-10-05T00:00:00.000Z,21.2818132331,-0.0012190719341190759,77.155082204,66.30986129435651,True
XLV,2009-10-06T00:00:00.000Z,21.4545918085,0.011505135636922903,78.2602645967,66.37844435556,True
XLV,2009-10-07T00:00:00.000Z,21.4696160325,0.0005707243674595297,78.47536721,66.4494787346175,True
XLV,2009-10-08T00:00:00.000Z,21.4921523684,-0.00600115063858353,79.076171061,66.527634586763,True
XLV,2009-10-09T00:00:00.000Z,21.6949793918,0.0030325246181457377,79.5582976082,66.611480426182,True
XLV,2009-10-12T00:00:00.000Z,21.8001489595,0.0040757719320598795,79.8698255309,66.6950620294365,True
XLV,2009-10-13T00:00:00.000Z,21.5898098241,0.0033744026614181966,79.7066442381,66.776005850449,True
XLV,2009-10-14T00:00:00.000Z,21.9203427512,0.0096116824621586,81.0788505645,66.8647216409825,True
XLV,2009-10-15T00:00:00.000Z,21.980439647,0.01307758990494734,81.3755438243,66.94741478054151,True
XLV,2009-10-16T00:00:00.000Z,21.965415423,0.016689847008184433,80.7673226418,67.0224392606435,True
XLV,2009-10-19T00:00:00.000Z,22.1532182225,0.01549586776857148,81.4348824762,67.090890532042,True
XLV,2009-10-20T00:00:00.000Z,21.9428790871,0.008981001726080073,81.0046772496,67.1575915936225,True
XLV,2009-10-21T00:00:00.000Z,21.653662776,0.009985984584585772,80.2777787631,67.2183990258745,True
XLV,2009-10-22T00:00:00.000Z,21.7926368475,0.01753770606385041,81.0936852275,67.293488505736,True
XLV,2009-10-23T00:00:00.000Z,21.5672734882,0.00630914826498441,80.1665187907,67.3625939544065,True
XLV,2009-10-26T00:00:00.000Z,21.3343980169,-0.015256588071104193,79.2986910059,67.4344655979055,True
XLV,2009-10-27T00:00:00.000Z,21.4245433606,-0.012465373961231596,78.9352417627,67.512317619874,True
XLV,2009-10-28T00:00:00.000Z,21.2066921133,-0.015347052667254668,77.4443581323,67.582132208867,True
XLV,2009-10-29T00:00:00.000Z,21.3944949127,0.0077848549180894455,79.105840387,67.6702380811085,True
XLV,2009-10-30T00:00:00.000Z,21.0864983216,-0.0028419182985195413,76.8138849553,67.74677486728851,True
XLV,2009-11-02T00:00:00.000Z,21.1766436654,-0.00494175785437434,77.3776021488,67.8237253779845,True
XLV,2009-11-03T00:00:00.000Z,21.1841557773,-0.012605042016826218,77.6223740882,67.9182601855755,True
XLV,2009-11-04T00:00:00.000Z,21.4545918085,-0.0006997900650509425,77.8226420385,68.0011160665725,True
XLV,2009-11-05T00:00:00.000Z,21.8076610715,0.014680181756197452,79.2541870169,68.0958665604155,True
XLV,2009-11-06T00:00:00.000Z,21.9053185272,0.009695290859759842,79.4618722988,68.190343726464,True
XLV,2009-11-09T00:00:00.000Z,22.2734120141,0.021709166092361176,81.2717011834,68.2917931021925,True
XLV,2009-11-10T00:00:00.000Z,22.4236542537,0.038622129439473074,81.2865358464,68.39021946605699,True
XLV,2009-11-11T00:00:00.000Z,22.4537027016,0.02433173406336464,81.70190641,68.48030155329,True
XLV,2009-11-12T00:00:00.000Z,22.325996798,0.015721120985273895,80.8711652827,68.57657817473,True
XLV,2009-11-13T00:00:00.000Z,22.3710694698,0.0184678522572006,81.3087878408,68.6813101652805,True
XLV,2009-11-16T00:00:00.000Z,22.5964328292,0.02000678196045791,82.4881435484,68.792849872258,True
XLV,2009-11-17T00:00:00.000Z,22.656529725,0.03252310852496776,82.5845688579,68.90064496855301,True
XLV,2009-11-18T00:00:00.000Z,22.7842356286,0.05221162185332817,82.5326475374,69.0096743818085,True
XLV,2009-11-19T00:00:00.000Z,22.6715539489,0.0403309203723472,81.4571344707,69.1088079850885,True
XLV,2009-11-20T00:00:00.000Z,22.8293083005,0.05851619644877637,81.1678585424,69.1977137565465,True
XLV,2009-11-23T00:00:00.000Z,23.0396474359,0.07992957746683049,82.1988676202,69.2913373414255,True
XLV,2009-11-24T00:00:00.000Z,23.2199381233,0.08380084151533196,82.3249622556,69.400129957258,True
XLV,2009-11-25T00:00:00.000Z,23.3626682509,0.1016648955000321,82.6142381838,69.5085835254005,True
XLV,2009-11-27T00:00:00.000Z,23.1297927796,0.08110955056339786,81.2717011834,69.610105761585,True
XLV,2009-11-30T00:00:00.000Z,23.0471595478,0.09298183113654246,81.5461424487,69.7162795877835,True
XLV,2009-12-01T00:00:00.000Z,23.4528135946,0.10748492372844609,82.5548995319,69.8403960835495,True
XLV,2009-12-02T00:00:00.000Z,23.4002288108,0.10460992908080136,82.5178128744,69.965019466111,True
XLV,2009-12-03T00:00:00.000Z,23.2875471311,0.08543417367063633,81.8725050344,70.089513494651,True
XLV,2009-12-04T00:00:00.000Z,23.2725229072,0.06717189114858346,82.3397969186,70.219113241082,True
XLV,2009-12-07T00:00:00.000Z,23.2424744593,0.061042524008023236,82.2137022831,70.35817569157,True
XLV,2009-12-08T00:00:00.000Z,23.0621837718,0.03541315345851248,81.3013705093,70.4823646626425,True
XLV,2009-12-09T00:00:00.000Z,23.2574986832,0.03718592964669942,81.6054811006,70.6102968751205,True
XLV,2009-12-10T00:00:00.000Z,23.4978862665,0.04650384744007474,82.0653556533,70.745083149807,True
XLV,2009-12-11T00:00:00.000Z,23.4978862665,0.05248990578575108,82.4139702335,70.887770448455,True
XLV,2009-12-14T00:00:00.000Z,23.7157375139,0.06010745467109846,82.9776874271,71.04541003303899,True
XLV,2009-12-15T00:00:00.000Z,23.7232496258,0.04986702127354725,82.5919861894,71.2030522924715,True
XLV,2009-12-16T00:00:00.000Z,23.6030558342,0.04177718832887156,82.7180808248,71.3552763865675,True
XLV,2009-12-17T00:00:00.000Z,23.3852045868,0.026376524891869924,81.7241584045,71.5132070606205,True
XLV,2009-12-18T00:00:00.000Z,23.5139696982,0.037157388999392804,82.1841738865,71.6730005801155,True
XLV,2009-12-21T00:00:00.000Z,23.7330204921,0.03958561423344609,83.019363749,71.839921476752,True
XLV,2009-12-22T00:00:00.000Z,23.8387691512,0.03468463297987889,83.3176458428,71.993540163472,True
XLV,2009-12-23T00:00:00.000Z,23.7632343947,0.023397834590042743,83.4817009944,72.146266559075,True
XLV,2009-12-24T00:00:00.000Z,23.7632343947,0.017145564860065576,83.8769247686,72.290547940456,True
XLV,2009-12-28T00:00:00.000Z,23.8840900051,0.03261149949277864,84.0558940249,72.4335743692755,True
XLV,2009-12-29T00:00:00.000Z,23.8538761025,0.03500286241464434,83.9365811874,72.57684227854651,True
XLV,2009-12-30T00:00:00.000Z,23.7858948216,0.014202186260359406,83.906752978,72.71150754680451,True
XLV,2009-12-31T00:00:00.000Z,23.4686488443,0.002923904464917859,83.1013913248,72.83576944157399,True
XLV,2010-01-04T00:00:00.000Z,23.8765365294,0.025292032474876658,84.5107742179,72.970685557562,True
XLV,2010-01-05T00:00:00.000Z,23.6423787843,0.01589238427543127,84.7344857882,73.11280009686601,True
XLV,2010-01-06T00:00:00.000Z,23.8840900051,0.02760530282279272,84.794142207,73.234988898511,True
XLV,2010-01-07T00:00:00.000Z,23.9671782372,0.039241490500418585,85.1520807195,73.3649134836045,True
XLV,2010-01-08T00:00:00.000Z,24.0049456155,0.03213788991160582,85.4354487086,73.4931350555895,True
XLV,2010-01-11T00:00:00.000Z,24.1409081772,0.027365095881697776,85.5547615461,73.615860280419,True
XLV,2010-01-12T00:00:00.000Z,23.9671782372,0.01997166746734358,84.7568569453,73.74010161175799,True
XLV,2010-01-13T00:00:00.000Z,24.2844242145,0.023979296459436972,85.4727339703,73.8782729117065,True
XLV,2010-01-14T00:00:00.000Z,24.5034750084,0.032888638567941886,85.703902593,74.01492066308701,True
XLV,2010-01-15T00:00:00.000Z,24.3372985441,0.031107951235539222,84.7419428406,74.141106165735,True
XLV,2010-01-19T00:00:00.000Z,24.9264696448,0.06590770041284921,85.8008442735,74.263887273576,True
XLV,2010-01-20T00:00:00.000Z,24.7149723266,0.051076132350886594,84.9283691492,74.379259550124,True
XLV,2010-01-21T00:00:00.000Z,24.1786755554,0.018777848502189,83.2952746858,74.4888888460225,True
XLV,2010-01-22T00:00:00.000Z,23.9143039077,0.0031685678073776202,81.438468652,74.5963914154375,True
XLV,2010-01-25T00:00:00.000Z,23.9143039077,0.006357279084605372,81.8560635833,74.7027520012055,True
XLV,2010-01-26T00:00:00.000Z,23.778341346,0.0006357279084605594,81.5130391755,74.7953584920695,True
XLV,2010-01-27T00:00:00.000Z,23.9445178103,0.0025300442757960617,81.9008058974,74.889830393468,True
XLV,2010-01-28T00:00:00.000Z,23.7934482973,-0.002533248891724793,80.961217302,74.9850365876905,True
XLV,2010-01-29T00:00:00.000Z,23.627271833,-0.006668783738838169,80.0812851254,75.0725397359815,True
XLV,2010-02-01T00:00:00.000Z,23.7632343947,0.012552301257494403,81.3266128669,75.16168149838549,True
XLV,2010-02-02T00:00:00.000Z,24.2542103119,0.015817779183968206,82.3109437763,75.25361606458401,True
XLV,2010-02-03T00:00:00.000Z,23.929410859,0.012140575079975013,81.9008058974,75.35689698054449,True
XLV,2010-02-04T00:00:00.000Z,23.325132807,-0.023402909551113127,79.3728651527,75.441555416051,True
XLV,2010-02-05T00:00:00.000Z,23.2873654287,-0.028364323983907536,79.5369203042,75.52894273453501,True
XLV,2010-02-08T00:00:00.000Z,23.174063294,-0.03461296412867099,78.9627272737,75.61041263219501,True
XLV,2010-02-09T00:00:00.000Z,23.3553467096,-0.032540675845075584,79.9545152355,75.69210662461249,True
XLV,2010-02-10T00:00:00.000Z,23.2118306722,-0.031515915537674966,79.7979171363,75.77602740003101,True
XLV,2010-02-11T00:00:00.000Z,23.3704536609,-0.03763608086924608,80.6331069989,75.865115123393,True
XLV,2010-02-12T00:00:00.000Z,23.3175793313,-0.04839704069294104,80.5659935278,75.94718711926049,True
XLV,2010-02-16T00:00:00.000Z,23.5215231739,-0.03351955307290122,81.8336924263,76.035487500701,True
XLV,2010-02-17T00:00:00.000Z,23.7028065895,-0.04909090909130298,82.2214591482,76.124001614833,True
XLV,2010-02-18T00:00:00.000Z,23.8161087242,-0.036369193156351676,82.7061675506,76.203964723488,True
XLV,2010-02-19T00:00:00.000Z,23.8161087242,-0.014995313964541235,82.8776797545,76.2859232122505,True
XLV,2010-02-22T00:00:00.000Z,23.7481274434,-0.006948831332970196,82.8925938592,76.3621937163165,True
XLV,2010-02-23T00:00:00.000Z,23.5215231739,-0.01642451042338433,81.8858917927,76.438128839894,True
XLV,2010-02-24T00:00:00.000Z,23.6952531138,-0.003494282085995004,82.6390540795,76.51004847785251,True
XLV,2010-02-25T00:00:00.000Z,23.7103600651,-0.009779179812895333,82.5271982943,76.5877953854725,True
XLV,2010-02-26T00:00:00.000Z,23.7179135408,-0.0031746031746298087,82.5793976607,76.6667942922255,True
XLV,2010-03-01T00:00:00.000Z,23.9445178103,0.01342710997453822,83.4369586803,76.758486268804,True
XLV,2010-03-02T00:00:00.000Z,24.0276060424,0.01112523839595525,83.668127303,76.8485445622015,True
XLV,2010-03-03T00:00:00.000Z,23.929410859,-0.013391466830838916,83.7426978264,76.9416551255905,True
XLV,2010-03-04T00:00:00.000Z,23.8538761025,-0.0031565656565920586,83.9962376061,77.026783915614,True
XLV,2010-03-05T00:00:00.000Z,24.1862290311,0.0369170984459124,85.1968230336,77.11831937893949,True
XLV,2010-03-08T00:00:00.000Z,24.0427129937,0.0324359390207829,85.2117371383,77.21216837246101,True
XLV,2010-03-09T00:00:00.000Z,24.0276060424,0.036831812253701246,85.3534211328,77.31149734254451,True
XLV,2010-03-10T00:00:00.000Z,24.0427129937,0.029430789131358326,85.7337308024,77.413425248055,True
XLV,2010-03-11T00:00:00.000Z,24.231549885,0.04393101204297856,86.0916693149,77.5087742672455,True
XLV,2010-03-12T00:00:00.000Z,24.0502664694,0.029088558500572015,86.0991263672,77.6101433741205,True
XLV,2010-03-15T00:00:00.000Z,24.208889458,0.03822481373542774,86.1214975243,77.7070363121865,True
XLV,2010-03-16T00:00:00.000Z,24.2768707389,0.032113037893657825,86.8075463399,77.8014501149825,True
XLV,2010-03-17T00:00:00.000Z,24.2844242145,0.024537922241564702,87.3220829517,77.89021486810549,True
XLV,2010-03-18T00:00:00.000Z,24.4506006788,0.02664129400598858,87.2773406376,77.9784622724135,True
XLV,2010-03-19T00:00:00.000Z,24.4415591685,0.026261655568630582,86.8376579173,78.068915752049,True
XLV,2010-03-22T00:00:00.000Z,24.6007135073,0.03590119119631674,87.3019102921,78.158460535255,True
XLV,2010-03-23T00:00:00.000Z,24.7219739558,0.0510362689110222,87.9159214975,78.251001951413,True
XLV,2010-03-24T00:00:00.000Z,24.4567167246,0.03213570275628452,87.4891088304,78.3428407642385,True
XLV,2010-03-25T00:00:00.000Z,24.3581926101,0.02732276284380708,87.3468379413,78.4322064395265,True
XLV,2010-03-26T00:00:00.000Z,24.1763019372,0.01932667456652415,87.2944223506,78.5221909265715,True
XLV,2010-03-29T00:00:00.000Z,24.4339803904,0.020441530039475353,87.8485300238,78.61340438306,True
XLV,2010-03-30T00:00:00.000Z,24.4339803904,0.016912810509831733,87.908433556,78.70396304075301,True
XLV,2010-03-31T00:00:00.000Z,24.350613832,0.01760189481813268,87.6089158948,78.8010256250325,True
XLV,2010-04-01T00:00:00.000Z,24.4870318367,0.02654309645440156,88.2079512172,78.9057081257265,True
XLV,2010-04-05T00:00:00.000Z,24.4188228344,0.009616786602033578,88.926793604,79.0143151614435,True
XLV,2010-04-06T00:00:00.000Z,24.4036652783,0.01501295983920703,89.1364559668,79.1215113351325,True
XLV,2010-04-07T00:00:00.000Z,24.2975623858,0.011235257600096471,88.6272759428,79.2249203094715,True
XLV,2010-04-08T00:00:00.000Z,24.2066170493,0.006817203018766982,88.9342815456,79.34005171195601,True
XLV,2010-04-09T00:00:00.000Z,24.3127199419,0.0033497674430740254,89.5183409849,79.457845039425,True
XLV,2010-04-12T00:00:00.000Z,24.2445109395,0.008076603656227421,89.6606118739,79.57350756795,True
XLV,2010-04-13T00:00:00.000Z,24.2672472736,0.002410594492624041,89.7280033477,79.6822725322495,True
XLV,2010-04-14T00:00:00.000Z,24.1838807152,-0.0038303957993646165,90.7463633957,79.79701517917451,True
XLV,2010-04-15T00:00:00.000Z,24.1156717129,-0.006949001553812395,90.821242811,79.9089578869615,True
XLV,2010-04-16T00:00:00.000Z,23.9716749302,-0.019587483959658147,89.3760700958,80.0164430444195,True
XLV,2010-04-19T00:00:00.000Z,24.1687231592,-0.011162790696741975,89.7130274646,80.124210358221,True
XLV,2010-04-20T00:00:00.000Z,24.2217746054,-0.015403573631616596,90.5142372083,80.2452852680155,True
XLV,2010-04-21T00:00:00.000Z,23.7973630354,-0.03740036786921208,90.3495024946,80.3655733966295,True
XLV,2010-04-22T00:00:00.000Z,23.524527026,-0.03811589712131502,90.6190683897,80.4936318599075,True
XLV,2010-04-23T00:00:00.000Z,23.7594691452,-0.024579962663229038,91.2106157705,80.62486951776751,True
XLV,2010-04-26T00:00:00.000Z,23.50936947,-0.02758620689518254,90.8661704602,80.753757472122,True
XLV,2010-04-27T00:00:00.000Z,23.2365334606,-0.0490074441686329,88.7171312412,80.8726753543995,True
XLV,2010-04-28T00:00:00.000Z,23.3881090214,-0.0428039702205425,89.3910459788,80.987063893591,True
XLV,2010-04-29T00:00:00.000Z,23.7064176989,-0.026455026454135555,90.4992613252,81.1051110454335,True
XLV,2010-04-30T00:00:00.000Z,23.4032665774,-0.04425874342498737,88.9642333117,81.205701680044,True
XLV,2010-05-03T00:00:00.000Z,23.516948248,-0.036933581627427436,90.1173763072,81.3126116959725,True
XLV,2010-05-04T00:00:00.000Z,23.3805302433,-0.04192546584015733,87.9982888544,81.40516138338549,True
XLV,2010-05-05T00:00:00.000Z,23.4563180237,-0.03462258265840035,87.4741329473,81.4913992069335,True
XLV,2010-05-06T00:00:00.000Z,22.8272794467,-0.05698184094831571,84.5688131315,81.5614863432245,True
XLV,2010-05-07T00:00:00.000Z,22.5241283252,-0.0735660847891223,83.3108374569,81.62535741175549,True
XLV,2010-05-10T00:00:00.000Z,23.1304305681,-0.045951859956263386,86.9799288064,81.699785745408,True
XLV,2010-05-11T00:00:00.000Z,23.0849578999,-0.04871955027986197,86.7328267359,81.7715021571225,True
XLV,2010-05-12T00:00:00.000Z,23.2744273508,-0.037605766217180925,87.9458732637,81.84821338702051,True
XLV,2010-05-13T00:00:00.000Z,23.0243276756,-0.045254556882867836,86.8526338004,81.92115631470251,True
XLV,2010-05-14T00:00:00.000Z,22.7135977761,-0.052481821056026834,85.2801660792,81.9871227529445,True
XLV,2010-05-17T00:00:00.000Z,22.7135977761,-0.060206961431725325,85.3250937283,82.04954893818,True
XLV,2010-05-18T00:00:00.000Z,22.5317071032,-0.06977471839834637,84.1644627913,82.1056552169245,True
XLV,2010-05-19T00:00:00.000Z,22.478655657,-0.05541401273907298,83.6852345334,82.1533488795405,True
XLV,2010-05-20T00:00:00.000Z,21.7738292996,-0.07442010308921743,80.525323208,82.1842833036035,True
XLV,2010-05-21T00:00:00.000Z,21.8268807458,-0.08133971291990882,81.7009300281,82.22216617622249,True
XLV,2010-05-24T00:00:00.000Z,21.7738292996,-0.07382333978011191,80.652618214,82.2567268536225,True
XLV,2010-05-25T00:00:00.000Z,21.6828839631,-0.06686236138167412,80.7349855708,82.286864047335,True
XLV,2010-05-26T00:00:00.000Z,21.5464659584,-0.07874270901144276,80.2482693714,82.3153427877595,True
XLV,2010-05-27T00:00:00.000Z,21.9860350846,-0.07257033247920153,82.9364403804,82.36191314948401,True
XLV,2010-05-28T00:00:00.000Z,21.8799321921,-0.06509067357165643,81.8956165078,82.399329931613,True
XLV,2010-06-01T00:00:00.000Z,21.6374112949,-0.07992265549420696,80.5178352664,82.4270156726015,True
XLV,2010-06-02T00:00:00.000Z,22.1072955332,-0.05445705024011871,82.6144588947,82.46806357750849,True
XLV,2010-06-03T00:00:00.000Z,22.2361347598,-0.05201938610600099,82.8990006728,82.51968808044299,True
XLV,2010-06-04T00:00:00.000Z,21.5843598486,-0.05444887118511543,79.9861914178,82.5538694913255,True
XLV,2010-06-07T00:00:00.000Z,21.5540447365,-0.04306864064589211,78.9902951944,82.5798601777245,True
XLV,2010-06-08T00:00:00.000Z,21.6070961827,-0.06585845347387886,79.8364325872,82.60627973422801,True
XLV,2010-06-09T00:00:00.000Z,21.5085720683,-0.06828627708291501,79.4096199201,82.623256880424,True
XLV,2010-06-10T00:00:00.000Z,21.9178260822,-0.05828720286659894,81.7308817942,82.65187724683351,True
XLV,2010-06-11T00:00:00.000Z,22.0997167551,-0.04015799868414194,82.1277426953,82.6817437008825,True
XLV,2010-06-14T00:00:00.000Z,22.1376106453,-0.02535869202571117,82.0004476893,82.71093676905849,True
XLV,2010-06-15T00:00:00.000Z,22.5165495472,-0.008675342006246978,83.8649451301,82.74860337504249,True
XLV,2010-06-16T00:00:00.000Z,22.5999161056,0.003027245209942908,83.834993364,82.7861940438825,True
XLV,2010-06-17T00:00:00.000Z,22.6302312177,0.006743088332900271,83.9697763115,82.8278544250435,True
XLV,2010-06-18T00:00:00.000Z,22.5099181164,0.033806125999781056,84.0605900664,82.8783107255635,True
XLV,2010-06-21T00:00:00.000Z,22.4718302685,0.029548405482725748,83.819836564,82.92896587061648,True
XLV,2010-06-22T00:00:00.000Z,22.2509207506,0.021911233179767953,82.4355039253,82.9696357524825,True
XLV,2010-06-23T00:00:00.000Z,22.1595099156,0.021981667812783767,82.179703329,83.00382220246249,True
XLV,2010-06-24T00:00:00.000Z,21.9995409543,0.0210278101650061,80.8179413312,83.02795168824349,True
XLV,2010-06-25T00:00:00.000Z,22.0985693589,0.005118443314903187,81.1565009439,83.05085801546798,True
XLV,2010-06-28T00:00:00.000Z,22.060481511,0.00825182259774948,80.9007003476,83.06857279032148,True
XLV,2010-06-29T00:00:00.000Z,21.6567503231,0.0008937773533266302,78.4028827604,83.07387229892551,True
XLV,2010-06-30T00:00:00.000Z,21.4815462227,-0.028305104509969037,77.6580516124,83.07356519878151,True
XLV,2010-07-01T00:00:00.000Z,21.2987245527,-0.042157066289898126,77.3119684527,83.069903605734,True
XLV,2010-07-02T00:00:00.000Z,21.3520475398,-0.010762992760939616,76.8906498235,83.0582296846135,True
XLV,2010-07-06T00:00:00.000Z,21.458693514,-0.004423820385717647,77.3947274692,83.04966672521451,True
XLV,2010-07-07T00:00:00.000Z,21.877659841,0.01252198148294581,79.8323566808,83.05303970008099,True
XLV,2010-07-08T00:00:00.000Z,22.060481511,0.025659975982943894,80.6223291105,83.061363876848,True
XLV,2010-07-09T00:00:00.000Z,22.1138044981,0.008941507938104998,81.2242128664,83.070398099631,True
XLV,2010-07-12T00:00:00.000Z,22.0757166502,-0.0010859915159076028,81.2768776951,83.0829963590725,True
XLV,2010-07-13T00:00:00.000Z,22.243303181,0.004774342515706076,82.5032158478,83.10606544820149,True
XLV,2010-07-14T00:00:00.000Z,22.243303181,-0.012135356957210908,82.4956923009,83.1311737724145,True
XLV,2010-07-15T00:00:00.000Z,22.3118613072,-0.012745834854166582,82.5182629417,83.1494597448845,True
XLV,2010-07-16T00:00:00.000Z,21.8471895627,-0.03460157554146215,80.246151763,83.1575719345,True
XLV,2010-07-19T00:00:00.000Z,21.9462179673,-0.025042301184085902,80.7201352208,83.169574594361,True
XLV,2010-07-20T00:00:00.000Z,21.8852774106,-0.026101694917222806,81.6154373078,83.1957704689145,True
XLV,2010-07-21T00:00:00.000Z,21.5272516402,-0.03252310852711504,80.5546171879,83.21844240242699,True
XLV,2010-07-22T00:00:00.000Z,21.6643678927,-0.02234444826559223,82.3527449089,83.24443071595151,True
XLV,2010-07-23T00:00:00.000Z,21.6567503231,-0.015581717450926957,83.0674818691,83.26846680231351,True
XLV,2010-07-26T00:00:00.000Z,21.969070676,-0.005860048259089923,83.9326897682,83.2957534151045,True
XLV,2010-07-27T00:00:00.000Z,21.9919233848,-0.003107734804691953,83.9251662213,83.31999839090601,True
XLV,2010-07-28T00:00:00.000Z,21.694838171,0.0017587055921024497,83.3834708409,83.33912425706949,True
XLV,2010-07-29T00:00:00.000Z,21.6796030319,0.009219858158567185,82.9771993057,83.3546611259435,True
XLV,2010-07-30T00:00:00.000Z,21.7633962973,0.021816881262079812,82.9621522118,83.37093866581199,True
XLV,2010-08-02T00:00:00.000Z,22.1747450547,0.03853014627128859,84.8355154022,83.38972199000051,True
XLV,2010-08-03T00:00:00.000Z,22.3575667247,0.0418885338994921,84.4292438669,83.4049904902135,True
XLV,2010-08-04T00:00:00.000Z,22.5784762426,0.03203342618421323,84.9935098881,83.42612142644501,True
XLV,2010-08-05T00:00:00.000Z,22.5860938122,0.023825966851082514,84.9032273247,83.44346315068749,True
XLV,2010-08-06T00:00:00.000Z,22.6317992297,0.02342404409175769,84.557144165,83.46122548526449,True
XLV,2010-08-09T00:00:00.000Z,22.6927397863,0.027950310555123314,85.008556982,83.484879376359,True
XLV,2010-08-10T00:00:00.000Z,22.7460627734,0.022602739723902587,84.5496206181,83.50215905331201,True
XLV,2010-08-11T00:00:00.000Z,22.1595099156,-0.003767123287317098,82.2323681577,83.512488300147,True
XLV,2010-08-12T00:00:00.000Z,22.2509207506,-0.002731307610823852,81.728290512,83.5246362976775,True
XLV,2010-08-13T00:00:00.000Z,22.1671274852,0.01464435146597709,81.4875370097,83.53739777391249,True
XLV,2010-08-16T00:00:00.000Z,22.0528639414,0.0048594238086443475,81.4499192749,83.5574255796255,True
XLV,2010-08-17T00:00:00.000Z,22.3575667247,0.02158022972426421,82.4505510192,83.5741491327865,True
XLV,2010-08-18T00:00:00.000Z,22.3270964464,0.037154989385935755,82.6010219582,83.60308481780099,True
XLV,2010-08-19T00:00:00.000Z,21.9157476889,0.011603375526350268,81.1640244908,83.62201692951099,True
XLV,2010-08-20T00:00:00.000Z,21.8395719931,0.008441786845785337,80.9007003476,83.638408560808,True
XLV,2010-08-23T00:00:00.000Z,21.9386003977,-0.001386962550641191,80.5922349227,83.652256525229,True
XLV,2010-08-24T00:00:00.000Z,21.4663110836,-0.02390024246643574,79.3959909577,83.652965544933,True
XLV,2010-08-25T00:00:00.000Z,21.6796030319,-0.0007022471880138159,79.7044563826,83.654178465352,True
XLV,2010-08-26T00:00:00.000Z,21.5424867794,-0.006324666198834095,79.1702845492,83.643671382181,True
XLV,2010-08-27T00:00:00.000Z,21.7633962973,0.0,80.396622702,83.639221816459,True
XLV,2010-08-30T00:00:00.000Z,21.4891637923,-0.030917210579369803,79.2304729248,83.626864649033,True
XLV,2010-08-31T00:00:00.000Z,21.4053705269,-0.04258943781874258,79.2304729248,83.61866118724349,True
XLV,2010-09-01T00:00:00.000Z,21.9005125498,-0.030026990551331068,81.6003902139,83.620119199109,True
XLV,2010-09-02T00:00:00.000Z,22.0147760935,-0.025295109612597177,82.3602684558,83.619479823646,True
XLV,2010-09-03T00:00:00.000Z,22.2204504722,-0.018175698419955144,83.4286121226,83.62370003996949,True
XLV,2010-09-07T00:00:00.000Z,22.0909517893,-0.026518966095196217,82.4881687539,83.623477646052,True
XLV,2010-09-08T00:00:00.000Z,22.2128329027,-0.0234427327494926,83.0674818691,83.631529383044,True
XLV,2010-09-09T00:00:00.000Z,22.4489775597,0.013062908214238833,83.4511827635,83.64294600414951,True
XLV,2010-09-10T00:00:00.000Z,22.6775046472,0.019171516602902727,83.8725013926,83.65131417301149,True
XLV,2010-09-13T00:00:00.000Z,22.7308276343,0.025429553264235683,84.8054212144,83.6637164678055,True
XLV,2010-09-14T00:00:00.000Z,22.8070033301,0.034196891193086776,84.7527563857,83.674409058815,True
XLV,2010-09-15T00:00:00.000Z,23.0202952784,0.029642248723240394,85.0762689046,83.693431897421,True
XLV,2010-09-16T00:00:00.000Z,22.9288844434,0.02695325827273143,85.0536982637,83.710969676496,True
XLV,2010-09-17T00:00:00.000Z,22.924291049,0.04601911713971818,85.085394967,83.7236221536715,True
XLV,2010-09-20T00:00:00.000Z,23.2305608024,0.06369121197702343,86.3863717591,83.742964948095,True
XLV,2010-09-21T00:00:00.000Z,23.2477884761,0.05967509570652707,86.2124039323,83.76466444258449,True
XLV,2010-09-22T00:00:00.000Z,23.2841580093,0.0846837129407303,85.788830093,83.7819096084565,True
XLV,2010-09-23T00:00:00.000Z,23.1616501079,0.06836135670100929,85.0929587856,83.796305890969,True
XLV,2010-09-24T00:00:00.000Z,23.4755766052,0.08973382904189675,86.8477646912,83.8240378618785,True
XLV,2010-09-27T00:00:00.000Z,23.299471497,0.07058067494229125,86.4317546705,83.84816922972801,True
XLV,2010-09-28T00:00:00.000Z,23.4908900929,0.09315049761579175,86.7343074128,83.8715139885255,True
XLV,2010-09-29T00:00:00.000Z,23.4066659107,0.09349501244489011,86.5830310416,83.892359292566,True
XLV,2010-09-30T00:00:00.000Z,23.34541196,0.06597559791874352,86.3258612106,83.9091001614835,True
XLV,2010-10-01T00:00:00.000Z,23.34541196,0.0604428526026608,86.6889245015,83.92958485304399,True
XLV,2010-10-04T00:00:00.000Z,23.1157096449,0.04028987503291437,86.0384361054,83.946186629447,True
XLV,2010-10-05T00:00:00.000Z,23.5444872998,0.06579777659032482,87.7705505554,83.9764185902015,True
XLV,2010-10-06T00:00:00.000Z,23.4526063737,0.055813388433192834,87.7629867368,84.004312654453,True
XLV,2010-10-07T00:00:00.000Z,23.4985468367,0.04675354475315463,87.657093277,84.02750130209299,True
XLV,2010-10-08T00:00:00.000Z,23.5598007874,0.03890622685018119,88.1487414833,84.0516567802955,True
XLV,2010-10-11T00:00:00.000Z,23.5751142751,0.03714280246998136,88.2319434874,84.07540799276049,True
XLV,2010-10-12T00:00:00.000Z,23.628711482,0.03602876449864567,88.5042409555,84.098544573695,True
XLV,2010-10-13T00:00:00.000Z,23.7971598464,0.03374694193123284,89.1925484444,84.1242278457925,True
XLV,2010-10-14T00:00:00.000Z,23.7512193834,0.03586458565090389,88.8446127907,84.148768003809,True
XLV,2010-10-15T00:00:00.000Z,23.8507570533,0.04041416165584821,89.0261444361,84.17436496109951,True
XLV,2010-10-18T00:00:00.000Z,24.0728026245,0.036255767962906305,89.4648459125,84.20618223403798,True
XLV,2010-10-19T00:00:00.000Z,23.6210547381,0.016055990116381924,88.2924540359,84.225090633128,True
XLV,2010-10-20T00:00:00.000Z,23.8431003094,0.024005261426105706,89.1547293516,84.247191850945,True
XLV,2010-10-21T00:00:00.000Z,23.9043542601,0.03206611570160445,89.3513886341,84.2699780830805,True
XLV,2010-10-22T00:00:00.000Z,23.912011004,0.01859099804617048,89.5177926424,84.29180664269501,True
XLV,2010-10-25T00:00:00.000Z,24.0421756492,0.031876437725020024,89.782526292,84.31354203061198,True
XLV,2010-10-26T00:00:00.000Z,23.9732649547,0.020534550197644386,89.7976539291,84.33475649252699,True
XLV,2010-10-27T00:00:00.000Z,23.8277868218,0.017991494931684837,89.5404840981,84.358674628291,True
XLV,2010-10-28T00:00:00.000Z,23.9656082108,0.026566087240723846,89.5556117352,84.37908901711549,True
XLV,2010-10-29T00:00:00.000Z,23.8660705409,0.022302394225987454,89.6236861022,84.3986879346615,True
XLV,2010-11-01T00:00:00.000Z,23.8660705409,0.03246107982523272,89.6539413765,84.423247927341,True
XLV,2010-11-02T00:00:00.000Z,24.0957728561,0.0234146341468513,90.364940321,84.44606840757851,True
XLV,2010-11-03T00:00:00.000Z,24.1110863437,0.0280770486447266,90.7280036118,84.4750665798915,True
XLV,2010-11-04T00:00:00.000Z,24.2267031757,0.03098729228067687,92.4752456989,84.520966434957,True
XLV,2010-11-05T00:00:00.000Z,24.0804593684,0.022099447516485515,92.8231813526,84.57788999846001,True
XLV,2010-11-08T00:00:00.000Z,24.0192054177,0.018837284834247958,92.6492135257,84.631855748172,True
XLV,2010-11-09T00:00:00.000Z,23.9196677478,0.012313674658969154,91.9835974926,84.68420853975749,True
XLV,2010-11-10T00:00:00.000Z,23.912011004,0.0048262548279423,92.3542246019,84.73647563328,True
XLV,2010-11-11T00:00:00.000Z,23.9809216985,0.009671179883107062,92.0062889482,84.79170099151101,True
XLV,2010-11-12T00:00:00.000Z,23.6823086888,-0.007062600324323709,90.9170990758,84.845880061263,True
XLV,2010-11-15T00:00:00.000Z,23.6899654327,-0.01590330788532157,90.7885141603,84.89318956773,True
XLV,2010-11-16T00:00:00.000Z,23.34541196,-0.011669367907411687,89.3740800898,84.92850524929749,True
XLV,2010-11-17T00:00:00.000Z,23.3836956792,-0.019267822734398532,89.4194630012,84.9660985348165,True
XLV,2010-11-18T00:00:00.000Z,23.7129356642,-0.008007687378508543,90.7355674304,85.02291204620501,True
XLV,2010-11-19T00:00:00.000Z,23.7339917097,-0.007444764652802416,90.9851734428,85.08015331189802,True
XLV,2010-11-22T00:00:00.000Z,23.7435626395,-0.012420382167449118,90.9095352572,85.1398873518155,True
XLV,2010-11-23T00:00:00.000Z,23.3990091669,-0.023954008304046814,89.593430828,85.188081929778,True
XLV,2010-11-24T00:00:00.000Z,23.6172263662,-0.008836760928520593,90.9170990758,85.24367783947551,True
XLV,2010-11-26T00:00:00.000Z,23.4143226545,-0.023003194888730705,89.8581644776,85.28980312686899,True
XLV,2010-11-29T00:00:00.000Z,23.391352423,-0.019890920756580388,90.1304619457,85.3376254689585,True
XLV,2010-11-30T00:00:00.000Z,23.1769635956,-0.02887391722567223,89.6236861022,85.37657543733802,True
XLV,2010-12-01T00:00:00.000Z,23.6210547381,-0.01970130283162197,91.529768379,85.423116983492,True
XLV,2010-12-02T00:00:00.000Z,23.8048165902,-0.01270244522101438,92.7021602556,85.473096947017,True
XLV,2010-12-03T00:00:00.000Z,23.8048165902,-0.017414114600750152,92.9517662681,85.523467379585,True
XLV,2010-12-06T00:00:00.000Z,23.6516817135,-0.01780604133585051,92.8534366268,85.573271593423,True
XLV,2010-12-07T00:00:00.000Z,23.6669952012,-0.014663691424215641,92.9063833567,85.62837405124301,True
XLV,2010-12-08T00:00:00.000Z,23.6899654327,-0.00960307298253027,93.2467551919,85.68141255680501,True
XLV,2010-12-09T00:00:00.000Z,23.7282491519,-0.007684918347907299,93.6098184827,85.73682565774699,True
XLV,2010-12-10T00:00:00.000Z,23.957951467,-0.000957854405631009,94.1544134189,85.794700736538,True
XLV,2010-12-13T00:00:00.000Z,23.9962351862,0.013255738767921077,94.2149239674,85.84859056297351,True
XLV,2010-12-14T00:00:00.000Z,24.2374226171,0.023109243698782533,94.2981259715,85.901740556316,True
XLV,2010-12-15T00:00:00.000Z,24.1646835506,0.03509347327019707,93.8669883137,85.9523620087525,True
XLV,2010-12-16T00:00:00.000Z,24.333131915,0.040602488538393544,94.4115832499,86.00443873697151,True
XLV,2010-12-17T00:00:00.000Z,24.3747233475,0.02790829835122932,94.5120005051,86.051014624329,True
XLV,2010-12-20T00:00:00.000Z,24.3670268766,0.026672090166833584,94.740106701,86.09865647214251,True
XLV,2010-12-21T00:00:00.000Z,24.3054551094,0.02366504464520558,95.3407863502,86.1485932982295,True
XLV,2010-12-22T00:00:00.000Z,24.3727992298,0.04161672214212864,95.6373244049,86.198111266242,True
XLV,2010-12-23T00:00:00.000Z,24.3593304057,0.03142215042499941,95.5004606874,86.24515522310449,True
XLV,2010-12-27T00:00:00.000Z,24.3131515803,0.038387996059636276,95.5384783867,86.29235198320201,True
XLV,2010-12-28T00:00:00.000Z,24.3285445221,0.04006575088743003,95.6753421042,86.3401212061015,True
XLV,2010-12-29T00:00:00.000Z,24.336240993,0.05001851914804245,95.743773963,86.38480234421701,True
XLV,2010-12-30T00:00:00.000Z,24.2515798131,0.026693349725107174,95.5917031657,86.42615044528698,True
XLV,2010-12-31T00:00:00.000Z,24.2438833422,0.018444450111023025,95.6145137853,86.4678363110255,True
XLV,2011-01-03T00:00:00.000Z,24.4651568806,0.027739776439691166,96.6029739676,86.516662891277,True
XLV,2011-01-04T00:00:00.000Z,24.5440457074,0.037729409887612864,96.5497491885,86.56290208575902,True
XLV,2011-01-05T00:00:00.000Z,24.5979210037,0.03933434703416849,97.0515828195,86.608580392369,True
XLV,2011-01-06T00:00:00.000Z,24.6979751254,0.04255007022123447,96.861494323,86.655442319832,True
XLV,2011-01-07T00:00:00.000Z,24.6825821836,0.04021927726696961,96.6714058264,86.70206515925749,True
XLV,2011-01-10T00:00:00.000Z,24.6133139455,0.027354695972345633,96.5497491885,86.748341793447,True
XLV,2011-01-11T00:00:00.000Z,24.7364574799,0.030847434522799366,96.8919084824,86.79355868574001,True
XLV,2011-01-12T00:00:00.000Z,24.8672974853,0.025987700018714532,97.7663155667,86.8428480957935,True
XLV,2011-01-13T00:00:00.000Z,24.7364574799,0.02366155253399982,97.6066412296,86.8928367224675,True
XLV,2011-01-14T00:00:00.000Z,24.7672433636,0.017840344190646285,98.3137704369,86.943365818566,True
XLV,2011-01-18T00:00:00.000Z,24.8596010144,0.019892642882025857,98.4810483139,86.9911370921155,True
XLV,2011-01-19T00:00:00.000Z,24.6902786545,0.013265950726652598,97.5153987512,87.03303180603751,True
XLV,2011-01-20T00:00:00.000Z,24.7518504218,0.01836605446763917,97.3861385735,87.07682611919101,True
XLV,2011-01-21T00:00:00.000Z,24.7730157167,0.016420620509221884,97.6066412296,87.120187917611,True
XLV,2011-01-24T00:00:00.000Z,24.7441539509,0.015797788313177685,98.1616996396,87.16340471088449,True
XLV,2011-01-25T00:00:00.000Z,24.7441539509,0.01772712884121619,98.2149244187,87.20617627360849,True
XLV,2011-01-26T00:00:00.000Z,24.7133680672,0.015817779183231906,98.5951014119,87.2505117639295,True
XLV,2011-01-27T00:00:00.000Z,24.7749398345,0.018026565467780475,98.8384146875,87.29097202038851,True
XLV,2011-01-28T00:00:00.000Z,24.3285445221,0.0031735956829677114,97.1124111385,87.322427862026,True
XLV,2011-01-31T00:00:00.000Z,24.3824198184,0.005714285712588696,97.8423509654,87.36475926637401,True
XLV,2011-02-01T00:00:00.000Z,24.8211186599,0.014549744399238618,99.4086801773,87.4132375299375,True
XLV,2011-02-02T00:00:00.000Z,24.7364574799,0.00783944810052195,99.2185916807,87.45675930229949,True
XLV,2011-02-03T00:00:00.000Z,24.7691674813,0.006961827285087985,99.4390943367,87.50220726151,True
XLV,2011-02-04T00:00:00.000Z,24.8826904271,0.007478965411623184,99.7204253117,87.54771404612,True
XLV,2011-02-07T00:00:00.000Z,24.8442080726,0.0065481758674095225,100.3439155805,87.59338054517,True
XLV,2011-02-08T00:00:00.000Z,24.9154004284,0.012273295809288376,100.8001279723,87.6430503327305,True
XLV,2011-02-09T00:00:00.000Z,24.8596010144,0.004978220288821111,100.5720217764,87.7023247854065,True
XLV,2011-02-10T00:00:00.000Z,24.8672974853,0.0,100.6100394757,87.758419752891,True
XLV,2011-02-11T00:00:00.000Z,24.9211727816,0.007467330431210284,101.210719125,87.81197704189,True
XLV,2011-02-14T00:00:00.000Z,25.0058339615,0.009633312613653855,101.4540324006,87.8744260373345,True
XLV,2011-02-15T00:00:00.000Z,24.9519586652,0.0037151702775319873,101.1346837263,87.92951257443,True
XLV,2011-02-16T00:00:00.000Z,25.0827986706,0.015897755614372677,101.7733810749,87.9983880355325,True
XLV,2011-02-17T00:00:00.000Z,25.1905492632,0.017723880595756247,102.0775226694,88.07140498414302,True
XLV,2011-02-18T00:00:00.000Z,25.2521210304,0.01933980582658834,102.2904217856,88.1600130274135,True
XLV,2011-02-22T00:00:00.000Z,24.8672974853,0.004976671849211467,100.2374660224,88.244646170241,True
XLV,2011-02-23T00:00:00.000Z,24.6287068873,-0.004665629862677045,99.6215792935,88.3078544226765,True
XLV,2011-02-24T00:00:00.000Z,24.7133680672,0.0,99.5531474347,88.3719560261705,True
XLV,2011-02-25T00:00:00.000Z,24.8672974853,0.003727865795717822,100.6176430156,88.43531487492999,True
XLV,2011-02-28T00:00:00.000Z,25.1436007907,0.033502056313299056,101.2411332844,88.50725737235,True
XLV,2011-03-01T00:00:00.000Z,24.946186312,0.023121843434692924,99.5531474347,88.5786222791275,True
XLV,2011-03-02T00:00:00.000Z,25.0212269033,0.008062015501472342,99.7660465509,88.6508270432405,True
XLV,2011-03-03T00:00:00.000Z,25.5368904538,0.03235843186318843,101.4844465601,88.7374269620845,True
XLV,2011-03-04T00:00:00.000Z,25.5022563347,0.029596830573876298,100.7240925737,88.82262125228601,True
XLV,2011-03-07T00:00:00.000Z,25.3059963267,0.01701206309824821,99.9333244279,88.91966125838549,True
XLV,2011-03-08T00:00:00.000Z,25.444532803,0.024163568774087096,100.8077315122,89.01519526580601,True
XLV,2011-03-09T00:00:00.000Z,25.4830151575,0.02278168198545183,100.6632642548,89.11524849601001,True
XLV,2011-03-10T00:00:00.000Z,25.0847227883,0.009055727554500903,98.8003969882,89.205575553097,True
XLV,2011-03-11T00:00:00.000Z,25.1674598505,0.012070566388544535,99.4847155759,89.30175778411949,True
XLV,2011-03-14T00:00:00.000Z,25.044316316,0.004941321802115262,98.8840359267,89.381495761851,True
XLV,2011-03-15T00:00:00.000Z,24.7518504218,-0.010156971372802137,97.751108487,89.460773221747,True
XLV,2011-03-16T00:00:00.000Z,24.3208480512,-0.025293028994962108,95.9414659995,89.53789137541251,True
XLV,2011-03-17T00:00:00.000Z,24.6056174746,-0.019024240566875572,97.2112571567,89.6108753667225,True
XLV,2011-03-18T00:00:00.000Z,24.7173163568,-0.01878612893492282,97.5635443656,89.6841980851865,True
XLV,2011-03-21T00:00:00.000Z,24.9241315625,-0.012988590839761449,99.0755654821,89.77964495550799,True
XLV,2011-03-22T00:00:00.000Z,24.9106015958,0.0017414079887692058,98.7319243193,89.8783531011325,True
XLV,2011-03-23T00:00:00.000Z,24.8951387766,0.010817940646221436,99.0144737199,89.974243306796,True
XLV,2011-03-24T00:00:00.000Z,25.1889323399,0.01924319952694642,99.9613960352,90.0770021873715,True
XLV,2011-03-25T00:00:00.000Z,25.2585150259,0.015732209775962236,100.2668548467,90.16968205263402,True
XLV,2011-03-28T00:00:00.000Z,25.2507836163,0.004262827209682962,100.0224877975,90.259155778145,True
XLV,2011-03-29T00:00:00.000Z,25.3976803979,0.01809872179471439,100.6944971826,90.3526260256115,True
XLV,2011-03-30T00:00:00.000Z,25.5832342273,0.022461221672781972,101.3894159786,90.440248379854,True
XLV,2011-03-31T00:00:00.000Z,25.5986970464,0.002420286554144724,101.2519595135,90.5273332106015,True
XLV,2011-04-01T00:00:00.000Z,25.7301310089,0.008935471089667413,101.6796018495,90.6158823382915,True
XLV,2011-04-04T00:00:00.000Z,25.8847592001,0.02287058236823314,101.7636030226,90.7043974030725,True
XLV,2011-04-05T00:00:00.000Z,25.7687880567,0.012743612005395866,101.748330082,90.79403987066252,True
XLV,2011-04-06T00:00:00.000Z,25.8229079236,0.013338012162189772,102.069061834,90.892207660206,True
XLV,2011-04-07T00:00:00.000Z,25.7765194663,0.027578406340717843,101.8094218443,90.99035625278252,True
XLV,2011-04-08T00:00:00.000Z,25.7610566471,0.023585884317530947,101.4581442112,91.09355726718252,True
XLV,2011-04-11T00:00:00.000Z,25.9079534287,0.034484355723787496,101.1526853998,91.19353818946202,True
XLV,2011-04-12T00:00:00.000Z,25.8770277905,0.045458313197829,100.3966748415,91.2910180619315,True
XLV,2011-04-13T00:00:00.000Z,25.8538335618,0.06303174574228554,100.3890383712,91.4009488399855,True
XLV,2011-04-14T00:00:00.000Z,25.9929989339,0.056384744692230315,100.4654030741,91.514985597294,True
XLV,2011-04-15T00:00:00.000Z,26.2249412206,0.06099468251476403,100.8319536478,91.6325855232695,True
XLV,2011-04-18T00:00:00.000Z,25.9311476574,0.04040325707536874,99.7017560455,91.74664105437951,True
XLV,2011-04-19T00:00:00.000Z,26.147627125,0.049658597141570615,100.2744913169,91.86103987361801,True
XLV,2011-04-20T00:00:00.000Z,26.4027636405,0.06055900621518462,101.641419498,91.970085187704,True
XLV,2011-04-21T00:00:00.000Z,26.480077736,0.0512584407579193,102.1606994774,92.0777770395385,True
XLV,2011-04-25T00:00:00.000Z,26.5110033743,0.04958677685983126,102.0537888934,92.18192491967349,True
XLV,2011-04-26T00:00:00.000Z,26.8202597566,0.06215554194868078,102.9319829762,92.29020044607901,True
XLV,2011-04-27T00:00:00.000Z,27.1217847293,0.06788432267785205,103.6039923614,92.39570432864699,True
XLV,2011-04-28T00:00:00.000Z,27.2609501014,0.0655787246910986,103.9399970539,92.502925852412,True
XLV,2011-04-29T00:00:00.000Z,27.2454872823,0.06433101782153372,104.184364103,92.61125635821851,True
XLV,2011-05-02T00:00:00.000Z,27.5238180264,0.06971153846358447,104.0239982271,92.73014559053901,True
XLV,2011-05-03T00:00:00.000Z,27.4542353403,0.060633213856358115,103.6498111831,92.8447939703505,True
XLV,2011-05-04T00:00:00.000Z,27.4302679707,0.06447644764449878,102.9625288574,92.9515294280985,True
XLV,2011-05-05T00:00:00.000Z,27.2532186918,0.055389221555981916,102.0308794826,93.058910739572,True
XLV,2011-05-06T00:00:00.000Z,27.4465039308,0.06478704259057633,102.4814312294,93.15955417117449,True
XLV,2011-05-09T00:00:00.000Z,27.6011321219,0.07142857142884873,102.8785276843,93.25860940025049,True
XLV,2011-05-10T00:00:00.000Z,27.7712231322,0.07191883020122791,103.7567217671,93.357729560245,True
XLV,2011-05-11T00:00:00.000Z,27.7248346749,0.0714072303573583,102.6647065163,93.45142726172,True
XLV,2011-05-12T00:00:00.000Z,27.9799711903,0.08223684210768067,103.1534406145,93.55027711058801,True
XLV,2011-05-13T00:00:00.000Z,27.8949256851,0.07317073170497124,102.3592477048,93.6471873525835,True
XLV,2011-05-16T00:00:00.000Z,27.9413141425,0.06544811320880162,101.7101477306,93.74092733017751,True
XLV,2011-05-17T00:00:00.000Z,27.9413141425,0.07751937984612711,101.69487479,93.82522412711648,True
XLV,2011-05-18T00:00:00.000Z,28.1577936101,0.07687758722771676,102.603614754,93.91609598155199,True
XLV,2011-05-19T00:00:00.000Z,28.0959423336,0.0641288433345204,102.8479818031,94.005368341127,True
XLV,2011-05-20T00:00:00.000Z,27.8640000469,0.05226277372360366,102.0308794826,94.0910066019165,True
XLV,2011-05-23T00:00:00.000Z,27.5779378933,0.040244969378801176,100.8472265883,94.172457014033,True
XLV,2011-05-24T00:00:00.000Z,27.5006237977,0.025367541078067823,100.7632254152,94.25123035619899,True
XLV,2011-05-25T00:00:00.000Z,27.5392808455,0.015393386547640109,101.0992301078,94.33397840364749,True
XLV,2011-05-26T00:00:00.000Z,27.5779378933,0.011627906977597302,101.5650547952,94.43064183683501,True
XLV,2011-05-27T00:00:00.000Z,27.5934007124,0.012769580022377491,101.9545147797,94.53177295817352,True
XLV,2011-05-31T00:00:00.000Z,27.9181199138,0.014325842694563606,103.0159841494,94.63941519387201,True
XLV,2011-06-01T00:00:00.000Z,27.5315494359,0.0028161081392972243,100.7021336529,94.735676265762,True
XLV,2011-06-02T00:00:00.000Z,27.4696981595,0.001437470054689749,100.5952230689,94.8263996260105,True
XLV,2011-06-03T00:00:00.000Z,27.2068302345,-0.0017021276578226274,99.5948454616,94.9113687435275,True
XLV,2011-06-06T00:00:00.000Z,27.0444706338,-0.014647887323414044,98.5410125622,94.9982536838845,True
XLV,2011-06-07T00:00:00.000Z,27.0993636416,-0.01817927170827438,98.4799207999,95.086149786146,True
XLV,2011-06-08T00:00:00.000Z,27.1295161389,-0.02310690423123485,98.0675514045,95.17352636855499,True
XLV,2011-06-09T00:00:00.000Z,27.4155782925,-0.011154489685017865,98.8159254924,95.2706260412285,True
XLV,2011-06-10T00:00:00.000Z,26.9091709665,-0.038270240398647015,97.4413608411,95.35931056352099,True
XLV,2011-06-13T00:00:00.000Z,27.0444706338,-0.03048780487536007,97.5177255439,95.4510477684945,True
XLV,2011-06-14T00:00:00.000Z,27.2764129205,-0.023796347537879625,98.7548337302,95.5428388236355,True
XLV,2011-06-15T00:00:00.000Z,26.9053052617,-0.037078029884936026,96.9984455645,95.63167868683401,True
XLV,2011-06-16T00:00:00.000Z,26.9516937191,-0.04283360790624524,97.2122667325,95.72158765587251,True
XLV,2011-06-17T00:00:00.000Z,27.0134754128,-0.03852751788664788,97.5006351234,95.80108888042,True
XLV,2011-06-20T00:00:00.000Z,27.2853970808,-0.020765251404181395,97.9994577352,95.879284826817,True
XLV,2011-06-21T00:00:00.000Z,27.4563192721,-0.004409996921109438,99.3424416901,95.9588539746545,True
XLV,2011-06-22T00:00:00.000Z,27.2931662713,-0.007543738932109356,98.7438545559,96.0401324036645,True
XLV,2011-06-23T00:00:00.000Z,27.2620895093,-0.010065307723723382,98.4599093769,96.1170945412035,True
XLV,2011-06-24T00:00:00.000Z,26.9435526982,-0.023003358610584224,97.3164544668,96.18642089971999,True
XLV,2011-06-27T00:00:00.000Z,27.0833981275,-0.018482773842037337,98.1836383919,96.2579765847165,True
XLV,2011-06-28T00:00:00.000Z,27.4640884626,-0.01626296658234394,99.4652287946,96.33127562261751,True
XLV,2011-06-29T00:00:00.000Z,27.5184727962,-0.0004749692613721379,100.3170643316,96.40909716234701,True
XLV,2011-06-30T00:00:00.000Z,27.6039338918,0.004886683920608759,101.2763385851,96.49009751074951,True
XLV,2011-07-01T00:00:00.000Z,27.9380090839,0.026874826765847182,102.7728064205,96.5786930515335,True
XLV,2011-07-05T00:00:00.000Z,27.8603171787,0.030166852069212213,102.6883902862,96.6667080281295,True
XLV,2011-07-06T00:00:00.000Z,27.9380090839,0.03094705297849143,102.8111773907,96.7488320562875,True
XLV,2011-07-07T00:00:00.000Z,27.9224707028,0.029228481622752156,103.8778903606,96.83715948842901,True
XLV,2011-07-08T00:00:00.000Z,27.7981636546,0.01395503527294406,103.1411677339,96.9239211766335,True
XLV,2011-07-11T00:00:00.000Z,27.4174733195,0.018889558271148577,101.2763385851,97.004838075631,True
XLV,2011-07-12T00:00:00.000Z,27.4174733195,0.013792197700990494,100.8389095255,97.0747937998025,True
XLV,2011-07-13T00:00:00.000Z,27.5262419867,0.0091591613211075,101.1765740628,97.14851789676399,True
XLV,2011-07-14T00:00:00.000Z,27.4796268436,0.021346034780640455,100.4782224062,97.21723747173098,True
XLV,2011-07-15T00:00:00.000Z,27.3397814144,0.014399380586050947,101.0614611523,97.28962962228451,True
XLV,2011-07-18T00:00:00.000Z,27.137782461,0.00460166810454532,100.2326481973,97.359163557218,True
XLV,2011-07-19T00:00:00.000Z,27.3786273669,0.003416856490082276,101.8595773312,97.4350168213665,True
XLV,2011-07-20T00:00:00.000Z,27.2853970808,-0.006225240521357311,101.798183779,97.5138155597345,True
XLV,2011-07-21T00:00:00.000Z,27.697164178,0.014802163394461942,103.2102354801,97.591013984358,True
XLV,2011-07-22T00:00:00.000Z,27.6505490349,0.014249073808795254,103.2793032264,97.668595566806,True
XLV,2011-07-25T00:00:00.000Z,27.3630889859,0.01557093425649203,102.7037386743,97.7438287937925,True
XLV,2011-07-26T00:00:00.000Z,27.1416670563,0.0021514629931476126,102.3200289729,97.81468523124049,True
XLV,2011-07-27T00:00:00.000Z,26.6716310303,-0.02885431400278049,100.2249740033,97.87465038382001,True
XLV,2011-07-28T00:00:00.000Z,26.6483234587,-0.03162055336225489,99.9333546303,97.931795952194,True
XLV,2011-07-29T00:00:00.000Z,26.5084780295,-0.03968477343098609,99.2503513618,97.982084966781,True
XLV,2011-08-01T00:00:00.000Z,26.0578649798,-0.06729699666335487,98.8282706902,98.03200325627851,True
XLV,2011-08-02T00:00:00.000Z,25.4984832629,-0.08477412158127517,96.3034608551,98.06838983837349,True
XLV,2011-08-03T00:00:00.000Z,25.5450984059,-0.08565072302804055,96.825306049,98.105192139056,True
XLV,2011-08-04T00:00:00.000Z,24.5273344488,-0.1215915414555182,92.2898573785,98.125179155769,True
XLV,2011-08-05T00:00:00.000Z,24.7137950211,-0.11095584124995261,92.151721886,98.140164118441,True
XLV,2011-08-08T00:00:00.000Z,23.4474169675,-0.14480022669253023,86.1505021563,98.124159686052,True
XLV,2011-08-09T00:00:00.000Z,24.3020279239,-0.1136299234905872,90.1564314388,98.127352880034,True
XLV,2011-08-10T00:00:00.000Z,23.2764947762,-0.15438893593078828,86.1735247384,98.109307872266,True
XLV,2011-08-11T00:00:00.000Z,24.3408738765,-0.11422109131845837,90.0413185284,98.1105261952625,True
XLV,2011-08-12T00:00:00.000Z,24.5817187824,-0.10088093208189719,90.6475798566,98.116061674055,True
XLV,2011-08-15T00:00:00.000Z,24.9934858795,-0.07901517320295393,92.5661283635,98.13111425719651,True
XLV,2011-08-16T00:00:00.000Z,24.970178308,-0.08796821793234777,91.7756863787,98.14187425857901,True
XLV,2011-08-17T00:00:00.000Z,24.9934858795,-0.08399772209702439,91.8370799309,98.15278995135098,True
XLV,2011-08-18T00:00:00.000Z,24.1699516852,-0.12734922861170328,87.8771958126,98.140351228809,True
XLV,2011-08-19T00:00:00.000Z,24.1077981611,-0.12812587805502185,86.4421215294,98.118921818397,True
XLV,2011-08-22T00:00:00.000Z,24.09225978,-0.11953435548104363,86.5111892756,98.08910153628048,True
XLV,2011-08-23T00:00:00.000Z,24.8769480218,-0.08344067554149459,89.3583152599,98.071777205817,True
XLV,2011-08-24T00:00:00.000Z,25.1644080708,-0.05651034081071893,90.6168830805,98.061615553591,True
XLV,2011-08-25T00:00:00.000Z,24.7371025926,-0.07172011661679356,89.2355281555,98.0478752069055,True
XLV,2011-08-26T00:00:00.000Z,25.0478702131,-0.055099648300236614,90.5324669462,98.038766418627,True
XLV,2011-08-29T00:00:00.000Z,25.6849438352,-0.014311270124743203,93.1340187216,98.04440506749398,True
XLV,2011-08-30T00:00:00.000Z,25.7704049308,0.010664229126743585,93.3795929305,98.05671753676751,True
XLV,2011-08-31T00:00:00.000Z,25.9490963126,0.01581508515961283,93.793999408,98.07174496300598,True
XLV,2011-09-01T00:00:00.000Z,25.7781741213,0.050997782702848715,92.8117025724,98.088933075419,True
XLV,2011-09-02T00:00:00.000Z,25.2110232139,0.020119459288849617,90.4403766178,98.09403764350199,True
XLV,2011-09-06T00:00:00.000Z,25.273176738,0.0778661365143396,89.7803959315,98.0892617860075,True
XLV,2011-09-07T00:00:00.000Z,25.879173598,0.06489769821015412,92.3128799606,98.0959003185965,True
XLV,2011-09-08T00:00:00.000Z,25.5994827395,0.09979973297677258,91.3536057072,98.0981206708465,True
XLV,2011-09-09T00:00:00.000Z,24.8381020693,0.020427705074305136,88.9592571705,98.094949802559,True
XLV,2011-09-12T00:00:00.000Z,24.9235631649,0.013906447532251232,89.5348217226,98.088038415793,True
XLV,2011-09-13T00:00:00.000Z,25.1799464518,0.007460366801132601,90.3559604835,98.0905273958225,True
XLV,2011-09-14T00:00:00.000Z,25.4207913577,0.018046048536050296,91.6068541101,98.09790935664451,True
XLV,2011-09-15T00:00:00.000Z,25.6538670731,0.0264221324221785,93.1877380798,98.1157296165325,True
XLV,2011-09-16T00:00:00.000Z,25.7916303593,0.06709482481477202,93.7364080045,98.12676281466,True
XLV,2011-09-19T00:00:00.000Z,25.5494920973,0.05980197472062376,92.8030550282,98.127267288523,True
XLV,2011-09-20T00:00:00.000Z,25.7838194476,0.07021174779977413,92.6950637747,98.125983776056,True
XLV,2011-09-21T00:00:00.000Z,25.0886483083,0.008509897850591752,89.9644277943,98.1115387318935,True
XLV,2011-09-22T00:00:00.000Z,24.5809390493,-0.023186280394850267,87.0563776118,98.082288703169,True
XLV,2011-09-23T00:00:00.000Z,24.5887499609,-0.005997170895203352,87.5809065572,98.0539594599955,True
XLV,2011-09-26T00:00:00.000Z,24.9949173682,-0.00211406576485329,89.6635950168,98.03422834266601,True
XLV,2011-09-27T00:00:00.000Z,25.3776520404,-0.011963888135074208,90.6663709418,98.01678813028052,True
XLV,2011-09-28T00:00:00.000Z,24.9402409864,-0.03221384943811323,88.8150923111,97.98978897199899,True
XLV,2011-09-29T00:00:00.000Z,25.1042701317,-0.03255705596536618,89.5170354586,97.9658835194345,True
XLV,2011-09-30T00:00:00.000Z,24.7840227529,-0.03856562391587515,87.2800737797,97.9329489467645,True
XLV,2011-10-03T00:00:00.000Z,23.9951206734,-0.04822900404254982,84.7962749501,97.88487240526548,True
XLV,2011-10-04T00:00:00.000Z,24.2528807588,-0.040370705660674355,86.6552672418,97.84558873894899,True
XLV,2011-10-05T00:00:00.000Z,24.6434263427,-0.04775064592462497,88.2597087218,97.813186749053,True
XLV,2011-10-06T00:00:00.000Z,24.9402409864,-0.02575215131526043,89.8564365409,97.7857650000065,True
XLV,2011-10-07T00:00:00.000Z,24.9168082514,0.0031687679630434396,89.2547709859,97.7538522329115,True
XLV,2011-10-10T00:00:00.000Z,25.4870048039,0.02260678520451287,92.239957778,97.7375497183645,True
XLV,2011-10-11T00:00:00.000Z,25.4479502455,0.01064354105013754,92.3325217095,97.7215199349785,True
XLV,2011-10-12T00:00:00.000Z,25.4635720688,0.0016829024123610203,93.1424561105,97.70885550500999,True
XLV,2011-10-13T00:00:00.000Z,25.4401393338,-0.008331209430959663,92.9573282474,97.69492327643201,True
XLV,2011-10-14T00:00:00.000Z,25.6822775958,-0.004239854634105034,94.5463424055,97.689696472631,True
XLV,2011-10-17T00:00:00.000Z,25.2370556302,-0.012228676245701897,92.7413457405,97.675330632407,True
XLV,2011-10-18T00:00:00.000Z,25.4245175104,-0.013935171161518545,94.5540560664,97.66508604290101,True
XLV,2011-10-19T00:00:00.000Z,25.3776520404,0.011519302616410432,93.435575227,97.64951517309349,True
XLV,2011-10-20T00:00:00.000Z,25.3542193053,0.03145853193196135,93.844399258,97.633479255286,True
XLV,2011-10-21T00:00:00.000Z,25.8619285644,0.051778907245165096,95.6262549401,97.62730305837151,True
XLV,2011-10-24T00:00:00.000Z,26.2524741483,0.050312500000497584,96.7987314062,97.62793968627051,True
XLV,2011-10-25T00:00:00.000Z,25.7213321542,0.013542628500575082,94.9165981316,97.61977393098601,True
XLV,2011-10-26T00:00:00.000Z,26.065012268,0.04509865330544893,95.8808057518,97.61471841733301,True
XLV,2011-10-27T00:00:00.000Z,26.6976961139,0.06347230864871589,99.2208209482,97.6219909442405,True
XLV,2011-10-28T00:00:00.000Z,26.7211288489,0.07815947053120498,99.1976799653,97.62994613791902,True
XLV,2011-10-31T00:00:00.000Z,26.2134195899,0.092447916669955,96.8064450672,97.62240951107052,True
XLV,2011-11-01T00:00:00.000Z,25.7135212425,0.060225442834044296,94.1066637307,97.60053758815451,True
XLV,2011-11-02T00:00:00.000Z,25.8853612994,0.050396196512174196,95.641682262,97.5911690057085,True
XLV,2011-11-03T00:00:00.000Z,26.1665541198,0.04917005950618969,97.3849696393,97.5911631610375,True
XLV,2011-11-04T00:00:00.000Z,25.9244158578,0.04043887147317049,96.7910177453,97.58708504361601,True
XLV,2011-11-07T00:00:00.000Z,26.2290414132,0.029114311980137142,97.3926833003,97.5832399619195,True
XLV,2011-11-08T00:00:00.000Z,26.549288792,0.04327808471311956,98.642296376,97.585376821706,True
XLV,2011-11-09T00:00:00.000Z,25.7838194476,0.012576687117373808,95.0014484022,97.5674085566575,True
XLV,2011-11-10T00:00:00.000Z,26.1509322965,0.02793982192368083,95.8962330737,97.55269764858849,True
XLV,2011-11-11T00:00:00.000Z,26.6117760854,0.03619221411079243,97.7012297387,97.5556417415895,True
XLV,2011-11-14T00:00:00.000Z,26.4321251168,0.04735376044303363,96.7755904234,97.5503079388795,True
XLV,2011-11-15T00:00:00.000Z,26.4946124103,0.042089093705014236,97.253837403,97.539533725008,True
XLV,2011-11-16T00:00:00.000Z,25.9869031512,0.024007386886308435,95.7111052107,97.521996292658,True
XLV,2011-11-17T00:00:00.000Z,25.7135212425,0.014171287740060379,94.1915140012,97.4957583909805,True
XLV,2011-11-18T00:00:00.000Z,25.6588448608,-0.007852612503135403,94.0912364087,97.4676124464655,True
XLV,2011-11-21T00:00:00.000Z,25.1667574251,-0.04135673906645132,92.3016670657,97.42740120389149,True
XLV,2011-11-22T00:00:00.000Z,25.2292447185,-0.019131491042140625,91.9391250005,97.38309618903251,True
XLV,2011-11-23T00:00:00.000Z,24.8621318697,-0.0461492358389094,89.9104321676,97.32978824098849,True
XLV,2011-11-25T00:00:00.000Z,24.7684009295,-0.07226448215490489,89.7407316264,97.275441701742,True
XLV,2011-11-28T00:00:00.000Z,25.4323284221,-0.048231511254175796,92.3402353705,97.23108928296949,True
XLV,2011-11-29T00:00:00.000Z,25.5416811856,-0.025625744935575567,92.6024998432,97.18683162018249,True
XLV,2011-11-30T00:00:00.000Z,26.4633687636,0.02916160389035438,96.4130483582,97.16322344334199,True
XLV,2011-12-01T00:00:00.000Z,26.5024233219,0.023838261918109893,96.3976210362,97.13634464314852,True
XLV,2011-12-02T00:00:00.000Z,26.1743650315,0.0002985074635444285,96.3127707657,97.10752088362999,True
XLV,2011-12-05T00:00:00.000Z,26.2212305016,0.011449231698337226,97.3618286564,97.082877917984,True
XLV,2011-12-06T00:00:00.000Z,26.330583265,0.0038713519949264974,97.3926833003,97.0686540043735,True
XLV,2011-12-07T00:00:00.000Z,26.525856057,-0.0008826125318679434,97.7552253655,97.0593222347335,True
XLV,2011-12-08T00:00:00.000Z,26.0337686213,0.009694032112192108,95.6108276182,97.03961063565099,True
XLV,2011-12-09T00:00:00.000Z,26.4165032935,0.010155316605501952,97.2306964201,97.02267590267351,True
XLV,2011-12-12T00:00:00.000Z,26.1040668264,-0.019078368064224915,95.8113828032,96.99552715026749,True
XLV,2011-12-13T00:00:00.000Z,26.0572013563,-0.01418439716228892,94.9165981316,96.97234440375199,True
XLV,2011-12-14T00:00:00.000Z,26.041579533,-0.017099056603820273,93.9061085457,96.943044713726,True
XLV,2011-12-15T00:00:00.000Z,26.330583265,0.013225127742246157,94.245509628,96.9068500290655,True
XLV,2011-12-16T00:00:00.000Z,26.243390058,0.020606622115380224,94.3844558029,96.87515184521149,True
XLV,2011-12-19T00:00:00.000Z,26.243390058,0.02278143074527228,93.3753284689,96.84236186541652,True
XLV,2011-12-20T00:00:00.000Z,26.7932366021,0.06462807860093389,96.2008850041,96.819327632876,True
XLV,2011-12-21T00:00:00.000Z,26.966045516,0.06884077652259046,96.387185435,96.797947238777,True
XLV,2011-12-22T00:00:00.000Z,27.1584918065,0.09236375821812048,97.24106241,96.790150565886,True
XLV,2011-12-23T00:00:00.000Z,27.3352281957,0.10363314424318859,98.1104644208,96.7832793101105,True
XLV,2011-12-27T00:00:00.000Z,27.3980678007,0.07729293779062041,98.1880896003,96.77979957847849,True
XLV,2011-12-28T00:00:00.000Z,27.0995796768,0.060994359763534955,96.89951162,96.7755415941435,True
XLV,2011-12-29T00:00:00.000Z,27.2959534425,0.03146177972795394,97.900876436,96.785338646326,True
XLV,2011-12-30T00:00:00.000Z,27.2488237387,0.028163478023657484,97.4196003229,96.78638036215699,True
XLV,2012-01-03T00:00:00.000Z,27.6022965171,0.054554579791392666,98.9721039137,96.7934231598975,True
XLV,2012-01-04T00:00:00.000Z,27.4687623564,0.047577166705577545,99.1273542728,96.79368210385101,True
XLV,2012-01-05T00:00:00.000Z,27.5473118627,0.046209709274360744,99.3912798832,96.7969788816705,True
XLV,2012-01-06T00:00:00.000Z,27.5944415665,0.04028467572182293,99.1351167907,96.7975820970245,True
XLV,2012-01-09T00:00:00.000Z,27.6415712703,0.061758352099839486,99.3757548473,96.794653891085,True
XLV,2012-01-10T00:00:00.000Z,27.8457999867,0.05410620313066539,100.2373943402,96.79450658855248,True
XLV,2012-01-11T00:00:00.000Z,27.8693648386,0.06762540197049627,100.2917319659,96.7958528093945,True
XLV,2012-01-12T00:00:00.000Z,27.9557692955,0.07286154461637828,100.5323700225,96.795042173594,True
XLV,2012-01-13T00:00:00.000Z,27.8300900854,0.06867903500759587,100.0122813195,96.7881565002985,True
XLV,2012-01-17T00:00:00.000Z,28.0028989993,0.06351229357394939,100.4004072172,96.783898738817,True
XLV,2012-01-18T00:00:00.000Z,28.1599980119,0.07303202633745665,101.5104472847,96.78305296599301,True
XLV,2012-01-19T00:00:00.000Z,28.1599980119,0.07303202633745665,102.0460610235,96.78446525599749,True
XLV,2012-01-20T00:00:00.000Z,28.1599980119,0.051011433597868416,102.4264244032,96.78785572760349,True
XLV,2012-01-23T00:00:00.000Z,28.0343188018,0.0396154966498945,102.1624987928,96.78832291239749,True
XLV,2012-01-24T00:00:00.000Z,28.0421737525,0.03253796095512573,102.0460610235,96.7895061082935,True
XLV,2012-01-25T00:00:00.000Z,28.2464024689,0.033333333333699144,102.8999379984,96.79671507722949,True
XLV,2012-01-26T00:00:00.000Z,28.1207232588,0.02637614679096223,102.3720867776,96.80281208411849,True
XLV,2012-01-27T00:00:00.000Z,28.13643316,0.03826086956203412,102.3255116698,96.81245626826001,True
XLV,2012-01-30T00:00:00.000Z,28.0971584069,0.029352517987245585,101.9761983619,96.8203920682135,True
XLV,2012-01-31T00:00:00.000Z,28.1207232588,0.031997693862347854,101.9373857721,96.8277519817035,True
XLV,2012-02-01T00:00:00.000Z,28.3956465309,0.028742174163244316,102.8300753368,96.8377425901485,True
XLV,2012-02-02T00:00:00.000Z,28.285677222,0.029739776951023256,102.9930882139,96.85419925099049,True
XLV,2012-02-03T00:00:00.000Z,28.4506311853,0.03279155973919634,104.4369165533,96.87501137717248,True
XLV,2012-02-06T00:00:00.000Z,28.2935321727,0.025334471962958904,104.3670538917,96.88863954914099,True
XLV,2012-02-07T00:00:00.000Z,28.3956465309,0.02728047740940953,104.6309795022,96.900990949265,True
XLV,2012-02-08T00:00:00.000Z,28.3956465309,0.01974612129881792,104.9414802203,96.9154294058995,True
XLV,2012-02-09T00:00:00.000Z,28.2464024689,0.013528748591277173,105.0734430256,96.9261367061465,True
XLV,2012-02-10T00:00:00.000Z,28.1285782094,0.006181511661273342,104.2971912302,96.9296027004905,True
XLV,2012-02-13T00:00:00.000Z,28.3406618764,0.01834603443371008,105.0734430256,96.93526993034901,True
XLV,2012-02-14T00:00:00.000Z,28.4584861359,0.016269284712678633,104.9414802203,96.9390555109355,True
XLV,2012-02-15T00:00:00.000Z,28.4035014815,0.008647140866171243,104.4524415892,96.941197727746,True
XLV,2012-02-16T00:00:00.000Z,28.5606004941,0.014225941423387622,105.6090567644,96.9509939556525,True
XLV,2012-02-17T00:00:00.000Z,28.4663410865,0.010878661087637242,105.8885074107,96.965623848419,True
XLV,2012-02-21T00:00:00.000Z,28.2621123701,0.008125525357347785,105.9350825184,96.985144863598,True
XLV,2012-02-22T00:00:00.000Z,28.2621123701,0.007843137252524501,105.5935317285,97.0007053660935,True
XLV,2012-02-23T00:00:00.000Z,28.285677222,0.0013904338134118621,106.0592828057,97.0166091417005,True
XLV,2012-02-24T00:00:00.000Z,28.4270663334,0.010893854748353027,106.2921583443,97.02928632458651,True
XLV,2012-02-27T00:00:00.000Z,28.4820509878,0.012283640425729159,106.4706962573,97.04831627329149,True
XLV,2012-02-28T00:00:00.000Z,28.5920202966,0.017612524460070444,106.7811969754,97.066455055096,True
XLV,2012-02-29T00:00:00.000Z,28.4192113828,0.010614525140515196,106.3620210059,97.08646892160152,True
XLV,2012-03-01T00:00:00.000Z,28.5684554447,0.006085753800743721,106.9131597807,97.112483981852,True
XLV,2012-03-02T00:00:00.000Z,28.521325741,0.008331019163886788,106.5871340266,97.136945278035,True
XLV,2012-03-05T00:00:00.000Z,28.4584861359,0.00027609055661503845,106.1524330212,97.15468936937101,True
XLV,2012-03-06T00:00:00.000Z,28.0893034563,-0.007218212104215693,104.5999294304,97.16344910750749,True
XLV,2012-03-07T00:00:00.000Z,28.2149826663,-0.006362378979587691,105.329606118,97.1799427406845,True
XLV,2012-03-08T00:00:00.000Z,28.5291806916,0.004702627938218962,106.3775460418,97.207594337952,True
XLV,2012-03-09T00:00:00.000Z,28.647004951,0.014182424913794733,106.7889594934,97.237723008343,True
XLV,2012-03-12T00:00:00.000Z,28.647004951,0.018430605974487202,106.7967220113,97.2662104678605,True
XLV,2012-03-13T00:00:00.000Z,29.0554623839,0.025221729493030365,108.7218264639,97.30199432620398,True
XLV,2012-03-14T00:00:00.000Z,29.0476074332,0.02070107645525221,108.6053886946,97.3352486957785,True
XLV,2012-03-15T00:00:00.000Z,29.094737137,0.024336283185022678,109.2341526489,97.36633953827601,True
XLV,2012-03-16T00:00:00.000Z,29.0919800493,0.01860533553241539,109.3846601095,97.409752170559,True
XLV,2012-03-19T00:00:00.000Z,29.0840853465,0.021700866230853988,109.8134666887,97.455843388658,True
XLV,2012-03-20T00:00:00.000Z,28.9340859921,0.023776482564372037,109.4938108751,97.5053382157255,True
XLV,2012-03-21T00:00:00.000Z,28.9222439378,0.023357474453975735,109.3144917602,97.5592056117155,True
XLV,2012-03-22T00:00:00.000Z,28.823560152,0.019016088099232276,108.5270469511,97.60944124247152,True
XLV,2012-03-23T00:00:00.000Z,28.9104018835,0.017002653190846928,108.8778886977,97.6634929289375,True
XLV,2012-03-26T00:00:00.000Z,29.4156628667,0.03277895539544895,110.4059994163,97.721443298557,True
XLV,2012-03-27T00:00:00.000Z,29.4709257868,0.03073953785296224,110.062954153,97.78455126511649,True
XLV,2012-03-28T00:00:00.000Z,29.4077681639,0.034784806931634105,109.5172003249,97.84454863902148,True
XLV,2012-03-29T00:00:00.000Z,29.4709257868,0.03158974918496771,109.3300847267,97.897424894004,True
XLV,2012-03-30T00:00:00.000Z,29.6919774669,0.04104478650573973,109.7822807557,97.96134406995999,True
XLV,2012-04-02T00:00:00.000Z,29.7946086041,0.04694987856414823,110.5853185312,98.0282093289535,True
XLV,2012-04-03T00:00:00.000Z,29.7788191984,0.06014801131428782,110.1331225023,98.091371765848,True
XLV,2012-04-04T00:00:00.000Z,29.6169777897,0.04968973895825024,109.0416148462,98.14658255140301,True
XLV,2012-04-05T00:00:00.000Z,29.6130304383,0.03799091738442817,108.9870394634,98.1948055402695,True
XLV,2012-04-09T00:00:00.000Z,29.2419794037,0.020769167796692578,107.7629915919,98.2399012254495,True
XLV,2012-04-10T00:00:00.000Z,28.9104018835,0.009194571402858065,105.954207476,98.277372715945,True
XLV,2012-04-11T00:00:00.000Z,29.0130330207,-0.0014602886933753334,106.8118206344,98.32484954678301,True
XLV,2012-04-12T00:00:00.000Z,29.170927078,0.0042454320922504785,108.2073911376,98.3749683105115,True
XLV,2012-04-13T00:00:00.000Z,28.878823072,-0.0074210694526406495,106.9209714,98.4122470235385,True
XLV,2012-04-16T00:00:00.000Z,28.8867177749,-0.007055630935129065,106.8508030507,98.444915717134,True
XLV,2012-04-17T00:00:00.000Z,29.3130317295,0.00787187839233705,108.433489152,98.4807014699685,True
XLV,2012-04-18T00:00:00.000Z,29.2182952951,0.009822646655491152,108.0670544389,98.5071727100605,True
XLV,2012-04-19T00:00:00.000Z,29.281452918,0.01241981711282536,107.373167429,98.5305965957745,True
XLV,2012-04-20T00:00:00.000Z,29.4393469753,0.0213640098604293,107.5524865439,98.5543031415405,True
XLV,2012-04-23T00:00:00.000Z,29.2104005923,0.010376843255548662,106.648094486,98.5681541621675,True
XLV,2012-04-24T00:00:00.000Z,29.3130317295,-0.0034889962420728837,107.0535116154,98.58771588157501,True
XLV,2012-04-25T00:00:00.000Z,29.6209251411,0.005089740152214084,108.5192504679,98.623930440989,True
XLV,2012-04-26T00:00:00.000Z,29.6130304383,0.006979865770703864,109.2755093439,98.666113440081,True
XLV,2012-04-27T00:00:00.000Z,29.628819844,0.005357621214285624,109.4548284588,98.707504712061,True
XLV,2012-04-30T00:00:00.000Z,29.6130304383,-0.0026588673215857117,109.0494113294,98.750360656677,True
XLV,2012-05-01T00:00:00.000Z,29.7235562784,-0.0023847376766755746,109.7277053729,98.79369187778,True
XLV,2012-05-02T00:00:00.000Z,29.6682933583,-0.0037115588554276213,109.400253076,98.83952990217351,True
XLV,2012-05-03T00:00:00.000Z,29.5577675182,-0.0019992003208576525,108.5660293674,98.87306216235449,True
XLV,2012-05-04T00:00:00.000Z,29.170927078,-0.014929352172218358,106.8118206344,98.89813034663149,True
XLV,2012-05-07T00:00:00.000Z,29.2340847009,-0.00026997839958131653,106.889785467,98.916528096566,True
XLV,2012-05-08T00:00:00.000Z,29.2419794037,0.01146914254378606,106.4609788878,98.93243647487299,True
XLV,2012-05-09T00:00:00.000Z,29.0446118322,0.0010884353758351395,105.8294637439,98.94806510022099,True
XLV,2012-05-10T00:00:00.000Z,29.2498741066,0.0027063599449173026,106.0477652751,98.966703781732,True
XLV,2012-05-11T00:00:00.000Z,29.2182952951,0.011755057408455949,105.7281094615,98.994219459023,True
XLV,2012-05-14T00:00:00.000Z,29.1235588608,0.008198961465459176,104.5586369728,99.0173458707355,True
XLV,2012-05-15T00:00:00.000Z,28.9498753978,-0.012388903851747513,103.958307762,99.04088565273649,True
XLV,2012-05-16T00:00:00.000Z,28.997243615,-0.007565522829700133,103.5606871158,99.0645477348645,True
XLV,2012-05-17T00:00:00.000Z,28.7288237177,-0.018873011590223587,102.024779914,99.093154330159,True
XLV,2012-05-18T00:00:00.000Z,28.476193226,-0.03271654599227691,101.1515737891,99.11478566885951,True
XLV,2012-05-21T00:00:00.000Z,28.7525078262,-0.0156756756776798,102.8901895556,99.16778732974498,True
XLV,2012-05-22T00:00:00.000Z,28.6735607976,-0.021815243738724233,103.0695086705,99.2223762636675,True
XLV,2012-05-23T00:00:00.000Z,28.5472455518,-0.03624733475357367,103.1240840534,99.30724417315301,True
XLV,2012-05-24T00:00:00.000Z,28.823560152,-0.026659557452078264,103.3267926181,99.37309597904951,True
XLV,2012-05-25T00:00:00.000Z,28.7525078262,-0.029576338929930723,102.991543838,99.4571860745475,True
XLV,2012-05-29T00:00:00.000Z,28.8472442606,-0.025859770728144493,104.2389811592,99.5281743877015,True
XLV,2012-05-30T00:00:00.000Z,28.6814555005,-0.035059760956574704,102.7264634072,99.5885688054545,True
XLV,2012-05-31T00:00:00.000Z,28.5393508489,-0.03805215540260154,102.5003653927,99.63823999060048,True
XLV,2012-06-01T00:00:00.000Z,28.0340898657,-0.05154914529866994,99.9197294343,99.6789602058785,True
XLV,2012-06-04T00:00:00.000Z,28.0972474886,-0.03680649526595747,99.8729505348,99.71913955889801,True
XLV,2012-06-05T00:00:00.000Z,28.2551415459,-0.03348636240935099,100.6292094108,99.78289962688899,True
XLV,2012-06-06T00:00:00.000Z,28.6972449062,-0.018628509718157882,102.8901895556,99.86513996702,True
XLV,2012-06-07T00:00:00.000Z,28.7130343119,-0.011416145693928681,102.9525614217,99.94734682775052,True
XLV,2012-06-08T00:00:00.000Z,28.8867177749,-0.012415654521331976,103.7711921638,100.01941121226999,True
XLV,2012-06-11T00:00:00.000Z,28.6340872833,-0.019994596053588776,102.4535864932,100.07859472933349,True
XLV,2012-06-12T00:00:00.000Z,28.9025071806,-0.007590132828770857,103.6308554651,100.15057136588149,True
XLV,2012-06-13T00:00:00.000Z,28.8709283692,-0.002727024814966783,102.9681543882,100.2127498030915,True
XLV,2012-06-14T00:00:00.000Z,29.3051370266,0.010618023412429789,104.0596620443,100.26737801970499,True
XLV,2012-06-15T00:00:00.000Z,29.4146049765,0.023870843635602323,105.1186271793,100.32607319094899,True
XLV,2012-06-18T00:00:00.000Z,29.6130305363,0.03992237660692721,105.322375823,100.383715073024,True
XLV,2012-06-19T00:00:00.000Z,29.8828892975,0.0393141870661442,106.3411190415,100.4513621553695,True
XLV,2012-06-20T00:00:00.000Z,29.8035190736,0.03940767189593619,106.168716343,100.5300038539955,True
XLV,2012-06-21T00:00:00.000Z,29.3907939094,0.029549203129575208,103.7864245089,100.6000339968825,True
XLV,2012-06-22T00:00:00.000Z,29.6963692714,0.030281100419145668,104.5857461112,100.66139832763548,True
XLV,2012-06-25T00:00:00.000Z,29.3352347526,0.02026699479302496,102.9087380437,100.71917398931801,True
XLV,2012-06-26T00:00:00.000Z,29.4225419989,0.019942901065449492,103.4259461393,100.79150743416201,True
XLV,2012-06-27T00:00:00.000Z,29.7400228945,0.03690772924622143,104.3584880086,100.865625765592,True
XLV,2012-06-28T00:00:00.000Z,29.6050935139,0.03734291892771191,104.0607015293,100.934149470821,True
XLV,2012-06-29T00:00:00.000Z,30.1646535924,0.07599903320944867,106.6545784934,101.0093880927375,True
XLV,2012-07-02T00:00:00.000Z,30.259897861,0.07697018625320706,106.9758744315,101.078328774496,True
XLV,2012-07-03T00:00:00.000Z,30.2559293498,0.07081145924007326,107.6811581982,101.14805252546448,True
XLV,2012-07-05T00:00:00.000Z,30.0654408125,0.047676908036715426,107.1952960478,101.2200137305625,True
XLV,2012-07-06T00:00:00.000Z,29.8670152527,0.04019014250687314,106.1765528293,101.2874211758355,True
XLV,2012-07-09T00:00:00.000Z,30.0257557005,0.0394311992963674,106.0433325623,101.3678156996755,True
XLV,2012-07-10T00:00:00.000Z,29.8828892975,0.04361242605167037,105.1186271793,101.458126947513,True
XLV,2012-07-11T00:00:00.000Z,29.8590782304,0.03309647304376662,105.1343001519,101.5458939154865,True
XLV,2012-07-12T00:00:00.000Z,29.9305114319,0.036700692445705396,104.6249285426,101.62070058311548,True
XLV,2012-07-13T00:00:00.000Z,30.2638663722,0.03271540224260905,106.380301473,101.6992702357715,True
XLV,2012-07-16T00:00:00.000Z,30.319425529,0.030760928226739148,106.1295339115,101.7858424437735,True
XLV,2012-07-17T00:00:00.000Z,30.7083396261,0.03698740284137281,106.8583271371,101.872548902166,True
XLV,2012-07-18T00:00:00.000Z,30.7559617604,0.029216467464310503,107.649812253,101.97439759453249,True
XLV,2012-07-19T00:00:00.000Z,30.7559617604,0.03195739014738286,107.9319257597,102.09007584858051,True
XLV,2012-07-20T00:00:00.000Z,30.3591106409,0.03294625978750121,106.9445284864,102.1915221548035,True
XLV,2012-07-23T00:00:00.000Z,30.0019446334,0.010289990645230063,105.8630933775,102.279539078082,True
XLV,2012-07-24T00:00:00.000Z,29.668589693,0.011363636364643437,104.9540609671,102.35502720021299,True
XLV,2012-07-25T00:00:00.000Z,29.811456096,0.01321823577019754,104.977570426,102.4336411974135,True
XLV,2012-07-26T00:00:00.000Z,30.0971889021,0.01200960768816528,106.7094338975,102.50598857801099,True
XLV,2012-07-27T00:00:00.000Z,30.8194579395,0.041018766754776115,108.6763919579,102.58770792925301,True
XLV,2012-07-30T00:00:00.000Z,30.6607174917,0.01644520457629195,108.6763919579,102.66537760849,True
XLV,2012-07-31T00:00:00.000Z,30.4702289544,0.006950819674480302,107.9162527871,102.7401722311885,True
XLV,2012-08-01T00:00:00.000Z,30.4861029992,0.007607555092387974,107.8222149516,102.80655159391901,True
XLV,2012-08-02T00:00:00.000Z,30.1924331707,0.004223864835110058,107.0777487534,102.8782336089835,True
XLV,2012-08-03T00:00:00.000Z,30.5495991783,0.022854105769350097,109.2014365397,102.95147051135,True
XLV,2012-08-06T00:00:00.000Z,30.5575362007,0.017710811528089065,109.4130216697,103.03135774356349,True
XLV,2012-08-07T00:00:00.000Z,30.4861029992,0.020185922977349557,109.9615757105,103.11194362582599,True
XLV,2012-08-08T00:00:00.000Z,30.5972213126,0.02472089314024717,110.0947959775,103.18428633101298,True
XLV,2012-08-09T00:00:00.000Z,30.5813472678,0.02174489525114942,110.1888338131,103.2512368430475,True
XLV,2012-08-10T00:00:00.000Z,30.7083396261,0.014686598481292723,110.3690729979,103.32849921737899,True
XLV,2012-08-13T00:00:00.000Z,30.6289694022,0.010209424083709173,110.3142175938,103.40066627658899,True
XLV,2012-08-14T00:00:00.000Z,30.7083396261,0.0,110.3298905664,103.45621162468,True
XLV,2012-08-15T00:00:00.000Z,30.7797728276,0.0007741935493839058,110.4552743471,103.51249959658898,True
XLV,2012-08-16T00:00:00.000Z,30.7004026037,-0.0018064516119777885,111.270268922,103.58481871586301,True
XLV,2012-08-17T00:00:00.000Z,30.5416621559,0.006013071896581401,111.4191621616,103.67138120801748,True
XLV,2012-08-20T00:00:00.000Z,30.605158335,0.02010582010502282,111.4269986479,103.750307789947,True
XLV,2012-08-21T00:00:00.000Z,30.5019770439,0.028089887639540345,111.0900297371,103.818833090436,True
XLV,2012-08-22T00:00:00.000Z,30.5257881111,0.023961661342528195,111.1370486549,103.89056324498398,True
XLV,2012-08-23T00:00:00.000Z,30.4861029992,0.01292194092827259,110.2280162445,103.954739909705,True
XLV,2012-08-24T00:00:00.000Z,30.748024738,-0.0023177955186696186,110.8941175797,104.01599901572348,True
XLV,2012-08-27T00:00:00.000Z,30.7797728276,0.003882992494621984,110.9176270386,104.09557990890549,True
XLV,2012-08-28T00:00:00.000Z,30.7321506932,0.008595988536613142,110.8079162305,104.1701383246895,True
XLV,2012-08-29T00:00:00.000Z,30.8353319843,0.011455350167555611,110.8941175797,104.23610276389451,True
XLV,2012-08-30T00:00:00.000Z,30.7321506932,0.017875920083968877,110.0947959775,104.30269879166501,True
XLV,2012-08-31T00:00:00.000Z,30.8273949619,0.00909327097807977,110.6198405594,104.36952880744701,True
XLV,2012-09-04T00:00:00.000Z,30.890891141,0.010909090906758623,110.5179662375,104.44356311258099,True
XLV,2012-09-05T00:00:00.000Z,30.8988281634,0.013538141106812951,110.4239284019,104.52472518458451,True
XLV,2012-09-06T00:00:00.000Z,31.3909235516,0.02594033722510458,112.6651634827,104.6175948199545,True
XLV,2012-09-07T00:00:00.000Z,31.3750495068,0.025953802232765444,113.1040067153,104.72160651820252,True
XLV,2012-09-10T00:00:00.000Z,31.2639311934,0.01809253037008185,112.461414839,104.824217967395,True
XLV,2012-09-11T00:00:00.000Z,31.2798052381,0.021249028243609525,112.7748742909,104.9385401780115,True
XLV,2012-09-12T00:00:00.000Z,31.2956792829,0.019126389246418407,113.1510256331,105.055591648045,True
XLV,2012-09-13T00:00:00.000Z,31.6131601785,0.027075812273465116,114.8750526183,105.16826573428402,True
XLV,2012-09-14T00:00:00.000Z,31.4861678203,0.02559462254430822,115.3844242275,105.2821753562055,True
XLV,2012-09-17T00:00:00.000Z,31.6687193352,0.03690228690065833,114.9925999127,105.37507311397799,True
XLV,2012-09-18T00:00:00.000Z,31.7719006263,0.03812240663907018,114.8985620772,105.46757781918299,True
XLV,2012-09-19T00:00:00.000Z,31.8036487159,0.04267499349719417,114.9612539675,105.56082023519201,True
XLV,2012-09-20T00:00:00.000Z,31.9385780965,0.04628185127466944,114.9690904538,105.648856544179,True
XLV,2012-09-21T00:00:00.000Z,32.056442879,0.051510023430715535,114.9216405293,105.736501330324,True
XLV,2012-09-24T00:00:00.000Z,32.1441813392,0.04540638343752068,114.7483166045,105.821466786519,True
XLV,2012-09-25T00:00:00.000Z,32.120172906,0.04354808223919293,113.5271707704,105.91104850228001,True
XLV,2012-09-26T00:00:00.000Z,31.9567400833,0.039847175107434296,112.8890235925,105.989340138142,True
XLV,2012-09-27T00:00:00.000Z,32.1401932274,0.0423170810602711,113.9526022222,106.080046235237,True
XLV,2012-09-28T00:00:00.000Z,32.0006093134,0.04127464533358105,113.4247520875,106.17258700501651,True
XLV,2012-10-01T00:00:00.000Z,32.1920386811,0.04426724090331291,113.7241297759,106.2716771111675,True
XLV,2012-10-02T00:00:00.000Z,32.335610707,0.04676846515711208,113.8423051792,106.36966108892351,True
XLV,2012-10-03T00:00:00.000Z,32.6068023113,0.05527634054171404,114.3071284321,106.4692744520695,True
XLV,2012-10-04T00:00:00.000Z,32.8062079028,0.045085782483384795,115.126477895,106.57803019919999,True
XLV,2012-10-05T00:00:00.000Z,32.8381127974,0.04663142572198664,115.1343562552,106.6726975554555,True
XLV,2012-10-08T00:00:00.000Z,32.8141841264,0.049585988512131474,114.7404382442,106.7644638195015,True
XLV,2012-10-09T00:00:00.000Z,32.4153729436,0.03630354143371828,113.6059543726,106.8462882793145,True
XLV,2012-10-10T00:00:00.000Z,32.1760862338,0.028131900986761993,112.8811452323,106.92014168337201,True
XLV,2012-10-11T00:00:00.000Z,32.2000149048,0.018563621067504643,112.9441721141,106.99392209594102,True
XLV,2012-10-12T00:00:00.000Z,32.1521575629,0.021151819630797375,112.5738891837,107.0722939837595,True
XLV,2012-10-15T00:00:00.000Z,32.614778535,0.029873617236818584,113.5114140499,107.150346671829,True
XLV,2012-10-16T00:00:00.000Z,32.9657323759,0.03757508131609133,114.661654642,107.23655694342452,True
XLV,2012-10-17T00:00:00.000Z,32.9657323759,0.036539318817812916,115.1816264166,107.31760455593901,True
XLV,2012-10-18T00:00:00.000Z,32.9737085996,0.03241003716484925,114.8822487282,107.396379028216,True
XLV,2012-10-19T00:00:00.000Z,32.3834680489,0.010201542670669417,112.9678071947,107.46426166477352,True
XLV,2012-10-22T00:00:00.000Z,32.4073967199,0.008188585608151833,112.9835639152,107.53350390039598,True
XLV,2012-10-23T00:00:00.000Z,31.9766806424,-0.004467356512056431,111.4157702314,107.5937039773165,True
XLV,2012-10-24T00:00:00.000Z,32.032514208,0.0023711468848977013,111.1006358226,107.64802018472851,True
XLV,2012-10-25T00:00:00.000Z,32.287753365,0.0045911403380800575,111.4236485916,107.703679767857,True
XLV,2012-10-26T00:00:00.000Z,32.1601337865,0.004985044863917709,111.3606217099,107.75782102629401,True
XLV,2012-10-31T00:00:00.000Z,31.9279459159,-0.008203666994071157,111.3606217099,107.814562728246,True
XLV,2012-11-01T00:00:00.000Z,32.1920386811,-0.004440059202868829,112.5266190224,107.875193787272,True
XLV,2012-11-02T00:00:00.000Z,32.0165617607,-0.018101761251070325,111.5260672745,107.92527188722099,True
XLV,2012-11-05T00:00:00.000Z,32.032514208,-0.02358375881456143,111.7545397209,107.973814280708,True
XLV,2012-11-06T00:00:00.000Z,32.0644191026,-0.023560845276749842,112.6290377053,108.0248273472185,True
XLV,2012-11-07T00:00:00.000Z,31.5300121176,-0.03913466212822425,110.076448994,108.0643970982245,True
XLV,2012-11-08T00:00:00.000Z,31.1551296057,-0.038877952756943834,108.752884477,108.097931215492,True
XLV,2012-11-09T00:00:00.000Z,31.2428680659,-0.029003470500389206,108.8474247997,108.1276686494985,True
XLV,2012-11-12T00:00:00.000Z,31.4023925391,-0.02477086945637097,108.9340867621,108.16047864942101,True
XLV,2012-11-13T00:00:00.000Z,31.2827491842,-0.027040436617640884,108.5559254715,108.1916307184295,True
XLV,2012-11-14T00:00:00.000Z,30.9078666723,-0.052335534361156455,107.0905504706,108.217202478973,True
XLV,2012-11-15T00:00:00.000Z,30.8201282121,-0.0650858940227449,106.9093481856,108.2420622910405,True
XLV,2012-11-16T00:00:00.000Z,31.0514386981,-0.05806919912992636,107.4371983203,108.26509790595802,True
XLV,2012-11-19T00:00:00.000Z,31.3784638681,-0.0483792936630536,109.611625741,108.2981905935935,True
XLV,2012-11-20T00:00:00.000Z,31.5539407886,-0.025615763544762693,109.6588959023,108.3243004903385,True
XLV,2012-11-21T00:00:00.000Z,31.5300121176,-0.027073590942318315,109.8637332681,108.35178388722052,True
XLV,2012-11-23T00:00:00.000Z,31.9208470768,-0.0017460713394362726,111.3606217099,108.38543209825899,True
XLV,2012-11-26T00:00:00.000Z,31.7788702957,-0.007918326693090338,111.1242709033,108.41634605167401,True
XLV,2012-11-27T00:00:00.000Z,31.5858456832,-0.021739130433301446,110.5570289674,108.443763981383,True
XLV,2012-11-28T00:00:00.000Z,31.8331086166,-0.010168650792033551,111.4472836723,108.4795144435935,True
XLV,2012-11-29T00:00:00.000Z,32.056442879,0.004024592231472335,111.9672554468,108.51398350569949,True
XLV,2012-11-30T00:00:00.000Z,32.0963239973,-0.0029732408297644675,111.9908905275,108.54923055723549,True
XLV,2012-12-03T00:00:00.000Z,32.0244582221,0.0002466367706508432,111.4394053121,108.58416537584999,True
XLV,2012-12-04T00:00:00.000Z,32.0923358854,0.0018675298795327588,111.2818381077,108.6125292825665,True
XLV,2012-12-05T00:00:00.000Z,32.2000149048,0.004228855722167246,111.4787971132,108.64048073107901,True
XLV,2012-12-06T00:00:00.000Z,32.1840624575,0.020743738932307965,111.8569584037,108.6700901105055,True
XLV,2012-12-07T00:00:00.000Z,32.287753365,0.03635432667539851,112.1957278932,108.703101091329,True
XLV,2012-12-10T00:00:00.000Z,32.4233491672,0.037784018381732176,112.2429980545,108.734019667573,True
XLV,2012-12-11T00:00:00.000Z,32.7663267845,0.04343408686779937,113.0071989958,108.76759487083051,True
XLV,2012-12-12T00:00:00.000Z,32.7184694425,0.045894951554486196,113.0623475174,108.80055312713101,True
XLV,2012-12-13T00:00:00.000Z,32.4393016145,0.04954838709630183,112.369051818,108.828492401344,True
XLV,2012-12-14T00:00:00.000Z,32.311682036,0.048395445133625925,111.9514987264,108.85643978994649,True
XLV,2012-12-17T00:00:00.000Z,32.566921193,0.04880554842029694,113.2671848831,108.8882099154585,True
XLV,2012-12-18T00:00:00.000Z,32.8221603501,0.04600915099185876,114.5277225183,108.927912857917,True
XLV,2012-12-19T00:00:00.000Z,32.4712065092,0.029069767441897376,113.6768596145,108.9655349908835,True
XLV,2012-12-20T00:00:00.000Z,32.5190638511,0.03136858082423366,114.3307635128,109.0141891612955,True
XLV,2012-12-21T00:00:00.000Z,32.2469868859,0.010217141428462861,113.3001400639,109.054041831025,True
XLV,2012-12-24T00:00:00.000Z,32.1186725884,0.010692711526186116,112.9510115421,109.08690915852651,True
XLV,2012-12-26T00:00:00.000Z,32.0063975781,0.013314568149229045,112.4749271942,109.1153389970305,True
XLV,2012-12-27T00:00:00.000Z,31.9582797166,0.003932104197160502,112.3241671507,109.1429762227275,True
XLV,2012-12-28T00:00:00.000Z,31.6455136165,-0.01281892891395009,111.1101520635,109.15491785072551,True
XLV,2012-12-31T00:00:00.000Z,31.9827396295,-0.003538859085842727,112.9986199769,109.17688400713699,True
XLV,2013-01-02T00:00:00.000Z,32.6118806694,0.018342931618890557,115.89479976,109.2101872426925,True
XLV,2013-01-03T00:00:00.000Z,32.6559887091,0.01756347140678005,115.6329533687,109.2414287089885,True
XLV,2013-01-04T00:00:00.000Z,32.8003422938,0.01864369910308672,116.1407766731,109.2730652589105,True
XLV,2013-01-07T00:00:00.000Z,32.9045976605,0.022387950680604396,115.8233871078,109.304713140074,True
XLV,2013-01-08T00:00:00.000Z,32.9126173041,0.019352970522171997,115.4901280643,109.33559132159449,True
XLV,2013-01-09T00:00:00.000Z,33.2735012658,0.026220366508590942,115.7837134122,109.3718746539,True
XLV,2013-01-10T00:00:00.000Z,33.50607093,0.022576352557465595,116.7041431515,109.411005926169,True
XLV,2013-01-11T00:00:00.000Z,33.4980512864,0.023826965539144318,116.6962084123,109.442456971149,True
XLV,2013-01-14T00:00:00.000Z,33.5301298607,0.033626748786490746,116.616861021,109.475226505489,True
XLV,2013-01-15T00:00:00.000Z,33.4900316428,0.03646822240597514,116.6962084123,109.51112154592602,True
XLV,2013-01-16T00:00:00.000Z,33.4178548504,0.02612877196334118,116.6803389341,109.547872816963,True
XLV,2013-01-17T00:00:00.000Z,33.7145816634,0.02718959702167445,117.4341391516,109.58613210894251,True
XLV,2013-01-18T00:00:00.000Z,33.8268566737,0.04174930069555338,117.695985543,109.6216854440015,True
XLV,2013-01-22T00:00:00.000Z,33.9230923968,0.043175552412235474,118.3307646735,109.66267365485751,True
XLV,2013-01-23T00:00:00.000Z,33.8829941788,0.050733648346392934,118.5211984127,109.71007157269,True
XLV,2013-01-24T00:00:00.000Z,34.0995245558,0.06167290886471455,118.5529373692,109.757901062219,True
XLV,2013-01-25T00:00:00.000Z,34.3641727944,0.07366574793513392,119.2194554563,109.81518338154099,True
XLV,2013-01-28T00:00:00.000Z,34.2438781405,0.07151819322467468,119.0766301519,109.88079549492049,True
XLV,2013-01-29T00:00:00.000Z,34.6127817457,0.09376583882186895,119.5447797607,109.944460290552,True
XLV,2013-01-30T00:00:00.000Z,34.508526379,0.07897343313173488,119.0766301519,109.9988064856235,True
XLV,2013-01-31T00:00:00.000Z,34.4122906559,0.05520718062081409,118.783044804,110.05811685264351,True
XLV,2013-02-01T00:00:00.000Z,34.6849585381,0.06213163065047844,120.0049946303,110.1238878105415,True
XLV,2013-02-04T00:00:00.000Z,34.3000156456,0.04572127139305704,118.6560889779,110.175000809671,True
XLV,2013-02-05T00:00:00.000Z,34.6769388945,0.05386302705434942,119.8542345868,110.2339367104105,True
XLV,2013-02-06T00:00:00.000Z,34.6689192509,0.05336257309992809,119.9415167173,110.29677845685201,True
XLV,2013-02-07T00:00:00.000Z,34.5406049534,0.03808146541230939,119.7828219346,110.3579301338055,True
XLV,2013-02-08T00:00:00.000Z,34.7972335484,0.03853518429831615,120.4493400217,110.42693636148401,True
XLV,2013-02-11T00:00:00.000Z,34.725056756,0.036629159681839774,120.4255358043,110.4937964824285,True
XLV,2013-02-12T00:00:00.000Z,34.6849585381,0.03444152116910071,120.6239042826,110.554319751502,True
XLV,2013-02-13T00:00:00.000Z,34.6608996073,0.034961685823062805,120.7270558913,110.611577484239,True
XLV,2013-02-14T00:00:00.000Z,34.7314724709,0.03930885529249584,120.8381422392,110.668494053141,True
XLV,2013-02-15T00:00:00.000Z,34.8132728356,0.03258801141800105,120.6953169348,110.726723581168,True
XLV,2013-02-19T00:00:00.000Z,35.0298032126,0.03556187766731744,121.5998771958,110.78608444028251,True
XLV,2013-02-20T00:00:00.000Z,34.8012433702,0.025886524822920753,120.0843420216,110.8395048850105,True
XLV,2013-02-21T00:00:00.000Z,34.6448603201,0.022485207100637172,119.3543460215,110.893446468281,True
XLV,2013-02-22T00:00:00.000Z,34.7972335484,0.020460959549693403,120.5207526739,110.96199112847849,True
XLV,2013-02-25T00:00:00.000Z,34.4122906559,0.001400233370606463,118.2276130648,111.01868026646751,True
XLV,2013-02-26T00:00:00.000Z,34.5005067354,0.007494145197196156,119.0369564562,111.0815601543095,True
XLV,2013-02-27T00:00:00.000Z,34.8774299843,0.0076459684906105,120.5366221522,111.15509594635101,True
XLV,2013-02-28T00:00:00.000Z,34.8453514099,0.009760632117428392,120.2985799782,111.22635001986652,True
XLV,2013-03-01T00:00:00.000Z,35.1099996485,0.020274994175093486,120.6953169348,111.301186057233,True
XLV,2013-03-04T00:00:00.000Z,35.3024710947,0.01780346820716794,121.3380308045,111.38508302639151,True
XLV,2013-03-05T00:00:00.000Z,35.6072175512,0.038110825344993327,122.4250900655,111.477416937909,True
XLV,2013-03-06T00:00:00.000Z,35.6793943436,0.028908418131999625,122.5917195873,111.5725721002665,True
XLV,2013-03-07T00:00:00.000Z,35.6553354128,0.02845246356718767,122.813892283,111.67651766211151,True
XLV,2013-03-08T00:00:00.000Z,35.7194925615,0.034130485256134824,123.3375850657,111.78744771849449,True
XLV,2013-03-11T00:00:00.000Z,35.9039443642,0.03180456326393477,123.8057346745,111.89202544408901,True
XLV,2013-03-12T00:00:00.000Z,36.064337236,0.03856812933123832,123.5280188049,111.994317994761,True
XLV,2013-03-13T00:00:00.000Z,36.0723568796,0.039999999999308145,123.7025830658,112.097210489823,True
XLV,2013-03-14T00:00:00.000Z,36.104435454,0.0416473854705135,124.3611664137,112.20238235880099,True
XLV,2013-03-15T00:00:00.000Z,36.0275671701,0.03731758566487331,124.1974886149,112.30841208268549,True
XLV,2013-03-18T00:00:00.000Z,35.7939880403,0.028170726990572437,123.5120632141,112.40477749296001,True
XLV,2013-03-19T00:00:00.000Z,35.8181513985,0.022505070357244694,123.2251409533,112.5072708806905,True
XLV,2013-03-20T00:00:00.000Z,36.1161661504,0.037783787384043865,124.0859077357,112.6151985924055,True
XLV,2013-03-21T00:00:00.000Z,35.9148048316,0.03665607249578695,123.0258893833,112.7307293921505,True
XLV,2013-03-22T00:00:00.000Z,36.1886562252,0.039986589016182794,124.0141771705,112.851435525329,True
XLV,2013-03-25T00:00:00.000Z,36.0839483394,0.04857734407207781,123.4961230885,112.96577009371751,True
XLV,2013-03-26T00:00:00.000Z,36.5027798826,0.05803605038489268,124.4844108757,113.073741200318,True
XLV,2013-03-27T00:00:00.000Z,36.688032296,0.051913295002385285,124.4844108757,113.18140044758799,True
XLV,2013-03-28T00:00:00.000Z,37.0577316774,0.0634914035296954,124.8669738901,113.2868793562195,True
XLV,2013-04-01T00:00:00.000Z,37.1068638392,0.056874514687877964,124.3728299965,113.39647557373601,True
XLV,2013-04-02T00:00:00.000Z,37.6465121738,0.06639878190996962,124.9865248321,113.50325392057101,True
XLV,2013-04-03T00:00:00.000Z,37.4209874966,0.05093826673740964,123.7192848469,113.6070095728645,True
XLV,2013-04-04T00:00:00.000Z,37.5901310045,0.053552945504041105,124.2213988033,113.70781825665951,True
XLV,2013-04-05T00:00:00.000Z,37.3807152329,0.04839050874502804,123.6634944073,113.8005425927995,True
XLV,2013-04-08T00:00:00.000Z,37.4129330439,0.04740942160598505,124.5003510013,113.896432468691,True
XLV,2013-04-09T00:00:00.000Z,37.5337498352,0.04539349366375145,124.9307343925,113.989380545446,True
XLV,2013-04-10T00:00:00.000Z,38.1660243764,0.058276050566155035,126.4609864502,114.090841895982,True
XLV,2013-04-11T00:00:00.000Z,38.5325019767,0.06820028714262594,126.8754297158,114.2062869220165,True
XLV,2013-04-12T00:00:00.000Z,38.6049920515,0.06925898621752213,126.5645972666,114.3161811777935,True
XLV,2013-04-15T00:00:00.000Z,37.9042546619,0.052090319697120746,123.6316141561,114.41979555835549,True
XLV,2013-04-16T00:00:00.000Z,38.4519574492,0.07425742574164773,125.4567585373,114.52994962034549,True
XLV,2013-04-17T00:00:00.000Z,38.2747594886,0.06858556330193188,123.6236440933,114.626275400769,True
XLV,2013-04-18T00:00:00.000Z,37.8076012288,0.04683318465631969,122.8505480017,114.720224633131,True
XLV,2013-04-19T00:00:00.000Z,38.3391951106,0.06750392464521693,123.9185364169,114.8065444227485,True
XLV,2013-04-22T00:00:00.000Z,38.5727742405,0.06588025817990495,124.4684707501,114.8940074043415,True
XLV,2013-04-23T00:00:00.000Z,38.8144078231,0.07566964285664413,125.7516508609,114.984359867655,True
XLV,2013-04-24T00:00:00.000Z,38.1458882445,0.045013239188482324,125.8313514889,115.0775401448605,True
XLV,2013-04-25T00:00:00.000Z,38.2989228469,0.04390779363426445,126.3414355082,115.178364558255,True
XLV,2013-04-26T00:00:00.000Z,38.2868411677,0.03316742376462245,126.1182737498,115.2787392641925,True
XLV,2013-04-29T00:00:00.000Z,38.4116851854,0.03516388105053436,126.9631004066,115.38796163032902,True
XLV,2013-04-30T00:00:00.000Z,38.1217248863,0.012623020966885834,127.265962793,115.49861994353451,True
XLV,2013-05-01T00:00:00.000Z,37.7190022485,0.007963839861977906,126.150154001,115.60624607082651,True
XLV,2013-05-02T00:00:00.000Z,38.1378337918,0.014570387829572429,127.3217532326,115.7109533296245,True
XLV,2013-05-03T00:00:00.000Z,38.3955762799,0.027149321265709236,128.6129034062,115.823370177098,True
XLV,2013-05-06T00:00:00.000Z,38.1458882445,0.01959095801817945,128.939675981,115.93377692131749,True
XLV,2013-05-07T00:00:00.000Z,38.2667050358,0.01952789699452362,129.5932211306,116.04349396570551,True
XLV,2013-05-08T00:00:00.000Z,38.3794673744,0.005592487074236097,130.1830057778,116.154749365796,True
XLV,2013-05-09T00:00:00.000Z,38.4277940909,-0.002717391304185579,129.816382889,116.269108637809,True
XLV,2013-05-10T00:00:00.000Z,38.8063533704,0.005215939913454148,130.2387962174,116.39098715200849,True
XLV,2013-05-13T00:00:00.000Z,39.1285314806,0.03229919252127145,130.3424070338,116.517928882342,True
XLV,2013-05-14T00:00:00.000Z,39.5231996655,0.027859237535962977,131.6893476471,116.65148776844751,True
XLV,2013-05-15T00:00:00.000Z,39.7326154371,0.03808922558832073,132.3986832363,116.77993401514152,True
XLV,2013-05-16T00:00:00.000Z,39.3218383467,0.0400511291032799,131.7770183379,116.8954371470415,True
XLV,2013-05-17T00:00:00.000Z,39.5473630238,0.03151260504334297,133.0522283859,117.0173163291815,True
XLV,2013-05-20T00:00:00.000Z,39.2735116301,0.018166631863991034,133.0442583231,117.14295635686149,True
XLV,2013-05-21T00:00:00.000Z,39.7003976261,0.022826312513589686,133.2355398303,117.27002298125498,True
XLV,2013-05-22T00:00:00.000Z,39.7003976261,0.040751689189571616,132.2472520431,117.39587049770348,True
XLV,2013-05-23T00:00:00.000Z,39.6842887206,0.03617245005135006,131.8646890287,117.50918676014851,True
XLV,2013-05-24T00:00:00.000Z,39.5634719293,0.033343851899618526,131.7531081495,117.62088719254751,True
XLV,2013-05-28T00:00:00.000Z,39.966194567,0.040469700147153675,132.5421443667,117.73379003582852,True
XLV,2013-05-29T00:00:00.000Z,39.3379472522,0.03190365518683769,131.6813775843,117.84172294386252,True
XLV,2013-05-30T00:00:00.000Z,39.6198530986,0.0503950459128486,132.1675514151,117.9516165318725,True
XLV,2013-05-31T00:00:00.000Z,38.7499722011,0.016050686377253376,130.2706764686,118.051124549226,True
XLV,2013-06-03T00:00:00.000Z,38.9593879727,0.014684287811957075,130.9879821206,118.15449337185999,True
XLV,2013-06-04T00:00:00.000Z,38.7177543901,0.014991554055172607,130.3583471594,118.254635654825,True
XLV,2013-06-05T00:00:00.000Z,38.1539426973,-0.0029467480514588917,128.5332027782,118.34502529698051,True
XLV,2013-06-06T00:00:00.000Z,38.7096999373,0.008604407134640724,129.696831947,118.4371581121055,True
XLV,2013-06-07T00:00:00.000Z,39.0640958585,0.01655837350681244,131.3466349467,118.536795476031,True
XLV,2013-06-10T00:00:00.000Z,39.1204770278,0.008094645080452434,131.3466349467,118.636393657525,True
XLV,2013-06-11T00:00:00.000Z,38.9593879727,-0.004322766572107728,129.9917242706,118.7309021301925,True
XLV,2013-06-12T00:00:00.000Z,38.5647197878,-0.024251069898489575,128.9157657926,118.81979571588101,True
XLV,2013-06-13T00:00:00.000Z,39.1607492916,-0.01439286438128684,130.8764012414,118.9230376408655,True
XLV,2013-06-14T00:00:00.000Z,39.0963136695,-0.005735354364960088,130.055484773,119.018844476832,True
XLV,2013-06-17T00:00:00.000Z,39.1849126498,-0.00916496945148726,131.0597126859,119.11955490506851,True
XLV,2013-06-18T00:00:00.000Z,39.5151452128,0.006152584087102619,132.0958208499,119.2259944281655,True
XLV,2013-06-19T00:00:00.000Z,38.8868978979,-0.020490971799868918,130.2706764686,119.32287722261,True
XLV,2013-06-20T00:00:00.000Z,37.8881457564,-0.04564820450333673,127.0428010346,119.40761724789549,True
XLV,2013-06-21T00:00:00.000Z,38.2563953363,-0.03598132738004156,127.4485728719,119.491760909458,True
XLV,2013-06-24T00:00:00.000Z,37.9368166928,-0.0411150780550007,125.8381395314,119.5683617759275,True
XLV,2013-06-25T00:00:00.000Z,38.1309910585,-0.045918895416060534,127.0479675633,119.65148197173448,True
XLV,2013-06-26T00:00:00.000Z,38.6811517612,-0.016696231930690586,128.3058682322,119.72968549548199,True
XLV,2013-06-27T00:00:00.000Z,38.8186919369,-0.020221204750713873,129.0590062123,119.80946049296699,True
XLV,2013-06-28T00:00:00.000Z,38.5193397898,-0.005951808432354211,128.530207205,119.889804454797,True
XLV,2013-07-01T00:00:00.000Z,38.6245175712,-0.008595371203845681,129.2833451852,119.97234680926849,True
XLV,2013-07-02T00:00:00.000Z,38.5436115855,-0.004497750640324427,129.1631635926,120.052407499066,True
XLV,2013-07-03T00:00:00.000Z,38.4869773955,0.00872870992238406,129.2192483358,120.12412847765349,True
XLV,2013-07-05T00:00:00.000Z,39.0128663026,0.007831793214389426,130.6133548096,120.200273130564,True
XLV,2013-07-08T00:00:00.000Z,39.231312464,0.0042805702224799624,131.3584806836,120.2821025344185,True
XLV,2013-07-09T00:00:00.000Z,39.3405355446,0.005625149116756045,132.3039092118,120.3691292700915,True
XLV,2013-07-10T00:00:00.000Z,39.6034799982,0.01653239588751587,132.3519818489,120.4560829094985,True
XLV,2013-07-11T00:00:00.000Z,40.113187708,0.040152448370436744,134.1547057375,120.55201098591701,True
XLV,2013-07-12T00:00:00.000Z,40.3559056651,0.030519241718298007,134.2107904807,120.64845673567399,True
XLV,2013-07-15T00:00:00.000Z,40.396358658,0.03325236746077653,134.7235652757,120.74833297903,True
XLV,2013-07-16T00:00:00.000Z,40.1617312995,0.024928437596121178,134.2188025869,120.85179113811249,True
XLV,2013-07-17T00:00:00.000Z,40.2669090809,0.01902470215031582,134.5633231522,120.960162635911,True
XLV,2013-07-18T00:00:00.000Z,40.3801774608,0.038400583322966586,135.30043692,121.0669018094,True
XLV,2013-07-19T00:00:00.000Z,40.9141569664,0.07986696497251655,135.5408001052,121.1774820494885,True
XLV,2013-07-22T00:00:00.000Z,41.1164219307,0.07475943745505553,135.8051996088,121.287887398653,True
XLV,2013-07-23T00:00:00.000Z,40.9707911564,0.07997440818949397,135.5167637867,121.39625969169049,True
XLV,2013-07-24T00:00:00.000Z,40.9060663679,0.07277742414673982,135.020013204,121.49982411555,True
XLV,2013-07-25T00:00:00.000Z,41.1083313321,0.06274837900081964,135.3485095571,121.60093427386052,True
XLV,2013-07-26T00:00:00.000Z,41.3753210849,0.06586077532328538,135.4927274682,121.70272612992548,True
XLV,2013-07-29T00:00:00.000Z,41.2539621063,0.07099348876234202,135.0760979472,121.8044044284405,True
XLV,2013-07-30T00:00:00.000Z,41.2620527049,0.06828655215791368,135.0760979472,121.9117551463135,True
XLV,2013-07-31T00:00:00.000Z,41.2782339021,0.07094878253777215,135.1722432213,122.0232106362585,True
XLV,2013-08-01T00:00:00.000Z,41.5371330563,0.07925162917981265,136.7346039248,122.142162795312,True
XLV,2013-08-02T00:00:00.000Z,41.5533142534,0.06511820821098424,136.9669550037,122.264128124412,True
XLV,2013-08-05T00:00:00.000Z,41.4966800634,0.0577438647121169,136.7666523494,122.38040431590952,True
XLV,2013-08-06T00:00:00.000Z,41.3025056978,0.04987146529756137,135.9894780508,122.4870434329535,True
XLV,2013-08-07T00:00:00.000Z,41.334868092,0.04371807967074348,135.5488122114,122.58887936192748,True
XLV,2013-08-08T00:00:00.000Z,41.334868092,0.03045582896311072,136.045562794,122.69469593225651,True
XLV,2013-08-09T00:00:00.000Z,41.1892373178,0.020649558942265722,135.6529695916,122.80812174424099,True
XLV,2013-08-12T00:00:00.000Z,41.0193347478,0.015421590224856452,135.4927274682,122.920667562006,True
XLV,2013-08-13T00:00:00.000Z,41.1730561207,0.025181305398868314,135.8933327767,123.0430553747325,True
XLV,2013-08-14T00:00:00.000Z,40.8494321779,0.014466546111837175,135.1962795398,123.1635335933185,True
XLV,2013-08-15T00:00:00.000Z,40.1617312995,-0.005409737525598146,133.3054224833,123.272942462777,True
XLV,2013-08-16T00:00:00.000Z,39.9756475324,-0.02293850108584017,132.8647566439,123.38046313744701,True
XLV,2013-08-19T00:00:00.000Z,40.0484629195,-0.025974025974341952,132.0154733897,123.483737395846,True
XLV,2013-08-20T00:00:00.000Z,40.1617312995,-0.01974723538560752,132.6644539896,123.58442657068201,True
XLV,2013-08-21T00:00:00.000Z,39.9190133424,-0.02412974683565683,131.8472191601,123.68603233011001,True
XLV,2013-08-22T00:00:00.000Z,40.1779124966,-0.022633339893645132,133.0490350858,123.7925048069345,True
XLV,2013-08-23T00:00:00.000Z,40.283090278,-0.02639812280027498,133.4977130314,123.896848183565,True
XLV,2013-08-26T00:00:00.000Z,40.339724468,-0.022161208078493533,133.0009624488,124.011470750839,True
XLV,2013-08-27T00:00:00.000Z,39.6843859838,-0.038235294118381336,130.861730101,124.122014978959,True
XLV,2013-08-28T00:00:00.000Z,39.8542885538,-0.034496275971428125,131.3264322589,124.23441001625501,True
XLV,2013-08-29T00:00:00.000Z,39.9756475324,-0.03759252045112371,131.5347470194,124.34741331754151,True
XLV,2013-08-30T00:00:00.000Z,39.8219261595,-0.04166666666686725,131.1181174984,124.460224277676,True
XLV,2013-09-03T00:00:00.000Z,40.0808253138,-0.034119711442862743,131.7110133551,124.58332659209852,True
XLV,2013-09-04T00:00:00.000Z,40.5419894322,-0.018413320275639133,132.8006597945,124.71278315014301,True
XLV,2013-09-05T00:00:00.000Z,40.5986236222,-0.017811704833829878,132.9689140241,124.84044172866199,True
XLV,2013-09-06T00:00:00.000Z,40.6148048194,-0.017420238792037246,133.0330108735,124.95754865432451,True
XLV,2013-09-09T00:00:00.000Z,40.865613375,-0.007857002553920633,134.3069357548,125.080788853587,True
XLV,2013-09-10T00:00:00.000Z,41.1245125292,0.0025641025639899784,135.30043692,125.2079723718465,True
XLV,2013-09-11T00:00:00.000Z,41.3995928806,0.005502063272541768,135.7250785471,125.3297946560325,True
XLV,2013-09-12T00:00:00.000Z,41.3308227928,0.011784511784730167,135.3645337694,125.45099597036298,True
XLV,2013-09-13T00:00:00.000Z,41.4319552749,0.03162771958030142,135.6689938039,125.5765557945455,True
XLV,2013-09-16T00:00:00.000Z,41.8041228091,0.045739728799090384,136.4541802087,125.7015902772275,True
XLV,2013-09-17T00:00:00.000Z,41.8283946048,0.044444444444167175,137.0631002778,125.8270695013825,True
XLV,2013-09-18T00:00:00.000Z,42.087293759,0.04794520547783199,138.6494972998,125.960362535244,True
XLV,2013-09-19T00:00:00.000Z,41.9497535833,0.05087150384909567,138.4171462208,126.0952512397875,True
XLV,2013-09-20T00:00:00.000Z,41.871218143,0.042145187272815354,137.4540509984,126.226112304241,True
XLV,2013-09-23T00:00:00.000Z,41.5787532899,0.032163942809710466,136.8179878524,126.352808257937,True
XLV,2013-09-24T00:00:00.000Z,41.3675286737,0.025478711598918347,136.4959305633,126.47600311873501,True
XLV,2013-09-25T00:00:00.000Z,41.0466297376,0.03432694547311632,136.1014103841,126.5955315311895,True
XLV,2013-09-26T00:00:00.000Z,41.1888001523,0.03348476781108567,136.6247534789,126.71744030831151,True
XLV,2013-09-27T00:00:00.000Z,41.1888001523,0.030347291283193023,135.9967417651,126.832388022158,True
XLV,2013-09-30T00:00:00.000Z,41.0994358916,0.03208056102015644,135.2721128646,126.943436848894,True
XLV,2013-10-01T00:00:00.000Z,41.6193734084,0.038386138073615905,136.342953351,127.06330635655901,True
XLV,2013-10-02T00:00:00.000Z,41.521885124,0.02416989658188151,136.2141304353,127.18461951510349,True
XLV,2013-10-03T00:00:00.000Z,41.1522420457,0.013636384047198913,134.9581070077,127.29307412572649,True
XLV,2013-10-04T00:00:00.000Z,41.6112493847,0.02453402323932985,135.9806389007,127.40033870763851,True
XLV,2013-10-07T00:00:00.000Z,41.1481800338,0.006914533649771792,134.8051297954,127.50598005854299,True
XLV,2013-10-08T00:00:00.000Z,40.5551263038,-0.013845421875717245,133.2351005109,127.6005017435335,True
XLV,2013-10-09T00:00:00.000Z,40.4820100905,-0.022164053466573574,133.3317176976,127.700659631702,True
XLV,2013-10-10T00:00:00.000Z,41.4243968396,0.002264025743428988,136.2060790031,127.816934969007,True
XLV,2013-10-11T00:00:00.000Z,41.6193734084,0.004523516504506997,137.0836851159,127.93997875861551,True
XLV,2013-10-14T00:00:00.000Z,41.9199622852,0.0027710060232333245,137.6311825074,128.066513835399,True
XLV,2013-10-15T00:00:00.000Z,41.6518695032,-0.004220221772024413,136.6328049112,128.1941270996375,True
XLV,2013-10-16T00:00:00.000Z,42.5048919915,0.00992219254797555,138.5409943492,128.321838971499,True
XLV,2013-10-17T00:00:00.000Z,42.8623490343,0.02175448895516996,139.4669090555,128.4396995179765,True
XLV,2013-10-18T00:00:00.000Z,42.6917445366,0.01959642995810884,140.4089266261,128.5635793842635,True
XLV,2013-10-21T00:00:00.000Z,42.4723958967,0.02149277061217414,140.4169780584,128.68496039119,True
XLV,2013-10-22T00:00:00.000Z,42.870473058,0.03633150039382271,141.2301727134,128.811994319218,True
XLV,2013-10-23T00:00:00.000Z,42.7900452233,0.0424740227600946,140.5538524063,128.937312940928,True
XLV,2013-10-24T00:00:00.000Z,42.789232821,0.03885601578055753,141.0208354755,129.0634985512445,True
XLV,2013-10-25T00:00:00.000Z,42.8461009869,0.04023668639222211,141.6649500537,129.1883025857555,True
XLV,2013-10-28T00:00:00.000Z,42.9923334134,0.04605653291185119,141.8903901561,129.3142734944745,True
XLV,2013-10-29T00:00:00.000Z,43.2766742429,0.039820417723192,142.6472247856,129.4444253132975,True
XLV,2013-10-30T00:00:00.000Z,43.0410775556,0.0365877519063289,141.9386987495,129.5706377649835,True
XLV,2013-10-31T00:00:00.000Z,42.870473058,0.041753035239049385,141.5361271381,129.6949167060035,True
XLV,2013-11-01T00:00:00.000Z,43.1507518756,0.036997266692647246,141.8742872917,129.817117446704,True
XLV,2013-11-04T00:00:00.000Z,43.1873099822,0.04955577492674057,142.3734760898,129.940504899438,True
XLV,2013-11-05T00:00:00.000Z,43.0410775556,0.06129807692318945,141.922595885,130.0584640554955,True
XLV,2013-11-06T00:00:00.000Z,42.9435892712,0.06080674292598087,142.6472247856,130.17909418736,True
XLV,2013-11-07T00:00:00.000Z,42.5617601574,0.02745636399255247,140.8437039665,130.2905480203465,True
XLV,2013-11-08T00:00:00.000Z,43.1873099822,0.03767323833576852,142.7438419723,130.4081699529265,True
XLV,2013-11-11T00:00:00.000Z,43.2929222903,0.03275193798503784,142.767996269,130.526626783512,True
XLV,2013-11-12T00:00:00.000Z,43.2685502192,0.03881412131755102,142.4781447088,130.64129360825248,True
XLV,2013-11-13T00:00:00.000Z,43.5122709302,0.023700305811892308,143.6214480852,130.764017697919,True
XLV,2013-11-14T00:00:00.000Z,43.8737899847,0.023597422287579217,144.3380255535,130.89179260166648,True
XLV,2013-11-15T00:00:00.000Z,44.1296967313,0.03368220742226247,144.9660372673,131.01659781485148,True
XLV,2013-11-18T00:00:00.000Z,43.9347201625,0.03442999234977506,144.4587970369,131.1456113551465,True
XLV,2013-11-19T00:00:00.000Z,43.9834643047,0.025961720674138933,144.14479118,131.2670641381125,True
XLV,2013-11-20T00:00:00.000Z,44.1134486839,0.030927835053546238,143.6939109752,131.385826109402,True
XLV,2013-11-21T00:00:00.000Z,44.2929896076,0.035143345357245837,144.8533172161,131.5111785858095,True
XLV,2013-11-22T00:00:00.000Z,44.8852309352,0.04759196055957249,145.5779461166,131.636821616284,True
XLV,2013-11-25T00:00:00.000Z,45.0639594566,0.048185941043951575,145.4330203365,131.761859038945,True
XLV,2013-11-26T00:00:00.000Z,44.9339750774,0.03829547587686677,145.4732774976,131.88610590502,True
XLV,2013-11-27T00:00:00.000Z,44.91772703,0.04360135900351869,145.8275405157,132.011608328142,True
XLV,2013-11-29T00:00:00.000Z,44.8933549589,0.04718590107842324,145.7309233289,132.1360722335905,True
XLV,2013-12-02T00:00:00.000Z,44.9096030063,0.04076061376104456,145.3525060142,132.2593581789875,True
XLV,2013-12-03T00:00:00.000Z,44.5196498688,0.030850263356276164,144.7244943004,132.3749812645105,True
XLV,2013-12-04T00:00:00.000Z,44.3652934185,0.030766326916174425,144.708391436,132.4981015115825,True
XLV,2013-12-05T00:00:00.000Z,44.2840531815,0.031214528944812248,144.0723282899,132.6216914229245,True
XLV,2013-12-06T00:00:00.000Z,44.8608588641,0.05401794235477042,145.6826147356,132.747500733233,True
XLV,2013-12-09T00:00:00.000Z,44.9502231248,0.04082016553766832,146.0529806181,132.8866275709995,True
XLV,2013-12-10T00:00:00.000Z,44.7714946034,0.03415274910724353,145.5296375232,133.0190909763345,True
XLV,2013-12-11T00:00:00.000Z,43.9997123521,0.016898235073648182,143.8951967809,133.135883849478,True
XLV,2013-12-12T00:00:00.000Z,43.6828754278,0.003920836443440656,143.4201622795,133.2514917609845,True
XLV,2013-12-13T00:00:00.000Z,43.7153715226,-0.00361077677937649,143.404059415,133.36503547338552,True
XLV,2013-12-16T00:00:00.000Z,43.7966117596,-0.007547864507841839,144.2977683923,133.47983416132448,True
XLV,2013-12-17T00:00:00.000Z,43.5853871434,-0.00795118343323764,143.8388367553,133.58690289477352,True
XLV,2013-12-18T00:00:00.000Z,44.6658822954,0.01551533062453836,146.2945235849,133.70541691476149,True
XLV,2013-12-19T00:00:00.000Z,44.568394011,0.01031307550583871,146.1254435081,133.821974670887,True
XLV,2013-12-20T00:00:00.000Z,44.7918046627,0.011261715669208527,146.9710451779,133.94014197144799,True
XLV,2013-12-23T00:00:00.000Z,44.9631082318,0.001735031656903585,147.7562506957,134.05989455155398,True
XLV,2013-12-24T00:00:00.000Z,44.8815351037,-0.004048120828700985,148.0800467856,134.18265469145751,True
XLV,2013-12-26T00:00:00.000Z,45.215984929,0.0062760940049089164,148.8328726944,134.3083061396005,True
XLV,2013-12-27T00:00:00.000Z,45.175198365,0.005732065089314009,148.8247777922,134.430624196493,True
XLV,2013-12-30T00:00:00.000Z,45.2486141803,0.00791340325812695,148.8004930855,134.553639218846,True
XLV,2013-12-31T00:00:00.000Z,45.2241422418,0.007003830237730657,149.5047495809,134.68360265068,True
XLV,2014-01-02T00:00:00.000Z,44.9712655446,0.010144187502168611,148.0719518833,134.80783670533,True
XLV,2014-01-03T00:00:00.000Z,45.0773106112,0.016048968412842424,148.0476671766,134.92764550253452,True
XLV,2014-01-06T00:00:00.000Z,44.8896924165,0.01367623764061876,147.6186373575,135.0506092424055,True
XLV,2014-01-07T00:00:00.000Z,45.3628165597,0.011189212786153035,148.5252664091,135.1731646885985,True
XLV,2014-01-08T00:00:00.000Z,45.7625248876,0.01807113972593033,148.5576460181,135.29847230324648,True
XLV,2014-01-09T00:00:00.000Z,46.1051320258,0.029787645782518135,148.654784845,135.419324173093,True
XLV,2014-01-10T00:00:00.000Z,46.2845929077,0.05192944302261915,149.0595299573,135.542199768501,True
XLV,2014-01-13T00:00:00.000Z,45.9093565182,0.05096919716468706,147.0762789071,135.653246293586,True
XLV,2014-01-14T00:00:00.000Z,46.488525728,0.06343659241158073,148.6790695518,135.7747774913625,True
XLV,2014-01-15T00:00:00.000Z,46.447739164,0.06053270556526291,149.4804648741,135.8972471915725,True
XLV,2014-01-16T00:00:00.000Z,46.5619415434,0.06829248505254437,149.2861872202,136.025081703439,True
XLV,2014-01-17T00:00:00.000Z,46.5129976665,0.041354055403719725,148.654784845,136.1472486336475,True
XLV,2014-01-21T00:00:00.000Z,46.7821889894,0.04967185889295456,149.0919095663,136.2743907094425,True
XLV,2014-01-22T00:00:00.000Z,46.8229755534,0.045346931341470054,149.1890483933,136.3978341964025,True
XLV,2014-01-23T00:00:00.000Z,46.4966830409,0.03410740203265994,147.9667181541,136.5130141152105,True
XLV,2014-01-24T00:00:00.000Z,45.4036031238,0.011632133769349684,144.8097062782,136.6047577143505,True
XLV,2014-01-27T00:00:00.000Z,45.0365240471,-0.0039689698716459665,144.0973548806,136.6908673401745,True
XLV,2014-01-28T00:00:00.000Z,45.6401651954,0.010292524376832368,144.9554145186,136.7828214264345,True
XLV,2014-01-29T00:00:00.000Z,45.2241422418,-0.0005408328839086041,143.5630913323,136.88247881231553,True
XLV,2014-01-30T00:00:00.000Z,46.0480308361,0.018217893219398373,145.0849329546,136.980619684402,True
XLV,2014-01-31T00:00:00.000Z,45.6483225082,0.015055323780660324,144.2349682187,137.08367630502897,True
XLV,2014-02-03T00:00:00.000Z,44.7510180986,-0.007238508867894344,140.9889124181,137.17436812711102,True
XLV,2014-02-04T00:00:00.000Z,45.1915129906,0.006723605305637204,141.9764904921,137.26465789748698,True
XLV,2014-02-05T00:00:00.000Z,44.9386362934,-0.00935083617971022,141.7984026427,137.35130755695,True
XLV,2014-02-06T00:00:00.000Z,45.1915129906,-0.01247771836021927,143.6683250615,137.440890927953,True
XLV,2014-02-07T00:00:00.000Z,45.9664577079,-0.003007784856193574,145.4492035556,137.5389801882865,True
XLV,2014-02-10T00:00:00.000Z,46.3498514102,0.0014099400772551451,145.7163353297,137.63585468739402,True
XLV,2014-02-11T00:00:00.000Z,46.9779644969,0.02327647476993855,147.3110310722,137.74181847400598,True
XLV,2014-02-12T00:00:00.000Z,46.9779644969,0.01052816283664626,147.3838851924,137.843922397935,True
XLV,2014-02-13T00:00:00.000Z,47.3124143223,0.01861608710914786,148.1448060035,137.9483166139875,True
XLV,2014-02-14T00:00:00.000Z,47.4837178914,0.019796776454023446,148.9623911304,138.0623777996345,True
XLV,2014-02-18T00:00:00.000Z,47.9242127833,0.030340231496547965,149.1404789798,138.17147142837052,True
XLV,2014-02-19T00:00:00.000Z,47.630549522,0.01813426329392631,148.1529009058,138.2691714158685,True
XLV,2014-02-20T00:00:00.000Z,48.0628871012,0.02648083623788322,149.0271503483,138.369608787705,True
XLV,2014-02-21T00:00:00.000Z,47.9731566602,0.03175438596342972,148.8571574012,138.46592846905799,True
XLV,2014-02-24T00:00:00.000Z,48.3320784241,0.06449874236445607,149.6828374303,138.5634276273205,True
XLV,2014-02-25T00:00:00.000Z,48.2097187318,0.0704582503165967,149.6261731146,138.6624765784485,True
XLV,2014-02-26T00:00:00.000Z,48.2097187318,0.05630026809497579,149.6342680168,138.7594539374455,True
XLV,2014-02-27T00:00:00.000Z,48.4870673675,0.07215007215071356,150.4194735347,138.85983926995002,True
XLV,2014-02-28T00:00:00.000Z,48.4870673675,0.05296722763414863,150.7999339402,138.9553922014155,True
XLV,2014-03-03T00:00:00.000Z,48.1281456037,0.05432451751221601,149.739501746,139.042096293964,True
XLV,2014-03-04T00:00:00.000Z,49.0417646389,0.09588042289554588,151.8441763299,139.142432083924,True
XLV,2014-03-05T00:00:00.000Z,48.9194049467,0.08249097472960054,151.9817896681,139.237079890335,True
XLV,2014-03-06T00:00:00.000Z,48.6175843725,0.08186603739108822,152.3298704647,139.333507951043,True
XLV,2014-03-07T00:00:00.000Z,48.4952246803,0.07310469313977563,152.3946296827,139.429303400305,True
XLV,2014-03-10T00:00:00.000Z,48.6991575007,0.05944986690436971,152.3136806602,139.5296355433905,True
XLV,2014-03-11T00:00:00.000Z,48.6012697469,0.04857444561741442,151.5608547513,139.6281163720035,True
XLV,2014-03-12T00:00:00.000Z,48.5931124341,0.034380968918025,151.6013292626,139.727357477569,True
XLV,2014-03-13T00:00:00.000Z,47.9323700962,0.020316027088891575,149.9013997909,139.81415375468998,True
XLV,2014-03-14T00:00:00.000Z,47.6713360861,0.007586206896037062,149.4804648741,139.903149191139,True
XLV,2014-03-17T00:00:00.000Z,48.1363029165,0.013743343067460057,150.8323135492,139.9964730018095,True
XLV,2014-03-18T00:00:00.000Z,48.6502136238,0.015148936171007543,151.9089355479,140.104664297206,True
XLV,2014-03-19T00:00:00.000Z,48.5033819932,0.01832505566195164,151.0994453233,140.20522161321952,True
XLV,2014-03-20T00:00:00.000Z,48.5033819932,0.00916496945080536,151.9817896681,140.313338825763,True
XLV,2014-03-21T00:00:00.000Z,47.6261853597,-0.007232613500037899,151.3945935541,140.4276457796425,True
XLV,2014-03-24T00:00:00.000Z,47.0940949423,-0.02561411638326505,150.768525686,140.5330042483375,True
XLV,2014-03-25T00:00:00.000Z,47.5115812698,-0.014481259803316382,151.484031821,140.633691232709,True
XLV,2014-03-26T00:00:00.000Z,47.5279532826,-0.014141659962647601,150.3945111155,140.728930613553,True
XLV,2014-03-27T00:00:00.000Z,47.4215351991,-0.02197559527211601,150.0774118057,140.8293590512285,True
XLV,2014-03-28T00:00:00.000Z,47.2414430579,-0.025689825704635738,150.8173101952,140.9388667732415,True
XLV,2014-03-31T00:00:00.000Z,47.8799515587,-0.00515694178295778,152.0531844283,141.044750689176,True
XLV,2014-04-01T00:00:00.000Z,48.1787407931,-0.017597732303365143,153.0613976185,141.1597802534035,True
XLV,2014-04-02T00:00:00.000Z,48.3956699633,-0.01070607837463744,153.5736349651,141.27234986479948,True
XLV,2014-04-03T00:00:00.000Z,48.2892518798,-0.006753369114030239,153.3703661768,141.37872259143398,True
XLV,2014-04-04T00:00:00.000Z,47.4870232505,-0.02078970530493396,151.5572085848,141.485155252015,True
XLV,2014-04-07T00:00:00.000Z,47.0122348781,-0.03463966748450931,149.8822737689,141.5993526156865,True
XLV,2014-04-08T00:00:00.000Z,46.6274925763,-0.040611637944416024,150.5002108854,141.714610805754,True
XLV,2014-04-09T00:00:00.000Z,47.6261853597,-0.01989843881087683,152.1182304406,141.8460112603,True
XLV,2014-04-10T00:00:00.000Z,46.0381001139,-0.03951963941065739,148.9228450879,141.955385647923,True
XLV,2014-04-11T00:00:00.000Z,45.6042417736,-0.043361367274594165,147.5812710849,142.0517626621865,True
XLV,2014-04-14T00:00:00.000Z,45.8580079727,-0.047330077421027905,148.7439685542,142.150187473896,True
XLV,2014-04-15T00:00:00.000Z,46.3491683579,-0.0472977422811216,149.7684432474,142.256378654108,True
XLV,2014-04-16T00:00:00.000Z,46.5783765377,-0.03968806661296065,151.3376782934,142.366650319649,True
XLV,2014-04-17T00:00:00.000Z,46.5701905313,-0.039856838481304835,151.5490778332,142.478579890852,True
XLV,2014-04-21T00:00:00.000Z,47.126838968,-0.010484702646845534,152.0775766829,142.5928715325875,True
XLV,2014-04-22T00:00:00.000Z,47.6425573725,0.011646097687448398,152.7686905633,142.703648211356,True
XLV,2014-04-23T00:00:00.000Z,47.4051631863,-0.0022398345972888256,152.4109374958,142.808910495417,True
XLV,2014-04-24T00:00:00.000Z,47.3314891285,-0.0041336548395388695,152.7199060541,142.91099047962848,True
XLV,2014-04-25T00:00:00.000Z,46.9794908524,-0.009321595027323992,151.4677703179,143.0065694219735,True
XLV,2014-04-28T00:00:00.000Z,47.2578150707,0.0003465603872416789,151.9474846584,143.095533316578,True
XLV,2014-04-29T00:00:00.000Z,47.536139289,-0.007180714652112674,152.6548600418,143.1877536643835,True
XLV,2014-04-30T00:00:00.000Z,47.5770693211,-0.012488318750044414,153.1101821277,143.2796867486435,True
XLV,2014-05-01T00:00:00.000Z,47.6834874046,-0.014715832206477764,153.1264436307,143.3742249538625,True
XLV,2014-05-02T00:00:00.000Z,47.2741870836,-0.02102051195008503,152.9069133393,143.465942904798,True
XLV,2014-05-05T00:00:00.000Z,47.5852553276,0.00206860886145277,153.1996203945,143.55543882217052,True
XLV,2014-05-06T00:00:00.000Z,47.1677690001,0.0033083754134064502,151.8661771431,143.63706570736,True
XLV,2014-05-07T00:00:00.000Z,47.2987451028,0.014396067414553348,152.7605598117,143.7218425083745,True
XLV,2014-05-08T00:00:00.000Z,47.0449789038,-0.012203506359167782,152.5979447811,143.8072484133465,True
XLV,2014-05-09T00:00:00.000Z,47.3314891285,0.02809388335748242,152.825605824,143.8962763764465,True
XLV,2014-05-12T00:00:00.000Z,47.8144635074,0.048465266559469145,154.3135333546,143.991101495434,True
XLV,2014-05-13T00:00:00.000Z,47.8881375652,0.04426990360568128,154.4517561307,144.0858966387465,True
XLV,2014-05-14T00:00:00.000Z,47.9208815908,0.0339102790531971,153.7199884927,144.179116091474,True
XLV,2014-05-15T00:00:00.000Z,47.437907212,0.018453427066190242,152.3702837381,144.2655870204285,True
XLV,2014-05-16T00:00:00.000Z,47.6016273404,0.022148004921877407,152.8987825878,144.354219717261,True
XLV,2014-05-19T00:00:00.000Z,47.8963235716,0.016327948584085927,153.4598044436,144.437845719855,True
XLV,2014-05-20T00:00:00.000Z,47.593441334,-0.0010309278344565742,152.4922450111,144.515472169892,True
XLV,2014-05-21T00:00:00.000Z,47.9945556486,0.012433085821974998,153.7769037534,144.600523426912,True
XLV,2014-05-22T00:00:00.000Z,48.2810658734,0.02006226219339946,154.150918324,144.691330628278,True
XLV,2014-05-23T00:00:00.000Z,48.3056238927,0.028227914271494292,154.7688554405,144.7874308444235,True
XLV,2014-05-27T00:00:00.000Z,48.5675760981,0.02771522605182941,155.7201533699,144.885803797303,True
XLV,2014-05-28T00:00:00.000Z,48.428413989,0.01877044945899664,155.6063228485,144.9855705635875,True
XLV,2014-05-29T00:00:00.000Z,48.8131562908,0.02598072952660435,156.4112672503,145.090163262498,True
XLV,2014-05-30T00:00:00.000Z,48.9441323935,0.026437768240466175,156.6633205478,145.1940132013535,True
XLV,2014-06-02T00:00:00.000Z,49.0096204449,0.03670995670916666,156.8421970816,145.30224278906252,True
XLV,2014-06-03T00:00:00.000Z,49.0996665155,0.031825219334729926,156.7608895662,145.419520124477,True
XLV,2014-06-04T00:00:00.000Z,49.2388286247,0.043908365150694406,157.077988876,145.5405862856375,True
XLV,2014-06-05T00:00:00.000Z,49.2961306696,0.04222914503247055,158.1024635693,145.6710212365355,True
XLV,2014-06-06T00:00:00.000Z,49.2470146311,0.04680702975343731,158.8586234619,145.80199208389698,True
XLV,2014-06-09T00:00:00.000Z,48.993248432,0.03510895883686427,159.0212384925,145.937862180559,True
XLV,2014-06-10T00:00:00.000Z,49.1569685605,0.028077384009385087,159.0374999956,146.067804505108,True
XLV,2014-06-11T00:00:00.000Z,49.0996665155,0.02529914529773669,158.4846088913,146.1927389844075,True
XLV,2014-06-12T00:00:00.000Z,48.8540863229,0.019473864025889798,157.3625651797,146.31454699806199,True
XLV,2014-06-13T00:00:00.000Z,48.8131562908,0.028990509059643177,157.8422795202,146.449449745158,True
XLV,2014-06-16T00:00:00.000Z,48.9113883678,0.027515047291007066,157.9723715447,146.58267944158698,True
XLV,2014-06-17T00:00:00.000Z,48.8868303486,0.020680225602687452,158.4114321275,146.7170628671275,True
XLV,2014-06-18T00:00:00.000Z,49.2797586568,0.035431716546105774,159.5741295968,146.85934292761948,True
XLV,2014-06-19T00:00:00.000Z,49.2552006375,0.026266416510448032,159.7530061306,146.99955289149702,True
XLV,2014-06-20T00:00:00.000Z,49.8578298723,0.032658019668300176,160.0755449131,147.13592731709002,True
XLV,2014-06-23T00:00:00.000Z,49.6688499634,0.028220856307085374,160.0265271899,147.27121538291902,True
XLV,2014-06-24T00:00:00.000Z,49.7017160345,0.023351792029093543,159.0625119659,147.401362888381,True
XLV,2014-06-25T00:00:00.000Z,50.2440062078,0.037490226692379114,159.7814385736,147.528735402475,True
XLV,2014-06-26T00:00:00.000Z,50.30973835,0.030659399492305894,159.667063886,147.650568537305,True
XLV,2014-06-27T00:00:00.000Z,50.1782740656,0.02521531410911071,159.9775094666,147.7718306919025,True
XLV,2014-06-30T00:00:00.000Z,49.9810776389,0.019821765302022287,159.8958132612,147.8944870893615,True
XLV,2014-07-01T00:00:00.000Z,50.6137495078,0.030836930263508755,160.9660335523,148.0209722881035,True
XLV,2014-07-02T00:00:00.000Z,50.9999258433,0.03576643205757679,161.1294259632,148.144348516876,True
XLV,2014-07-03T00:00:00.000Z,51.2053387877,0.03872937068623483,161.9218791558,148.268642411266,True
XLV,2014-07-07T00:00:00.000Z,50.8191624522,0.03192371827767948,161.3581753383,148.3821858014585,True
XLV,2014-07-08T00:00:00.000Z,50.3426044211,0.027541672215771307,160.3206335294,148.4917032380015,True
XLV,2014-07-09T00:00:00.000Z,50.5562338833,0.0284652484434198,161.0395601372,148.6096307836955,True
XLV,2014-07-10T00:00:00.000Z,50.5233678122,0.02899615002986966,160.4023297349,148.72755249310802,True
XLV,2014-07-11T00:00:00.000Z,50.6301825433,0.0363551210160995,160.6229094895,148.848187387739,True
XLV,2014-07-14T00:00:00.000Z,50.7945128989,0.04059062676251135,161.4317019232,148.9748388454345,True
XLV,2014-07-15T00:00:00.000Z,50.3590374567,0.02959738288379965,161.1294259632,149.09736220785598,True
XLV,2014-07-16T00:00:00.000Z,50.1947071011,0.026753150964663686,161.7258082628,149.2260075403445,True
XLV,2014-07-17T00:00:00.000Z,50.4575535048,0.023900174840598254,159.8876436407,149.34908519422498,True
XLV,2014-07-18T00:00:00.000Z,50.4575535048,0.024410678501725513,161.5215677492,149.474978266216,True
XLV,2014-07-21T00:00:00.000Z,50.2522227256,0.007910349373611902,161.2192917891,149.600004072985,True
XLV,2014-07-22T00:00:00.000Z,50.6876981678,0.020512820513274743,161.9218791558,149.7348229337255,True
XLV,2014-07-23T00:00:00.000Z,51.0985240566,0.02810381881242119,162.2813424597,149.86632645152048,True
XLV,2014-07-24T00:00:00.000Z,50.9917093255,0.014881439083651804,162.2895120802,150.00374836294452,True
XLV,2014-07-25T00:00:00.000Z,50.8027294166,0.009799118078696933,161.5297373697,150.14522154723852,True
XLV,2014-07-28T00:00:00.000Z,50.8520285233,0.01342721467101815,161.5950943341,150.286538430421,True
XLV,2014-07-29T00:00:00.000Z,50.8931111122,0.01824757521014675,160.900676588,150.4100114183455,True
XLV,2014-07-30T00:00:00.000Z,51.0985240566,0.009577922076792422,160.9251854496,150.529218920014,True
XLV,2014-07-31T00:00:00.000Z,50.0468097811,-0.01868857741339658,157.7472030585,150.6297990227695,True
XLV,2014-08-01T00:00:00.000Z,50.08789237,-0.02182284980738025,157.2651954465,150.732960975446,True
XLV,2014-08-04T00:00:00.000Z,50.3015218322,-0.01018593371126264,158.4007727019,150.8322598672095,True
XLV,2014-08-05T00:00:00.000Z,49.8167472834,-0.010445568793012172,156.8648840399,150.9192497421315,True
XLV,2014-08-06T00:00:00.000Z,49.79209773,-0.01511457825485718,156.9139017631,151.0017746178165,True
XLV,2014-08-07T00:00:00.000Z,49.1512093434,-0.02715888762404839,156.0642612267,151.08001103365802,True
XLV,2014-08-08T00:00:00.000Z,52.6843119876,0.04057124310273341,157.8697473666,151.163208906924,True
XLV,2014-08-11T00:00:00.000Z,49.7099325523,-0.021352313167343873,158.327246117,151.2520758754775,True
XLV,2014-08-12T00:00:00.000Z,49.6688499634,-0.013705335291474552,158.1066663624,151.337505029912,True
XLV,2014-08-13T00:00:00.000Z,50.2686557611,0.001473236208970219,159.1768866535,151.425064712911,True
XLV,2014-08-14T00:00:00.000Z,50.8602450411,0.007980797885131174,159.9284917434,151.5152552208475,True
XLV,2014-08-15T00:00:00.000Z,50.9095441477,0.008957839044990479,159.8958132612,151.60149816322553,True
XLV,2014-08-18T00:00:00.000Z,51.3039370011,0.020928711576457815,161.2356310302,151.697982824629,True
XLV,2014-08-19T00:00:00.000Z,51.6408142299,0.018803695897666062,162.0771019461,151.80068769866898,True
XLV,2014-08-20T00:00:00.000Z,51.6325977121,0.010451841131623008,162.5100918349,151.90386672138501,True
XLV,2014-08-21T00:00:00.000Z,51.7065463721,0.014018691588409293,162.9839298263,152.0069189900675,True
XLV,2014-08-22T00:00:00.000Z,51.7558454788,0.01876111919861856,162.7306715895,152.11095936859,True
XLV,2014-08-25T00:00:00.000Z,52.1502383321,0.025529164646896474,163.5558032643,152.2155022609835,True
XLV,2014-08-26T00:00:00.000Z,52.339218241,0.028414594769258228,163.6620083314,152.329593782808,True
XLV,2014-08-27T00:00:00.000Z,52.2981356521,0.023476443158538807,163.596651367,152.4338578297815,True
XLV,2014-08-28T00:00:00.000Z,52.2817026165,0.04465604990957872,163.5067855411,152.537551776142,True
XLV,2014-08-29T00:00:00.000Z,52.4706825254,0.047572178477750526,163.972453912,152.645023322158,True
XLV,2014-09-02T00:00:00.000Z,52.4460329721,0.0426331264301274,163.8907577066,152.746369870265,True
XLV,2014-09-03T00:00:00.000Z,52.6843119876,0.057562262905019645,163.8008918806,152.84368420190052,True
XLV,2014-09-04T00:00:00.000Z,52.4213834188,0.05280528052980249,163.5639728849,152.9366738799885,True
XLV,2014-09-05T00:00:00.000Z,52.7253945765,0.07271815446347585,164.2992387337,153.0358760884725,True
XLV,2014-09-08T00:00:00.000Z,52.7336110943,0.0009357454779252983,163.8744184655,153.1345242249,True
XLV,2014-09-09T00:00:00.000Z,52.5939302921,0.058016528925395994,162.8368766566,153.230239053307,True
XLV,2014-09-10T00:00:00.000Z,52.9636735921,0.06633581472347139,163.4495981973,153.323220458213,True
XLV,2014-09-11T00:00:00.000Z,52.8157762721,0.05067015364614291,163.6374994698,153.413518224979,True
XLV,2014-09-12T00:00:00.000Z,52.4295999365,0.030856219708178978,162.6816538663,153.49976139262802,True
XLV,2014-09-15T00:00:00.000Z,52.2899191343,0.027114267269713332,162.5591095581,153.5851905529305,True
XLV,2014-09-16T00:00:00.000Z,53.0047561809,0.0331518257509853,163.7845526395,153.6749756135495,True
XLV,2014-09-17T00:00:00.000Z,53.0458387698,0.02720763723137587,164.0051323942,153.766346658876,True
XLV,2014-09-18T00:00:00.000Z,53.4402316231,0.03500954805875245,164.8792817922,153.863980537766,True
XLV,2014-09-19T00:00:00.000Z,53.498421002,0.0346546956937519,164.7315668832,153.96401590068,True
XLV,2014-09-22T00:00:00.000Z,53.209819779,0.028092948472759005,163.459349999,154.05777069349497,True
XLV,2014-09-23T00:00:00.000Z,52.8964813083,0.014309483524270972,162.5236550002,154.1500273270465,True
XLV,2014-09-24T00:00:00.000Z,53.820005222,0.028292111169517353,163.7958718845,154.240593612791,True
XLV,2014-09-25T00:00:00.000Z,52.9377100544,0.012229392010350226,161.1529439056,154.3160934292285,True
XLV,2014-09-26T00:00:00.000Z,53.102625039,0.01570190681282302,162.4333686407,154.400612084816,True
XLV,2014-09-29T00:00:00.000Z,52.9871845498,0.009843630757994548,162.1378860095,154.491825530959,True
XLV,2014-09-30T00:00:00.000Z,52.6985833268,0.004815432939119457,161.7110777645,154.58328010838397,True
XLV,2014-10-01T00:00:00.000Z,52.1461181284,-0.010215448183639064,159.5195815832,154.663857719225,True
XLV,2014-10-02T00:00:00.000Z,52.0389233884,-0.007295878236262543,159.5442051358,154.74008990294251,True
XLV,2014-10-03T00:00:00.000Z,53.1108707882,0.007311016158271011,161.3006852212,154.82739914527198,True
XLV,2014-10-06T00:00:00.000Z,52.8634983113,0.002463082165333308,161.1119046512,154.9014860506035,True
XLV,2014-10-07T00:00:00.000Z,52.0224318899,-0.01086624253076296,158.6249258388,154.963983462257,True
XLV,2014-10-08T00:00:00.000Z,53.3499975159,0.007294130063093318,161.3991794316,155.0361241335255,True
XLV,2014-10-09T00:00:00.000Z,52.2450671191,-0.010805656818519194,158.1981175938,155.088333468016,True
XLV,2014-10-10T00:00:00.000Z,51.9234828992,-0.00965326910586728,156.3923904032,155.129895186104,True
XLV,2014-10-13T00:00:00.000Z,50.6948662639,-0.030504022511553486,153.8233330821,155.1548474880425,True
XLV,2014-10-14T00:00:00.000Z,50.3155617994,-0.05073496371386077,154.0613607572,155.18103040286752,True
XLV,2014-10-15T00:00:00.000Z,49.9032743379,-0.05924243078778724,153.0189636972,155.202122755926,True
XLV,2014-10-16T00:00:00.000Z,49.6476561118,-0.07096854553415932,152.8876380834,155.2190371984385,True
XLV,2014-10-17T00:00:00.000Z,50.4392480378,-0.05718249075212212,154.6933652739,155.2521442653915,True
XLV,2014-10-20T00:00:00.000Z,51.0494334808,-0.04060127072733721,156.1954019824,155.2928829394205,True
XLV,2014-10-21T00:00:00.000Z,52.4017363545,-0.009353078722125985,159.289761759,155.351238561428,True
XLV,2014-10-22T00:00:00.000Z,52.1378723791,-0.03125478780541613,158.1570783394,155.3993976210795,True
XLV,2014-10-23T00:00:00.000Z,53.0284132959,0.0017133956381338855,159.9956369335,155.4565875756565,True
XLV,2014-10-24T00:00:00.000Z,53.7705307266,0.01257763975150894,161.2268145634,155.5194477242485,True
XLV,2014-10-27T00:00:00.000Z,53.8282509712,0.015873015872536644,161.00520259,155.579176087412,True
XLV,2014-10-28T00:00:00.000Z,54.2240469342,0.028946956656123568,162.8519690349,155.658054538051,True
XLV,2014-10-29T00:00:00.000Z,54.2487841819,0.04032258064392402,162.6057335089,155.7276878578365,True
XLV,2014-10-30T00:00:00.000Z,55.2465198387,0.06163840912617746,163.6481305689,155.7985261863105,True
XLV,2014-10-31T00:00:00.000Z,55.4691550679,0.04440304300610243,165.5195205664,155.87969285304152,True
XLV,2014-11-03T00:00:00.000Z,55.5351210618,0.050538137577794684,165.6098069259,155.964467963446,True
XLV,2014-11-04T00:00:00.000Z,55.543366811,0.06768109050633564,165.0352573653,156.044184702441,True
XLV,2014-11-05T00:00:00.000Z,55.4856465664,0.04003091190142061,166.0776544253,156.128627732601,True
XLV,2014-11-06T00:00:00.000Z,55.8237222848,0.06849747474803602,166.7424903454,156.2225065935575,True
XLV,2014-11-07T00:00:00.000Z,55.2712570864,0.0644751468945004,166.8984395119,156.332950259726,True
XLV,2014-11-10T00:00:00.000Z,55.831968034,0.10133376707925446,167.4237419673,156.4495821951595,True
XLV,2014-11-11T00:00:00.000Z,56.0381117648,0.11373320222906136,167.5878989846,156.5627446174895,True
XLV,2014-11-12T00:00:00.000Z,55.9556542725,0.1212822207540678,167.4073262656,156.68196579215598,True
XLV,2014-11-13T00:00:00.000Z,55.9144255263,0.12622487958722672,167.5961068355,156.7945216615605,True
XLV,2014-11-14T00:00:00.000Z,55.4526635695,0.09939512833226338,167.6371460898,156.911532550916,True
XLV,2014-11-17T00:00:00.000Z,55.724773294,0.09158455822939593,167.7438481511,157.045307229581,True
XLV,2014-11-18T00:00:00.000Z,56.6235599601,0.08056648308443792,168.7123745533,157.17898664988698,True
XLV,2014-11-19T00:00:00.000Z,56.3102214893,0.0800253044440018,168.4415154747,157.312202214047,True
XLV,2014-11-20T00:00:00.000Z,56.0710947617,0.05737832374545615,168.7369981059,157.437545579269,True
XLV,2014-11-21T00:00:00.000Z,56.334958737,0.047692071767693855,169.6398617012,157.558498869997,True
XLV,2014-11-24T00:00:00.000Z,56.6235599601,0.05193014705968424,170.1159170514,157.68049677860552,True
XLV,2014-11-25T00:00:00.000Z,56.6977717031,0.04562043795627857,169.9927992884,157.7939056196865,True
XLV,2014-11-26T00:00:00.000Z,57.0440931708,0.05152758778016353,170.4278153843,157.909125270646,True
XLV,2014-11-28T00:00:00.000Z,57.3986603877,0.038955223881675716,170.0666699462,158.0187345903595,True
XLV,2014-12-01T00:00:00.000Z,57.2584826508,0.03225806451729207,168.8847394215,158.118346331815,True
XLV,2014-12-02T00:00:00.000Z,57.8934053414,0.042464736449852714,169.9763835867,158.2225258548495,True
XLV,2014-12-03T00:00:00.000Z,57.984108583,0.043942992874472786,170.633011656,158.3349264086005,True
XLV,2014-12-04T00:00:00.000Z,57.9098968399,0.04369148461843886,170.444231086,158.442011812289,True
XLV,2014-12-05T00:00:00.000Z,58.3716587968,0.045642540621010586,170.7232980155,158.5513425153605,True
XLV,2014-12-08T00:00:00.000Z,58.5778025275,0.05982395942128127,169.5824067451,158.65084036193448,True
XLV,2014-12-09T00:00:00.000Z,58.3304300506,0.044749667700742846,169.467496833,158.75004698052652,True
XLV,2014-12-10T00:00:00.000Z,57.4316433846,0.024867569158091074,166.7506981963,158.83562913142399,True
XLV,2014-12-11T00:00:00.000Z,57.5965583692,0.02932508104916276,167.5961068355,158.921512297928,True
XLV,2014-12-12T00:00:00.000Z,56.7142632016,0.01430467482713893,164.8875160497,158.9919502084755,True
XLV,2014-12-15T00:00:00.000Z,56.1947810001,0.013382899626992462,163.7548326301,159.062026862896,True
XLV,2014-12-16T00:00:00.000Z,55.543366811,-0.0032554010052748827,162.4415764916,159.1150138637045,True
XLV,2014-12-17T00:00:00.000Z,56.5823312139,-0.000728119995087817,165.6262226276,159.18323602850202,True
XLV,2014-12-18T00:00:00.000Z,58.1325320691,0.03236198565026549,169.721939389,159.2701963731235,True
XLV,2014-12-19T00:00:00.000Z,58.2724871708,0.039260735294287086,170.4400614978,159.360423532199,True
XLV,2014-12-22T00:00:00.000Z,57.7179840263,0.024550036430427857,171.224092383,159.45497559081298,True
XLV,2014-12-23T00:00:00.000Z,56.3937974125,-0.00405771992721593,171.4551751703,159.554447192908,True
XLV,2014-12-24T00:00:00.000Z,56.8076057293,0.001937184176745932,171.4716810837,159.6537989520135,True
XLV,2014-12-26T00:00:00.000Z,57.2131378798,0.0029634042650805714,172.0246291817,159.7644150989675,True
XLV,2014-12-29T00:00:00.000Z,57.4117658718,0.0002283238669942289,172.2557119689,159.87829133444149,True
XLV,2014-12-30T00:00:00.000Z,57.1634808818,-0.0016591737084509228,171.33138082,159.9807866707955,True
XLV,2014-12-31T00:00:00.000Z,56.5924254046,-0.02247198846100107,169.6312717425,160.06939835176848,True
XLV,2015-01-02T00:00:00.000Z,56.799329563,-0.02043282287084014,169.5404892189,160.16160357124647,True
XLV,2015-01-05T00:00:00.000Z,56.5096637412,-0.024179512917647528,166.4786422881,160.2340878343465,True
XLV,2015-01-06T00:00:00.000Z,56.3193119155,-0.03515998900158901,164.9105805176,160.301667769164,True
XLV,2015-01-07T00:00:00.000Z,57.6434985292,-0.01594979596343471,166.9655667326,160.38265297439702,True
XLV,2015-01-08T00:00:00.000Z,58.6283623232,0.005107664598761774,169.9283781832,160.474874706208,True
XLV,2015-01-09T00:00:00.000Z,58.1069638441,0.011758682491072259,168.5666403299,160.56573535228,True
XLV,2015-01-12T00:00:00.000Z,58.1317923431,0.009292811741790086,167.24616726,160.6515791295515,True
XLV,2015-01-13T00:00:00.000Z,57.8752311867,0.02047047637687105,166.7757487288,160.7313713222195,True
XLV,2015-01-14T00:00:00.000Z,57.784193357,0.028283985249398347,165.768888013,160.799949840143,True
XLV,2015-01-15T00:00:00.000Z,57.1634808818,0.029168452757155183,164.2503439826,160.8558945719635,True
XLV,2015-01-16T00:00:00.000Z,58.2393825054,0.029285666672795863,166.4043656779,160.9200482255275,True
XLV,2015-01-20T00:00:00.000Z,58.2393825054,0.0018380488944296225,166.7592428154,160.9869926087205,True
XLV,2015-01-21T00:00:00.000Z,58.3552488341,0.0014202528039934936,167.6010443975,161.067211787784,True
XLV,2015-01-22T00:00:00.000Z,59.0504468063,0.02308574705923272,170.0934373169,161.168267605524,True
XLV,2015-01-23T00:00:00.000Z,58.7111239866,0.041091869681156634,169.1608532113,161.26157081715348,True
XLV,2015-01-26T00:00:00.000Z,59.017342141,0.03889860139907775,169.5569951323,161.34876464061202,True
XLV,2015-01-27T00:00:00.000Z,58.5952576579,0.02415738463783823,167.3204438701,161.440752634523,True
XLV,2015-01-28T00:00:00.000Z,57.7510886916,0.005910335880587647,165.1746751316,161.5287196547565,True
XLV,2015-01-29T00:00:00.000Z,58.2393825054,0.018821485448457853,166.7014721186,161.6185071725785,True
XLV,2015-01-30T00:00:00.000Z,57.3290042085,0.013015501608809599,164.6052211202,161.69269106194253,True
XLV,2015-02-02T00:00:00.000Z,57.6517746956,0.015008013988166757,166.6437014218,161.76922117758448,True
XLV,2015-02-03T00:00:00.000Z,58.0407545134,0.027094317517301292,169.0535647744,161.8567436122905,True
XLV,2015-02-04T00:00:00.000Z,57.3124518758,0.017634092578937777,168.4098341528,161.93840489964,True
XLV,2015-02-05T00:00:00.000Z,58.2807633371,0.011055276382594625,170.1099432303,162.02511116297498,True
XLV,2015-02-06T00:00:00.000Z,57.7510886916,-0.01496329757198167,169.6395246992,162.111254098992,True
XLV,2015-02-09T00:00:00.000Z,57.0724430521,-0.017803731662449307,168.880252684,162.1920558321415,True
XLV,2015-02-10T00:00:00.000Z,58.032478347,-0.0017084282472117351,170.6793972417,162.2881139667605,True
XLV,2015-02-11T00:00:00.000Z,58.0904115114,0.003718003717442686,170.778432722,162.38226870707848,True
XLV,2015-02-12T00:00:00.000Z,58.2973156698,0.008879977083522617,172.4207711026,162.4810982623825,True
XLV,2015-02-13T00:00:00.000Z,58.5290483272,0.0238888084548885,173.1305253777,162.5811999786325,True
XLV,2015-02-17T00:00:00.000Z,58.9511328103,0.012221116953532452,173.4028729484,162.682582125221,True
XLV,2015-02-18T00:00:00.000Z,59.017342141,0.013357965042432696,173.4193788618,162.7851444528335,True
XLV,2015-02-19T00:00:00.000Z,59.116656137,0.013047794639084342,173.2955845115,162.8856242734185,True
XLV,2015-02-20T00:00:00.000Z,59.7373686122,0.011632796076095353,174.335457054,162.997970672973,True
XLV,2015-02-23T00:00:00.000Z,60.0104821013,0.022131378629313136,174.3106981839,163.10572136483398,True
XLV,2015-02-24T00:00:00.000Z,59.9359966043,0.015565839293562478,174.8058755852,163.2167610188545,True
XLV,2015-02-25T00:00:00.000Z,59.9111681053,0.022457627118610102,174.6573223648,163.3259196015585,True
XLV,2015-02-26T00:00:00.000Z,60.076691432,0.0402694181718215,174.4509984476,163.4266069270235,True
XLV,2015-02-27T00:00:00.000Z,59.7870256102,0.026573824072679608,173.8567855662,163.523632074201,True
XLV,2015-03-02T00:00:00.000Z,60.3249764221,0.05225927529988028,174.9544288055,163.629804275765,True
XLV,2015-03-03T00:00:00.000Z,59.7787494439,0.03689348262963943,174.2364215738,163.7391349649435,True
XLV,2015-03-04T00:00:00.000Z,60.0684152657,0.034935120490755533,173.5019084286,163.84215059414748,True
XLV,2015-03-05T00:00:00.000Z,60.2835955904,0.051841155235142766,173.6917322095,163.94331023297698,True
XLV,2015-03-06T00:00:00.000Z,59.1001038044,0.014058506107081703,171.2488512531,164.03709326418698,True
XLV,2015-03-09T00:00:00.000Z,59.4642551231,0.029664660360752437,171.9586055282,164.12800177306102,True
XLV,2015-03-10T00:00:00.000Z,58.8021618163,0.030307424594054666,169.169106168,164.203092712281,True
XLV,2015-03-11T00:00:00.000Z,58.7690571509,0.012692527096562767,168.772964247,164.2731132563135,True
XLV,2015-03-12T00:00:00.000Z,59.5470167865,0.025074796979431824,170.9187329856,164.349106154392,True
XLV,2015-03-13T00:00:00.000Z,59.4311504578,0.01944917660398149,169.8706074864,164.4204275775815,True
XLV,2015-03-16T00:00:00.000Z,60.7470609052,0.037895927601632184,172.1401705753,164.4990720942065,True
XLV,2015-03-17T00:00:00.000Z,60.5732614121,0.02751649585801652,171.6284872607,164.573897927771,True
XLV,2015-03-18T00:00:00.000Z,61.359497214,0.039685878557599086,173.6917264324,164.658145574525,True
XLV,2015-03-19T00:00:00.000Z,61.7153723665,0.04395912081829523,172.8994425905,164.7388383396465,True
XLV,2015-03-20T00:00:00.000Z,62.1610025428,0.04057148794640786,174.4186551104,164.8255416708185,True
XLV,2015-03-23T00:00:00.000Z,61.9867193581,0.032931534418670916,174.0787870024,164.90542328798398,True
XLV,2015-03-24T00:00:00.000Z,61.4472714055,0.02521481057831565,173.1006300088,164.9766333207185,True
XLV,2015-03-25T00:00:00.000Z,60.3268795039,0.006938796417211401,170.5640533982,165.034347395247,True
XLV,2015-03-26T00:00:00.000Z,60.1857931163,0.0018160401596598597,170.1578695618,165.08994924307797,True
XLV,2015-03-27T00:00:00.000Z,60.6173514784,0.013888061159181397,170.5474744661,165.150263570952,True
XLV,2015-03-30T00:00:00.000Z,61.2314922244,0.015027205248403508,172.6281304441,165.22659139727398,True
XLV,2015-03-31T00:00:00.000Z,60.1691947177,0.006531506219721539,171.1194476234,165.29297723779,True
XLV,2015-04-01T00:00:00.000Z,59.5633531709,-0.0084081141905602,170.5143166019,165.355686963076,True
XLV,2015-04-02T00:00:00.000Z,59.7459355549,-0.008918844840529294,171.1277370894,165.4192684878855,True
XLV,2015-04-06T00:00:00.000Z,59.8372267469,0.012472447509392026,172.2799728701,165.482797704252,True
XLV,2015-04-07T00:00:00.000Z,59.9783131345,0.008644823858229067,171.8240522374,165.54315293478598,True
XLV,2015-04-08T00:00:00.000Z,60.48456429,0.028611235058940254,172.4043148608,165.60479678452452,True
XLV,2015-04-09T00:00:00.000Z,60.9410202499,0.03695759646820784,173.1669457372,165.67049887726097,True
XLV,2015-04-10T00:00:00.000Z,61.463869804,0.0321905801657989,174.1119448666,165.74574604176448,True
XLV,2015-04-13T00:00:00.000Z,61.1319018332,0.028617170663853164,173.3244455921,165.81346107685698,True
XLV,2015-04-14T00:00:00.000Z,61.2314922244,0.00797456390451523,173.656024234,165.88340587859696,True
XLV,2015-04-15T00:00:00.000Z,61.3891770106,0.013469897104418038,174.4352340425,165.9556945014765,True
XLV,2015-04-16T00:00:00.000Z,61.3559802135,-5.731794847896321e-05,174.3854972462,166.0281429214015,True
XLV,2015-04-17T00:00:00.000Z,60.8248314601,-0.014429806906316234,172.3794464626,166.08520998595301,True
XLV,2015-04-20T00:00:00.000Z,61.1982954274,-0.015487316420566777,173.9544450117,166.1493350811955,True
XLV,2015-04-21T00:00:00.000Z,61.6049561917,-0.006158789662581321,173.7472083605,166.208461727219,True
XLV,2015-04-22T00:00:00.000Z,61.7045465829,0.004186925985731893,174.6010233634,166.2746759673445,True
XLV,2015-04-23T00:00:00.000Z,61.9369241625,0.026688677946551387,175.0403650639,166.348274625017,True
XLV,2015-04-24T00:00:00.000Z,61.73774338,0.025785990070797737,175.4465489003,166.4203095688325,True
XLV,2015-04-27T00:00:00.000Z,60.6173514784,0.0,174.7170758881,166.49188329959853,True
XLV,2015-04-28T00:00:00.000Z,60.9161226521,-0.005150447275467984,175.2724701133,166.5651311027175,True
XLV,2015-04-29T00:00:00.000Z,60.3600763009,0.003172413792399409,174.5512865671,166.630729025937,True
XLV,2015-04-30T00:00:00.000Z,59.5127280553,-0.0008499373004529076,172.8022092311,166.6890929422765,True
XLV,2015-05-01T00:00:00.000Z,60.3185803046,0.009584664536281373,174.6756285578,166.7538420437515,True
XLV,2015-05-04T00:00:00.000Z,60.7003434711,0.014424410540462063,175.1729965207,166.83026880815152,True
XLV,2015-05-05T00:00:00.000Z,59.9368171381,-0.000691850007634387,173.1669457372,166.8884956980915,True
XLV,2015-05-06T00:00:00.000Z,59.7044395585,-0.01289791437960286,172.4540516571,166.9446694974315,True
XLV,2015-05-07T00:00:00.000Z,59.9866123337,-0.01566117390693933,173.142077339,167.00077048834748,True
XLV,2015-05-08T00:00:00.000Z,60.9576186485,-0.008236564946436986,175.4216805021,167.06647217855948,True
XLV,2015-05-11T00:00:00.000Z,60.9908154456,-0.0023079011672981764,174.5844444313,167.12794684031502,True
XLV,2015-05-12T00:00:00.000Z,60.6007530798,-0.010300894550935968,174.0622080703,167.19060919381798,True
XLV,2015-05-13T00:00:00.000Z,60.667146674,-0.011761524942341617,174.0953659345,167.25311055182,True
XLV,2015-05-14T00:00:00.000Z,61.5053658004,0.0024347355609051213,175.910758999,167.328160963875,True
XLV,2015-05-15T00:00:00.000Z,61.6298537895,0.01323509346553764,176.1014167181,167.4040421202175,True
XLV,2015-05-18T00:00:00.000Z,61.9950185574,0.013018714401043407,176.6485214772,167.498548712311,True
XLV,2015-05-19T00:00:00.000Z,62.2854905319,0.011046746597503265,176.5904952149,167.595175211153,True
XLV,2015-05-20T00:00:00.000Z,62.3684825246,0.010759919300403542,176.4661532242,167.6855021137645,True
XLV,2015-05-21T00:00:00.000Z,62.3767817239,0.007101701728777776,176.9801001191,167.7860781941605,True
XLV,2015-05-22T00:00:00.000Z,62.227396137,0.00793117354462014,176.5573373507,167.8842953720985,True
XLV,2015-05-26T00:00:00.000Z,61.5966569924,0.016155531215331198,174.6590496258,167.977269314094,True
XLV,2015-05-27T00:00:00.000Z,62.3103881297,0.022888283378816432,176.3169428353,168.06950529143748,True
XLV,2015-05-28T00:00:00.000Z,62.3518841261,0.03299876254746059,176.1179956502,168.15845903910352,True
XLV,2015-05-29T00:00:00.000Z,62.1941993399,0.04505710580278466,175.0237861319,168.243044637951,True
XLV,2015-06-01T00:00:00.000Z,62.4431753181,0.03522289488199348,175.3802331719,168.32406137054303,True
XLV,2015-06-02T00:00:00.000Z,62.0365145538,0.022012578616398715,175.2061543849,168.40044968375048,True
XLV,2015-06-03T00:00:00.000Z,62.1527033436,0.03697036831959899,175.6703644836,168.47932243986253,True
XLV,2015-06-04T00:00:00.000Z,61.7211449815,0.03377814845785432,174.186550061,168.5440770350165,True
XLV,2015-06-05T00:00:00.000Z,61.6962473836,0.02850027670156563,173.8881292833,168.6031321717025,True
XLV,2015-06-08T00:00:00.000Z,61.3891770106,0.007079646017481345,172.7690513669,168.6544269693625,True
XLV,2015-06-09T00:00:00.000Z,61.3725786121,0.006259355014535117,172.793919765,168.70347691905602,True
XLV,2015-06-10T00:00:00.000Z,62.1278057458,0.02519857573369033,174.874575743,168.7641964398235,True
XLV,2015-06-11T00:00:00.000Z,62.5510649086,0.031053351573024912,175.4465489003,168.82365016800352,True
XLV,2015-06-12T00:00:00.000Z,61.7792393764,0.004452840373127653,174.0207607401,168.875443930047,True
XLV,2015-06-15T00:00:00.000Z,61.8539321698,0.003635873955913471,173.3327350581,168.9241243485025,True
XLV,2015-06-16T00:00:00.000Z,62.1610025428,0.002677376170898471,174.2860236536,168.978020539065,True
XLV,2015-06-17T00:00:00.000Z,62.2190969377,-0.001065956029775439,174.5678654992,169.030997597001,True
XLV,2015-06-18T00:00:00.000Z,63.0988120605,0.01170991350658479,176.3252323013,169.09316996997447,True
XLV,2015-06-19T00:00:00.000Z,63.050187052,0.010795769026377577,175.6041067815,169.152186044479,True
XLV,2015-06-22T00:00:00.000Z,63.5415304724,0.02111826007481965,176.5037435886,169.2168848979975,True
XLV,2015-06-23T00:00:00.000Z,63.6664482912,0.033602331682633046,176.6370231156,169.278573819907,True
XLV,2015-06-24T00:00:00.000Z,63.0252034882,0.01147184891565911,175.3542076683,169.33597276592099,True
XLV,2015-06-25T00:00:00.000Z,63.3749733807,0.016408313380408934,174.7877696786,169.39572723103097,True
XLV,2015-06-26T00:00:00.000Z,63.2833669803,0.01751236694032432,174.8460794717,169.452709637403,True
XLV,2015-06-29T00:00:00.000Z,61.7343860278,-0.01135094886974064,171.1559025681,169.4903016528945,True
XLV,2015-06-30T00:00:00.000Z,61.950910247,-0.001379901940263828,171.5057613265,169.5344221901955,True
XLV,2015-07-01T00:00:00.000Z,62.6171386136,0.007472487036202624,172.9051963599,169.5861526242045,True
XLV,2015-07-02T00:00:00.000Z,62.3256637032,0.009794353651106036,172.696947099,169.630714596502,True
XLV,2015-07-06T00:00:00.000Z,62.3006801395,0.009796912803170965,172.1554990206,169.671466429634,True
XLV,2015-07-07T00:00:00.000Z,62.6004829045,0.019731587111696314,173.2717150591,169.7134285959685,True
XLV,2015-07-08T00:00:00.000Z,61.5261896632,0.002502926462824462,170.372885347,169.74163518828746,True
XLV,2015-07-09T00:00:00.000Z,61.8593038465,-0.0043217669781965284,170.5977945488,169.77732741103648,True
XLV,2015-07-10T00:00:00.000Z,62.6920893049,0.002254548287963898,172.830226626,169.8288602691655,True
XLV,2015-07-13T00:00:00.000Z,63.2250719982,0.02340321176489457,174.7294598856,169.883528209171,True
XLV,2015-07-14T00:00:00.000Z,63.8579889466,0.03239982821623233,175.5291370475,169.9554091748805,True
XLV,2015-07-15T00:00:00.000Z,63.9412674924,0.028639579105472546,175.4541673136,170.020513168245,True
XLV,2015-07-16T00:00:00.000Z,64.2410702574,0.03249763206503298,176.8202824653,170.093925150524,True
XLV,2015-07-17T00:00:00.000Z,64.0994967295,0.015859009644120237,176.986881874,170.1703041710715,True
XLV,2015-07-20T00:00:00.000Z,64.3076930941,0.019944525161565085,177.1118314305,170.258265420308,True
XLV,2015-07-21T00:00:00.000Z,64.0245460383,0.007601572740049134,176.395453973,170.34252166449403,True
XLV,2015-07-22T00:00:00.000Z,64.1661195662,0.007848266840873253,176.0039453624,170.41603796520002,True
XLV,2015-07-23T00:00:00.000Z,63.9329396378,0.014402748414290345,175.0459987622,170.48570843575501,True
XLV,2015-07-24T00:00:00.000Z,62.3339915578,-0.016425755584096535,173.2134052661,170.55865083289152,True
XLV,2015-07-27T00:00:00.000Z,62.2756965757,-0.015923147782476277,172.2138088136,170.61272397980147,True
XLV,2015-07-28T00:00:00.000Z,63.3999569445,0.026979630378926256,174.3546112159,170.693506447912,True
XLV,2015-07-29T00:00:00.000Z,63.5082190541,0.0251377873366343,175.5707868997,170.7893984303945,True
XLV,2015-07-30T00:00:00.000Z,63.4166126537,0.012767655274595446,175.6124367519,170.8983439487435,True
XLV,2015-07-31T00:00:00.000Z,63.7830382553,0.023383217530424272,175.3042278457,171.00455828418598,True
XLV,2015-08-03T00:00:00.000Z,63.7330711278,0.022991578664834478,174.7044699743,171.11298581557148,True
XLV,2015-08-04T00:00:00.000Z,63.6997597095,0.017560196886611923,174.3629411864,171.2203623310865,True
XLV,2015-08-05T00:00:00.000Z,64.2327424028,0.04399025446587723,175.0126788804,171.32195889911898,True
XLV,2015-08-06T00:00:00.000Z,62.8336628328,0.015751211632090367,173.554934054,171.408756559477,True
XLV,2015-08-07T00:00:00.000Z,62.7254007232,0.0005313496275103358,173.1967453252,171.478291477308,True
XLV,2015-08-10T00:00:00.000Z,63.2333998528,0.00013171759773134006,175.4541673136,171.56477692217902,True
XLV,2015-08-11T00:00:00.000Z,62.7004171595,-0.018127282211596096,173.8131631375,171.63386455319903,True
XLV,2015-08-12T00:00:00.000Z,62.7420564324,-0.01875488408393755,174.0297423689,171.6978791922265,True
XLV,2015-08-13T00:00:00.000Z,62.6004829045,-0.025537982887372856,173.8464830193,171.762085594373,True
XLV,2015-08-14T00:00:00.000Z,62.7753678507,-0.02065739898688801,174.3962610681,171.819807054539,True
XLV,2015-08-17T00:00:00.000Z,63.4082847991,-0.013986013985666013,175.3958575205,171.883757674597,True
XLV,2015-08-18T00:00:00.000Z,63.3166783987,-0.011056191467199938,174.871069383,171.9398723686675,True
XLV,2015-08-19T00:00:00.000Z,63.0585149066,-0.017261518494308792,173.4966242609,171.97975788714,True
XLV,2015-08-20T00:00:00.000Z,61.5928124999,-0.03660283964975719,169.9397268843,172.001407486932,True
XLV,2015-08-21T00:00:00.000Z,59.710717364,-0.04208416833642903,164.6252057456,171.9993572288335,True
XLV,2015-08-24T00:00:00.000Z,57.170721716,-0.08197378978321956,157.8529397803,171.9582336556085,True
XLV,2015-08-25T00:00:00.000Z,56.5960997497,-0.10731643241896927,155.9620364911,171.90433138633705,True
XLV,2015-08-26T00:00:00.000Z,59.011177579,-0.07081038552300079,162.1678644666,171.8806785111105,True
XLV,2015-08-27T00:00:00.000Z,60.1354379477,-0.05173998686933279,165.8996912224,171.873058257386,True
XLV,2015-08-28T00:00:00.000Z,59.7939959098,-0.06254080167102305,165.9663309859,171.8649504173925,True
XLV,2015-08-31T00:00:00.000Z,58.7030469594,-0.07892329805217779,164.5502360116,171.8506649661225,True
XLV,2015-09-01T00:00:00.000Z,57.1623938614,-0.10262779448326609,159.7438430695,171.8114036472925,True
XLV,2015-09-02T00:00:00.000Z,58.3366213577,-0.09179307662322356,162.7759523085,171.78709767838598,True
XLV,2015-09-03T00:00:00.000Z,57.9202286285,-0.07819748177620367,162.975871599,171.7632577956255,True
XLV,2015-09-04T00:00:00.000Z,57.1957052798,-0.08815719596279525,160.4269006453,171.72183042608546,True
XLV,2015-09-08T00:00:00.000Z,58.7946533598,-0.07019623337244052,164.4835962481,171.7020408299525,True
XLV,2015-09-09T00:00:00.000Z,57.8869172102,-0.07676982334990234,162.2345042301,171.6695283605735,True
XLV,2015-09-10T00:00:00.000Z,58.4448834673,-0.06848951420216653,163.1424710078,171.6370414071065,True
XLV,2015-09-11T00:00:00.000Z,58.8196369235,-0.06039643474903955,163.8838383767,171.60588101373298,True
XLV,2015-09-14T00:00:00.000Z,58.6364241227,-0.06593260811858148,163.2507606235,171.5721708204085,True
XLV,2015-09-15T00:00:00.000Z,59.4775374356,-0.06199106908433194,165.3082633214,171.546573060094,True
XLV,2015-09-16T00:00:00.000Z,59.6440945273,-0.05800341970363698,166.7160283252,171.529819851989,True
XLV,2015-09-17T00:00:00.000Z,60.1854050752,-0.045562599050351094,166.349509626,171.5171437030115,True
XLV,2015-09-18T00:00:00.000Z,59.2699423422,-0.03771333153042444,163.5951465912,171.485237518034,True
XLV,2015-09-21T00:00:00.000Z,58.4842457436,-0.020540225851304994,164.4995423648,171.454570171578,True
XLV,2015-09-22T00:00:00.000Z,58.1248313422,0.016688780507960077,162.37253749,171.41421170359797,True
XLV,2015-09-23T00:00:00.000Z,58.066322021,0.025977448583951013,162.1213164418,171.3712017957295,True
XLV,2015-09-24T00:00:00.000Z,57.4728703349,-0.026068065529460394,161.5602561008,171.33109104250798,True
XLV,2015-09-25T00:00:00.000Z,55.9014771378,-0.0704070836497821,161.5100118911,171.29130361779852,True
XLV,2015-09-28T00:00:00.000Z,53.7366322547,-0.10130387780468153,157.3564905608,171.24433257962102,True
XLV,2015-09-29T00:00:00.000Z,54.2297822473,-0.07620157630307978,157.4988491548,171.1938462912175,True
XLV,2015-09-30T00:00:00.000Z,55.3581762984,-0.03156301619163526,160.4381354188,171.17159938806302,True
XLV,2015-10-01T00:00:00.000Z,55.9181940867,-0.04145641647929932,160.8903333056,171.1572768914405,True
XLV,2015-10-02T00:00:00.000Z,57.0800220356,-0.014506272036477585,163.2936813334,171.16153741564952,True
XLV,2015-10-05T00:00:00.000Z,57.2304745758,0.0006079004678745115,166.1994714576,171.1644036597995,True
XLV,2015-10-06T00:00:00.000Z,55.8847601889,-0.04949247941122481,165.6300370817,171.143944148263,True
XLV,2015-10-07T00:00:00.000Z,56.7791169553,-0.019137316483400446,166.986630742,171.12667699448397,True
XLV,2015-10-08T00:00:00.000Z,56.9462864444,-0.025641201316424334,168.4939570312,171.11302631772503,True
XLV,2015-10-09T00:00:00.000Z,57.2053991524,-0.02744385813192718,168.5944454505,171.098722669126,True
XLV,2015-10-12T00:00:00.000Z,57.3558516926,-0.021839197209917338,168.7535521144,171.0851320242795,True
XLV,2015-10-13T00:00:00.000Z,56.6370228896,-0.04775776988204328,167.690049677,171.063459126756,True
XLV,2015-10-14T00:00:00.000Z,56.5283627218,-0.05223873092874065,166.8861423227,171.036611278525,True
XLV,2015-10-15T00:00:00.000Z,57.7904923641,-0.039792250431938236,169.4485970144,171.027197359497,True
XLV,2015-10-16T00:00:00.000Z,58.3087177801,-0.016217740799380098,170.2190082289,171.030136041929,True
XLV,2015-10-19T00:00:00.000Z,58.5176796414,0.0005716735742233858,170.3027485783,171.033947338726,True
XLV,2015-10-20T00:00:00.000Z,57.5982474517,-0.00905953408105098,170.0850236699,171.051979245635,True
XLV,2015-10-21T00:00:00.000Z,57.0800220356,-0.016985749244515458,169.0298952674,171.072575819384,True
XLV,2015-10-22T00:00:00.000Z,56.7373245831,-0.012798138452349894,171.8435710073,171.09696584075752,True
XLV,2015-10-23T00:00:00.000Z,57.9493033787,0.03663277512062879,173.7779730785,171.116213815234,True
XLV,2015-10-26T00:00:00.000Z,58.1749821889,0.08259449369962724,173.3341492266,171.14005135971746,True
XLV,2015-10-27T00:00:00.000Z,59.2448669188,0.09247842170248965,172.9824397592,171.1687327222135,True
XLV,2015-10-28T00:00:00.000Z,59.7380169115,0.0791182243701658,174.96708604,171.2096894087695,True
XLV,2015-10-29T00:00:00.000Z,60.005488094,0.07309417040476562,174.9252158653,171.25547104803098,True
XLV,2015-10-30T00:00:00.000Z,59.6293567436,0.04466246888289582,174.121308511,171.304825870673,True
XLV,2015-11-02T00:00:00.000Z,60.8998448604,0.0641156710965245,176.1813211063,171.35371064781498,True
XLV,2015-11-03T00:00:00.000Z,60.6825245246,0.08585103200734401,176.6921372377,171.40337511992652,True
XLV,2015-11-04T00:00:00.000Z,60.4150533421,0.0640365081701153,176.1729470714,171.446234633296,True
XLV,2015-11-05T00:00:00.000Z,60.2228084297,0.05753706149915616,175.9803442677,171.47566916805002,True
XLV,2015-11-06T00:00:00.000Z,59.9720541962,0.048363530100181684,175.8882298834,171.5093060514105,True
XLV,2015-11-09T00:00:00.000Z,59.5123381013,0.03759836782230597,174.2469190351,171.5327556709245,True
XLV,2015-11-10T00:00:00.000Z,59.913544875,0.05785123967032613,174.6488727123,171.5693978151355,True
XLV,2015-11-11T00:00:00.000Z,59.3200931889,0.049386366996675424,173.9622018472,171.61333544871349,True
XLV,2015-11-12T00:00:00.000Z,58.2920008312,0.008678044546503116,171.5337317145,171.637496746693,True
XLV,2015-11-13T00:00:00.000Z,58.1499067655,-0.002723623853279067,169.6077036783,171.66250915948353,True
XLV,2015-11-16T00:00:00.000Z,58.8770940429,0.006141979717967372,172.1869064398,171.6902251845735,True
XLV,2015-11-17T00:00:00.000Z,59.1278482765,0.026556377884286775,172.0612959157,171.70526384028003,True
XLV,2015-11-18T00:00:00.000Z,60.2813177509,0.056084346171124455,174.7912313062,171.737170826047,True
XLV,2015-11-19T00:00:00.000Z,59.2699423422,0.044637595757456294,174.6404986773,171.75982360328203,True
XLV,2015-11-20T00:00:00.000Z,59.7798092838,0.03158805711843682,175.2769253328,171.78801060644997,True
XLV,2015-11-23T00:00:00.000Z,59.6293567436,0.02499999999961311,175.0759484942,171.818989085501,True
XLV,2015-11-24T00:00:00.000Z,59.8132431816,0.009593679458829829,175.3104214725,171.842144206655,True
XLV,2015-11-25T00:00:00.000Z,60.1392236852,0.0067161046590209494,175.2852993677,171.8646785398835,True
XLV,2015-11-27T00:00:00.000Z,60.2562423275,0.0041788549925163565,175.4862762063,171.880006065402,True
XLV,2015-11-30T00:00:00.000Z,59.4371118312,-0.0032239977571221212,174.7577351665,171.888142114346,True
XLV,2015-12-01T00:00:00.000Z,60.4401287655,-0.0075487235797365715,176.4241681196,171.90324859020203,True
XLV,2015-12-02T00:00:00.000Z,59.9302618239,-0.012396694214576454,174.6237506074,171.90927044893,True
XLV,2015-12-03T00:00:00.000Z,58.6179813349,-0.029745434420525796,172.1785324049,171.903685188397,True
XLV,2015-12-04T00:00:00.000Z,59.9971296195,-0.0037473976402718767,175.5365204159,171.9096905052065,True
XLV,2015-12-07T00:00:00.000Z,59.6627906414,-0.005156794426087741,174.4730179785,171.9105021041795,True
XLV,2015-12-08T00:00:00.000Z,59.7965262327,0.004775280899168566,173.3006530869,171.902975991688,True
XLV,2015-12-09T00:00:00.000Z,59.1947160721,-0.011997767856996577,171.9524334615,171.8894515471715,True
XLV,2015-12-10T00:00:00.000Z,59.6377152181,0.005354375088194141,172.3962573134,171.8791778415005,True
XLV,2015-12-11T00:00:00.000Z,58.7600754006,0.008029825065628327,169.0550173722,171.8551690005305,True
XLV,2015-12-14T00:00:00.000Z,59.1445652254,0.017105074027223166,169.9091689361,171.8299427011835,True
XLV,2015-12-15T00:00:00.000Z,59.913544875,0.017603634298676507,171.6928383784,171.8172247852065,True
XLV,2015-12-16T00:00:00.000Z,60.6908829991,0.02643483177826389,174.2050488604,171.8207404873655,True
XLV,2015-12-17T00:00:00.000Z,60.0389219918,-0.004021075984132372,171.5504797844,171.81003422524,True
XLV,2015-12-18T00:00:00.000Z,59.1719943951,-0.0016525736862452733,168.5120030765,171.796349984357,True
XLV,2015-12-21T00:00:00.000Z,59.7092348039,-0.0011805738550444422,169.9020880934,171.786067397183,True
XLV,2015-12-22T00:00:00.000Z,60.1121651104,0.008096823329421854,171.4438187485,171.7974409600855,True
XLV,2015-12-23T00:00:00.000Z,60.7585324772,0.01580401338094961,173.5668576834,171.82141042726752,True
XLV,2015-12-24T00:00:00.000Z,60.8172931469,0.011274995255166065,173.2804159223,171.833218841951,True
XLV,2015-12-28T00:00:00.000Z,60.5318841798,0.004574494552811004,172.8844523114,171.84828806607598,True
XLV,2015-12-29T00:00:00.000Z,61.2705897418,0.030847358731141528,174.7294742429,171.86123458441398,True
XLV,2015-12-30T00:00:00.000Z,61.0103639188,0.009434711092566328,173.4910348643,171.870547322432,True
XLV,2015-12-31T00:00:00.000Z,60.4647291287,0.008918154009913914,171.7555347826,171.86086636418298,True
XLV,2016-01-04T00:00:00.000Z,59.3734595484,0.012888164967397087,169.3544822142,171.8431415623015,True
XLV,2016-01-05T00:00:00.000Z,59.6588685156,-0.005637954782924504,169.6409214479,171.819252893989,True
XLV,2016-01-06T00:00:00.000Z,59.1719943951,-0.008226169795675586,167.5010380525,171.78636414923952,True
XLV,2016-01-07T00:00:00.000Z,57.9715978568,-0.030518969760855996,163.4824252702,171.73827312554647,True
XLV,2016-01-08T00:00:00.000Z,57.0985821926,-0.03541082749593527,161.6879476723,171.69389259691698,True
XLV,2016-01-11T00:00:00.000Z,56.4186373003,-0.05397721737037664,161.8480205957,171.6523433520865,True
XLV,2016-01-12T00:00:00.000Z,57.1405540995,-0.027561593310744148,163.1538605632,171.615375282572,True
XLV,2016-01-13T00:00:00.000Z,55.4448890594,-0.06255310444671514,159.0847009197,171.54765813494998,True
XLV,2016-01-14T00:00:00.000Z,56.9306945649,-0.04978590928517479,161.6963682176,171.500542737921,True
XLV,2016-01-15T00:00:00.000Z,56.1332283331,-0.07509619963953373,158.2253722667,171.439098016245,True
XLV,2016-01-19T00:00:00.000Z,56.1248339517,-0.06519251029581419,158.4359912086,171.375639286841,True
XLV,2016-01-20T00:00:00.000Z,56.2339609098,-0.04965243296824384,156.4056212383,171.296267528682,True
XLV,2016-01-21T00:00:00.000Z,56.066073282,-0.06101504288013493,157.2818027766,171.223556281378,True
XLV,2016-01-22T00:00:00.000Z,56.955877709,-0.05250663315159698,160.5084866523,171.1640771403355,True
XLV,2016-01-25T00:00:00.000Z,56.4270316817,-0.07129041171501993,158.0821522286,171.0886531727925,True
XLV,2016-01-26T00:00:00.000Z,56.8551451324,-0.06514837819121122,160.2388885092,171.01928789100552,True
XLV,2016-01-27T00:00:00.000Z,56.2087777656,-0.07141866592751234,158.4949704097,170.94514051509353,True
XLV,2016-01-28T00:00:00.000Z,54.8992542693,-0.10398684751280185,159.3205932922,170.87346336038453,True
XLV,2016-01-29T00:00:00.000Z,55.7974530777,-0.08544303797364627,163.2044065818,170.817309223081,True
XLV,2016-02-01T00:00:00.000Z,55.8813968915,-0.07580174927178307,163.1454273807,170.7611088737535,True
XLV,2016-02-02T00:00:00.000Z,55.0755362784,-0.07238795419182908,160.2051953759,170.70023761832,True
XLV,2016-02-03T00:00:00.000Z,55.436494678,-0.07077529196679122,161.1656169087,170.636293477805,True
XLV,2016-02-04T00:00:00.000Z,55.1342969481,-0.06823662930878593,161.4183621665,170.574649246835,True
XLV,2016-02-05T00:00:00.000Z,54.0598161306,-0.06747755574829573,158.3433180317,170.4933607201765,True
XLV,2016-02-08T00:00:00.000Z,53.3211105686,-0.06615701264276863,156.2118551816,170.39921817076498,True
XLV,2016-02-09T00:00:00.000Z,53.7163180443,-0.04789763428025273,156.2202757269,170.30308680489802,True
XLV,2016-02-10T00:00:00.000Z,54.1941262328,-0.0515645658872913,156.0854888713,170.209928869814,True
XLV,2016-02-11T00:00:00.000Z,53.3211105686,-0.03830431491214137,154.0551197435,170.103842117965,True
XLV,2016-02-12T00:00:00.000Z,54.0346329864,-0.05086994986858173,157.231256758,170.0172419689195,True
XLV,2016-02-16T00:00:00.000Z,55.0503531342,-0.01929116195623226,159.8850503717,169.9526561746225,True
XLV,2016-02-17T00:00:00.000Z,55.7470867893,-0.006730481603296701,162.4967303068,169.89176168336752,True
XLV,2016-02-18T00:00:00.000Z,55.4029171525,-0.014778325123371627,161.8311668679,169.8250525351035,True
XLV,2016-02-19T00:00:00.000Z,55.3441564828,-0.01287617906766736,161.7553474187,169.767994543511,True
XLV,2016-02-22T00:00:00.000Z,56.1332283331,-0.014443625644803393,164.0974292107,169.726211431279,True
XLV,2016-02-23T00:00:00.000Z,55.7135092638,-0.012645046117699787,162.0249455618,169.670625772393,True
XLV,2016-02-24T00:00:00.000Z,55.8981856543,-0.016831536985289608,162.7663158127,169.60734894894603,True
XLV,2016-02-25T00:00:00.000Z,56.5949193094,0.006869772998983725,164.7377057394,169.55811525548648,True
XLV,2016-02-26T00:00:00.000Z,56.4941867328,0.029051987767926724,164.3585941713,169.5095971859915,True
XLV,2016-02-29T00:00:00.000Z,55.5953163739,-0.0036226869265613137,163.0696079315,169.4544683959765,True
XLV,2016-03-01T00:00:00.000Z,56.7879900813,0.01622352411054173,166.9028752025,169.40942897699398,True
XLV,2016-03-02T00:00:00.000Z,56.8809998271,0.032781588173260934,167.6526777934,169.36718528237049,True
XLV,2016-03-03T00:00:00.000Z,56.7208350302,0.023167777105316922,168.3098080498,169.3254917152335,True
XLV,2016-03-04T00:00:00.000Z,56.586524928,0.026339829476143217,168.857412244,169.28682630037903,True
XLV,2016-03-07T00:00:00.000Z,57.0404930734,0.05513664596267143,168.9922108943,169.24945658872952,True
XLV,2016-03-08T00:00:00.000Z,56.3437594183,0.05668765743000104,167.1471872778,169.200292024523,True
XLV,2016-03-09T00:00:00.000Z,56.4438204444,0.05077604905553312,167.9728227975,169.157369451757,True
XLV,2016-03-10T00:00:00.000Z,56.47739797,0.04213135068165541,168.1076088106,169.124612247681,True
XLV,2016-03-11T00:00:00.000Z,57.5770619317,0.07981738035303176,170.8203824679,169.097129445844,True
XLV,2016-03-14T00:00:00.000Z,57.3336248714,0.06105328569235069,170.6013429807,169.06954618249648,True
XLV,2016-03-15T00:00:00.000Z,56.4438204444,0.025312595303486063,170.3233242924,169.04604387329903,True
XLV,2016-03-16T00:00:00.000Z,56.3095103423,0.010088842043454616,171.3090192557,169.025687803718,True
XLV,2016-03-17T00:00:00.000Z,55.6547485941,0.004545454545413552,172.3958205785,169.011636134686,True
XLV,2016-03-18T00:00:00.000Z,56.3067368386,0.017392628544246724,173.0694675723,168.9986316501295,True
XLV,2016-03-21T00:00:00.000Z,56.6352770446,0.008943877386149879,173.3150343249,168.994274071449,True
XLV,2016-03-22T00:00:00.000Z,57.1996922703,0.026675451360692604,173.2218860669,168.99094285536702,True
XLV,2016-03-23T00:00:00.000Z,56.7953350937,0.016049705887564603,172.0787105219,168.98749115114202,True
XLV,2016-03-24T00:00:00.000Z,56.7700627701,0.0030946852268223246,172.0024881492,168.983533993063,True
XLV,2016-03-28T00:00:00.000Z,56.6100047211,0.0020500868319031085,172.1041128987,168.96968167884148,True
XLV,2016-03-29T00:00:00.000Z,57.267085133,0.030070316496747962,173.6960928398,168.960929398539,True
XLV,2016-03-30T00:00:00.000Z,57.2755092409,0.008584899005970259,174.4582225719,168.963116707698,True
XLV,2016-03-31T00:00:00.000Z,57.0986029761,0.003825585866307657,174.0348213992,168.9666271394035,True
XLV,2016-04-01T00:00:00.000Z,57.7472592802,0.01809607086097187,175.2203396018,168.9712987191445,True
XLV,2016-04-04T00:00:00.000Z,58.4380361235,0.03272000176465739,174.6529837241,168.97172431026902,True
XLV,2016-04-05T00:00:00.000Z,57.6798664174,0.01120911320274276,172.9085725863,168.954641011694,True
XLV,2016-04-06T00:00:00.000Z,59.2305761896,0.051235785490777674,174.7969384292,168.9506051699325,True
XLV,2016-04-07T00:00:00.000Z,58.5812459569,0.037868193465137034,172.7053357894,168.93161313093648,True
XLV,2016-04-08T00:00:00.000Z,58.4211879078,0.03441712981948131,173.1710796198,168.9142834134575,True
XLV,2016-04-11T00:00:00.000Z,57.974710192,0.006906365954756577,172.7646178812,168.901335464522,True
XLV,2016-04-12T00:00:00.000Z,58.4464602314,0.01940982037148542,174.3735372565,168.8992643024115,True
XLV,2016-04-13T00:00:00.000Z,58.9940272413,0.04518132856389645,176.1348878284,168.905708344195,True
XLV,2016-04-14T00:00:00.000Z,59.0277236727,0.04827272185242326,176.1433516179,168.930645589444,True
XLV,2016-04-15T00:00:00.000Z,58.9856031335,0.05984852368469973,175.9485904656,168.9528597351395,True
XLV,2016-04-18T00:00:00.000Z,59.5331701434,0.05730101735514137,177.1849269706,168.97425838819302,True
XLV,2016-04-19T00:00:00.000Z,59.7437728396,0.054886211513577754,177.7438072037,168.99949268871651,True
XLV,2016-04-20T00:00:00.000Z,60.0638889377,0.050073637701844476,177.9131778344,169.0282810827855,True
XLV,2016-04-21T00:00:00.000Z,60.4177014672,0.06377929397764581,176.9562869502,169.046703942241,True
XLV,2016-04-22T00:00:00.000Z,60.5440630849,0.06647870604060202,176.9562869502,169.079620950257,True
XLV,2016-04-25T00:00:00.000Z,60.3081880652,0.06532738095182666,176.6514381059,169.1098891680425,True
XLV,2016-04-26T00:00:00.000Z,60.0807371534,0.04913209767644755,176.9139442925,169.130307756375,True
XLV,2016-04-27T00:00:00.000Z,60.0133442906,0.04780114722655204,177.2780760754,169.14305083732398,True
XLV,2016-04-28T00:00:00.000Z,59.7269246239,0.04603127766366111,175.6691439981,169.143750872077,True
XLV,2016-04-29T00:00:00.000Z,58.7925225817,0.018100656455888098,174.7207296053,169.1400836835355,True
XLV,2016-05-02T00:00:00.000Z,59.1288129669,0.011820671761455959,176.1094846049,169.1365296942335,True
XLV,2016-05-03T00:00:00.000Z,58.9476946482,0.0219804293863195,174.5767749002,169.12447915936448,True
XLV,2016-05-04T00:00:00.000Z,58.3797412972,-0.014364791753442296,173.6029445819,169.1069347251215,True
XLV,2016-05-05T00:00:00.000Z,58.6233664961,0.0007190106408967445,173.5690775689,169.09280284310097,True
XLV,2016-05-06T00:00:00.000Z,58.2779780745,-0.0024513338127600814,174.2041793279,169.08380401292848,True
XLV,2016-05-09T00:00:00.000Z,58.9434825943,0.016710258647117504,174.348134033,169.0803146892825,True
XLV,2016-05-10T00:00:00.000Z,59.4405049571,0.017007783221847816,176.5159463434,169.096827394669,True
XLV,2016-05-11T00:00:00.000Z,58.7244557903,-0.004569470226153394,174.8646843104,169.110081772153,True
XLV,2016-05-12T00:00:00.000Z,58.3790673686,-0.010989010989085446,174.9154907575,169.112886169861,True
XLV,2016-05-13T00:00:00.000Z,58.2442816431,-0.012567837760719236,173.3912439955,169.10198845534,True
XLV,2016-05-16T00:00:00.000Z,59.0361477806,-0.008348662797610262,175.1017881203,169.099435212182,True
XLV,2016-05-17T00:00:00.000Z,58.4211879078,-0.022137619854555868,173.4674655214,169.09025140056053,True
XLV,2016-05-18T00:00:00.000Z,58.6654870354,-0.023281907432774918,173.5182719686,169.08432041053203,True
XLV,2016-05-19T00:00:00.000Z,58.1684646725,-0.0372281093136434,172.9170363758,169.07709088647903,True
XLV,2016-05-20T00:00:00.000Z,58.7076075746,-0.030332544872728073,174.0094181756,169.07207458295503,True
XLV,2016-05-23T00:00:00.000Z,58.4717325549,-0.03045118033250449,173.7723152126,169.073161488748,True
XLV,2016-05-24T00:00:00.000Z,59.3141433395,-0.012759394278780367,176.0247992895,169.0873017585695,True
XLV,2016-05-25T00:00:00.000Z,59.6848040846,-0.005474452555237153,177.2187939836,169.0961248919195,True
XLV,2016-05-26T00:00:00.000Z,59.6932281925,-0.0005641748945250935,177.2695995839,169.11340707415147,True
XLV,2016-05-27T00:00:00.000Z,59.9627996435,0.019905202403481592,178.031729316,169.13341700888702,True
XLV,2016-05-31T00:00:00.000Z,60.1060094769,0.016526570735438728,177.6930007566,169.15264959757351,True
XLV,2016-06-01T00:00:00.000Z,60.3250362809,0.023365487673775442,178.0571325395,169.1709539549305,True
XLV,2016-06-02T00:00:00.000Z,61.1000542027,0.04659686468378488,178.5990860405,169.1869700975305,True
XLV,2016-06-03T00:00:00.000Z,60.8978756144,0.03879867797171488,178.065596329,169.20294273226054,True
XLV,2016-06-06T00:00:00.000Z,61.227089749,0.050604220872762395,178.9716807661,169.2303180147865,True
XLV,2016-06-07T00:00:00.000Z,60.8466570387,0.03228812348091625,179.2511145316,169.276874953023,True
XLV,2016-06-08T00:00:00.000Z,61.0579336634,0.027210884353478182,179.8354098435,169.3529259735125,True
XLV,2016-06-09T00:00:00.000Z,60.9568443693,0.03801463204651356,179.589843091,169.46161049006596,True
XLV,2016-06-10T00:00:00.000Z,60.4682461143,0.03578643578714824,177.8877746109,169.571239180665,True
XLV,2016-06-13T00:00:00.000Z,59.9880719671,0.02993925368820438,176.5159463434,169.642979590049,True
XLV,2016-06-14T00:00:00.000Z,60.0807371534,0.01769406392642825,176.1687539946,169.69432490390997,True
XLV,2016-06-15T00:00:00.000Z,59.667955869,0.021341023793758573,175.9231872421,169.744109185191,True
XLV,2016-06-16T00:00:00.000Z,59.8785585651,0.020677771395096523,176.4482004622,169.80359900744403,True
XLV,2016-06-17T00:00:00.000Z,59.2595669144,0.018757624909701898,175.7948509594,169.8838540468935,True
XLV,2016-06-20T00:00:00.000Z,59.6317366181,0.01574121449806487,176.9269810138,169.95460919042,True
XLV,2016-06-21T00:00:00.000Z,59.4245057603,0.016294595076440155,177.4291999606,170.026875832228,True
XLV,2016-06-22T00:00:00.000Z,59.5979030087,0.004784013613343907,177.139787095,170.11044026447652,True
XLV,2016-06-23T00:00:00.000Z,60.3760760255,0.011582042556764538,179.4465982054,170.185255274263,True
XLV,2016-06-24T00:00:00.000Z,58.6082699329,-0.01817556685158994,173.0028360254,170.2390969332395,True
XLV,2016-06-27T00:00:00.000Z,57.8385553184,-0.03542603643808129,169.9043803344,170.27290647987252,True
XLV,2016-06-28T00:00:00.000Z,58.9635228319,-0.01900786052747483,172.9687802426,170.318331189202,True
XLV,2016-06-29T00:00:00.000Z,60.0884903454,-0.003921190107512573,175.9140223649,170.381647497909,True
XLV,2016-06-30T00:00:00.000Z,60.6509741021,-0.007349913293205446,178.314468151,170.446678522057,True
XLV,2016-07-01T00:00:00.000Z,61.0358314094,0.00226536301321123,178.6890085564,170.506543423213,True
XLV,2016-07-05T00:00:00.000Z,60.9766225929,-0.004090789830560104,177.4036649333,170.5618141997495,True
XLV,2016-07-06T00:00:00.000Z,61.6617531838,0.013395906772357025,178.4676953393,170.63617694349,True
XLV,2016-07-07T00:00:00.000Z,61.5687107579,0.008365450054628631,178.3570319209,170.70546439127048,True
XLV,2016-07-08T00:00:00.000Z,62.32996697,0.022526143124816267,181.0128475581,170.798665941611,True
XLV,2016-07-11T00:00:00.000Z,62.1607989229,0.027990770650113683,181.6512658017,170.8963156884105,True
XLV,2016-07-12T00:00:00.000Z,62.4653014077,0.04129536688491364,182.9706660588,171.0033677382005,True
XLV,2016-07-13T00:00:00.000Z,62.4399262007,0.03926697905314391,182.9451301803,171.1105433296465,True
XLV,2016-07-14T00:00:00.000Z,62.7105950761,0.050992851402184236,183.9665968163,171.24359386092397,True
XLV,2016-07-15T00:00:00.000Z,62.6598446619,0.04644878172503408,183.7197477207,171.37469835375347,True
XLV,2016-07-18T00:00:00.000Z,62.685219869,0.057807593490319276,184.2134595316,171.49357497431748,True
XLV,2016-07-19T00:00:00.000Z,62.5498854313,0.04893617021232699,184.0261884777,171.60925425017803,True
XLV,2016-07-20T00:00:00.000Z,63.1165983892,0.0621308091949937,184.7922852626,171.716747269824,True
XLV,2016-07-21T00:00:00.000Z,63.3026832411,0.062162929320838334,184.0942881261,171.8062213531665,True
XLV,2016-07-22T00:00:00.000Z,63.4295592765,0.05057439058660185,184.9199765723,171.9026710506195,True
XLV,2016-07-25T00:00:00.000Z,63.3618920576,0.08110838504774787,184.4177448573,171.98982662119602,True
XLV,2016-07-26T00:00:00.000Z,63.251932827,0.09359461830952509,184.5028723971,172.0698711980255,True
XLV,2016-07-27T00:00:00.000Z,63.5395185071,0.07760722995208025,184.3070942073,172.14843444180948,True
XLV,2016-07-28T00:00:00.000Z,63.4803096906,0.05644707207159283,184.5199002885,172.22726618268004,True
XLV,2016-07-29T00:00:00.000Z,63.607185726,0.04874137089576669,184.8178211411,172.31290504000052,True
XLV,2016-08-01T00:00:00.000Z,64.0131890391,0.048780487804438444,184.6646067212,172.401797361993,True
XLV,2016-08-02T00:00:00.000Z,63.7678953707,0.04577611319071351,183.481405761,172.471961405726,True
XLV,2016-08-03T00:00:00.000Z,63.5902689212,0.031275720164029686,184.0176685734,172.54095470744846,True
XLV,2016-08-04T00:00:00.000Z,63.4972264953,0.03132298392576849,184.2134595316,172.610508262215,True
XLV,2016-08-05T00:00:00.000Z,63.6494777377,0.02116976523242986,185.720117223,172.68868372998048,True
XLV,2016-08-08T00:00:00.000Z,63.1081399869,0.01524016873037648,185.609466573,172.77158158650852,True
XLV,2016-08-09T00:00:00.000Z,63.2603912293,0.012728503724181106,185.720117223,172.84096431758698,True
XLV,2016-08-10T00:00:00.000Z,63.0447019692,0.009685722025936983,185.2604611949,172.898376758169,True
XLV,2016-08-11T00:00:00.000Z,63.4126424717,0.011195036416861592,186.1201935068,172.96230697957003,True
XLV,2016-08-12T00:00:00.000Z,63.251932827,0.00944924406204306,185.958471951,173.027187140529,True
XLV,2016-08-15T00:00:00.000Z,63.3618920576,0.010794764539617363,186.4947339122,173.08482537989,True
XLV,2016-08-16T00:00:00.000Z,62.7951790997,0.003921568628121763,185.5328597886,173.1378635995065,True
XLV,2016-08-17T00:00:00.000Z,62.922055135,-0.0030822835698522955,185.8818515471,173.19666631468698,True
XLV,2016-08-18T00:00:00.000Z,62.9474303421,-0.00561197220735421,186.2989565736,173.2472544920235,True
XLV,2016-08-19T00:00:00.000Z,62.896679928,-0.008401120149315489,186.0265579799,173.2939265957345,True
XLV,2016-08-22T00:00:00.000Z,63.0235559633,-0.005339741022765465,186.018050844,173.3431521145975,True
XLV,2016-08-23T00:00:00.000Z,63.0827647798,-0.0026745119024692565,186.3925912493,173.3952133495055,True
XLV,2016-08-24T00:00:00.000Z,62.093131704,-0.022763578275122986,185.4392242617,173.442968321397,True
XLV,2016-08-25T00:00:00.000Z,61.5687107579,-0.03011325782777441,185.311532952,173.4982913909815,True
XLV,2016-08-26T00:00:00.000Z,61.8055460239,-0.028324468085428323,184.9625275739,173.54985966528952,True
XLV,2016-08-29T00:00:00.000Z,61.9408804616,-0.03237315010558539,185.8733444112,173.6094153781095,True
XLV,2016-08-30T00:00:00.000Z,61.7294204027,-0.03196710438928241,185.5669028031,173.67958123355248,True
XLV,2016-08-31T00:00:00.000Z,61.5433355508,-0.032189412077129664,185.0391479778,173.75673845505,True
XLV,2016-09-01T00:00:00.000Z,61.382625906,-0.03330225123228836,185.0476551137,173.8210421984195,True
XLV,2016-09-02T00:00:00.000Z,61.4502931249,-0.03455149501560506,185.8818515471,173.8901449765765,True
XLV,2016-09-06T00:00:00.000Z,61.6702115862,-0.02278514944345511,186.4436630064,173.9484071350775,True
XLV,2016-09-07T00:00:00.000Z,61.6702115862,-0.025137050407040284,186.426635115,174.00733781726598,True
XLV,2016-09-08T00:00:00.000Z,61.7209620003,-0.02099684711883809,186.0010229526,174.06095830536503,True
XLV,2016-09-09T00:00:00.000Z,60.4860352562,-0.04615179404968184,181.5491231389,174.09332417858852,True
XLV,2016-09-12T00:00:00.000Z,61.382625906,-0.02955335651343216,184.153867019,174.137541406321,True
XLV,2016-09-13T00:00:00.000Z,60.5621608774,-0.04418635696129258,181.5065593689,174.168647706327,True
XLV,2016-09-14T00:00:00.000Z,60.5621608774,-0.03556034482766002,181.4384597205,174.198408623898,True
XLV,2016-09-15T00:00:00.000Z,61.1880826518,-0.027557467401211566,183.2515717884,174.24087780700748,True
XLV,2016-09-16T00:00:00.000Z,61.2291075949,-0.027297742542649384,182.5468125259,174.271491029039,True
XLV,2016-09-19T00:00:00.000Z,61.0083397683,-0.030022890903965815,182.581041872,174.311277485362,True
XLV,2016-09-20T00:00:00.000Z,61.1951433139,-0.02901157545703592,182.5895921504,174.3633327840895,True
XLV,2016-09-21T00:00:00.000Z,61.8065003721,-0.02023158642705336,184.6428986285,174.4088646751525,True
XLV,2016-09-22T00:00:00.000Z,62.273509236,0.0029049514342402993,185.8064226253,174.46553169838649,True
XLV,2016-09-23T00:00:00.000Z,62.0782146202,0.008275370005772276,184.7883389143,174.5229701275235,True
XLV,2016-09-26T00:00:00.000Z,61.3564736487,-0.0072658912361415195,183.2911418884,174.579663669658,True
XLV,2016-09-27T00:00:00.000Z,61.7895182316,-0.0024436564167640284,184.4290133391,174.6398274497865,True
XLV,2016-09-28T00:00:00.000Z,61.6961164588,-0.0005395149295545076,185.3444355335,174.72127454059301,True
XLV,2016-09-29T00:00:00.000Z,60.6092594664,-0.015177534269798953,183.6675697313,174.790066544569,True
XLV,2016-09-30T00:00:00.000Z,61.2291075949,-0.0025010059252775774,185.053554962,174.856870127487,True
XLV,2016-10-03T00:00:00.000Z,61.1781611734,-0.004428489070782526,184.6086701379,174.9088882338745,True
XLV,2016-10-04T00:00:00.000Z,61.0592861899,-0.009906328851265078,183.6675697313,174.96947368360898,True
XLV,2016-10-05T00:00:00.000Z,61.2970361569,-0.00605114559690445,184.4803440975,175.04931538871404,True
XLV,2016-10-06T00:00:00.000Z,61.0677772601,-0.010582867133484108,184.6086701379,175.12284829893647,True
XLV,2016-10-07T00:00:00.000Z,61.0253219088,0.008915886953339891,183.975564548,175.185507027934,True
XLV,2016-10-10T00:00:00.000Z,61.3055272272,-0.001256034222420932,184.9337800555,175.24234163979452,True
XLV,2016-10-11T00:00:00.000Z,59.7686435114,-0.013102527295985489,182.5981432842,175.28893027660396,True
XLV,2016-10-12T00:00:00.000Z,59.488438193,-0.0177292664073464,182.8377067859,175.33869654897651,True
XLV,2016-10-13T00:00:00.000Z,59.5139114038,-0.027361067309906173,182.2388177091,175.3762432663075,True
XLV,2016-10-14T00:00:00.000Z,59.1148311019,-0.03453057828293593,182.3329272365,175.4204527281685,True
XLV,2016-10-17T00:00:00.000Z,58.9195364861,-0.03423799582373399,181.6998353352,175.47017423093152,True
XLV,2016-10-18T00:00:00.000Z,59.6242953171,-0.02566948799747626,182.8377067859,175.53759035379,True
XLV,2016-10-19T00:00:00.000Z,59.4035274905,-0.03887896689074999,183.3253584015,175.60601253855802,True
XLV,2016-10-20T00:00:00.000Z,59.6837328089,-0.04158712844149259,182.9831470717,175.683423083654,True
XLV,2016-10-21T00:00:00.000Z,59.1912507342,-0.0465052660367683,183.0686934876,175.781354424741,True
XLV,2016-10-24T00:00:00.000Z,59.0808668209,-0.037088292277504764,183.8472385076,175.8921508789175,True
XLV,2016-10-25T00:00:00.000Z,58.9110454158,-0.04658513123554198,183.2312480186,175.99906701603203,True
XLV,2016-10-26T00:00:00.000Z,58.5544204652,-0.05092210294464783,182.8633713096,176.097614569764,True
XLV,2016-10-27T00:00:00.000Z,58.8261347133,-0.02942000560307967,182.375706861,176.2140695994705,True
XLV,2016-10-28T00:00:00.000Z,57.5524741753,-0.06004715018753992,181.8367116539,176.314771316652,True
XLV,2016-10-31T00:00:00.000Z,57.1958492247,-0.06509368494114687,181.8452756209,176.432870833423,True
XLV,2016-11-01T00:00:00.000Z,56.8901706956,-0.06827979418779428,180.5277353939,176.5433295543495,True
XLV,2016-11-02T00:00:00.000Z,56.5929832367,-0.07674193101537874,179.4412066791,176.6585074815535,True
XLV,2016-11-03T00:00:00.000Z,56.0580458108,-0.08203559510546032,178.6198820345,176.765197877843,True
XLV,2016-11-04T00:00:00.000Z,56.4486350424,-0.07499652149708746,178.4231109904,176.8547709995335,True
XLV,2016-11-07T00:00:00.000Z,57.8921169855,-0.05567867035952245,182.3585926156,176.97615320146852,True
XLV,2016-11-08T00:00:00.000Z,58.0534473203,-0.02869725813290125,183.1799181158,177.0908583495015,True
XLV,2016-11-09T00:00:00.000Z,60.0997952513,0.010276905510891998,185.1219999657,177.22399349728147,True
XLV,2016-11-10T00:00:00.000Z,60.762098731,0.02097303466967726,185.5839862021,177.35531046183098,True
XLV,2016-11-11T00:00:00.000Z,59.8535542139,0.012496409077556336,185.1562156233,177.4650695070385,True
XLV,2016-11-14T00:00:00.000Z,59.6667506683,0.012681942641831201,185.301655909,177.57585064968,True
XLV,2016-11-15T00:00:00.000Z,59.8365720734,0.0035602392476263844,186.747523032,177.7085622879605,True
XLV,2016-11-16T00:00:00.000Z,59.5818399658,0.0030017152656216517,186.3967477352,177.83471794209296,True
XLV,2016-11-17T00:00:00.000Z,59.8195899329,0.0022762839655992018,187.3549623872,177.9644009431965,True
XLV,2016-11-18T00:00:00.000Z,59.1827596639,-0.00014345144247962516,186.9357429422,178.107363067749,True
XLV,2016-11-21T00:00:00.000Z,59.3950364202,0.005317620004668955,188.3473807191,178.2680406954365,True
XLV,2016-11-22T00:00:00.000Z,58.5374383247,-0.006341885268934533,188.7152702612,178.43051566810797,True
XLV,2016-11-23T00:00:00.000Z,58.7666972215,0.003625290022743144,188.8179309224,178.59417787836347,True
XLV,2016-11-25T00:00:00.000Z,58.9959561184,0.002886836028368256,189.5194806604,178.77149968294802,True
XLV,2016-11-28T00:00:00.000Z,58.5544204652,0.017409265270649454,188.6297110122,178.928491954219,True
XLV,2016-11-29T00:00:00.000Z,58.9365186266,0.030433491686810976,188.9976005543,179.074054705132,True
XLV,2016-11-30T00:00:00.000Z,58.3761079899,0.02611940298528448,188.5441645963,179.20429187657948,True
XLV,2016-12-01T00:00:00.000Z,57.9515544772,0.024006001500535445,187.8511779697,179.33439193208847,True
XLV,2016-12-02T00:00:00.000Z,58.0874116013,0.036201151166582735,187.9452755194,179.46534157259197,True
XLV,2016-12-05T00:00:00.000Z,57.9855187582,0.027226233453574444,189.0745958363,179.59022740572,True
XLV,2016-12-06T00:00:00.000Z,58.146849093,0.004400117334866227,189.67347208,179.72847003831103,True
XLV,2016-12-07T00:00:00.000Z,57.6458759481,-0.007020623081197885,192.154549137,179.8754112049325,True
XLV,2016-12-08T00:00:00.000Z,57.7562598614,-0.03899406612120382,192.6250865072,180.0148481087715,True
XLV,2016-12-09T00:00:00.000Z,58.4610186924,-0.03787031861402801,193.7886233371,180.16199825460052,True
XLV,2016-12-12T00:00:00.000Z,58.7412240108,-0.018584196339031633,193.5661869138,180.314481149512,True
XLV,2016-12-13T00:00:00.000Z,59.2167239449,-0.00754233670108484,194.8580497842,180.4542570224205,True
XLV,2016-12-14T00:00:00.000Z,58.9110454158,-0.01546757485480088,193.2496409632,180.5822418382695,True
XLV,2016-12-15T00:00:00.000Z,59.2931435772,-0.004845375516528416,194.045288251,180.7109192392755,True
XLV,2016-12-16T00:00:00.000Z,59.3401976921,-0.008013967353131979,193.6679304349,180.83497183023,True
XLV,2016-12-19T00:00:00.000Z,59.0928757989,-0.0015187508238961867,194.0896263595,180.960458907556,True
XLV,2016-12-20T00:00:00.000Z,59.0502340932,-0.005805238076808994,194.8383383058,181.09891466269602,True
XLV,2016-12-21T00:00:00.000Z,58.7176287885,0.003078208902830726,194.2961730761,181.23053141408897,True
XLV,2016-12-22T00:00:00.000Z,58.7943838588,0.0004711280131268758,193.9605425146,181.359796082609,True
XLV,2016-12-23T00:00:00.000Z,59.2378575984,0.004100306121228359,194.2445400545,181.476916870542,True
XLV,2016-12-27T00:00:00.000Z,59.3572543744,0.01371090180419654,194.726469771,181.5975425044935,True
XLV,2016-12-28T00:00:00.000Z,58.9052522937,-0.0005305086494519218,193.117151526,181.71151164066148,True
XLV,2016-12-29T00:00:00.000Z,59.0075923874,0.01081751454909008,193.0741321836,181.820337205301,True
XLV,2016-12-30T00:00:00.000Z,58.7943838588,0.014543688934722132,192.3684395798,181.92020030030747,True
XLV,2017-01-03T00:00:00.000Z,59.5619345619,0.025384552693117568,193.84005944,182.024053259646,True
XLV,2017-01-04T00:00:00.000Z,60.0309933249,0.03527561036798943,194.9932520007,182.132444348025,True
XLV,2017-01-05T00:00:00.000Z,60.3380136062,0.037683288903504586,194.8383383058,182.2405266092195,True
XLV,2017-01-06T00:00:00.000Z,60.5085804291,0.04966017835477721,195.5354301393,182.3578102073065,True
XLV,2017-01-09T00:00:00.000Z,60.7644306635,0.05208389201999619,194.8899850969,182.472247692045,True
XLV,2017-01-10T00:00:00.000Z,60.9776391921,0.043047838645123626,194.8899850969,182.586177053036,True
XLV,2017-01-11T00:00:00.000Z,60.3635986296,0.02761901281630963,195.4407640058,182.69490040886598,True
XLV,2017-01-12T00:00:00.000Z,60.4232970176,0.020375545830983333,194.9502197494,182.7973603947535,True
XLV,2017-01-13T00:00:00.000Z,60.4829954057,0.026683450935304664,195.3977317545,182.90417494653,True
XLV,2017-01-17T00:00:00.000Z,60.1759751244,0.014889268706938186,194.7092544608,183.00161952082502,True
XLV,2017-01-18T00:00:00.000Z,60.0992200541,0.012791031906202344,195.1395511558,183.1040523579835,True
XLV,2017-01-19T00:00:00.000Z,59.7154447025,0.010535430797422585,194.4166561507,183.2115927758055,True
XLV,2017-01-20T00:00:00.000Z,59.5619345619,0.00866551126439874,195.1309495249,183.31326283128402,True
XLV,2017-01-23T00:00:00.000Z,59.3146126687,0.010167029774828418,194.6231899583,183.42285210212853,True
XLV,2017-01-24T00:00:00.000Z,58.9052522937,0.0018856977082413184,195.8710607007,183.536352007533,True
XLV,2017-01-25T00:00:00.000Z,59.4595944682,0.0037431615319929445,197.5664305394,183.660361070824,True
XLV,2017-01-26T00:00:00.000Z,58.9990640463,-0.006034482758260573,197.3598838229,183.77529280365601,True
XLV,2017-01-27T00:00:00.000Z,59.4851794916,0.00984508469649703,197.0500693419,183.8798687112235,True
XLV,2017-01-30T00:00:00.000Z,59.1952158926,0.003179650238365861,195.8280284495,183.9782920953815,True
XLV,2017-01-31T00:00:00.000Z,60.1418617598,0.022918479837055195,195.8108131393,184.07760320875002,True
XLV,2017-02-01T00:00:00.000Z,60.6620905697,0.01847079037798305,195.888263102,184.171119889407,True
XLV,2017-02-02T00:00:00.000Z,60.6450338874,0.01022872567136579,196.0173598558,184.2624876526675,True
XLV,2017-02-03T00:00:00.000Z,60.9094124629,0.009469964663226582,197.3684845932,184.35976418646152,True
XLV,2017-02-06T00:00:00.000Z,60.9776391921,0.00775193798422702,197.0156387216,184.46006094531847,True
XLV,2017-02-07T00:00:00.000Z,61.0373375801,0.004491228069119835,197.0242524008,184.5604007725715,True
XLV,2017-02-08T00:00:00.000Z,60.9435258275,-0.0005594405597195706,197.2824329996,184.66355574704002,True
XLV,2017-02-09T00:00:00.000Z,61.1652626973,0.013280587736644645,198.4528408704,184.7712502299295,True
XLV,2017-02-10T00:00:00.000Z,61.2846594734,0.014255469302661528,199.2359713887,184.881039706496,True
XLV,2017-02-13T00:00:00.000Z,61.6599064838,0.019458544839018987,200.3203268052,185.0042956205315,True
XLV,2017-02-14T00:00:00.000Z,62.1460219291,0.03273809523862936,201.1206726337,185.13629533567348,True
XLV,2017-02-15T00:00:00.000Z,62.8197608796,0.045267489712029985,202.1705974299,185.2666008997985,True
XLV,2017-02-16T00:00:00.000Z,62.7344774681,0.05055698371904804,201.9984813337,185.403709431966,True
XLV,2017-02-17T00:00:00.000Z,62.8197608796,0.054696449026756966,202.316896585,185.54727919198152,True
XLV,2017-02-21T00:00:00.000Z,63.1011961374,0.06383896477331574,203.5217350762,185.697042479518,True
XLV,2017-02-22T00:00:00.000Z,63.0073843848,0.06963949616320919,203.3410053008,185.8427266093825,True
XLV,2017-02-23T00:00:00.000Z,63.4679148067,0.06741250717146618,203.4787028249,185.988379453342,True
XLV,2017-02-24T00:00:00.000Z,63.7749350879,0.08094825093923674,203.7368834237,186.1244841387435,True
XLV,2017-02-27T00:00:00.000Z,64.0819553692,0.07727598566377569,204.0552995356,186.27043721486953,True
XLV,2017-02-28T00:00:00.000Z,63.954030252,0.08039187437096418,203.504519766,186.41338235991202,True
XLV,2017-03-01T00:00:00.000Z,64.5936558379,0.0740215541693734,206.3530821654,186.57819155076152,True
XLV,2017-03-02T00:00:00.000Z,64.3889756504,0.06143680584858613,205.0535904496,186.727950562408,True
XLV,2017-03-03T00:00:00.000Z,64.6448258848,0.06595415553442407,205.1826742945,186.88652660627346,True
XLV,2017-03-06T00:00:00.000Z,64.3975039916,0.05726687202613556,204.571660733,187.0417935500955,True
XLV,2017-03-07T00:00:00.000Z,63.9455019108,0.04867132867099433,203.9606334021,187.197011535227,True
XLV,2017-03-08T00:00:00.000Z,64.2013521452,0.051837362023660294,203.5819705893,187.3448742972955,True
XLV,2017-03-09T00:00:00.000Z,64.5510141322,0.05919395466076183,203.8401511881,187.495213477173,True
XLV,2017-03-10T00:00:00.000Z,64.7983360254,0.05939765755735693,204.5544445623,187.63786170353697,True
XLV,2017-03-13T00:00:00.000Z,64.7471659785,0.05649874756345641,204.6577123267,187.77505629525248,True
XLV,2017-03-14T00:00:00.000Z,64.5083724265,0.04619640387304802,203.8745688995,187.9080811418305,True
XLV,2017-03-15T00:00:00.000Z,65.3185648353,0.05104981473825343,205.6387879306,188.0461164349035,True
XLV,2017-03-16T00:00:00.000Z,64.6874675905,0.029731197393120468,205.2343081767,188.183822972004,True
XLV,2017-03-17T00:00:00.000Z,64.3325512926,0.02547361337810794,204.8755448649,188.317915033631,True
XLV,2017-03-20T00:00:00.000Z,64.226328972,0.02239053560066595,204.6508196508,188.4481737016825,True
XLV,2017-03-21T00:00:00.000Z,63.7333923529,0.010018767538469753,202.023205855,188.5679617493125,True
XLV,2017-03-22T00:00:00.000Z,63.7505111797,0.011794280974457783,202.4985978508,188.685596334736,True
XLV,2017-03-23T00:00:00.000Z,63.553644671,0.0013507591128698593,202.2825117586,188.800753320871,True
XLV,2017-03-24T00:00:00.000Z,63.5878823247,-0.0029330137763713404,202.1355749446,188.9122541463765,True
XLV,2017-03-27T00:00:00.000Z,63.7590705932,-0.0050386224037600735,201.9281271101,189.02394556647204,True
XLV,2017-03-28T00:00:00.000Z,63.8018676603,-0.0023792494562178135,203.3975229091,189.151494307963,True
XLV,2017-03-29T00:00:00.000Z,63.8189864871,-0.011992963407181367,203.5876665694,189.286852909093,True
XLV,2017-03-30T00:00:00.000Z,63.8275459006,-0.008719345883809071,204.235924846,189.42718876335002,True
XLV,2017-03-31T00:00:00.000Z,63.6477982187,-0.015423162680904268,203.7605458153,189.566375556216,True
XLV,2017-04-03T00:00:00.000Z,63.6991546992,-0.0108443534161059,203.4061620311,189.70116536406047,True
XLV,2017-04-04T00:00:00.000Z,63.6649170455,-0.004387874939059788,203.5358085003,189.83987015176498,True
XLV,2017-04-05T00:00:00.000Z,63.4680505368,-0.011421902871166068,202.9307700352,189.96988909687198,True
XLV,2017-04-06T00:00:00.000Z,63.5793229113,-0.01505307443985282,203.5012399116,190.100249296627,True
XLV,2017-04-07T00:00:00.000Z,63.6905952858,-0.017095203481240384,203.2937929414,190.23101932585897,True
XLV,2017-04-10T00:00:00.000Z,63.5707634978,-0.018169173320893184,203.4148002887,190.3508603362755,True
XLV,2017-04-11T00:00:00.000Z,63.4851693636,-0.01586155446823323,203.1727855941,190.501710084119,True
XLV,2017-04-12T00:00:00.000Z,63.4851693636,-0.028068520432481647,202.2825117586,190.66360074124,True
XLV,2017-04-13T00:00:00.000Z,63.3225405086,-0.021100332610647143,200.9687048607,190.80360036433052,True
XLV,2017-04-17T00:00:00.000Z,63.553644671,-0.012107503992144553,202.7492646325,190.9377765756685,True
XLV,2017-04-18T00:00:00.000Z,62.8603321837,-0.021268486151458488,202.1442132023,191.056925300925,True
XLV,2017-04-19T00:00:00.000Z,63.048639279,-0.010744023636909739,201.7725511741,191.1723430140135,True
XLV,2017-04-20T00:00:00.000Z,63.4423722965,-0.004833512351476221,203.4148002887,191.3023986907905,True
XLV,2017-04-21T00:00:00.000Z,63.0657581058,-0.007676767677536889,202.7665420121,191.4238929241545,True
XLV,2017-04-24T00:00:00.000Z,63.6905952858,0.0016152914257392403,204.9965522122,191.55709052561102,True
XLV,2017-04-25T00:00:00.000Z,63.9644965153,0.0032219089799891965,206.1893517629,191.68297304663503,True
XLV,2017-04-26T00:00:00.000Z,64.3154324657,0.008049369465708667,206.0596923284,191.8050151792685,True
XLV,2017-04-27T00:00:00.000Z,64.4523830805,0.009924892704587629,206.2325715743,191.92132470684604,True
XLV,2017-04-28T00:00:00.000Z,64.623571349,0.0124715032854259,205.7831090452,192.03551460117046,True
XLV,2017-05-01T00:00:00.000Z,64.7690813772,0.01761699838613673,206.3017078874,192.14719015652602,True
XLV,2017-05-02T00:00:00.000Z,64.9488290591,0.019618382155951908,206.3795083883,192.260488959864,True
XLV,2017-05-03T00:00:00.000Z,64.6321307624,0.015192255983130343,206.1288416066,192.370065870239,True
XLV,2017-05-04T00:00:00.000Z,65.0601014336,0.025084288604025895,206.3708571655,192.48178921367798,True
XLV,2017-05-05T00:00:00.000Z,65.0258637799,0.022751750134522464,207.1833426009,192.5937445003695,True
XLV,2017-05-08T00:00:00.000Z,64.623571349,0.014648568741011836,207.1487748765,192.7090169341215,True
XLV,2017-05-09T00:00:00.000Z,64.7006060698,0.017772990441417225,206.9586173867,192.81921013819348,True
XLV,2017-05-10T00:00:00.000Z,64.5122989745,0.01617904813354598,207.3302794149,192.9337728109815,True
XLV,2017-05-11T00:00:00.000Z,64.5465366281,0.01671834973647468,206.9067593176,193.04579224558398,True
XLV,2017-05-12T00:00:00.000Z,64.4352642536,0.01757231684109195,206.561013791,193.15706184350253,True
XLV,2017-05-15T00:00:00.000Z,64.8546755114,0.0204713804713339,207.7019544082,193.27297211410098,True
XLV,2017-05-16T00:00:00.000Z,64.6064525221,0.02777777777720325,207.5117977827,193.38644199730896,True
XLV,2017-05-17T00:00:00.000Z,63.7590705932,0.011267988053734745,203.8296950935,193.4822674391705,True
XLV,2017-05-18T00:00:00.000Z,64.0415312362,0.00944414463097032,204.6508196508,193.5881145086195,True
XLV,2017-05-19T00:00:00.000Z,64.221278918,0.018322475570046626,205.9819047926,193.69793568971554,True
XLV,2017-05-22T00:00:00.000Z,64.3924671865,0.011020024189607236,207.0277666649,193.812007225382,True
XLV,2017-05-23T00:00:00.000Z,64.6064525221,0.010036130068598936,207.485868316,193.92083598084702,True
XLV,2017-05-24T00:00:00.000Z,64.7690813772,0.007053500133765489,207.9698994338,194.032638145151,True
XLV,2017-05-25T00:00:00.000Z,65.0772202604,0.009694555112408798,208.9638902718,194.148857010395,True
XLV,2017-05-26T00:00:00.000Z,64.9573884725,0.0051655629135261005,208.9206834255,194.26715812154802,True
XLV,2017-05-30T00:00:00.000Z,64.8632349248,0.0014536804536668946,208.7391650577,194.3802529793025,True
XLV,2017-05-31T00:00:00.000Z,65.1200173275,0.002635740641978579,208.6873061243,194.493897150169,True
XLV,2017-06-01T00:00:00.000Z,65.8390080551,0.018673023439946812,210.3468464479,194.61315771284754,True
XLV,2017-06-02T00:00:00.000Z,66.2669787263,0.018550190763716,211.0469627936,194.7407282278725,True
XLV,2017-06-05T00:00:00.000Z,66.078671631,0.016190601552999784,210.8913868576,194.865775904425,True
XLV,2017-06-06T00:00:00.000Z,65.9160427759,0.019999999998761897,210.2171999787,194.9853671214505,True
XLV,2017-06-07T00:00:00.000Z,66.0957904578,0.021563698900978645,210.6061523516,195.10826509330897,True
XLV,2017-06-08T00:00:00.000Z,65.9074833625,0.021626641898957688,210.7098693541,195.2317241858595,True
XLV,2017-06-09T00:00:00.000Z,66.3525728606,0.02798037395725661,210.3900662594,195.35171156090996,True
XLV,2017-06-12T00:00:00.000Z,66.2669787263,0.028427205101400066,210.3468464479,195.476249671841,True
XLV,2017-06-13T00:00:00.000Z,66.4039293411,0.023888082354643236,211.3754179755,195.6065690969585,True
XLV,2017-06-14T00:00:00.000Z,66.7206276378,0.032723900371666614,211.1074729498,195.737293823838,True
XLV,2017-06-15T00:00:00.000Z,66.6521523304,0.045375218149879215,210.7012302322,195.861433252943,True
XLV,2017-06-16T00:00:00.000Z,66.7615613206,0.04247290831269934,210.7471295112,195.98733438648352,True
XLV,2017-06-19T00:00:00.000Z,67.4576208478,0.05039360760679146,212.5016228227,196.12464676070798,True
XLV,2017-06-20T00:00:00.000Z,67.6810473627,0.051070883286321145,211.0684928282,196.2547509492805,True
XLV,2017-06-21T00:00:00.000Z,68.5403801124,0.06089062990967231,211.0163810316,196.380423596703,True
XLV,2017-06-22T00:00:00.000Z,69.2536262946,0.06923897671611345,210.9208386846,196.502809475094,True
XLV,2017-06-23T00:00:00.000Z,69.1505063646,0.06259158101561746,211.1727285813,196.62653994242552,True
XLV,2017-06-26T00:00:00.000Z,69.0817597447,0.0634934896427688,211.3116875818,196.75309326557147,True
XLV,2017-06-27T00:00:00.000Z,68.4544468374,0.0553659082338942,209.6093199639,196.89339424969646,True
XLV,2017-06-28T00:00:00.000Z,68.8153665923,0.0567467487948512,211.4854097836,197.0300519635195,True
XLV,2017-06-29T00:00:00.000Z,68.188053685,0.03567863033316221,209.626694616,197.170652639755,True
XLV,2017-06-30T00:00:00.000Z,68.0935270825,0.02756347718437757,210.0175435133,197.313548058719,True
XLV,2017-07-03T00:00:00.000Z,68.2138336675,0.03231242371855281,210.3736561346,197.44915848045,True
XLV,2017-07-05T00:00:00.000Z,68.6177200598,0.040986642555062236,210.8600465104,197.5907246503725,True
XLV,2017-07-06T00:00:00.000Z,67.7326073277,0.024764313408810024,208.931844894,197.7224786654825,True
XLV,2017-07-07T00:00:00.000Z,68.0763404276,0.03290759947805921,210.2867950337,197.860964679899,True
XLV,2017-07-10T00:00:00.000Z,67.9474405151,0.02403625942057519,210.512619478,197.9903132841465,True
XLV,2017-07-11T00:00:00.000Z,67.8701005676,0.02419186557336994,210.3562788768,198.113062565404,True
XLV,2017-07-12T00:00:00.000Z,68.3341402525,0.02906772130132551,211.9370560664,198.2488061511645,True
XLV,2017-07-13T00:00:00.000Z,68.3942935449,0.025084684697297188,212.2931652136,198.3938162677905,True
XLV,2017-07-14T00:00:00.000Z,68.8583332297,0.03309991984000438,213.2833223543,198.5380878128665,True
XLV,2017-07-17T00:00:00.000Z,68.6091267323,0.027674089328553864,213.2572655875,198.6776519631365,True
XLV,2017-07-18T00:00:00.000Z,68.6606866973,0.01783439490423744,213.3701782439,198.82616500569952,True
XLV,2017-07-19T00:00:00.000Z,69.2192529846,0.02272727272757491,214.5253615747,198.973524038763,True
XLV,2017-07-20T00:00:00.000Z,69.6746993419,0.016549648946209805,214.6209030532,199.1235852033395,True
XLV,2017-07-21T00:00:00.000Z,69.5973593944,0.0049633949612657435,214.4298200962,199.27739645516397,True
XLV,2017-07-24T00:00:00.000Z,69.571579412,0.006089225799444931,214.3777065625,199.426883267489,True
XLV,2017-07-25T00:00:00.000Z,69.0731664172,-0.00012439358134119782,214.8988418998,199.5783341262985,True
XLV,2017-07-26T00:00:00.000Z,68.8411465747,0.005649008284568158,214.9075274887,199.73299394100198,True
XLV,2017-07-27T00:00:00.000Z,68.3685135624,-0.006493506494667067,214.7077589428,199.88186383543848,True
XLV,2017-07-28T00:00:00.000Z,68.7122466623,0.0076874606176846605,214.4558768631,200.04115250333302,True
XLV,2017-07-31T00:00:00.000Z,68.6520933698,0.008202927814610739,214.3342786177,200.19863536249198,True
XLV,2017-08-01T00:00:00.000Z,68.4974134749,0.004157218443142652,214.8119860102,200.3615012039975,True
XLV,2017-08-02T00:00:00.000Z,68.3427335799,-0.004007514089077291,214.9162130777,200.5244176332035,True
XLV,2017-08-03T00:00:00.000Z,68.4544468374,0.010657193605550175,214.4993048079,200.688414980567,True
XLV,2017-08-04T00:00:00.000Z,68.2997669425,0.003281999494928911,214.8901563108,200.84867722819152,True
XLV,2017-08-07T00:00:00.000Z,68.4458535099,0.007335272543330662,215.2896934027,201.00849890319748,True
XLV,2017-08-08T00:00:00.000Z,68.1279003925,0.0037984299823339285,214.7598724765,201.16738253022152,True
XLV,2017-08-09T00:00:00.000Z,68.20524034,-0.0018863179082038162,214.7511868875,201.325794997221,True
XLV,2017-08-10T00:00:00.000Z,67.3545009178,-0.015202914939349221,211.7199163426,201.46515838639598,True
XLV,2017-08-11T00:00:00.000Z,67.5435541228,-0.01909397229401566,212.0325975449,201.6091651340275,True
XLV,2017-08-14T00:00:00.000Z,67.9990004801,-0.008892785570360107,214.1345100718,201.76552082783851,True
XLV,2017-08-15T00:00:00.000Z,67.9990004801,-0.009637046307403474,214.1084533049,201.92418456005802,True
XLV,2017-08-16T00:00:00.000Z,68.188053685,-0.014897579143615225,214.48193363,202.08741066993852,True
XLV,2017-08-17T00:00:00.000Z,67.3373142629,-0.03354711396069676,211.1379818827,202.2338742012475,True
XLV,2017-08-18T00:00:00.000Z,67.027954473,-0.036918138040834214,210.8079295024,202.38527517178997,True
XLV,2017-08-21T00:00:00.000Z,67.3287209354,-0.03223814229252853,210.9729556925,202.542933916857,True
XLV,2017-08-22T00:00:00.000Z,68.1450870475,-0.01343617815483411,213.1790952869,202.715729983119,True
XLV,2017-08-23T00:00:00.000Z,67.6294873977,-0.01760079890135502,212.4147634589,202.8856882454615,True
XLV,2017-08-24T00:00:00.000Z,67.8271339302,-0.007918552035007687,211.9196848885,203.03349370682596,True
XLV,2017-08-25T00:00:00.000Z,67.8443205851,-0.012631315658555131,212.4147634589,203.1796679335415,True
XLV,2017-08-28T00:00:00.000Z,68.20524034,-0.0065089498056961625,212.4234490479,203.3161751789525,True
XLV,2017-08-29T00:00:00.000Z,68.3341402525,-0.0023836406970290103,212.6666455386,203.451588475635,True
XLV,2017-08-30T00:00:00.000Z,68.6864666798,0.0050295485985814015,213.6741738572,203.59417826680453,True
XLV,2017-08-31T00:00:00.000Z,69.8551592193,0.020461963343697986,214.9596410224,203.7424681923715,True
XLV,2017-09-01T00:00:00.000Z,69.8035992544,0.022018117765556067,215.2636366358,203.8850487603905,True
XLV,2017-09-05T00:00:00.000Z,69.502832792,0.015442561205656125,213.717601802,204.0216530307245,True
XLV,2017-09-06T00:00:00.000Z,69.8379725643,0.02510090817341948,214.4471912741,204.157114175159,True
XLV,2017-09-07T00:00:00.000Z,70.611372039,0.03527781277517006,214.4211345073,204.29454113298448,True
XLV,2017-09-08T00:00:00.000Z,70.9293251564,0.05307476397104849,214.1692524276,204.423650491527,True
XLV,2017-09-11T00:00:00.000Z,71.4792981162,0.058269720101558065,216.4535623225,204.5623419518335,True
XLV,2017-09-12T00:00:00.000Z,71.6339780111,0.05345633767166591,217.1831517947,204.70416805619502,True
XLV,2017-09-13T00:00:00.000Z,71.3675848587,0.04953873372867923,217.2873788621,204.84300754720348,True
XLV,2017-09-14T00:00:00.000Z,71.4621114612,0.04801512287364518,217.2178941505,204.98594846289498,True
XLV,2017-09-15T00:00:00.000Z,71.234177746,0.057870788666827044,217.5084913743,205.12850291699502,True
XLV,2017-09-18T00:00:00.000Z,71.2169276727,0.06249591282675038,217.9711082547,205.275637635287,True
XLV,2017-09-19T00:00:00.000Z,70.65630029,0.049422880880103603,218.1893237644,205.4273283642605,True
XLV,2017-09-20T00:00:00.000Z,70.7253005833,0.037863529824262665,218.2678813478,205.57894139340252,True
XLV,2017-09-21T00:00:00.000Z,70.3630490437,0.04041967122898771,217.683063782,205.72198373313097,True
XLV,2017-09-22T00:00:00.000Z,70.3630490437,0.03738791493253535,217.726706884,205.86224990715098,True
XLV,2017-09-25T00:00:00.000Z,70.1560481639,0.03407400293588769,217.2815472443,205.9878848976875,True
XLV,2017-09-26T00:00:00.000Z,70.0439226874,0.026958080321016986,217.4124765501,206.11182184790198,True
XLV,2017-09-27T00:00:00.000Z,70.0180475774,0.024642255228174648,218.2591527275,206.234174494854,True
XLV,2017-09-28T00:00:00.000Z,70.078422834,0.020265362617776672,218.521011339,206.35894861697997,True
XLV,2017-09-29T00:00:00.000Z,70.4924245936,0.009122667264981787,219.2891299329,206.4811040177235,True
XLV,2017-10-02T00:00:00.000Z,71.208302636,0.020123652599639552,220.2405495549,206.616058560682,True
XLV,2017-10-03T00:00:00.000Z,71.1910525627,0.024289941904271695,220.7118950556,206.749391594705,True
XLV,2017-10-04T00:00:00.000Z,71.536054029,0.024314587069900417,220.9737536672,206.8859207108665,True
XLV,2017-10-05T00:00:00.000Z,71.5878042489,0.013828257144765432,222.2830467249,207.0268878126935,True
XLV,2017-10-06T00:00:00.000Z,71.4929288457,0.007945989730725023,222.0299167338,207.1628457048335,True
XLV,2017-10-09T00:00:00.000Z,71.0444269396,-0.00608387586421244,221.6633146776,207.299681412841,True
XLV,2017-10-10T00:00:00.000Z,71.208302636,-0.005942366833711743,222.2481322434,207.441119361485,True
XLV,2017-10-11T00:00:00.000Z,71.3463032225,-0.0002981975114071389,222.5972770588,207.5828830465065,True
XLV,2017-10-12T00:00:00.000Z,71.2686778926,-0.0027067989546464277,222.2655894842,207.7205786450725,True
XLV,2017-10-13T00:00:00.000Z,71.0875521228,-0.0020583605768963453,222.5361767161,207.867673771023,True
XLV,2017-10-16T00:00:00.000Z,70.7770508032,-0.0061765774496983505,222.8329498092,208.016467859151,True
XLV,2017-10-17T00:00:00.000Z,71.7258048354,0.015136718749925171,222.9900649761,208.16957598613251,True
XLV,2017-10-18T00:00:00.000Z,71.8293052753,0.015609756097108685,223.2082804858,208.3164170913615,True
XLV,2017-10-19T00:00:00.000Z,72.2691821448,0.027089973032808246,223.2693808285,208.4577977355005,True
XLV,2017-10-20T00:00:00.000Z,72.3468074747,0.028193184604151433,224.4215587193,208.605713837568,True
XLV,2017-10-23T00:00:00.000Z,72.1656817049,0.028645193017500903,223.5486966808,208.7457801702755,True
XLV,2017-10-24T00:00:00.000Z,71.6826796521,0.02339613348061098,223.9414845981,208.8910376677815,True
XLV,2017-10-25T00:00:00.000Z,71.5791792123,0.022296132053300832,222.8329498092,209.030752491343,True
XLV,2017-10-26T00:00:00.000Z,70.8633011698,0.011200000000844756,223.1209942819,209.1691536427235,True
XLV,2017-10-27T00:00:00.000Z,70.8460510965,0.005016517802284515,224.9452759424,209.3191289236885,True
XLV,2017-10-30T00:00:00.000Z,70.0870478707,-0.015746124030389885,224.1073283854,209.462676906843,True
XLV,2017-10-31T00:00:00.000Z,69.9576723208,-0.01732493336594121,224.4564732008,209.611413000543,True
XLV,2017-11-01T00:00:00.000Z,70.130173054,-0.01965276103194158,224.7532462939,209.75948147623347,True
XLV,2017-11-02T00:00:00.000Z,69.8110466977,-0.024819277107906323,224.8405324978,209.91160085796898,True
XLV,2017-11-03T00:00:00.000Z,70.3889241537,-0.015442152249528496,225.5911938509,210.063902079599,True
XLV,2017-11-06T00:00:00.000Z,70.1732982373,-0.012261745781137923,225.9403386663,210.22048782313897,True
XLV,2017-11-07T00:00:00.000Z,70.3199238604,-0.01247577519353582,225.7832234993,210.37004863713202,True
XLV,2017-11-08T00:00:00.000Z,70.4837995569,-0.012088974854243095,226.1672827963,210.5130528984165,True
XLV,2017-11-09T00:00:00.000Z,70.4924245936,-0.010891927870049445,225.3467924801,210.6529874417025,True
XLV,2017-11-10T00:00:00.000Z,70.0352976508,-0.014802232466554543,225.276963517,210.79412191257796,True
XLV,2017-11-13T00:00:00.000Z,70.104297944,-0.009505240068149123,225.4864504063,210.942414022362,True
XLV,2017-11-14T00:00:00.000Z,69.8196717343,-0.026575276575484752,224.9627331831,211.08817362258097,True
XLV,2017-11-15T00:00:00.000Z,69.6212958912,-0.03073967339148509,223.8367411535,211.22791601283848,True
XLV,2017-11-16T00:00:00.000Z,70.3457989704,-0.026614154433715176,225.7395803974,211.37652711554648,True
XLV,2017-11-17T00:00:00.000Z,70.0697977974,-0.031473533619244765,225.0762052482,211.5150657188215,True
XLV,2017-11-20T00:00:00.000Z,69.7765465511,-0.03310625074629869,225.4602645451,211.65728884793901,True
XLV,2017-11-21T00:00:00.000Z,70.3889241537,-0.018048369629581784,226.9354013902,211.80684459288597,True
XLV,2017-11-22T00:00:00.000Z,70.3630490437,-0.016989998795502004,226.7346431213,211.95410564349447,True
XLV,2017-11-24T00:00:00.000Z,70.5269247402,-0.004746835442988817,227.2583603444,212.09813324086448,True
XLV,2017-11-27T00:00:00.000Z,70.5872999968,-0.0036523009496683967,227.1448882794,212.23767782531797,True
XLV,2017-11-28T00:00:00.000Z,71.1048021962,0.014521289687897676,229.4492440611,212.38332241159748,True
XLV,2017-11-29T00:00:00.000Z,71.4584286991,0.021452348663318688,229.3095861349,212.5242669791035,True
XLV,2017-11-30T00:00:00.000Z,71.9931809718,0.02656499815515212,231.3171688234,212.669999836071,True
XLV,2017-12-01T00:00:00.000Z,71.8465553486,0.02915740054313032,230.8370947023,212.814192902914,True
XLV,2017-12-04T00:00:00.000Z,70.9668016097,0.008209778213659868,230.5577788499,212.9553973142385,True
XLV,2017-12-05T00:00:00.000Z,70.8460510965,0.00958702064886574,229.7285599134,213.0864314384245,True
XLV,2017-12-06T00:00:00.000Z,70.7856758399,0.00662332883671235,229.7722030153,213.218587426997,True
XLV,2017-12-07T00:00:00.000Z,70.8029259132,0.0045276554088486964,230.4966785073,213.353677305409,True
XLV,2017-12-08T00:00:00.000Z,71.5964292856,0.01566132387082364,231.7535998427,213.49376088750398,True
XLV,2017-12-11T00:00:00.000Z,71.8983055686,0.02660098522161003,232.4518894735,213.63574383719347,True
XLV,2017-12-12T00:00:00.000Z,72.1829317782,0.02965059055095942,232.8621346316,213.78253191152146,True
XLV,2017-12-13T00:00:00.000Z,72.4330578413,0.03743051266332631,232.8359487704,213.91494624454648,True
XLV,2017-12-14T00:00:00.000Z,71.6999297255,0.029856293360990493,231.8845291485,214.04910093804102,True
XLV,2017-12-15T00:00:00.000Z,72.4852789882,0.0304137567433167,233.8059891583,214.19221751236,True
XLV,2017-12-18T00:00:00.000Z,72.5112562713,0.03484323561142899,235.2886056518,214.345802236954,True
XLV,2017-12-19T00:00:00.000Z,72.4246653276,0.037951416448515074,234.3849991498,214.4979240656925,True
XLV,2017-12-20T00:00:00.000Z,72.1908697796,0.025599846105976987,234.2621788486,214.651325106989,True
XLV,2017-12-21T00:00:00.000Z,72.0263469865,0.023638798565522423,234.7446871749,214.805847786923,True
XLV,2017-12-22T00:00:00.000Z,71.7925514384,0.01794529823698099,234.6832770242,214.95649194923251,True
XLV,2017-12-26T00:00:00.000Z,71.8098696272,0.01731996592100038,234.4025449071,215.1052161121345,True
XLV,2017-12-27T00:00:00.000Z,71.9310969484,0.011620800939998288,234.5165923297,215.2584262292855,True
XLV,2017-12-28T00:00:00.000Z,72.0350060809,0.008068710609743235,234.999100656,215.40522779291248,True
XLV,2017-12-29T00:00:00.000Z,71.5933922679,-0.005553146818955024,234.1130399114,215.54962145158598,True
XLV,2018-01-02T00:00:00.000Z,72.3986880445,0.007684887510905014,235.7886597354,215.70418702593852,True
XLV,2018-01-03T00:00:00.000Z,73.0914155942,0.02993813919055932,237.2800491075,215.867333173222,True
XLV,2018-01-04T00:00:00.000Z,73.1953247267,0.03316026220007684,238.2801572747,216.04861793032052,True
XLV,2018-01-05T00:00:00.000Z,73.8187795215,0.04284911665546787,239.8680483121,216.23546518262702,True
XLV,2018-01-08T00:00:00.000Z,73.550347596,0.038803787376925136,240.3066922451,216.42558608505948,True
XLV,2018-01-09T00:00:00.000Z,74.4162570332,0.039385033244488055,240.850610722,216.61916126394647,True
XLV,2018-01-10T00:00:00.000Z,74.2863706176,0.033214483013392915,240.4821498183,216.8119313774875,True
XLV,2018-01-11T00:00:00.000Z,74.6067571093,0.03357892608945012,242.2367255502,217.00612739069297,True
XLV,2018-01-12T00:00:00.000Z,75.1782573379,0.03789981506254647,243.8158437089,217.2072682763905,True
XLV,2018-01-16T00:00:00.000Z,75.5505983959,0.05370533395419086,242.9824202363,217.40100075334198,True
XLV,2018-01-17T00:00:00.000Z,76.2779623231,0.052323497789356965,245.2984602024,217.6086903252775,True
XLV,2018-01-18T00:00:00.000Z,76.2952805119,0.052185335562827895,244.8861349054,217.816090189649,True
XLV,2018-01-19T00:00:00.000Z,76.5810306262,0.0573888091826098,246.0002904952,218.02841259962352,True
XLV,2018-01-22T00:00:00.000Z,77.0832580997,0.06777018111897726,248.0005068296,218.25376128359548,True
XLV,2018-01-23T00:00:00.000Z,76.7109170418,0.0650396729987992,248.5268795492,218.47888948178348,True
XLV,2018-01-24T00:00:00.000Z,76.9360534954,0.07164395127276224,248.4303778839,218.704572406496,True
XLV,2018-01-25T00:00:00.000Z,77.5941446677,0.08054986132865838,248.5356524278,218.9301766671915,True
XLV,2018-01-26T00:00:00.000Z,79.2653498815,0.10196220055369443,251.4131566282,219.171378522362,True
XLV,2018-01-29T00:00:00.000Z,79.0488725222,0.097367472051338,249.7463096829,219.4086975119835,True
XLV,2018-01-30T00:00:00.000Z,77.3863264028,0.08091436865043411,247.1846291142,219.63977713325096,True
XLV,2018-01-31T00:00:00.000Z,76.2866214175,0.053701710321190754,247.3074494155,219.862568057166,True
XLV,2018-02-01T00:00:00.000Z,76.3125987006,0.04407060774802685,247.0267172984,220.0869805776465,True
XLV,2018-02-02T00:00:00.000Z,75.2388709985,0.02791908198276727,241.64894268,220.28636253517598,True
XLV,2018-02-05T00:00:00.000Z,71.9051196653,-0.025923753665456295,231.5425864641,220.42700146605296,True
XLV,2018-02-06T00:00:00.000Z,72.7017563475,-0.011537555922389031,236.1044833671,220.59369117282802,True
XLV,2018-02-07T00:00:00.000Z,72.6151654038,-0.024202932278580613,234.8236430828,220.742826627181,True
XLV,2018-02-08T00:00:00.000Z,70.0953689415,-0.05641683179911694,226.0156729085,220.84195823290898,True
XLV,2018-02-09T00:00:00.000Z,71.0911647943,-0.0471216341684656,229.4107769498,220.95871365601602,True
XLV,2018-02-12T00:00:00.000Z,71.757915061,-0.04549642939349818,232.7795623551,221.09144860991998,True
XLV,2018-02-13T00:00:00.000Z,71.8098696272,-0.04951289398262393,233.3585723466,221.229325926427,True
XLV,2018-02-14T00:00:00.000Z,72.6238244982,-0.04790555113968198,236.5080357854,221.380357565917,True
XLV,2018-02-15T00:00:00.000Z,73.4291202748,-0.037566678015594435,239.5259060444,221.5460895541975,True
XLV,2018-02-16T00:00:00.000Z,73.9573250314,-0.03426051560479226,239.5960890736,221.7134257915325,True
XLV,2018-02-20T00:00:00.000Z,73.1433701605,-0.05111210963740176,238.0959268228,221.872051139819,True
XLV,2018-02-21T00:00:00.000Z,72.8403018575,-0.05045716220796703,236.9115882038,222.0206923678335,True
XLV,2018-02-22T00:00:00.000Z,72.7277336306,-0.054698930782193234,237.2186389569,222.1710416882355,True
XLV,2018-02-23T00:00:00.000Z,73.8880522765,-0.04776252650340407,240.9997496592,222.341247349598,True
XLV,2018-02-26T00:00:00.000Z,74.8232344686,-0.05604107494057442,243.7982979516,222.5235874422815,True
XLV,2018-02-27T00:00:00.000Z,74.0439159752,-0.063314711359032,240.7541090567,222.692824190977,True
XLV,2018-02-28T00:00:00.000Z,72.8576200462,-0.05852075640634291,238.3152487893,222.8515953659685,True
XLV,2018-03-01T00:00:00.000Z,71.6973014003,-0.06015891032955367,234.8499617188,222.9873354025215,True
XLV,2018-03-02T00:00:00.000Z,72.4246653276,-0.050947463973198936,236.0606189738,223.130079508477,True
XLV,2018-03-05T00:00:00.000Z,73.0827564999,-0.028656922545302277,238.788984237,223.3048759541945,True
XLV,2018-03-06T00:00:00.000Z,72.9788473674,0.01493256261999032,239.3943128645,223.478593420263,True
XLV,2018-03-07T00:00:00.000Z,73.3511884254,0.00893282515481264,239.3065840779,223.6452168166895,True
XLV,2018-03-08T00:00:00.000Z,73.8447568046,0.016932983543622715,240.4646040609,223.81240100366952,True
XLV,2018-03-09T00:00:00.000Z,74.9098254124,0.06868437307060948,244.6492671816,223.99821799799753,True
XLV,2018-03-12T00:00:00.000Z,74.5894389206,0.049208282582261065,244.3422164285,224.18007958297102,True
XLV,2018-03-13T00:00:00.000Z,74.6846889587,0.04078677446539514,242.7630982698,224.34907562296098,True
XLV,2018-03-14T00:00:00.000Z,74.3210069951,0.03496925117586969,241.5173495001,224.512058953334,True
XLV,2018-03-15T00:00:00.000Z,74.1997796739,0.021700250387378883,241.2541631403,224.67463394374698,True
XLV,2018-03-16T00:00:00.000Z,74.1994921919,0.010491367923474826,241.5145246332,224.8387700362915,True
XLV,2018-03-19T00:00:00.000Z,73.0003435888,-0.012939643803959844,238.2467679359,224.97826964373147,True
XLV,2018-03-20T00:00:00.000Z,73.1046173803,-0.0005298194506893061,238.6519345345,225.116294502436,True
XLV,2018-03-21T00:00:00.000Z,72.7917960056,-0.0006659205228841669,238.1939201187,225.2528071687415,True
XLV,2018-03-22T00:00:00.000Z,70.6976306914,-0.02791373851289447,232.2397327135,225.3629198324155,True
XLV,2018-03-23T00:00:00.000Z,69.2291081266,-0.06305409340694967,227.2896538351,225.446337339833,True
XLV,2018-03-26T00:00:00.000Z,70.6628727608,-0.05560253759874445,233.5080803264,225.56032839469447,True
XLV,2018-03-27T00:00:00.000Z,69.8286824282,-0.05692883056606346,229.5356860664,225.65605649372952,True
XLV,2018-03-28T00:00:00.000Z,70.2023301814,-0.03644491630547697,228.8574724122,225.74860962355103,True
XLV,2018-03-29T00:00:00.000Z,70.7323886219,-0.01345814639539511,231.7817182977,225.850641125162,True
XLV,2018-04-02T00:00:00.000Z,69.124834335,-0.045562253932052044,226.7787916021,225.9289977184235,True
XLV,2018-04-03T00:00:00.000Z,70.1762617335,-0.03976991161251531,229.6854215485,226.023918675005,True
XLV,2018-04-04T00:00:00.000Z,71.1755522361,-0.024709833004371795,232.1428450486,226.13089725269197,True
XLV,2018-04-05T00:00:00.000Z,71.1234153403,-0.030371329121213875,233.9749027117,226.238263652137,True
XLV,2018-04-06T00:00:00.000Z,69.4115872619,-0.06003363995673483,228.7605847474,226.32672411173303,True
XLV,2018-04-09T00:00:00.000Z,70.0980563898,-0.0642341508087868,229.8880048478,226.421082230814,True
XLV,2018-04-10T00:00:00.000Z,71.2798260277,-0.04437106567356097,233.5433122045,226.53419459841348,True
XLV,2018-04-11T00:00:00.000Z,70.6976306914,-0.053385216205490416,232.3190044393,226.63992597770348,True
XLV,2018-04-12T00:00:00.000Z,71.1755522361,-0.042322553019328524,234.2303338282,226.75451920893553,True
XLV,2018-04-13T00:00:00.000Z,71.1407943056,-0.04122634031723427,233.5433122045,226.87418917013852,True
XLV,2018-04-16T00:00:00.000Z,71.7056106766,-0.033610493032083744,235.463449563,226.9940793690355,True
XLV,2018-04-17T00:00:00.000Z,72.2617375651,-0.010117843114005876,237.9825288499,227.13585854020502,True
XLV,2018-04-18T00:00:00.000Z,72.3225639435,-0.010697729703332604,238.1586882406,227.2765642638415,True
XLV,2018-04-19T00:00:00.000Z,71.7143001593,-0.014802435238953526,236.8374928104,227.40888344722052,True
XLV,2018-04-20T00:00:00.000Z,71.3319629235,0.008972468043079385,234.8292757566,227.5287295934515,True
XLV,2018-04-23T00:00:00.000Z,71.6100263677,0.0343918664493843,234.7940438784,227.65804058837352,True
XLV,2018-04-24T00:00:00.000Z,71.0712784445,0.005779636006060462,231.6319828156,227.764766527283,True
XLV,2018-04-25T00:00:00.000Z,71.3927893019,0.02239920358383185,232.2045008353,227.8732259340695,True
XLV,2018-04-26T00:00:00.000Z,72.2964954956,0.0298304245569736,234.5650366705,227.994269723038,True
XLV,2018-04-27T00:00:00.000Z,72.5919379051,0.026289926290206544,234.7852359089,228.1085106222505,True
XLV,2018-04-30T00:00:00.000Z,71.4796841282,0.03406662476451938,232.9796021543,228.21194280695403,True
XLV,2018-05-01T00:00:00.000Z,71.4449261977,0.018078256562281014,233.3935767225,228.312494078795,True
XLV,2018-05-02T00:00:00.000Z,70.4630146603,-0.010010987669423432,231.8257581453,228.405336541584,True
XLV,2018-05-03T00:00:00.000Z,69.8286824282,-0.018204031765139073,231.3148959123,228.49506012992597,True
XLV,2018-05-04T00:00:00.000Z,70.3848093166,0.014021031546619156,234.309605554,228.59398134982249,True
XLV,2018-05-07T00:00:00.000Z,70.280535525,0.0026031982140171106,235.1023228121,228.696388448617,True
XLV,2018-05-08T00:00:00.000Z,69.7504770845,-0.02145556503751389,235.1023228121,228.79975096219653,True
XLV,2018-05-09T00:00:00.000Z,70.1501932856,-0.007743362831911571,237.374778952,228.914736324144,True
XLV,2018-05-10T00:00:00.000Z,71.0886574098,-0.0012208521545677975,239.5943872747,229.0382140510185,True
XLV,2018-05-11T00:00:00.000Z,72.1487742909,0.014168804202129293,240.325448746,229.165303657305,True
XLV,2018-05-14T00:00:00.000Z,72.6266958356,0.012845370819784208,240.43995235,229.293964624341,True
XLV,2018-05-15T00:00:00.000Z,71.6882317114,-0.007936507936628923,238.7840540775,229.41560551041297,True
XLV,2018-05-16T00:00:00.000Z,72.0879479124,-0.003244022588625217,239.7881626044,229.54287493034653,True
XLV,2018-05-17T00:00:00.000Z,72.1140163603,0.005573730763768214,239.5855793051,229.666742896821,True
XLV,2018-05-18T00:00:00.000Z,72.2964954956,0.01352174442661025,238.9866373768,229.78709501831648,True
XLV,2018-05-21T00:00:00.000Z,72.3660113566,0.010556971240566204,240.7834631618,229.91851581008598,True
XLV,2018-05-22T00:00:00.000Z,72.2269796345,0.016261156620427153,240.1140574772,230.044635315918,True
XLV,2018-05-23T00:00:00.000Z,72.4615956656,0.014970788705009452,240.7746551923,230.172060124866,True
XLV,2018-05-24T00:00:00.000Z,72.1748427387,-0.001682692308473066,240.2814088984,230.2996678069755,True
XLV,2018-05-25T00:00:00.000Z,72.0705689472,-0.007182188173314619,239.7088908786,230.424456326931,True
XLV,2018-05-29T00:00:00.000Z,71.3319629235,-0.002066618039820445,236.9519964144,230.55061672729,True
XLV,2018-05-30T00:00:00.000Z,72.4007692872,0.013378739966152908,240.1140574772,230.69102402695148,True
XLV,2018-05-31T00:00:00.000Z,71.6100263677,0.016278209397223575,238.643126565,230.81356710941748,True
XLV,2018-06-01T00:00:00.000Z,72.4355272177,0.037332005973053306,240.9860464611,230.94795507519848,True
XLV,2018-06-04T00:00:00.000Z,72.7049011793,0.0329629629635555,242.1310825006,231.0862008195515,True
XLV,2018-06-05T00:00:00.000Z,72.5571799745,0.03239366963403634,242.3072418913,231.2420471195945,True
XLV,2018-06-06T00:00:00.000Z,73.3739913419,0.05194966986405336,244.3330748842,231.4096728465035,True
XLV,2018-06-07T00:00:00.000Z,73.4695756509,0.04731822123120777,244.3066509756,231.576341322919,True
XLV,2018-06-08T00:00:00.000Z,73.8953602998,0.03948172594989918,245.0289044774,231.7355903688715,True
XLV,2018-06-11T00:00:00.000Z,74.0343920219,0.02613513187898797,245.3547993502,231.900290548328,True
XLV,2018-06-12T00:00:00.000Z,73.9909446088,0.018784398181739714,245.6718862534,232.0690515551525,True
XLV,2018-06-13T00:00:00.000Z,74.008323574,0.032363636362801484,244.8879769648,232.231417622682,True
XLV,2018-06-14T00:00:00.000Z,74.3906608098,0.03194310511097109,245.5045348323,232.396823051604,True
XLV,2018-06-15T00:00:00.000Z,74.5349062215,0.03357030967606378,245.192380392,232.559451725871,True
XLV,2018-06-18T00:00:00.000Z,73.8197339409,0.021069326180446657,244.6880695746,232.714521204458,True
XLV,2018-06-19T00:00:00.000Z,74.0116094308,0.02273993057446444,243.7502284054,232.858474141373,True
XLV,2018-06-20T00:00:00.000Z,74.168598468,0.026882182299819757,244.1660636408,233.00298627639802,True
XLV,2018-06-21T00:00:00.000Z,73.7412394223,0.017659613274394026,242.6354360722,233.147575447749,True
XLV,2018-06-22T00:00:00.000Z,74.0726607231,0.026294729747743606,243.0778139822,233.2907285612895,True
XLV,2018-06-25T00:00:00.000Z,73.3923748952,0.018340440034105843,239.7688272155,233.4174670248305,True
XLV,2018-06-26T00:00:00.000Z,73.1656129525,0.025705868082818606,240.2996807075,233.54811916623004,True
XLV,2018-06-27T00:00:00.000Z,72.5463784169,0.0020111544550360794,238.3089801125,233.65739625518,True
XLV,2018-06-28T00:00:00.000Z,72.6423161618,0.01441543658704214,239.6715040753,233.769838016583,True
XLV,2018-06-29T00:00:00.000Z,72.7905835859,0.004901688188627462,240.0165588451,233.883483916498,True
XLV,2018-07-02T00:00:00.000Z,73.0173455285,0.004297431729251233,240.5297172206,234.00004303184852,True
XLV,2018-07-03T00:00:00.000Z,73.1917777921,0.008746175331276973,239.6803516335,234.11090233314448,True
XLV,2018-07-05T00:00:00.000Z,73.9505581386,0.007857917855570662,241.6356619956,234.229225101849,True
XLV,2018-07-06T00:00:00.000Z,75.0145949463,0.021029375516490756,243.6794479398,234.35667572272598,True
XLV,2018-07-09T00:00:00.000Z,75.5640565765,0.022581881594865294,245.8736423733,234.49470452785351,True
XLV,2018-07-10T00:00:00.000Z,75.8518698114,0.02454910130095156,246.7583981933,234.64008119991001,True
XLV,2018-07-11T00:00:00.000Z,75.2500785021,0.01701740530489504,244.9534963206,234.77621514709298,True
XLV,2018-07-12T00:00:00.000Z,76.0873533672,0.028091837415033405,247.1742334287,234.92567857801498,True
XLV,2018-07-13T00:00:00.000Z,76.2268991781,0.024683721697201344,247.3688797091,235.07546059381002,True
XLV,2018-07-16T00:00:00.000Z,75.7646536796,0.016498946875246556,247.1476907541,235.219903283943,True
XLV,2018-07-17T00:00:00.000Z,76.1832911122,0.03201795841193711,248.1474648307,235.3680355514015,True
XLV,2018-07-18T00:00:00.000Z,76.2443424045,0.03016733443403341,248.6694707645,235.5149372555595,True
XLV,2018-07-19T00:00:00.000Z,75.8169833587,0.02222483537168629,247.7316295953,235.6523926557615,True
XLV,2018-07-20T00:00:00.000Z,75.6687159347,0.02613837965702981,247.4485077329,235.786075719148,True
XLV,2018-07-23T00:00:00.000Z,75.8257049719,0.023666548922189445,247.9085807593,235.92074985460852,True
XLV,2018-07-24T00:00:00.000Z,76.514712413,0.04254307783688027,249.1560864655,236.05511505331148,True
XLV,2018-07-25T00:00:00.000Z,77.4915330889,0.05912504470110069,251.2795004334,236.20136297180952,True
XLV,2018-07-26T00:00:00.000Z,77.2734927595,0.06515989420498491,250.6867140341,236.346479968592,True
XLV,2018-07-27T00:00:00.000Z,76.7153095161,0.05606915596176787,248.9879828597,236.48017922167352,True
XLV,2018-07-30T00:00:00.000Z,76.758917582,0.054517133956165864,247.6873918043,236.605629795401,True
XLV,2018-07-31T00:00:00.000Z,77.5613059944,0.062231247014127744,248.9083548359,236.73884362215952,True
XLV,2018-08-01T00:00:00.000Z,77.5787492207,0.059938036223974756,248.4925196005,236.8686253365815,True
XLV,2018-08-02T00:00:00.000Z,77.8665624556,0.0529543578245959,249.8461960051,237.003691567561,True
XLV,2018-08-03T00:00:00.000Z,78.3288079541,0.04418090919737039,250.9167505473,237.14332499541698,True
XLV,2018-08-06T00:00:00.000Z,78.4683537649,0.03843490304758501,251.8368966,237.28646807598798,True
XLV,2018-08-07T00:00:00.000Z,78.4770753781,0.03460963550703999,252.6685670708,237.43346400719952,True
XLV,2018-08-08T00:00:00.000Z,78.5991779626,0.044506258693225664,252.5623963724,237.57416819546498,True
XLV,2018-08-09T00:00:00.000Z,78.5119618308,0.03186611646088888,252.2173416026,237.71751142007398,True
XLV,2018-08-10T00:00:00.000Z,78.1718189169,0.025514874142470223,250.5274579865,237.850441287016,True
XLV,2018-08-13T00:00:00.000Z,78.1979837564,0.032116956372430394,249.5896168173,237.9842246220565,True
XLV,2018-08-14T00:00:00.000Z,78.5642915099,0.03125357756195335,251.1821772932,238.12453053711297,True
XLV,2018-08-15T00:00:00.000Z,78.4334673122,0.028711965224724523,249.3064949549,238.24633663217548,True
XLV,2018-08-16T00:00:00.000Z,79.2009692719,0.04463361325245452,251.3237382244,238.3824186813705,True
XLV,2018-08-17T00:00:00.000Z,79.4451744409,0.04990779160913705,252.2084940444,238.5211787855885,True
XLV,2018-08-20T00:00:00.000Z,79.7068228362,0.051184725097357164,252.7481950946,238.661153529592,True
XLV,2018-08-21T00:00:00.000Z,79.7068228362,0.04171891029231212,253.340981494,238.80365577457303,True
XLV,2018-08-22T00:00:00.000Z,79.7853173548,0.029600450197165618,253.1905730046,238.9416526703415,True
XLV,2018-08-23T00:00:00.000Z,79.7591525153,0.032167042889289066,252.854365793,239.07622280597502,True
XLV,2018-08-24T00:00:00.000Z,80.1429034951,0.044679399726343494,254.3761458034,239.21918741749548,True
XLV,2018-08-27T00:00:00.000Z,80.43071673,0.04783547324097559,256.3845415147,239.3702737110875,True
XLV,2018-08-28T00:00:00.000Z,80.4743247959,0.03755762959574627,256.5084073295,239.5260817853345,True
XLV,2018-08-29T00:00:00.000Z,80.9976215866,0.04406970208006089,257.8886264087,239.689140099793,True
XLV,2018-08-30T00:00:00.000Z,80.9365702944,0.03942652329811702,256.8446145411,239.845930920467,True
XLV,2018-08-31T00:00:00.000Z,80.919127068,0.033069814051273516,256.8534620993,240.00538456504802,True
XLV,2018-09-04T00:00:00.000Z,80.2737276928,0.023007669223048755,256.4110841893,240.16825628022704,True
XLV,2018-09-05T00:00:00.000Z,80.5964273804,0.027006001333370833,255.7209746498,240.318163251489,True
XLV,2018-09-06T00:00:00.000Z,80.5964273804,0.02541056369254102,254.9512370864,240.46753841068,True
XLV,2018-09-07T00:00:00.000Z,80.7185299649,0.02810486558539127,254.4557738272,240.61251595709052,True
XLV,2018-09-10T00:00:00.000Z,80.5092112486,0.02990070288865554,254.8981517372,240.75232970882553,True
XLV,2018-09-11T00:00:00.000Z,80.4394383432,0.028663841177574367,255.7386697662,240.89734984205003,True
XLV,2018-09-12T00:00:00.000Z,80.8406325494,0.028974245115074293,255.8006026736,241.040061053696,True
XLV,2018-09-13T00:00:00.000Z,81.8436180649,0.0434782608695099,257.3135351257,241.1909042879275,True
XLV,2018-09-14T00:00:00.000Z,81.5732480564,0.029952648386863734,257.3577729167,241.33044693220552,True
XLV,2018-09-17T00:00:00.000Z,81.2767132083,0.023054122296156443,255.995248954,241.46387524630103,True
XLV,2018-09-18T00:00:00.000Z,81.7476803199,0.025604551920153984,257.3843155913,241.59421098014047,True
XLV,2018-09-19T00:00:00.000Z,81.6342993486,0.02418207681368778,257.6585898955,241.7283184561065,True
XLV,2018-09-20T00:00:00.000Z,82.4279661478,0.03312199387825099,259.7466136307,241.8742626300105,True
XLV,2018-09-21T00:00:00.000Z,82.5388178513,0.03485073810766459,259.5100299244,242.02316998006552,True
XLV,2018-09-24T00:00:00.000Z,82.7051738012,0.031971268750659476,258.6479294106,242.16754861204197,True
XLV,2018-09-25T00:00:00.000Z,82.4512620883,0.0251215635076687,258.4079632882,242.3071050359465,True
XLV,2018-09-26T00:00:00.000Z,82.6351291907,0.026850854608351904,257.634739116,242.436510732313,True
XLV,2018-09-27T00:00:00.000Z,83.0553968535,0.025405378906093956,258.3546374832,242.5660244723615,True
XLV,2018-09-28T00:00:00.000Z,83.3093085664,0.029316021958545768,258.3813003857,242.69362030113203,True
XLV,2018-10-01T00:00:00.000Z,83.7208206529,0.034623378753772416,259.2789514362,242.825835314461,True
XLV,2018-10-02T00:00:00.000Z,83.6245093135,0.04174194617600335,259.1278616554,242.9620519769955,True
XLV,2018-10-03T00:00:00.000Z,83.4669089399,0.03561549379790563,259.270063802,243.089372350214,True
XLV,2018-10-04T00:00:00.000Z,82.6526403433,0.025512457930610966,257.2436832129,243.1991477380195,True
XLV,2018-10-05T00:00:00.000Z,82.556329004,0.022767994410938464,255.8038864785,243.306242174663,True
XLV,2018-10-08T00:00:00.000Z,82.5213066987,0.02499211480146002,255.8038864785,243.41395071281252,True
XLV,2018-10-09T00:00:00.000Z,82.6613959197,0.027622738575322714,255.4306058436,243.517380306156,True
XLV,2018-10-10T00:00:00.000Z,80.7089024031,-0.001629504150892247,247.3428587553,243.58067821481148,True
XLV,2018-10-11T00:00:00.000Z,78.5287639025,-0.04050229255225979,241.8947390134,243.61813918534298,True
XLV,2018-10-12T00:00:00.000Z,79.7370334329,-0.02251000992666652,245.254264727,243.67182754732949,True
XLV,2018-10-15T00:00:00.000Z,79.1854321256,-0.025730384511740256,243.8766814318,243.7162154512085,True
XLV,2018-10-16T00:00:00.000Z,81.3568150498,-0.0047813622181135385,249.2092619295,243.791696561299,True
XLV,2018-10-17T00:00:00.000Z,81.7858382889,0.0018563145823411453,249.2537001004,243.859021763124,True
XLV,2018-10-18T00:00:00.000Z,80.8577472003,-0.019049589852605076,245.6542082644,243.90089255890854,True
XLV,2018-10-19T00:00:00.000Z,80.1222787905,-0.029277606872848305,245.5208937519,243.93709624129448,True
XLV,2018-10-22T00:00:00.000Z,79.4656105674,-0.03917001905572437,244.4188271157,243.95985013531248,True
XLV,2018-10-23T00:00:00.000Z,79.0365873283,-0.04141446320546438,243.1745583329,243.97418946575152,True
XLV,2018-10-24T00:00:00.000Z,76.4274255887,-0.07512184784844056,235.8067096118,243.94896996020051,True
XLV,2018-10-25T00:00:00.000Z,77.4168057114,-0.06788952140034699,240.0372234734,243.946745328476,True
XLV,2018-10-26T00:00:00.000Z,76.5412480807,-0.08124014713560679,235.815597246,243.914639686955,True
XLV,2018-10-29T00:00:00.000Z,76.7338707594,-0.08345534407106858,234.509115024,243.86810604353053,True
XLV,2018-10-30T00:00:00.000Z,77.5568949323,-0.07255784734656101,237.9841799817,243.84311484225748,True
XLV,2018-10-31T00:00:00.000Z,77.661961848,-0.06954788628964104,240.5260433523,243.819252758007,True
XLV,2018-11-01T00:00:00.000Z,78.6425863945,-0.04851694915182547,243.0856819913,243.8102504934365,True
XLV,2018-11-02T00:00:00.000Z,78.1522741213,-0.053346060027531284,241.6458852569,243.78847846724497,True
XLV,2018-11-05T00:00:00.000Z,78.8439646496,-0.04456233421662403,242.9790303813,243.76337108500354,True
XLV,2018-11-06T00:00:00.000Z,79.2467211597,-0.04130918334983269,244.5165910915,243.743319642715,True
XLV,2018-11-07T00:00:00.000Z,81.5757044575,0.010739856801307512,249.7514076135,243.74992479136301,True
XLV,2018-11-08T00:00:00.000Z,81.6194823391,0.039357787936626476,249.2981382712,243.75373722057998,True
XLV,2018-11-09T00:00:00.000Z,81.3830817787,0.02064346107364501,246.8629265105,243.73098606999153,True
XLV,2018-11-12T00:00:00.000Z,80.279879164,0.0138213180003115,242.2502443799,243.6935057434765,True
XLV,2018-11-13T00:00:00.000Z,79.7195222803,-0.020124838570656833,241.7969750376,243.6665674730935,True
XLV,2018-11-14T00:00:00.000Z,79.0803652099,-0.033079970024189276,240.1438750833,243.6307496014325,True
XLV,2018-11-15T00:00:00.000Z,79.7808113145,-0.013318895505859518,242.6501879173,243.608866954527,True
XLV,2018-11-16T00:00:00.000Z,80.5863243348,0.005791716752257647,243.2812099428,243.617028290841,True
XLV,2018-11-19T00:00:00.000Z,79.5619219068,0.0012119876599741009,239.1662353254,243.6551465351475,True
XLV,2018-11-20T00:00:00.000Z,78.8176979206,-0.0027694693698095962,234.7401935122,243.648325085873,True
XLV,2018-11-21T00:00:00.000Z,78.3711635289,0.02543246648997921,235.5400805869,243.6519072733935,True
XLV,2018-11-23T00:00:00.000Z,78.4849860209,0.013797783306663813,233.9669693401,243.69166375555153,True
XLV,2018-11-26T00:00:00.000Z,79.2467211597,0.035346602607623234,237.7442138593,243.733330940099,True
XLV,2018-11-27T00:00:00.000Z,80.0697453326,0.04347329986336357,238.544100934,243.76215363299352,True
XLV,2018-11-28T00:00:00.000Z,81.9959721203,0.05723639647867418,244.0366588467,243.815544065494,True
XLV,2018-11-29T00:00:00.000Z,82.2673949858,0.059301014656489626,243.5034007969,243.85052089055148,True
XLV,2018-11-30T00:00:00.000Z,83.9397100606,0.06735693609474769,244.9876357021,243.87782953884,True
XLV,2018-12-03T00:00:00.000Z,83.5369535504,0.06889984315417941,248.2316221716,243.92100720433,True
XLV,2018-12-04T00:00:00.000Z,81.6720157969,0.03586896168740994,240.1883132541,243.9314691364865,True
XLV,2018-12-06T00:00:00.000Z,81.3655706261,0.02673737708504098,239.8239202535,243.946030796735,True
XLV,2018-12-07T00:00:00.000Z,79.2904990412,-0.028013309005386122,234.2513736333,243.93119447011702,True
XLV,2018-12-10T00:00:00.000Z,79.596944212,-0.024780090110068098,234.6957553414,243.89967449852801,True
XLV,2018-12-11T00:00:00.000Z,79.8421003486,-0.018934911242244445,234.7490811464,243.854428414502,True
XLV,2018-12-12T00:00:00.000Z,80.5250353006,0.003053768131603407,235.9311364901,243.83031355166898,True
XLV,2018-12-13T00:00:00.000Z,80.6038354874,0.01109280615092878,235.8511477826,243.81799304663548,True
XLV,2018-12-14T00:00:00.000Z,77.889606832,-0.015057573074421349,231.4962070428,243.8012242732555,True
XLV,2018-12-17T00:00:00.000Z,76.3398698256,-0.04312993854293645,226.9546259855,243.75569430831402,True
XLV,2018-12-18T00:00:00.000Z,75.6744460262,-0.060951760105019126,226.7057722289,243.6952782482735,True
XLV,2018-12-19T00:00:00.000Z,74.6850659035,-0.061296357433557325,223.3106959787,243.6148601638445,True
XLV,2018-12-20T00:00:00.000Z,73.6343967466,-0.06576316374047853,219.675653606,243.516705511485,True
XLV,2018-12-21T00:00:00.000Z,72.7233790318,-0.07206457378953346,215.2010853103,243.390387917732,True
XLV,2018-12-24T00:00:00.000Z,70.9818177052,-0.09560004653249166,209.5148414276,243.214715788962,True
XLV,2018-12-26T00:00:00.000Z,74.0779267302,-0.06522407935444685,220.1005533099,243.093507473369,True
XLV,2018-12-27T00:00:00.000Z,74.8959328079,-0.06461632297203657,221.7903333317,242.9886436486785,True
XLV,2018-12-28T00:00:00.000Z,74.9838904506,-0.08551739174958806,221.5042330105,242.8885780662305,True
XLV,2018-12-31T00:00:00.000Z,76.0921567494,-0.07506300931816168,223.4443508133,242.79952900459548,True
XLV,2019-01-02T00:00:00.000Z,74.9399116292,-0.10721741145999475,223.6768073242,242.71034041805046,True
XLV,2019-01-03T00:00:00.000Z,73.4182444095,-0.12112853905780896,218.3392482079,242.61080281941048,True
XLV,2019-01-04T00:00:00.000Z,75.6083897142,-0.07424361972133608,225.6526876671,242.5458065850735,True
XLV,2019-01-07T00:00:00.000Z,75.8986499353,-0.06718960671857377,227.4318740392,242.49199635467602,True
XLV,2019-01-08T00:00:00.000Z,76.4879661418,-0.03534512877695184,229.5686858128,242.4786411201725,True
XLV,2019-01-09T00:00:00.000Z,76.8310009485,-0.03474936495216607,230.6415620171,242.4954006610825,True
XLV,2019-01-10T00:00:00.000Z,76.9805289412,-0.03584038239106979,231.4551598053,242.485136058477,True
XLV,2019-01-11T00:00:00.000Z,77.2356061052,-0.040849770299640986,231.5445661557,242.4951804589235,True
XLV,2019-01-14T00:00:00.000Z,76.3824169705,-0.052372427333931215,230.13194582,242.5015528259625,True
XLV,2019-01-15T00:00:00.000Z,77.7545561975,-0.0017338723353848007,232.7694331556,242.50649140025197,True
XLV,2019-01-16T00:00:00.000Z,77.6138239691,0.01668792658947904,233.3326931628,242.53926090805552,True
XLV,2019-01-17T00:00:00.000Z,78.2998935826,0.03469397787849049,235.1029388999,242.56634849481247,True
XLV,2019-01-18T00:00:00.000Z,79.2322445958,0.060884711518837786,238.2321611624,242.59679507538152,True
XLV,2019-01-22T00:00:00.000Z,78.6869072107,0.06861617243212215,235.0135325495,242.60198822457053,True
XLV,2019-01-23T00:00:00.000Z,78.7748648535,0.08321238509907336,235.5052674765,242.63571163821598,True
XLV,2019-01-24T00:00:00.000Z,78.1151825328,0.10049566294887136,235.630436367,242.664423795812,True
XLV,2019-01-25T00:00:00.000Z,78.2119359398,0.055806221800139166,237.62419798,242.6848282246895,True
XLV,2019-01-28T00:00:00.000Z,77.323563748,0.03241338813853378,235.8181897027,242.7023241510065,True
XLV,2019-01-29T00:00:00.000Z,77.7017816118,0.0362463343108419,235.5052674765,242.70869881924799,True
XLV,2019-01-30T00:00:00.000Z,78.7660690892,0.035140446190875974,239.2335122864,242.7371498196575,True
XLV,2019-01-31T00:00:00.000Z,79.7511946881,0.06420187793529908,241.3345615198,242.76650537944147,True
XLV,2019-02-01T00:00:00.000Z,79.8215608023,0.08721696417970226,241.4507897753,242.7838466840685,True
XLV,2019-02-04T00:00:00.000Z,79.5928709311,0.05269892973466761,243.1495104321,242.808800795026,True
XLV,2019-02-05T00:00:00.000Z,79.4785259955,0.04716653146336158,244.1687428261,242.8454570451045,True
XLV,2019-02-06T00:00:00.000Z,79.8391523308,0.04381324746937687,243.8468799648,242.8905450661455,True
XLV,2019-02-07T00:00:00.000Z,78.9595759033,0.027704636520703207,241.5223148555,242.924186421031,True
XLV,2019-02-08T00:00:00.000Z,79.1091038959,0.02765082266875396,241.8173558117,242.97511328601152,True
XLV,2019-02-11T00:00:00.000Z,79.0123504889,0.02300421364312144,241.9514653373,243.0238481085215,True
XLV,2019-02-12T00:00:00.000Z,80.0942294948,0.04859511745659417,245.0628063297,243.0763369568175,True
XLV,2019-02-13T00:00:00.000Z,80.2701447803,0.032352941175695316,245.8585228479,243.1317033915125,True
XLV,2019-02-14T00:00:00.000Z,80.4548558301,0.03660471441442037,245.3131441107,243.19337110129447,True
XLV,2019-02-15T00:00:00.000Z,81.6686713002,0.043024039541589065,247.9863939864,243.26633518761398,True
XLV,2019-02-19T00:00:00.000Z,81.4751644861,0.028308170514948383,248.4155444681,243.349284119228,True
XLV,2019-02-20T00:00:00.000Z,81.3784110791,0.03420523138865983,248.9162200301,243.437290739817,True
XLV,2019-02-21T00:00:00.000Z,80.6659541727,0.0240062527903655,248.0310971616,243.50589819785498,True
XLV,2019-02-22T00:00:00.000Z,81.4047983719,0.04211237473225782,249.5688863877,243.578231015733,True
XLV,2019-02-25T00:00:00.000Z,81.5191433075,0.0422852001802585,249.9086305191,243.652262554268,True
XLV,2019-02-26T00:00:00.000Z,81.2288830864,0.05050619952188917,249.7298178184,243.7140377486,True
XLV,2019-02-27T00:00:00.000Z,80.8506652225,0.040525243377711684,249.6225301979,243.76417846321598,True
XLV,2019-02-28T00:00:00.000Z,80.6131795871,0.0234505862646035,249.1576171761,243.8083393053665,True
XLV,2019-03-01T00:00:00.000Z,81.7566289429,0.025146134332445724,250.7132876723,243.859705981978,True
XLV,2019-03-04T00:00:00.000Z,80.6483626442,0.010358126721523364,249.8013428986,243.91479242608352,True
XLV,2019-03-05T00:00:00.000Z,80.6043838228,0.012708586584037507,249.4615987673,243.96315960689802,True
XLV,2019-03-06T00:00:00.000Z,79.4257514099,-0.0006640106234856447,247.9506314462,244.0049848676035,True
XLV,2019-03-07T00:00:00.000Z,78.8012521463,-0.012999889830989653,245.876404118,244.0394337013095,True
XLV,2019-03-08T00:00:00.000Z,78.6341326251,-0.0041216442018201516,245.384669191,244.0624397314555,True
XLV,2019-03-11T00:00:00.000Z,79.5313005812,0.005336891261662702,248.9430419352,244.10658465374547,True
XLV,2019-03-12T00:00:00.000Z,80.1118210234,0.013915173105177425,249.881808614,244.152120420854,True
XLV,2019-03-13T00:00:00.000Z,80.9738059224,0.010981770261702772,251.5358260956,244.20839250684,True
XLV,2019-03-14T00:00:00.000Z,80.8418694583,0.0071225071234741755,251.3748946649,244.2667225257715,True
XLV,2019-03-15T00:00:00.000Z,81.2120831766,0.009411829015007811,252.6114738967,244.345019913183,True
XLV,2019-03-18T00:00:00.000Z,81.0884861373,-0.007104133735289397,253.5274161077,244.41208670633551,True
XLV,2019-03-19T00:00:00.000Z,81.7329564137,0.003164055319507586,253.5902748869,244.48682244794497,True
XLV,2019-03-20T00:00:00.000Z,81.1679413769,-0.0025863088183846195,252.8269897111,244.546027164195,True
XLV,2019-03-21T00:00:00.000Z,81.4857623351,0.010163000869547245,255.6825742512,244.613784622948,True
XLV,2019-03-22T00:00:00.000Z,80.0025978635,-0.017225035089381446,250.7616298235,244.65605656260902,True
XLV,2019-03-25T00:00:00.000Z,79.9584560638,-0.019145039807556663,250.573053486,244.687256455618,True
XLV,2019-03-26T00:00:00.000Z,80.5058143807,-0.008901620682521316,252.4408572104,244.727927486792,True
XLV,2019-03-27T00:00:00.000Z,79.8348590245,-0.012563980706955302,251.1208228475,244.75838707864253,True
XLV,2019-03-28T00:00:00.000Z,80.0379113033,-0.0071361567270578075,252.0726843609,244.791976503696,True
XLV,2019-03-29T00:00:00.000Z,81.0002025378,-0.009252172146533622,253.6621134917,244.8319276398875,True
XLV,2019-04-01T00:00:00.000Z,81.1237995771,0.005895183948092075,256.670355067,244.89083953039852,True
XLV,2019-04-02T00:00:00.000Z,80.9384040182,0.0041439457701744065,256.7960726254,244.947297219364,True
XLV,2019-04-03T00:00:00.000Z,80.8324636988,0.017711035324554203,257.2001647773,245.0073361412905,True
XLV,2019-04-04T00:00:00.000Z,80.6647248597,0.02364775511359052,257.8826315227,245.07330895103098,True
XLV,2019-04-05T00:00:00.000Z,81.2209115366,0.032896387677255445,259.1308272809,245.15021194540847,True
XLV,2019-04-08T00:00:00.000Z,81.2032548167,0.021022593913109233,259.328383444,245.2260235444245,True
XLV,2019-04-09T00:00:00.000Z,80.9913741779,0.010979068298086592,257.9993692555,245.30284321034097,True
XLV,2019-04-10T00:00:00.000Z,81.0178592577,0.0005440442720725525,258.8793921641,245.3818511012505,True
XLV,2019-04-11T00:00:00.000Z,80.0202545834,-0.010163234477448602,258.8075535593,245.47704473296952,True
XLV,2019-04-12T00:00:00.000Z,79.2875007076,-0.02369822806804367,260.5586195509,245.57833942718648,True
XLV,2019-04-15T00:00:00.000Z,79.6053216658,-0.018290691344128418,260.3880028646,245.688734540947,True
XLV,2019-04-16T00:00:00.000Z,77.9720750751,-0.04601425793977032,260.5586195509,245.793170118325,True
XLV,2019-04-17T00:00:00.000Z,75.7296716479,-0.06700021753351626,259.9210519335,245.89269258376697,True
XLV,2019-04-18T00:00:00.000Z,75.8532686872,-0.06912242686933556,260.4329019926,245.992208507627,True
XLV,2019-04-22T00:00:00.000Z,75.8974104869,-0.051313175899665775,260.6573976325,246.097093737622,True
XLV,2019-04-23T00:00:00.000Z,77.0980674401,-0.03577343491247076,263.0011321136,246.20392108821198,True
XLV,2019-04-24T00:00:00.000Z,77.0097838406,-0.043425814234581916,262.4174434497,246.29761106576152,True
XLV,2019-04-25T00:00:00.000Z,77.8043362361,-0.025434037376791396,262.255806589,246.37952188683997,True
XLV,2019-04-26T00:00:00.000Z,78.5812319116,-0.01819986763747483,263.4770628703,246.463115210225,True
XLV,2019-04-29T00:00:00.000Z,78.4399781524,-0.03160762942790463,263.8901348478,246.557798402861,True
XLV,2019-04-30T00:00:00.000Z,78.8019409104,-0.0286211774941989,264.0248322318,246.6420513968765,True
XLV,2019-05-01T00:00:00.000Z,78.6606871512,-0.02814136125649125,262.0402907746,246.715408452204,True
XLV,2019-05-02T00:00:00.000Z,78.9961648293,-0.02271734381797963,261.4745617619,246.78704280724298,True
XLV,2019-05-03T00:00:00.000Z,79.5964933058,-0.013242858706305372,264.0338120574,246.8664745433765,True
XLV,2019-05-06T00:00:00.000Z,80.0025978635,-0.015000000000627955,262.94725316,246.93786345535398,True
XLV,2019-05-07T00:00:00.000Z,78.4664632323,-0.03370297890863794,258.5561184426,246.9919858995905,True
XLV,2019-05-08T00:00:00.000Z,78.6342020713,-0.02910398953624871,258.1969254187,247.0457279880195,True
XLV,2019-05-09T00:00:00.000Z,78.4664632323,-0.031491772910026694,257.4156805916,247.093263487181,True
XLV,2019-05-10T00:00:00.000Z,78.4929483121,-0.019086496028429822,258.7087754778,247.14102693224254,True
XLV,2019-05-13T00:00:00.000Z,77.0186122006,-0.028615967040849344,252.2073817448,247.1456663387995,True
XLV,2019-05-14T00:00:00.000Z,77.4070600383,-0.02761450593377124,254.4882574467,247.1646740558625,True
XLV,2019-05-15T00:00:00.000Z,77.636597397,-0.004302536232066001,255.978908496,247.199628684044,True
XLV,2019-05-16T00:00:00.000Z,78.2457542336,0.033224527862716124,258.3495824538,247.2529396372915,True
XLV,2019-05-17T00:00:00.000Z,78.0780153945,0.029329608938466478,256.6793348926,247.29179453757502,True
XLV,2019-05-20T00:00:00.000Z,78.0427019547,0.02826567407290237,254.9821478546,247.3242426788455,True
XLV,2019-05-21T00:00:00.000Z,78.7754558305,0.021756555593344995,257.2809832077,247.3614166148585,True
XLV,2019-05-22T00:00:00.000Z,79.225702188,0.02877450418490546,256.4907585551,247.38928665489752,True
XLV,2019-05-23T00:00:00.000Z,78.9520230295,0.014750936116430635,253.3567994214,247.3968861690045,True
XLV,2019-05-24T00:00:00.000Z,79.0667917089,0.006179081003034215,253.9315082596,247.40320087494848,True
XLV,2019-05-28T00:00:00.000Z,77.9367616353,-0.006415306696316403,251.5698141274,247.39823796372352,True
XLV,2019-05-29T00:00:00.000Z,77.1863510396,-0.02050190454873413,249.8816069149,247.386559290285,True
XLV,2019-05-30T00:00:00.000Z,77.6101123172,-0.013355780022371255,250.5640736604,247.38674236865452,True
XLV,2019-05-31T00:00:00.000Z,77.0539256404,-0.024586499776247606,247.1876592356,247.37473258074598,True
XLV,2019-06-03T00:00:00.000Z,77.2393211993,-0.02961401952023235,246.5590714437,247.3516170514985,True
XLV,2019-06-04T00:00:00.000Z,78.519433392,-0.01853895387285509,251.9110475001,247.3646398142245,True
XLV,2019-06-05T00:00:00.000Z,79.1109335086,0.008213321331841383,254.0931451204,247.37848684870448,True
XLV,2019-06-06T00:00:00.000Z,79.5170380663,0.011227124733834248,255.7454330304,247.39617154363452,True
XLV,2019-06-07T00:00:00.000Z,80.3469039016,0.02396489649001965,258.3046833258,247.4239539847905,True
XLV,2019-06-10T00:00:00.000Z,80.5852696202,0.026656169160325094,259.4900203048,247.4546991788445,True
XLV,2019-06-11T00:00:00.000Z,80.452844221,0.044589637780739544,259.4271615256,247.4858821214495,True
XLV,2019-06-12T00:00:00.000Z,80.8412920587,0.04436587591236241,258.9691904201,247.516456244585,True
XLV,2019-06-13T00:00:00.000Z,80.7441800993,0.040027291335414494,260.0377896663,247.54476446389953,True
XLV,2019-06-14T00:00:00.000Z,80.5587845404,0.029561096694071365,259.7504352471,247.56159393256152,True
XLV,2019-06-17T00:00:00.000Z,80.9207472983,0.03640886476733174,259.8492133287,247.5782979625575,True
XLV,2019-06-18T00:00:00.000Z,81.6093593744,0.045701357466714665,262.5701004849,247.6017053329385,True
XLV,2019-06-19T00:00:00.000Z,82.3421132502,0.04527625238214217,263.1627689744,247.633296105105,True
XLV,2019-06-20T00:00:00.000Z,82.7040760081,0.04390461332669471,265.6771201418,247.6774143953175,True
XLV,2019-06-21T00:00:00.000Z,83.0999396683,0.05253717991811491,265.2924244132,247.72182109643697,True
XLV,2019-06-24T00:00:00.000Z,82.6655113055,0.04551493134879436,264.9675765465,247.7680541059205,True
XLV,2019-06-25T00:00:00.000Z,82.3286076773,0.05635140529127125,262.3687936135,247.80514188855602,True
XLV,2019-06-26T00:00:00.000Z,81.2912991378,0.05318230545830538,262.1071106098,247.84339857246897,True
XLV,2019-06-27T00:00:00.000Z,81.8587157748,0.054742910823728064,263.0365364505,247.8840904960355,True
XLV,2019-06-28T00:00:00.000Z,82.1335582083,0.06592308601648611,264.3900692281,247.92734749334497,True
XLV,2019-07-01T00:00:00.000Z,82.5413889162,0.06864467002783625,266.7903340204,247.98229615007898,True
XLV,2019-07-02T00:00:00.000Z,82.9846831639,0.0568680844856293,267.4851475129,248.033154212015,True
XLV,2019-07-03T00:00:00.000Z,83.6939539601,0.05793156834638791,269.6237293016,248.0944839939395,True
XLV,2019-07-05T00:00:00.000Z,83.1176714382,0.04528128133869691,269.3169285386,248.16109239186247,True
XLV,2019-07-08T00:00:00.000Z,82.4970594914,0.026760901607774112,267.8370660351,248.21335614408147,True
XLV,2019-07-09T00:00:00.000Z,82.576852456,0.024713981167853394,268.1709374536,248.26591788187199,True
XLV,2019-07-10T00:00:00.000Z,82.8605607745,0.02992705325477507,269.4522818164,248.3144462228005,True
XLV,2019-07-11T00:00:00.000Z,82.8782925444,0.025197525099189377,270.0839304459,248.36731572540802,True
XLV,2019-07-12T00:00:00.000Z,81.9562405093,0.01501111793456067,271.2930863939,248.4305415103245,True
XLV,2019-07-15T00:00:00.000Z,82.1335582083,0.019548130931770213,271.3833219125,248.49541830344597,True
XLV,2019-07-16T00:00:00.000Z,81.7257275005,0.009947760359065638,270.5080373829,248.55978479478054,True
XLV,2019-07-17T00:00:00.000Z,81.7434592704,0.0016431926071711622,268.6672328054,248.6113477713915,True
XLV,2019-07-18T00:00:00.000Z,82.204485288,-0.001671416444970375,269.6507999571,248.66769526924847,True
XLV,2019-07-19T00:00:00.000Z,81.3533603324,-0.016331911810098854,268.1528903499,248.71206496381703,True
XLV,2019-07-22T00:00:00.000Z,81.1849085183,-0.023044916249566394,268.811609635,248.760483703715,True
XLV,2019-07-23T00:00:00.000Z,81.6902639607,-0.011797511796616922,270.7336261792,248.81780151560102,True
XLV,2019-07-24T00:00:00.000Z,81.7345933854,-0.007215162610648362,272.0059469902,248.8916128344875,True
XLV,2019-07-25T00:00:00.000Z,81.3356285625,0.0005453157369876838,270.7065555236,248.96612617971303,True
XLV,2019-07-26T00:00:00.000Z,81.628202766,-0.002815986136823434,272.5202894457,249.049708194549,True
XLV,2019-07-29T00:00:00.000Z,81.9651063942,-0.0020509499134663267,272.0239940939,249.1326751358005,True
XLV,2019-07-30T00:00:00.000Z,81.6104709961,-0.011278195488630738,271.3562512569,249.25274209830852,True
XLV,2019-07-31T00:00:00.000Z,80.8036754653,-0.026282051282793595,268.387502698,249.3852059167315,True
XLV,2019-08-01T00:00:00.000Z,80.9100660848,-0.03326271186359764,266.0504027686,249.4891866069395,True
XLV,2019-08-02T00:00:00.000Z,80.7238825007,-0.028800000000960613,264.0471742578,249.59003907106953,True
XLV,2019-08-05T00:00:00.000Z,78.8265831207,-0.04449220848995994,256.1064486291,249.62452500456752,True
XLV,2019-08-06T00:00:00.000Z,79.8461598904,-0.03306849903312803,259.6978222657,249.676745615394,True
XLV,2019-08-07T00:00:00.000Z,79.8727575452,-0.03605820671949256,259.8512226471,249.7477306873075,True
XLV,2019-08-08T00:00:00.000Z,80.9366637396,-0.02342747111687693,264.9495294428,249.844873865762,True
XLV,2019-08-09T00:00:00.000Z,81.0341884741,-0.011250540891945437,263.1448190727,249.938503825547,True
XLV,2019-08-12T00:00:00.000Z,80.2451247133,-0.022992227978370527,259.9414581657,250.02233832471097,True
XLV,2019-08-13T00:00:00.000Z,81.2912991378,-0.005315686699728039,263.9840093948,250.16322482362597,True
XLV,2019-08-14T00:00:00.000Z,79.0304984746,-0.03318872017424379,256.1786370439,250.2439318914785,True
XLV,2019-08-15T00:00:00.000Z,79.3053409082,-0.03526747195901747,256.8554034327,250.349130922412,True
XLV,2019-08-16T00:00:00.000Z,80.2805882531,-0.01318657366968956,260.64529521,250.47981182334198,True
XLV,2019-08-19T00:00:00.000Z,81.051920244,-0.0016380910778512892,263.7854912541,250.60881837970402,True
XLV,2019-08-20T00:00:00.000Z,80.3603812177,-0.01627957456031459,261.7642156395,250.71500924114002,True
XLV,2019-08-21T00:00:00.000Z,80.9543955095,-0.009545503850752146,263.8937738763,250.81904970056502,True
XLV,2019-08-22T00:00:00.000Z,80.5554306866,-0.009592326139097551,263.8125619096,250.92988308382849,True
XLV,2019-08-23T00:00:00.000Z,78.6935948464,-0.03595090691892988,257.0358744697,251.00016730427046,True
XLV,2019-08-26T00:00:00.000Z,79.5181221471,-0.029853975121212795,259.8782933027,251.0769758153265,True
XLV,2019-08-27T00:00:00.000Z,79.0482302445,-0.03139598044621561,258.8586319436,251.122511936977,True
XLV,2019-08-28T00:00:00.000Z,79.6245127665,-0.014592933947743192,260.6813894174,251.179428192708,True
XLV,2019-08-29T00:00:00.000Z,80.2273929434,-0.008437431514201177,264.0110800504,251.2651689604075,True
XLV,2019-08-30T00:00:00.000Z,80.3249176778,-0.004942339373933624,263.8937738763,251.37338660788953,True
XLV,2019-09-03T00:00:00.000Z,79.8550257753,0.013046901360994623,262.3507465098,251.4761554652505,True
XLV,2019-09-04T00:00:00.000Z,79.908221085,0.0007772596037827206,265.3285186206,251.602078682937,True
XLV,2019-09-05T00:00:00.000Z,80.6972848459,0.010323010323430859,268.7394212202,251.73252484945147,True
XLV,2019-09-06T00:00:00.000Z,80.9189319697,-0.00021908204614218274,268.9469629127,251.86085361430102,True
XLV,2019-09-09T00:00:00.000Z,80.1741976336,-0.010612691466329371,269.0823161905,252.0104340186265,True
XLV,2019-09-10T00:00:00.000Z,80.4047106424,0.0019887305262491495,269.0191513275,252.181828807703,True
XLV,2019-09-11T00:00:00.000Z,81.2026402882,-0.0010906314764351777,270.9321443199,252.35878912636798,True
XLV,2019-09-12T00:00:00.000Z,81.1760426334,0.02714830603642948,271.8705937124,252.5483072482295,True
XLV,2019-09-13T00:00:00.000Z,81.1317132086,0.023029625489084493,271.6901226754,252.71803679231002,True
XLV,2019-09-16T00:00:00.000Z,80.9543955095,0.008393152953434901,270.8509323533,252.8795709494065,True
XLV,2019-09-17T00:00:00.000Z,81.0785178989,0.0003281557650938183,271.5367222939,253.01707126664252,True
XLV,2019-09-18T00:00:00.000Z,81.0696520139,0.008826125330074763,271.6991462272,253.158049993794,True
XLV,2019-09-19T00:00:00.000Z,81.4508850669,0.006132953674414576,271.6810991235,253.29151731090099,True
XLV,2019-09-20T00:00:00.000Z,81.9026019053,0.016723530706963086,270.4030203841,253.4023743019635,True
XLV,2019-09-23T00:00:00.000Z,81.4663815256,0.035235227017041515,270.339562521,253.55313054829804,True
XLV,2019-09-24T00:00:00.000Z,80.7185751604,0.015096596610761015,268.2182568092,253.69510223107648,True
XLV,2019-09-25T00:00:00.000Z,80.3268670643,0.016175400965272813,269.8047033885,253.8728688798525,True
XLV,2019-09-26T00:00:00.000Z,79.8817442279,0.003230556175010113,269.242648029,254.0456033432905,True
XLV,2019-09-27T00:00:00.000Z,79.5256459587,-0.008746974804417329,267.7921825851,254.21081885048403,True
XLV,2019-09-30T00:00:00.000Z,80.237842497,-0.0010840369752916912,269.0341436214,254.37633388614051,True
XLV,2019-10-01T00:00:00.000Z,79.4544263049,-0.005016584322785622,265.8340542358,254.5262484184065,True
XLV,2019-10-02T00:00:00.000Z,78.2971069301,-0.020162057583364534,261.138172361,254.67445824499748,True
XLV,2019-10-03T00:00:00.000Z,79.0004010117,-0.02102776862245581,263.2776088908,254.856073159524,True
XLV,2019-10-04T00:00:00.000Z,80.237842497,-0.008416936013874055,266.8403146375,255.056745871567,True
XLV,2019-10-07T00:00:00.000Z,79.9707687951,-0.0025373355082352056,265.6890076914,255.26863743013052,True
XLV,2019-10-08T00:00:00.000Z,78.4484486945,-0.024330190759599635,261.5642465852,255.47808039502652,True
XLV,2019-10-09T00:00:00.000Z,79.0182059252,-0.026901026312040277,264.0481686579,255.7223158117645,True
XLV,2019-10-10T00:00:00.000Z,79.4099140212,-0.021756771516641127,265.8340542358,256.0039118758055,True
XLV,2019-10-11T00:00:00.000Z,80.0686958192,-0.013102365861137999,268.5899385792,256.246358802152,True
XLV,2019-10-14T00:00:00.000Z,80.0330859922,-0.011380599058291918,268.2907800814,256.4788610359005,True
XLV,2019-10-15T00:00:00.000Z,81.4930888958,0.005113203936669697,270.9469449256,256.726074595476,True
XLV,2019-10-16T00:00:00.000Z,81.386259415,0.0039053751093653943,270.5118052924,256.9614118678715,True
XLV,2019-10-17T00:00:00.000Z,81.9916264726,0.0066388647005599655,271.3095612866,257.1995756376835,True
XLV,2019-10-18T00:00:00.000Z,81.6889429438,-0.0026086956522705096,270.1219927044,257.458489360166,True
XLV,2019-10-21T00:00:00.000Z,81.5999183765,0.001639165118166419,271.9532053273,257.68999194846697,True
XLV,2019-10-22T00:00:00.000Z,81.7779675111,0.013124517480577857,271.0647952429,257.9081565544855,True
XLV,2019-10-23T00:00:00.000Z,82.2854075446,0.024382134544501,271.8534858281,258.119580554562,True
XLV,2019-10-24T00:00:00.000Z,81.8669920784,0.024852334781726215,272.2976908703,258.32786119882803,True
XLV,2019-10-25T00:00:00.000Z,81.9560166457,0.030560841822802276,273.4127361803,258.53764908070303,True
XLV,2019-10-28T00:00:00.000Z,82.8017500349,0.03195384444685012,274.9538557145,258.754695528497,True
XLV,2019-10-29T00:00:00.000Z,83.9768743231,0.05691876750636249,274.8722670332,258.978397134563,True
XLV,2019-10-30T00:00:00.000Z,84.4487045297,0.07856736782231111,275.7153500725,259.19312671914753,True
XLV,2019-10-31T00:00:00.000Z,84.3507775057,0.06772594095069961,274.9810519415,259.401368513041,True
XLV,2019-11-01T00:00:00.000Z,84.4576069865,0.052590702319267546,277.5284318774,259.6134959779285,True
XLV,2019-11-04T00:00:00.000Z,84.1994357413,0.05287765779812159,278.6434771874,259.81555255805347,True
XLV,2019-11-05T00:00:00.000Z,83.6029711405,0.06570585565143738,278.3352532806,260.032161161709,True
XLV,2019-11-06T00:00:00.000Z,83.8878497558,0.06162685894450326,278.3987111438,260.24662838004554,True
XLV,2019-11-07T00:00:00.000Z,84.0748013471,0.05874439461872005,279.3777753184,260.4653650748025,True
XLV,2019-11-08T00:00:00.000Z,84.6890708614,0.0577051367569803,280.0667464043,260.677577816924,True
XLV,2019-11-11T00:00:00.000Z,84.341875049,0.05383759733093285,279.5318872719,260.89614630476996,True
XLV,2019-11-12T00:00:00.000Z,84.8493150825,0.04118418177756622,280.1211388584,261.11922566167954,True
XLV,2019-11-13T00:00:00.000Z,84.9472421066,0.04375410194787377,280.2117929487,261.324117064991,True
XLV,2019-11-14T00:00:00.000Z,84.9561445633,0.03615635179149268,280.6197363548,261.52054293916603,True
XLV,2019-11-15T00:00:00.000Z,86.7633432792,0.062118570182638555,282.6503879763,261.726540930171,True
XLV,2019-11-18T00:00:00.000Z,86.4695622072,0.05967706742342038,282.8588923839,261.92508783993003,True
XLV,2019-11-19T00:00:00.000Z,87.0571243513,0.0645547572392704,282.7773037026,262.1181306443125,True
XLV,2019-11-20T00:00:00.000Z,86.9413924138,0.05658336038107836,281.7257162558,262.30752482576753,True
XLV,2019-11-21T00:00:00.000Z,87.163953832,0.0647020443663957,281.2724458046,262.506275480513,True
XLV,2019-11-22T00:00:00.000Z,87.4755398175,0.06734738214109615,281.8979590273,262.706678496591,True
XLV,2019-11-25T00:00:00.000Z,88.4993223414,0.06880980539781523,284.0827226022,262.91733478291553,True
XLV,2019-11-26T00:00:00.000Z,88.4281026875,0.05300540655126018,284.7263666429,263.1156525844815,True
XLV,2019-11-27T00:00:00.000Z,88.8821279807,0.05249841872282124,285.9955239064,263.31633758977404,True
XLV,2019-11-29T00:00:00.000Z,88.5705419952,0.050026385224663183,284.9348710505,263.51444622447303,True
XLV,2019-12-02T00:00:00.000Z,88.1788338991,0.04406029303192094,282.5144068409,263.68708628874555,True
XLV,2019-12-03T00:00:00.000Z,87.9829798511,0.044935504335501975,280.6197363548,263.848107248179,True
XLV,2019-12-04T00:00:00.000Z,88.8020058701,0.062187200510645635,282.3512294785,264.015282295421,True
XLV,2019-12-05T00:00:00.000Z,88.8020058701,0.05858007004119492,282.8588923839,264.1894212715325,True
XLV,2019-12-06T00:00:00.000Z,89.3895680142,0.06321473951699463,285.4425339559,264.3687895093735,True
XLV,2019-12-09T00:00:00.000Z,88.7663960432,0.04814464417106268,284.5450584624,264.54197164909,True
XLV,2019-12-10T00:00:00.000Z,88.9622500913,0.05478150728349007,284.2277691466,264.714461405731,True
XLV,2019-12-11T00:00:00.000Z,89.0423722018,0.04941768964455462,285.0345905497,264.89152170749,True
XLV,2019-12-12T00:00:00.000Z,89.8703006776,0.05795430727253126,287.4913163954,265.08319020358647,True
XLV,2019-12-13T00:00:00.000Z,89.8079834805,0.05710992350394317,287.6635591669,265.2679415610595,True
XLV,2019-12-16T00:00:00.000Z,90.7783512639,0.046275395033821054,289.6398183342,265.4671339382375,True
XLV,2019-12-17T00:00:00.000Z,90.6804242399,0.04869762174358949,289.7032761974,265.668342325388,True
XLV,2019-12-18T00:00:00.000Z,90.8050586341,0.04305143675175893,289.7214070154,265.877196203234,True
XLV,2019-12-19T00:00:00.000Z,91.1611569033,0.0485357362281007,290.9089755977,266.1023590606325,True
XLV,2019-12-20T00:00:00.000Z,91.8039142791,0.0532325605151307,292.1781328611,266.336326378983,True
XLV,2019-12-23T00:00:00.000Z,92.1704148132,0.0536707176142599,292.6245123239,266.5547337309265,True
XLV,2019-12-24T00:00:00.000Z,92.0542073268,0.04016849950202417,292.6336221088,266.76849279840053,True
XLV,2019-12-26T00:00:00.000Z,91.9916340649,0.04029862983709287,294.1913953361,266.98177064460305,True
XLV,2019-12-27T00:00:00.000Z,92.0184511771,0.03528631984464892,294.1185170565,267.19548875656096,True
XLV,2019-12-30T00:00:00.000Z,91.4695942797,0.032731563104323236,292.4969753345,267.39491626375,True
XLV,2019-12-31T00:00:00.000Z,91.6495462653,0.03935992587712622,293.207538561,267.5933168760165,True
XLV,2020-01-02T00:00:00.000Z,91.8924814458,0.044434748644753164,295.9495838325,267.80511342074453,True
XLV,2020-01-03T00:00:00.000Z,91.0916951099,0.025784206306661117,293.7085767335,268.00952135585646,True
XLV,2020-01-06T00:00:00.000Z,91.6585438646,0.03216749403925134,294.829080283,268.2052538860155,True
XLV,2020-01-07T00:00:00.000Z,91.478591879,0.023369884329994317,294.0000898521,268.4214461861585,True
XLV,2020-01-08T00:00:00.000Z,92.0724334314,0.037244244844536034,295.5669728643,268.64641578305,True
XLV,2020-01-09T00:00:00.000Z,92.4683277998,0.03941084791472527,297.5711255544,268.87206712477,True
XLV,2020-01-10T00:00:00.000Z,92.4953205976,0.03877871074654715,296.7148057687,269.100037039376,True
XLV,2020-01-13T00:00:00.000Z,92.1714070235,0.02560474738095042,298.7553975986,269.3334506055645,True
XLV,2020-01-14T00:00:00.000Z,92.7292581789,0.03252800681171397,298.2999083508,269.55663957985996,True
XLV,2020-01-15T00:00:00.000Z,93.5300445148,0.030312218856019868,298.9740324375,269.7681579667125,True
XLV,2020-01-16T00:00:00.000Z,94.0159148759,0.036782918297512124,301.4610037302,269.99148262223645,True
XLV,2020-01-17T00:00:00.000Z,94.0159148759,0.035359882919498764,302.3993115806,270.21747835625297,True
XLV,2020-01-21T00:00:00.000Z,94.114888468,0.03240120754317766,301.8071755585,270.437101076432,True
XLV,2020-01-22T00:00:00.000Z,94.2318572586,0.026447052923240566,301.8436146983,270.650665013519,True
XLV,2020-01-23T00:00:00.000Z,93.7549844968,0.017191738659432465,302.1897865266,270.864972028932,True
XLV,2020-01-24T00:00:00.000Z,92.1894022221,0.0014686443914513347,299.5023999649,271.072487182479,True
XLV,2020-01-27T00:00:00.000Z,91.4875894782,-0.005479243757583463,294.7015432936,271.2515979381265,True
XLV,2020-01-28T00:00:00.000Z,91.9374694422,-0.0008800597474103444,297.7897603934,271.44650897229695,True
XLV,2020-01-29T00:00:00.000Z,91.6855366624,0.002360810544755232,297.5437961996,271.6314348555405,True
XLV,2020-01-30T00:00:00.000Z,91.0197143157,-0.00687217749858593,298.5094334048,271.8220420082415,True
XLV,2020-01-31T00:00:00.000Z,89.2021992611,-0.02927641241559875,293.0891113566,271.98469446727,True
XLV,2020-02-03T00:00:00.000Z,90.0119831963,-0.011853022520849521,295.2663499608,272.1614209574065,True
XLV,2020-02-04T00:00:00.000Z,91.5955606696,-0.0006871502900268611,299.7665837286,272.3580893660865,True
XLV,2020-02-05T00:00:00.000Z,93.3590901285,0.020556703058868253,303.2283020115,272.57094388798146,True
XLV,2020-02-06T00:00:00.000Z,93.440068522,0.014853904036532084,304.2485979264,272.7771812170455,True
XLV,2020-02-07T00:00:00.000Z,92.7112629803,0.0026272258434907325,302.6270562045,272.9782292808195,True
XLV,2020-02-10T00:00:00.000Z,93.2061309407,0.00768482490257405,304.8862828733,273.191381662241,True
XLV,2020-02-11T00:00:00.000Z,93.7639820961,0.017278406872903274,305.4146504007,273.401069599893,True
XLV,2020-02-12T00:00:00.000Z,93.8809508867,0.012419949543628128,307.382363951,273.61853074540903,True
XLV,2020-02-13T00:00:00.000Z,93.440068522,-0.0009620009620091574,307.0544116926,273.83367864271304,True
XLV,2020-02-14T00:00:00.000Z,93.5120493162,-0.0053593645327505435,307.5463400801,274.0612088892405,True
XLV,2020-02-18T00:00:00.000Z,93.1791381429,-0.008900373241110593,306.7537887891,274.2876050243765,True
XLV,2020-02-19T00:00:00.000Z,93.6110229083,-0.005353728489741805,308.2204641668,274.5085382849235,True
XLV,2020-02-20T00:00:00.000Z,93.0081837566,-0.012985772939207552,306.9542040581,274.728573039414,True
XLV,2020-02-21T00:00:00.000Z,93.0621693522,-0.007389635317188392,303.7931086787,274.9547579905945,True
XLV,2020-02-24T00:00:00.000Z,90.128951987,-0.022350185438192005,293.7176865185,275.1323617960935,True
XLV,2020-02-25T00:00:00.000Z,87.3936818059,-0.044748229739679624,284.8174266175,275.269370526223,True
XLV,2020-02-26T00:00:00.000Z,87.3846842066,-0.049520454100189015,283.7698013476,275.394675655572,True
XLV,2020-02-27T00:00:00.000Z,84.4154764442,-0.07929342492665403,271.0252121956,275.488764807826,True
XLV,2020-02-28T00:00:00.000Z,83.3267669314,-0.08451957295336232,269.8864890763,275.565755965974,True
XLV,2020-03-02T00:00:00.000Z,87.2317250188,-0.02208997377443922,281.5743431735,275.6937331393615,True
XLV,2020-03-03T00:00:00.000Z,85.0633035924,-0.054978008795871225,273.5121834883,275.769546144534,True
XLV,2020-03-04T00:00:00.000Z,89.9669951999,-0.017779960707642872,285.0087321015,275.9111931305785,True
XLV,2020-03-05T00:00:00.000Z,87.879552167,-0.058693138011070234,275.5345557483,276.013955170047,True
XLV,2020-03-06T00:00:00.000Z,87.4116770044,-0.06451612903281045,270.9796632709,276.082448570363,True
XLV,2020-03-09T00:00:00.000Z,82.8678893681,-0.10617236024809207,249.8176328204,276.0490829416895,True
XLV,2020-03-10T00:00:00.000Z,85.7111307405,-0.08041316729441872,262.7444176715,276.09602103294003,True
XLV,2020-03-11T00:00:00.000Z,82.4360046026,-0.12081374148433455,249.9360600248,276.07604379176604,True
XLV,2020-03-12T00:00:00.000Z,76.2816466952,-0.18746405980420555,226.022874518,275.948309093719,True
XLV,2020-03-13T00:00:00.000Z,81.5722350718,-0.12701011073644264,245.3447284075,275.925624701182,True
XLV,2020-03-16T00:00:00.000Z,73.5283813155,-0.21370152987587276,218.4981921452,275.765295293606,True
XLV,2020-03-17T00:00:00.000Z,78.1441497461,-0.1613557358058224,230.2953636619,275.6808338157375,True
XLV,2020-03-18T00:00:00.000Z,75.5528411535,-0.19290657439444425,218.6348389195,275.54121265311653,True
XLV,2020-03-19T00:00:00.000Z,74.0052540774,-0.20431459804580399,219.0994379522,275.377154605377,True
XLV,2020-03-20T00:00:00.000Z,71.1620127049,-0.23532824132239383,209.7123137931,275.1552504487405,True
XLV,2020-03-23T00:00:00.000Z,67.4837788234,-0.2512530398319319,204.3503512245,274.898275039711,True
XLV,2020-03-24T00:00:00.000Z,72.6838823912,-0.16831650882234528,222.8651621451,274.7210774338075,True
XLV,2020-03-25T00:00:00.000Z,73.6515538378,-0.1571571779824864,226.20149441,274.5546348043335,True
XLV,2020-03-26T00:00:00.000Z,78.5441730207,-0.06955245259299137,239.4093372498,274.45454568295446,True
XLV,2020-03-27T00:00:00.000Z,76.8620525623,-0.07758268569836846,232.278385321,274.321091657459,True
XLV,2020-03-30T00:00:00.000Z,80.4614285971,-0.07761277700562375,239.8217959089,274.220011688672,True
XLV,2020-03-31T00:00:00.000Z,80.1087259203,-0.05824577065382952,236.2471541966,274.1024952834195,True
XLV,2020-04-01T00:00:00.000Z,77.0610130466,-0.1434524085707638,225.6148865392,273.931323649472,True
XLV,2020-04-02T00:00:00.000Z,79.195316424,-0.09881975418464928,230.8210313921,273.772578304008,True
XLV,2020-04-03T00:00:00.000Z,78.4808674121,-0.10216952583864125,227.4846991272,273.594187954772,True
XLV,2020-04-06T00:00:00.000Z,82.5957319745,-0.0032842322360965293,242.7640010107,273.4796223591165,True
XLV,2020-04-07T00:00:00.000Z,81.9174575961,-0.04426114918359636,243.0114762061,273.368217618081,True
XLV,2020-04-08T00:00:00.000Z,85.2907421714,0.03462974197453961,251.1689919088,273.29922469489253,True
XLV,2020-04-09T00:00:00.000Z,85.7610124071,0.12426797431073933,254.9911088166,273.262336270908,True
XLV,2020-04-13T00:00:00.000Z,85.0103887617,0.042148577722232794,252.6630088296,273.21511576200703,True
XLV,2020-04-14T00:00:00.000Z,87.8320101759,0.1945320786952336,260.1147619377,273.200506889443,True
XLV,2020-04-15T00:00:00.000Z,87.3798272569,0.11818770235274001,254.5878159055,273.15149562283,True
XLV,2020-04-16T00:00:00.000Z,89.2880391749,0.1817959167610168,255.8160261349,273.0966240834025,True
XLV,2020-04-17T00:00:00.000Z,91.1419891426,0.23156105980363462,262.7270001121,273.0728333463985,True
XLV,2020-04-20T00:00:00.000Z,90.4184964722,0.27060060607271263,258.098297382,273.01520618680047,True
XLV,2020-04-21T00:00:00.000Z,87.6692243251,0.299115518627429,250.2615828587,272.91992945840104,True
XLV,2020-04-22T00:00:00.000Z,89.0076857651,0.22458628841593598,255.8160261349,272.8598242589,True
XLV,2020-04-23T00:00:00.000Z,89.4960433176,0.21512770137468817,255.7976946389,272.79795804482654,True
XLV,2020-04-24T00:00:00.000Z,90.698849882,0.154749568221906,259.3631706033,272.747512488761,True
XLV,2020-04-27T00:00:00.000Z,91.8654818129,0.19519943522766425,263.1027957793,272.712606815428,True
XLV,2020-04-28T00:00:00.000Z,90.0115318452,0.11869169382911271,261.8929170459,272.665605968688,True
XLV,2020-04-29T00:00:00.000Z,90.6084132982,0.13106796116500607,268.7488965353,272.652433841802,True
XLV,2020-04-30T00:00:00.000Z,90.1924050128,0.1704025349142404,266.2466473366,272.6311268915705,True
XLV,2020-05-01T00:00:00.000Z,88.4741099208,0.11716341212809511,259.1981871397,272.583781663242,True
XLV,2020-05-04T00:00:00.000Z,88.4288916289,0.12675731735434725,259.9131154821,272.535093240867,True
XLV,2020-05-05T00:00:00.000Z,90.3461472052,0.09383554144290174,262.314541453,272.5059014963825,True
XLV,2020-05-06T00:00:00.000Z,89.4508250257,0.09196290571838572,260.5363863448,272.4645253799315,True
XLV,2020-05-07T00:00:00.000Z,89.4417813673,0.04866928215442279,263.6802379021,272.42925843854596,True
XLV,2020-05-08T00:00:00.000Z,89.9030079446,0.04829695244079346,268.0431339408,272.40944437329904,True
XLV,2020-05-11T00:00:00.000Z,91.4494735274,0.07574468085012476,268.0981284287,272.3964022378245,True
XLV,2020-05-12T00:00:00.000Z,90.0567501371,0.025329489291484375,262.7544973561,272.3475732773765,True
XLV,2020-05-13T00:00:00.000Z,89.0800350322,0.019457669220394935,258.10746313,272.277990622557,True
XLV,2020-05-14T00:00:00.000Z,90.0567501371,0.008609338600148009,261.1963201994,272.2271909672695,True
XLV,2020-05-15T00:00:00.000Z,90.8164174409,-0.003572137329487246,262.3970331848,272.1972386197035,True
XLV,2020-05-18T00:00:00.000Z,91.5670410864,0.012702540508988891,270.3895654238,272.2189344329795,True
XLV,2020-05-19T00:00:00.000Z,90.4637147641,0.03187538683628954,267.6123437857,272.23676028061897,True
XLV,2020-05-20T00:00:00.000Z,90.5722386647,0.017577728104615664,272.158554784,272.3170208113935,True
XLV,2020-05-21T00:00:00.000Z,89.9030079446,0.004547291834520406,270.279576448,272.369929582305,True
XLV,2020-05-22T00:00:00.000Z,90.0929247706,-0.006680626184216387,270.7928583349,272.424637760744,True
XLV,2020-05-26T00:00:00.000Z,89.9301389198,-0.021067139200789953,274.1291905998,272.470536066529,True
XLV,2020-05-27T00:00:00.000Z,90.8616357328,0.009444388626359546,278.2079484511,272.545851713421,True
XLV,2020-05-28T00:00:00.000Z,92.0463549804,0.015869847289650796,277.6946665642,272.6346177554135,True
XLV,2020-05-29T00:00:00.000Z,93.1587249611,0.03288879975956993,278.9320425416,272.70935792114756,True
XLV,2020-06-01T00:00:00.000Z,92.2362718064,0.04252274353443952,280.0594295432,272.828761883644,True
XLV,2020-06-02T00:00:00.000Z,92.7698476508,0.04908979341409392,282.3783637823,272.956376685392,True
XLV,2020-06-03T00:00:00.000Z,92.5889744832,0.024824824825190994,286.1363204543,273.0838318116135,True
XLV,2020-06-04T00:00:00.000Z,91.8564381545,0.02689313517353087,285.3847291199,273.19182800094245,True
XLV,2020-06-05T00:00:00.000Z,93.3395981286,0.04357937310408988,292.6989960083,273.3465019027865,True
XLV,2020-06-08T00:00:00.000Z,93.9816978735,0.04536766924876812,296.2369747287,273.5082179070485,True
XLV,2020-06-09T00:00:00.000Z,93.0049827686,0.017009493671212184,294.0280294654,273.6592952448275,True
XLV,2020-06-10T00:00:00.000Z,92.8602842345,0.031130749145755088,292.3873605769,273.8360526753635,True
XLV,2020-06-11T00:00:00.000Z,87.6963553002,-0.015532994924169485,275.5315500408,273.914318959054,True
XLV,2020-06-12T00:00:00.000Z,88.2661057781,-0.01988351074487993,278.8312193138,274.014181895905,True
XLV,2020-06-15T00:00:00.000Z,88.4650662624,-0.025891256721618294,281.4342917403,274.1179464075195,True
XLV,2020-06-16T00:00:00.000Z,90.6445879317,-0.010074074074640005,286.8512487967,274.23214725125104,True
XLV,2020-06-17T00:00:00.000Z,90.5541513479,0.0009997000900949793,285.6597015593,274.340976889666,True
XLV,2020-06-18T00:00:00.000Z,90.246666963,-0.0035946080885256304,285.769690535,274.458071609792,True
XLV,2020-06-19T00:00:00.000Z,91.1148581674,0.013479529222723663,284.1439086544,274.55214855996104,True
XLV,2020-06-22T00:00:00.000Z,90.7665027772,0.007476480626143589,285.9667603234,274.638285255477,True
XLV,2020-06-23T00:00:00.000Z,91.1570330573,0.013642747050509385,287.2832643067,274.729966762447,True
XLV,2020-06-24T00:00:00.000Z,88.7775229785,-0.02293721368200785,279.9550323442,274.78433034321546,True
XLV,2020-06-25T00:00:00.000Z,89.6494045341,-0.02604068837718121,282.956293173,274.854016052443,True
XLV,2020-06-26T00:00:00.000Z,88.5595525896,-0.049369206946750954,276.2356784336,274.8805337230115,True
XLV,2020-06-29T00:00:00.000Z,89.3587773489,-0.03119699442687507,280.295666242,274.92265908565946,True
XLV,2020-06-30T00:00:00.000Z,90.8845700712,-0.02032209416465225,283.8861316507,274.983639130536,True
XLV,2020-07-01T00:00:00.000Z,91.5838917356,-0.01085531785193683,285.8746971078,275.0587579543085,True
XLV,2020-07-02T00:00:00.000Z,92.2741313004,0.004547238650789653,287.4489780947,275.1383192333125,True
XLV,2020-07-06T00:00:00.000Z,93.2095875528,-0.0013928769611893932,291.8864250871,275.239255627612,True
XLV,2020-07-07T00:00:00.000Z,92.401280694,-0.016816222895092325,288.8759579367,275.325229921678,True
XLV,2020-07-08T00:00:00.000Z,92.4103627935,-0.006393420625424362,291.0854751113,275.428642195314,True
XLV,2020-07-09T00:00:00.000Z,91.6837948305,-0.01266945727873292,289.4283372303,275.52408606886047,True
XLV,2020-07-10T00:00:00.000Z,91.4658244416,0.042983190447270614,292.3835664514,275.6449126170715,True
XLV,2020-07-13T00:00:00.000Z,91.9835041152,0.04211580769684686,289.8518280221,275.74514824023953,True
XLV,2020-07-14T00:00:00.000Z,93.8090061223,0.06040734592397312,293.608007219,275.8669750361895,True
XLV,2020-07-15T00:00:00.000Z,95.0260074603,0.04833625071914227,296.3054594363,276.0095414204455,True
XLV,2020-07-16T00:00:00.000Z,94.8716117682,0.04767821636042657,295.3295893508,276.1410186490925,True
XLV,2020-07-17T00:00:00.000Z,96.170352002,0.06563882344185235,296.185777256,276.2927772641935,True
XLV,2020-07-20T00:00:00.000Z,96.1521878029,0.05528549060840571,298.5794208618,276.4799835066975,True
XLV,2020-07-21T00:00:00.000Z,96.0886131062,0.058635181109311985,299.2146570495,276.659668747491,True
XLV,2020-07-22T00:00:00.000Z,96.9514125622,0.06356481020238713,300.9178265383,276.830056306995,True
XLV,2020-07-23T00:00:00.000Z,96.5154717844,0.08716112531968223,297.3273611296,276.988248074186,True
XLV,2020-07-24T00:00:00.000Z,95.4528661385,0.06473508256479876,295.4124462449,277.1574890724845,True
XLV,2020-07-27T00:00:00.000Z,96.170352002,0.08593990359989445,297.5667254901,277.3250818566455,True
XLV,2020-07-28T00:00:00.000Z,96.0613668076,0.07500762272663852,295.6794295702,277.4743087333175,True
XLV,2020-07-29T00:00:00.000Z,97.0694798562,0.06805236334566667,299.3159265867,277.627938673355,True
XLV,2020-07-30T00:00:00.000Z,96.3974044904,0.052558508527858594,298.2479932856,277.77772473937597,True
XLV,2020-07-31T00:00:00.000Z,95.8433964187,0.03868110236313349,300.6048116052,277.926014072774,True
XLV,2020-08-03T00:00:00.000Z,96.8333452682,0.038877521192197895,302.6946465995,278.0869282793095,True
XLV,2020-08-04T00:00:00.000Z,96.40648659,0.043345783369213464,303.8638494378,278.2496997200655,True
XLV,2020-08-05T00:00:00.000Z,96.8515094673,0.04805896805885479,305.7511453577,278.42784548333196,True
XLV,2020-08-06T00:00:00.000Z,96.3338297937,0.05071817731581385,307.7949487442,278.6070542004165,True
XLV,2020-08-07T00:00:00.000Z,96.642621178,0.05659815311351979,308.0159004617,278.7918097265105,True
XLV,2020-08-10T00:00:00.000Z,96.3156655946,0.04709715639854739,308.9365326178,278.977224960459,True
XLV,2020-08-11T00:00:00.000Z,95.7071649256,0.02023429179950309,306.3863815454,279.1476684138345,True
XLV,2020-08-12T00:00:00.000Z,97.3146965437,0.02408487049565,310.6581147497,279.33389530668154,True
XLV,2020-08-13T00:00:00.000Z,97.1875471502,0.024411257897236194,310.0965291345,279.5096086737815,True
XLV,2020-08-14T00:00:00.000Z,96.9968230599,0.008593823779316168,310.105735456,279.6857760158955,True
XLV,2020-08-17T00:00:00.000Z,97.5689953308,0.014735052423396677,311.090811863,279.862653324848,True
XLV,2020-08-18T00:00:00.000Z,97.5417490322,0.015122873346022248,311.762873337,280.0465624318255,True
XLV,2020-08-19T00:00:00.000Z,97.2238755483,0.0028103044494085516,310.4647819969,280.211244182423,True
XLV,2020-08-20T00:00:00.000Z,96.9150841641,0.004140397102266213,311.4314457608,280.37518402529,True
XLV,2020-08-21T00:00:00.000Z,97.014987259,0.016365366318423558,312.5362043481,280.5461887806275,True
XLV,2020-08-24T00:00:00.000Z,96.5699643817,0.004155255454318052,315.703178965,280.7327111197335,True
XLV,2020-08-25T00:00:00.000Z,97.2238755483,0.012101730168261993,316.8079375523,280.91986193090304,True
XLV,2020-08-26T00:00:00.000Z,97.1058082544,0.00037425149752334796,319.9841184908,281.1194487913355,True
XLV,2020-08-27T00:00:00.000Z,97.8687046155,0.015262860373450371,320.6837989295,281.3252083496235,True
XLV,2020-08-28T00:00:00.000Z,98.0866750044,0.023405666634559452,322.7552212806,281.5383787617345,True
XLV,2020-08-31T00:00:00.000Z,98.3228095924,0.0153817295072749,321.5860184424,281.745249889203,True
XLV,2020-09-01T00:00:00.000Z,97.4418459372,0.010739519547094512,324.6148982359,281.9652256986085,True
XLV,2020-09-02T00:00:00.000Z,99.3944973378,0.026256564141197813,329.310122232,282.198524369887,True
XLV,2020-09-03T00:00:00.000Z,96.6880316756,0.0036768171955638973,317.9771403906,282.37411560992047,True
XLV,2020-09-04T00:00:00.000Z,95.9977921108,-0.0066723052348954814,315.3809577104,282.5371338799595,True
XLV,2020-09-08T00:00:00.000Z,94.4175067913,-0.019707685053950597,306.7638407294,282.6623245023275,True
XLV,2020-09-09T00:00:00.000Z,96.0886131062,0.0039855760109133165,312.8216003165,282.82007027488703,True
XLV,2020-09-10T00:00:00.000Z,94.6173129811,-0.0277181521229809,307.3898705956,282.9475298327285,True
XLV,2020-09-11T00:00:00.000Z,94.9896790621,-0.02261470890610373,307.5463780621,283.064848110028,True
XLV,2020-09-14T00:00:00.000Z,96.3519939928,-0.006647940074303027,311.5971595489,283.199202074558,True
XLV,2020-09-15T00:00:00.000Z,96.4791433863,-0.011170064227933874,313.1714405358,283.33508165770496,True
XLV,2020-09-16T00:00:00.000Z,96.3156655946,-0.01256983240268994,311.9285871251,283.470050238078,True
XLV,2020-09-17T00:00:00.000Z,95.9977921108,-0.01261092947164899,309.1851032999,283.60340372037297,True
XLV,2020-09-18T00:00:00.000Z,95.8524785182,-0.010964295755042097,305.6399550885,283.7285048140415,True
XLV,2020-09-21T00:00:00.000Z,94.08906356,-0.03015950196631667,302.2383067149,283.8279402002235,True
XLV,2020-09-22T00:00:00.000Z,93.8884472198,-0.027767610551259092,305.3164287486,283.940227882047,True
XLV,2020-09-23T00:00:00.000Z,92.921841217,-0.04424874350089858,298.2358237101,284.004194330818,True
XLV,2020-09-24T00:00:00.000Z,92.4567760647,-0.047875943501962004,299.0307741452,284.076622909232,True
XLV,2020-09-25T00:00:00.000Z,93.9431607671,-0.04011030761899226,303.865182024,284.17480997361895,True
XLV,2020-09-28T00:00:00.000Z,94.7912207508,-0.033597369402645016,308.9121929261,284.294197985501,True
XLV,2020-09-29T00:00:00.000Z,94.6726747316,-0.037123988583440015,307.2298559587,284.3928906833175,True
XLV,2020-09-30T00:00:00.000Z,96.1864162077,-0.012883886973047542,309.5592456058,284.50236911551195,True
XLV,2020-10-01T00:00:00.000Z,95.8581349237,-0.035579056273924214,311.5466216937,284.61190313230946,True
XLV,2020-10-02T00:00:00.000Z,94.9827181664,-0.017637276089366716,308.5886665862,284.7063300842535,True
XLV,2020-10-05T00:00:00.000Z,96.9341680212,0.009754140067296913,314.060883535,284.8280274668515,True
XLV,2020-10-06T00:00:00.000Z,95.648399659,0.01303670166191484,309.5962200447,284.92146368908647,True
XLV,2020-10-07T00:00:00.000Z,97.4539467209,0.014209109389382135,314.9852445061,285.03549924731146,True
XLV,2020-10-08T00:00:00.000Z,97.9281307977,0.03499167025871208,317.7768146388,285.161260758886,True
XLV,2020-10-09T00:00:00.000Z,98.8126664796,0.040246345237156866,320.61460282,285.301165662442,True
XLV,2020-10-12T00:00:00.000Z,99.4874668967,0.032541857972698374,325.7725370386,285.45907137095446,True
XLV,2020-10-13T00:00:00.000Z,98.7305961586,0.02333616047237519,323.6465068051,285.6067113196975,True
XLV,2020-10-14T00:00:00.000Z,98.1561039116,0.019108400545623905,321.6129126688,285.75229100636903,True
XLV,2020-10-15T00:00:00.000Z,97.4448277963,0.015073635066834123,321.2154374512,285.89233050082,True
XLV,2020-10-16T00:00:00.000Z,98.4114337992,0.026696808685172435,321.0213216473,286.017689189894,True
XLV,2020-10-19T00:00:00.000Z,96.8520977002,0.02936615623172867,316.14069572,286.1298497848265,True
XLV,2020-10-20T00:00:00.000Z,96.979762644,0.03292540792546084,317.4070702503,286.242739734663,True
XLV,2020-10-21T00:00:00.000Z,96.4964596426,0.03846908734031884,316.8062356191,286.356770463498,True
XLV,2020-10-22T00:00:00.000Z,97.9554875714,0.05947332083969781,318.5440342448,286.4716557704005,True
XLV,2020-10-23T00:00:00.000Z,98.3202445536,0.04659289458390159,319.6255365809,286.581927825533,True
XLV,2020-10-26T00:00:00.000Z,97.225973607,0.025685425685157304,313.7188699757,286.666948146568,True
XLV,2020-10-27T00:00:00.000Z,96.5602921145,0.019938354844747597,312.6373676395,286.7363579967725,True
XLV,2020-10-28T00:00:00.000Z,93.4963334639,-0.027967387182730397,301.9517548138,286.7546172290875,True
XLV,2020-10-29T00:00:00.000Z,92.7303438013,-0.0326293759511348,305.0206332378,286.784850233089,True
XLV,2020-10-30T00:00:00.000Z,92.7029870276,-0.02400153609845268,301.8408314973,286.78674937192454,True
XLV,2020-11-02T00:00:00.000Z,94.3717502212,-0.026434619002863702,305.2239926515,286.800872777279,True
XLV,2020-11-03T00:00:00.000Z,95.7487078291,0.0010487177041915707,310.6130171129,286.844901985051,True
XLV,2020-11-04T00:00:00.000Z,99.9981266718,0.026106484514027084,317.5549680057,286.923458751588,True
XLV,2020-11-05T00:00:00.000Z,100.198743012,0.023186516436126237,323.748186512,287.031250751515,True
XLV,2020-11-06T00:00:00.000Z,100.2352187102,0.014396456256887902,323.6742376343,287.152109939862,True
XLV,2020-11-09T00:00:00.000Z,101.1744679394,0.016956920256615327,327.741425907,287.317309352929,True
XLV,2020-11-10T00:00:00.000Z,101.4662735251,0.02770850651104584,327.2607582021,287.4646643419725,True
XLV,2020-11-11T00:00:00.000Z,101.3386085814,0.032422891119091135,329.691827556,287.6254044987545,True
XLV,2020-11-12T00:00:00.000Z,100.9647326746,0.03612202882289517,326.4935385961,287.765325024711,True
XLV,2020-11-13T00:00:00.000Z,102.2413821123,0.03891771682663103,331.0136637447,287.9549477866515,True
XLV,2020-11-16T00:00:00.000Z,102.0681225458,0.053855569156032956,335.1455572854,288.15434382327453,True
XLV,2020-11-17T00:00:00.000Z,101.4024410533,0.04560413728310575,333.3430533918,288.3222261715905,True
XLV,2020-11-18T00:00:00.000Z,99.5148236703,0.03127953127896399,329.3313267773,288.4527412954195,True
XLV,2020-11-19T00:00:00.000Z,99.4418722739,0.01517408303865131,330.7178682339,288.585087646957,True
XLV,2020-11-20T00:00:00.000Z,99.21389916,0.009089222778659867,328.4531838548,288.71421828520846,True
XLV,2020-11-23T00:00:00.000Z,98.9585692725,0.017820296379889022,330.4220727232,288.84189723445803,True
XLV,2020-11-24T00:00:00.000Z,99.2503748582,0.027859099064345694,335.7463919166,288.9935559420375,True
XLV,2020-11-25T00:00:00.000Z,98.885617876,0.05764166585399688,335.2287497728,289.1327878711465,True
XLV,2020-11-27T00:00:00.000Z,99.7975103315,0.07621201691372281,336.1623543536,289.27832758445146,True
XLV,2020-11-30T00:00:00.000Z,100.0710780682,0.07948062168057568,334.6741331902,289.413966550002,True
XLV,2020-12-01T00:00:00.000Z,100.9100191273,0.06928205623796124,338.3346026356,289.5718706192345,True
XLV,2020-12-02T00:00:00.000Z,101.6668898654,0.061809523809587485,339.0463605834,289.72600010131754,True
XLV,2020-12-03T00:00:00.000Z,101.5392249216,0.015411271201689392,338.9539244863,289.8859987034585,True
XLV,2020-12-04T00:00:00.000Z,102.6243769436,0.02420822715619808,341.8749051549,290.0764076858395,True
XLV,2020-12-07T00:00:00.000Z,101.9951711493,0.017558224162590674,341.1723908169,290.3136812073315,True
XLV,2020-12-08T00:00:00.000Z,102.7702797365,0.01577287066195221,342.1707006656,290.600447577572,True
XLV,2020-12-09T00:00:00.000Z,102.4146416789,0.009346634313572189,339.1018222416,290.877107682042,True
XLV,2020-12-10T00:00:00.000Z,102.2413821123,0.008908485556863077,338.9908989251,291.2169361156895,True
XLV,2020-12-11T00:00:00.000Z,101.8401494319,0.008670520231271128,338.5934237075,291.56047078884546,True
XLV,2020-12-14T00:00:00.000Z,101.0741597693,-0.011416339635529904,337.077471715,291.837986431553,True
XLV,2020-12-15T00:00:00.000Z,102.1684307159,0.0009827570802529717,341.6345713024,292.1785983706235,True
XLV,2020-12-16T00:00:00.000Z,101.8675062056,0.004586330935125504,342.1707006656,292.464408213444,True
XLV,2020-12-17T00:00:00.000Z,102.9617771522,0.03463758819811624,344.0841278758,292.8071560740815,True
XLV,2020-12-18T00:00:00.000Z,103.0438474732,0.03622191655220264,342.7160736386,293.16583812592,True
XLV,2020-12-21T00:00:00.000Z,102.0173675236,0.028256810661970944,341.4906951858,293.62420343774704,True
XLV,2020-12-22T00:00:00.000Z,101.7060318719,0.02776376638827882,340.9151386398,294.0150570425885,True
XLV,2020-12-23T00:00:00.000Z,101.7792873193,0.025480130072184304,341.221483253,294.4714841587295,True
XLV,2020-12-24T00:00:00.000Z,102.0723091092,0.03222603348846986,342.5489765768,295.05411466902353,True
XLV,2020-12-28T00:00:00.000Z,102.3287031753,0.025363286472699365,345.4917414976,295.554849734474,True
XLV,2020-12-29T00:00:00.000Z,102.8140205148,0.027409942008725485,344.8326364207,296.1865219558515,True
XLV,2020-12-30T00:00:00.000Z,102.7957066529,0.01868682160510904,345.3246444358,296.761668359721,True
XLV,2020-12-31T00:00:00.000Z,103.876224503,0.02173111266140837,347.0791635841,297.403889983044,True
XLV,2021-01-04T00:00:00.000Z,103.4275348873,0.01859685227219332,342.3540300048,298.020162943307,True
XLV,2021-01-05T00:00:00.000Z,104.1784032238,0.015142857150344247,344.7119552094,298.69516115038846,True
XLV,2021-01-06T00:00:00.000Z,105.6068844493,0.035410630320068526,346.7728189709,299.4072734891205,True
XLV,2021-01-07T00:00:00.000Z,106.9804240892,0.04096655534552096,351.9249783747,300.05257257026847,True
XLV,2021-01-08T00:00:00.000Z,107.4932122215,0.04958832506120392,353.9301431157,300.691215813797,True
XLV,2021-01-11T00:00:00.000Z,107.9968434228,0.05629287468139177,351.5443684008,301.251890969552,True
XLV,2021-01-12T00:00:00.000Z,106.8247562634,0.04894539981830226,351.6186337615,301.8485922117545,True
XLV,2021-01-13T00:00:00.000Z,107.1177780532,0.05979390081198255,352.5655171114,302.412310817767,True
XLV,2021-01-14T00:00:00.000Z,106.7789716087,0.045126864144762635,351.3308554885,302.9877293242265,True
XLV,2021-01-15T00:00:00.000Z,107.1086211223,0.05145031140864309,348.7687005418,303.6034983942395,True
XLV,2021-01-19T00:00:00.000Z,107.9144310444,0.04810186876319067,351.5072357204,304.206929415881,True
XLV,2021-01-20T00:00:00.000Z,108.509631555,0.05304328415358861,356.3716168512,304.85136400450097,True
XLV,2021-01-21T00:00:00.000Z,107.9968434228,0.05861233282476874,356.6965278046,305.4210266384705,True
XLV,2021-01-22T00:00:00.000Z,107.6763508401,0.058701719635662286,355.4340166714,305.983139340797,True
XLV,2021-01-25T00:00:00.000Z,108.381434522,0.06486729644694678,356.835775356,306.511473258033,True
XLV,2021-01-26T00:00:00.000Z,107.9785295609,0.05786310217966495,356.2787851502,307.017911639701,True
XLV,2021-01-27T00:00:00.000Z,104.7003482869,0.023176733780521985,347.5711715993,307.4924524535495,True
XLV,2021-01-28T00:00:00.000Z,106.2295557527,0.033220520127489106,350.5603523705,307.94468040571354,True
XLV,2021-01-29T00:00:00.000Z,105.3321765213,0.024674861927499014,343.5422757772,308.389452705072,True
XLV,2021-02-01T00:00:00.000Z,105.7350814824,0.01789492242612578,349.2607085569,308.856676117182,True
XLV,2021-02-02T00:00:00.000Z,106.0372602031,0.025232403717672547,354.1993550485,309.314037891864,True
XLV,2021-02-03T00:00:00.000Z,105.2863918667,0.010635492660794332,354.4778501514,309.795935655711,True
XLV,2021-02-04T00:00:00.000Z,105.7259245514,0.0011272002078344112,358.5067459735,310.337161471285,True
XLV,2021-02-05T00:00:00.000Z,105.918220101,-0.009928956603446726,359.9177878282,310.8576702797515,True
XLV,2021-02-08T00:00:00.000Z,106.0464171341,-0.01345940880823937,362.5170754553,311.39126718383346,True
XLV,2021-02-09T00:00:00.000Z,106.2020849599,-0.016618619637554066,362.2757130328,311.905829895981,True
XLV,2021-02-10T00:00:00.000Z,106.3943805095,-0.004028801646304037,362.1178991412,312.4009054127905,True
XLV,2021-02-11T00:00:00.000Z,106.5958329901,-0.004872627798914619,362.7027388573,312.9049545218475,True
XLV,2021-02-12T00:00:00.000Z,107.3924859812,0.005745647886067573,364.494390686,313.383681992601,True
XLV,2021-02-16T00:00:00.000Z,106.330281993,-0.007266820552299547,364.1787629027,313.8733425704315,True
XLV,2021-02-17T00:00:00.000Z,106.7148730922,-0.01111582520141785,364.2623114336,314.398663191901,True
XLV,2021-02-18T00:00:00.000Z,106.0464171341,-0.02270042194043831,362.7120220274,314.9126577246275,True
XLV,2021-02-19T00:00:00.000Z,104.7644468035,-0.029930473121750456,362.0714832907,315.411442433816,True
XLV,2021-02-22T00:00:00.000Z,104.5172096683,-0.029339229525816135,359.2865322616,315.9051931634,True
XLV,2021-02-23T00:00:00.000Z,104.3432279806,-0.037259209192145315,359.7228412562,316.3854061801705,True
XLV,2021-02-24T00:00:00.000Z,105.0666255243,-0.026967435548913343,363.6867548875,316.863624284904,True
XLV,2021-02-25T00:00:00.000Z,104.013578467,-0.00655938429180869,354.923442316,317.2977508543405,True
XLV,2021-02-26T00:00:00.000Z,103.1161992355,-0.02930781829162321,353.0946578069,317.7494516565945,True
XLV,2021-03-01T00:00:00.000Z,104.4622680827,-0.008258715117541282,361.6537406363,318.267183044126,True
XLV,2021-03-02T00:00:00.000Z,104.1600893619,-0.01489564389054887,358.8316569269,318.7553597277635,True
XLV,2021-03-03T00:00:00.000Z,102.8414913076,-0.030138169256532565,354.0786738372,319.21376793102553,True
XLV,2021-03-04T00:00:00.000Z,101.4587947367,-0.036354148547952936,349.6970175515,319.610305191664,True
XLV,2021-03-05T00:00:00.000Z,103.4916334038,-0.021132859864600007,356.1302544286,320.05289474487853,True
XLV,2021-03-08T00:00:00.000Z,103.2352393377,-0.025330682112497782,354.3571689401,320.463887815659,True
XLV,2021-03-09T00:00:00.000Z,103.8395967792,-0.020809947328153333,359.416496643,320.909572416634,True
XLV,2021-03-10T00:00:00.000Z,104.0776769835,-0.020003448870162477,361.6537406363,321.363876828141,True
XLV,2021-03-11T00:00:00.000Z,104.7095052179,-0.01583613047542065,365.3205928246,321.81983383926496,True
XLV,2021-03-12T00:00:00.000Z,104.9384284912,-0.015548492397952751,365.8126008397,322.257857101208,True
XLV,2021-03-15T00:00:00.000Z,105.6618260349,-0.016115279672387572,367.9941458125,322.7093544974495,True
XLV,2021-03-16T00:00:00.000Z,105.5977275184,-0.006889424732723026,367.5299873077,323.15234422128,True
XLV,2021-03-17T00:00:00.000Z,105.2131364192,-0.014072421486202025,368.7832152708,323.595963149918,True
XLV,2021-03-18T00:00:00.000Z,104.9933700768,-0.009930057853518748,363.4175429547,324.00115904578,True
XLV,2021-03-19T00:00:00.000Z,105.368804245,0.00576872650922855,362.7471012705,324.38421294986097,True
XLV,2021-03-22T00:00:00.000Z,106.2821788034,0.016886875766214837,365.6436389232,324.7855074988775,True
XLV,2021-03-23T00:00:00.000Z,105.2071364485,0.008279487654537787,362.7657285223,325.1358411614475,True
XLV,2021-03-24T00:00:00.000Z,105.0876872979,0.00020046112164462393,360.9216305956,325.45926444078196,True
XLV,2021-03-25T00:00:00.000Z,105.5287303153,0.014566865890309755,362.9520010402,325.803884298656,True
XLV,2021-03-26T00:00:00.000Z,107.5226122899,0.04273250068436374,368.8009581008,326.18595228627555,True
XLV,2021-03-29T00:00:00.000Z,108.0279740807,0.0341339132630849,368.614685583,326.6513679639865,True
XLV,2021-03-30T00:00:00.000Z,107.0540040839,0.027783335630072292,367.6367548642,327.0953956417385,True
XLV,2021-03-31T00:00:00.000Z,107.2653371964,0.0430161584838189,369.1269350071,327.5338588580725,True
XLV,2021-04-01T00:00:00.000Z,106.9437433296,0.05406084910760289,373.1131668892,327.965168448535,True
XLV,2021-04-05T00:00:00.000Z,107.6880034215,0.040547915610982255,378.4685017775,328.429212449626,True
XLV,2021-04-06T00:00:00.000Z,107.2745255926,0.03912701012574615,378.2449747561,328.8915888707315,True
XLV,2021-04-07T00:00:00.000Z,107.0356272915,0.030778533540494424,378.682715173,329.36428290332447,True
XLV,2021-04-08T00:00:00.000Z,107.2010184231,0.030009715148572758,380.4802449703,329.836850326559,True
XLV,2021-04-09T00:00:00.000Z,108.3771331362,0.03502669514737633,383.2463918605,330.3166659643281,True
XLV,2021-04-12T00:00:00.000Z,108.4873938906,0.03381950206827811,383.3860962489,330.8338212838515,True
XLV,2021-04-13T00:00:00.000Z,108.9376253042,0.03100267515931443,384.5223586078,331.34165161102544,True
XLV,2021-04-14T00:00:00.000Z,108.928436908,0.03154148737736451,383.2091373569,331.876518905642,True
XLV,2021-04-15T00:00:00.000Z,110.7936813358,0.05304038171018366,387.3257600015,332.4116693744395,True
XLV,2021-04-16T00:00:00.000Z,111.6206369935,0.06312081336042752,388.6203540006,332.9353404861889,True
XLV,2021-04-19T00:00:00.000Z,111.6482021821,0.05959446899007559,386.7110606926,333.439522304113,True
XLV,2021-04-20T00:00:00.000Z,112.0800568033,0.05455174202464241,383.8797184212,333.92167600574544,True
XLV,2021-04-21T00:00:00.000Z,113.4031858556,0.07790393013036767,387.5120325193,334.39980404290645,True
XLV,2021-04-22T00:00:00.000Z,112.8978240648,0.0743201888605658,383.9728546801,334.8752885266235,True
XLV,2021-04-23T00:00:00.000Z,113.6420841567,0.0768828907270922,388.1360454541,335.36054137833753,True
XLV,2021-04-26T00:00:00.000Z,113.2561715165,0.05332421808299559,388.9463309068,335.85813134672,True
XLV,2021-04-27T00:00:00.000Z,112.6037953865,0.042357744322611524,388.8625082738,336.34052605583196,True
XLV,2021-04-28T00:00:00.000Z,112.2638247273,0.048665350614228275,388.7507447631,336.83502063953705,True
XLV,2021-04-29T00:00:00.000Z,111.8135933136,0.04240191879388089,391.2281692505,337.3231214496945,True
XLV,2021-04-30T00:00:00.000Z,111.4828110506,0.042443508892433535,388.6576085041,337.7848821950335,True
XLV,2021-05-03T00:00:00.000Z,112.7508097257,0.04701365187711515,389.4958348345,338.255713422452,True
XLV,2021-05-04T00:00:00.000Z,112.8702588762,0.05216274089946671,387.0929193542,338.710249132943,True
XLV,2021-05-05T00:00:00.000Z,113.0724035925,0.05639969096046382,387.2139964908,339.15342201108797,True
XLV,2021-05-06T00:00:00.000Z,113.2194179317,0.056141253106818834,390.3061202872,339.6088793272765,True
XLV,2021-05-07T00:00:00.000Z,114.0004316084,0.05188639253940286,393.1467761844,340.07002407550704,True
XLV,2021-05-10T00:00:00.000Z,114.1474459475,0.05217244007730204,389.2536805613,340.5296556726655,True
XLV,2021-05-11T00:00:00.000Z,112.9162008572,0.03652159244237363,385.7796981033,340.9814919319575,True
XLV,2021-05-12T00:00:00.000Z,111.8503468984,0.026824124841411612,377.5837073177,341.3815768410955,True
XLV,2021-05-13T00:00:00.000Z,112.86107048,0.018659810914072095,382.1194431274,341.8137769088815,True
XLV,2021-05-14T00:00:00.000Z,113.4307510442,0.016216661178930503,387.9870274399,342.2571324131475,True
XLV,2021-05-17T00:00:00.000Z,113.2194179317,0.014072915809583142,386.9997830952,342.7008913621955,True
XLV,2021-05-18T00:00:00.000Z,113.2561715165,0.010493523529025994,383.6655050256,343.1161948292975,True
XLV,2021-05-19T00:00:00.000Z,113.0632151963,-0.002997893372527427,382.6596334292,343.516019763446,True
XLV,2021-05-20T00:00:00.000Z,114.2485183057,0.011963864247062306,386.7762560738,343.930581796626,True
XLV,2021-05-21T00:00:00.000Z,114.2668950981,0.005498059508821207,386.4595927935,344.334124033805,True
XLV,2021-05-24T00:00:00.000Z,114.3771558524,0.009897777056119939,390.3992565461,344.7471455728145,True
XLV,2021-05-25T00:00:00.000Z,114.0371851932,0.012729498164604891,389.5330893381,345.1547315171966,True
XLV,2021-05-26T00:00:00.000Z,113.375620667,0.00990342118131693,390.3061202872,345.5615794555435,True
XLV,2021-05-27T00:00:00.000Z,113.1275339697,0.011751171008473227,390.5110200568,345.9822026481005,True
XLV,2021-05-28T00:00:00.000Z,113.5685769871,0.01870930520000358,391.2095419988,346.384959784346,True
XLV,2021-06-01T00:00:00.000Z,111.7033325593,-0.009290196398130557,390.8649378407,346.788801827877,True
XLV,2021-06-02T00:00:00.000Z,111.4828110506,-0.012292412894363891,391.4796371496,347.195671336345,True
XLV,2021-06-03T00:00:00.000Z,111.8227817098,-0.011051519583889724,390.0267115104,347.590350834582,True
XLV,2021-06-04T00:00:00.000Z,112.1811291615,-0.009170589190154232,393.5938302273,347.9995056190335,True
XLV,2021-06-07T00:00:00.000Z,112.5854185941,-0.01241234786865264,393.2119715657,348.4132415668775,True
XLV,2021-06-08T00:00:00.000Z,112.2362595387,-0.016743137728013835,393.2957941987,348.822563309067,True
XLV,2021-06-09T00:00:00.000Z,113.3204902898,0.003580437789536539,392.7090357675,349.22342746616397,True
XLV,2021-06-10T00:00:00.000Z,115.2592418873,0.030477285796855824,394.5345064425,349.61758410355156,True
XLV,2021-06-11T00:00:00.000Z,114.4414746258,0.014003093706966618,395.186460255,350.00947671706496,True
XLV,2021-06-14T00:00:00.000Z,114.542546984,0.00980153908499437,396.0712547148,350.38991239818495,True
XLV,2021-06-15T00:00:00.000Z,114.5793005687,0.012011037168733418,395.3447918951,350.7632173630129,True
XLV,2021-06-16T00:00:00.000Z,114.1382575513,0.007788414732626592,393.1374625586,351.115128569403,True
XLV,2021-06-17T00:00:00.000Z,115.01115519,0.01722876879379376,393.0070717961,351.4722338361715,True
XLV,2021-06-18T00:00:00.000Z,113.6972145339,-0.004825478526774951,387.7224040442,351.78777136521296,True
XLV,2021-06-21T00:00:00.000Z,115.0578598078,0.006922081054367979,393.2730429144,352.107585968625,True
XLV,2021-06-22T00:00:00.000Z,115.3069027944,0.008128781792754225,395.3755576379,352.4945780548615,True
XLV,2021-06-23T00:00:00.000Z,114.8272644499,0.006928259894888322,394.8989876339,352.89216820447905,True
XLV,2021-06-24T00:00:00.000Z,115.4175885663,0.01801064362238458,397.2351151046,353.34452457635496,True
XLV,2021-06-25T00:00:00.000Z,115.9433459824,0.024890598370633565,398.6461360968,353.7736472552565,True
XLV,2021-06-28T00:00:00.000Z,116.1185984545,0.022453582980877185,399.4497639467,354.23394672201204,True
XLV,2021-06-29T00:00:00.000Z,116.2477318549,0.04068275486040229,399.664687674,354.6945382700715,True
XLV,2021-06-30T00:00:00.000Z,116.1739413404,0.04207940439957847,400.0010900298,355.13655792247596,True
XLV,2021-07-01T00:00:00.000Z,117.207008544,0.048149641351017625,402.2157388719,355.5817794141565,True
XLV,2021-07-02T00:00:00.000Z,118.3323138909,0.05483261556892094,405.2900826233,356.0485868916475,True
XLV,2021-07-06T00:00:00.000Z,118.2216281191,0.0500616296087153,404.5518663425,356.5254207068605,True
XLV,2021-07-07T00:00:00.000Z,118.9687570789,0.0599850491086491,405.9815763546,357.027128813191,True
XLV,2021-07-08T00:00:00.000Z,118.3138662622,0.044064193153684705,402.6736198562,357.52930537889756,True
XLV,2021-07-09T00:00:00.000Z,118.7197140923,0.030023381625081447,406.9720944021,358.037583707165,True
XLV,2021-07-12T00:00:00.000Z,118.9503094502,0.0393986082330986,408.4298379438,358.5885537783335,True
XLV,2021-07-13T00:00:00.000Z,118.8396236784,0.037515113881658735,407.0375059713,359.1285874374639,True
XLV,2021-07-14T00:00:00.000Z,118.7289379066,0.03621629140083571,407.6448991137,359.6474860229125,True
XLV,2021-07-15T00:00:00.000Z,118.3138662622,0.03658377830959303,406.2525671412,360.134187893988,True
XLV,2021-07-16T00:00:00.000Z,118.6366997634,0.03152341672779957,403.0660892712,360.61336906055044,True
XLV,2021-07-19T00:00:00.000Z,117.3914848304,0.03249217944031968,397.1136364761,361.05114101490204,True
XLV,2021-07-20T00:00:00.000Z,118.8211760498,0.03270803270881695,402.8044429945,361.507430121406,True
XLV,2021-07-21T00:00:00.000Z,119.0148761504,0.03215742740581251,406.0656769435,361.99481517319253,True
XLV,2021-07-22T00:00:00.000Z,119.8911385107,0.0440999277049694,406.9160273428,362.45909089223153,True
XLV,2021-07-23T00:00:00.000Z,121.2747106585,0.050747222888264165,411.1023677702,362.966621630859,True
XLV,2021-07-26T00:00:00.000Z,120.4906864414,0.03922036595088674,412.1115748375,363.452253282516,True
XLV,2021-07-27T00:00:00.000Z,121.0533391148,0.04249741838068788,410.2333283511,363.9145358510775,True
XLV,2021-07-28T00:00:00.000Z,121.4868583878,0.04506863445249376,410.0651271732,364.3617884728435,True
XLV,2021-07-29T00:00:00.000Z,121.782020446,0.04827312425570396,411.7658279718,364.7917549275095,True
XLV,2021-07-30T00:00:00.000Z,121.8927062178,0.03997796490165495,409.766102857,365.222352907769,True
XLV,2021-08-02T00:00:00.000Z,122.0587348755,0.03149115285648585,408.9064079478,365.658820384164,True
XLV,2021-08-03T00:00:00.000Z,123.7559167101,0.04681282671411524,412.233053466,366.11390846423797,True
XLV,2021-08-04T00:00:00.000Z,123.230159294,0.03581950690023472,410.2052948215,366.5598283301089,True
XLV,2021-08-05T00:00:00.000Z,122.7228495064,0.03726514383723267,412.8030685688,367.04314019435304,True
XLV,2021-08-06T00:00:00.000Z,122.6213875489,0.032864579286019824,413.4852177902,367.52353093205255,True
XLV,2021-08-09T00:00:00.000Z,123.0918020792,0.034816997518899884,413.1488154344,368.00524383112895,True
XLV,2021-08-10T00:00:00.000Z,122.8058638353,0.03337472834509558,413.662763478,368.480837477295,True
XLV,2021-08-11T00:00:00.000Z,121.5883203453,0.024083281541264823,414.690659565,368.9561630922155,True
XLV,2021-08-12T00:00:00.000Z,122.5475970344,0.035783893350399554,415.9334793794,369.467236139234,True
XLV,2021-08-13T00:00:00.000Z,123.3131736228,0.03941844192165145,416.6903846799,369.98750122443596,True
XLV,2021-08-16T00:00:00.000Z,124.7151933992,0.06238705115094878,417.6715582176,370.566100241455,True
XLV,2021-08-17T00:00:00.000Z,126.1910036902,0.06202453035232702,414.933616822,371.115665159376,True
XLV,2021-08-18T00:00:00.000Z,124.2724503119,0.0441757730760981,410.3921850191,371.65842192698494,True
XLV,2021-08-19T00:00:00.000Z,124.8351029854,0.041237113402328385,411.0276116911,372.187440022183,True
XLV,2021-08-20T00:00:00.000Z,125.5453366879,0.03521448128972038,414.29819015,372.7058658873685,True
XLV,2021-08-23T00:00:00.000Z,125.5914557595,0.04233330781612499,417.9425490042,373.207803792361,True
XLV,2021-08-24T00:00:00.000Z,125.1487126722,0.03383114904014506,418.6060092058,373.68209290583,True
XLV,2021-08-25T00:00:00.000Z,124.8074315424,0.02733277655431965,419.4843931348,374.1611436833325,True
XLV,2021-08-26T00:00:00.000Z,124.3185693835,0.020828599560185124,417.0080980159,374.607477043877,True
XLV,2021-08-27T00:00:00.000Z,124.1802121688,0.018766553159568433,420.736557459,375.07485604016154,True
XLV,2021-08-30T00:00:00.000Z,124.881222057,0.023124008161963472,422.5867704157,375.53933075446,True
XLV,2021-08-31T00:00:00.000Z,124.7151933992,0.007751360214535152,421.9606882536,376.01666650274746,True
XLV,2021-09-01T00:00:00.000Z,124.7520886565,0.012350299400887943,422.1849564908,376.472522966478,True
XLV,2021-09-02T00:00:00.000Z,126.0895417327,0.027433295754140996,423.4838433645,376.9142143968735,True
XLV,2021-09-03T00:00:00.000Z,126.2278989474,0.02941176470590645,423.3810537558,377.3644043986935,True
XLV,2021-09-07T00:00:00.000Z,125.489993802,0.019482952416741472,421.8672431548,377.82708398058094,True
XLV,2021-09-08T00:00:00.000Z,125.4346509161,0.02140603875663105,421.3532951113,378.28026111496797,True
XLV,2021-09-09T00:00:00.000Z,123.9865120681,0.019723865877818936,419.5498047039,378.7357442192135,True
XLV,2021-09-10T00:00:00.000Z,122.8519829069,0.0024838175522492456,416.2418482055,379.164843096625,True
XLV,2021-09-13T00:00:00.000Z,122.0956301328,-0.009873588151451784,417.3071223321,379.57264674870254,True
XLV,2021-09-14T00:00:00.000Z,122.0771825042,-0.02115228163545413,415.0550954505,379.971778477091,True
XLV,2021-09-15T00:00:00.000Z,122.8704305355,-0.026313865946038684,418.5219086169,380.3835762484075,True
XLV,2021-09-16T00:00:00.000Z,122.5568208487,-0.013805388554696596,417.8584484152,380.79949782453247,True
XLV,2021-09-17T00:00:00.000Z,122.6767304349,-0.01728978868029163,413.801171555,381.17683066912946,True
XLV,2021-09-20T00:00:00.000Z,121.4006544639,-0.033013430314050574,406.901360448,381.5161056684525,True
XLV,2021-09-21T00:00:00.000Z,121.5857869907,-0.031894436962898176,406.5169959705,381.8539210258735,True
XLV,2021-09-22T00:00:00.000Z,121.7894327702,-0.02684230488889583,410.4825124084,382.19695906214093,True
XLV,2021-09-23T00:00:00.000Z,122.6688122727,-0.017135351984015945,415.4698758716,382.56844648741446,True
XLV,2021-09-24T00:00:00.000Z,122.1689544502,-0.017291181389554433,416.1542321363,382.93836414476806,True
XLV,2021-09-27T00:00:00.000Z,120.4287086981,-0.030210155105875658,414.9636397306,383.31767323221305,True
XLV,2021-09-28T00:00:00.000Z,118.364481024,-0.05218351426786605,406.6013686607,383.655725580891,True
XLV,2021-09-29T00:00:00.000Z,119.2994002845,-0.04342528738551232,407.2857249254,383.99918708698044,True
XLV,2021-09-30T00:00:00.000Z,117.8368533226,-0.05543182008712355,402.3077362055,384.325338409433,True
XLV,2021-10-01T00:00:00.000Z,117.8646232016,-0.06523077503553931,407.088855315,384.652609829496,True
XLV,2021-10-04T00:00:00.000Z,116.0688376914,-0.08048190091663765,401.8389990379,384.9509513213575,True
XLV,2021-10-05T00:00:00.000Z,116.763084667,-0.06954266926468611,406.0201345729,385.260631354843,True
XLV,2021-10-06T00:00:00.000Z,116.5501822612,-0.07082946051998484,407.7075883762,385.585588928531,True
XLV,2021-10-07T00:00:00.000Z,118.0960388601,-0.04750898391886882,411.2324918766,385.934297911985,True
XLV,2021-10-08T00:00:00.000Z,117.5036147743,-0.0435350574410599,410.4825124084,386.2821347808281,True
XLV,2021-10-11T00:00:00.000Z,116.5872087665,-0.0451156307585181,407.5107187658,386.61358095839205,True
XLV,2021-10-12T00:00:00.000Z,116.0225545597,-0.04959672086380018,406.5076212272,386.933374181644,True
XLV,2021-10-13T00:00:00.000Z,116.2076870865,-0.05422576790821121,407.9700811901,387.2457658801065,True
XLV,2021-10-14T00:00:00.000Z,117.8738798279,-0.03821036632943697,414.8323933237,387.59576466462147,True
XLV,2021-10-15T00:00:00.000Z,118.4570472874,-0.03439676891078558,417.9916818333,387.959099851609,True
XLV,2021-10-18T00:00:00.000Z,117.6517207958,-0.030880670986949132,419.2291479558,388.3198497734675,True
XLV,2021-10-19T00:00:00.000Z,119.1975773947,-0.019642177388568216,422.4634344122,388.7203967955045,True
XLV,2021-10-20T00:00:00.000Z,120.9007966415,-0.007296496161343757,424.1227639855,389.11745083938496,True
XLV,2021-10-21T00:00:00.000Z,121.3913978376,-0.010413522487364046,425.228983701,389.5097316630355,True
XLV,2021-10-22T00:00:00.000Z,121.8819990337,-0.0023488407328310368,424.7883707635,389.87404862497954,True
XLV,2021-10-25T00:00:00.000Z,122.0301050551,0.013297463489494898,427.066433398,390.23973007639097,True
XLV,2021-10-26T00:00:00.000Z,122.6317857673,0.03605224055715461,427.4507978754,390.61926222376394,True
XLV,2021-10-27T00:00:00.000Z,121.6598400015,0.019785847299910397,425.5570997183,390.988954553548,True
XLV,2021-10-28T00:00:00.000Z,122.678068899,0.041084053417026256,429.6632373065,391.3744431545235,True
XLV,2021-10-29T00:00:00.000Z,123.872173697,0.05096992067861161,430.5350884382,391.770464319272,True
XLV,2021-11-01T00:00:00.000Z,123.7240676755,0.06595422282467811,431.275693163,392.182999282378,True
XLV,2021-11-02T00:00:00.000Z,124.5016242882,0.06627556683064495,433.0193954265,392.59056008090846,True
XLV,2021-11-03T00:00:00.000Z,125.2328977691,0.07449765705592126,435.6630730517,392.987017361911,True
XLV,2021-11-04T00:00:00.000Z,124.3720315194,0.053143125881933484,437.7161418458,393.39211543211707,True
XLV,2021-11-05T00:00:00.000Z,122.9835375683,0.046636206082049325,439.2348502688,393.811119600104,True
XLV,2021-11-08T00:00:00.000Z,123.7148110492,0.06113537117931278,439.6098400029,394.2249899233385,True
XLV,2021-11-09T00:00:00.000Z,123.2612363585,0.062390298388709464,438.1567547834,394.63437977150454,True
XLV,2021-11-10T00:00:00.000Z,123.6129881594,0.06372470925600493,434.631851283,395.069683169923,True
XLV,2021-11-11T00:00:00.000Z,123.2519797321,0.04562588346164742,434.7724724333,395.49074377023703,True
XLV,2021-11-12T00:00:00.000Z,123.8629170707,0.045635695866910186,438.0536326065,395.9633005543835,True
XLV,2021-11-15T00:00:00.000Z,123.0946170843,0.04626278520776461,438.2036285001,396.4080151540995,True
XLV,2021-11-16T00:00:00.000Z,123.6129881594,0.03704278946944717,439.9379560202,396.83670815895806,True
XLV,2021-11-17T00:00:00.000Z,123.7888640599,0.023887910573193505,438.8692352781,397.2586650845915,True
XLV,2021-11-18T00:00:00.000Z,123.8351471916,0.02013115754107475,440.3598194711,397.6679304520795,True
XLV,2021-11-19T00:00:00.000Z,123.085360458,0.009873167767516566,439.5723410295,398.066203218086,True
XLV,2021-11-22T00:00:00.000Z,122.5299628775,0.004096184479840392,438.334874907,398.44529221534447,True
XLV,2021-11-23T00:00:00.000Z,122.6595556463,0.00022644927517156965,438.9161089949,398.828494195155,True
XLV,2021-11-24T00:00:00.000Z,122.6132725146,0.007836871338054108,440.0879519139,399.21834445901845,True
XLV,2021-11-26T00:00:00.000Z,122.1596978239,-0.004225458386753367,430.2725956244,399.55619374285396,True
XLV,2021-11-29T00:00:00.000Z,122.4929363722,-0.011134359587276599,435.5505761315,399.9114746700814,True
XLV,2021-11-30T00:00:00.000Z,120.0862135235,-0.02940296274077614,427.0758081414,400.225959896275,True
XLV,2021-12-01T00:00:00.000Z,119.8733111176,-0.03717472118987186,422.3321880053,400.5163092791335,True
XLV,2021-12-02T00:00:00.000Z,120.4564785771,-0.03814029122608498,428.8007609181,400.846752973587,True
XLV,2021-12-03T00:00:00.000Z,120.6786376093,-0.029696338195809635,425.069613064,401.1617436224535,True
XLV,2021-12-06T00:00:00.000Z,121.3636279586,-0.013171759747115375,430.103850244,401.5158302123655,True
XLV,2021-12-07T00:00:00.000Z,122.9279978102,-0.006359895248816194,439.000481685,401.9122184145095,True
XLV,2021-12-08T00:00:00.000Z,123.8536604443,0.004806248122296575,440.1629498607,402.2945993893755,True
XLV,2021-12-09T00:00:00.000Z,124.1406158609,0.004268384005243986,437.1911562181,402.705937958886,True
XLV,2021-12-10T00:00:00.000Z,124.5756772989,0.010739767180025783,441.3066685496,403.1469980125995,True
XLV,2021-12-13T00:00:00.000Z,125.7512688443,0.015245497347056158,437.3974005719,403.5257163122775,True
XLV,2021-12-14T00:00:00.000Z,125.2421543955,0.017446232516644233,434.3881079559,403.9034985674225,True
XLV,2021-12-15T00:00:00.000Z,127.806239892,0.03392242024917924,441.1754221427,404.33898230895,True
XLV,2021-12-16T00:00:00.000Z,128.565283252,0.03858520900384654,437.2849036516,404.7769217394505,True
XLV,2021-12-17T00:00:00.000Z,127.6673904969,0.03094632979577816,432.6476727905,405.15950883126004,True
XLV,2021-12-20T00:00:00.000Z,126.8967957929,0.030965789275976263,428.0471397704,405.5279586854114,True
XLV,2021-12-21T00:00:00.000Z,127.4264616804,0.03996164438403782,435.648838503,405.9091203947115,True
XLV,2021-12-22T00:00:00.000Z,128.9132431191,0.05098410343857007,440.0047624054,406.30087550355705,True
XLV,2021-12-23T00:00:00.000Z,129.4429090067,0.05570062972821144,442.7425029143,406.68798505400554,True
XLV,2021-12-27T00:00:00.000Z,130.8088894535,0.07080233320541018,449.0082595429,407.10396334752147,True
XLV,2021-12-28T00:00:00.000Z,130.4650712458,0.06508240482844108,448.6413458664,407.50719934779096,True
XLV,2021-12-29T00:00:00.000Z,131.2084619651,0.09261886202635128,449.2152364886,407.9156255936955,True
XLV,2021-12-30T00:00:00.000Z,131.4779411009,0.0968074534281902,447.9733748144,408.3115763914135,True
XLV,2021-12-31T00:00:00.000Z,130.9203980614,0.0868688808431537,446.8444096561,408.72871072492046,True
XLV,2022-01-03T00:00:00.000Z,129.5730023825,0.07370289348141057,449.4316214772,409.16213332595396,True
XLV,2022-01-04T00:00:00.000Z,127.863203728,0.05355456061034336,449.2810927895,409.5803205952855,True
XLV,2022-01-05T00:00:00.000Z,126.9525500968,0.03273910222481513,440.6539173714,409.96976153953096,True
XLV,2022-01-06T00:00:00.000Z,125.4843534261,0.013166288149661476,440.2399634801,410.36635320395345,True
XLV,2022-01-07T00:00:00.000Z,124.8431789307,0.005659413439572658,438.4994755277,410.74409057639093,True
XLV,2022-01-10T00:00:00.000Z,126.1255279216,0.012441037097324914,437.9538090345,411.0898548310595,True
XLV,2022-01-11T00:00:00.000Z,127.1291053927,0.010956840126249423,441.9428192605,411.45649549944704,True
XLV,2022-01-12T00:00:00.000Z,126.766702417,0.012172802590776799,443.1376407197,411.8339999287245,True
XLV,2022-01-13T00:00:00.000Z,124.7967170107,-0.02354754262266956,437.0318208219,412.17352435779844,True
XLV,2022-01-14T00:00:00.000Z,124.5829921789,-0.03097485551596646,437.2105736386,412.4940113915455,True
XLV,2022-01-18T00:00:00.000Z,122.8360239884,-0.03784338733403747,429.4677542613,412.7490076539645,True
XLV,2022-01-19T00:00:00.000Z,122.3342352529,-0.03595489162268728,425.008341886,412.982824489614,True
XLV,2022-01-20T00:00:00.000Z,121.5350902296,-0.04623350105707413,420.304320393,413.190932515714,True
XLV,2022-01-21T00:00:00.000Z,120.3084955426,-0.06674836012426022,412.0534666944,413.3487986243345,True
XLV,2022-01-24T00:00:00.000Z,119.908923031,-0.07365398420709568,413.8033626898,413.501583478481,True
XLV,2022-01-25T00:00:00.000Z,119.1376551597,-0.08922355615555388,408.7512436064,413.62840921526845,True
XLV,2022-01-26T00:00:00.000Z,118.5150654322,-0.09159544159590305,407.7257669209,413.74442625683406,True
XLV,2022-01-27T00:00:00.000Z,118.821714104,-0.09440509914973894,405.712445722,413.85694279865953,True
XLV,2022-01-28T00:00:00.000Z,121.2470263258,-0.07781468655071588,415.7884597598,413.999256297451,True
XLV,2022-01-31T00:00:00.000Z,121.9439551252,-0.06856412804359291,423.2772619766,414.17254083733104,True
XLV,2022-02-01T00:00:00.000Z,122.2691885649,-0.056368330464699024,426.1373070443,414.3696720690895,True
XLV,2022-02-02T00:00:00.000Z,123.9139405315,-0.030886627906658415,430.276845958,414.6016577067735,True
XLV,2022-02-03T00:00:00.000Z,123.384274644,-0.02810715854135437,420.1631997482,414.764913542918,True
XLV,2022-02-04T00:00:00.000Z,122.9382402123,-0.0202902843604279,422.1388887753,414.955743713394,True
XLV,2022-02-07T00:00:00.000Z,122.7245153805,-0.016970599181682755,420.7841305853,415.11898413905,True
XLV,2022-02-08T00:00:00.000Z,123.7280928517,-0.019008325351789646,424.2462904041,415.2954839365365,True
XLV,2022-02-09T00:00:00.000Z,124.6852084028,-0.019223740954920077,430.4555987748,415.5034493890416,True
XLV,2022-02-10T00:00:00.000Z,122.7338077645,-0.031813517079854026,422.7221874404,415.673306602428,True
XLV,2022-02-11T00:00:00.000Z,121.033301494,-0.03015636634397456,414.3866613549,415.78909906294996,True
XLV,2022-02-14T00:00:00.000Z,119.7974144231,-0.03841276944872185,413.031903165,415.9109705362545,True
XLV,2022-02-15T00:00:00.000Z,121.1448101019,-0.013768061123988429,419.692797599,416.06195535007697,True
XLV,2022-02-16T00:00:00.000Z,121.3306577818,-0.008203570071986133,420.1631997482,416.227306752047,True
XLV,2022-02-17T00:00:00.000Z,119.3792571435,-0.017738359201669884,411.1879267397,416.34717640329154,True
XLV,2022-02-18T00:00:00.000Z,118.4871882802,-0.015138642156447668,408.5254505747,416.438273054729,True
XLV,2022-02-22T00:00:00.000Z,118.1898319925,-0.014336639801656448,404.1413025433,416.4932456865235,True
XLV,2022-02-23T00:00:00.000Z,117.595119417,-0.012947507995119456,396.9723737881,416.5318391526575,True
XLV,2022-02-24T00:00:00.000Z,118.0690310006,-0.0037635251684956517,402.9464810841,416.6176730675615,True
XLV,2022-02-25T00:00:00.000Z,121.6837683734,0.024086963321324983,411.8370817058,416.78893993950203,True
XLV,2022-02-28T00:00:00.000Z,120.7638223583,-0.003985285100531755,410.7833808913,416.93225962832156,True
XLV,2022-03-01T00:00:00.000Z,120.0947707108,-0.015164215499664957,404.5270323058,417.014959652651,True
XLV,2022-03-02T00:00:00.000Z,121.9067855892,-0.0029639762883324483,411.9687943076,417.139804708713,True
XLV,2022-03-03T00:00:00.000Z,122.5293753167,-0.011173603299687196,409.9178409367,417.2710663882684,True
XLV,2022-03-04T00:00:00.000Z,123.1426726602,-0.0019581262239218855,406.5873937197,417.39070518972096,True
XLV,2022-03-07T00:00:00.000Z,120.996131958,-0.015797430083155595,394.6015469557,417.42983164413056,True
XLV,2022-03-08T00:00:00.000Z,118.5243578162,-0.03422427500550862,391.6097892862,417.45558262659404,True
XLV,2022-03-09T00:00:00.000Z,120.7638223583,-0.023957942170441116,402.1091652584,417.5141321701555,True
XLV,2022-03-10T00:00:00.000Z,120.7173604383,-0.031822924429670274,400.2934129621,417.56793378827547,True
XLV,2022-03-11T00:00:00.000Z,119.8159991911,-0.02377347062350288,395.2036617068,417.5924214953735,True
XLV,2022-03-14T00:00:00.000Z,120.6616061343,-0.0030710172746830633,392.3153925101,417.60144335764,True
XLV,2022-03-15T00:00:00.000Z,123.0683335882,0.027303754265912472,400.9425679281,417.6501084872865,True
XLV,2022-03-16T00:00:00.000Z,124.5458226429,0.028073943391708323,409.8331685498,417.744949640832,True
XLV,2022-03-17T00:00:00.000Z,126.5158080492,0.042735697326597544,414.9605519771,417.86235421496946,True
XLV,2022-03-18T00:00:00.000Z,127.2963683045,0.06631898497645383,419.4914739463,418.009678027149,True
XLV,2022-03-21T00:00:00.000Z,127.2000629661,0.07353431887754547,419.3687935458,418.1385528437415,True
XLV,2022-03-22T00:00:00.000Z,127.2280272185,0.0764718510351512,424.2760095643,418.2938730337345,True
XLV,2022-03-23T00:00:00.000Z,124.9442799353,0.06249545520881172,418.8120132668,418.421454129075,True
XLV,2022-03-24T00:00:00.000Z,126.4357067325,0.07086257641817584,425.1253354136,418.5835356273055,True
XLV,2022-03-25T00:00:00.000Z,127.0229560339,0.04387756667854115,427.2014652676,418.7468704214309,True
XLV,2022-03-28T00:00:00.000Z,127.9457763647,0.059471072264436264,430.2401644175,418.9221389422435,True
XLV,2022-03-29T00:00:00.000Z,128.7008111808,0.0716604096836504,435.5626064067,419.119595700703,True
XLV,2022-03-30T00:00:00.000Z,128.9524894528,0.05779583006431266,432.8730745504,419.3072371139795,True
XLV,2022-03-31T00:00:00.000Z,127.6940980926,0.042150894530808,426.21058511,419.4726027267365,True
XLV,2022-04-01T00:00:00.000Z,128.7008111808,0.045135763261669126,427.4185152069,419.6446599437905,True
XLV,2022-04-04T00:00:00.000Z,127.6288481703,0.05481758883500776,431.0800533129,419.861448190134,True
XLV,2022-04-05T00:00:00.000Z,127.8991692773,0.07909607471265834,425.6349309232,420.02325763017797,True
XLV,2022-04-06T00:00:00.000Z,129.8473455311,0.07521725460005424,421.3788647226,420.1532741656015,True
XLV,2022-04-07T00:00:00.000Z,132.3454854164,0.09632520903274111,423.502179346,420.29629012416194,True
XLV,2022-04-08T00:00:00.000Z,133.1378059024,0.11118554117344925,422.3697448802,420.42196327304003,True
XLV,2022-04-11T00:00:00.000Z,130.4905233374,0.08145853115994584,415.1504751607,420.50448496835946,True
XLV,2022-04-12T00:00:00.000Z,129.2228105598,0.05000861547531432,413.612251678,420.57529740701597,True
XLV,2022-04-13T00:00:00.000Z,129.8566669486,0.04264168956454961,418.3496025266,420.668721981279,True
XLV,2022-04-14T00:00:00.000Z,129.2321319773,0.021470233403905414,413.140403984,420.73441855105006,True
XLV,2022-04-18T00:00:00.000Z,127.8059551024,0.00400315267974527,413.3102691538,420.7898912024595,True
XLV,2022-04-19T00:00:00.000Z,129.0270607926,0.014363183349892727,419.9821955481,420.8633517670835,True
XLV,2022-04-20T00:00:00.000Z,130.7608444444,0.027767602022412685,419.67077607,420.93894631572107,True
XLV,2022-04-21T00:00:00.000Z,129.3160247346,0.03498955535670634,413.3952017388,420.976014442642,True
XLV,2022-04-22T00:00:00.000Z,124.5993874885,-0.014523739309537764,402.051983173,420.972906259226,True
XLV,2022-04-25T00:00:00.000Z,125.4383150619,-0.012475232993137797,404.3829107818,420.95996034112454,True
XLV,2022-04-26T00:00:00.000Z,123.2291391185,-0.0368643450390701,392.6716510147,420.88116940647905,True
XLV,2022-04-27T00:00:00.000Z,122.9588180115,-0.04461505033743418,393.7757746188,420.81486074971656,True
XLV,2022-04-28T00:00:00.000Z,124.6553159934,-0.03332369524337786,403.7223240101,420.79524787419854,True
XLV,2022-04-29T00:00:00.000Z,121.4487483794,-0.04890867946513122,388.8024999232,420.70799753810854,True
XLV,2022-05-02T00:00:00.000Z,120.6937135633,-0.06221481857058053,391.1428644859,420.648381414182,True
XLV,2022-05-03T00:00:00.000Z,121.0758916801,-0.05134385042366085,392.9358857234,420.6274926604185,True
XLV,2022-05-04T00:00:00.000Z,123.760459915,-0.03235915749637752,404.9019432453,420.63798016167243,True
XLV,2022-05-05T00:00:00.000Z,121.3555342046,-0.06539842067442259,390.5105885758,420.560204719834,True
XLV,2022-05-06T00:00:00.000Z,120.9733560878,-0.08592759543568684,388.179660967,420.466522887955,True
XLV,2022-05-09T00:00:00.000Z,117.8413598137,-0.11489182944710274,375.7511927049,420.28976701262843,True
XLV,2022-05-10T00:00:00.000Z,118.2608236004,-0.0937209800697828,376.619392462,420.112306100751,True
XLV,2022-05-11T00:00:00.000Z,117.4778245318,-0.0908894178753743,370.6363637011,419.914321277501,True
XLV,2022-05-12T00:00:00.000Z,118.6150374647,-0.0865695212117964,370.2494485919,419.71524288459455,True
XLV,2022-05-13T00:00:00.000Z,119.8734288248,-0.07241777264917282,379.1013113329,419.5519203014,True
XLV,2022-05-16T00:00:00.000Z,120.7589634857,-0.05513821019571319,377.5630878502,419.390905226366,True
XLV,2022-05-17T00:00:00.000Z,122.4181757976,-0.05122092183145377,385.3297008948,419.273021691101,True
XLV,2022-05-18T00:00:00.000Z,119.258215271,-0.08796692329630029,369.7964748056,419.060838797799,True
XLV,2022-05-19T00:00:00.000Z,119.5192149605,-0.07575866791610986,367.531605874,418.8474703530615,True
XLV,2022-05-20T00:00:00.000Z,120.9733560878,-0.02910151866544819,367.69203409,418.6219151806675,True
XLV,2022-05-23T00:00:00.000Z,122.0359976808,-0.027123430184956332,374.5715734697,418.42734695906506,True
XLV,2022-05-24T00:00:00.000Z,122.3995329626,-0.006732223902840229,371.7121764436,418.2201637641111,True
XLV,2022-05-25T00:00:00.000Z,122.3622472927,-0.0048517928884466155,374.9962363944,418.026831128693,True
XLV,2022-05-26T00:00:00.000Z,122.8842466717,-0.014207731997516793,382.4891777764,417.86582371975,True
XLV,2022-05-27T00:00:00.000Z,124.9256371003,0.028628444239197526,391.8789468886,417.745551057296,True
XLV,2022-05-31T00:00:00.000Z,123.257103371,0.021238801359406256,389.6801366342,417.61049981706753,True
XLV,2022-06-01T00:00:00.000Z,121.4860340493,0.0033874817150523207,386.5281940378,417.4547829961685,True
XLV,2022-06-02T00:00:00.000Z,122.44614005,-0.010619868946048605,393.8890180654,417.34956000238554,True
XLV,2022-06-03T00:00:00.000Z,121.0106417577,-0.002842000154014701,387.4247046565,417.2347226005726,True
XLV,2022-06-06T00:00:00.000Z,121.0292845927,0.0004623208507119614,388.6043238917,417.12260616157545,True
XLV,2022-06-07T00:00:00.000Z,122.6046041472,0.04042081949012144,392.331920675,417.01277481420055,True
XLV,2022-06-08T00:00:00.000Z,121.635176729,0.02853314416278585,388.0664175205,416.863394156782,True
XLV,2022-06-09T00:00:00.000Z,118.8853585717,0.011981274300146616,378.8370766242,416.664549493874,True
XLV,2022-06-10T00:00:00.000Z,116.9744679878,-0.013831041257211907,367.852462306,416.40638983972997,True
XLV,2022-06-13T00:00:00.000Z,113.4323293444,-0.053732503888029526,353.8857705612,416.0907782024565,True
XLV,2022-06-14T00:00:00.000Z,112.3510449165,-0.0696256271709026,352.8193947726,415.7511923890244,True
XLV,2022-06-15T00:00:00.000Z,113.4882578493,-0.07294601385879396,357.8492911915,415.4275049929035,True
XLV,2022-06-16T00:00:00.000Z,111.81972412,-0.062372987337576014,346.00591407,415.0477311219856,True
XLV,2022-06-17T00:00:00.000Z,111.7544741976,-0.06496646389006289,346.7484806038,414.6705487425505,True
XLV,2022-06-21T00:00:00.000Z,114.7505865762,-0.05143917398706899,355.4773755537,414.3305164034965,True
XLV,2022-06-22T00:00:00.000Z,116.3417447914,-0.04666043624516436,354.832896882,413.9877756191275,True
XLV,2022-06-23T00:00:00.000Z,118.9531162151,-0.02815710700916718,358.3111861834,413.6699953342705,True
XLV,2022-06-24T00:00:00.000Z,120.9280243527,-0.011721122909497006,369.7032944676,413.41174533105203,True
XLV,2022-06-27T00:00:00.000Z,121.3772925547,-0.012263200188922463,368.2911279665,413.155451947365,True
XLV,2022-06-28T00:00:00.000Z,119.2619881039,-0.04533616259929718,360.7658917122,412.87807216489847,True
XLV,2022-06-29T00:00:00.000Z,120.3009208209,-0.023983871673521118,360.472085259,412.59389697953293,True
XLV,2022-06-30T00:00:00.000Z,120.0294879489,-0.011989411884241186,357.543498354,412.30633899405046,True
XLV,2022-07-01T00:00:00.000Z,121.3772925547,-0.008729123636429303,361.3250717362,412.020354809647,True
XLV,2022-07-05T00:00:00.000Z,120.6753109892,-0.002771084952771674,362.0074609179,411.74109987216053,True
XLV,2022-07-06T00:00:00.000Z,121.4896096052,0.003803418437522188,363.2300748686,411.4882443887285,True
XLV,2022-07-07T00:00:00.000Z,122.0043960865,-0.004895477334435183,368.6702330675,411.29708875182604,True
XLV,2022-07-08T00:00:00.000Z,122.3694265006,0.006036492002933436,368.3669489867,411.106338516907,True
XLV,2022-07-11T00:00:00.000Z,122.0605546118,0.02670804948773431,364.1588823659,410.87472036669453,True
XLV,2022-07-12T00:00:00.000Z,120.5068354134,0.030197764404181093,360.9364890077,410.60205343237504,True
XLV,2022-07-13T00:00:00.000Z,119.3368661376,0.05205338572632856,359.0409635028,410.3164870892075,True
XLV,2022-07-14T00:00:00.000Z,118.9905552319,0.05909611539736481,358.1690217706,410.03251399940746,True
XLV,2022-07-15T00:00:00.000Z,121.8639997734,0.07380271829727159,365.0118688431,409.82456650031946,True
XLV,2022-07-18T00:00:00.000Z,119.2900673665,0.06680702626741541,361.9979832904,409.5981277921445,True
XLV,2022-07-19T00:00:00.000Z,121.3211340294,0.08560426685811784,371.7788948955,409.4454835855945,True
XLV,2022-07-20T00:00:00.000Z,120.123085491,0.04681892332839954,374.1483017765,409.280780817902,True
XLV,2022-07-21T00:00:00.000Z,122.023115595,0.04883346741779282,377.9583080413,409.161377362919,True
XLV,2022-07-22T00:00:00.000Z,121.5176888678,0.02155952474639289,374.4515858573,409.003534619341,True
XLV,2022-07-25T00:00:00.000Z,122.1541521538,0.010139318885454163,374.9065119785,408.83952923735256,True
XLV,2022-07-26T00:00:00.000Z,122.7812556857,0.011566933991111084,370.4709822971,408.63572168945495,True
XLV,2022-07-27T00:00:00.000Z,123.5487555307,0.03594412180237527,380.0907742343,408.4837629985845,True
XLV,2022-07-28T00:00:00.000Z,124.334974884,0.03353302730829277,384.858020879,408.3704995091505,True
XLV,2022-07-29T00:00:00.000Z,123.9231456989,0.032439176543497705,390.4687763734,408.29030528488147,True
XLV,2022-08-01T00:00:00.000Z,123.0058897867,0.013417643430018389,389.3125058154,408.19701740800804,True
XLV,2022-08-02T00:00:00.000Z,122.5659813389,0.015667416426788483,386.7440687563,408.056575785171,True
XLV,2022-08-03T00:00:00.000Z,123.6891518438,0.01810477657922993,392.8002727444,407.93061873972647,True
XLV,2022-08-04T00:00:00.000Z,123.0807678203,0.008822401227549737,392.5348991737,407.797147495816,True
XLV,2022-08-05T00:00:00.000Z,123.0339690493,0.005430625669367917,391.871465247,407.64418764999,True
XLV,2022-08-08T00:00:00.000Z,123.3241214297,0.01035196687348039,391.4165391258,407.48065652569153,True
XLV,2022-08-09T00:00:00.000Z,122.9497312614,0.02027184466026033,389.8622082118,407.3038226482455,True
XLV,2022-08-10T00:00:00.000Z,124.288176113,0.04149019607814197,398.0508783928,407.170135186392,True
XLV,2022-08-11T00:00:00.000Z,123.4832372512,0.037756627074680305,398.0508783928,407.025057411366,True
XLV,2022-08-12T00:00:00.000Z,125.0650357122,0.026267281106415075,404.7894715626,406.91175077980205,True
XLV,2022-08-15T00:00:00.000Z,125.692139244,0.0536681051393042,406.4575340069,406.81625295124496,True
XLV,2022-08-16T00:00:00.000Z,125.3551880926,0.03325104150627567,407.2536547189,406.70420503830695,True
XLV,2022-08-17T00:00:00.000Z,124.6251272645,0.03747857254163933,404.362978324,406.57334448773594,True
XLV,2022-08-18T00:00:00.000Z,124.0729017663,0.016798343177069297,405.538204137,406.44465704260597,True
XLV,2022-08-19T00:00:00.000Z,124.4098529177,0.023800354309292393,400.0885683105,406.280002907026,True
XLV,2022-08-22T00:00:00.000Z,122.7812556857,0.005133706229735413,391.7577337167,406.06047621035106,True
XLV,2022-08-23T00:00:00.000Z,121.0684206658,-0.013950297301768777,390.8099709642,405.82594535594296,True
XLV,2022-08-24T00:00:00.000Z,121.2181767332,-0.01886363636354793,392.0610177975,405.5900761935865,True
XLV,2022-08-25T00:00:00.000Z,122.5566215847,-0.014302920806950281,397.5959522716,405.38000675493,True
XLV,2022-08-26T00:00:00.000Z,119.1403112992,-0.03859516616307512,384.1377211871,405.1099115869485,True
XLV,2022-08-29T00:00:00.000Z,118.3072931748,-0.038198143357587755,381.5977170106,404.84474091558644,True
XLV,2022-08-30T00:00:00.000Z,117.5210738214,-0.041160748377240375,377.4086056449,404.55792158164445,True
XLV,2022-08-31T00:00:00.000Z,116.7722934849,-0.055921301551448144,374.536884505,404.24033784113703,True
XLV,2022-09-01T00:00:00.000Z,118.6910430973,-0.035665399239376505,375.712110318,403.9278802502265,True
XLV,2022-09-02T00:00:00.000Z,116.9875678317,-0.0491441612777459,371.7504620129,403.58694278019,True
XLV,2022-09-06T00:00:00.000Z,117.0998848821,-0.05047055251999566,370.3477731393,403.244335469496,True
XLV,2022-09-07T00:00:00.000Z,119.0092747403,-0.03204933008533628,377.0010676614,402.92754171044754,True
XLV,2022-09-08T00:00:00.000Z,121.0777804201,-0.025830258302134812,379.4652508177,402.6270062593885,True
XLV,2022-09-09T00:00:00.000Z,122.1447923996,-0.010839081331154521,385.3603351378,402.3621335605425,True
XLV,2022-09-12T00:00:00.000Z,122.9590910156,-0.016838796587770655,389.5020583659,402.1150633073975,True
XLV,2022-09-13T00:00:00.000Z,118.8969576899,-0.05406210440025083,372.56553798,401.77745123772803,True
XLV,2022-09-14T00:00:00.000Z,118.9624759693,-0.05099678936764629,373.9871821086,401.49602417014904,True
XLV,2022-09-15T00:00:00.000Z,119.627018518,-0.04010514457403269,369.7412049777,401.16697731438006,True
XLV,2022-09-16T00:00:00.000Z,119.2900673665,-0.03854858177500198,366.9324133891,400.86626034061845,True
XLV,2022-09-19T00:00:00.000Z,118.649698255,-0.046299826963950075,369.7779573149,400.6034891871665,True
XLV,2022-09-20T00:00:00.000Z,117.2589050235,-0.04497714762207938,365.5334335995,400.2871525505735,True
XLV,2022-09-21T00:00:00.000Z,115.3136739496,-0.04753301219717354,359.1571311571,399.95759014103896,True
XLV,2022-09-22T00:00:00.000Z,115.9244953013,-0.0436706901107029,356.1402835836,399.58777230773705,True
XLV,2022-09-23T00:00:00.000Z,115.3324684527,-0.05894543304628641,350.1732065218,399.14363593192104,True
XLV,2022-09-26T00:00:00.000Z,114.2329900197,-0.041189428044854814,346.7090660903,398.676366513069,True
XLV,2022-09-27T00:00:00.000Z,113.8852917118,-0.03737725159907479,345.8239972438,398.2195307181976,True
XLV,2022-09-28T00:00:00.000Z,116.3755633764,-0.009747276873430022,352.6285588056,397.7761401694775,True
XLV,2022-09-29T00:00:00.000Z,115.3982492137,-0.011766868922358564,345.2625019541,397.3154656763885,True
XLV,2022-09-30T00:00:00.000Z,113.8101136993,-0.041122980055021685,339.9235382673,396.84314282794554,True
XLV,2022-10-03T00:00:00.000Z,116.1500293389,-0.007159209378597375,348.8979460333,396.38175544739846,True
XLV,2022-10-04T00:00:00.000Z,118.8470405379,0.014920216681332255,359.7091095775,395.9938764770279,True
XLV,2022-10-05T00:00:00.000Z,119.2417251036,0.001953212166087459,358.8716250776,395.6249962384635,True
XLV,2022-10-06T00:00:00.000Z,117.7193703501,-0.027737625007226208,355.1695629132,395.2606083541775,True
XLV,2022-10-07T00:00:00.000Z,115.2290986855,-0.056618817538083066,345.2625019541,394.808676671433,True
XLV,2022-10-10T00:00:00.000Z,114.505510315,-0.06875116456031283,342.6263291533,394.32178450517245,True
XLV,2022-10-11T00:00:00.000Z,115.1163316667,-0.0317975000929831,340.456482949,393.810354405346,True
XLV,2022-10-12T00:00:00.000Z,114.5524965729,-0.037070339705589705,339.3334923696,393.2619805694795,True
XLV,2022-10-13T00:00:00.000Z,117.2213160172,-0.02011002640208759,348.288866397,392.7602181721325,True
XLV,2022-10-14T00:00:00.000Z,116.4319468858,-0.0239594171065296,340.3517973865,392.215900976622,True
XLV,2022-10-17T00:00:00.000Z,118.3019999472,-0.002930460952818681,349.0978002889,391.72152310399446,True
XLV,2022-10-18T00:00:00.000Z,118.9598075567,0.014505529732339761,353.1995709646,391.25329891053696,True
XLV,2022-10-19T00:00:00.000Z,117.2964940297,0.017195012631083362,350.6966343342,390.75962397482203,True
XLV,2022-10-20T00:00:00.000Z,116.3003853639,0.0032425421531749876,347.7559217152,390.2519981194505,True
XLV,2022-10-21T00:00:00.000Z,118.9128212989,0.031043754583891303,356.2069016688,389.82976304093756,True
XLV,2022-10-24T00:00:00.000Z,121.2057506806,0.06103981572834183,360.565627816,389.4313913626171,True
XLV,2022-10-25T00:00:00.000Z,122.126681334,0.07236570674162035,366.3233337528,389.07051065374253,True
XLV,2022-10-26T00:00:00.000Z,123.4798855593,0.06104651162823682,363.5634416509,388.6985588168245,True
XLV,2022-10-27T00:00:00.000Z,122.8314752013,0.0644136807815412,361.6220003102,388.296954722073,True
XLV,2022-10-28T00:00:00.000Z,124.8518842877,0.09701923870820206,370.2252501728,387.9323927693385,True
XLV,2022-10-31T00:00:00.000Z,124.7485145205,0.07402912621323177,367.5510098947,387.5849887147025,True
XLV,2022-11-01T00:00:00.000Z,124.823692533,0.05028860599346663,365.9426589801,387.22864914140996,True
XLV,2022-11-02T00:00:00.000Z,122.6999136794,0.0290014973600512,356.7588800892,386.8651047705495,True
XLV,2022-11-03T00:00:00.000Z,122.1830648433,0.03791809691068582,353.0853685328,386.5054899037834,True
XLV,2022-11-04T00:00:00.000Z,122.925447717,0.06679171423969898,358.1673767481,386.19480518555895,True
XLV,2022-11-07T00:00:00.000Z,124.241062936,0.08502256873243841,361.5934497022,385.942505100598,True
XLV,2022-11-08T00:00:00.000Z,124.8612815393,0.08465306122518612,363.5444079122,385.69121032671,True
XLV,2022-11-09T00:00:00.000Z,123.5174745655,0.07826086956467848,356.0546317597,385.4277272674765,True
XLV,2022-11-10T00:00:00.000Z,126.6561565881,0.08048741382084157,375.6213150756,385.26720500824996,True
XLV,2022-11-11T00:00:00.000Z,125.1056100799,0.0744955609357576,379.2567591547,385.1349265754135,True
XLV,2022-11-14T00:00:00.000Z,125.2183770987,0.05846373818352091,376.0305404562,384.93613697889555,True
XLV,2022-11-15T00:00:00.000Z,125.0586238221,0.05126787265936961,379.2377254161,384.715939296093,True
XLV,2022-11-16T00:00:00.000Z,125.0022403127,0.06569460022435858,376.3445971437,384.46697574659004,True
XLV,2022-11-17T00:00:00.000Z,124.9458568034,0.07433742727892612,375.1930559563,384.19155679658155,True
XLV,2022-11-18T00:00:00.000Z,126.4588143053,0.0634581950371218,376.8965755641,383.975223675661,True
XLV,2022-11-21T00:00:00.000Z,126.5151978146,0.043805241122522265,375.5261463824,383.74215996369657,True
XLV,2022-11-22T00:00:00.000Z,127.6146762477,0.04493690366228065,380.5796039898,383.541137330719,True
XLV,2022-11-23T00:00:00.000Z,128.1221278322,0.037595129375711966,382.9778550577,383.334795153987,True
XLV,2022-11-25T00:00:00.000Z,128.8833052089,0.04926937495199879,382.8922032339,383.0969781762825,True
XLV,2022-11-28T00:00:00.000Z,127.9153882978,0.02453710672912779,376.7823731323,382.86727910474207,True
XLV,2022-11-29T00:00:00.000Z,127.5958817446,0.022824858757192645,376.1352260187,382.676021928061,True
XLV,2022-11-30T00:00:00.000Z,130.6405912515,0.04660091846715875,387.9837283185,382.5507810538285,True
XLV,2022-12-01T00:00:00.000Z,131.0164813141,0.06777973500804713,387.698222239,382.39080817702853,True
XLV,2022-12-02T00:00:00.000Z,131.3547823704,0.07506537455794482,387.2509293811,382.226246825193,True
XLV,2022-12-05T00:00:00.000Z,130.0955506608,0.05832887393916253,380.284581041,382.07173009669947,True
XLV,2022-12-06T00:00:00.000Z,129.1088392465,0.03918009227760333,374.8028643143,381.9031171653975,True
XLV,2022-12-07T00:00:00.000Z,130.1707286733,0.04252276661383503,374.1652340701,381.7532368230315,True
XLV,2022-12-08T00:00:00.000Z,131.3453851189,0.0633749239201693,377.0964298198,381.65385710319003,True
XLV,2022-12-09T00:00:00.000Z,129.6632770888,0.023742395014239026,374.2794365019,381.510521880279,True
XLV,2022-12-12T00:00:00.000Z,131.0446730688,0.04747239540342707,379.6755014047,381.3497139787735,True
XLV,2022-12-13T00:00:00.000Z,131.4487548861,0.049756097561375334,382.5495959384,381.208545054009,True
XLV,2022-12-14T00:00:00.000Z,131.6554944205,0.0527502254285499,380.1037605239,381.0864286950995,True
XLV,2022-12-15T00:00:00.000Z,129.2404007684,0.033904675988990496,370.8057792012,380.8806136195675,True
XLV,2022-12-16T00:00:00.000Z,127.3609504555,0.01932912154022115,366.4483854157,380.6632663419625,True
XLV,2022-12-19T00:00:00.000Z,126.887447382,0.0033895073194756264,363.3410270192,380.44703450846,True
XLV,2022-12-20T00:00:00.000Z,126.859139035,0.0027185763160566534,363.8382043626,380.2932177954945,True
XLV,2022-12-21T00:00:00.000Z,128.5293315081,0.0071673203058921775,369.2784718321,380.181561208224,True
XLV,2022-12-22T00:00:00.000Z,128.3500453104,0.0017789080001737734,364.0103042123,379.99106690299345,True
XLV,2022-12-23T00:00:00.000Z,128.4255342358,-0.0035518252139640216,366.1041857164,379.82012076676494,True
XLV,2022-12-27T00:00:00.000Z,128.0952701874,0.001406256838944131,364.6604591999,379.6674047542305,True
XLV,2022-12-28T00:00:00.000Z,127.2648920087,-0.0025940471696611622,360.1284964924,379.506470274142,True
XLV,2022-12-29T00:00:00.000Z,128.6520010118,-0.015221840475842074,366.6109241625,379.33481205531405,True
XLV,2022-12-30T00:00:00.000Z,128.1896313441,-0.021576292857559465,365.645252784,379.113872476485,True
XLV,2023-01-03T00:00:00.000Z,127.8216228331,-0.026897837090826604,364.1059152399,378.85959929279903,True
XLV,2023-01-04T00:00:00.000Z,128.1613229971,-0.01486774646692679,366.9168794508,378.5967263203215,True
XLV,2023-01-05T00:00:00.000Z,126.8497029193,-0.017497921446623543,362.7291164427,378.313527934806,True
XLV,2023-01-06T00:00:00.000Z,128.0197812621,-0.016524048325783136,371.0472758424,378.04738426619656,True
XLV,2023-01-09T00:00:00.000Z,125.8777830055,-0.04162766821575392,370.8369315817,377.80750885777104,True
XLV,2023-01-10T00:00:00.000Z,126.9346279603,-0.02104411665171213,373.4375515319,377.5490699383625,True
XLV,2023-01-11T00:00:00.000Z,127.651772751,-0.025891173127034928,378.1607362945,377.30386629349704,True
XLV,2023-01-12T00:00:00.000Z,127.2460197773,-0.03197242235152142,379.5375350917,377.050353146868,True
XLV,2023-01-13T00:00:00.000Z,127.8121867174,-0.029192155785194185,381.0099449165,376.77758983941703,True
XLV,2023-01-17T00:00:00.000Z,127.2177114303,-0.015650596300182396,380.3119844151,376.5147843887405,True
XLV,2023-01-18T00:00:00.000Z,125.4248494535,-0.015201684622136002,374.3076118829,376.25526952260503,True
XLV,2023-01-19T00:00:00.000Z,125.7268051549,-0.009147021640413588,371.5826975968,375.9760904345545,True
XLV,2023-01-20T00:00:00.000Z,126.3590249046,-0.0039422790837482236,378.5049359938,375.71321484795897,True
XLV,2023-01-23T00:00:00.000Z,126.7930862253,-0.013508552969409782,383.046459804,375.500272492363,True
XLV,2023-01-24T00:00:00.000Z,125.9532719309,-0.018673724451780838,382.6353323854,375.30655483067704,True
XLV,2023-01-25T00:00:00.000Z,125.9910163936,-0.018956649522127056,382.7787489268,375.102937678581,True
XLV,2023-01-26T00:00:00.000Z,126.2269192852,-0.014585635359265381,386.9856341404,374.926017124882,True
XLV,2023-01-27T00:00:00.000Z,125.3682327595,-0.014903240157311703,387.8748166969,374.789638832563,True
XLV,2023-01-30T00:00:00.000Z,124.2358988794,-0.034325949831086944,383.008215393,374.63661865113795,True
XLV,2023-01-31T00:00:00.000Z,125.8400385429,-0.01832903938145336,388.6397049176,374.488069163093,True
XLV,2023-02-01T00:00:00.000Z,126.4345138299,-0.010851912004052555,392.7701013091,374.38621764971845,True
XLV,2023-02-02T00:00:00.000Z,125.5758273042,-0.02017375938728805,398.4876407586,374.31210450774256,True
XLV,2023-02-03T00:00:00.000Z,125.2078187931,-0.012943539388850955,394.2520722367,374.1834538911855,True
XLV,2023-02-06T00:00:00.000Z,124.5095462337,-0.02741947372346587,391.8426743416,374.04431338254346,True
XLV,2023-02-07T00:00:00.000Z,125.3116160655,-0.00449775112400308,396.96742542,373.96217450094946,True
XLV,2023-02-08T00:00:00.000Z,124.9436075545,-0.015685399940059797,392.6266847678,373.91504800892346,True
XLV,2023-02-09T00:00:00.000Z,123.849018137,-0.029790065049999148,389.2229321858,373.83924811594346,True
XLV,2023-02-10T00:00:00.000Z,125.0190964798,-0.0175009269554951,390.1312369479,373.8265460456095,True
XLV,2023-02-13T00:00:00.000Z,126.0570692032,-0.013732004429911404,394.7110051691,373.831222198361,True
XLV,2023-02-14T00:00:00.000Z,125.3116160655,-0.014982940216184515,394.5293442166,373.7852572993935,True
XLV,2023-02-15T00:00:00.000Z,124.6888324314,-0.0058681913935473284,395.8105319863,373.82029745970897,True
XLV,2023-02-16T00:00:00.000Z,123.4432651633,-0.018162713900083616,390.360703414,373.81638665434946,True
XLV,2023-02-17T00:00:00.000Z,124.5472906964,-0.014337988201221452,389.3854709327,373.79863458039597,True
XLV,2023-02-21T00:00:00.000Z,122.9337149173,-0.030438341891467546,381.5740499792,373.6819951140655,True
XLV,2023-02-22T00:00:00.000Z,122.5185258279,-0.02727000299670146,381.0481893275,373.63468311782395,True
XLV,2023-02-23T00:00:00.000Z,122.8487898762,-0.024940083883311037,383.0751431123,373.6091605285505,True
XLV,2023-02-24T00:00:00.000Z,121.2635224441,-0.039321222994324834,378.9829911317,373.6253195206845,True
XLV,2023-02-27T00:00:00.000Z,120.8955139331,-0.035676652114736584,380.2737400041,373.643591258395,True
XLV,2023-02-28T00:00:00.000Z,119.9990829446,-0.03410299255702909,378.8682578986,373.68475072938253,True
XLV,2023-03-01T00:00:00.000Z,119.8009245156,-0.047990401919983605,377.4149702794,373.72057833782,True
XLV,2023-03-02T00:00:00.000Z,120.5369415377,-0.04664527203493152,380.3502288262,373.72682292528646,True
XLV,2023-03-03T00:00:00.000Z,121.8863060782,-0.029380823564573166,386.4502123859,373.771258547965,True
XLV,2023-03-06T00:00:00.000Z,121.8296893841,-0.02698017936549313,386.7179232632,373.778199659807,True
XLV,2023-03-07T00:00:00.000Z,119.8669773253,-0.03728685107956342,380.790039553,373.833167483544,True
XLV,2023-03-08T00:00:00.000Z,119.2253214599,-0.048569277108506115,381.4115112323,373.90256701033553,True
XLV,2023-03-09T00:00:00.000Z,118.0174986544,-0.05543387961708135,374.3745396022,373.9359795378965,True
XLV,2023-03-10T00:00:00.000Z,117.149376013,-0.05409523809537964,368.9725165438,373.907984253267,True
XLV,2023-03-13T00:00:00.000Z,118.2439654305,-0.05419276926541139,368.4466558921,373.89165665050945,True
XLV,2023-03-14T00:00:00.000Z,119.3008103852,-0.05359682610984018,374.5370783491,373.889360860283,True
XLV,2023-03-15T00:00:00.000Z,119.1970131129,-0.04879518072294209,372.1946081734,373.837888012268,True
XLV,2023-03-16T00:00:00.000Z,120.3104747617,-0.03511427274057477,378.7248413573,373.7721174846115,True
XLV,2023-03-17T00:00:00.000Z,118.7629517922,-0.03791469194296282,374.3135435911,373.695284519396,True
XLV,2023-03-20T00:00:00.000Z,120.2624798465,-0.03440308356722732,377.9128045682,373.652207572048,True
XLV,2023-03-21T00:00:00.000Z,120.991860041,-0.01579595050557392,382.874985702,373.5971374102309,True
XLV,2023-03-22T00:00:00.000Z,119.1636733199,-0.0273824100096709,376.3483257968,373.54175551593244,True
XLV,2023-03-23T00:00:00.000Z,118.9363340385,-0.03184773607979985,377.3657168997,373.48556248097253,True
XLV,2023-03-24T00:00:00.000Z,120.5845438285,-0.005599199181377856,379.8420084519,373.42311291985703,True
XLV,2023-03-27T00:00:00.000Z,121.0771122715,0.0015021098177430137,380.5522626181,373.385542145345,True
XLV,2023-03-28T00:00:00.000Z,120.3477320771,0.0029054316411813996,379.6980380129,373.3898469522885,True
XLV,2023-03-29T00:00:00.000Z,120.6792685291,0.007331696454359271,385.2169048444,373.47666916498054,True
XLV,2023-03-30T00:00:00.000Z,121.332868963,0.0066031825193693106,387.4724417234,373.6446025207915,True
XLV,2023-03-31T00:00:00.000Z,122.6305973609,0.006106438915479906,392.9337203794,373.84517414882555,True
XLV,2023-04-03T00:00:00.000Z,124.0041055192,0.017847998678257815,394.4310129459,374.02808275759753,True
XLV,2023-04-04T00:00:00.000Z,124.0230504593,0.034672377887039474,392.2426622718,374.25926649860645,True
XLV,2023-04-05T00:00:00.000Z,126.1638286922,0.05819659068508942,391.2156731396,374.4816024612855,True
XLV,2023-04-06T00:00:00.000Z,126.4764202041,0.0716751468735235,392.7417597939,374.66792438248643,True
XLV,2023-04-10T00:00:00.000Z,126.3911679736,0.07888895592217637,393.1448770234,374.85948428319347,True
XLV,2023-04-11T00:00:00.000Z,126.8174291261,0.07250656441016612,393.2504553454,375.0341806290035,True
XLV,2023-04-12T00:00:00.000Z,126.8553190064,0.06332319618624482,391.6475844569,375.1439020789501,True
XLV,2023-04-13T00:00:00.000Z,128.5035287963,0.07807675243158263,396.8497163225,375.28669502073006,True
XLV,2023-04-14T00:00:00.000Z,127.4710295601,0.0595173014866992,395.880315366,375.46226713899904,True
XLV,2023-04-17T00:00:00.000Z,127.3668323895,0.07244582984392522,397.3008236983,375.6464108311955,True
XLV,2023-04-18T00:00:00.000Z,126.4953651442,0.051827347196361506,397.5599704886,375.8464931918685,True
XLV,2023-04-19T00:00:00.000Z,126.8837364166,0.04869646911456238,397.4927842837,376.027331754606,True
XLV,2023-04-20T00:00:00.000Z,126.3627505634,0.06041335453107233,395.3236296682,376.1939125983575,True
XLV,2023-04-21T00:00:00.000Z,127.2152728686,0.06960815546425114,395.6307666049,376.355916057039,True
XLV,2023-04-24T00:00:00.000Z,127.9257081228,0.060879811468548484,396.0434818636,376.4927823010195,True
XLV,2023-04-25T00:00:00.000Z,126.5616724346,0.045298075418263695,389.7567726902,376.5997314195371,True
XLV,2023-04-26T00:00:00.000Z,124.7619031237,0.0366784730415366,388.1059116554,376.7194665659845,True
XLV,2023-04-27T00:00:00.000Z,125.4155035577,0.03924646781777552,395.8323252196,376.893945747044,True
XLV,2023-04-28T00:00:00.000Z,126.4858926741,0.04247013818383705,399.2108315235,377.0947950871474,True
XLV,2023-05-01T00:00:00.000Z,127.1394931081,0.03676811370273603,398.807714294,377.2979885497645,True
XLV,2023-05-02T00:00:00.000Z,126.5900898448,0.020854021846878457,394.3254346239,377.44455637866855,True
XLV,2023-05-03T00:00:00.000Z,126.4195853837,0.01932330252743175,391.6187903691,377.592660414062,True
XLV,2023-05-04T00:00:00.000Z,125.4155035577,-0.005931376229280971,388.8449599094,377.6779907391315,True
XLV,2023-05-05T00:00:00.000Z,126.5427274945,0.0005242660275568412,396.0434818636,377.787466639567,True
XLV,2023-05-08T00:00:00.000Z,126.2680258628,-0.0009742936375564115,396.1490601856,377.8784204002885,True
XLV,2023-05-09T00:00:00.000Z,125.4249760277,-0.010979982073405892,394.4118168873,377.9782215554385,True
XLV,2023-05-10T00:00:00.000Z,125.7754574199,-0.008512544802678046,396.2546385076,378.084962188084,True
XLV,2023-05-11T00:00:00.000Z,125.3870861475,-0.024251805985344488,395.5635804,378.21042517859854,True
XLV,2023-05-12T00:00:00.000Z,125.2165816865,-0.01768596269583811,395.0452868193,378.28519774152346,True
XLV,2023-05-15T00:00:00.000Z,124.9987148752,-0.01859289007877718,396.408206976,378.3429486720085,True
XLV,2023-05-16T00:00:00.000Z,123.9567431689,-0.02006889321522609,393.7591508968,378.35940054462554,True
XLV,2023-05-17T00:00:00.000Z,124.1083026898,-0.021873833520218544,398.5389694744,378.40553286292044,True
XLV,2023-05-18T00:00:00.000Z,123.805183648,-0.02023988005956545,402.3781811833,378.4837034250555,True
XLV,2023-05-19T00:00:00.000Z,124.3830043214,-0.02226358898058911,401.7927013977,378.528665568322,True
XLV,2023-05-22T00:00:00.000Z,124.5061464322,-0.026730840429020408,401.9558678954,378.5757704119305,True
XLV,2023-05-23T00:00:00.000Z,123.1421107439,-0.027018935708731484,397.4447941374,378.6036370563825,True
XLV,2023-05-24T00:00:00.000Z,122.2990609089,-0.019740338622104114,394.5653853557,378.619381287532,True
XLV,2023-05-25T00:00:00.000Z,121.0486948613,-0.03481873111796707,397.9822837766,378.65998166535604,True
XLV,2023-05-26T00:00:00.000Z,120.8024106398,-0.04493372275866292,403.1364254959,378.6854094008715,True
XLV,2023-05-30T00:00:00.000Z,120.0540855053,-0.055729399493323895,403.2899939642,378.7116049787285,True
XLV,2023-05-31T00:00:00.000Z,121.0865847415,-0.043475007483187,401.0536531438,378.6929258866345,True
XLV,2023-06-01T00:00:00.000Z,121.8822722263,-0.0358909036414623,404.8640707649,378.6849585704245,True
XLV,2023-06-02T00:00:00.000Z,123.4452297858,-0.015709969788492262,410.718868621,378.70228463993504,True
XLV,2023-06-05T00:00:00.000Z,123.8904358785,-0.020959652668426032,409.9318302207,378.7301288994185,True
XLV,2023-06-06T00:00:00.000Z,122.8579366422,-0.027006751687915997,410.824446943,378.75656011344853,True
XLV,2023-06-07T00:00:00.000Z,122.3748406693,-0.02431840495410087,409.4039386107,378.80313696494954,True
XLV,2023-06-08T00:00:00.000Z,123.1610556841,-0.020786262991450144,411.8802301629,378.9037494471805,True
XLV,2023-06-09T00:00:00.000Z,123.5399544863,-0.01473143461542048,412.6192784169,379.01279598444404,True
XLV,2023-06-12T00:00:00.000Z,123.985160579,-0.009834329374867279,416.3625098331,379.134303444622,True
XLV,2023-06-13T00:00:00.000Z,124.6103436028,-0.003107002122283764,419.107546205,379.241861414289,True
XLV,2023-06-14T00:00:00.000Z,123.3315601451,-0.005043558001101678,419.6066437272,379.4192060269895,True
XLV,2023-06-15T00:00:00.000Z,125.2449990967,0.009158907037356556,424.8087755927,379.6352613199,True
XLV,2023-06-16T00:00:00.000Z,125.2355266266,0.011553175210068156,423.3675038437,379.86505581089403,True
XLV,2023-06-20T00:00:00.000Z,125.0957537002,0.005730279491869217,421.1709946989,380.0982263618635,True
XLV,2023-06-21T00:00:00.000Z,125.1147767771,0.0048883558148788975,419.0130208023,380.31473091428495,True
XLV,2023-06-22T00:00:00.000Z,125.9708152376,0.022971057395490657,420.5255292924,380.5586062506825,True
XLV,2023-06-23T00:00:00.000Z,125.5523075458,0.02660074912041499,417.3463713197,380.7935992415845,True
XLV,2023-06-26T00:00:00.000Z,124.838942162,0.031311756851595485,415.6411865888,380.98679983622145,True
XLV,2023-06-27T00:00:00.000Z,124.5535960085,0.03105223934549617,420.1979796831,381.1904634805485,True
XLV,2023-06-28T00:00:00.000Z,124.1541113936,0.034151489897601195,420.4099235479,381.3657114225991,True
XLV,2023-06-29T00:00:00.000Z,124.9625921619,0.03201021342434118,422.0669392185,381.52853582686197,True
XLV,2023-06-30T00:00:00.000Z,126.2466498527,0.03580814130455834,427.0476200424,381.800946237174,True
XLV,2023-07-03T00:00:00.000Z,125.2098921616,0.014295103819418564,427.5389444564,382.06870504891305,True
XLV,2023-07-05T00:00:00.000Z,125.1433113924,0.010112770247484582,426.9031128618,382.3545145883335,True
XLV,2023-07-06T00:00:00.000Z,124.1445998551,0.010472772439986233,423.5601800845,382.6376534218105,True
XLV,2023-07-07T00:00:00.000Z,122.6988460107,0.0026476466864260306,422.4908269482,382.901217769977,True
XLV,2023-07-10T00:00:00.000Z,123.6690229326,0.004124414537359122,423.5601800845,383.19135150240203,True
XLV,2023-07-11T00:00:00.000Z,123.697557548,0.0012757254311395183,426.2576474553,383.526854083893,True
XLV,2023-07-12T00:00:00.000Z,123.3646537022,-0.005004686640742162,429.687284541,383.89458908868,True
XLV,2023-07-13T00:00:00.000Z,123.4122113944,-0.009615030131199132,433.0976540026,384.309211326084,True
XLV,2023-07-14T00:00:00.000Z,125.2669613923,0.01569266816152326,432.8279072655,384.73980553196003,True
XLV,2023-07-17T00:00:00.000Z,124.6962690853,-0.004381252867240892,434.3307819435,385.1823394554585,True
XLV,2023-07-18T00:00:00.000Z,125.6188883149,0.00306112569353445,437.5581089764,385.60698720631245,True
XLV,2023-07-19T00:00:00.000Z,126.1990921604,0.008819951337790455,438.5311239923,386.0733303165035,True
XLV,2023-07-20T00:00:00.000Z,128.2916306195,0.025391515888325333,435.6217127567,386.5518211889505,True
XLV,2023-07-21T00:00:00.000Z,129.5851998488,0.028692237994830228,435.6217127567,386.9854400225675,True
XLV,2023-07-24T00:00:00.000Z,129.2998536953,0.029848484848698842,437.5677427885,387.37473318862254,True
XLV,2023-07-25T00:00:00.000Z,129.2427844646,0.03527619047656816,438.7623354812,387.7741867406405,True
XLV,2023-07-26T00:00:00.000Z,129.1571806185,0.036960672012118057,438.8297721655,388.192487786902,True
XLV,2023-07-27T00:00:00.000Z,128.2060267735,0.03263617559191756,435.9203609299,388.645777081781,True
XLV,2023-07-28T00:00:00.000Z,128.5864883115,0.028999847769682452,440.1881396629,389.133586134329,True
XLV,2023-07-31T00:00:00.000Z,127.5972883126,0.010698410306141826,441.0262813103,389.63643512613555,True
XLV,2023-08-01T00:00:00.000Z,126.9314806211,0.013749620176000565,439.7642519332,390.1385889239535,True
XLV,2023-08-02T00:00:00.000Z,127.0170844672,0.014973018165745922,433.6467812888,390.56537849841254,True
XLV,2023-08-03T00:00:00.000Z,126.379811391,0.018004903463452404,432.4040195358,391.025639609159,True
XLV,2023-08-04T00:00:00.000Z,125.9327690838,0.02635658914687733,430.448355692,391.43239238617457,True
XLV,2023-08-07T00:00:00.000Z,127.3880344667,0.030072296569585433,434.205542387,391.83742224328654,True
XLV,2023-08-08T00:00:00.000Z,128.3677229271,0.03775470972648565,432.3173152275,392.245525647753,True
XLV,2023-08-09T00:00:00.000Z,128.3296767733,0.04024672320716327,429.4271716159,392.6538818972565,True
XLV,2023-08-10T00:00:00.000Z,128.2440729273,0.039152215800253076,429.5813126086,393.0207539519555,True
XLV,2023-08-11T00:00:00.000Z,129.0430421571,0.030144267273909398,429.3308334956,393.3645799803534,True
XLV,2023-08-14T00:00:00.000Z,129.4330152336,0.03798627002272026,431.700751257,393.6914670678745,True
XLV,2023-08-15T00:00:00.000Z,128.957438311,0.026576815325183967,426.6719013729,394.0070093664845,True
XLV,2023-08-16T00:00:00.000Z,127.9777498507,0.01409406089894305,423.5409124604,394.31660392723546,True
XLV,2023-08-17T00:00:00.000Z,126.9600152365,-0.010379596678051772,420.3135854275,394.56704560350903,True
XLV,2023-08-18T00:00:00.000Z,127.0075729287,-0.019891368174047352,420.5158954803,394.831870031437,True
XLV,2023-08-21T00:00:00.000Z,127.140734467,-0.016698543475447636,423.2518980993,395.11841622703304,True
XLV,2023-08-22T00:00:00.000Z,126.6936921598,-0.019723285252324474,422.1054744667,395.4451491989205,True
XLV,2023-08-23T00:00:00.000Z,127.0741536979,-0.016127844465363306,426.8067747415,395.81375622996404,True
XLV,2023-08-24T00:00:00.000Z,125.9708152376,-0.017434527784321308,420.8916141498,396.12737741697254,True
XLV,2023-08-25T00:00:00.000Z,126.8934344673,-0.013166654338507167,423.8588282577,396.43870430974994,True
XLV,2023-08-28T00:00:00.000Z,127.1882921593,-0.0032053671258122085,426.5466618164,396.753715579271,True
XLV,2023-08-29T00:00:00.000Z,128.3296767733,0.011015361558522452,432.7123015211,397.137003928078,True
XLV,2023-08-30T00:00:00.000Z,128.2345613888,0.009585143027860843,434.4945567482,397.43137013644105,True
XLV,2023-08-31T00:00:00.000Z,126.7032036983,0.002558892150103631,433.8587251536,397.7043799664355,True
XLV,2023-09-01T00:00:00.000Z,127.0456190825,0.008836858006032289,434.6679653649,397.997567090979,True
XLV,2023-09-05T00:00:00.000Z,125.7330267763,-0.012991861420333373,432.7893720174,398.2653253239855,True
XLV,2023-09-06T00:00:00.000Z,125.0481960079,-0.025859513930033273,429.8799607817,398.53300214217546,True
XLV,2023-09-07T00:00:00.000Z,125.6093767765,-0.0211977468127309,428.5601285325,398.7998375050565,True
XLV,2023-09-08T00:00:00.000Z,125.6093767765,-0.020544389231099913,429.205593939,399.061382596931,True
XLV,2023-09-11T00:00:00.000Z,126.4749267755,-0.01990123092784435,432.0283008663,399.3438933693505,True
XLV,2023-09-12T00:00:00.000Z,126.3132306218,-0.02410346854834089,429.6583831049,399.58928726492604,True
XLV,2023-09-13T00:00:00.000Z,126.3322536987,-0.020356984805862677,430.1593413309,399.82519469629204,True
XLV,2023-09-14T00:00:00.000Z,126.7317383136,-0.009736157562963865,433.8683589657,400.08007547495095,True
XLV,2023-09-15T00:00:00.000Z,125.7330267763,-0.009664369194619105,428.6595196079,400.33946120732895,True
XLV,2023-09-18T00:00:00.000Z,125.5423385023,-0.011536591028493692,428.9108931223,400.6033395428469,True
XLV,2023-09-19T00:00:00.000Z,125.6473948526,-0.011745563848285068,428.0214176097,400.80352798930306,True
XLV,2023-09-20T00:00:00.000Z,125.6569454298,-0.008183096666662282,424.0864552875,400.9854691545455,True
XLV,2023-09-21T00:00:00.000Z,124.5586290413,-0.01979572228810822,417.0770015194,401.13459951523697,True
XLV,2023-09-22T00:00:00.000Z,124.3007634544,-0.013257449989904635,416.1391849463,401.3138725347635,True
XLV,2023-09-25T00:00:00.000Z,124.9788544421,-0.015088093668812919,417.8891313353,401.5293038698685,True
XLV,2023-09-26T00:00:00.000Z,123.9187403627,-0.025706389645557715,411.7498166556,401.717226782796,True
XLV,2023-09-27T00:00:00.000Z,123.2979528387,-0.03920935563087846,411.9141762612,401.891315515003,True
XLV,2023-09-28T00:00:00.000Z,123.8900886308,-0.03387910958597029,414.3022246484,402.09142945573547,True
XLV,2023-09-29T00:00:00.000Z,122.9541320562,-0.02958939894706314,413.2967305907,402.2595356016655,True
XLV,2023-10-02T00:00:00.000Z,122.782221665,-0.033558004190065494,413.1323709851,402.412449476899,True
XLV,2023-10-03T00:00:00.000Z,121.6934558537,-0.0321281609627283,407.6021536673,402.549941442616,True
XLV,2023-10-04T00:00:00.000Z,122.2091870275,-0.02270331816878557,410.5702947802,402.74876402051103,True
XLV,2023-10-05T00:00:00.000Z,122.8777274379,-0.021747176912281674,410.4156033867,402.968600110366,True
XLV,2023-10-06T00:00:00.000Z,124.1670553723,-0.011482593427450616,415.288382282,403.22833688668004,True
XLV,2023-10-09T00:00:00.000Z,124.5968313504,-0.014849547439815702,417.9471406078,403.498881567906,True
XLV,2023-10-10T00:00:00.000Z,125.1889671425,-0.008900599515708763,420.122488329,403.7531016503905,True
XLV,2023-10-11T00:00:00.000Z,124.6350336596,-0.013434574223205376,421.8434300817,404.0422672797375,True
XLV,2023-10-12T00:00:00.000Z,123.5653690029,-0.0249848171644641,419.2716856647,404.30810477947904,True
XLV,2023-10-13T00:00:00.000Z,124.3389657636,-0.011087468809450218,417.1833518524,404.57071924274146,True
XLV,2023-10-16T00:00:00.000Z,125.2749223382,-0.002130087485148313,421.5727201431,404.87794036099496,True
XLV,2023-10-17T00:00:00.000Z,125.1030119469,-0.004332623898319898,421.5533837189,405.152652658777,True
XLV,2023-10-18T00:00:00.000Z,124.0142461356,-0.013072888956366602,415.9361524923,405.40410715731844,True
XLV,2023-10-19T00:00:00.000Z,122.7917722423,-0.014184940959924619,412.2815683208,405.644985422723,True
XLV,2023-10-20T00:00:00.000Z,122.3046928004,-0.016058394160485268,407.2154251836,405.846478151387,True
XLV,2023-10-23T00:00:00.000Z,121.540646617,-0.02751031636870105,406.5096457007,406.065380797677,True
XLV,2023-10-24T00:00:00.000Z,121.9131191314,-0.016184971098235246,409.5744689345,406.2580167631375,True
XLV,2023-10-25T00:00:00.000Z,120.8243533201,-0.020061967467018604,403.6961959814,406.42231308513595,True
XLV,2023-10-26T00:00:00.000Z,119.6305311586,-0.03438174529758986,398.8620899344,406.5494357771485,True
XLV,2023-10-27T00:00:00.000Z,117.6058087728,-0.04349852415659672,397.0541342729,406.6439027670405,True
XLV,2023-10-30T00:00:00.000Z,118.2647986059,-0.03679215930320412,401.801226411,406.75522122363697,True
XLV,2023-10-31T00:00:00.000Z,118.9428895936,-0.022602417203162806,404.3246297675,406.87179464789193,True
XLV,2023-11-01T00:00:00.000Z,119.1912046032,-0.0246952172558097,408.6366523614,407.01341798762354,True
XLV,2023-11-02T00:00:00.000Z,121.082218907,-0.014612156070410887,416.4679041575,407.2242194489965,True
XLV,2023-11-03T00:00:00.000Z,121.6839052764,-0.01999846165679431,420.2675115104,407.4676435185645,True
XLV,2023-11-06T00:00:00.000Z,122.4957043462,-0.016863406407913062,421.2343327198,407.68129050219454,True
XLV,2023-11-07T00:00:00.000Z,122.5816595418,-0.020826975892629274,422.4331910194,407.87822415827156,True
XLV,2023-11-08T00:00:00.000Z,122.4097491506,-0.01785440613012257,422.7425738064,408.0787603653764,True
XLV,2023-11-09T00:00:00.000Z,119.8788461682,-0.02983459576455827,419.4457134824,408.2620951881545,True
XLV,2023-11-10T00:00:00.000Z,120.5951394651,-0.030109839465915833,425.99109307,408.4571224828025,True
XLV,2023-11-13T00:00:00.000Z,121.2923316074,-0.031790805825034574,425.585028162,408.64567354012803,True
XLV,2023-11-14T00:00:00.000Z,122.1136812545,-0.023894953813492714,433.8416812902,408.8998408696141,True
XLV,2023-11-15T00:00:00.000Z,122.2091870275,-0.014555256064100242,434.7601614392,409.13044315222197,True
XLV,2023-11-16T00:00:00.000Z,122.7344687785,-0.00046667185230397923,435.2919131043,409.343052211198,True
XLV,2023-11-17T00:00:00.000Z,122.4861537689,0.0014836795248416301,435.8333329816,409.529780672313,True
XLV,2023-11-20T00:00:00.000Z,123.2310987977,0.013908533710759174,439.1882025782,409.7544613240205,True
XLV,2023-11-21T00:00:00.000Z,123.9760438265,0.01692126909554781,438.2310495809,409.98640320021696,True
XLV,2023-11-22T00:00:00.000Z,124.5681796186,0.030985692831158707,439.9229866973,410.2011810066035,True
XLV,2023-11-24T00:00:00.000Z,125.236720029,0.04686252594638751,440.1936966359,410.43901606594403,True
XLV,2023-11-27T00:00:00.000Z,124.4535726911,0.058226408965300624,439.4009032442,410.689905921236,True
XLV,2023-11-28T00:00:00.000Z,123.8136840125,0.046919163369066874,439.8359727885,410.93842960043895,True
XLV,2023-11-29T00:00:00.000Z,123.8518863217,0.04127188052075148,439.5265900015,411.16250752460104,True
XLV,2023-11-30T00:00:00.000Z,125.4086304203,0.0521634615389488,441.2571999663,411.3961468033495,True
XLV,2023-12-01T00:00:00.000Z,125.9052604394,0.03983278119559763,443.8676172316,411.63643222957603,True
XLV,2023-12-04T00:00:00.000Z,126.1440248717,0.03665332391468712,441.537578117,411.89231660309105,True
XLV,2023-12-05T00:00:00.000Z,125.9816650578,0.02845782005341113,441.4505642081,412.1526420694681,True
XLV,2023-12-06T00:00:00.000Z,126.0771708307,0.028515777172261503,439.6716131829,412.4431298854865,True
XLV,2023-12-07T00:00:00.000Z,125.924361594,0.028711867051340656,443.0264827794,412.753021352746,True
XLV,2023-12-08T00:00:00.000Z,126.1344742944,0.052182919056651844,444.9311205619,413.062301239994,True
XLV,2023-12-11T00:00:00.000Z,126.9653745188,0.0528233151182973,446.6617305268,413.4006949369695,True
XLV,2023-12-12T00:00:00.000Z,127.5097574245,0.05125984252017357,448.7017232786,413.742834853342,True
XLV,2023-12-13T00:00:00.000Z,129.8591994383,0.06342875019595384,454.8893790187,414.1229404589425,True
XLV,2023-12-14T00:00:00.000Z,129.228861337,0.05743982494475164,456.3492790449,414.51761200276997,True
XLV,2023-12-15T00:00:00.000Z,128.1305449485,0.04396545016003883,455.6010300067,414.89386600867255,True
XLV,2023-12-18T00:00:00.000Z,128.3384848925,0.04777953216362607,458.163804002,415.252433966753,True
XLV,2023-12-19T00:00:00.000Z,129.201877301,0.048451880747260256,460.9498499742,415.623593600308,True
XLV,2023-12-20T00:00:00.000Z,127.3311937493,0.027062889081179264,454.5623299405,415.9924550522455,True
XLV,2023-12-21T00:00:00.000Z,128.8853000846,0.03465668743990702,458.8724498417,416.37975974529246,True
XLV,2023-12-22T00:00:00.000Z,129.5280477664,0.03426573082085094,459.7946601809,416.80686034818604,True
XLV,2023-12-26T00:00:00.000Z,129.8158452359,0.0430865296097962,461.7361556319,417.2706785436265,True
XLV,2023-12-27T00:00:00.000Z,130.3626604279,0.05289380142132627,462.5709986758,417.741300257545,True
XLV,2023-12-28T00:00:00.000Z,130.6984241423,0.05528004476909154,462.7457332664,418.18234353213154,True
XLV,2023-12-29T00:00:00.000Z,130.8327296281,0.04325140295066965,461.4061014052,418.62840099829054,True
XLV,2024-01-02T00:00:00.000Z,133.135109384,0.05742292990275688,458.8239124554,419.028896353781,True
XLV,2024-01-03T00:00:00.000Z,132.9144646574,0.05367229872826851,455.076826235,419.4327127670005,True
XLV,2024-01-04T00:00:00.000Z,133.5763988372,0.060284437230731625,453.6109971695,419.81120373000704,True
XLV,2024-01-05T00:00:00.000Z,133.4612798494,0.05856816876558568,454.2322757138,420.16799018006606,True
XLV,2024-01-08T00:00:00.000Z,134.6412494743,0.06922320486646272,460.7168705201,420.5898329036825,True
XLV,2024-01-09T00:00:00.000Z,134.6220629763,0.06728999925975687,460.0179321577,421.00309397997245,True
XLV,2024-01-10T00:00:00.000Z,135.2360309112,0.06514103883634315,462.6195360621,421.4169816180235,True
XLV,2024-01-11T00:00:00.000Z,135.1400984214,0.059841232161531144,462.4156790397,421.8262987001315,True
XLV,2024-01-12T00:00:00.000Z,134.804334707,0.038080746609327365,462.7360257891,422.24148863901246,True
XLV,2024-01-16T00:00:00.000Z,133.9985017924,0.03690847699231692,461.0372172695,422.620590201138,True
XLV,2024-01-17T00:00:00.000Z,133.7298908209,0.04370032043999017,458.4744432742,422.975600208892,True
XLV,2024-01-18T00:00:00.000Z,133.7107043229,0.041859769771319444,462.5515837213,423.32368952560154,True
XLV,2024-01-19T00:00:00.000Z,133.7874503148,0.03549153549152417,468.3178252107,423.6931235869255,True
XLV,2024-01-22T00:00:00.000Z,134.3726385028,0.05530023355756608,469.3079878907,424.07845021502004,True
XLV,2024-01-23T00:00:00.000Z,134.2767060129,0.04183103833223112,470.6767421837,424.4757555602405,True
XLV,2024-01-24T00:00:00.000Z,133.0487701431,0.02718115834687418,471.1912384782,424.86800295366197,True
XLV,2024-01-25T00:00:00.000Z,132.8473119145,0.02335205438974919,473.7540124735,425.27104863091256,True
XLV,2024-01-26T00:00:00.000Z,133.6051785841,0.02487305909189641,473.1521488837,425.670557098604,True
XLV,2024-01-29T00:00:00.000Z,134.5453169844,0.0294333529064712,476.8992351041,426.09681535183995,True
XLV,2024-01-30T00:00:00.000Z,134.8523009519,0.030722979908971437,476.5303509684,426.4952185250695,True
XLV,2024-01-31T00:00:00.000Z,134.6700292212,0.011529038765971444,468.7546616872,426.8595902566755,True
XLV,2024-02-01T00:00:00.000Z,136.4160005361,0.026344280043000268,474.8897873123,427.2475350747455,True
XLV,2024-02-02T00:00:00.000Z,136.2145423075,0.01975007181856525,479.8891380986,427.6591809127955,True
XLV,2024-02-05T00:00:00.000Z,136.6366452627,0.023792409430533956,478.1417921927,428.0624259523405,True
XLV,2024-02-06T00:00:00.000Z,138.123598855,0.025863911648894122,479.5299614402,428.4834576112005,True
XLV,2024-02-07T00:00:00.000Z,138.4977355654,0.028789282405977668,483.5294420692,428.92295098852196,True
XLV,2024-02-08T00:00:00.000Z,138.2579043408,0.022345179825517425,483.7430065689,429.3614486120485,True
XLV,2024-02-09T00:00:00.000Z,138.152378602,0.022290054660216052,486.5387600183,429.845358548689,True
XLV,2024-02-12T00:00:00.000Z,138.3346503327,0.026188442926358357,486.3251955187,430.3364549680055,True
XLV,2024-02-13T00:00:00.000Z,137.049154969,0.02276632302446413,479.6270362128,430.7554285229715,True
XLV,2024-02-14T00:00:00.000Z,138.2387178428,0.03371592539426005,483.9856935002,431.179302832855,True
XLV,2024-02-15T00:00:00.000Z,139.246008986,0.04139761802265807,487.3250656759,431.6218895897645,True
XLV,2024-02-16T00:00:00.000Z,139.6968916882,0.044170371432411315,484.8981963622,432.0747533984559,True
XLV,2024-02-20T00:00:00.000Z,139.2268224881,0.036124794745314714,482.2286401171,432.527802647196,True
XLV,2024-02-21T00:00:00.000Z,139.5338064555,0.03915124669572223,482.6654765936,432.9969052306171,True
XLV,2024-02-22T00:00:00.000Z,141.1742520316,0.06107145432280703,492.6544706889,433.47996017474355,True
XLV,2024-02-23T00:00:00.000Z,141.8457794604,0.06773541305594022,492.9942323928,433.9641860357795,True
XLV,2024-02-26T00:00:00.000Z,141.1166925377,0.05622172757975652,491.1886416234,434.44807015946003,True
XLV,2024-02-27T00:00:00.000Z,140.7713355743,0.04627450980417169,492.1011444854,434.927302689349,True
XLV,2024-02-28T00:00:00.000Z,140.0710283986,0.03869958028051346,491.4507435093,435.4067385048955,True
XLV,2024-02-29T00:00:00.000Z,138.9294317696,0.03162843709942176,493.2175043697,435.8975995926475,True
XLV,2024-03-01T00:00:00.000Z,140.387605615,0.029113924050639506,497.8479710203,436.404798412869,True
XLV,2024-03-04T00:00:00.000Z,140.1765541374,0.029086555391096613,497.3140597713,436.9225729572415,True
XLV,2024-03-05T00:00:00.000Z,139.1308899982,0.018254581197485464,492.3438314167,437.39159726695306,True
XLV,2024-03-06T00:00:00.000Z,140.0806216475,0.014168634532571334,494.8386530713,437.85389962639306,True
XLV,2024-03-07T00:00:00.000Z,140.7329625784,0.016139087067921665,499.7506365623,438.34368930221603,True
XLV,2024-03-08T00:00:00.000Z,140.4739448558,0.016028309741608293,496.7510260905,438.8176650931915,True
XLV,2024-03-11T00:00:00.000Z,140.397198864,0.016248871606235893,496.3238970913,439.312060607961,True
XLV,2024-03-12T00:00:00.000Z,141.0495397948,0.01962552011062013,501.6630095815,439.84754872908997,True
XLV,2024-03-13T00:00:00.000Z,140.5027246028,0.025199496009889133,500.8767039238,440.362020829826,True
XLV,2024-03-14T00:00:00.000Z,140.0038756557,0.012768910479242557,499.8865412438,440.8457714085655,True
XLV,2024-03-15T00:00:00.000Z,139.4474672147,0.0014467791943699737,496.4645943544,441.3116444105165,True
XLV,2024-03-18T00:00:00.000Z,139.4311020912,-0.0019026163988905553,499.4151616432,441.8034519530135,True
XLV,2024-03-19T00:00:00.000Z,140.3553795253,0.008105888053980825,502.1904477071,442.2900838377245,True
XLV,2024-03-20T00:00:00.000Z,140.0376591574,0.003610972241774757,506.8354001717,442.770666495478,True
XLV,2024-03-21T00:00:00.000Z,140.2205890662,-0.0067552188283350745,508.5103096559,443.26355889265403,True
XLV,2024-03-22T00:00:00.000Z,140.0280312674,-0.012814961431457106,507.5462629179,443.7471679725285,True
XLV,2024-03-25T00:00:00.000Z,139.8354734687,-0.009079146102136115,506.1440131172,444.23086834506097,True
XLV,2024-03-26T00:00:00.000Z,140.3457516354,-0.0030232286790755625,505.2091799168,444.6975130938306,True
XLV,2024-03-27T00:00:00.000Z,142.2135622835,0.015296053076750527,509.4548807021,445.18169110525645,True
XLV,2024-03-28T00:00:00.000Z,142.2328180634,0.023777440472644518,509.3575022438,445.64666606731,True
XLV,2024-04-01T00:00:00.000Z,141.0197039311,0.0045025222371370965,508.4713582725,446.09348512764745,True
XLV,2024-04-02T00:00:00.000Z,138.8245450251,-0.009645044569826955,505.2383934543,446.52164387628295,True
XLV,2024-04-03T00:00:00.000Z,138.6704987861,-0.0033090510102101733,505.7934506671,446.926567251655,True
XLV,2024-04-04T00:00:00.000Z,136.6678976789,-0.0243625701289919,499.6196564058,447.3078280144655,True
XLV,2024-04-05T00:00:00.000Z,137.8906397011,-0.02019656820424398,504.839141775,447.72616874984595,True
XLV,2024-04-08T00:00:00.000Z,137.4477567639,-0.02154270028514149,505.1215393043,448.15671134235606,True
XLV,2024-04-09T00:00:00.000Z,137.9387791508,-0.017510461270537236,505.7058100545,448.5826127461665,True
XLV,2024-04-10T00:00:00.000Z,136.3212936411,-0.03352188288298352,500.6421302188,448.999091540662,True
XLV,2024-04-11T00:00:00.000Z,135.7628760246,-0.03373492287497992,504.4204144039,449.4429876797375,True
XLV,2024-04-12T00:00:00.000Z,133.7410191375,-0.04473345104818194,497.4578546298,449.82928705447097,True
XLV,2024-04-15T00:00:00.000Z,133.4714382192,-0.04285505584908922,491.2256332936,450.1833656031995,True
XLV,2024-04-16T00:00:00.000Z,133.5195776689,-0.042397458914391506,490.3297514765,450.5246796644895,True
XLV,2024-04-17T00:00:00.000Z,133.2885083104,-0.05034984222764438,487.4278734168,450.82658093136155,True
XLV,2024-04-18T00:00:00.000Z,133.2788804205,-0.04826400825011812,486.4248752955,451.1210105855569,True
XLV,2024-04-19T00:00:00.000Z,133.7795306973,-0.045935182641823724,482.1791745101,451.3973908937985,True
XLV,2024-04-22T00:00:00.000Z,134.289808864,-0.04097909790963339,486.6196322122,451.712688154437,True
XLV,2024-04-23T00:00:00.000Z,136.0420848328,-0.027127513082358945,492.3941747941,452.0622048936665,True
XLV,2024-04-24T00:00:00.000Z,135.6184576755,-0.03368319956118737,492.160466494,452.40520632571395,True
XLV,2024-04-25T00:00:00.000Z,134.7134360213,-0.05273847403701659,490.2908000931,452.72537208890304,True
XLV,2024-04-26T00:00:00.000Z,134.7519475811,-0.05259595207461476,494.9357525578,453.05161442898697,True
XLV,2024-04-29T00:00:00.000Z,135.2044584082,-0.041237113401835224,496.6885648086,453.369568983017,True
XLV,2024-04-30T00:00:00.000Z,135.1081795088,-0.026770233719318748,488.8203853716,453.64953137354746,True
XLV,2024-05-01T00:00:00.000Z,135.3488767573,-0.0239533430533313,487.2331165,453.91404304633,True
XLV,2024-05-02T00:00:00.000Z,135.2525978579,-0.010355759070247994,491.7904283522,454.185204643209,True
XLV,2024-05-03T00:00:00.000Z,135.5895740057,-0.016687613462291084,497.8863198467,454.481980622481,True
XLV,2024-05-06T00:00:00.000Z,136.1383637322,-0.009526478005379313,503.0279024491,454.81901157094296,True
XLV,2024-05-07T00:00:00.000Z,137.264826855,-0.004885879808050331,503.5829596619,455.158817805469,True
XLV,2024-05-08T00:00:00.000Z,136.7930602481,0.003460696376914152,503.6316488911,455.4891373359819,True
XLV,2024-05-09T00:00:00.000Z,137.9676628206,0.016239982980328804,506.5335269508,455.82799329333,True
XLV,2024-05-10T00:00:00.000Z,138.2468716288,0.03369087898655465,507.1859626219,456.16977424561196,True
XLV,2024-05-13T00:00:00.000Z,138.1120811696,0.03476880905994806,507.2541275428,456.52644307867655,True
XLV,2024-05-14T00:00:00.000Z,138.6993824559,0.03879434669756665,509.581472698,456.87340974385205,True
XLV,2024-05-15T00:00:00.000Z,140.7597509028,0.05605316382565473,515.891596801,457.24773632130547,True
XLV,2024-05-16T00:00:00.000Z,140.5960767738,0.0549013942059986,514.8301716047,457.62306591966296,True
XLV,2024-05-17T00:00:00.000Z,140.8656576921,0.052968693774487985,515.5702478883,458.0326832526605,True
XLV,2024-05-20T00:00:00.000Z,140.567193104,0.046745053054303876,516.1642564845,458.451484437404,True
XLV,2024-05-21T00:00:00.000Z,140.8078903525,0.035031847134343375,517.4301764434,458.886393541161,True
XLV,2024-05-22T00:00:00.000Z,141.0582154909,0.04011074826124306,515.9402860302,459.29506725937694,True
XLV,2024-05-23T00:00:00.000Z,139.5177531007,0.035663236135112575,512.1717396909,459.694339381694,True
XLV,2024-05-24T00:00:00.000Z,139.0459864937,0.031866247499062306,515.5605100425,460.125006073827,True
XLV,2024-05-28T00:00:00.000Z,137.3611057544,0.015951007619059432,515.9208103385,460.55670356247646,True
XLV,2024-05-29T00:00:00.000Z,136.2924099712,0.008765053801371492,512.3080695326,460.97158974266154,True
XLV,2024-05-30T00:00:00.000Z,136.3598052008,0.00746905676441445,508.9095613352,461.3576337930525,True
XLV,2024-05-31T00:00:00.000Z,138.3527784181,0.022921412300391575,513.5447759541,461.7919981659585,True
XLV,2024-06-03T00:00:00.000Z,139.3251953019,0.027550947951521465,513.9635033251,462.244111120282,True
XLV,2024-06-04T00:00:00.000Z,139.7295666793,0.02637906647801591,514.5380362295,462.715233374292,True
XLV,2024-06-05T00:00:00.000Z,140.3650074153,0.022585396647714306,520.6534034157,463.215920913969,True
XLV,2024-06-06T00:00:00.000Z,140.8271461323,0.02949042792728962,520.6436655699,463.70287975132203,True
XLV,2024-06-07T00:00:00.000Z,140.9811923714,0.021842288904455165,520.0107055904,464.19240590694045,True
XLV,2024-06-10T00:00:00.000Z,141.501098428,0.023539243679508104,521.6174501537,464.66645928400146,True
XLV,2024-06-11T00:00:00.000Z,140.9137971418,0.02028581387286099,522.8736322668,465.1763693745865,True
XLV,2024-06-12T00:00:00.000Z,140.6153325537,0.013813688740893726,527.1680222813,465.69291534470455,True
XLV,2024-06-13T00:00:00.000Z,140.4997978744,-0.0018467852261225826,528.2294474776,466.2013292730105,True
XLV,2024-06-14T00:00:00.000Z,140.4516584247,-0.0010271861947637184,528.5507963903,466.6805217473565,True
XLV,2024-06-17T00:00:00.000Z,140.3072400757,-0.0039641856329565295,532.7575457923,467.17183669257696,True
XLV,2024-06-18T00:00:00.000Z,140.4901699845,-0.0005479452054152345,534.1111063637,467.6730985986276,True
XLV,2024-06-20T00:00:00.000Z,140.9523087015,0.001025641025076407,532.6601673339,468.16305960847245,True
XLV,2024-06-21T00:00:00.000Z,141.347052189,0.0020476417987764783,531.948354174,468.6588545192555,True
XLV,2024-06-24T00:00:00.000Z,142.1678615783,0.018994776067582153,530.2191874243,469.16055065246854,True
XLV,2024-06-25T00:00:00.000Z,141.723254764,0.01925455266859699,532.2609718914,469.679054869263,True
XLV,2024-06-26T00:00:00.000Z,141.2206557564,0.0280978373084797,532.925284541,470.19765332227297,True
XLV,2024-06-27T00:00:00.000Z,140.9886869837,0.03445736276504596,533.7654446567,470.706339041225,True
XLV,2024-06-28T00:00:00.000Z,140.8727025973,0.03309551073246553,531.6650443675,471.21637234753797,True
XLV,2024-07-01T00:00:00.000Z,140.0801426239,0.01248521515469636,532.7592063786,471.7293716727765,True
XLV,2024-07-02T00:00:00.000Z,139.5678782508,0.0017418453882236395,536.3445408258,472.241752582077,True
XLV,2024-07-03T00:00:00.000Z,138.5046880425,-0.008766066237157144,538.7380202251,472.79214508516304,True
XLV,2024-07-05T00:00:00.000Z,139.5775436163,-0.005610114753673012,541.8446587924,473.3568139135135,True
XLV,2024-07-08T00:00:00.000Z,139.4228977679,-0.009971432376260525,542.4698942273,473.92905629660146,True
XLV,2024-07-09T00:00:00.000Z,140.0994733549,-0.006254160584606261,542.9974366255,474.5236112032915,True
XLV,2024-07-10T00:00:00.000Z,141.4236284325,-0.0005474868842760827,548.3705536444,475.1800789639165,True
XLV,2024-07-11T00:00:00.000Z,142.4191610821,0.010682871165448748,543.6422106678,475.817594092524,True
XLV,2024-07-12T00:00:00.000Z,143.3083747109,0.0191518386245082,547.0712362562,476.4635046171285,True
XLV,2024-07-15T00:00:00.000Z,142.8057757033,0.016412677198022863,548.5757090215,477.147634078958,True
XLV,2024-07-16T00:00:00.000Z,144.8451678301,0.031281292472281175,551.8288871439,477.84720763337145,True
XLV,2024-07-17T00:00:00.000Z,145.5024126861,0.037027117115246755,544.0915986367,478.496154503313,True
XLV,2024-07-18T00:00:00.000Z,142.1968576749,0.012148093283596229,539.9103366656,479.1292225336875,True
XLV,2024-07-19T00:00:00.000Z,142.9217600897,0.013972466335196998,536.3250022184,479.745185689854,True
XLV,2024-07-22T00:00:00.000Z,143.7433161597,0.01695305231760935,541.8544280961,480.41644706199804,True
XLV,2024-07-23T00:00:00.000Z,143.6563278699,0.010469780406594964,541.0044986767,481.0686180814805,True
XLV,2024-07-24T00:00:00.000Z,144.8548331956,0.022096433198735,528.74402257,481.660260177397,True
XLV,2024-07-25T00:00:00.000Z,144.1299307809,0.020600917117382433,525.9890789348,482.213763660661,True
XLV,2024-07-26T00:00:00.000Z,144.9418214854,0.028038664564320914,531.8799690483,482.7834278028635,True
XLV,2024-07-29T00:00:00.000Z,145.0288097752,0.02950257289931235,532.1925867657,483.343778295047,True
XLV,2024-07-30T00:00:00.000Z,145.154459527,0.036224384185016056,529.4962589526,483.88204243940146,True
XLV,2024-07-31T00:00:00.000Z,144.6228644229,0.03621883656507485,538.1030154865,484.4761990885105,True
XLV,2024-08-01T00:00:00.000Z,146.101665349,0.05484996510853768,530.4829586234,485.0426971223655,True
XLV,2024-08-02T00:00:00.000Z,145.8117043831,0.044664496918915164,520.6061926123,485.5378644847115,True
XLV,2024-08-05T00:00:00.000Z,141.9165620746,0.01788561525131427,505.4442333153,485.95731873269347,True
XLV,2024-08-06T00:00:00.000Z,142.5738069306,0.01766126250476341,510.1041911663,486.42815892606353,True
XLV,2024-08-07T00:00:00.000Z,141.1240021011,-0.0021186440676215224,506.6947041852,486.9002246053855,True
XLV,2024-08-08T00:00:00.000Z,144.2459151672,0.012826603325144736,518.4080992864,487.4561879758995,True
XLV,2024-08-09T00:00:00.000Z,144.9611522165,0.011533014095890692,520.6941163453,488.02711032912254,True
XLV,2024-08-12T00:00:00.000Z,144.4102263813,0.01123519458578115,520.9676568481,488.58407626869047,True
XLV,2024-08-13T00:00:00.000Z,146.1596575422,0.009075136794634897,529.5353361673,489.21327196962005,True
XLV,2024-08-14T00:00:00.000Z,146.6815872808,0.008104158363640979,531.205887095,489.87499095542296,True
XLV,2024-08-15T00:00:00.000Z,147.5997970061,0.037996193583634374,540.3108781161,490.591274674639,True
XLV,2024-08-16T00:00:00.000Z,147.7544428546,0.0338134848176157,541.5222717713,491.2898799014405,True
XLV,2024-08-19T00:00:00.000Z,148.6533218488,0.034158149542375726,546.7000027167,492.00175676618653,True
XLV,2024-08-20T00:00:00.000Z,149.2525745117,0.038955796272811316,545.8109960827,492.6876284847929,True
XLV,2024-08-21T00:00:00.000Z,149.5038740155,0.032094481884648696,547.6867023875,493.34372247594297,True
XLV,2024-08-22T00:00:00.000Z,149.6005276708,0.037956008583783785,543.3882087724,493.959325962253,True
XLV,2024-08-23T00:00:00.000Z,150.2481071613,0.03660976260350446,549.1618672418,494.59896363486297,True
XLV,2024-08-26T00:00:00.000Z,150.170784237,0.035454848383367876,547.8527805499,495.22606158251546,True
XLV,2024-08-27T00:00:00.000Z,150.4027530097,0.03615661206553411,548.6050169325,495.85537379814605,True
XLV,2024-08-28T00:00:00.000Z,150.5767295893,0.04116821493031675,545.4202239359,496.4852463504135,True
XLV,2024-08-29T00:00:00.000Z,150.8956866518,0.032812913469181026,545.4690704542,497.0826362373345,True
XLV,2024-08-30T00:00:00.000Z,151.939546129,0.042025719209755286,550.6761093107,497.708091643078,True
XLV,2024-09-03T00:00:00.000Z,151.6495851631,0.06858271470375477,539.3437170527,498.23560182189044,True
XLV,2024-09-04T00:00:00.000Z,151.3886202938,0.06182631685980544,538.2397857379,498.75299994338405,True
XLV,2024-09-05T00:00:00.000Z,149.3105667049,0.05800972536149618,536.930699046,499.2611938730925,True
XLV,2024-09-06T00:00:00.000Z,148.7983023318,0.031559903511466425,527.8940931506,499.7214976739375,True
XLV,2024-09-09T00:00:00.000Z,149.842161809,0.033671156153685766,533.8045218714,500.1945792704035,True
XLV,2024-09-10T00:00:00.000Z,150.5284027616,0.04236664212509167,536.129616145,500.684072103224,True
XLV,2024-09-11T00:00:00.000Z,150.0837959473,0.02684830048925768,541.6297341116,501.1926058402955,True
XLV,2024-09-12T00:00:00.000Z,150.6250564169,0.026884554559331475,546.1919989259,501.7225973517455,True
XLV,2024-09-13T00:00:00.000Z,150.9343481139,0.02259184074394205,549.0446355977,502.27081601351296,True
XLV,2024-09-16T00:00:00.000Z,151.9782075911,0.02858638058455165,549.8554878024,502.82091358858247,True
XLV,2024-09-17T00:00:00.000Z,150.4124183753,0.01183355006549558,550.0801817868,503.37368154750897,True
XLV,2024-09-18T00:00:00.000Z,150.1611188715,0.006087294391888598,548.4487080738,503.90963908804656,True
XLV,2024-09-19T00:00:00.000Z,150.7023793412,0.008016550297390568,557.8077009903,504.47933950683995,True
XLV,2024-09-20T00:00:00.000Z,150.0837959473,0.0032303915235074587,556.8459433288,505.055881332899,True
XLV,2024-09-23T00:00:00.000Z,149.7911615413,-0.003041273721401616,558.2374457301,505.639815740509,True
XLV,2024-09-24T00:00:00.000Z,149.4904150382,-0.004530636250299036,559.8347336977,506.240631343083,True
XLV,2024-09-25T00:00:00.000Z,148.0351900232,-0.015741487034797386,558.6000202994,506.81849903068303,True
XLV,2024-09-26T00:00:00.000Z,148.5299665283,-0.013592824512675739,560.8146649663,507.397916752705,True
XLV,2024-09-27T00:00:00.000Z,148.4523545275,-0.01619219328606858,560.0013220134,507.96461471013805,True
XLV,2024-09-30T00:00:00.000Z,149.4225045375,-0.01656607286007672,562.2453646183,508.53233291683654,True
XLV,2024-10-01T00:00:00.000Z,148.6366830294,-0.019867526379710232,557.2085178981,509.04392861123347,True
XLV,2024-10-02T00:00:00.000Z,148.3359365263,-0.02016455240542947,557.4437014026,509.549400723022,True
XLV,2024-10-03T00:00:00.000Z,146.9971295125,-0.015494129072407214,556.4245728833,510.053518437405,True
XLV,2024-10-04T00:00:00.000Z,147.1135475137,-0.011322406181377032,561.4810182288,510.57010450853903,True
XLV,2024-10-07T00:00:00.000Z,146.463547007,-0.0225478247324451,556.404974258,511.04738012995796,True
XLV,2024-10-08T00:00:00.000Z,147.2590700152,-0.021719042296474922,561.6672051699,511.582904506105,True
XLV,2024-10-09T00:00:00.000Z,148.7628025307,-0.008801705795500103,565.5575323058,512.1163299184255,True
XLV,2024-10-10T00:00:00.000Z,148.209817025,-0.01603477833870548,564.5678017246,512.640195626144,True
XLV,2024-10-11T00:00:00.000Z,149.2963850362,-0.01085215590863342,567.948564601,513.1712576709895,True
XLV,2024-10-14T00:00:00.000Z,150.1210125447,-0.01222014047827702,572.5934388137,513.721369871679,True
XLV,2024-10-15T00:00:00.000Z,148.2874290258,-0.014127752033065821,568.1445508547,514.2483639596205,True
XLV,2024-10-16T00:00:00.000Z,148.7045935301,-0.009699750190636403,570.6139776513,514.794403340851,True
XLV,2024-10-17T00:00:00.000Z,147.8411600212,-0.018985893471011428,570.6629742147,515.3535986496474,True
XLV,2024-10-18T00:00:00.000Z,148.5590710286,-0.010159157483166203,572.8580202562,515.9425046197534,True
XLV,2024-10-21T00:00:00.000Z,146.8128010106,-0.0198834196894776,571.9172862384,516.534036065098,True
XLV,2024-10-22T00:00:00.000Z,146.5993680084,-0.01933934713514074,571.6135075452,517.120942224255,True
XLV,2024-10-23T00:00:00.000Z,145.9105615013,-0.014352185595647993,566.3904738841,517.649310241075,True
XLV,2024-10-24T00:00:00.000Z,144.9501129915,-0.024101894186570938,567.6153879697,518.1872975201351,True
XLV,2024-10-25T00:00:00.000Z,144.1545899833,-0.02895046399148793,567.419401716,518.7112968484046,True
XLV,2024-10-28T00:00:00.000Z,144.3680229855,-0.03382677574335191,569.1734786866,519.2450858466391,True
XLV,2024-10-29T00:00:00.000Z,143.9702614814,-0.03139481757055207,570.094614079,519.7818787880885,True
XLV,2024-10-30T00:00:00.000Z,143.6986194786,-0.031262262916834094,568.3699350464,520.318542376973,True
XLV,2024-10-31T00:00:00.000Z,142.4859319661,-0.030689017951309072,557.2281165235,520.8123107432195,True
XLV,2024-11-01T00:00:00.000Z,143.3299624748,-0.02571880770224555,559.5799515679,521.2974525824525,True
XLV,2024-11-04T00:00:00.000Z,142.3889169651,-0.02782009670778518,558.3746361077,521.7477366369375,True
XLV,2024-11-05T00:00:00.000Z,143.4366789759,-0.025956914157514666,565.1263625477,522.2268285102225,True
XLV,2024-11-06T00:00:00.000Z,143.6210074778,-0.03456371462105845,579.1785769381,522.7693376839944,True
XLV,2024-11-07T00:00:00.000Z,144.6590679885,-0.023957583294911378,583.6568628351,523.331665805779,True
XLV,2024-11-08T00:00:00.000Z,145.6971284991,-0.02410812918361893,586.1850855079,523.893821170951,True
XLV,2024-11-11T00:00:00.000Z,144.8433964904,-0.035155745120813875,586.7436463309,524.4617786581871,True
XLV,2024-11-12T00:00:00.000Z,142.8254844696,-0.03683349689237436,584.9209741715,525.001887353524,True
XLV,2024-11-13T00:00:00.000Z,142.4471259657,-0.042079853862304506,585.2051542394,525.545261369879,True
XLV,2024-11-14T00:00:00.000Z,140.2060794426,-0.05164380864912843,581.4422181683,526.1086991522844,True
XLV,2024-11-15T00:00:00.000Z,137.6060774159,-0.07372820479330655,573.9947405277,526.6042239183615,True
XLV,2024-11-18T00:00:00.000Z,137.7030924169,-0.06204982488578947,576.3465755721,527.086511105729,True
XLV,2024-11-19T00:00:00.000Z,136.9948829096,-0.06551518761151609,578.4534277994,527.5880692837625,True
XLV,2024-11-20T00:00:00.000Z,138.6150334263,-0.04999999999955462,578.6494140531,528.083666546827,True
XLV,2024-11-21T00:00:00.000Z,139.7307059377,-0.03600829931126759,581.7557961742,528.574798317352,True
XLV,2024-11-22T00:00:00.000Z,139.856825439,-0.029813580995221134,583.5588697083,529.073877633049,True
XLV,2024-11-25T00:00:00.000Z,141.0501099513,-0.022982326456969404,585.5383308707,529.5688754873111,True
XLV,2024-11-26T00:00:00.000Z,141.8068269591,-0.015026954178169016,588.5957164284,530.0802280918596,True
XLV,2024-11-27T00:00:00.000Z,142.5635439669,-0.007899000810296819,586.8122415197,530.6161541183941,True
XLV,2024-11-29T00:00:00.000Z,143.0098129715,0.0036767209097150477,590.4575858386,531.148513580086,True
XLV,2024-12-02T00:00:00.000Z,142.7575739689,-0.003993502098353141,591.5159116086,531.6694678097494,True
XLV,2024-12-03T00:00:00.000Z,142.4374244656,0.0003406690740677121,591.7902923637,532.2039282897571,True
XLV,2024-12-04T00:00:00.000Z,142.3598124648,-0.007507609063375886,595.4650346206,532.7701102622746,True
XLV,2024-12-05T00:00:00.000Z,140.7687664484,-0.019859497433485696,594.4851033521,533.329208396067,True
XLV,2024-12-06T00:00:00.000Z,139.9732434402,-0.032392193683098425,595.6120243109,533.843996164177,True
XLV,2024-12-09T00:00:00.000Z,140.3807064444,-0.036489545878269136,592.5448394405,534.3417491994155,True
XLV,2024-12-10T00:00:00.000Z,139.7986164384,-0.034829202947711746,590.7025686557,534.8393188345769,True
XLV,2024-12-11T00:00:00.000Z,137.8971224189,-0.03450618122530502,595.2690483669,535.3551583539845,True
XLV,2024-12-12T00:00:00.000Z,136.8008529076,-0.039637676224226426,592.2018634965,535.8589139539205,True
XLV,2024-12-13T00:00:00.000Z,136.7814499074,-0.024425685026033594,592.0842717443,536.3532477907935,True
XLV,2024-12-16T00:00:00.000Z,135.1515978906,-0.017836999436308232,594.612494417,536.837070407777,True
XLV,2024-12-17T00:00:00.000Z,135.0545828896,-0.019233478935110404,592.1626662458,537.3113134401494,True
XLV,2024-12-18T00:00:00.000Z,133.2209993708,-0.027547624105714208,574.5141041,537.722164803566,True
XLV,2024-12-19T00:00:00.000Z,132.2120433604,-0.04619260918264234,574.3377164716,538.1196601205675,True
XLV,2024-12-20T00:00:00.000Z,133.8807013776,-0.04186627785812724,581.2124713226,538.526969294369,True
XLV,2024-12-23T00:00:00.000Z,135.2114124895,-0.03321548973329269,584.692962143,538.9666789746315,True
XLV,2024-12-24T00:00:00.000Z,135.7668755895,-0.03745643561443612,591.19184472,539.4410187127751,True
XLV,2024-12-26T00:00:00.000Z,136.0397346561,-0.04066865063318392,591.2311722999,539.888859526367,True
XLV,2024-12-27T00:00:00.000Z,135.4063118228,-0.050203803475604825,585.0075827821,540.3095139206584,True
XLV,2024-12-30T00:00:00.000Z,133.7399225229,-0.0648199606445703,578.3317260955,540.7017398449169,True
XLV,2024-12-31T00:00:00.000Z,134.0615064229,-0.060914929444615296,576.2277005713,541.1005553760015,True
XLV,2025-01-02T00:00:00.000Z,134.1004862896,-0.05853053161610233,574.8119076952,541.4775391062616,True
XLV,2025-01-03T00:00:00.000Z,135.4160567895,-0.04877609456683507,581.9990229204,541.8765819823279,True
XLV,2025-01-06T00:00:00.000Z,135.4745265895,-0.03760947824204064,585.3516991061,542.269163477,True
XLV,2025-01-07T00:00:00.000Z,136.1469292894,-0.027336039779879195,578.7348337894,542.6202860976675,True
XLV,2025-01-08T00:00:00.000Z,136.8485668894,-0.02516114674489811,579.5803767571,542.9804566668636,True
XLV,2025-01-10T00:00:00.000Z,136.0787145228,-0.026609003796823072,570.7316712814,543.3033949576845,True
XLV,2025-01-13T00:00:00.000Z,137.852298456,-0.0003250536495159606,571.616541829,543.6354317672454,True
XLV,2025-01-14T00:00:00.000Z,136.4295333227,-0.002714307528117521,572.4030934268,543.9501728308691,True
XLV,2025-01-15T00:00:00.000Z,136.9849964227,0.0014881149120571369,582.8150702031,544.3174606706656,True
XLV,2025-01-16T00:00:00.000Z,137.530714556,0.017603318810376134,581.6942341762,544.683575050184,True
XLV,2025-01-17T00:00:00.000Z,136.6049427227,0.01147950554456445,587.5343797901,545.095054981863,True
XLV,2025-01-21T00:00:00.000Z,138.8657749892,0.04237151533962469,592.9124263403,545.530649860229,True
XLV,2025-01-22T00:00:00.000Z,138.5539360559,0.04796758702391801,596.2454387361,546.0137787718804,True
XLV,2025-01-23T00:00:00.000Z,140.4054797224,0.04873576458490003,599.4997959721,546.4870820428661,True
XLV,2025-01-24T00:00:00.000Z,140.6296139557,0.04007207207173247,597.749718667,546.9502229396794,True
XLV,2025-01-27T00:00:00.000Z,143.7869831555,0.05907263852966116,589.2942889903,547.3681653343585,True
XLV,2025-01-28T00:00:00.000Z,142.7832515889,0.04957020057299566,594.3577149013,547.836743257771,True
XLV,2025-01-29T00:00:00.000Z,141.9451844556,0.04829075206890754,591.6932713637,548.27310754257,True
XLV,2025-01-30T00:00:00.000Z,143.5823388555,0.07359370445959934,594.8689734399,548.7601631366206,True
XLV,2025-01-31T00:00:00.000Z,143.1243254222,0.06760194809918918,591.7031032586,549.2625504864454,True
XLV,2025-02-03T00:00:00.000Z,143.6797885222,0.07143376208131547,587.7211857946,549.749507658036,True
XLV,2025-02-04T00:00:00.000Z,143.2899898555,0.058146229130270566,591.6637756787,550.2706871693455,True
XLV,2025-02-05T00:00:00.000Z,144.6640301554,0.06783196662310575,594.0627580521,550.8088765831285,True
XLV,2025-02-06T00:00:00.000Z,143.3679495889,0.05303843676232067,596.1274559964,551.37861799056,True
XLV,2025-02-07T00:00:00.000Z,142.6955468889,0.04272591326605202,590.6707542865,551.8988736009314,True
XLV,2025-02-10T00:00:00.000Z,142.5688623223,0.047694070466932414,594.6821674354,552.4103135641379,True
XLV,2025-02-11T00:00:00.000Z,142.3057482223,0.03230595221247956,595.1344346042,552.925183404689,True
XLV,2025-02-12T00:00:00.000Z,142.1011039223,0.04157142857173679,593.2172150845,553.439815479646,True
XLV,2025-02-13T00:00:00.000Z,142.6565670223,0.04140285978545433,599.4801321822,553.9625373777681,True
XLV,2025-02-14T00:00:00.000Z,141.1071173224,0.026004393112810886,599.4506364973,554.4763477362116,True
XLV,2025-02-18T00:00:00.000Z,140.8342582557,0.030960194036208977,601.2105456974,555.0382985378405,True
XLV,2025-02-19T00:00:00.000Z,142.6663119889,0.027368421052599734,602.6263385735,555.615264648208,True
XLV,2025-02-20T00:00:00.000Z,143.4653992555,0.03544802363188326,600.1192053554,556.156908533224,True
XLV,2025-02-21T00:00:00.000Z,142.6955468889,0.016310383120571537,589.8547070037,556.616750469009,True
XLV,2025-02-24T00:00:00.000Z,143.8551979222,0.022936733421710986,587.1705996761,557.0374639551441,True
XLV,2025-02-25T00:00:00.000Z,145.0928086887,0.009081667231224833,584.2505268692,557.4408017911805,True
XLV,2025-02-26T00:00:00.000Z,144.0500972555,0.008872508872731721,584.5454837184,557.8453709653171,True
XLV,2025-02-27T00:00:00.000Z,143.4653992555,0.010709872305499024,575.2150153891,558.1887784075085,True
XLV,2025-02-28T00:00:00.000Z,145.1317885554,0.010791366906617528,584.1915354993,558.5738062718955,True
XLV,2025-03-03T00:00:00.000Z,145.7652113887,0.01845169197276353,573.9565328326,558.9073182983444,True
XLV,2025-03-04T00:00:00.000Z,144.4106610221,0.005086814975281406,567.1626934063,559.195224401886,True
XLV,2025-03-05T00:00:00.000Z,145.8626610553,0.01795429815016658,573.2584682895,559.4820587593285,True
XLV,2025-03-06T00:00:00.000Z,145.463117422,0.0055237453687804194,563.0824569925,559.7233201862675,True
XLV,2025-03-07T00:00:00.000Z,145.4728623887,0.014681892332531365,566.2384952788,559.97666142322,True
XLV,2025-03-10T00:00:00.000Z,143.9039227555,0.008468210066434834,551.1563683904,560.1516219827495,True
XLV,2025-03-11T00:00:00.000Z,142.3349831223,-0.0016404647984864518,546.574705333,560.2973446271975,True
XLV,2025-03-12T00:00:00.000Z,140.9122179891,-0.009792508388509646,549.4751143501,560.465018768797,True
XLV,2025-03-13T00:00:00.000Z,140.1618555558,-0.013646962007841767,542.1503525952,560.6149118333185,True
XLV,2025-03-14T00:00:00.000Z,141.233801889,-0.009973358836523838,553.3488809694,560.8038536879529,True
XLV,2025-03-17T00:00:00.000Z,143.0268757556,0.013604972375799829,557.6159233876,561.0123292531986,True
XLV,2025-03-18T00:00:00.000Z,143.0950905222,0.016053141433778118,551.5889717692,561.2087337643815,True
XLV,2025-03-19T00:00:00.000Z,143.1730502555,0.0035519125681149344,557.5962595977,561.452167255694,True
XLV,2025-03-20T00:00:00.000Z,143.2607549555,-0.001426436625569405,555.9838288221,561.664362520034,True
XLV,2025-03-21T00:00:00.000Z,142.8612113222,0.00116096428313206,556.1662380032,561.8753761934245,True
XLV,2025-03-24T00:00:00.000Z,143.9473258625,0.0006404213516832957,566.1263057429,562.1333175409915,True
XLV,2025-03-25T00:00:00.000Z,142.1082434798,-0.02057004227758419,567.4871862855,562.3674864553406,True
XLV,2025-03-26T00:00:00.000Z,141.5897787655,-0.017079603116380793,560.7123679319,562.5678299671505,True
XLV,2025-03-27T00:00:00.000Z,141.8147728868,-0.01150539696167685,559.2232884975,562.763892881686,True
XLV,2025-03-28T00:00:00.000Z,141.3745669973,-0.02588834324649536,547.9615089344,562.8956131755896,True
XLV,2025-03-31T00:00:00.000Z,142.8321376092,-0.020121905299328446,551.6398309809,563.03944416916,True
XLV,2025-04-01T00:00:00.000Z,140.2202493315,-0.029017329198144814,553.1979405877,563.169593760692,True
XLV,2025-04-02T00:00:00.000Z,141.1593552291,-0.032244755389570834,556.6987564764,563.311940305686,True
XLV,2025-04-03T00:00:00.000Z,140.0148199164,-0.03745483805213712,529.2641936528,563.3155072919985,True
XLV,2025-04-04T00:00:00.000Z,132.3356727331,-0.09030680664341184,498.2795076745,563.1431171014095,True
XLV,2025-04-07T00:00:00.000Z,131.5433021321,-0.08589495259556834,497.3919768858,562.95952145402,True
XLV,2025-04-08T00:00:00.000Z,130.0857315202,-0.08605931819006818,489.6014288517,562.744227761609,True
XLV,2025-04-09T00:00:00.000Z,135.7399316118,-0.03670573390378462,541.0190458763,562.7895812201206,True
XLV,2025-04-10T00:00:00.000Z,131.9541609623,-0.058558689601768577,517.3121123652,562.725045844825,True
XLV,2025-04-11T00:00:00.000Z,133.891066876,-0.05198992673702074,526.5424325675,562.6964531482055,True
XLV,2025-04-14T00:00:00.000Z,135.5247198437,-0.05245277065772902,531.650665329,562.6900800521455,True
XLV,2025-04-15T00:00:00.000Z,134.6932198302,-0.058715296669779926,530.1615858947,562.6720607583355,True
XLV,2025-04-16T00:00:00.000Z,133.3236903962,-0.06879339262328543,518.3771493116,562.605621283056,True
XLV,2025-04-17T00:00:00.000Z,132.5411021482,-0.07482616443442425,519.1167583021,562.5374090426735,True
XLV,2025-04-21T00:00:00.000Z,129.6846550431,-0.09223326721892644,506.760357433,562.3894881257096,True
XLV,2025-04-22T00:00:00.000Z,132.1204609649,-0.08216106014291058,519.9451203716,562.295523626442,True
XLV,2025-04-23T00:00:00.000Z,132.7758786226,-0.06567081985308287,528.0019276422,562.226309970691,True
XLV,2025-04-24T00:00:00.000Z,134.3997492372,-0.05078071023903541,539.1157854072,562.2095394265905,True
XLV,2025-04-25T00:00:00.000Z,135.0453845418,-0.04773401393381982,543.0110594242,562.209607540584,True
XLV,2025-04-28T00:00:00.000Z,135.5834139623,-0.0409631884857381,543.2181499416,562.18384552207,True
XLV,2025-04-29T00:00:00.000Z,136.248613973,-0.04609273337498487,546.6400742046,562.198834839754,True
XLV,2025-04-30T00:00:00.000Z,137.4127139919,-0.020022324542888326,546.8570261752,562.197763789349,True
XLV,2025-05-01T00:00:00.000Z,133.6660727547,-0.05308385308390284,550.7325772858,562.2085481306706,True
XLV,2025-05-02T00:00:00.000Z,135.5149374906,-0.03213861524434902,558.9077219949,562.2439423049256,True
XLV,2025-05-05T00:00:00.000Z,135.1334257197,0.021141336487876528,555.7027497024,562.301998060254,True
XLV,2025-05-06T00:00:00.000Z,131.4063491887,-0.0010411244143959664,551.0580052416,562.3577364031339,True
XLV,2025-05-07T00:00:00.000Z,132.4139315579,0.017897428184416198,553.3754467454,562.442988625769,True
XLV,2025-05-08T00:00:00.000Z,131.2204844798,-0.033294897664491674,557.2312749496,562.5198728600365,True
XLV,2025-05-09T00:00:00.000Z,129.7922609272,-0.01638372006865063,556.5212503186,562.597456618246,True
XLV,2025-05-12T00:00:00.000Z,133.0008727439,-0.0066486446995334125,574.9128605508,562.8283008081501,True
XLV,2025-05-13T00:00:00.000Z,128.9998903261,-0.04814494009008141,578.7095200358,563.0919030136549,True
XLV,2025-05-14T00:00:00.000Z,125.9673608652,-0.06478320865742304,579.4491290263,563.329748813545,True
XLV,2025-05-15T00:00:00.000Z,127.6205785391,-0.04277643260662811,582.2793660969,563.580182710201,True
XLV,2025-05-16T00:00:00.000Z,130.1933374043,-0.01771348438973186,585.9675495966,563.862539163421,True
XLV,2025-05-19T00:00:00.000Z,131.4454786011,0.01357773251904626,586.6085440551,564.105066806264,True
XLV,2025-05-20T00:00:00.000Z,131.7682962534,-0.0026654820073142016,584.6362534136,564.375833280215,True
XLV,2025-05-21T00:00:00.000Z,128.7162020862,-0.03057540705822892,574.7846616591,564.646725625449,True
XLV,2025-05-22T00:00:00.000Z,127.708619717,-0.04978528277155436,575.0114750829,564.994561834287,True
XLV,2025-05-23T00:00:00.000Z,127.5031903019,-0.055849329952964655,571.0866167063,565.2994739619869,True
XLV,2025-05-27T00:00:00.000Z,129.283578566,-0.046464646465177006,582.9598063683,565.6807994729025,True
XLV,2025-05-28T00:00:00.000Z,128.6183785552,-0.0560022975302491,579.5871893713,565.986694923327,True
XLV,2025-05-29T00:00:00.000Z,129.479225628,-0.057734747633087724,581.8750465154,566.2925995741775,True
XLV,2025-05-30T00:00:00.000Z,129.7531315148,-0.029274004683902843,581.2241906037,566.5938822429555,True
XLV,2025-06-02T00:00:00.000Z,129.8313903396,-0.041940373926632524,584.4981930686,566.868696527462,True
XLV,2025-06-03T00:00:00.000Z,130.1346432857,-0.036991457941491834,587.8313642528,567.151823913251,True
XLV,2025-06-04T00:00:00.000Z,130.3889844663,-0.007742127596430448,587.6735810015,567.388637427678,True
XLV,2025-06-05T00:00:00.000Z,130.2129021105,-0.016622340425241244,584.8334824777,567.60519348121,True
XLV,2025-06-06T00:00:00.000Z,131.4552609542,0.0017891754883450073,590.8391074811,567.825889005032,True
XLV,2025-06-09T00:00:00.000Z,131.2302668329,0.01107928851402451,591.3716259544,568.0536921543905,True
XLV,2025-06-10T00:00:00.000Z,132.7269668571,-0.0020594292439526374,594.7245200449,568.2888812426775,True
XLV,2025-06-11T00:00:00.000Z,132.7954433288,0.029422916508728525,593.0283500932,568.5370819492815,True
XLV,2025-06-12T00:00:00.000Z,133.8323727574,0.06243690300550542,595.3852374099,568.768198800122,True
XLV,2025-06-13T00:00:00.000Z,133.1671727466,0.04346159742412259,588.7287564947,568.972578679846,True
XLV,2025-06-16T00:00:00.000Z,132.7563139164,0.01968592681621617,594.3300619166,569.2012039047665,True
XLV,2025-06-17T00:00:00.000Z,130.5650668221,-0.00669792364385402,589.2514135147,569.4203598526605,True
XLV,2025-06-18T00:00:00.000Z,130.3400727008,-0.010838901262359979,589.1626604358,569.6388278025685,True
XLV,2025-06-20T00:00:00.000Z,129.7140021024,0.007751937984712853,587.7831585111,569.8243630485705,True
XLV,2025-06-23T00:00:00.000Z,129.9002404972,0.017161103025438607,593.5889859669,570.0955893931416,True
XLV,2025-06-24T00:00:00.000Z,131.4925406607,0.03128823952839199,600.1465048822,570.405122988863,True
XLV,2025-06-25T00:00:00.000Z,131.6104888209,0.017998498190643142,600.4827879034,570.7228834331501,True
XLV,2025-06-26T00:00:00.000Z,131.9250172483,0.025708912911546866,605.1808595244,571.109317265019,True
XLV,2025-06-27T00:00:00.000Z,131.639975861,0.01668800707233098,608.1876253619,571.4812327824715,True
XLV,2025-06-30T00:00:00.000Z,132.4852710095,0.021056443592564422,611.0954844284,571.8560621238885,True
XLV,2025-07-01T00:00:00.000Z,134.3724415736,0.03497652780365357,610.8976708864,572.2024018077625,True
XLV,2025-07-02T00:00:00.000Z,133.0455247707,0.022368228870535356,613.6670604735,572.5397771155004,True
XLV,2025-07-03T00:00:00.000Z,133.1831309577,0.02142931400867054,618.5036015739,572.8870719453815,True
XLV,2025-07-07T00:00:00.000Z,132.0626234353,0.014205361333781585,613.8945460468,573.2072672366035,True
XLV,2025-07-08T00:00:00.000Z,132.6621932499,0.0091813160381653,613.5582630255,573.524657642797,True
XLV,2025-07-09T00:00:00.000Z,133.1733019444,0.014806303137172794,617.2375949055,573.8686020769555,True
XLV,2025-07-10T00:00:00.000Z,133.9891100528,0.00950931996403459,618.9783540745,574.1744553423765,True
XLV,2025-07-11T00:00:00.000Z,132.8784315437,0.0006249326996450311,616.8024051132,574.4742376512985,True
XLV,2025-07-14T00:00:00.000Z,132.72116733,-0.008302964406185387,617.9793956878,574.772947401087,True
XLV,2025-07-15T00:00:00.000Z,130.3327170848,-0.021284942852947575,615.3385849029,575.050466657113,True
XLV,2025-07-16T00:00:00.000Z,131.9545042884,-0.0060397099342854865,617.395845739,575.344445784311,True
XLV,2025-07-17T00:00:00.000Z,130.4506652451,-0.000876203564892819,621.17408439,575.6462428814295,True
XLV,2025-07-18T00:00:00.000Z,129.5857120698,-0.0057876339591405035,620.7191132436,575.9498318375805,True
XLV,2025-07-21T00:00:00.000Z,128.8485360682,-0.006672109565448392,621.8961038181,576.2480855335795,True
XLV,2025-07-22T00:00:00.000Z,131.2468153268,0.010366222760219035,621.985119912,576.571968543649,True
XLV,2025-07-23T00:00:00.000Z,133.939964986,0.01861264763006809,627.2766321588,576.92113319743,True
XLV,2025-07-24T00:00:00.000Z,133.4386853049,0.013890963405567724,627.4843363778,577.2764320149024,True
XLV,2025-07-25T00:00:00.000Z,134.1463742665,0.016838027119747245,630.1350378398,577.6197021129575,True
XLV,2025-07-28T00:00:00.000Z,132.9767216773,0.010154558351723297,629.9767870062,577.9875611766985,True
XLV,2025-07-29T00:00:00.000Z,132.1314265287,-0.0026708212777452056,628.315153254,578.320800917119,True
XLV,2025-07-30T00:00:00.000Z,131.8955302082,-0.018433179723413184,627.5238990862,578.6306327510209,True
XLV,2025-07-31T00:00:00.000Z,128.1998211868,-0.03642139479889639,625.1699179372,578.933643332084,True
XLV,2025-08-01T00:00:00.000Z,128.8878521217,-0.03225092250882888,614.9231764648,579.1685163914029,True
XLV,2025-08-04T00:00:00.000Z,130.7357066324,-0.010047633224173236,624.2698663214,579.4268985289415,True
XLV,2025-08-05T00:00:00.000Z,130.2344269513,-0.018300363043348367,621.1048496504,579.69170002292,True
XLV,2025-08-06T00:00:00.000Z,128.2784532937,-0.0367554801092459,625.8622653339,579.967941461333,True
XLV,2025-08-07T00:00:00.000Z,126.8041012904,-0.053623826291320675,625.3380594478,580.2413168874986,True
XLV,2025-08-08T00:00:00.000Z,127.9344378262,-0.037206894001259094,630.2141632566,580.5280976025006,True
XLV,2025-08-11T00:00:00.000Z,128.0622149998,-0.035103310375622976,628.9679379424,580.8133508610205,True
XLV,2025-08-12T00:00:00.000Z,128.9468262018,-0.010633484162677953,635.6639263369,581.133602954979,True
XLV,2025-08-13T00:00:00.000Z,131.0109190063,-0.007150837989112313,637.8398752982,581.4908499620494,True
XLV,2025-08-14T00:00:00.000Z,131.6694629011,0.009342977697430976,637.8992193608,581.842269119005,True
XLV,2025-08-15T00:00:00.000Z,133.8809909059,0.033146237864452255,636.4057271192,582.187200746021,True
XLV,2025-08-18T00:00:00.000Z,133.5664624785,0.036616065298582745,636.2672576398,582.522669640787,True
XLV,2025-08-19T00:00:00.000Z,134.4215866404,0.02418932075185909,632.815411333,582.836273627057,True
XLV,2025-08-20T00:00:00.000Z,135.1489336287,0.009026197989721485,631.1339962266,583.150093932958,True
XLV,2025-08-21T00:00:00.000Z,134.6967990143,0.009428403064113633,628.6019828898,583.5069632647895,True
XLV,2025-08-22T00:00:00.000Z,135.8074775234,0.01238276670527072,638.2552837363,583.9003399256316,True
XLV,2025-08-25T00:00:00.000Z,133.8711618925,0.006726291669083118,635.4463314408,584.2856984022969,True
XLV,2025-08-26T00:00:00.000Z,134.7066280277,0.01948969724050209,638.1069235798,584.6506012074575,True
XLV,2025-08-27T00:00:00.000Z,134.6279959209,0.020716893956806093,639.5608531131,584.9525125883325,True
XLV,2025-08-28T00:00:00.000Z,134.0972291997,0.04600168672861793,641.8258181682,585.243357364998,True
XLV,2025-08-29T00:00:00.000Z,135.0801305352,0.0480439258748222,637.9981261318,585.5024225681175,True
XLV,2025-09-02T00:00:00.000Z,135.2079077088,0.034207954288837605,633.2703824795,585.7350562488605,True
XLV,2025-09-03T00:00:00.000Z,134.5690218407,0.033283018867360514,636.7024474321,585.9939636151635,True
XLV,2025-09-04T00:00:00.000Z,135.0801305352,0.053022756876614396,642.0236317102,586.2780560025175,True
XLV,2025-09-05T00:00:00.000Z,135.5420941629,0.06890938686982007,640.164184416,586.571665833756,True
XLV,2025-09-08T00:00:00.000Z,135.4929490961,0.05908113091619871,641.7368020744,586.9103761414895,True
XLV,2025-09-09T00:00:00.000Z,136.2202960843,0.06370404482315672,643.2204036389,587.2447452818235,True
XLV,2025-09-10T00:00:00.000Z,134.9818404016,0.046802347739488326,645.0798509331,587.577877397492,True
XLV,2025-09-11T00:00:00.000Z,137.3309745934,0.0482406782200806,650.4405979196,587.9368333168245,True
XLV,2025-09-12T00:00:00.000Z,135.7485034433,0.03097939683451023,650.2230030235,588.279169351071,True
XLV,2025-09-15T00:00:00.000Z,134.5886798674,0.0052859555095272626,653.6847400074,588.6297987025665,True
XLV,2025-09-16T00:00:00.000Z,134.5886798674,0.0076532489513567725,652.7846883915,588.9660304901705,True
XLV,2025-09-17T00:00:00.000Z,134.854063228,0.003217315004300225,651.9736528696,589.2829201723765,True
XLV,2025-09-18T00:00:00.000Z,135.1194465886,-0.00021818181844501794,655.0199814154,589.6239588718549,True
XLV,2025-09-19T00:00:00.000Z,134.9425243482,0.0018242848805480882,658.2553346475,589.9629476158996,True
XLV,2025-09-22T00:00:00.000Z,134.9079930585,-0.006623232249822197,661.3695756462,590.3122159360876,True
XLV,2025-09-23T00:00:00.000Z,135.2140859945,0.010031466695406666,657.7693543643,590.6421112460905,True
XLV,2025-09-24T00:00:00.000Z,134.6710178822,-0.0002643533285731081,655.6766637569,590.9431693917719,True
XLV,2025-09-25T00:00:00.000Z,132.439501639,-0.016255863180090868,652.651684443,591.2340022972264,True
XLV,2025-09-26T00:00:00.000Z,133.7922349369,-0.002274426284720521,656.3907572343,591.5378959618434,True
XLV,2025-09-29T00:00:00.000Z,134.187193564,-0.006610424254567149,658.2354987176,591.866349258229,True
XLV,2025-09-30T00:00:00.000Z,137.4159803407,0.016330942984899677,660.7149899586,592.2164113647435,True
XLV,2025-10-01T00:00:00.000Z,141.6617855823,0.05270725494308981,662.9663680053,592.5548979629355,True
XLV,2025-10-02T00:00:00.000Z,141.3853145433,0.04667736093471553,663.7300513075,592.9125389019905,True
XLV,2025-10-03T00:00:00.000Z,142.9947709488,0.05498422340253262,663.7201333426,593.270718209982,True
XLV,2025-10-06T00:00:00.000Z,142.3035933513,0.05026567286810968,666.1004449339,593.6281579625665,True
XLV,2025-10-07T00:00:00.000Z,142.4122069738,0.045455127227649994,663.6308716579,593.985498989627,True
XLV,2025-10-08T00:00:00.000Z,142.6886780128,0.05709536622311928,667.5881396785,594.4508691675195,True
XLV,2025-10-09T00:00:00.000Z,142.3727111111,0.036712304217072944,665.6541365105,594.907451267714,True
XLV,2025-10-10T00:00:00.000Z,140.31892625,0.03366831081573585,647.6629480662,595.239703651432,True
XLV,2025-10-13T00:00:00.000Z,140.1609427992,0.041402166491936176,657.6007489599,595.6042425855164,True
XLV,2025-10-14T00:00:00.000Z,140.5460274606,0.0442633630040008,656.7973937978,595.9322703309056,True
XLV,2025-10-15T00:00:00.000Z,140.7632547056,0.043819157807720055,659.7132754972,596.274680846892,True
XLV,2025-10-16T00:00:00.000Z,140.5262795293,0.04001520933668612,655.2204373686,596.6257451198245,True
XLV,2025-10-17T00:00:00.000Z,141.4643062687,0.048330072021414594,658.93967423,597.028784860497,True
XLV,2025-10-20T00:00:00.000Z,142.9651490517,0.059723340408052605,665.79298802,597.4766112977404,True
XLV,2025-10-21T00:00:00.000Z,143.3008638848,0.05980721483876272,665.7830700551,597.93146710954,True
XLV,2025-10-22T00:00:00.000Z,144.1204030361,0.07016643448975479,662.3217002827,598.3330804963515,True
XLV,2025-10-23T00:00:00.000Z,144.1993947615,0.08879445314249801,666.2492144084,598.737568072863,True
XLV,2025-10-24T00:00:00.000Z,144.1895207958,0.07771217712151723,671.6941771735,599.2023647897836,True
XLV,2025-10-27T00:00:00.000Z,144.5252356289,0.0770419426051212,679.6186311796,599.702556061896,True
XLV,2025-10-28T00:00:00.000Z,143.6168307865,0.04512466767275547,681.423700803,600.256016209504,True
XLV,2025-10-29T00:00:00.000Z,142.1653578318,0.003554750121425254,681.7509936468,600.8066884685929,True
XLV,2025-10-30T00:00:00.000Z,142.4813247335,0.007751937984084911,674.2530121341,601.3159380621295,True
XLV,2025-10-31T00:00:00.000Z,142.4319549051,-0.0039359204533535586,676.4647183211,601.7841863027195,True
XLV,2025-11-03T00:00:00.000Z,142.6294342187,0.0022897585347376737,677.7342178364,602.2643862210206,True
XLV,2025-11-04T00:00:00.000Z,143.2712419878,0.006032032170936397,669.7006662158,602.675217653149,True
XLV,2025-11-05T00:00:00.000Z,143.8241840657,0.007957926786581693,672.0214700173,603.070762871534,True
XLV,2025-11-06T00:00:00.000Z,144.1006551047,0.01213676399160235,664.8111094886,603.4135912252965,True
XLV,2025-11-07T00:00:00.000Z,144.2981344183,0.028358313982608685,665.4656951762,603.743420721317,True
XLV,2025-11-10T00:00:00.000Z,145.4237665056,0.03754843254685958,675.8498044933,604.1339211504485,True
XLV,2025-11-11T00:00:00.000Z,148.7809148361,0.05859210341472343,677.3970070277,604.5744347406355,True
XLV,2025-11-12T00:00:00.000Z,150.8939434912,0.07196969696948163,677.7738896963,604.9915156146104,True
XLV,2025-11-13T00:00:00.000Z,150.8149517658,0.07321528948864531,666.5269174273,605.3656838449285,True
XLV,2025-11-14T00:00:00.000Z,149.9164208891,0.0597473302159055,666.4178198127,605.7234280767925,True
XLV,2025-11-17T00:00:00.000Z,149.7880593352,0.047724290351578214,660.2091737454,606.0659584292265,True
XLV,2025-11-18T00:00:00.000Z,150.6668422806,0.05140219113906763,654.6650313306,606.4006776569065,True
XLV,2025-11-19T00:00:00.000Z,150.410119173,0.04364209372440153,657.1941123964,606.728329340495,True
XLV,2025-11-20T00:00:00.000Z,149.5115882963,0.03683922213117574,647.176967783,606.9939003891495,True
XLV,2025-11-21T00:00:00.000Z,152.6613833475,0.058755050331970926,653.6236450094,607.2813813342144,True
XLV,2025-11-24T00:00:00.000Z,153.3031911166,0.060736489717541975,663.2440710243,607.6442479179036,True
XLV,2025-11-25T00:00:00.000Z,156.7689530696,0.0915778618082157,669.4824709866,608.0182494356595,True
XLV,2025-11-26T00:00:00.000Z,156.4233642709,0.10029170718206237,674.1042426597,608.413098475937,True
XLV,2025-11-28T00:00:00.000Z,155.6630689137,0.09251559251610963,677.7838076613,608.835931438821,True
XLV,2025-12-01T00:00:00.000Z,153.3328130136,0.07653379549387673,674.6894025925,609.2119777908724,True
XLV,2025-12-02T00:00:00.000Z,152.4145342056,0.06860505365180147,675.939066178,609.594419939276,True
XLV,2025-12-03T00:00:00.000Z,153.1254597344,0.06878015161925588,678.2797059094,609.979765740336,True
XLV,2025-12-04T00:00:00.000Z,151.9603317844,0.05657009474139185,678.7756041576,610.3605120682565,True
XLV,2025-12-05T00:00:00.000Z,151.328397981,0.050157599013332055,680.0649396029,610.760240739494,True
XLV,2025-12-08T00:00:00.000Z,149.5214622619,0.036198166141623966,678.0218388204,611.2010763985775,True
XLV,2025-12-09T00:00:00.000Z,148.0699893073,0.018196632265043755,677.4366788875,611.6524067946344,True
XLV,2025-12-10T00:00:00.000Z,150.2225138251,0.009689408017070633,681.9295170161,612.140801745369,True
XLV,2025-12-11T00:00:00.000Z,151.6443648827,0.0049731710507239235,683.5163914103,612.6356562838286,True
XLV,2025-12-12T00:00:00.000Z,152.1183152353,0.008642136964801761,676.1671793722,613.140417103744,True
XLV,2025-12-15T00:00:00.000Z,154.1326042336,0.02812355924384624,675.1456289809,613.595187571152,True
XLV,2025-12-16T00:00:00.000Z,152.1281892009,0.015622940013283682,673.3008874976,614.091909344477,True
XLV,2025-12-17T00:00:00.000Z,151.8517181619,0.007864211284745126,665.8921676697,614.585556715794,True
XLV,2025-12-18T00:00:00.000Z,151.9702057501,0.010372218210302764,670.9205759063,615.073867253878,True
XLV,2025-12-19T00:00:00.000Z,152.9872242149,0.0232465988637085,676.9837928698,615.6433739332645,True
XLV,2025-12-22T00:00:00.000Z,153.9912307678,0.00871109242651702,681.2013266005,616.218188089873,True
XLV,2025-12-23T00:00:00.000Z,153.6838432498,0.0024830020199022584,684.3147418309,616.8839799570756,True
XLV,2025-12-24T00:00:00.000Z,154.4870170871,-0.014556045299906284,686.7219191017,617.5847160259191,True
XLV,2025-12-26T00:00:00.000Z,154.7349102467,-0.010794129330167657,686.6522900071,618.270601904204,True
XLV,2025-12-29T00:00:00.000Z,154.4969328134,-0.007491411472470011,684.2053246822,618.980876764639,True
XLV,2025-12-30T00:00:00.000Z,154.3680283704,0.006751427411092914,683.3697755469,619.6309812375265,True
XLV,2025-12-31T00:00:00.000Z,153.4954444485,0.007091910548648217,678.3067456674,620.2344353489254,True
XLV,2026-01-02T00:00:00.000Z,154.1994610219,0.007013864901126654,679.5501223569,620.8742411018641,True
XLV,2026-01-05T00:00:00.000Z,153.7334218818,0.011668111516863755,684.0760135065,621.5066398714081,True
XLV,2026-01-06T00:00:00.000Z,156.7577184294,0.03587773690091978,688.1443420345,622.16744243747,True
XLV,2026-01-07T00:00:00.000Z,158.3144874719,0.05880777967913553,685.9261580205,622.8162420375565,True
XLV,2026-01-08T00:00:00.000Z,156.7874656085,0.05887402533073738,685.8565289259,623.4148931534714,True
XLV,2026-01-09T00:00:00.000Z,155.9842917713,0.03835495625448182,690.392367089,624.029419057489,True
XLV,2026-01-12T00:00:00.000Z,156.053701856,0.029076827066476962,691.4765915623,624.683240175641,True
XLV,2026-01-13T00:00:00.000Z,155.4190953673,0.02169876866499787,690.0939566836,625.3375935165715,True
XLV,2026-01-14T00:00:00.000Z,156.5296567225,0.015551884695771845,686.7020250747,626.031296097273,True
XLV,2026-01-15T00:00:00.000Z,155.6372413478,0.023066416325155492,688.5720636157,626.715957260447,True
XLV,2026-01-16T00:00:00.000Z,154.4275227287,0.01696263037375556,687.9951368317,627.389943241667,True
XLV,2026-01-20T00:00:00.000Z,154.0903880316,0.013951302303205626,673.9897418015,627.9763981682925,True
XLV,2026-01-21T00:00:00.000Z,156.9262857779,0.025747650388550314,681.7683063709,628.7389187318829,True
XLV,2026-01-22T00:00:00.000Z,156.9560329571,0.019253058596372608,685.3293372095,629.674167879558,True
XLV,2026-01-23T00:00:00.000Z,156.1528591198,0.01606555261626852,685.5780125474,630.615098057866,True
XLV,2026-01-26T00:00:00.000Z,156.7676341557,0.014762516045695673,689.0594672779,631.612388249997,True
XLV,2026-01-27T00:00:00.000Z,154.1399666636,-0.003844921499301268,691.8048430083,632.366317235657,True
XLV,2026-01-28T00:00:00.000Z,153.0095738556,-0.009627109941376166,691.7352139137,633.2384327433996,True
XLV,2026-01-29T00:00:00.000Z,152.5237032627,-0.011947584789219534,690.3625260485,634.0575332108045,True
XLV,2026-01-30T00:00:00.000Z,153.4359500902,-0.00038759689913758777,688.3034942507,634.840797355413,True
XLV,2026-02-02T00:00:00.000Z,154.3779440968,0.0011574818337054538,691.7252669002,635.6486157604405,True
XLV,2026-02-03T00:00:00.000Z,152.8013436015,-0.006062951496758062,685.8764229529,636.486112128647,True
XLV,2026-02-04T00:00:00.000Z,154.7150787939,-0.013030552217560887,682.5541204386,637.3032989393295,True
XLV,2026-02-05T00:00:00.000Z,153.535107354,-0.03018915194825955,674.0295298556,638.1396448014425,True
XLV,2026-02-06T00:00:00.000Z,156.3809208267,-0.0025929673665060493,686.9606474261,638.9747224367151,True
XLV,2026-02-09T00:00:00.000Z,155.0026348591,-0.0062933062108541105,690.2730029269,639.7860778131385,True
XLV,2026-02-10T00:00:00.000Z,154.0209779469,-0.013025797433345865,688.4526994535,640.53276238337,True
XLV,2026-02-11T00:00:00.000Z,154.9332247744,-0.003126196248612434,688.2935472372,641.259174822435,True
XLV,2026-02-12T00:00:00.000Z,154.6853316148,-0.011782592170183293,677.6601897889,641.9313850216715,True
XLV,2026-02-13T00:00:00.000Z,156.3412579212,0.004523445463973097,678.1376464376,642.5888728828365,True
XLV,2026-02-17T00:00:00.000Z,156.0437861296,0.01046616155165192,679.2318179243,643.250746841582,True
XLV,2026-02-18T00:00:00.000Z,156.3412579212,0.014607464607970133,682.6535905738,643.910351908022,True
XLV,2026-02-19T00:00:00.000Z,155.9347131393,-0.006318716037180705,680.8531811274,644.5200792036845,True
XLV,2026-02-20T00:00:00.000Z,155.4984211784,-0.00928675216389041,685.7769528177,645.1704502192609,True
XLV,2026-02-23T00:00:00.000Z,157.2039261167,0.0067310134622229345,678.7742553026,645.809031469566,True
XLV,2026-02-24T00:00:00.000Z,156.5395724489,-0.0014547754581375472,683.7079740064,646.460694105871,True
XLV,2026-02-25T00:00:00.000Z,156.4999095433,0.015310389192248808,689.4772418456,647.1219239403509,True
XLV,2026-02-26T00:00:00.000Z,156.0933647615,0.020154234981467622,685.647641642,647.767555896968,True
XLV,2026-02-27T00:00:00.000Z,158.8499366967,0.04147705109876587,682.3551801683,648.3047674950554,True
XLV,2026-03-02T00:00:00.000Z,157.1940103903,0.024492697427759058,682.7431136954,648.8249354633535,True
XLV,2026-03-03T00:00:00.000Z,155.4190953673,0.0067441711093596535,676.7251705184,649.311315670814,True
XLV,2026-03-04T00:00:00.000Z,155.7264828853,0.019143413368331474,681.4997370059,649.807417525359,True
XLV,2026-03-05T00:00:00.000Z,152.6129448002,-0.013587130679746484,677.6999778429,650.2660796665905,True
XLV,2026-03-06T00:00:00.000Z,151.4131419075,-0.013820718160618806,668.8172947733,650.6771234201815,True
XLV,2026-03-09T00:00:00.000Z,152.9599952237,-0.02187559444538023,674.6760857341,651.127322581784,True
XLV,2026-03-10T00:00:00.000Z,151.8593495949,-0.020278915045910617,673.5918612609,651.621358579793,True
XLV,2026-03-11T00:00:00.000Z,151.5618778033,-0.0159660078541235,672.7463651121,652.110033029939,True
XLV,2026-03-12T00:00:00.000Z,148.8945474056,-0.038975999999954714,662.5307822314,652.5672538575645,True
XLV,2026-03-13T00:00:00.000Z,148.5276655293,-0.03980769230811043,658.7807581359,652.9463586164024,True
XLV,2026-03-16T00:00:00.000Z,149.7373841484,-0.04224012177341263,665.4850452456,653.375847895774,True
XLV,2026-03-17T00:00:00.000Z,148.3789296336,-0.04911990849564529,667.2357196243,653.8026512613185,True
XLV,2026-03-18T00:00:00.000Z,145.8999980372,-0.06678505739836549,657.9253149736,654.186156883168,True
XLV,2026-03-19T00:00:00.000Z,145.3744645387,-0.06772224341841238,656.3039517705,654.5451856766775,True
XLV,2026-03-20T00:00:00.000Z,144.1052515614,-0.07326871572495819,646.9209329264,654.8406335200456,True
XLV,2026-03-23T00:00:00.000Z,144.1396393005,-0.08310407468132663,653.713617684,655.170833703458,True
XLV,2026-03-24T00:00:00.000Z,144.159552216,-0.07908556308943071,651.519211448,655.5042623483095,True
XLV,2026-03-25T00:00:00.000Z,145.6032385943,-0.06962733065340931,655.1499563111,655.8258165924594,True
XLV,2026-03-26T00:00:00.000Z,145.1054157053,-0.07039344095752453,643.4497812441,656.086207368908,True
XLV,2026-03-27T00:00:00.000Z,142.6362141755,-0.10206943017017178,632.4777500644,656.2749735190056,True
XLV,2026-03-30T00:00:00.000Z,143.1937758113,-0.089063409885902,630.3631404189,656.461647470634,True
XLV,2026-03-31T00:00:00.000Z,145.9716275322,-0.060787046873313266,648.6864324889,656.7281534460291,True
XLV,2026-04-01T00:00:00.000Z,147.0867508038,-0.05548017216739931,653.5739736508,657.0523795318094,True
XLV,2026-04-02T00:00:00.000Z,146.1707566879,-0.042212592914277924,654.1624735049,657.351541589751,True
XLV,2026-04-06T00:00:00.000Z,145.6430644255,-0.038108168216501426,657.2545913828,657.6915574790916,True
XLV,2026-04-07T00:00:00.000Z,145.9318017011,-0.04594791933878817,657.543854023,658.0334634470274,True
XLV,2026-04-08T00:00:00.000Z,149.0183036133,-0.01870840346135283,674.2911634327,658.4660034716355,True
XLV,2026-04-09T00:00:00.000Z,148.6797840488,-0.019015954382938238,678.1812472146,658.8889647778741,True
XLV,2026-04-10T00:00:00.000Z,146.6685795769,-0.01494996202000809,677.7323913936,659.276894210431,True
XLV,2026-04-13T00:00:00.000Z,147.3257057905,-0.008092497343957117,684.3555083966,659.6962578128971,True
XLV,2026-04-14T00:00:00.000Z,148.1819611597,-0.010387673042013823,692.6942520931,660.1338247757405,True
XLV,2026-04-15T00:00:00.000Z,147.1265766349,-0.008440234754304332,698.1603185354,660.583688241608,True
XLV,2026-04-16T00:00:00.000Z,145.9716275322,0.000490949252663686,699.8759452289,661.0275905456106,True
XLV,2026-04-17T00:00:00.000Z,148.1520917864,0.019106706645585447,708.3343838111,661.5147741102342,True
XLV,2026-04-20T00:00:00.000Z,146.7781006125,0.01854789483477748,706.9179943315,661.981028779524,True
XLV,2026-04-21T00:00:00.000Z,145.2846319453,0.007943634730575022,702.2897920884,662.3999597320966,True
XLV,2026-04-22T00:00:00.000Z,145.7426290033,0.010981421369345101,709.4016632076,662.8774953179004,True
XLV,2026-04-23T00:00:00.000Z,145.6032385943,0.0,706.6486808389,663.3429474069676,True
XLV,2026-04-24T00:00:00.000Z,143.5522082914,-0.01070399341299888,712.1247218549,663.8173830417145,True
XLV,2026-04-27T00:00:00.000Z,142.8353433311,0.0013960631018641312,713.3515944323,664.2892492435035,True
XLV,2026-04-28T00:00:00.000Z,143.2136887268,0.00013906271684782645,709.88044275,664.7546394316873,True
XLV,2026-04-29T00:00:00.000Z,142.2180429487,-0.025714480594333122,709.7707224382,665.2135960654394,True
XLV,2026-04-30T00:00:00.000Z,145.3543271498,-0.011778244094268309,716.8327206884,665.721066744367,True
XLV,2026-05-01T00:00:00.000Z,144.527941154,-0.011239016415627523,718.8176608745,666.2281758200446,True
XLV,2026-05-04T00:00:00.000Z,144.0998134694,-0.010596117035764574,716.1843733914,666.7032272650515,True
XLV,2026-05-05T00:00:00.000Z,144.6673315629,-0.008664801800980393,721.9297279,667.2092803383334,True
XLV,2026-05-06T00:00:00.000Z,144.7668961407,-0.028529431415568407,731.9641491425,667.7596205649555,True
XLV,2026-05-07T00:00:00.000Z,144.0898570116,-0.03087122480412996,729.7198700376,668.2982943155835,True
XLV,2026-05-08T00:00:00.000Z,142.8652127045,-0.02593170864115324,735.7445126126,668.8406337178525,True
XLV,2026-05-11T00:00:00.000Z,142.4171721043,-0.03331756437114941,737.4202410109,669.390313241018,True
XLV,2026-05-12T00:00:00.000Z,145.2149367409,-0.020022844856280142,736.3030887454,669.921153495546,True
XLV,2026-05-13T00:00:00.000Z,146.0711921101,-0.0071733098733004486,740.4225877246,670.4733824991381,True
XLV,2026-05-14T00:00:00.000Z,145.9915404478,0.0001364163429335985,746.2676879713,671.0631451727246,True
XLV,2026-05-15T00:00:00.000Z,144.4682024073,-0.024865591397867703,737.2905715515,671.6119785350509,True
XLV,2026-05-18T00:00:00.000Z,145.0855027897,-0.011531678198156592,736.771893714,672.1699884139349,True
XLV,2026-05-19T00:00:00.000Z,146.6785360347,0.009594298245700239,731.8644034045,672.7546945486334,True
XLV,2026-05-20T00:00:00.000Z,146.4893633369,0.00512365077195831,739.3652829019,673.330171631536,True
XLV,2026-05-21T00:00:00.000Z,147.5049220306,0.013060722101097877,740.8315452504,673.928805109536,True
XLV,2026-05-22T00:00:00.000Z,149.2373456845,0.03960327368534533,743.7441207999,674.518214386866,True
XLV,2026-05-26T00:00:00.000Z,147.8633545107,0.03520144988166396,748.6815348308,675.1349317637811,True
XLV,2026-05-27T00:00:00.000Z,148.1421353286,0.03441323693017706,748.5518653714,675.7266202743549,True
XLV,2026-05-28T00:00:00.000Z,150.2230350049,0.0562867544105321,752.6813389245,676.3451872792655,True
XLV,2026-05-29T00:00:00.000Z,148.8191744577,0.02383724912660612,754.5565587988,676.9396504415749,True
XLV,2026-06-01T00:00:00.000Z,147.1962718394,0.018462386332320335,756.6113210015,677.5335076700917,True
XLV,2026-06-02T00:00:00.000Z,145.7625419188,0.011538727284703176,757.6387021029,678.132205083802,True
XLV,2026-06-03T00:00:00.000Z,146.9075345637,0.015485203028203998,752.3222542677,678.7117877195444,True
XLV,2026-06-04T00:00:00.000Z,151.4178099386,0.04594222833537809,755.1650078006,679.3062764703485,True
XLV,2026-06-05T00:00:00.000Z,152.3437605123,0.057283029297721555,735.674690596,679.8205728666636,True
XLV,2026-06-08T00:00:00.000Z,151.9853280322,0.06383720119861414,737.3404444205,680.3516051076331,True
XLV,2026-06-09T00:00:00.000Z,153.8969679262,0.0806068232663173,735.175961906,680.884475002714,True
XLV,2026-06-10T00:00:00.000Z,152.1844571878,0.047994514912301334,723.5855071508,681.3111261197865,True
XLV,2026-06-11T00:00:00.000Z,153.4190579527,0.050303319473572916,735.8841566458,681.8133152458115,True
XLV,2026-06-12T00:00:00.000Z,153.1402771348,0.04896678715131486,739.8640115919,682.322100685872,True
XLV,2026-06-15T00:00:00.000Z,152.2242830189,0.05368711233585666,752.9107541219,682.8888501909162,True
XLV,2026-06-16T00:00:00.000Z,152.2740653078,0.049547076585037875,748.422195912,683.421832079635,True
XLV,2026-06-17T00:00:00.000Z,150.0537752226,0.023011132229336706,739.0760202617,683.9272215502846,True
XLV,2026-06-18T00:00:00.000Z,148.7494792532,0.015428532589783606,746.74,684.494569637887,True
XLV,2026-06-22T00:00:00.000Z,150.06,0.017321984474998997,744.39,685.0330074007265,True
XLV,2026-06-23T00:00:00.000Z,152.18,0.019717948627423265,733.58,685.4907892421755,True
XLV,2026-06-24T00:00:00.000Z,153.35,0.03710618839573909,733.24,685.9561683200955,True
XLV,2026-06-25T00:00:00.000Z,155.63,0.05054513798380755,734.3,686.4189843097236,True
XLV,2026-06-26T00:00:00.000Z,160.34,0.06734629609080933,728.99,686.847832291529,True
XLV,2026-06-29T00:00:00.000Z,160.74,0.08010275279203594,741.0,687.3274330368636,True
XLV,2026-06-30T00:00:00.000Z,158.66,0.07788056054237313,746.77,687.8090800472654,True
XLV,2026-07-01T00:00:00.000Z,159.54,0.09451988075835693,745.76,688.286765032148,True
XLV,2026-07-02T00:00:00.000Z,163.74,0.11457863945706159,744.78,688.742241332111,True
XLV,2026-07-06T00:00:00.000Z,161.96,0.06962318412658908,751.28,689.2347178901535,True
XLV,2026-07-07T00:00:00.000Z,164.44,0.07940095115824164,747.71,689.7133996258054,True
XLV,2026-07-08T00:00:00.000Z,162.3,0.06786623486192522,745.4,690.1652997187285,True
XLV,2026-07-09T00:00:00.000Z,162.17,0.053756953013962105,751.71,690.632573045491,True
XLV,2026-07-10T00:00:00.000Z,160.84,0.056875340439784816,754.95,691.10047516726,True
XLV,2026-07-13T00:00:00.000Z,161.41,0.0520857196878608,749.17,691.5574783954385,True
XLV,2026-07-14T00:00:00.000Z,158.29,0.033627488218968216,751.83,692.038245076654,True
XLV,2026-07-15T00:00:00.000Z,158.29,0.03984723633316034,754.81,692.549036654439,True
XLV,2026-07-16T00:00:00.000Z,161.8,0.06255782738146998,750.72,693.0206828682675,True
XLV,2026-07-17T00:00:00.000Z,161.09,0.07354846461562281,743.29,693.4459553746794,True
XLV,2026-07-20T00:00:00.000Z,159.25,0.0705919832426849,742.09,693.8528304248865,True
XLV,2026-07-21T00:00:00.000Z,160.25,0.06790617086498729,748.28,694.27939858486,True
XLV,2026-07-22T00:00:00.000Z,159.43,0.04764095150479686,747.41,694.6977983283225,True
XLV,2026-07-23T00:00:00.000Z,161.44,0.05275513531137932,738.18,695.0700976616095,True
XLV,2026-07-24T00:00:00.000Z,162.57,0.04459294480498621,738.93,695.4342454369402,True
XLV,2026-07-27T00:00:00.000Z,163.4,0.019084445553199547,739.09,695.8115410786505,True
XLV,2026-07-28T00:00:00.000Z,167.26,0.04056239890506386,740.86,696.1779003802579,True
XLV,2026-07-29T00:00:00.000Z,166.24,0.04777511660153788,729.46,696.4969296977056,True
XLV,2026-07-30T00:00:00.000Z,163.52,0.02494672182524771,741.69,696.9670649573744,True
XLV,2026-07-31T00:00:00.000Z,162.55,-0.007267619396604363,747.03,697.4142112125749,True
XLV,2026-08-03T00:00:00.000Z,162.24,0.0017288219313411624,757.67,697.918574243586,True
XLV,2026-08-04T00:00:00.000Z,162.1,-0.014230114327414278,771.33,698.4766578661,True
XLV,2026-08-05T00:00:00.000Z,164.16,0.01146025878003698,769.79,699.049505679257,True
XLV,2026-08-06T00:00:00.000Z,164.45,0.014059320466177416,768.56,699.597607308107,True
XLV,2026-08-07T00:00:00.000Z,165.68,0.030092016911216213,773.26,700.134942368007,True
XLV,2026-08-10T00:00:00.000Z,168.44,0.04355368316708996,773.03,700.6711770177316,True
XLV,2026-08-11T00:00:00.000Z,168.01,0.061406279613367865,770.56,701.212368516318,True
XLV,2026-08-12T00:00:00.000Z,168.44,0.0641228125592268,772.49,701.743572444276,True
XLV,2026-08-13T00:00:00.000Z,168.38,0.04066749072929543,777.88,702.2745015584085,True
XLV,2026-08-14T00:00:00.000Z,167.37,0.03898441864796087,776.34,702.7581084025104,True
XLV,2026-08-17T00:00:00.000Z,167.05,0.04897959183673484,772.67,703.2143398984955,True
XLV,2026-08-18T00:00:00.000Z,169.73,0.05915756630265201,767.45,703.6428349302616,True
XLV,2026-08-19T00:00:00.000Z,175.68,0.10192560998557365,769.06,704.116869869591,True
XLV,2026-08-20T00:00:00.000Z,172.39,0.06782705649157572,762.6,704.5475462779854,True
